VERTEX_POSE A0 -0.527584 0.106556 -0.702696 -0.383898 0.787182 0.540526 0.533931 0.156174 0.505916 0.192426 0.204285 -0.175156 -0.410999 0.664669 -0.462420 0.428919 -0.407799 0.455377 -0.570086 -0.570782
VERTEX_POSE A1 0.979834 0.223746 -0.922774 0.675267 0.588885 0.493297 -0.421486 -0.218953 0.173297 0.222047 0.567222 0.247960 0.001265 0.737065 0.537877 -0.505497 0.014164 0.613050 0.719386 -0.294707
VERTEX_POSE A2 0.635279 -0.096608 -0.004180 -0.276191 -0.447233 0.145804 0.339296 -0.499827 -0.847672 -0.225812 0.131148 0.453936 -0.368982 0.630065 0.125238 -0.821640 -0.555637 -0.196090 -0.150491 0.165101
VERTEX_POSE A3 0.493481 -0.545150 0.440317 -0.636884 -0.419124 0.767040 -0.466454 -0.234009 -0.522206 -0.527337 -0.328748 0.295141 0.432553 -0.531971 0.153486 -0.523245 0.359784 0.168180 0.208445 0.651711
VERTEX_POSE A4 0.986809 -0.960751 -0.960217 0.688372 -0.647510 0.101925 -0.376135 -0.254903 -0.697437 0.606099 -0.160562 0.551461 0.559352 -0.562890 -0.012108 0.238283 0.568750 0.446023 0.348587 0.518577
VERTEX_POSE A5 -0.251332 -0.508227 0.150573 0.586896 -0.635963 0.612049 0.584685 -0.334954 0.658006 -0.074761 0.647501 0.210993 -0.440875 -0.481043 0.337031 -0.308734 -0.452980 -0.185245 0.602384 -0.178756
VERTEX_POSE A6 0.073092 -0.767207 -0.074402 0.985642 -0.628082 -0.250841 0.217574 0.504395 0.339294 -0.509322 0.678954 -0.670326 0.316842 0.387927 -0.216439 -0.001373 -0.335709 0.570767 0.769975 0.146356
VERTEX_POSE A7 0.600558 0.305082 0.380402 0.250964 -0.748892 0.235365 0.025576 0.645718 0.015046 0.167864 -0.341516 0.507413 -0.260984 -0.629286 0.636645 -0.486051 0.265271 0.530653 0.816584 0.006753
VERTEX_POSE A8 0.406141 -0.238198 -0.931548 0.807310 0.879121 -0.138354 0.333827 0.458111 -0.246951 0.461493 -0.524547 -0.675244 -0.515051 0.345654 0.567744 0.089847 0.524527 -0.376278 0.634219 0.346957
VERTEX_POSE A9 0.479925 -0.504618 0.099471 -0.271032 0.674384 -0.232424 -0.091606 0.360198 0.030609 0.677374 -0.596234 0.667279 0.408157 0.284544 -0.436741 -0.047989 -0.431790 0.555913 -0.603222 -0.497347
VERTEX_POSE A10 0.767875 0.477019 -0.882517 0.382079 0.383778 0.225257 -0.167026 -0.033237 -0.008016 0.076701 -0.565218 0.405071 -0.713653 0.404344 0.616650 -0.149422 -0.625379 0.636282 0.659236 0.353314
VERTEX_POSE A11 0.979669 -0.933077 0.976603 0.614477 -0.850903 -0.542180 -0.218865 0.247312 -0.505759 -0.157411 0.245144 0.043954 0.829928 -0.071461 -0.365763 -0.093276 -0.924557 -0.560833 0.479415 0.137218
VERTEX_POSE A12 0.361430 -0.146203 -0.483583 0.999620 0.586094 0.047376 -0.544550 0.293270 0.803662 0.102210 0.487125 -0.176700 -0.115548 -0.232678 0.481152 -0.543967 -0.654494 -0.298585 -0.619489 0.440682
VERTEX_POSE A13 0.130135 0.501346 -0.431059 -0.898038 0.837844 0.404412 0.571644 -0.688401 0.257026 0.025883 0.407505 -0.138619 -0.697683 -0.557971 -0.317854 -0.036900 -0.218159 -0.806314 0.429453 -0.033448
VERTEX_POSE A14 -0.984576 -0.355443 0.782790 -0.940555 -0.398867 -0.425431 -0.018607 -0.221026 0.646933 0.373659 0.132282 0.077496 -0.677586 -0.473665 -0.305935 0.633144 -0.597353 0.548529 -0.006267 -0.593683
VERTEX_POSE A15 -0.831195 -0.705849 -0.430039 0.337607 -0.806765 -0.366198 -0.302812 -0.501421 0.083131 -0.685226 -0.443868 0.255324 0.408214 -0.374267 0.878068 -0.091820 -0.164855 -0.150976 0.513518 -0.619924
VERTEX_POSE A16 0.992579 -0.616879 0.564190 0.134795 -0.813357 0.029733 0.234281 -0.524885 0.215209 -0.739734 -0.024535 0.059735 0.442326 -0.467966 0.746873 0.375618 0.493576 -0.625631 0.247317 0.511161
VERTEX_POSE A17 -0.384796 0.291481 0.315085 -0.625365 0.618788 -0.011281 -0.324651 0.194260 -0.169967 -0.211584 -0.625459 0.467075 0.748096 -0.328947 -0.515206 0.506475 0.511587 0.698131 -0.183493 0.448482
VERTEX_POSE A18 0.873981 -0.483567 0.948481 0.471436 -0.775385 -0.388949 0.470383 -0.105141 0.628838 0.399689 0.474030 -0.250961 0.735403 0.135336 0.623244 0.199951 -0.536341 0.043213 -0.195424 0.676951
VERTEX_POSE A19 0.170346 -0.577904 -0.944688 0.056799 0.387033 -0.307383 -0.395592 0.605572 0.784033 -0.197299 0.147242 -0.477863 0.243423 -0.249525 0.064178 0.755447 0.641408 -0.241528 -0.417881 0.371396
VERTEX_POSE A20 0.183962 0.450746 -0.216088 -0.905803 0.601513 0.552966 0.204676 -0.190465 -0.305267 0.287046 -0.892789 0.636452 -0.355804 -0.356805 0.437956 0.556399 0.154949 0.064526 -0.662975 -0.123819
VERTEX_POSE A21 0.714688 -0.343891 -0.637800 0.428443 0.148183 -0.217922 0.361815 0.244641 0.198727 -0.692347 0.476080 0.387918 0.402838 -0.324586 0.412573 -0.383382 -0.636199 -0.769623 -0.283698 -0.450992
VERTEX_POSE A22 0.575565 0.728702 -0.974339 -0.240986 -0.322048 -0.618139 -0.267100 0.227119 -0.553545 0.437282 -0.683904 -0.512127 -0.453902 0.222823 0.215081 -0.728642 -0.626490 -0.054391 -0.022284 -0.196346
VERTEX_POSE A23 -0.187477 0.672396 -0.555828 -0.352332 -0.057503 0.260020 -0.822718 0.222520 0.525734 0.147416 -0.071800 -0.038213 0.440277 0.784117 -0.734556 -0.284185 0.229818 -0.339058 0.163701 -0.526947
VERTEX_POSE A24 0.522706 -0.858346 0.820391 -0.865077 0.013854 0.246770 -0.831592 -0.179286 -0.243658 0.288967 -0.871109 0.729346 0.017290 -0.390757 -0.396836 -0.418822 -0.229887 0.436246 0.221908 0.059049
VERTEX_POSE A25 -0.281985 -0.836865 -0.117927 -0.001842 -0.618342 -0.706752 0.038260 0.309133 -0.478465 -0.628185 -0.386792 0.438096 -0.486367 0.499933 -0.175063 -0.311856 0.618958 0.221354 -0.519724 -0.348978
VERTEX_POSE A26 0.764446 -0.659647 -0.995955 -0.717293 -0.887104 -0.647407 -0.688761 -0.319969 0.074415 0.211753 -0.464915 -0.658389 0.366009 0.591395 0.221057 -0.391535 0.352650 0.304933 -0.439895 0.455372
VERTEX_POSE A27 0.853908 0.398771 -0.435904 -0.130205 -0.123359 -0.133305 0.681540 0.609616 0.649353 -0.364014 0.141474 -0.679798 -0.447376 0.124563 -0.281355 -0.262686 0.112660 0.138870 -0.365851 0.761672
VERTEX_POSE A28 -0.083752 -0.063764 0.145859 0.537474 -0.501497 -0.705637 -0.480969 -0.463767 -0.592971 0.433924 0.475736 -0.043295 0.483795 -0.069374 -0.216671 0.557866 -0.536521 0.318812 0.187366 -0.515682
VERTEX_POSE A29 0.962584 -0.314399 -0.348966 0.640591 0.882680 -0.061819 0.210523 -0.132463 0.689299 0.408220 0.567455 0.708896 -0.377752 -0.476921 0.133068 0.163422 -0.540336 -0.028368 0.787168 -0.375543
VERTEX_POSE A30 0.873671 0.716853 -0.702063 -0.794545 0.785601 -0.277537 0.123600 -0.551837 -0.292779 -0.356590 0.539327 -0.188439 -0.800240 -0.012193 -0.220786 -0.322338 -0.616999 -0.867754 0.336573 0.154161
VERTEX_POSE A31 0.388664 -0.957209 0.443163 -0.846424 -0.714315 0.270560 0.438627 -0.698857 0.247535 0.317751 0.538634 0.253934 0.471751 -0.169475 0.413120 -0.694732 -0.326010 0.793960 -0.037930 0.294056
VERTEX_POSE A32 0.942418 0.909347 -0.271740 0.315858 0.471564 -0.009334 0.450571 -0.226060 -0.463581 0.257062 0.483209 0.644953 -0.472200 0.157551 0.383074 0.528277 -0.501532 -0.471482 -0.478389 -0.662608
VERTEX_POSE A33 0.508950 -0.379754 0.293756 -0.070736 -0.661631 -0.513897 0.143429 0.111539 -0.526291 -0.273655 -0.786135 0.605403 0.102533 -0.517723 0.251722 -0.831158 0.042993 -0.170443 -0.450781 0.315698
VERTEX_POSE A34 -0.117855 -0.502358 -0.116520 -0.483308 -0.133439 0.732415 -0.160853 0.010206 0.338716 -0.586184 0.192412 0.368079 -0.033809 0.162000 -0.061648 -0.442087 -0.877966 0.457774 0.658734 -0.407191
VERTEX_POSE A35 0.929228 0.948596 -0.231957 0.004230 0.824055 -0.572213 -0.396286 0.023711 0.021253 -0.251204 0.912432 0.402960 -0.149296 0.248671 0.259103 -0.865228 -0.322374 -0.665289 -0.094578 0.033821
VERTEX_POSE A36 -0.742382 0.112019 -0.555671 -0.483840 -0.297594 0.496418 0.269489 0.619063 -0.679368 0.599567 0.230928 0.404196 0.009694 -0.052816 0.214307 0.407307 0.311506 -0.287623 -0.633958 0.680887
VERTEX_POSE A37 0.955237 -0.269565 0.809078 -0.497666 0.238480 -0.519749 -0.464278 -0.089167 -0.700272 0.610058 0.244206 0.090724 0.226233 0.580163 0.061748 -0.444540 0.770188 -0.476904 -0.404323 -0.051318
VERTEX_POSE A38 0.529785 0.253678 -0.851555 -0.744806 -0.924837 0.543666 -0.702879 -0.067441 0.423671 0.559331 0.195668 -0.628019 -0.326406 0.479487 0.214490 0.097377 0.804353 -0.290718 0.277646 -0.283326
VERTEX_POSE A39 0.663760 0.873820 -0.487219 -0.676529 -0.418474 -0.782722 -0.106105 0.069641 0.225229 0.382717 -0.428522 0.259213 0.642492 0.281052 -0.499595 0.594238 -0.373537 0.140826 -0.276324 -0.770064
VERTEX_POSE A40 0.435162 0.225816 -0.091451 0.231302 -0.087136 0.256375 0.323820 -0.708529 -0.106537 0.784668 0.540737 0.419791 -0.331010 0.395779 0.040142 -0.371293 0.208136 -0.863184 -0.178915 -0.075022
VERTEX_POSE A41 0.297660 -0.269303 -0.734071 0.637272 0.458941 0.503659 0.088490 0.486529 -0.464563 0.199595 -0.291856 -0.494275 0.519192 0.097822 0.393962 0.824446 -0.097635 0.361933 -0.055317 -0.811793
VERTEX_POSE A42 0.643429 0.940743 -0.510616 0.937948 -0.269377 0.478272 -0.648713 0.277820 0.608957 0.320274 -0.681147 -0.071101 0.568365 0.288368 0.554442 0.074963 0.244862 -0.296591 -0.384627 -0.561909
VERTEX_POSE A43 -0.203408 -0.920387 0.424966 0.230922 -0.501042 -0.248174 -0.398725 -0.265454 0.077417 -0.721335 0.157416 -0.670055 -0.140351 -0.564939 -0.553972 -0.152218 0.760636 -0.420187 0.527092 0.083855
VERTEX_POSE A44 -0.572205 -0.767957 -0.165130 0.739234 0.296785 0.333977 -0.560586 0.450253 0.362986 0.671646 0.543211 -0.179078 -0.444755 0.247505 -0.512145 0.180891 -0.233318 0.679956 -0.064091 -0.621690
VERTEX_POSE A45 0.658853 -0.414699 -0.727826 0.997393 0.331756 0.034908 -0.290288 -0.486321 0.101974 0.269073 -0.267444 -0.287981 -0.669917 0.548987 -0.711317 -0.225402 -0.549308 -0.632042 0.586291 0.298058
VERTEX_POSE A46 -0.034603 -0.626236 0.994927 -0.431471 -0.307808 0.806673 -0.306265 0.269169 0.408472 -0.229689 -0.687466 0.413554 0.750209 0.289193 0.106709 0.303792 -0.535022 -0.004026 0.445356 -0.291645
VERTEX_POSE A47 -0.579626 -0.384836 -0.600940 -0.125970 0.483428 -0.112395 -0.535396 0.678986 -0.276215 0.494789 0.405487 -0.243301 0.114188 -0.516095 -0.679597 -0.533410 -0.267830 0.624520 -0.413485 -0.190974
VERTEX_POSE A48 -0.725943 0.876782 0.587260 -0.627972 -0.049456 -0.354311 -0.164319 -0.454445 0.061690 0.772946 0.394947 -0.653177 0.474269 -0.188954 -0.631733 -0.214119 0.241447 -0.211970 -0.323692 0.737222
VERTEX_POSE A49 -0.160622 -0.109803 0.943408 -0.960035 -0.083192 0.624749 0.060087 0.189956 -0.093192 -0.146150 -0.005733 0.337394 -0.677215 -0.647437 -0.657397 -0.013430 -0.377244 0.234519 0.718491 -0.634347
VERTEX_POSE A50 0.590720 0.037260 -0.545627 0.930828 -0.129539 -0.005305 -0.320020 -0.097546 0.685697 0.160390 -0.125334 -0.034901 0.228112 -0.954378 -0.462678 0.780489 0.141429 0.560806 0.458981 0.209611
VERTEX_POSE A51 0.458019 0.327528 -0.628828 -0.533775 -0.447943 -0.138686 -0.722210 -0.592516 0.233690 0.532523 -0.537624 -0.313863 0.419883 -0.446096 -0.860394 0.067215 -0.025305 -0.295580 0.118373 0.400304
VERTEX_POSE A52 -0.445934 0.546307 -0.694392 0.468408 -0.935010 0.006311 -0.676687 -0.350051 0.164442 0.485357 0.282614 0.609983 -0.429579 0.246334 0.648548 0.062638 0.239642 0.424529 0.343603 -0.824309
VERTEX_POSE A53 0.166285 -0.234038 -0.519967 -0.310157 0.548413 -0.694360 0.106896 0.177948 0.651016 -0.278220 0.361999 0.030503 -0.080024 -0.195588 0.283858 0.625521 -0.625718 0.111964 0.716580 0.638368
VERTEX_POSE A54 -0.729458 -0.000076 -0.184656 0.113893 0.494555 -0.243400 -0.284495 0.855072 0.026314 -0.310278 0.221683 0.526930 0.525309 0.212500 0.011208 0.606183 0.404277 -0.813808 0.423536 -0.105415
VERTEX_POSE A55 -0.923228 0.687960 -0.874001 0.603331 0.078844 -0.187272 0.385150 -0.193068 0.127990 0.478212 -0.223728 -0.269402 0.641766 0.658967 0.647820 -0.163853 0.607425 -0.675499 -0.429256 0.330861
VERTEX_POSE A56 0.884300 -0.070903 0.362106 0.688000 0.930070 0.244435 0.904595 -0.148594 0.597775 -0.052784 0.766452 -0.181865 0.381325 0.300354 -0.494773 0.044832 0.505129 -0.552305 0.177494 0.212376
VERTEX_POSE A57 -0.965013 0.340277 -0.180611 0.396600 0.607451 -0.181926 -0.380763 0.659754 0.679921 0.508215 0.318527 0.199018 -0.620147 -0.273395 -0.513341 0.434841 -0.361761 -0.448870 0.151881 0.507592
VERTEX_POSE A58 0.930680 0.086731 -0.309905 -0.526874 0.955485 -0.149931 -0.224440 -0.347217 0.858217 0.405219 -0.102635 0.165205 -0.520828 0.662209 -0.460998 0.613103 0.111140 0.034245 -0.371843 -0.646555
VERTEX_POSE A59 -0.199452 0.865332 -0.492035 0.225475 -0.571427 -0.290787 -0.196076 0.422858 0.549152 -0.489299 -0.570507 0.735518 0.530783 0.375161 0.213137 -0.493791 0.439103 -0.165712 0.443374 -0.402685
VERTEX_POSE A60 0.997571 -0.974122 0.470423 0.037191 0.490130 0.504105 0.369839 -0.439672 -0.271134 0.796373 0.493329 0.580141 -0.005199 0.106284 0.579179 0.040665 0.524228 0.018771 0.476790 -0.526501
VERTEX_POSE A61 0.804351 -0.196416 -0.011968 -0.321419 0.741087 -0.041207 -0.635686 -0.551465 0.303535 -0.273155 0.737739 -0.558454 0.465174 -0.069993 -0.078373 0.325609 0.133835 -0.766913 -0.445962 0.358910
VERTEX_POSE A62 -0.810788 0.908124 0.951128 0.379050 -0.285742 0.038563 -0.113370 -0.180339 0.592465 -0.673480 0.385258 -0.222381 0.367763 0.691078 0.270763 0.155266 -0.571814 0.724384 0.611731 0.120394
VERTEX_POSE A63 0.939989 0.935225 -0.801317 -0.646952 -0.038305 0.485989 -0.406430 0.718955 -0.205712 0.723962 0.333497 -0.591173 -0.543292 -0.069143 0.218714 -0.094849 -0.467535 0.569365 0.080816 -0.385375
VERTEX_POSE A64 0.313301 0.423830 -0.718212 0.607845 -0.920544 -0.146413 -0.742150 -0.525005 -0.528314 0.050676 -0.395190 -0.350770 0.517899 -0.452241 0.404449 0.409746 -0.435039 0.642518 -0.102637 -0.417628
VERTEX_POSE A65 0.071357 -0.594235 -0.165393 0.895742 0.580819 -0.256136 0.198270 -0.543912 0.600429 -0.388106 -0.584560 -0.668549 -0.644567 -0.266277 0.109631 0.323337 -0.476757 -0.338973 0.538563 -0.253472
VERTEX_POSE A66 0.869217 0.883821 -0.033275 0.357278 -0.214251 0.014309 -0.495493 0.408234 -0.506853 0.521609 0.262570 0.650810 -0.084636 0.438531 0.039408 0.415314 0.681455 0.563727 0.550238 -0.328194
VERTEX_POSE A67 0.570919 -0.464152 -0.273883 -0.875995 -0.218139 0.617751 0.069801 -0.454499 0.652271 0.460591 0.135406 0.297925 -0.498825 0.442636 -0.069143 0.531366 0.680196 0.315257 -0.501804 0.341324
VERTEX_POSE A68 0.026594 0.136200 -0.356315 -0.601924 -0.180701 0.624896 0.512820 0.047816 0.196098 0.275080 -0.513352 -0.641508 0.515302 0.370542 0.094236 0.576104 0.198741 0.388121 -0.252812 0.746582
VERTEX_POSE A69 0.399002 0.137499 0.115170 0.612472 -0.139088 -0.140124 -0.708206 0.676504 -0.059287 -0.125893 -0.317111 0.319548 0.341117 0.461877 -0.841769 0.451429 0.274528 0.407632 0.403048 0.391263
VERTEX_POSE A70 0.234679 -0.590331 0.238898 -0.552524 0.363388 -0.384704 -0.539887 -0.052963 -0.014046 0.014439 -0.783937 0.089098 0.775445 0.063306 0.606786 -0.102890 -0.487616 0.689694 -0.310503 0.375314
VERTEX_POSE A71 -0.538243 -0.637983 0.552234 0.629378 0.732162 -0.343239 0.226110 0.281285 -0.166812 -0.290268 -0.023058 -0.414820 -0.711632 -0.446921 0.493228 -0.596957 0.607951 -0.662579 -0.042902 0.592457
VERTEX_POSE A72 -0.303338 0.868197 0.381099 0.249745 -0.680147 0.247682 -0.405213 -0.701593 -0.768709 -0.618303 0.141960 0.403897 -0.377465 0.548837 -0.270980 0.487332 0.226397 0.333433 -0.271169 0.367609
VERTEX_POSE A73 -0.121893 -0.649588 0.728282 -0.614576 -0.905989 0.535400 -0.509726 0.254901 0.551916 0.320803 0.087257 -0.334591 -0.608005 0.493601 0.296268 0.293841 0.673841 0.457177 -0.425738 -0.479279
VERTEX_POSE A74 0.258349 -0.558370 -0.022801 -0.139700 -0.768880 0.585170 -0.076142 0.478234 0.466767 -0.043302 -0.731587 0.236545 0.352068 0.450311 0.481453 -0.609312 0.049062 -0.389813 -0.705063 0.175745
VERTEX_POSE A75 0.124458 -0.899760 -0.784031 -0.011021 0.616637 -0.563776 0.350610 -0.143049 0.505377 -0.012677 -0.662824 0.489213 0.335741 0.683645 0.431134 0.170536 -0.202136 0.039306 -0.857384 0.178804
VERTEX_POSE A76 -0.463040 -0.064287 -0.999544 -0.617183 0.425767 -0.478436 -0.685949 -0.390694 -0.385789 0.346260 0.518896 0.449882 0.084849 -0.192053 -0.151155 -0.424591 0.663691 0.630099 -0.471276 0.317385
VERTEX_POSE A77 -0.776254 -0.184606 -0.027874 0.428829 -0.076687 -0.323359 -0.441116 -0.603317 0.639602 -0.415598 0.409327 0.373512 -0.330419 -0.238597 -0.545596 -0.165751 0.633805 0.221723 0.704305 -0.099105
VERTEX_POSE A78 0.544832 -0.284596 -0.384971 0.863008 0.100065 -0.427308 0.760780 -0.456983 -0.321213 -0.220678 -0.382666 0.171139 -0.246640 -0.469463 0.632742 0.549872 0.157093 0.533460 -0.096566 -0.632186
VERTEX_POSE A79 -0.188983 -0.187505 0.587716 -0.245156 -0.623689 0.889430 -0.067146 -0.157688 -0.149334 0.407887 -0.115050 -0.399747 -0.397221 -0.577625 0.095801 -0.773380 -0.027465 0.132806 0.270590 -0.792144
VERTEX_POSE A80 0.063124 0.705591 -0.084466 0.468794 0.840120 0.964124 -0.033394 0.218388 0.096534 -0.349112 -0.544190 -0.145352 0.503599 0.533213 -0.163789 -0.784063 0.592552 -0.114854 -0.092947 -0.143978
VERTEX_POSE A81 0.135552 0.752664 0.069402 0.793837 0.970526 -0.260676 0.262392 -0.338294 0.466523 0.242740 -0.136829 0.425853 -0.625060 0.435504 0.311389 0.693876 0.574883 -0.660371 -0.007986 0.588796
VERTEX_POSE A82 -0.730964 -0.859977 0.958888 0.221069 -0.071632 0.581980 -0.424229 -0.116659 -0.320225 0.495705 -0.092273 0.543690 0.342581 -0.626283 0.206739 -0.306779 0.481213 -0.469483 -0.602355 -0.595046
VERTEX_POSE A83 0.617190 0.251898 0.221141 -0.062798 0.905111 -0.688124 -0.540145 0.123798 0.378719 0.131961 0.731680 0.474299 -0.276447 -0.379493 -0.155590 0.546970 -0.496004 0.365909 -0.561454 -0.243484
VERTEX_POSE A84 -0.698163 -0.481374 0.549435 -0.516320 0.518939 0.443265 -0.598240 0.508866 -0.353340 -0.323116 0.431760 0.051493 0.628368 0.732409 -0.474051 0.202220 0.084991 -0.671782 -0.319322 0.104839
VERTEX_POSE A85 -0.460423 0.139946 -0.225768 -0.665038 -0.577077 0.581030 -0.584574 0.276968 -0.332981 -0.443565 -0.511987 -0.027515 0.617413 0.061300 0.529424 0.178066 -0.792242 0.520078 0.220490 0.172493
VERTEX_POSE A86 0.693963 -0.060142 0.347140 -0.459467 -0.016046 -0.662898 0.224108 0.155193 -0.354565 -0.559802 0.507182 -0.354902 0.681371 -0.100852 -0.473276 -0.414620 -0.753137 -0.291383 0.014878 0.375892
VERTEX_POSE A87 -0.813863 0.447723 -0.088459 -0.828320 0.449009 0.517879 0.337600 -0.153470 -0.294936 -0.744896 -0.240628 0.017696 -0.272905 0.776865 -0.386887 0.361037 0.494907 0.703434 -0.355431 0.264751
VERTEX_POSE A88 -0.425435 -0.519776 0.593620 0.731562 -0.969627 0.349448 -0.774882 -0.305661 0.581833 0.131717 0.664936 0.395538 0.264929 -0.617420 -0.590270 0.024196 -0.029540 0.185707 0.558064 -0.286970
VERTEX_POSE A89 0.624643 -0.973411 -0.962764 0.013659 -0.060560 0.427749 0.662273 0.172390 -0.783604 0.297557 0.539172 -0.356197 -0.286556 -0.473745 0.177610 -0.580112 0.551322 0.211125 -0.232830 0.388824
VERTEX_POSE A90 -0.013315 0.313055 0.419505 0.397155 0.877582 -0.265299 0.283584 -0.296883 0.060527 -0.247700 0.267764 -0.526828 -0.303115 -0.700949 -0.675306 0.546844 0.413679 0.438597 0.683599 -0.421548
VERTEX_POSE A91 -0.427864 -0.493898 0.064043 -0.231247 0.520504 0.398152 -0.444309 0.745502 0.113435 -0.631552 -0.303115 0.540108 -0.142807 -0.586499 0.494621 -0.017972 0.010540 -0.540593 -0.618882 -0.090864
VERTEX_POSE A92 0.428994 -0.169827 0.025267 0.692240 -0.319473 -0.286811 -0.585197 -0.450886 -0.262649 -0.272633 -0.364203 0.323742 -0.239592 0.494775 0.464192 -0.691341 0.154870 -0.726961 -0.218765 0.628707
VERTEX_POSE A93 0.175897 0.221179 0.370633 -0.223795 -0.408160 0.349684 -0.559796 -0.493655 0.275596 -0.589592 0.293092 -0.653578 -0.312311 -0.560960 0.272361 -0.265834 0.151835 -0.548108 -0.413284 0.576777
VERTEX_POSE A94 -0.487875 -0.558673 0.262725 0.121801 -0.517802 0.612673 -0.416551 -0.099665 -0.265649 -0.519478 -0.787397 -0.049316 0.473998 -0.364575 0.741739 0.216980 -0.245542 0.038139 -0.533735 0.420556
VERTEX_POSE A95 -0.257705 -0.745998 0.307055 0.300085 -0.240018 0.493547 0.734894 0.429205 -0.453575 0.422532 -0.451961 -0.311267 -0.231424 0.669637 -0.311615 -0.110080 0.373271 -0.597236 0.464460 0.154173
VERTEX_POSE A96 -0.752746 0.626944 -0.794760 -0.328053 -0.827341 -0.330123 -0.458071 -0.163255 -0.096503 -0.510834 0.139858 0.792951 0.182963 0.069530 -0.385017 0.624775 -0.469289 0.323570 -0.324653 -0.853652
VERTEX_POSE A97 -0.618659 -0.674851 -0.770549 -0.520921 0.267947 -0.001839 0.651855 -0.590548 -0.683249 0.182571 -0.075241 -0.435623 -0.167347 0.435418 0.130966 -0.672812 -0.565063 -0.571181 -0.247128 -0.369739
VERTEX_POSE A98 -0.686786 -0.210149 -0.966828 0.424090 0.541843 -0.366917 0.427710 -0.383809 0.209468 0.169454 0.742212 0.510279 -0.586600 -0.108909 -0.533391 -0.651884 -0.074527 0.525933 0.138913 -0.533288
VERTEX_POSE A99 0.273849 -0.236855 -0.151075 0.070023 -0.008042 0.351135 0.606216 -0.478919 -0.025385 -0.142390 0.056068 0.539422 -0.431003 0.441430 0.175556 0.640088 0.710782 -0.744488 0.129427 0.259656
VERTEX_POSE A100 0.780343 0.462648 0.344621 -0.908449 -0.871141 -0.035262 -0.540659 0.751687 0.492834 0.564080 0.504175 -0.572531 -0.148356 0.042156 -0.611496 0.487655 0.387848 0.232707 -0.360118 0.169032
VERTEX_POSE A101 0.547892 0.199519 0.272070 0.871566 -0.094769 0.024366 0.850677 0.393867 0.475450 0.034822 0.501617 -0.488149 -0.237498 0.394051 0.451970 0.199360 -0.563969 0.575141 -0.423068 0.346283
VERTEX_POSE A102 0.735606 0.125161 -0.598841 -0.300599 -0.275879 0.135271 0.685572 0.385404 -0.559093 0.554949 -0.417469 -0.242523 -0.429672 -0.265200 -0.326224 0.055650 -0.392170 -0.709843 -0.185224 0.673093
VERTEX_POSE A103 -0.522994 0.330845 -0.274280 0.341296 -0.551288 0.673480 -0.361802 -0.578253 -0.231994 0.020301 -0.392338 -0.044556 -0.588365 -0.064216 -0.389929 -0.716161 0.241960 0.581871 -0.098117 0.670094
VERTEX_POSE A104 -0.574000 0.549931 0.000352 -0.743010 -0.000758 -0.619070 -0.345002 -0.396330 -0.665071 0.662997 0.326176 -0.139608 0.033566 -0.288896 0.346302 0.663423 -0.528779 0.187131 0.012294 0.611117
VERTEX_POSE A105 -0.006046 0.566791 0.378358 0.559701 -0.044759 0.189175 -0.257626 -0.687165 -0.381749 0.611430 -0.319376 0.421700 0.725371 0.177037 0.800360 -0.031600 -0.076499 -0.008593 -0.180611 0.623385
VERTEX_POSE A106 0.601464 0.431085 -0.058311 -0.669725 -0.934651 -0.005822 -0.035836 -0.336122 -0.475765 -0.189246 0.310326 -0.526543 0.817914 -0.224391 0.504142 0.174010 -0.572472 -0.492145 -0.513457 -0.642374
VERTEX_POSE A107 -0.037040 -0.514356 0.000809 -0.360194 -0.574992 0.313954 -0.461589 -0.218508 0.194530 0.193005 -0.615639 -0.481556 -0.658713 0.260070 0.573895 -0.533822 -0.124336 -0.549854 -0.175543 -0.700105
VERTEX_POSE A108 0.217700 -0.617815 -0.649516 -0.011469 0.878554 0.608691 -0.239244 -0.410701 0.069431 -0.838774 0.468309 0.536044 0.136361 0.498851 -0.559831 -0.326793 -0.075966 0.154662 -0.337390 -0.597819
VERTEX_POSE A109 0.146295 -0.853511 0.556718 -0.806717 0.165414 0.621804 -0.389926 -0.295164 0.185010 0.543617 0.626183 -0.044236 0.304271 -0.549992 0.484389 0.628470 -0.320844 0.585271 -0.254722 0.339618
VERTEX_POSE A110 0.773977 0.298138 -0.411475 0.394651 -0.198681 -0.750633 0.093731 -0.202259 0.450051 0.435914 0.450399 0.053315 0.457668 -0.173268 -0.053430 -0.663849 0.535721 -0.477816 0.388635 0.662731
VERTEX_POSE A111 -0.719176 -0.912224 0.266018 -0.542675 0.718674 0.326829 -0.283003 -0.735395 0.409595 0.347001 0.395754 0.404157 -0.610094 0.520235 -0.131670 0.543129 0.060855 0.738062 0.363725 -0.168001
VERTEX_POSE A112 -0.718153 0.899153 -0.373880 0.987120 0.135940 0.538723 0.401631 -0.269902 -0.067882 0.283475 -0.078431 0.774610 -0.407144 0.396023 -0.324104 -0.343036 0.536161 0.010264 0.689126 0.690433
VERTEX_POSE A113 -0.956987 0.438161 -0.452588 -0.384280 0.729688 0.771089 -0.233582 0.449537 0.004590 0.857054 0.046295 0.604730 0.243851 -0.668009 -0.043744 -0.384298 -0.567387 0.194394 0.061235 0.166156
VERTEX_POSE A114 0.898014 0.339674 -0.512841 0.394527 0.623784 0.484305 0.321749 -0.548536 0.675982 -0.631140 0.116682 -0.255048 -0.545481 0.200908 0.488134 0.316483 0.570878 0.071930 -0.316905 -0.565003
VERTEX_POSE A115 -0.416315 -0.582221 -0.824445 -0.529200 -0.345121 -0.622100 -0.125431 -0.755009 0.295690 -0.702058 -0.013587 0.023075 0.114234 0.110389 0.713360 0.289776 -0.637137 -0.127058 0.627983 0.107927
VERTEX_POSE A116 -0.417410 -0.421893 0.321644 -0.049318 -0.847390 0.125903 0.637653 0.440711 -0.827199 -0.280639 0.416776 -0.513730 0.424365 -0.457951 0.096424 0.000502 0.647820 -0.163321 0.578407 0.051790
VERTEX_POSE A117 0.591977 -0.720468 0.834300 0.935060 -0.392261 0.123121 0.414713 0.567307 0.616879 -0.470392 -0.054629 0.128240 0.713937 -0.075773 0.445007 -0.087764 0.645676 -0.624360 -0.298890 0.502533
VERTEX_POSE A118 -0.230178 0.865502 0.087095 -0.357520 -0.896112 0.580642 0.102888 -0.279964 0.488303 0.504533 0.577811 -0.236922 0.816737 -0.238000 0.595467 -0.146829 -0.413492 -0.117054 0.215041 -0.600113
VERTEX_POSE A119 0.157155 0.058331 -0.084736 -0.317756 -0.817016 -0.809506 -0.025399 -0.417889 -0.359399 0.732969 0.178616 -0.262062 0.059356 0.583993 -0.358772 -0.609548 0.504420 -0.134679 -0.295026 -0.444946
VERTEX_POSE A120 0.216620 -0.693879 0.871535 -0.051281 0.547179 -0.612093 -0.262541 0.519950 -0.504536 0.140111 -0.095529 0.116364 0.888066 0.210421 -0.196431 0.233505 0.537749 -0.564499 0.261257 -0.622154
VERTEX_POSE A121 0.756507 0.178557 -0.493399 -0.960366 0.981470 -0.294740 0.159112 -0.511718 -0.442557 -0.381017 0.706995 0.370340 0.463807 0.437381 -0.502730 0.767106 0.162790 0.572173 0.161062 0.143177
VERTEX_POSE A122 0.729290 0.564433 0.979307 0.450996 0.703488 0.577584 -0.370888 -0.572796 0.133736 0.724024 0.158881 -0.055719 0.237780 -0.493609 0.193852 -0.451054 0.597985 -0.779634 -0.279718 -0.213133
VERTEX_POSE A123 -0.354386 0.136293 -0.103197 -0.359041 -0.772295 0.312291 -0.568242 0.428007 0.810646 0.430114 0.316602 -0.239576 -0.045723 0.356069 0.167703 0.353701 -0.556045 -0.399757 0.604076 0.529719
VERTEX_POSE A124 -0.067596 -0.600264 0.877234 -0.184161 -0.426690 -0.055719 0.941146 -0.081755 0.615740 0.016928 0.311980 -0.253096 0.297522 0.381419 0.468122 0.080470 0.580592 0.578415 0.137702 -0.642975
VERTEX_POSE A125 -0.758585 -0.994239 0.242032 -0.427203 -0.814314 0.314584 -0.561870 -0.471879 -0.183055 -0.669712 0.695640 -0.876642 -0.009999 -0.163245 0.281547 -0.077988 0.243971 0.140561 0.479172 0.455241
VERTEX_POSE A126 0.387908 0.390295 -0.796142 0.941043 -0.012312 -0.148272 -0.272716 -0.895804 0.803304 -0.584194 0.071218 0.000466 -0.126839 -0.286141 0.424573 0.631175 -0.210570 -0.390455 -0.412156 0.257384
VERTEX_POSE A127 0.179658 -0.973320 -0.917526 0.487786 -0.254030 -0.110874 -0.677586 0.440800 0.565456 0.468573 0.366885 0.731011 -0.534573 -0.107245 0.325617 0.181577 0.159744 0.166024 -0.050776 -0.796286
VERTEX_POSE A128 -0.377244 -0.669091 0.471483 0.051877 0.453633 -0.463964 0.663592 -0.221897 -0.541840 -0.007392 -0.220186 -0.383098 -0.115175 -0.356243 0.522274 0.123996 -0.833052 0.267605 0.728664 0.285298
VERTEX_POSE A129 0.701122 -0.819854 -0.762969 0.365133 -0.470469 -0.133583 -0.690785 0.301101 -0.814948 0.328054 -0.334883 0.166358 0.471471 0.447706 0.514307 0.290765 -0.388629 0.160713 -0.329191 -0.667622
VERTEX_POSE A130 -0.546493 -0.210175 -0.068600 -0.442191 0.737928 0.762929 -0.381570 -0.427557 0.394898 0.558640 0.540797 -0.157712 -0.532611 0.340243 0.057966 -0.507510 0.577495 0.483489 0.032936 0.274715
VERTEX_POSE A131 -0.596900 0.793557 -0.183896 0.143428 0.582493 0.411457 0.399597 0.666735 -0.245513 0.593489 -0.201410 -0.232680 0.477896 0.342574 -0.020495 -0.500261 0.567510 0.846089 0.097196 -0.274724
VERTEX_POSE A132 0.249014 0.379665 0.509101 0.236699 0.434762 0.631740 -0.537824 -0.330692 -0.407851 0.058299 -0.549599 -0.582404 -0.543141 -0.300522 0.130560 0.629833 -0.572657 -0.279860 0.125122 0.412715
VERTEX_POSE A133 -0.810887 0.914986 0.332559 0.257210 -0.537952 -0.505467 0.699591 -0.145710 0.654806 0.182080 0.328384 -0.428501 -0.019536 0.423617 -0.269514 -0.259360 0.740308 0.243889 0.640133 0.378715
VERTEX_POSE A134 -0.119895 0.124402 0.541824 -0.515276 -0.968795 0.722020 0.060402 -0.443317 -0.132390 -0.460849 -0.332912 -0.609389 0.490535 -0.266172 0.255558 0.736055 -0.037057 -0.156510 -0.039608 -0.787667
VERTEX_POSE A135 0.675014 -0.070404 -0.490547 0.493689 -0.565996 -0.095412 0.592374 -0.267862 -0.639582 0.023238 -0.030531 0.636743 0.516160 0.117127 -0.198990 0.363227 -0.668466 0.369855 -0.500198 -0.683193
VERTEX_POSE A136 0.183067 0.481777 -0.289083 -0.183089 0.417289 -0.042110 0.253940 0.545660 -0.704276 -0.536487 0.397479 -0.384692 0.436837 -0.399751 -0.565050 0.133085 -0.416044 0.186957 -0.662690 -0.459752
VERTEX_POSE A137 -0.518431 -0.444513 -0.516487 -0.185001 -0.903446 0.393718 -0.349251 0.754275 -0.111977 0.533600 0.038556 0.090236 -0.053804 -0.455949 -0.855405 -0.456209 0.133403 -0.304280 0.618282 0.451550
VERTEX_POSE A138 -0.362026 0.415240 0.510261 -0.866505 -0.140988 0.220019 -0.606015 0.520405 -0.644537 0.032172 0.545708 0.512635 0.616872 0.588804 0.200378 0.244762 -0.290721 -0.482925 0.437345 0.013165
VERTEX_POSE A139 -0.599233 0.863962 0.061402 0.805442 0.295843 -0.015566 0.732981 0.621350 -0.188343 -0.143494 0.282966 -0.699910 0.232554 -0.020008 0.491150 -0.257911 0.560318 -0.482889 -0.567053 0.468507
VERTEX_POSE A140 0.627864 -0.298024 -0.959768 0.008282 0.261968 -0.156678 -0.015447 -0.691697 0.069821 -0.460669 0.278753 0.663850 0.673815 0.049152 0.497111 -0.342974 -0.608399 -0.531752 0.464637 -0.266996
VERTEX_POSE A141 -0.588049 -0.286622 -0.901214 0.528146 0.660331 0.635671 -0.656369 0.090568 -0.050830 -0.226361 0.088594 0.152936 -0.358171 -0.491071 0.498380 0.502257 -0.627732 0.567069 0.370663 0.590551
VERTEX_POSE A142 -0.318409 0.951739 -0.672580 -0.737233 0.014517 0.510394 -0.555147 0.164314 0.478208 0.038239 -0.754685 -0.550399 -0.118893 -0.005716 0.369336 -0.053476 0.607583 -0.267334 -0.820581 -0.185099
VERTEX_POSE A143 0.909712 -0.398871 -0.333649 -0.004599 -0.602091 -0.396315 -0.498298 0.171930 0.504450 -0.260796 0.039798 -0.170747 0.581823 0.747232 0.508688 0.459817 -0.277217 -0.548222 0.365697 -0.577626
VERTEX_POSE A144 -0.545037 -0.848461 -0.353802 -0.856134 0.390019 -0.338991 -0.354614 -0.681561 0.308679 0.656631 -0.037968 -0.468715 0.150109 0.521323 0.628050 0.030197 -0.256095 0.419120 -0.647797 0.443475
VERTEX_POSE A145 -0.420394 0.291413 -0.185421 0.657294 -0.361699 0.217384 -0.530230 0.767813 0.545628 -0.511638 -0.365274 0.120858 0.221350 0.425791 0.037224 0.464737 0.307059 0.799401 0.438299 -0.038150
VERTEX_POSE A146 -0.506604 0.018909 -0.158094 0.466201 0.052788 -0.573464 -0.204922 -0.268967 -0.314439 -0.338242 -0.666255 -0.575101 0.739809 0.043676 0.044017 0.393099 -0.145636 -0.489477 -0.376504 0.678707
VERTEX_POSE A147 0.037553 -0.270353 0.967842 0.094547 0.542629 0.618595 0.486231 0.176105 0.501665 0.128129 -0.254495 -0.244822 -0.006786 -0.767333 0.479667 -0.851079 -0.031034 -0.275054 -0.150936 0.560763
VERTEX_POSE A148 -0.828417 0.570945 -0.351121 0.592354 0.246040 0.637095 -0.457391 0.085897 -0.270717 0.548634 0.277122 0.178865 0.183782 0.818305 0.126470 0.441812 -0.487255 0.687630 0.510707 -0.093722
VERTEX_POSE A149 0.263218 -0.115590 0.929001 -0.891319 0.156676 0.558237 0.504620 0.057457 -0.190912 -0.489397 0.684211 -0.206603 -0.017914 -0.431425 0.558642 0.015508 0.417228 -0.545123 0.710837 0.410302
VERTEX_POSE A150 -0.805292 0.787978 -0.116894 0.776791 0.725613 0.092137 -0.214102 0.505220 -0.547666 -0.038659 -0.576601 0.808681 0.008919 -0.530713 0.193312 0.033076 0.352242 -0.015432 0.975445 0.080948
VERTEX_POSE A151 0.388203 0.877065 -0.479585 -0.458927 -0.206781 0.188409 -0.202105 -0.764514 0.306553 -0.502644 -0.048169 -0.011859 0.580155 0.202725 0.739412 -0.178226 0.493694 0.568909 0.581513 -0.358285
VERTEX_POSE A152 0.019725 -0.937033 -0.564398 -0.851685 0.138146 -0.600446 -0.628368 -0.271977 -0.644719 0.053084 0.560931 0.197644 -0.351812 -0.375616 0.429629 -0.628222 0.641531 0.012570 -0.289660 -0.242354
VERTEX_POSE A153 0.923998 0.352411 -0.137588 0.227788 0.429101 -0.568954 -0.600791 -0.502302 -0.263669 0.236255 -0.164641 -0.406298 0.153084 0.596295 0.386000 -0.737741 0.404193 -0.541013 -0.124649 0.449050
VERTEX_POSE A154 -0.966184 0.013359 0.417217 0.182031 0.020924 0.473562 0.459626 0.084677 0.143077 -0.581797 -0.448938 -0.409807 0.302994 0.445714 -0.581844 0.399718 -0.674100 -0.498783 -0.445731 0.371768
VERTEX_POSE A155 0.952129 -0.537297 -0.687164 -0.035846 0.711457 0.238914 -0.203631 -0.728431 -0.041884 -0.731624 0.135825 -0.828517 -0.345821 -0.190910 -0.032974 -0.108558 0.638233 0.503626 -0.540263 0.084576
VERTEX_POSE A156 -0.834587 0.358172 -0.895556 0.800585 0.614787 0.121247 -0.257716 -0.603062 0.063828 -0.120184 0.648217 0.962521 -0.186724 0.062550 -0.195565 -0.721534 0.345712 -0.128577 -0.603043 -0.304471
VERTEX_POSE A157 0.421724 -0.596346 0.621076 0.123074 -0.991388 -0.710719 0.132686 -0.534822 0.408565 -0.329783 -0.022306 -0.264439 0.538331 0.536466 0.316863 0.629554 0.087042 -0.397018 -0.433011 0.646603
VERTEX_POSE A158 0.131788 -0.510617 -0.604689 -0.548060 -0.542574 0.157240 -0.541006 -0.363708 0.579317 0.114581 -0.673494 -0.436197 0.634758 -0.515191 -0.571277 -0.212869 -0.180459 -0.350773 -0.495937 -0.340787
VERTEX_POSE A159 -0.211830 0.689081 0.575927 -0.147538 0.068420 -0.502122 -0.310875 -0.365504 -0.456796 0.632193 -0.323103 -0.193265 -0.444019 0.517874 -0.092827 -0.553620 -0.574364 0.702313 -0.006434 -0.404875
VERTEX_POSE A160 0.122846 -0.416200 0.858106 -0.511792 -0.461858 0.250372 0.379250 0.162811 -0.328819 0.599059 0.667368 0.277251 0.480027 -0.324810 0.786955 0.184216 0.040788 -0.364726 0.482635 -0.648804
VERTEX_POSE A161 0.585295 0.279208 0.326710 0.009749 -0.804646 -0.098618 0.141524 0.447828 -0.473694 0.320759 0.600545 -0.748149 -0.383614 -0.045249 0.306840 -0.778515 0.529743 0.334681 0.351909 0.395120
VERTEX_POSE A162 0.191269 0.482638 -0.607969 0.995890 -0.349087 -0.053951 0.511301 -0.555492 -0.013557 0.617385 0.465630 0.001147 0.595674 -0.046463 -0.437955 0.017291 0.627707 -0.897274 -0.047750 -0.280075
VERTEX_POSE A163 -0.628139 0.963465 0.367207 0.724907 0.972904 0.154824 -0.639153 -0.524608 0.276952 -0.393944 -0.254791 0.617039 -0.309318 0.596158 -0.379659 -0.448150 0.551676 -0.611922 -0.373866 0.010813
VERTEX_POSE A164 0.774408 0.194194 -0.340731 -0.733041 -0.342598 0.555560 0.285684 0.671413 -0.280594 -0.614811 0.060889 0.476208 -0.649948 0.134428 -0.313915 -0.277161 0.570573 -0.536007 0.202836 0.449303
VERTEX_POSE A165 -0.928625 -0.392960 0.933855 -0.519386 -0.317883 -0.502265 -0.113895 -0.583440 -0.082257 -0.218915 0.325210 -0.252164 -0.783471 0.421033 -0.626351 -0.048871 -0.229490 0.533912 -0.568233 -0.569124
VERTEX_POSE A166 -0.953126 -0.106939 0.876660 0.218595 -0.593092 -0.229244 -0.492770 0.134960 0.563627 0.483101 -0.429116 0.277797 -0.578568 -0.464527 -0.548295 0.433976 -0.035298 -0.501969 -0.026731 -0.761980
VERTEX_POSE A167 -0.042525 -0.324028 0.370186 0.083870 -0.925308 0.350202 -0.370369 -0.627685 0.412946 0.131690 -0.234702 -0.450912 0.501936 -0.703587 0.595576 0.007520 -0.129136 0.385749 0.770382 0.198031
VERTEX_POSE A168 -0.447056 0.162527 -0.582631 0.295612 -0.221329 0.618914 0.667781 -0.324591 -0.623891 0.266748 -0.637392 -0.418714 0.612142 0.346711 0.150408 0.273070 0.276460 0.172512 -0.183384 -0.540124
VERTEX_POSE A169 -0.315152 -0.691699 0.386922 0.352090 0.265920 -0.531806 -0.528693 -0.086728 -0.271445 0.398518 -0.545857 0.258537 -0.008542 0.671330 -0.490029 -0.400976 0.239419 -0.580112 0.633098 0.431872
VERTEX_POSE A170 0.358242 -0.460066 -0.568412 -0.110688 0.370534 -0.483638 0.373895 -0.004675 0.158115 -0.403062 -0.804702 0.294644 -0.606856 0.561186 -0.583938 -0.540901 -0.093445 -0.559728 -0.192082 0.169621
VERTEX_POSE A171 -0.819192 0.864503 -0.542400 -0.696106 -0.959360 0.552048 0.018751 -0.631468 -0.095254 0.139578 0.244077 0.549685 -0.681794 0.147533 0.440080 0.165877 0.718670 -0.436287 -0.698433 0.058490
VERTEX_POSE A172 0.096799 0.021679 0.485707 -0.119764 -0.073749 0.329909 0.324223 -0.677006 -0.240686 -0.070754 0.202613 -0.837639 0.385946 -0.352213 0.033074 -0.609798 -0.613600 -0.361243 -0.607508 0.007244
VERTEX_POSE A173 -0.960166 -0.508327 -0.240992 0.152078 -0.614949 0.563542 -0.595847 -0.569249 -0.590463 -0.724197 0.194673 -0.182152 -0.032309 -0.233004 -0.467653 -0.002555 -0.474607 0.286173 -0.345622 0.598761
VERTEX_POSE A174 -0.909480 -0.534367 0.123951 0.299295 -0.561451 0.527131 -0.020445 0.617043 -0.269527 -0.394322 0.646302 -0.073131 -0.743366 -0.036081 -0.485419 0.516365 0.437912 -0.639146 -0.157690 -0.092100
VERTEX_POSE A175 0.551762 0.173218 -0.868094 0.024102 -0.683730 0.486232 0.578111 -0.022566 -0.434043 0.209297 -0.217090 0.392570 0.358807 0.505222 0.003720 0.479639 -0.715781 0.648891 -0.513018 -0.429851
VERTEX_POSE A176 -0.380560 0.783086 0.573587 -0.190628 0.023352 -0.445855 -0.547617 0.284995 0.515819 0.008657 -0.570566 0.292062 -0.100895 0.442587 0.163167 0.661172 0.547963 -0.650554 0.502706 -0.311585
VERTEX_POSE A177 -0.416084 0.484542 0.965857 -0.234504 0.491337 0.531766 0.664515 0.412018 0.532840 -0.261136 0.129090 -0.592216 0.438913 0.067357 -0.083555 0.453022 0.008142 0.274964 0.303898 -0.899430
VERTEX_POSE A178 -0.410684 0.902865 -0.900253 -0.881351 0.858899 0.642920 -0.216281 0.348506 -0.203317 0.156738 -0.705851 -0.170333 -0.686609 0.015617 0.606277 -0.297305 -0.616097 -0.385657 -0.607317 -0.022333
VERTEX_POSE A179 -0.208977 0.354031 -0.777534 -0.598274 -0.730608 -0.242697 0.058567 0.397269 -0.292241 0.592662 -0.710536 -0.621064 0.355238 0.359358 0.227237 -0.185781 -0.347823 -0.646789 -0.696141 -0.295291
VERTEX_POSE A180 0.847135 -0.631048 0.894859 -0.125823 -0.351987 0.548029 0.715824 0.166453 -0.045279 -0.353722 -0.043032 -0.369261 -0.060853 0.823218 -0.121336 -0.072414 -0.501610 0.739282 -0.594584 0.202832
VERTEX_POSE A181 -0.215976 0.690843 -0.017147 0.895441 0.584512 0.041082 0.421276 0.356713 -0.301933 0.404592 -0.603994 -0.568075 -0.609972 0.312505 0.658323 -0.491958 -0.347338 0.388653 0.211526 0.538185
VERTEX_POSE A182 -0.820775 0.231096 -0.257119 -0.057202 0.062611 0.116326 -0.125186 -0.059469 -0.286124 -0.591206 0.470363 0.348018 -0.734394 -0.004987 0.703346 -0.083676 -0.396851 0.537392 0.297436 0.785943
VERTEX_POSE A183 -0.133140 -0.568081 -0.669539 0.022492 0.786159 0.205611 -0.388464 0.444121 0.570563 -0.528826 0.161783 0.338580 0.389150 0.583415 -0.696352 -0.473111 0.413811 0.180666 -0.440644 -0.514752
VERTEX_POSE A184 -0.291978 0.043254 0.845265 0.123228 0.013613 0.747617 -0.649311 -0.115386 0.038378 -0.126171 0.934328 -0.578709 -0.642538 -0.220411 -0.178414 -0.097509 0.055533 -0.269927 -0.374317 0.249103
VERTEX_POSE A185 -0.786959 -0.755545 -0.839902 -0.875170 -0.916465 0.264140 -0.554061 -0.673240 0.029220 0.372910 0.123622 0.388094 -0.533447 0.408698 0.816252 0.489953 -0.212984 0.335397 -0.171272 0.564862
VERTEX_POSE A186 -0.181011 -0.105378 -0.356703 0.986645 0.497616 -0.190554 -0.623793 -0.465009 0.455481 -0.112587 -0.709573 0.035474 0.667863 -0.363641 -0.750583 0.279997 -0.376357 -0.437714 -0.271603 0.079960
VERTEX_POSE A187 -0.126565 -0.598574 0.949709 -0.076187 -0.371601 0.554597 -0.503006 0.253382 0.675096 -0.175397 -0.378859 0.194440 0.363396 -0.559284 0.445832 0.737225 0.491767 -0.009730 0.201650 -0.487473
VERTEX_POSE A188 0.634766 -0.351891 0.781174 0.247904 -0.907854 0.545897 -0.449967 0.028665 0.519425 0.535583 0.652701 0.645694 -0.179693 -0.442048 0.040365 0.361575 -0.421711 0.116808 0.589623 -0.447117
VERTEX_POSE A189 0.950777 0.384006 0.038608 -0.561415 0.955042 -0.300259 -0.357577 -0.764447 0.269014 -0.633315 0.356711 -0.623698 -0.475791 0.414102 0.496664 -0.023749 0.144802 0.449223 -0.494075 -0.309726
VERTEX_POSE A190 0.661605 -0.909493 0.525636 0.776275 0.696819 -0.239546 0.003618 0.437466 0.383518 -0.077167 -0.524538 0.472266 0.064623 -0.365162 -0.666790 0.470301 -0.565962 -0.357614 -0.876740 -0.282536
VERTEX_POSE A191 -0.242388 0.231908 0.639280 0.736112 -0.369711 0.266087 0.676337 0.627318 0.283416 -0.609695 0.365212 0.455213 0.253610 -0.222649 -0.463769 0.323653 -0.379732 0.653125 0.042085 -0.528511
VERTEX_POSE A192 0.536072 -0.336786 -0.634682 0.448334 -0.849604 -0.528081 -0.379434 -0.388923 0.597015 -0.592493 0.282289 0.078916 -0.543384 -0.044478 0.050254 0.346211 0.565843 0.596616 0.299754 -0.668502
VERTEX_POSE A193 -0.147126 0.573146 0.917667 0.772165 -0.652268 0.364188 0.547047 -0.020389 -0.200726 0.380769 -0.446885 -0.616423 0.501032 -0.220724 0.605688 0.050068 -0.635891 -0.283268 -0.549741 -0.588898
VERTEX_POSE A194 0.129473 0.195373 0.006487 0.461018 -0.396807 0.273090 0.387045 -0.011801 -0.497274 0.008719 0.755611 -0.620005 -0.508017 -0.400402 0.531683 -0.762122 0.325570 -0.105108 0.105876 0.403231
VERTEX_POSE A195 0.310479 0.857409 0.024587 0.715293 -0.192201 -0.560149 0.044187 0.453638 -0.595363 -0.532061 0.154252 -0.423905 0.546438 -0.089489 -0.050153 -0.601298 -0.470784 0.386736 -0.234105 0.735373
VERTEX_POSE A196 -0.075751 -0.819814 0.851522 -0.747222 0.029849 0.050663 0.695032 0.710524 0.005598 0.385366 -0.467924 0.842457 0.165402 -0.166483 0.340364 -0.581745 0.479585 0.414512 0.051364 -0.135958
VERTEX_POSE A197 0.176347 -0.911566 -0.116853 -0.320387 0.010101 0.412174 -0.003751 -0.789246 0.681679 0.647679 0.192442 -0.375453 0.358054 -0.313924 0.423375 -0.661932 -0.064558 -0.212636 0.118915 -0.487177
VERTEX_POSE A198 -0.732046 -0.466620 -0.605226 -0.200837 -0.117510 0.070500 -0.075919 -0.667105 -0.527715 -0.697682 -0.287693 -0.627466 0.683872 -0.173667 0.426558 -0.019325 0.079690 -0.375341 -0.198552 0.660071
VERTEX_POSE A199 0.477192 0.342713 -0.731109 0.548391 0.808521 0.466320 -0.427299 -0.204647 -0.565112 0.267002 0.120895 -0.530209 -0.666969 0.380206 0.402649 -0.189369 0.722988 -0.141231 -0.515187 -0.525581
VERTEX_POSE A200 0.861195 -0.603265 -0.729931 -0.968296 -0.723979 0.689432 -0.404140 0.354737 0.360207 0.296126 -0.613606 -0.477152 -0.699444 -0.362341 -0.053087 -0.267300 0.427555 0.405515 -0.433945 -0.428434
VERTEX_POSE A201 0.626197 0.073315 -0.173638 0.688475 -0.746975 0.567474 0.516281 -0.003594 0.657046 -0.293827 -0.589753 -0.404653 0.607978 -0.630598 0.089388 0.288590 -0.034150 -0.273000 -0.440680 -0.503347
VERTEX_POSE A202 0.658000 0.207217 -0.273509 0.852285 0.849160 0.245172 -0.386105 0.766448 0.303742 0.760688 -0.040177 -0.264362 -0.350071 -0.336689 0.881510 -0.267999 -0.313556 0.026181 0.279112 0.446393
VERTEX_POSE A203 -0.042006 0.418414 0.755776 -0.088060 0.202272 0.003656 0.527375 0.398977 -0.016349 -0.207115 -0.176677 -0.895084 -0.361903 0.116742 0.355694 -0.616836 0.699442 -0.268374 0.409290 0.553855
VERTEX_POSE A204 0.666031 0.564988 0.585369 -0.159446 -0.361924 0.625714 0.448308 0.243468 0.168805 -0.428974 0.689253 -0.425394 -0.454432 0.051747 0.529525 -0.495394 -0.631170 0.344427 -0.403829 0.254167
VERTEX_POSE A205 0.748520 0.672850 0.850442 0.151580 -0.712291 -0.471942 0.737632 -0.245745 -0.474312 0.151034 0.585764 0.268289 -0.082063 -0.133093 -0.493133 -0.354107 -0.698445 -0.486970 -0.548600 0.301581
VERTEX_POSE A206 -0.490244 -0.408368 0.887682 0.936042 0.518542 -0.524624 -0.418984 0.542788 0.428620 0.486505 0.301141 0.561036 -0.132710 0.523602 0.336343 -0.434451 -0.563227 -0.336402 0.617581 -0.152683
VERTEX_POSE A207 -0.714530 0.348074 0.158956 0.649926 0.661428 0.738268 -0.254944 0.582501 0.518105 0.450841 -0.419644 -0.428706 0.011715 0.432964 0.036573 -0.803836 -0.234917 0.037441 -0.292329 -0.491881
VERTEX_POSE A208 -0.667563 0.157391 0.816299 0.917076 0.779046 0.419034 -0.422553 -0.561934 0.182461 0.664107 -0.570823 -0.731787 0.259163 -0.325058 0.218558 0.460774 0.502410 0.455893 0.317698 -0.017672
VERTEX_POSE A209 0.099072 -0.505502 0.987429 -0.945308 0.377441 0.543024 0.309123 -0.421844 0.465069 0.073010 -0.365214 -0.005526 -0.486082 0.211701 0.529844 0.274040 0.800656 0.456146 -0.766641 -0.052904
VERTEX_POSE A210 0.076493 -0.297895 0.381423 -0.948348 0.930820 -0.165065 0.686016 -0.143769 -0.207847 -0.000132 -0.659575 -0.571865 -0.492547 0.386061 0.631835 -0.461041 -0.299560 0.450898 0.272436 0.552732
VERTEX_POSE A211 -0.820428 0.526343 0.711158 -0.208747 -0.572942 -0.538083 0.263543 -0.005217 0.165562 -0.431088 -0.425404 -0.688554 -0.249872 0.420350 0.373332 0.547275 0.534467 -0.263766 0.618678 -0.597206
VERTEX_POSE A212 0.883096 -0.814659 -0.029718 0.950132 -0.038047 0.633667 -0.440974 0.067673 0.348250 0.530547 -0.459168 0.064540 0.645832 0.683241 -0.419453 0.204910 -0.503430 -0.545052 -0.254902 0.253624
VERTEX_POSE A213 0.255718 0.933201 -0.875697 -0.005550 -0.006569 0.453598 0.118694 0.008898 -0.786637 0.272378 0.317435 -0.031047 0.789658 -0.603615 -0.168388 0.099318 0.229023 0.382273 0.527540 0.694516
VERTEX_POSE A214 0.046431 0.958262 -0.958381 0.813745 -0.786782 0.421818 0.159600 -0.429492 -0.304208 0.685507 0.547708 -0.346650 -0.585837 0.117835 -0.238203 -0.350886 0.327848 0.743384 -0.195656 0.627841
VERTEX_POSE A215 -0.408882 0.228595 -0.184453 0.073360 0.975565 -0.117419 0.659703 0.629231 -0.656750 -0.312675 -0.176971 0.380573 0.275389 -0.563944 -0.640339 0.367140 -0.272191 0.004741 0.506355 -0.425004
VERTEX_POSE A216 0.468760 -0.822344 -0.715599 0.119279 0.076966 0.146130 -0.617701 0.727047 -0.573413 -0.553225 -0.202697 -0.760178 0.309262 0.226765 -0.264284 -0.109735 0.083088 0.046125 -0.452441 -0.609910
VERTEX_POSE A217 0.865420 -0.147115 -0.315083 0.800390 0.710834 0.029859 0.603437 0.225926 0.579132 -0.362330 0.720963 0.705305 0.123320 -0.566562 -0.057972 0.607421 0.328607 0.403607 0.347005 -0.013949
VERTEX_POSE A218 0.464553 0.630021 -0.234744 0.997174 -0.396035 -0.318111 0.739324 -0.079264 -0.706104 -0.114221 0.571520 0.418318 0.623565 0.343795 0.257450 -0.152263 -0.195643 0.398688 -0.168335 0.714571
VERTEX_POSE A219 0.103526 -0.174236 -0.934425 -0.632817 0.169112 -0.694411 0.704943 0.114020 0.041454 -0.001108 -0.093972 -0.251417 -0.260742 0.567370 -0.608731 -0.486761 -0.617781 -0.286900 -0.445120 0.524029
VERTEX_POSE A220 0.816197 -0.763109 0.723525 -0.761024 0.665876 0.258018 -0.336430 -0.146120 -0.173170 0.511207 0.691982 -0.623546 0.349935 -0.627379 -0.035380 -0.476062 0.026465 0.716504 0.525731 -0.324814
VERTEX_POSE A221 0.126158 0.720529 -0.709108 0.773448 -0.699216 0.510307 0.105631 -0.381844 0.263105 -0.326938 -0.700159 0.643948 0.427332 0.414232 0.049929 0.633505 -0.354419 0.503190 -0.545905 0.258402
VERTEX_POSE A222 0.861138 -0.942327 0.704855 -0.896705 0.799401 -0.682457 -0.016887 -0.509479 -0.503800 -0.556521 0.340767 -0.036534 -0.568846 -0.119724 0.210279 -0.352025 0.508463 0.484650 -0.492435 -0.592824
VERTEX_POSE A223 0.352269 -0.099895 -0.911157 0.687310 0.816272 0.598916 -0.160226 -0.449964 -0.499097 -0.558714 -0.583562 -0.340283 0.682831 -0.156842 0.499381 0.224613 -0.336451 0.164405 -0.381389 0.564968
VERTEX_POSE A224 0.979032 0.293675 -0.791441 0.545613 -0.351484 -0.500454 -0.339446 0.553355 0.478481 -0.028289 0.757979 0.176508 -0.486029 0.091572 -0.441271 0.683228 0.324238 -0.542887 -0.425383 -0.075825
VERTEX_POSE A225 -0.009390 0.253046 -0.288658 0.564313 -0.597406 -0.149293 0.394490 0.413184 0.545261 0.239214 -0.720911 -0.308837 0.575160 -0.192511 -0.567743 -0.545983 -0.432788 -0.512532 0.397804 -0.291890
VERTEX_POSE A226 -0.337252 -0.242487 0.113430 0.402603 -0.375929 -0.423786 0.007887 0.487105 -0.337915 0.309981 -0.297252 -0.343204 0.522138 -0.553339 -0.442359 0.356469 0.550695 -0.626696 -0.710036 -0.254795
VERTEX_POSE A227 -0.096720 0.473861 -0.939919 0.798392 0.678365 -0.394155 0.401396 0.521877 0.442424 0.184748 -0.514715 0.620846 0.524227 0.465337 0.512516 -0.454857 0.258926 -0.027918 0.568366 -0.423239
VERTEX_POSE A228 -0.833042 0.341480 0.594489 -0.756074 0.412696 0.505440 -0.753135 0.332232 -0.015948 0.061956 0.631010 0.685630 0.311913 -0.012451 -0.346404 0.146848 0.668810 0.392673 0.556862 0.209729
VERTEX_POSE A229 -0.069298 0.290894 0.508203 -0.798233 0.506561 -0.359276 -0.251443 0.220666 -0.594450 -0.658592 0.011510 0.363845 -0.404748 0.496733 0.538966 -0.577459 -0.541601 0.307707 -0.075854 0.641170
VERTEX_POSE A230 -0.619527 -0.183426 -0.671028 0.346782 0.486886 0.379805 0.438329 0.588450 0.296241 0.724318 -0.295306 0.532703 -0.350800 -0.467436 0.642010 -0.146804 -0.068948 0.268403 -0.372316 0.585893
VERTEX_POSE A231 -0.971847 0.738215 0.864558 -0.724370 0.688717 -0.336969 0.327733 0.281182 0.289363 0.522190 0.478461 0.776998 -0.213695 0.369357 -0.108288 0.614466 0.104520 -0.432745 -0.443480 0.738013
VERTEX_POSE A232 -0.443101 -0.635792 -0.665435 0.890242 0.759586 0.508516 -0.734674 -0.317478 0.251187 0.375775 0.350478 0.086986 0.428479 -0.779120 0.004208 -0.218002 0.374551 -0.818982 -0.296526 -0.170460
VERTEX_POSE A233 -0.961527 -0.976209 0.055462 0.199067 0.336046 0.542795 0.456684 -0.013815 0.209365 -0.440494 0.828516 -0.550198 0.592069 0.521843 -0.443490 -0.484297 -0.157767 -0.402664 0.110979 -0.127119
VERTEX_POSE A234 -0.013853 0.156629 0.620334 0.187570 -0.109011 0.530285 -0.569542 0.324686 -0.058758 -0.624337 -0.246093 0.121062 0.228352 -0.698122 -0.367499 -0.476162 -0.463947 -0.752086 -0.083369 0.362486
VERTEX_POSE A235 -0.777070 0.929196 0.919934 -0.269204 -0.602339 0.270894 -0.089814 -0.167578 0.094847 -0.657373 -0.674695 -0.354369 0.525320 -0.693923 0.849046 0.161867 -0.113994 0.266767 0.507575 -0.148931
VERTEX_POSE A236 0.786993 0.696641 -0.094096 -0.649353 0.623755 -0.522505 0.545082 0.596184 0.397618 -0.035130 0.361091 -0.174690 -0.477124 0.570360 -0.430767 0.331752 -0.405465 0.593980 0.603278 0.156416
VERTEX_POSE A237 0.495903 0.748262 0.508016 0.123612 -0.590470 -0.420772 -0.596869 0.311006 0.760888 -0.561770 0.204463 0.236267 0.493114 0.786926 0.425155 0.084069 -0.459949 -0.086147 -0.279164 0.175113
VERTEX_POSE A238 -0.491600 0.277270 0.078891 -0.619279 -0.940911 0.736403 0.497014 0.178493 0.019841 0.454385 -0.809676 -0.500926 0.300916 0.279165 -0.012416 0.474012 0.479734 0.454132 -0.480908 0.066984
VERTEX_POSE A239 -0.880570 -0.145968 -0.277796 -0.732277 0.402801 0.140107 -0.215975 -0.337370 -0.193533 -0.900660 0.241426 0.947726 -0.128975 0.281488 -0.209917 0.061023 0.776072 -0.025802 0.349011 0.382585
VERTEX_POSE A240 -0.405025 -0.757241 0.495445 0.178304 0.786971 -0.570780 -0.374246 -0.625869 0.195528 0.474188 -0.334857 0.745421 -0.438558 -0.480581 0.214231 0.487929 -0.122872 -0.185559 0.452413 -0.500103
VERTEX_POSE A241 0.584893 0.979375 -0.539687 -0.567627 0.989910 -0.700784 -0.078172 0.667995 -0.375770 -0.088861 -0.591127 -0.566661 0.173698 -0.444143 -0.167925 -0.650531 -0.029751 0.135630 -0.729816 -0.078764
VERTEX_POSE A242 -0.700998 -0.619625 -0.566638 0.058977 0.829859 0.094534 0.555192 0.647772 0.111653 -0.566092 0.644298 0.809722 -0.330813 -0.169257 0.358362 0.195227 0.291122 -0.441049 -0.473023 0.227754
VERTEX_POSE A243 -0.521929 -0.571900 -0.534272 0.128436 -0.251077 0.478027 0.452117 0.228087 0.560048 0.250558 -0.371434 0.609389 -0.683013 0.370672 0.077317 0.511084 0.559458 0.283732 0.071392 -0.599685
VERTEX_POSE A244 -0.159388 0.912576 -0.415383 0.426823 -0.016659 0.021607 0.306562 0.815733 0.419924 -0.557704 0.303430 0.713418 0.637753 -0.099177 0.474770 -0.425404 0.134349 -0.298035 0.085380 0.463276
VERTEX_POSE A245 0.345433 -0.661362 -0.525019 -0.127278 -0.956923 -0.626076 -0.341826 -0.503486 -0.219197 0.590579 0.227751 -0.392462 0.282282 -0.423962 -0.482636 -0.470574 0.667495 0.415953 -0.482958 -0.263321
VERTEX_POSE A246 0.069188 0.656695 0.281275 -0.798204 -0.275511 -0.438470 0.380635 0.624817 -0.258749 0.452000 -0.767986 -0.578821 -0.396671 -0.074569 0.603916 -0.141028 0.013349 -0.202594 -0.688169 -0.118584
VERTEX_POSE A247 -0.690629 -0.909768 -0.130982 -0.453898 -0.939694 -0.122209 0.830249 0.508919 -0.342834 0.184010 -0.473524 -0.430096 0.334516 -0.396960 0.583942 0.376958 -0.586645 0.584431 0.151090 0.122667
VERTEX_POSE A248 0.210854 0.191522 0.159898 -0.326888 0.753910 0.495297 0.188803 0.366917 -0.025734 0.608159 0.648304 -0.586826 0.560422 -0.323244 0.639772 0.402350 -0.559319 0.018604 -0.344292 0.166582
VERTEX_POSE A249 -0.466259 0.286717 -0.953469 -0.801030 0.328454 0.473044 -0.295130 -0.588482 0.088630 -0.519714 0.645071 0.388430 0.766506 0.148337 0.490245 0.057088 0.454214 -0.614129 0.228046 0.096217
VERTEX_POSE A250 0.412897 -0.084004 -0.065407 -0.086714 0.229419 -0.486533 -0.317894 -0.538101 -0.488959 -0.590452 0.181421 -0.168507 0.549565 -0.416479 0.472798 -0.343048 0.227647 0.521797 -0.361395 -0.672499
VERTEX_POSE A251 0.027051 0.428413 -0.116578 -0.087912 0.419786 -0.587552 -0.226645 0.058188 -0.267706 -0.171913 0.679564 -0.143886 -0.819453 -0.045987 -0.240564 0.412224 0.549041 -0.710311 0.278651 -0.480881
VERTEX_POSE A252 0.659899 0.007246 -0.662577 0.972419 0.629238 -0.818071 -0.483739 -0.201811 -0.173475 -0.143402 0.797906 0.430671 -0.707254 0.290857 0.338713 -0.318443 -0.434499 0.021505 -0.379233 -0.221880
VERTEX_POSE A253 0.274035 -0.026331 -0.360552 0.016581 0.028820 0.611774 0.280465 -0.309931 -0.219316 -0.363306 0.130634 -0.468990 0.616022 0.480114 -0.226593 0.565756 -0.583122 0.553477 0.299641 0.562437
VERTEX_POSE A254 -0.620680 -0.671482 -0.027735 -0.400602 0.236058 0.032617 -0.291079 0.800560 0.232065 0.638517 0.534331 -0.471530 0.405976 0.074140 0.357699 0.554221 -0.259335 0.771228 -0.188657 -0.029029
VERTEX_POSE A255 0.638931 -0.699080 -0.454018 0.518032 -0.722247 -0.205365 -0.378616 -0.113359 0.653200 -0.194312 0.207892 0.372119 -0.200152 -0.890801 0.421874 -0.503199 0.387333 0.463362 0.724999 0.019429
VERTEX_POSE A256 -0.735355 -0.773285 0.350790 -0.419106 0.431414 -0.242117 -0.000376 -0.848555 -0.098388 0.163087 -0.346030 0.519284 -0.709446 -0.308765 0.198423 0.597129 -0.252025 -0.789095 -0.336936 0.036942
VERTEX_POSE A257 0.042068 0.086031 -0.914305 -0.997998 0.860129 -0.347079 0.313630 0.543890 0.130497 0.424591 0.279907 -0.523686 0.270940 -0.731393 -0.606210 0.266496 0.226077 -0.469860 -0.759559 0.199472
VERTEX_POSE A258 -0.457789 0.774781 -0.393937 0.316423 0.956118 -0.173545 0.795675 0.113132 0.564227 -0.022478 0.527039 -0.201914 -0.193871 0.809836 -0.168432 0.511512 0.206824 0.763145 0.259162 -0.104022
VERTEX_POSE A259 -0.568397 0.568195 -0.054720 -0.175180 -0.155890 -0.852385 0.198166 0.050157 0.020512 -0.602024 -0.667173 -0.135042 -0.712022 0.436059 -0.376613 0.041166 -0.541186 0.336074 0.299379 -0.263315
VERTEX_POSE A260 0.972770 -0.623075 0.593898 -0.796232 0.366690 -0.152630 0.407871 0.474518 -0.074172 -0.550151 -0.537956 -0.475049 -0.642519 0.589559 -0.331018 0.033061 -0.214883 -0.797470 0.342128 -0.302788
VERTEX_POSE A261 -0.077316 -0.408645 -0.064966 -0.336794 0.443004 0.486299 0.706749 -0.457236 -0.429369 -0.144053 -0.248267 -0.302702 0.605167 0.705281 -0.640198 0.248065 -0.471308 -0.278700 0.228015 -0.098725
VERTEX_POSE A262 -0.540245 0.306410 -0.190162 0.100450 -0.467173 -0.441519 0.476491 -0.274879 -0.435853 0.313667 -0.175453 -0.358070 0.111310 0.925004 0.613090 0.202909 0.186360 -0.333165 -0.788040 -0.057402
VERTEX_POSE A263 -0.470331 -0.258867 0.928463 -0.905990 0.126275 0.392162 0.370554 -0.575783 -0.390168 -0.470852 0.236721 0.360163 0.456615 0.780713 -0.526211 0.481670 -0.018523 0.536063 -0.447754 0.050796
VERTEX_POSE A264 -0.038843 -0.384854 0.990497 0.862273 -0.220950 -0.725979 -0.000400 0.499536 0.426212 0.242871 -0.005572 0.130819 -0.520333 0.530595 -0.400557 -0.473258 -0.681462 0.337252 -0.668052 0.067163
VERTEX_POSE A265 0.445902 -0.536960 -0.569827 -0.711980 0.423815 -0.672962 0.649825 0.095089 0.476239 0.073741 0.598478 -0.419912 -0.354362 0.745827 -0.266214 -0.488907 -0.075987 0.270412 0.455727 0.265988
VERTEX_POSE A266 -0.247401 -0.329671 0.848398 -0.175194 0.523937 -0.476741 0.324024 -0.315354 -0.116858 -0.799399 0.210312 -0.142223 0.057354 -0.605639 -0.594479 -0.414069 -0.302435 -0.620830 0.285003 0.630917
VERTEX_POSE A267 -0.251850 -0.688214 -0.103599 -0.787081 -0.597195 0.216277 -0.790300 -0.101869 0.222481 0.373127 -0.508655 0.739780 -0.224492 -0.089406 0.004473 0.072688 -0.777949 -0.597019 -0.424878 -0.343068
VERTEX_POSE A268 -0.058195 -0.788699 0.938189 0.411632 0.833346 -0.142829 0.116446 -0.494038 -0.254604 -0.325291 0.710461 0.345661 0.337011 0.478779 0.683437 0.390039 0.039051 -0.572896 0.784168 0.142890
VERTEX_POSE A269 0.260999 0.947600 -0.072711 0.205527 0.583026 0.497162 0.430723 0.503042 -0.522900 -0.401790 0.622674 0.532755 -0.411061 0.456186 0.312258 -0.694749 -0.329261 0.313165 0.037362 -0.206659
VERTEX_POSE A270 -0.132419 0.165818 0.618605 -0.519357 0.805606 0.037757 0.735799 0.079610 -0.286197 0.596900 -0.471497 0.863833 0.022220 -0.463605 0.099708 0.177967 0.532003 0.400645 0.264847 0.522872
VERTEX_POSE A271 0.536780 -0.545940 0.433634 -0.410064 0.620316 0.400172 0.135312 0.866496 -0.246254 -0.484111 0.358413 0.104569 0.490159 -0.182137 -0.849937 0.410868 0.292676 -0.214227 -0.581600 -0.043482
VERTEX_POSE A272 -0.154108 0.926975 0.387602 0.637900 0.572936 0.796146 0.062560 -0.346811 0.325732 -0.646434 -0.267738 -0.056245 -0.720880 0.465111 -0.423270 -0.171762 -0.622741 0.278801 0.170405 0.451558
VERTEX_POSE A273 0.166582 0.546193 -0.948034 0.539619 0.635465 -0.509121 -0.169399 -0.309672 0.811003 -0.005551 0.117904 -0.149158 0.952281 0.190460 0.167214 0.215931 -0.728536 -0.181277 -0.133449 0.568474
VERTEX_POSE A274 -0.985149 -0.117839 0.899362 0.718372 -0.630760 -0.241493 -0.609830 0.617945 -0.067156 -0.620523 -0.405297 -0.337032 0.476352 0.401013 -0.707149 -0.052812 0.068292 0.568789 -0.115582 0.537032
VERTEX_POSE A275 0.686504 0.839551 0.972219 0.064723 -0.443724 -0.462068 0.020551 0.446622 -0.633730 0.600866 0.079402 -0.565329 -0.447990 -0.392704 -0.037494 -0.462129 0.759950 0.252741 0.473582 0.249966
VERTEX_POSE A276 -0.487984 0.884831 -0.473053 -0.587659 0.678542 0.608098 0.412824 -0.485314 0.500364 -0.546903 0.104617 0.602961 0.133716 0.320438 0.117477 -0.202019 0.633881 0.049907 -0.686864 -0.499040
VERTEX_POSE A277 0.084039 -0.461144 0.180636 0.920169 0.093729 -0.238842 -0.381499 -0.356126 -0.400015 0.619520 -0.394693 -0.458377 0.018613 -0.460352 0.756580 0.200634 -0.609904 -0.020486 -0.655785 -0.365356
VERTEX_POSE A278 0.995875 0.929782 -0.158763 0.610826 -0.383417 0.146835 0.154421 0.277519 -0.155721 -0.786509 0.559797 0.534215 -0.430000 -0.595704 -0.800085 -0.017838 -0.387276 -0.169316 -0.415139 -0.323674
VERTEX_POSE A279 0.722869 0.076353 0.686845 0.085453 0.432452 0.758392 0.319844 -0.205174 -0.346214 -0.013061 -0.895612 -0.044699 -0.773952 0.165953 0.412965 -0.257379 -0.042766 -0.363922 0.481958 0.355548
VERTEX_POSE A280 0.617780 0.825573 0.227167 -0.880861 -0.577817 0.580127 0.588756 -0.354454 -0.416508 0.283861 0.578708 0.291623 0.399356 0.565648 -0.631284 0.484672 -0.458479 -0.080068 0.422372 0.096434
VERTEX_POSE A281 0.408772 -0.154222 0.775830 -0.475889 0.846001 -0.162763 0.030305 0.414201 0.305550 0.521620 0.681727 -0.591918 0.115581 0.357555 -0.516042 -0.506088 0.266625 0.513304 -0.676395 0.405895
VERTEX_POSE A282 -0.250080 -0.495234 -0.429733 0.997541 -0.147762 0.835829 0.117953 -0.256437 -0.167585 0.061095 -0.479181 0.284792 0.677215 0.450590 0.336703 -0.278055 -0.443495 -0.280768 0.668147 -0.552183
VERTEX_POSE A283 0.277679 -0.167182 0.564590 -0.908443 -0.948580 -0.386248 0.188258 0.625415 0.505417 0.030764 0.145435 -0.153555 -0.494075 0.638173 0.366003 0.729965 0.378565 0.661686 -0.432035 0.192688
VERTEX_POSE A284 -0.317194 0.819447 -0.584722 0.540692 -0.125179 -0.007022 -0.625438 -0.354366 0.220403 -0.609040 0.699098 -0.751865 -0.001237 0.012383 0.558247 0.380223 0.039057 0.272824 -0.305493 -0.619684
VERTEX_POSE A285 0.129240 -0.166716 0.542532 -0.403061 -0.911703 -0.515221 -0.078042 0.714308 0.126677 -0.591670 -0.065701 0.789935 -0.040459 0.226462 -0.219309 -0.695385 -0.355281 0.215423 -0.398294 0.554922
VERTEX_POSE A286 -0.083390 0.133738 -0.889428 0.609589 -0.670826 -0.142040 0.787045 -0.189166 -0.216988 0.559129 0.322546 -0.272044 -0.140927 -0.193844 -0.774975 -0.209997 0.505923 -0.508082 -0.063051 -0.752759
VERTEX_POSE A287 -0.052549 -0.953837 0.766068 -0.878415 -0.693765 -0.060058 -0.324880 0.504750 0.527598 -0.340347 0.139869 -0.441612 0.484610 0.622260 0.721649 0.550484 0.287409 -0.047268 0.490650 -0.505819
VERTEX_POSE A288 -0.828693 0.919315 0.628227 -0.401059 0.948425 0.652114 0.685256 -0.117039 -0.353108 0.630721 0.447463 -0.005181 -0.039103 0.706090 -0.405191 0.312545 -0.534720 0.534654 -0.182762 0.039877
VERTEX_POSE A289 0.458821 -0.091481 -0.283365 -0.073988 -0.714708 -0.123654 0.084058 0.427787 -0.629384 -0.104111 -0.387941 0.262641 -0.656614 -0.555503 -0.209164 0.645812 -0.551082 -0.689823 -0.365895 0.232864
VERTEX_POSE A290 0.379054 0.614358 -0.288652 -0.053595 0.150345 0.631194 -0.230273 0.656455 -0.309252 0.369211 0.521403 -0.400714 0.456562 0.362184 0.223047 0.459690 -0.406212 0.543724 0.625215 -0.031944
VERTEX_POSE A291 -0.855923 -0.703760 0.222125 -0.197291 0.315115 -0.578681 0.433249 -0.092336 0.525923 -0.225253 0.485905 -0.253538 -0.805753 -0.450486 0.560192 0.254599 -0.732920 -0.102164 -0.217941 0.123537
VERTEX_POSE A292 -0.618495 0.499874 0.651669 0.589218 0.728296 0.550258 -0.032993 0.395379 0.365779 0.883488 0.075447 0.393639 -0.017112 -0.840097 0.019344 0.002214 -0.333889 0.638824 -0.466973 0.144009
VERTEX_POSE A293 0.838809 -0.079232 0.521186 -0.953145 0.683172 -0.500092 0.459912 -0.716419 -0.541016 0.179070 0.454819 0.506266 0.705151 0.190719 0.250278 -0.456161 -0.395308 -0.371840 -0.226041 0.295366
VERTEX_POSE A294 -0.326254 0.037373 0.150588 -0.103281 -0.558609 -0.570232 -0.371233 -0.458204 0.302098 0.413899 -0.432508 0.554892 -0.261569 0.380709 -0.190150 -0.519869 0.407851 0.489398 -0.593458 -0.540096
VERTEX_POSE A295 0.342662 -0.884980 0.642166 0.451490 -0.492654 -0.037676 0.428285 -0.377450 -0.523429 -0.059856 -0.773780 0.058735 -0.619324 -0.080554 0.551186 -0.481965 -0.406996 0.646023 0.444001 -0.294383
VERTEX_POSE A296 0.284712 0.383808 0.951359 -0.665125 0.106988 -0.087016 0.512387 -0.187961 -0.656893 -0.359056 -0.601246 -0.350715 0.159836 0.609277 -0.457803 -0.389874 0.479440 0.477844 -0.656498 0.045751
VERTEX_POSE A297 0.426344 0.707702 -0.001014 0.721525 0.965327 0.511413 -0.447412 0.125595 0.522530 -0.415293 -0.354036 0.265594 0.484877 0.430067 -0.348371 -0.588542 0.677404 0.522988 0.214163 0.463735
VERTEX_POSE A298 -0.909188 -0.573194 -0.461433 0.664410 -0.089848 0.366579 0.889585 0.172876 0.106958 -0.187375 -0.315349 0.324102 -0.317191 0.838502 0.425132 -0.231464 0.016419 -0.753923 0.139082 0.409039
VERTEX_POSE A299 -0.773483 0.595109 0.889548 0.746508 -0.059667 -0.648912 0.028063 0.383709 -0.123489 0.329646 0.351310 -0.547874 0.513835 -0.618577 0.509484 0.605513 -0.160962 -0.062645 -0.509778 -0.566394
VERTEX_POSE A300 -0.312657 0.655302 0.926275 -0.072947 0.548353 0.561262 -0.532374 -0.026625 0.078936 0.438351 -0.171312 0.033425 0.626052 0.394726 -0.552132 -0.355818 0.656652 -0.610563 -0.076677 -0.618824
VERTEX_POSE A301 -0.041608 0.592624 -0.842829 -0.854947 -0.284242 0.524919 -0.345240 0.645099 0.099893 0.156235 0.524586 -0.341553 0.693609 0.461335 -0.767212 -0.476489 0.291133 0.095967 0.385052 -0.105205
VERTEX_POSE A302 0.763297 -0.950830 0.323182 -0.663556 -0.439350 0.733027 -0.225331 0.180070 -0.051077 0.003901 0.336708 0.463771 0.750774 0.286417 -0.106665 0.566994 -0.597604 -0.483323 0.253115 0.644234
VERTEX_POSE A303 0.533235 0.582277 0.313877 -0.435047 0.121289 -0.194937 0.274809 -0.506589 0.585872 -0.417440 -0.644768 0.437462 0.539610 0.264622 0.650244 0.163772 0.202694 -0.067555 0.657437 -0.465330
VERTEX_POSE A304 -0.875025 0.138818 -0.790862 0.684672 -0.648777 0.071729 0.596882 0.036394 0.458603 -0.476565 -0.579085 -0.413596 0.032523 0.162946 -0.679251 -0.507069 -0.028475 -0.389994 0.398046 -0.797479
VERTEX_POSE A305 0.778148 -0.068670 0.222544 -0.945184 -0.070111 0.314696 0.041571 -0.183642 0.549352 0.085687 0.200744 -0.437843 -0.747865 0.250342 -0.605819 0.655319 0.206476 -0.201134 -0.046746 -0.905911
VERTEX_POSE A306 0.219739 0.421827 0.286096 0.629677 0.677565 -0.524205 0.674119 -0.304417 0.571180 0.408475 0.541686 0.035633 -0.299180 -0.265263 -0.520262 -0.451451 0.537787 0.356399 -0.292224 -0.504308
VERTEX_POSE A307 -0.363009 0.023648 -0.263915 -0.902987 -0.970235 -0.155605 0.578094 -0.215537 -0.568621 0.290848 -0.414804 -0.275744 -0.636108 -0.625949 0.743469 0.020650 -0.524451 -0.153870 -0.419709 0.338557
VERTEX_POSE A308 -0.137813 0.470186 -0.596820 0.974984 -0.976382 0.708325 0.413492 0.299979 0.242914 -0.283328 0.583440 0.523691 0.044711 -0.253431 0.190930 -0.827292 0.146375 0.358555 -0.249676 -0.695670
VERTEX_POSE A309 0.215614 0.351610 -0.872668 0.240502 -0.705853 -0.123580 0.455691 0.697715 0.533066 0.234408 -0.043032 0.435103 0.550653 -0.477853 -0.656468 0.198274 -0.523599 0.283379 -0.628385 -0.094038
VERTEX_POSE A310 -0.640140 -0.899998 -0.577070 0.182466 0.462217 -0.381818 0.083773 -0.443616 0.030416 -0.437456 0.451383 0.524951 -0.025209 0.442935 -0.375515 0.737195 0.550878 -0.660837 -0.507467 0.315912
VERTEX_POSE A311 -0.520033 0.295758 0.630348 -0.905877 -0.554199 -0.126191 -0.634278 0.197069 -0.699976 0.129223 0.515282 0.313873 0.048964 0.806608 -0.413949 -0.567473 -0.158890 -0.473540 0.506528 -0.140663
VERTEX_POSE A312 -0.375614 -0.802612 0.903162 0.764613 -0.859851 -0.047034 -0.562593 0.155792 -0.456026 -0.597571 -0.535390 0.647391 -0.432938 0.289833 0.606763 -0.061417 -0.666093 0.050526 0.367681 -0.401750
VERTEX_POSE A313 0.109780 -0.395232 -0.006803 0.180007 -0.685544 0.522867 0.062838 -0.205813 0.219190 0.725187 0.286515 -0.050025 -0.603637 0.017417 -0.803632 0.225551 0.143206 0.173894 -0.234317 0.924521
VERTEX_POSE A314 0.757647 -0.871423 0.194938 -0.814320 -0.502779 -0.576921 -0.273688 -0.293444 0.462421 0.218761 0.291330 0.626875 -0.220880 -0.708732 0.237794 -0.282535 0.546001 -0.061726 0.865231 -0.169115
VERTEX_POSE A315 0.307192 -0.983165 -0.681560 0.305305 0.014970 0.255492 0.819547 0.340067 0.568813 0.268618 -0.250261 -0.211283 0.319910 -0.828970 -0.574678 0.315454 -0.092057 0.486087 -0.233096 -0.355045
VERTEX_POSE A316 -0.760980 0.438052 -0.464271 0.776946 -0.597248 0.450961 -0.521585 0.297450 -0.248056 -0.014953 0.854484 -0.429644 -0.685050 0.035926 0.444168 0.350832 0.399919 0.594326 -0.367897 -0.141967
VERTEX_POSE A317 -0.325744 0.262315 0.305509 0.795269 -0.173605 -0.739747 -0.266240 -0.325667 0.027903 0.551648 0.515840 0.196889 -0.344622 -0.013574 0.085060 0.639241 -0.733861 -0.637177 0.312101 0.298520
VERTEX_POSE A318 -0.745357 -0.937002 -0.915492 0.426891 0.321205 -0.192154 -0.837283 -0.476896 0.295533 -0.500233 0.522602 0.215677 -0.191598 0.550235 0.798166 -0.023389 -0.259445 0.438350 0.107083 -0.359704
VERTEX_POSE A319 -0.589673 0.357367 -0.836044 -0.624113 -0.648822 0.677608 0.031450 0.441992 -0.303074 -0.875238 0.027721 0.328082 -0.375119 0.376976 0.203171 0.013383 -0.619291 0.547793 -0.303440 -0.527486
VERTEX_POSE A320 -0.866923 -0.829166 -0.977856 -0.278719 0.111687 0.503473 0.216856 -0.247780 0.183361 -0.141787 0.625693 0.622656 -0.684759 -0.248922 0.423262 0.232864 0.639365 -0.382154 -0.640117 0.276339
VERTEX_POSE A321 0.633697 0.677356 -0.204143 -0.626704 -0.528450 0.365522 0.490735 0.305241 0.231553 0.265323 -0.118426 0.561353 -0.589666 -0.483302 0.299895 0.570149 -0.581788 -0.638531 0.126516 -0.566343
VERTEX_POSE A322 -0.445596 0.653607 0.386081 0.178596 0.666293 -0.472453 0.006317 0.761395 -0.456155 0.459586 0.148803 0.227280 0.582798 0.012301 0.683836 0.310329 0.493411 0.222314 -0.593955 0.393104
VERTEX_POSE A323 -0.485418 0.670708 0.673813 -0.689502 -0.160017 0.294195 -0.693073 -0.137015 -0.452548 -0.577904 -0.259462 -0.105904 -0.338793 0.073252 -0.687094 0.229438 -0.471413 0.474697 0.135108 -0.828438
VERTEX_POSE A324 0.472507 -0.401876 -0.682957 -0.579848 -0.845277 -0.265206 -0.531479 0.156712 -0.489590 -0.455197 -0.479871 -0.669682 0.092108 0.646623 0.186088 0.092911 0.461119 0.454824 -0.702289 0.338249
VERTEX_POSE A325 0.228150 -0.309020 -0.463330 -0.924685 -0.892317 -0.153838 0.355755 0.502746 0.122264 -0.458968 0.821691 -0.823116 0.303857 0.164881 -0.153604 0.124390 -0.046577 -0.510167 -0.744973 -0.206677
VERTEX_POSE A326 0.857244 0.785728 0.315979 0.761989 0.347330 -0.430392 0.237806 0.701066 -0.615356 0.330519 -0.165722 -0.437693 -0.643145 0.265772 -0.492980 0.001711 -0.633898 -0.038673 -0.648511 -0.092629
VERTEX_POSE A327 -0.242782 0.981932 -0.731598 -0.244973 0.261710 -0.372342 0.311083 -0.361186 0.708938 -0.194366 -0.668780 0.522016 0.771252 0.338807 0.203819 -0.268862 0.398133 0.211486 -0.445345 0.385977
VERTEX_POSE A328 -0.345506 -0.601317 0.535656 0.796841 -0.926989 0.547971 -0.450255 -0.623631 0.104103 0.510572 -0.575807 -0.592742 -0.069466 -0.473526 -0.580909 -0.251016 -0.210037 0.009612 0.684655 -0.105774
VERTEX_POSE A329 0.948055 -0.787466 0.854545 0.426398 -0.742519 0.481662 -0.474315 0.450313 0.229731 -0.423502 -0.303928 -0.561413 -0.727948 0.149640 -0.410595 0.252752 0.688507 0.481096 0.043339 0.456522
VERTEX_POSE A330 -0.016265 0.577041 -0.842050 -0.498465 -0.797957 0.271408 -0.252478 -0.433593 -0.340050 0.439272 0.531805 0.722141 0.675124 0.022979 -0.246490 0.060883 0.207506 -0.477974 0.532725 -0.696846
VERTEX_POSE A331 0.341837 -0.946015 0.461930 -0.276106 0.621364 -0.192358 -0.437011 -0.725339 0.663140 0.076631 0.240797 -0.567929 0.349389 0.303429 -0.447962 -0.131952 0.277195 -0.005449 -0.814657 0.496984
VERTEX_POSE A332 -0.093552 0.805158 -0.988284 0.571451 -0.026761 -0.713786 -0.398074 -0.182732 -0.341953 0.880602 -0.312161 -0.524315 0.056180 0.657307 -0.284071 -0.220191 -0.550849 -0.134075 0.120152 0.365619
VERTEX_POSE A333 -0.252968 0.626211 0.481132 -0.162022 -0.237307 -0.583093 -0.675013 0.368837 0.426040 -0.390382 0.441484 0.401361 -0.593872 -0.574887 -0.532986 0.045295 -0.316234 -0.182558 -0.192934 -0.488418
VERTEX_POSE A334 -0.124927 0.636261 -0.224193 0.288847 -0.257347 0.302339 -0.284200 0.119597 -0.154759 -0.155010 -0.749114 -0.306043 -0.522316 -0.397593 -0.741158 -0.340053 0.485558 -0.491594 0.711866 -0.175152
VERTEX_POSE A335 0.031423 -0.056024 -0.779146 0.256123 0.324462 -0.163263 0.774924 -0.440259 0.285650 -0.401602 -0.459221 -0.236164 -0.188322 -0.752829 -0.891361 -0.121723 0.150472 -0.203597 -0.433505 -0.076781
VERTEX_POSE A336 -0.474819 -0.442459 -0.296324 -0.107206 0.692582 0.674857 -0.633280 -0.281466 -0.177004 -0.563887 0.602991 -0.034303 -0.132493 -0.534608 0.529271 0.169479 0.520905 0.481594 0.484470 0.005486
VERTEX_POSE A337 -0.905189 0.058089 -0.938097 -0.081476 -0.579782 0.157947 -0.502412 -0.516596 0.199471 -0.412988 -0.416900 -0.563833 -0.698698 0.388451 0.514772 -0.222873 0.631370 -0.593604 0.197920 -0.098995
VERTEX_POSE A338 0.668413 0.967625 -0.043061 0.353136 0.354227 0.252674 0.619065 -0.317440 0.362865 0.319412 0.560576 0.577250 -0.663958 -0.254922 0.220402 0.258892 -0.670935 -0.650146 -0.082880 -0.264287
VERTEX_POSE A339 0.387368 -0.972273 0.106857 -0.132222 0.716201 -0.372779 -0.442674 0.583133 0.492902 -0.076651 -0.266121 -0.483461 -0.539772 -0.371413 -0.577472 0.706485 -0.030544 -0.225555 -0.087689 -0.671011
VERTEX_POSE A340 0.310425 -0.590302 -0.810765 -0.840974 -0.285635 0.575474 0.152426 -0.715931 -0.204708 0.280095 -0.506507 -0.125262 -0.624429 -0.263365 0.517279 -0.616302 0.087769 -0.586222 -0.358572 -0.392211
VERTEX_POSE A341 -0.971727 -0.932374 0.379869 -0.464398 -0.183555 0.411166 -0.223240 -0.497708 -0.409039 0.366153 0.442048 -0.593548 -0.691965 0.050107 0.217593 -0.574358 0.313804 -0.513793 0.085985 -0.675202
VERTEX_POSE A342 0.867335 0.323485 -0.262796 -0.038099 -0.837998 0.603662 0.301798 -0.454493 0.306656 0.604097 0.582069 0.390167 0.073387 -0.448461 -0.422865 0.159339 -0.481790 0.458814 -0.716387 0.146265
VERTEX_POSE A343 0.934811 -0.392914 -0.907603 0.923639 -0.145487 -0.224016 0.428031 -0.032107 -0.763780 0.334290 -0.405163 -0.327629 -0.779933 -0.313804 -0.073341 0.218149 0.355631 -0.503723 -0.221710 0.780939
VERTEX_POSE A344 0.138053 -0.327606 -0.626934 0.715609 0.130900 0.330978 -0.311172 0.576965 0.548783 -0.526534 0.141057 -0.192749 -0.075166 0.039314 0.686564 0.699548 -0.047830 -0.284196 0.361823 0.802110
VERTEX_POSE A345 0.624982 0.452062 0.932142 0.147581 -0.340777 0.064821 -0.017380 0.165277 0.750516 -0.242420 0.530811 0.299699 0.286658 0.160037 -0.125536 -0.926089 -0.063178 0.571791 -0.033407 -0.813216
VERTEX_POSE A346 0.242003 -0.376078 -0.589163 0.228945 0.869483 0.726376 0.270510 0.211120 -0.073815 0.612613 -0.705385 0.339108 -0.133725 -0.529984 0.402468 0.399276 0.278034 -0.435839 0.611740 0.315711
VERTEX_POSE A347 0.377073 -0.889554 -0.091204 0.492555 0.533652 -0.489726 -0.497204 0.424299 -0.557033 0.139407 -0.516594 0.636342 -0.301393 -0.341657 -0.210392 -0.023489 -0.627555 -0.026220 -0.801227 -0.206266
VERTEX_POSE A348 -0.700762 -0.285623 0.237651 -0.057150 0.485618 -0.467248 0.456634 0.127135 -0.264368 -0.380500 -0.779324 0.424793 -0.051414 -0.377528 -0.559396 -0.642451 0.295412 0.467350 -0.480955 0.383008
VERTEX_POSE A349 0.496646 -0.313080 -0.504654 -0.344165 0.190688 -0.058665 0.721303 -0.588062 -0.541029 -0.411952 -0.200296 0.754986 -0.113992 0.135336 0.017823 -0.491910 -0.415744 -0.365410 0.234622 0.650312
VERTEX_POSE A350 0.787400 0.467813 0.072752 0.868442 0.884830 0.157528 0.240639 -0.386116 0.089045 0.019356 -0.788573 0.796751 -0.521792 -0.083891 -0.568668 -0.724898 -0.285188 -0.095190 0.379440 -0.375097
VERTEX_POSE A351 -0.567685 -0.114789 0.259795 0.664130 -0.402695 0.097405 0.201482 0.689153 -0.083628 0.517803 0.278792 -0.816590 -0.027853 0.365717 0.508235 0.358321 0.267471 0.241654 -0.749743 0.491990
VERTEX_POSE A352 0.130344 -0.635724 0.291203 0.029132 0.662239 0.377564 -0.362872 -0.218293 -0.112935 -0.232602 -0.390043 0.614860 0.663068 0.212680 0.365066 0.131803 -0.797742 -0.577378 0.597653 -0.344368
VERTEX_POSE A353 -0.658196 0.121420 -0.541167 0.047038 0.551123 0.509501 0.564049 -0.386348 -0.269773 -0.117831 -0.879313 -0.358906 -0.378012 0.033193 0.520052 -0.173889 0.165729 0.518038 -0.703444 -0.221304
VERTEX_POSE A354 -0.053103 -0.444081 -0.066392 0.974629 0.437288 -0.428346 0.375359 0.011501 -0.084568 -0.055567 -0.720825 0.070361 0.279586 -0.672514 0.410177 -0.703014 -0.153009 0.797604 0.532560 0.067762
VERTEX_POSE A355 -0.397150 -0.037600 0.608246 0.449283 0.816961 -0.374279 -0.676987 0.626603 -0.502719 0.378049 0.218085 0.739757 0.004084 0.506851 -0.244630 0.294590 0.148024 0.010232 0.558540 0.530094
VERTEX_POSE A356 0.569954 0.812400 -0.004497 0.122354 0.658806 0.597836 -0.682376 0.381026 0.776936 0.594900 -0.168348 0.179614 -0.306944 -0.689168 0.018047 -0.283882 -0.410096 0.079848 0.075195 0.428190
VERTEX_POSE A357 -0.195859 -0.658353 -0.750414 0.736617 -0.215383 0.355891 -0.027935 0.591692 -0.496154 -0.421219 0.460241 0.685059 -0.577162 0.091627 -0.022725 0.465379 0.651066 -0.396675 -0.521633 0.076140
VERTEX_POSE A358 0.360069 -0.055668 0.876648 -0.795690 0.078671 -0.302981 -0.009656 0.106713 -0.474241 -0.107301 -0.412463 -0.781496 0.339248 0.317906 -0.063058 -0.677408 0.689942 0.261889 0.643757 0.491328
VERTEX_POSE A359 -0.775552 -0.788917 -0.468841 -0.080806 0.731817 0.492368 -0.710875 0.139205 -0.245934 0.285777 -0.024879 -0.246062 0.003715 -0.627696 0.684548 0.264771 -0.610871 -0.409802 -0.585552 -0.461343
VERTEX_POSE A360 -0.247804 -0.445819 -0.895868 0.163016 0.042099 0.546681 0.310005 -0.362882 0.109122 -0.599960 -0.638338 0.650302 0.213643 -0.110700 -0.294633 0.700626 -0.277323 -0.423710 0.086167 -0.609655
VERTEX_POSE A361 -0.656196 -0.478627 -0.965402 -0.294155 0.280715 -0.746374 -0.226249 0.284538 0.515018 0.345119 0.554424 -0.188752 0.221249 0.069176 0.112715 0.097582 -0.775315 -0.359653 0.878198 -0.075853
VERTEX_POSE A362 0.566285 -0.734933 0.993089 0.643088 0.353181 -0.378083 0.534648 -0.547381 -0.168332 -0.802583 -0.222844 -0.364967 -0.210091 0.052209 -0.679276 -0.083668 -0.219755 0.483840 -0.137380 -0.774401
VERTEX_POSE A363 0.658644 -0.640660 -0.884152 -0.265533 -0.984662 -0.050972 0.264983 0.646471 0.321631 -0.498769 0.615444 0.262535 0.279971 0.340906 -0.870891 -0.324284 0.242319 0.258030 -0.705316 -0.168431
VERTEX_POSE A364 0.090836 -0.852416 0.515731 0.543823 -0.956592 0.376375 -0.560909 -0.363852 0.704713 0.325112 -0.366536 -0.422672 -0.493531 -0.284243 0.261243 -0.510150 0.005365 -0.338853 0.275422 -0.807738
VERTEX_POSE A365 -0.558642 0.901329 -0.231104 -0.068065 -0.904166 -0.693764 -0.003269 0.498580 0.262690 0.691145 0.545421 -0.085366 -0.552043 0.536662 -0.379969 -0.057253 -0.346776 0.545914 -0.462903 0.213713
VERTEX_POSE A366 -0.309933 0.303316 -0.663298 0.990590 0.339801 -0.238697 -0.432214 -0.626311 -0.125980 0.466934 0.409214 -0.634370 0.432991 -0.385492 0.710089 0.421141 -0.515069 -0.143182 0.479920 -0.162413
VERTEX_POSE A367 0.616017 -0.294875 -0.780593 -0.563383 0.735990 0.338781 -0.205274 -0.333716 -0.513865 -0.434164 0.586474 -0.683105 0.588035 -0.254012 -0.323853 -0.430044 -0.688193 -0.222840 -0.488510 -0.080935
VERTEX_POSE A368 -0.463831 -0.040583 -0.169201 0.850459 -0.483949 -0.457326 0.789724 0.311971 -0.675218 -0.056501 -0.405985 0.120684 0.061499 0.648504 0.208865 0.430514 -0.531056 0.526066 0.428975 -0.187810
VERTEX_POSE A369 -0.641520 0.270940 0.293640 0.343726 -0.305972 0.565847 0.314412 0.545483 -0.648716 0.097858 0.651267 -0.252346 -0.657832 0.155483 0.083563 0.112754 0.425173 0.433963 -0.667916 0.270838
VERTEX_POSE A370 0.003385 -0.267148 0.326264 0.304395 0.452191 -0.135333 0.108690 0.108034 0.258480 -0.525562 0.805964 0.491336 -0.600574 -0.570074 0.583309 0.553027 0.111270 -0.577246 -0.213174 -0.037225
VERTEX_POSE A371 0.846595 0.369116 0.020034 -0.990516 0.230416 0.189211 0.576622 0.764157 0.375552 -0.360000 0.241088 -0.741568 0.012316 0.337731 -0.490468 -0.315761 0.142977 -0.180769 0.661854 -0.472690
VERTEX_POSE A372 -0.613247 0.338566 -0.326491 0.879328 0.510473 -0.813134 0.451299 0.018763 -0.210928 0.274045 0.373793 0.283574 0.658987 -0.679257 -0.441169 -0.535563 -0.627136 0.138845 0.011703 0.072366
VERTEX_POSE A373 -0.129280 -0.943663 -0.936532 -0.733704 0.614193 -0.421939 -0.403572 -0.540752 0.481681 -0.165901 -0.740444 0.726098 -0.005477 0.103509 -0.189184 -0.284057 0.049749 0.164139 -0.853750 0.382283
VERTEX_POSE A374 0.781405 0.976202 0.112431 0.933124 -0.915070 -0.469035 -0.514772 -0.503163 -0.105984 -0.405864 0.628126 0.020239 0.295778 0.446768 0.607448 -0.669935 0.099348 -0.631958 -0.184353 0.377907
VERTEX_POSE A375 0.524807 -0.989040 0.046575 0.594937 -0.358627 0.311524 -0.443580 -0.259965 0.607219 -0.433499 0.352530 -0.660140 -0.378746 0.532671 0.123920 -0.258659 0.457016 -0.288265 -0.636366 -0.561728
VERTEX_POSE A376 -0.504299 0.508399 0.995610 0.413877 -0.726585 0.090097 -0.166518 -0.346249 0.279379 0.580411 0.321979 0.851783 -0.386004 -0.215894 -0.175742 -0.679565 0.618462 -0.396751 -0.156803 -0.589353
VERTEX_POSE A377 0.023408 -0.399876 0.523269 0.162068 0.954413 0.195209 -0.604086 0.378623 -0.171504 0.718902 0.552929 -0.740072 -0.129494 -0.259721 -0.561356 -0.303908 0.521406 -0.263918 0.095553 -0.459994
VERTEX_POSE A378 -0.098120 -0.878593 0.955371 0.087492 -0.824975 0.558959 -0.063156 0.110120 0.001242 0.411516 -0.508504 0.134208 0.586005 -0.472294 -0.538405 0.557193 0.533795 0.616175 0.415693 0.470424
VERTEX_POSE A379 -0.205061 -0.777224 0.233261 -0.643273 0.759033 0.720409 -0.482314 -0.075699 -0.043891 -0.736052 0.191754 -0.560060 -0.353699 -0.516200 -0.095614 -0.196800 -0.469899 -0.395315 -0.248531 0.685735
VERTEX_POSE A380 -0.479946 0.287044 -0.981385 0.817903 0.145101 0.435315 0.371193 -0.532591 -0.160522 0.534319 -0.514823 0.476670 -0.595226 -0.346091 -0.401562 -0.470662 -0.557649 -0.629497 -0.030041 -0.143360
VERTEX_POSE A381 -0.310720 0.589220 0.028123 -0.044066 -0.940145 -0.478305 -0.148674 0.792213 -0.274022 0.048539 -0.387180 0.544306 -0.648251 -0.019278 -0.630388 -0.419383 -0.458158 0.049778 0.615978 -0.110500
VERTEX_POSE A382 0.227254 0.107987 -0.506944 -0.979143 -0.643662 0.928936 0.073999 -0.325931 0.305496 -0.680560 0.527120 0.046290 -0.008630 0.003445 0.177926 0.719696 0.426323 0.099746 0.115438 0.658900
VERTEX_POSE A383 0.650398 0.651319 0.309817 -0.152965 -0.192661 0.043999 0.344371 0.433480 0.189374 0.343489 -0.169691 -0.505839 -0.182889 -0.697996 0.783350 -0.491966 -0.245261 -0.304453 -0.698530 0.485744
VERTEX_POSE A384 0.031084 -0.289360 0.486956 -0.997027 0.610977 -0.185167 0.170419 0.684699 0.257351 -0.703256 0.495185 -0.508712 0.428441 0.267767 -0.359046 -0.294663 -0.461006 -0.715389 -0.453873 0.041878
VERTEX_POSE A385 -0.825848 0.663907 0.426664 0.995486 0.793625 -0.144750 0.296246 -0.838256 0.310765 0.627750 0.441308 -0.648591 0.515127 0.185336 0.524642 0.477181 -0.261181 0.431919 -0.158464 -0.002889
VERTEX_POSE A386 -0.746752 -0.386281 -0.081937 -0.703682 -0.375699 0.654762 0.732355 0.005542 -0.473570 0.380494 0.638315 -0.417228 0.508043 -0.546550 0.279715 -0.236765 -0.266682 0.307730 -0.068666 0.471897
VERTEX_POSE A387 -0.398962 -0.476960 -0.517541 0.125327 0.269784 -0.196934 -0.261120 0.802128 -0.664583 -0.308637 -0.442289 0.538667 -0.825804 -0.143790 -0.038406 -0.025229 0.362731 0.477398 0.392390 -0.093392
VERTEX_POSE A388 -0.021708 -0.994446 0.676250 0.732103 -0.421757 -0.308660 -0.590475 0.525111 0.476129 0.007934 -0.019681 -0.674675 -0.230990 -0.555425 -0.212085 0.567460 -0.234936 -0.421739 0.525270 0.600150
VERTEX_POSE A389 0.613317 0.558051 -0.205289 -0.499372 0.702972 0.159253 0.446705 -0.615781 0.613675 0.514501 0.570303 -0.290287 0.356262 0.252845 -0.377858 -0.218478 0.481256 0.609097 -0.600907 0.005465
VERTEX_POSE A390 -0.174514 -0.265877 0.013618 -0.955479 0.001601 -0.090061 0.399945 0.539759 -0.199182 -0.610154 -0.206134 0.018229 0.389476 0.235465 -0.685732 -0.327453 0.553549 0.694013 -0.456989 0.551642
VERTEX_POSE A391 0.730489 -0.440265 0.780382 -0.104881 0.620342 -0.007912 0.922110 -0.353228 0.270312 0.311517 0.715472 0.229057 0.189097 0.305316 -0.712396 0.085277 -0.064870 -0.605718 0.098187 0.515658
VERTEX_POSE A392 0.957121 -0.920575 -0.170690 0.206473 -0.016313 -0.591139 0.776655 -0.147090 0.560937 0.296215 -0.631235 -0.552455 -0.533497 -0.397258 -0.139928 -0.085780 -0.572329 0.105444 -0.130716 -0.307462
VERTEX_POSE A393 -0.608229 -0.000809 0.006707 0.687609 -0.645218 0.581737 -0.272676 -0.455826 0.418157 -0.587882 0.569407 0.578983 0.205853 -0.194705 -0.385256 -0.722097 -0.433762 0.055519 0.127444 -0.491872
VERTEX_POSE A394 0.389133 -0.080925 0.896230 0.629586 0.635680 -0.039550 0.541992 -0.464095 -0.500773 0.421560 0.733025 0.415493 0.583922 -0.059178 -0.653477 -0.208163 -0.405041 -0.384703 0.379783 -0.282365
VERTEX_POSE A395 0.047957 -0.772991 -0.654960 -0.249704 0.027095 -0.097061 -0.157507 0.460460 0.588508 -0.389578 0.305754 0.546619 0.598074 -0.409037 0.057720 -0.670537 -0.692150 0.584905 -0.126915 0.219339
VERTEX_POSE A396 -0.166871 -0.099481 0.775603 -0.380456 -0.549385 0.615075 -0.453141 0.011352 0.049416 0.073008 0.225528 -0.042057 0.736658 -0.369331 0.655519 0.155041 -0.532270 -0.433322 -0.471837 -0.727524
VERTEX_POSE A397 -0.920800 -0.777610 -0.767069 0.620176 -0.024519 -0.207436 -0.347130 -0.660055 -0.428554 0.380287 0.495329 -0.015387 0.432065 -0.045175 -0.584960 -0.620384 0.359001 0.656427 -0.404136 0.433653
VERTEX_POSE A398 -0.336026 -0.067866 -0.435553 0.186913 -0.236915 -0.716958 0.354708 -0.285871 0.528472 -0.133227 -0.622504 0.293742 0.688340 0.459509 0.272742 -0.036440 0.324135 -0.214516 -0.617489 0.463200
VERTEX_POSE A399 0.369298 0.859937 -0.393598 -0.529997 -0.033334 0.557017 -0.206066 -0.355815 -0.654530 -0.074617 -0.579269 -0.334981 -0.607317 -0.065102 -0.374977 0.184458 0.631164 0.092209 -0.741020 0.367745
VERTEX_POSE A400 -0.562320 0.493330 0.526572 -0.036098 0.669509 -0.340486 0.393554 0.533501 0.197622 0.607483 0.265619 0.450457 0.048431 -0.464421 0.673589 0.364514 0.083675 0.434029 -0.583835 0.649719
VERTEX_POSE A401 0.667358 0.664986 0.890711 -0.508691 -0.784724 -0.479613 -0.422091 0.034673 0.572367 -0.271717 -0.424714 0.525568 -0.369192 0.739834 0.394907 0.521550 -0.204530 0.100967 -0.582831 -0.478778
VERTEX_POSE A402 0.215893 0.229053 0.626436 -0.520513 -0.802918 -0.141292 -0.405287 0.512765 0.743059 -0.118924 0.426993 -0.478453 -0.249356 0.563872 -0.430935 -0.028217 -0.178911 -0.115227 0.870991 0.452535
VERTEX_POSE A403 -0.175566 -0.168103 -0.799919 -0.156770 0.179981 -0.486597 -0.456777 -0.716323 -0.681161 -0.211734 0.626818 0.084818 -0.624556 0.142819 -0.318363 0.455723 -0.267767 0.436685 -0.385708 -0.043412
VERTEX_POSE A404 -0.461922 0.721323 0.954179 -0.242395 0.829469 0.008882 0.197101 0.695531 0.537674 0.157024 -0.199898 0.559830 -0.533142 -0.256926 0.526112 0.685452 0.044107 -0.347311 0.427094 -0.638999
VERTEX_POSE A405 -0.002702 0.205255 -0.261133 -0.587389 -0.717988 0.555786 -0.553933 -0.604532 0.485837 -0.326547 0.635220 -0.306117 -0.022968 -0.444934 -0.601128 -0.764276 0.181072 0.001355 0.043368 0.016808
VERTEX_POSE A406 -0.650760 -0.157143 0.246656 -0.561833 0.821354 0.412065 -0.393350 0.218045 0.586509 0.552580 -0.401213 -0.028308 -0.684829 -0.460799 -0.662722 0.230326 -0.408153 -0.214959 0.133752 0.642309
VERTEX_POSE A407 0.033779 0.229723 0.949789 -0.828518 -0.897115 -0.041896 -0.142221 -0.591764 -0.487281 -0.620014 0.438813 -0.760085 -0.027829 -0.395765 0.409004 -0.750236 -0.108166 -0.125655 0.178124 0.537521
VERTEX_POSE A408 -0.979294 0.805379 -0.737864 0.574679 -0.763576 -0.119931 -0.009525 0.196558 -0.897845 0.319084 -0.063668 -0.232596 -0.605198 -0.730266 0.351308 0.329271 -0.531560 0.044418 0.650700 -0.376120
VERTEX_POSE A409 0.251120 -0.035736 0.202027 0.525659 0.996379 0.515058 0.232748 -0.768674 -0.286498 0.554595 0.216618 -0.495369 0.005868 -0.502203 -0.200787 0.735077 -0.055232 -0.605746 -0.312858 -0.327046
VERTEX_POSE A410 0.828718 0.452499 0.183050 -0.471791 0.861918 0.743260 0.498139 0.438229 0.050471 -0.249109 0.260178 0.036681 -0.523726 0.384282 -0.129735 0.488000 -0.444507 0.653330 -0.421153 -0.628493
VERTEX_POSE A411 -0.459240 0.092422 -0.719249 0.392582 0.381525 0.020998 0.769997 -0.579531 -0.261634 -0.340048 -0.515519 0.587256 0.188081 0.397479 0.747551 -0.365826 -0.487657 0.165543 0.349670 0.050849
VERTEX_POSE A412 0.940400 -0.446517 -0.769850 -0.518407 -0.943766 0.553368 -0.610745 -0.448382 0.170561 -0.430780 0.233433 0.087794 0.478768 -0.726600 0.538214 0.352728 0.463834 -0.606061 -0.296282 -0.037050
VERTEX_POSE A413 0.055972 -0.439514 0.676106 -0.450934 -0.781745 -0.389317 0.043267 0.009086 -0.374164 -0.427767 0.803839 0.331929 -0.662539 -0.239514 -0.001015 -0.605399 -0.224627 0.773470 0.098376 0.495919
VERTEX_POSE A414 -0.808842 -0.256258 0.590568 -0.760383 -0.811135 0.110128 0.631440 -0.708303 0.680435 -0.292159 0.097275 0.712325 0.049211 -0.103983 -0.097124 -0.574600 -0.637756 0.089667 0.428181 0.267021
VERTEX_POSE A415 -0.028516 0.264124 0.717106 -0.515434 0.667211 -0.412309 0.744633 -0.290505 0.089320 0.387965 0.179301 -0.655717 0.037461 0.677130 -0.494432 -0.535305 -0.126465 -0.384181 -0.083964 -0.639500
VERTEX_POSE A416 0.230124 -0.775607 0.102770 -0.455449 -0.988119 -0.003541 0.761385 0.204896 -0.762056 0.239941 0.411047 0.083264 -0.472273 0.787128 -0.357311 -0.086388 -0.332226 0.533530 0.363616 0.243134
VERTEX_POSE A417 -0.555594 0.357461 -0.491369 -0.464064 -0.186835 -0.274844 -0.203837 -0.899118 -0.022454 0.359278 -0.323414 -0.850703 -0.350004 0.288739 0.170866 -0.601615 -0.060057 0.413602 -0.587304 0.003659
VERTEX_POSE A418 0.572522 0.787164 -0.800435 0.609893 -0.063005 -0.489508 -0.317238 0.008885 -0.257935 0.051702 -0.386508 -0.427304 0.708902 0.555312 -0.509547 0.250727 -0.638896 0.501623 0.575570 -0.366022
VERTEX_POSE A419 -0.791584 -0.770053 -0.220979 -0.723345 -0.409876 0.595193 -0.176963 0.446555 0.223869 0.322838 -0.443419 -0.469508 0.542486 -0.071752 -0.589221 -0.290389 0.506061 0.167358 0.697024 0.585425
VERTEX_POSE A420 -0.942277 -0.084488 0.303342 0.036564 -0.483862 -0.590388 -0.643553 0.428422 -0.440746 0.358738 0.273427 -0.373249 0.324539 0.050792 0.410457 -0.517792 0.160718 0.386517 0.289331 0.844560
VERTEX_POSE A421 -0.601992 -0.478713 0.213182 0.654414 0.938596 -0.447663 0.555050 -0.340718 0.477621 0.372590 0.461321 0.433157 0.218994 -0.774518 0.413467 -0.554716 -0.233858 -0.461406 -0.444329 -0.128558
VERTEX_POSE A422 0.938905 -0.210318 -0.440597 0.171774 -0.789535 -0.607771 -0.283387 0.125680 -0.523428 -0.330323 0.450594 0.080657 -0.761865 -0.625046 -0.575313 0.462132 -0.624399 0.138371 -0.128743 0.024766
VERTEX_POSE A423 -0.985157 -0.005063 -0.867348 -0.756963 0.499825 0.023076 0.482865 -0.720683 0.289062 -0.031683 -0.539303 0.512941 -0.012517 -0.008086 0.468007 -0.710092 -0.180397 -0.658614 -0.511323 -0.396435
VERTEX_POSE A424 -0.210221 0.520478 -0.780111 0.342023 -0.706623 -0.578492 -0.488832 -0.621590 0.335561 -0.167108 -0.426388 -0.299325 -0.131039 0.390501 -0.485803 0.804525 -0.251156 0.476599 0.262080 -0.465026
VERTEX_POSE A425 0.328038 0.708757 -0.544368 -0.198640 0.846145 -0.662008 0.048337 -0.735505 -0.601801 0.490838 0.605835 0.401241 0.496333 -0.200616 -0.152053 -0.321618 0.114095 -0.124361 -0.637932 0.196804
VERTEX_POSE A426 0.062800 0.221945 -0.522308 -0.006667 -0.473080 0.059076 -0.585287 0.334452 0.585935 -0.361345 -0.263871 -0.274958 -0.440719 0.603810 0.732857 0.305140 0.526131 0.201267 -0.489413 -0.420848
VERTEX_POSE A427 0.622907 -0.579003 0.995492 0.961567 -0.256008 -0.440018 -0.046337 0.337423 -0.459045 0.144900 0.632832 -0.004570 0.000305 -0.390383 -0.703197 -0.461013 -0.470265 -0.318048 0.874256 -0.334845
VERTEX_POSE A428 0.407238 0.931147 -0.311436 -0.578464 -0.178374 -0.604188 0.688316 -0.050756 0.309872 0.665735 0.064102 0.412966 0.190032 0.509924 -0.578203 -0.210581 0.635010 0.184600 0.050618 0.574504
VERTEX_POSE A429 0.726774 -0.845921 0.042140 -0.819753 0.290005 0.329878 0.294889 -0.079083 -0.798809 0.406474 -0.146122 0.028434 0.667496 0.644570 0.029784 -0.335385 0.699924 -0.501388 -0.435645 0.258902
VERTEX_POSE A430 -0.007795 -0.719066 -0.398106 -0.568430 0.710658 0.598201 0.448525 -0.220089 -0.379574 0.439704 -0.768888 0.485724 -0.341693 -0.211944 -0.372937 -0.562987 -0.295688 0.350813 -0.414460 -0.477515
VERTEX_POSE A431 0.844918 0.424477 -0.784865 0.385438 -0.508865 -0.298284 0.351230 -0.420077 0.322927 0.343292 0.673345 -0.431940 -0.500180 0.546225 0.708319 -0.539980 -0.222969 -0.344174 -0.465864 -0.148545
VERTEX_POSE A432 0.394133 0.819065 -0.067149 -0.328444 0.505281 0.601680 0.481467 -0.005648 -0.242851 0.665599 -0.640054 -0.591118 0.471609 0.597808 -0.416279 -0.242792 -0.247499 0.237268 0.209294 0.414330
VERTEX_POSE A433 -0.791902 0.509987 -0.771670 -0.088942 0.907741 0.393754 -0.156112 -0.653234 -0.518270 0.266026 0.309759 0.032328 0.428733 -0.329663 -0.536740 -0.747611 -0.242272 -0.535928 0.402647 -0.556741
VERTEX_POSE A434 -0.330648 -0.743626 -0.584784 -0.771332 0.671116 0.618916 -0.267301 -0.104672 0.147053 -0.485103 0.751487 0.562400 0.731365 0.167441 0.523168 -0.296665 -0.183447 -0.072936 0.265181 0.602181
VERTEX_POSE A435 0.932211 0.540388 -0.112970 0.429160 0.334751 0.561581 0.381540 0.438247 0.222164 -0.200852 0.664921 0.444049 0.606978 -0.384662 -0.575812 0.613496 0.133864 0.326392 -0.263223 -0.447142
VERTEX_POSE A436 0.205396 -0.284758 -0.032803 0.323669 -0.810247 0.461375 -0.231681 -0.414970 -0.012170 -0.384212 -0.747537 -0.683252 -0.609645 0.080507 -0.022678 0.366128 -0.310718 -0.565364 0.541284 -0.407383
VERTEX_POSE A437 0.018592 0.099231 0.661872 -0.333165 0.492471 0.134931 0.388471 0.249431 -0.720628 0.391534 0.061572 0.629024 0.319865 -0.348771 -0.078265 0.693221 -0.404146 -0.246357 -0.336039 -0.805616
VERTEX_POSE A438 -0.034010 -0.229889 -0.163181 0.600643 0.437635 -0.395014 -0.709278 -0.387247 -0.669935 -0.051684 0.048849 -0.416967 0.039129 0.799667 0.116157 -0.447573 0.163136 0.455848 -0.540741 0.426113
VERTEX_POSE A439 0.226102 -0.479380 0.229334 -0.101652 -0.573823 -0.047951 0.339430 -0.435217 0.144840 -0.188222 -0.558074 -0.747561 -0.615850 0.042887 -0.159304 0.384676 0.634296 0.626496 -0.567550 0.308172
VERTEX_POSE A440 -0.730288 -0.936505 -0.136101 -0.807506 0.488850 0.556708 -0.468305 0.635304 -0.544801 -0.065870 0.541277 0.557447 0.680321 0.095120 -0.284403 0.510141 0.332154 -0.040443 0.230803 0.428991
VERTEX_POSE A441 -0.205292 -0.777390 -0.980131 -0.871149 0.299553 -0.188223 0.502069 0.072597 -0.870478 -0.282917 0.067952 0.099530 -0.597872 0.664088 0.235754 0.327489 0.635709 0.375972 -0.450759 -0.380753
VERTEX_POSE A442 0.766863 0.613043 0.510084 -0.709070 0.807702 0.454898 0.469090 0.104333 0.729075 0.065461 0.414169 -0.217596 -0.403118 0.804611 0.318925 -0.673171 -0.137801 -0.335344 0.400008 0.388833
VERTEX_POSE A443 -0.789888 -0.383022 0.094049 -0.325913 0.545083 -0.132627 -0.199594 -0.865520 0.419991 0.405329 -0.435135 -0.571660 0.728957 0.052470 -0.570105 -0.032372 -0.228207 -0.392687 -0.513269 0.081860
VERTEX_POSE A444 0.850680 -0.216904 0.695975 -0.322083 0.517808 0.549530 -0.589205 -0.276053 0.035938 -0.129137 0.129289 0.075027 0.561811 0.350041 -0.410006 -0.560764 0.688429 -0.723182 -0.077931 -0.557330
VERTEX_POSE A445 0.958021 -0.643216 0.100652 -0.469453 0.996567 -0.324862 0.494241 -0.342250 0.170464 -0.545565 -0.735615 -0.413678 -0.122137 -0.402727 0.237414 -0.524400 0.314276 -0.798693 -0.410088 0.284215
VERTEX_POSE A446 0.181596 0.881102 -0.188846 0.158653 0.212295 -0.786356 0.377075 0.240938 0.145146 0.750792 0.118426 0.312724 0.351779 -0.620201 0.244832 0.409661 0.181897 -0.450375 0.050551 -0.714275
VERTEX_POSE A447 0.080804 0.007490 -0.201255 0.222468 0.529689 -0.801060 -0.420998 -0.330506 0.100692 0.517080 -0.448159 -0.147947 0.104858 0.738952 0.526602 -0.471273 -0.304498 0.221281 -0.567711 0.226164
VERTEX_POSE A448 -0.597573 0.714245 0.609284 0.066483 -0.190268 0.405612 0.335805 -0.698329 -0.490797 0.514474 0.248035 0.258358 0.360988 -0.165071 -0.528408 0.457970 -0.304209 0.498632 0.531509 0.575347
VERTEX_POSE A449 -0.245882 0.668266 0.010719 -0.231454 -0.850710 -0.731245 -0.303993 -0.461374 0.361568 0.199853 -0.521808 -0.014519 0.789326 -0.263605 0.570478 -0.494465 -0.360249 0.094306 -0.010733 0.561769
VERTEX_POSE A450 0.289220 0.237437 0.577766 0.499123 -0.880187 -0.488178 -0.661799 0.212222 0.479815 0.039857 0.554311 -0.693583 0.617038 0.293807 0.112936 0.033402 0.720414 -0.194030 -0.422589 0.205870
VERTEX_POSE A451 -0.539850 -0.370243 -0.087374 -0.896953 0.325870 -0.778671 0.114207 -0.187446 0.042693 0.319906 -0.843706 -0.490395 -0.425050 0.188067 0.157134 0.562511 0.406366 -0.355907 0.622520 0.229176
VERTEX_POSE A452 0.152126 -0.810447 -0.776099 -0.577040 -0.912115 0.575798 -0.468246 -0.376945 -0.327528 -0.058454 0.377791 -0.698938 -0.020048 -0.582032 0.074650 0.326170 0.472708 -0.259028 -0.818865 0.391116
VERTEX_POSE A453 0.228125 -0.972881 -0.862832 -0.329103 -0.669722 -0.392455 0.479318 0.370725 0.649183 -0.242773 0.022388 0.454437 0.111360 0.786873 0.416871 0.317719 -0.471882 -0.210350 -0.773285 0.142199
VERTEX_POSE A454 -0.525007 0.624694 0.045278 -0.653916 -0.174306 -0.246909 -0.083557 0.301489 -0.353248 -0.443110 0.468695 0.227965 -0.637564 0.341672 -0.536262 -0.469713 -0.692984 0.688990 -0.411770 -0.304075
VERTEX_POSE A455 0.941904 0.710031 -0.556210 0.764983 -0.618738 0.621424 0.420176 0.473060 0.228603 0.104973 -0.764499 0.446457 -0.355091 -0.331400 -0.229373 0.820994 -0.279126 -0.556451 -0.110956 0.063389
VERTEX_POSE A456 -0.443837 0.735876 -0.407199 0.472257 -0.823577 0.627170 0.057117 -0.103393 0.353105 0.540885 0.357180 -0.527780 0.443714 0.523567 0.441610 -0.128728 0.588852 0.091674 0.700520 -0.490778
VERTEX_POSE A457 0.537794 -0.153361 0.522970 0.339417 0.352614 0.100996 0.528793 0.387728 -0.165057 -0.307825 0.433745 0.219653 -0.780036 0.202258 -0.291770 -0.126768 -0.746304 0.910592 0.033094 -0.252300
VERTEX_POSE A458 0.564811 -0.868972 -0.560718 0.726550 0.125254 0.850932 0.212548 -0.149369 0.053084 0.222612 0.179636 -0.122752 0.873855 -0.327934 0.420786 0.049328 0.631701 0.284550 -0.373112 -0.662444
VERTEX_POSE A459 0.963401 0.667023 0.281364 0.893793 -0.001950 -0.452669 0.430912 -0.026103 -0.371391 -0.278102 0.475617 0.717101 0.059891 0.564566 -0.336865 -0.499359 0.462936 -0.171605 0.695721 0.489962
VERTEX_POSE A460 0.264568 0.000718 -0.434890 0.519664 -0.357381 -0.429543 -0.586798 0.278528 -0.152402 -0.604369 0.194710 -0.225548 0.383878 0.610211 -0.739142 0.375499 0.038779 -0.441660 -0.045212 -0.714597
VERTEX_POSE A461 -0.442983 -0.588038 0.041176 -0.841879 -0.164087 0.526352 -0.332684 0.505235 -0.215085 0.231473 -0.429983 -0.341991 0.678521 0.562794 -0.492698 -0.438471 -0.185319 0.563013 0.427894 -0.456916
VERTEX_POSE A462 0.808319 0.091500 0.496499 0.279231 0.489185 -0.390364 0.375139 -0.701011 -0.113215 -0.396929 0.112482 0.384990 -0.563836 -0.157035 0.827549 0.408464 -0.209239 0.041758 -0.465794 -0.653827
VERTEX_POSE A463 -0.341299 -0.180217 0.497960 -0.808781 -0.852100 0.462240 -0.749669 0.419865 -0.803557 -0.486876 0.151002 -0.189334 0.389720 0.652574 0.000424 0.202589 0.592165 -0.323702 -0.089576 -0.156205
VERTEX_POSE A464 -0.234885 0.921949 0.269506 0.069178 -0.256347 -0.063443 -0.005868 -0.512033 -0.414563 -0.817975 -0.319051 0.104239 -0.433361 0.586336 0.749240 -0.164698 -0.474711 0.501883 -0.340523 0.258629
VERTEX_POSE A465 -0.522329 0.347874 0.911715 0.507899 0.160301 -0.517139 -0.423507 0.426403 -0.290283 0.874654 -0.026700 0.260570 -0.138601 -0.625113 -0.327499 -0.190405 -0.598815 -0.687859 -0.012565 -0.261003
VERTEX_POSE A466 -0.409089 -0.639828 -0.615010 0.620380 0.482651 0.659858 -0.361047 -0.484475 0.207664 0.415810 0.213364 0.580508 -0.035280 0.751763 0.075283 -0.649391 0.050979 0.422854 0.523253 -0.389887
VERTEX_POSE A467 0.970511 -0.362809 -0.763296 -0.607153 -0.066594 -0.450740 0.496093 0.452632 0.056926 -0.424948 -0.456120 0.180777 0.701679 -0.519883 0.050169 -0.240073 0.443587 0.870859 0.152718 0.346455
VERTEX_POSE A468 0.496263 -0.552895 0.573587 -0.825266 -0.347228 -0.341918 0.710490 -0.217845 -0.698060 -0.189397 0.557248 -0.575044 -0.357053 -0.380601 0.095231 -0.547420 -0.414254 -0.236770 0.179378 -0.570574
VERTEX_POSE A469 0.556901 0.130283 0.221809 0.221022 -0.079714 0.507298 -0.705967 -0.188948 0.496911 0.371783 0.610858 -0.665366 -0.313588 0.495887 -0.201365 -0.104460 -0.342313 -0.111665 0.504122 -0.477565
VERTEX_POSE A470 0.196613 0.157811 0.466037 0.291194 0.359583 -0.815948 -0.307101 -0.095344 0.216393 -0.221948 0.570074 -0.521255 0.564787 0.352982 0.013517 0.081421 -0.733446 -0.124556 -0.728570 0.058189
VERTEX_POSE A471 0.765975 -0.489400 -0.562514 -0.632772 -0.858379 0.096649 -0.251228 -0.012657 -0.259163 0.254209 0.845708 -0.727901 0.423972 -0.157599 0.625049 0.586531 0.209576 0.054481 0.590332 -0.464605
VERTEX_POSE A472 -0.648391 0.352893 0.241678 0.349874 -0.780161 0.176872 0.568126 -0.396460 -0.243051 0.641296 0.726185 0.854608 0.158766 0.131029 -0.318103 0.441157 -0.531974 0.279459 0.214816 -0.123733
VERTEX_POSE A473 -0.036524 -0.229146 -0.023878 0.582124 0.167285 0.427605 0.251443 -0.142364 0.687890 -0.663179 0.244118 -0.473123 -0.378273 0.108844 0.232491 0.077955 -0.804257 0.257030 0.589748 0.511334
VERTEX_POSE A474 0.976087 0.127578 0.531534 0.041315 0.686705 -0.334777 -0.583302 0.615729 -0.501270 0.184923 -0.343145 -0.522297 0.646139 0.470043 -0.143625 0.137988 -0.362327 0.585859 0.434772 0.388467
VERTEX_POSE A475 -0.797711 -0.864011 -0.062347 -0.972209 0.737647 0.394580 -0.251958 -0.571189 -0.263108 -0.446145 -0.580278 -0.719841 0.068435 -0.287220 -0.332269 0.604281 -0.151071 0.382762 0.606327 -0.481355
VERTEX_POSE A476 -0.078503 0.127638 -0.923226 -0.887328 0.163852 -0.795298 0.273266 -0.200803 0.351264 0.419588 0.592375 -0.038147 -0.758789 0.247979 0.063640 -0.393975 -0.227643 0.488477 0.135253 -0.703886
VERTEX_POSE A477 0.157683 0.008680 -0.657311 -0.800031 -0.101001 -0.324257 0.246902 -0.277696 -0.064765 -0.393885 0.612223 -0.408647 0.636305 -0.037257 0.663584 0.596433 0.399941 -0.532284 0.152568 0.621874
VERTEX_POSE A478 0.283093 0.143479 0.736398 0.250259 0.267336 -0.651406 0.640216 -0.169971 0.073371 -0.209714 0.027550 -0.186772 -0.459727 0.348075 0.068313 0.375131 0.909101 0.728517 0.440535 -0.150764
VERTEX_POSE A479 0.323923 -0.158117 0.686058 0.179155 0.973584 0.463893 -0.322124 -0.491769 -0.263261 -0.683617 -0.039395 0.128910 -0.195160 -0.625336 0.425043 0.535020 -0.238793 -0.719873 0.323372 -0.555468
VERTEX_POSE A480 0.911801 -0.323054 0.353408 -0.031485 0.048289 -0.748200 -0.206954 -0.373747 -0.625575 0.390071 0.216652 0.010170 0.388350 0.568897 -0.220483 -0.347811 0.668926 0.011695 0.730223 -0.205594
VERTEX_POSE A481 -0.427687 -0.619085 0.314164 -0.250618 0.387149 0.365751 -0.887319 0.008336 0.488979 0.379063 -0.249395 0.467208 0.261119 0.431274 -0.375259 -0.022583 0.769981 -0.517710 -0.016829 -0.398578
VERTEX_POSE A482 0.784073 0.471640 -0.401316 0.282202 0.299454 -0.916320 0.110349 0.124502 0.008726 -0.686103 -0.543901 -0.143211 0.064784 -0.576791 0.344439 0.035999 0.318196 -0.145374 -0.715257 0.504713
VERTEX_POSE A483 0.063927 -0.133502 0.577309 0.391475 0.136174 -0.072171 -0.250179 -0.455594 -0.087987 -0.427625 -0.346292 -0.688918 0.663418 -0.171391 0.567395 0.449419 -0.664792 0.436468 0.335331 0.448545
VERTEX_POSE A484 0.800439 -0.591966 0.451332 0.420279 0.717427 0.792266 0.010093 0.244288 0.029835 -0.334447 0.803969 0.259436 -0.810731 -0.315779 -0.491192 -0.212320 0.385289 0.250693 0.430904 0.213996
VERTEX_POSE A485 -0.740934 0.096334 0.643962 0.628285 -0.874852 0.580645 -0.485303 0.406772 -0.313295 -0.561520 -0.675645 -0.403103 -0.628189 0.445213 -0.518380 0.176205 0.361356 0.365359 -0.153320 -0.221919
VERTEX_POSE A486 0.005831 -0.423471 -0.978900 0.156458 0.517436 -0.675194 -0.313384 -0.460524 -0.176163 -0.417138 0.435228 -0.149297 -0.266004 -0.469673 -0.051661 0.697274 -0.401648 0.698656 -0.413324 -0.465382
VERTEX_POSE A487 -0.643398 -0.856090 -0.955868 -0.107464 0.893850 0.010363 0.105875 0.387830 -0.554101 0.658934 -0.479051 0.568570 0.091940 -0.584684 0.377857 0.735602 0.469560 -0.476253 -0.070954 0.240324
VERTEX_POSE A488 0.796860 0.942973 0.166932 -0.032298 0.477762 0.256844 0.595949 0.681569 -0.505574 -0.315187 0.070540 -0.296451 0.709386 -0.588141 0.211129 0.114343 -0.240764 -0.738896 0.170876 0.355824
VERTEX_POSE A489 -0.429358 -0.292443 -0.539618 -0.116991 -0.357310 0.707776 0.120275 -0.446693 0.350912 -0.735322 0.141366 -0.450654 0.155825 -0.043609 0.244487 0.570580 -0.178519 -0.336231 -0.308209 -0.864124
VERTEX_POSE A490 -0.679997 0.810933 0.325497 -0.213671 -0.108100 0.862308 -0.128753 -0.468989 -0.325355 -0.283727 -0.281102 -0.136453 0.445116 -0.473288 0.287530 0.668443 0.481649 0.221981 -0.507915 0.495018
VERTEX_POSE A491 0.061428 -0.056309 0.732041 -0.512634 -0.879619 -0.175705 -0.529622 0.369226 0.446727 -0.239820 -0.342528 -0.365262 0.373053 0.596356 0.468247 -0.454440 0.566618 -0.645671 -0.562408 -0.263913
VERTEX_POSE A492 0.127659 0.119519 0.501558 0.041130 0.478603 -0.524450 -0.523641 -0.631030 -0.468386 0.566345 0.080548 0.516520 -0.336483 -0.108641 0.409975 0.512291 -0.728122 -0.265882 0.171437 -0.230972
VERTEX_POSE A493 -0.871678 -0.097567 -0.178004 -0.934440 -0.618915 0.487005 0.345115 0.148029 -0.115049 -0.670845 0.158258 0.748298 -0.452092 -0.427098 -0.042096 0.402587 -0.687159 -0.433437 -0.253770 -0.546298
VERTEX_POSE A494 0.720129 0.763475 0.230002 -0.321414 -0.731719 -0.623068 -0.137981 -0.389004 0.425997 -0.068511 0.553847 -0.044866 0.566959 -0.046564 0.305089 0.692317 -0.369027 0.578982 -0.418954 -0.635280
VERTEX_POSE A495 0.892774 0.041468 -0.228936 -0.889692 -0.777744 -0.104208 -0.295187 -0.249132 0.655099 0.226845 -0.534318 0.733898 -0.361258 0.311403 0.040012 -0.437754 0.523701 0.140635 0.734350 0.530286
VERTEX_POSE A496 -0.394007 -0.749692 -0.266289 0.573459 0.541386 -0.223120 -0.289018 0.479287 0.623279 -0.714236 0.075381 0.148681 0.154607 -0.682383 -0.419125 0.035273 0.285819 0.603298 0.617405 0.466115
VERTEX_POSE A497 -0.688960 -0.876353 0.614992 -0.701034 0.750931 0.080508 0.714926 -0.363573 0.298574 -0.195381 -0.752979 0.662761 0.154852 0.529557 -0.516189 -0.302590 0.097658 0.445723 -0.578936 -0.104256
VERTEX_POSE A498 0.863285 0.678659 0.007768 -0.496845 0.155662 -0.024631 0.237105 -0.851292 -0.699853 -0.064349 -0.043304 0.459332 0.477469 -0.202974 -0.183540 -0.499007 -0.473896 0.514710 -0.680188 -0.087469
VERTEX_POSE A499 -0.897744 -0.302587 -0.692702 0.748194 -0.805842 0.695875 0.295219 0.213985 0.091064 -0.896482 0.312377 0.608471 -0.179456 -0.607414 0.082449 0.258942 0.571084 -0.361152 0.099555 -0.401924
VERTEX_POSE A500 0.867941 0.253929 -0.163200 0.519988 -0.328783 -0.860314 0.477040 0.062590 -0.281756 -0.589085 0.559847 -0.005089 0.019749 -0.657458 0.365927 0.340440 0.371289 -0.215743 -0.555988 -0.335479
VERTEX_POSE A501 0.059898 -0.163530 -0.526195 0.794349 -0.484756 0.182873 -0.759780 0.296904 0.370650 -0.520334 -0.324541 0.230731 0.217145 0.521967 -0.145869 -0.102887 0.728364 -0.868713 -0.307000 -0.059637
VERTEX_POSE A502 0.868230 0.208013 -0.255216 -0.884578 -0.664221 -0.086810 -0.736859 0.200254 -0.520830 -0.459924 -0.570367 -0.168388 0.174951 -0.381917 -0.823307 0.277616 0.491760 -0.122521 0.371255 -0.496882
VERTEX_POSE A503 -0.780449 -0.393178 -0.921522 -0.130138 -0.108944 -0.093541 0.652869 -0.345090 0.038785 0.206415 -0.769276 0.731070 -0.104709 -0.170329 -0.346437 0.497938 0.316301 0.579019 0.521775 0.400086
VERTEX_POSE A504 -0.976626 0.607324 0.449927 0.376473 0.682529 -0.659457 -0.659241 0.176671 -0.354490 0.064453 0.222125 -0.539479 0.494073 -0.610926 -0.180247 -0.192972 -0.412769 -0.340481 0.529056 0.613057
VERTEX_POSE A505 0.844317 -0.664408 -0.723681 0.156738 -0.977516 -0.278185 0.014329 -0.794530 -0.716775 -0.028302 -0.200401 0.165147 0.425316 -0.200140 -0.027025 0.898847 0.040958 -0.617125 0.100867 0.535563
VERTEX_POSE A506 -0.578160 -0.257189 0.016131 -0.102347 -0.371296 0.600186 0.541699 0.200744 -0.341169 -0.406579 -0.167776 -0.381118 0.153178 0.677978 0.092563 -0.384136 0.686371 0.607916 -0.608466 0.028183
VERTEX_POSE A507 -0.055129 -0.265038 0.526701 0.489145 -0.153619 0.499638 -0.278307 -0.537200 0.396075 -0.465130 0.458168 -0.195993 -0.581210 -0.542576 -0.742577 -0.236441 -0.010903 -0.060447 -0.559008 0.454962
VERTEX_POSE A508 0.002000 0.344272 -0.380993 0.356706 -0.078517 -0.569906 0.344714 -0.569662 0.436268 -0.520331 -0.669629 0.435445 0.713078 -0.355111 0.411477 -0.000880 0.023444 0.354897 0.319289 0.316906
VERTEX_POSE A509 0.704933 0.886289 -0.247471 -0.852088 0.896040 -0.694072 0.109948 0.642166 -0.546754 0.464616 -0.509196 0.011446 0.410995 0.160136 -0.449431 -0.570896 -0.457409 0.131166 0.526502 -0.305739
VERTEX_POSE A510 -0.731206 0.576845 0.212759 -0.331700 -0.180034 0.817639 0.499053 -0.182845 0.066998 -0.211524 -0.398478 -0.131973 -0.301316 -0.634729 -0.390570 0.483565 0.320846 0.396253 -0.617719 0.549508
VERTEX_POSE A511 -0.086199 -0.978782 0.972415 -0.674778 0.969772 -0.284894 -0.448922 -0.328270 -0.064587 0.725573 -0.417040 0.284034 0.349932 0.654449 0.668282 -0.371160 0.041652 -0.622405 -0.108634 0.536915
VERTEX_POSE A512 -0.722754 -0.732795 -0.933308 -0.102706 0.283189 0.717635 -0.188372 -0.209089 0.493722 0.702607 -0.259253 0.200209 -0.481210 -0.332695 0.417604 -0.087738 0.873607 -0.163591 0.481247 0.123261
VERTEX_POSE A513 -0.947133 0.048485 0.811442 0.950502 -0.880580 0.158339 0.662808 0.217824 0.858636 -0.061402 -0.502631 0.447131 -0.392328 0.792037 0.184963 0.594427 0.257577 0.059458 0.222824 -0.079037
VERTEX_POSE A514 0.977728 -0.112284 0.549724 0.716697 0.105946 0.242226 -0.668799 -0.033970 -0.206993 0.532425 0.521652 -0.450144 -0.461634 0.376189 -0.414608 -0.232726 0.423506 -0.723845 0.044324 -0.637063
VERTEX_POSE A515 -0.922315 -0.324761 0.518024 -0.682427 0.000616 0.261750 -0.179895 -0.578735 0.251399 0.346938 -0.450302 -0.391667 0.661366 0.284213 0.267270 -0.473659 0.547255 0.802153 0.430713 0.286406
VERTEX_POSE A516 -0.688066 -0.855181 0.455404 0.578787 -0.755432 0.535454 -0.580556 0.548232 -0.523805 -0.600848 -0.208840 0.402476 -0.367471 -0.418291 0.501690 0.169372 -0.585336 0.158861 0.371773 0.371808
VERTEX_POSE A517 -0.016441 0.464245 0.570824 -0.126845 -0.376618 -0.656855 0.527973 -0.436129 0.058941 0.684194 0.385607 0.140293 0.233070 -0.275109 0.607315 0.445814 0.080829 -0.420184 -0.007203 0.760842
VERTEX_POSE A518 -0.565713 -0.180851 0.562156 0.210109 -0.105534 0.405501 0.523231 0.432605 -0.193877 0.239443 0.330409 0.604790 0.460475 -0.398590 -0.218635 0.239815 0.605165 0.620006 -0.631940 0.422593
VERTEX_POSE A519 -0.891206 -0.912207 -0.377664 -0.453511 0.722330 0.635548 -0.575275 -0.140372 -0.246479 0.399398 0.242070 -0.540101 -0.281546 -0.707801 0.414035 0.625637 -0.638353 0.268687 0.197102 0.114985
VERTEX_POSE A520 0.554201 -0.828198 -0.968794 0.756164 0.266072 0.096691 -0.583260 0.394263 -0.015908 0.012385 0.572551 0.528683 0.576879 -0.168015 -0.473343 0.570864 0.535587 0.697738 0.031274 0.449064
VERTEX_POSE A521 -0.245710 -0.369918 -0.112347 0.996437 0.786366 0.438782 -0.442313 -0.483053 0.398305 -0.609525 0.575786 0.475052 0.021693 -0.388582 0.600648 0.624246 0.058073 -0.249744 -0.206604 -0.529870
VERTEX_POSE A522 0.170222 0.031484 -0.645623 0.033856 0.842711 -0.375609 -0.709823 0.330515 0.680316 0.157080 0.614913 0.504298 -0.588880 -0.060870 -0.253036 -0.077312 0.572926 -0.278826 0.344560 0.425080
VERTEX_POSE A523 -0.318140 0.291320 0.532764 -0.202706 -0.255325 0.398079 0.440430 0.021894 -0.153236 0.752544 0.499198 -0.472290 0.397483 -0.477976 -0.531887 -0.282922 0.642939 0.558650 -0.040749 0.329379
VERTEX_POSE A524 -0.117387 0.532515 0.709649 -0.938003 -0.832549 -0.514251 -0.033526 -0.169869 0.449344 0.654156 -0.454818 -0.520056 0.675511 -0.006049 0.058905 -0.318270 -0.814486 -0.509615 -0.115517 -0.317585
VERTEX_POSE A525 -0.109649 -0.205041 0.584379 0.712441 -0.889008 0.551384 -0.503590 0.468387 0.129463 -0.354541 -0.798831 -0.773850 -0.385391 0.063922 0.181143 0.581199 -0.225630 0.218081 -0.366577 -0.295784
VERTEX_POSE A526 -0.425366 -0.667212 -0.696171 -0.092398 -0.033069 0.693896 0.585934 -0.298314 0.230819 0.039400 -0.286238 0.502661 -0.374921 0.321249 -0.031113 0.553310 0.798686 -0.459994 0.456522 -0.296608
VERTEX_POSE A527 0.488606 0.782823 -0.556639 0.635457 0.708837 0.153850 -0.530619 0.733961 -0.609518 -0.700238 -0.337429 -0.583714 0.233419 0.265247 -0.091167 -0.017816 0.468863 0.505752 -0.416303 -0.239279
VERTEX_POSE A528 0.201391 -0.081394 0.199370 -0.988593 0.861924 0.483840 0.574791 0.398743 -0.163283 -0.109899 0.843098 -0.251683 0.323724 -0.302218 0.531668 0.362195 -0.191390 0.627075 -0.649273 -0.047157
VERTEX_POSE A529 -0.562080 -0.988553 0.311597 0.410756 -0.877407 0.441012 0.375587 0.614722 -0.518652 0.495678 0.282889 0.067000 0.559711 0.051653 0.728392 0.102331 -0.212449 -0.038271 0.538042 -0.703056
VERTEX_POSE A530 0.590861 -0.519765 -0.249341 0.383651 0.902995 -0.452732 -0.002742 0.776990 -0.529567 -0.173170 -0.607499 -0.174482 0.936120 -0.138556 0.486979 -0.135533 -0.057824 0.496990 0.274435 0.068494
VERTEX_POSE A531 0.069332 -0.827465 -0.963830 0.531395 -0.466859 0.440958 -0.469670 -0.382726 0.567489 0.792169 0.054876 0.260015 0.007903 -0.551162 0.396507 -0.162188 -0.203363 0.508612 -0.354276 0.710896
VERTEX_POSE A532 0.497818 -0.152083 0.785402 0.205105 -0.362163 0.492686 0.222403 -0.055487 0.378432 0.642392 -0.427784 0.351299 -0.193842 -0.362334 -0.270467 0.690965 0.463580 0.646132 -0.151201 0.683908
VERTEX_POSE A533 0.459092 0.688249 0.495443 0.499073 -0.761226 -0.357375 -0.578195 -0.671012 0.425964 -0.292467 0.360432 -0.642192 -0.122412 0.524340 -0.247414 0.749881 -0.272287 0.466062 0.053356 -0.266006
VERTEX_POSE A534 0.288883 -0.220643 -0.885352 -0.598743 0.424197 0.622191 0.296106 0.124373 -0.176026 0.877160 -0.305320 -0.301049 0.351687 0.451111 0.692747 0.120365 0.132732 -0.106604 0.068846 0.818652
VERTEX_POSE A535 0.521192 -0.544760 0.235329 -0.418421 -0.679634 -0.115386 -0.035646 0.377393 -0.174390 -0.337753 -0.792758 0.501336 0.756696 -0.347483 0.776665 -0.416866 0.207359 0.318950 -0.371869 -0.255670
VERTEX_POSE A536 0.303408 -0.976160 0.771762 -0.344190 -0.738743 -0.808292 0.086260 0.561654 0.246262 0.872341 0.293609 -0.144772 0.375316 -0.467501 -0.383826 0.294193 -0.513613 -0.343130 -0.064560 -0.340562
VERTEX_POSE A537 0.710723 0.522167 0.130779 0.298909 -0.947099 -0.517768 -0.238570 -0.775828 -0.672387 0.603053 0.166440 -0.255998 0.181861 0.362977 -0.405278 -0.721163 0.488479 -0.223666 -0.162054 -0.004937
VERTEX_POSE A538 -0.533938 0.190202 -0.237970 -0.929276 0.166748 -0.451208 -0.631446 -0.559293 -0.311251 -0.079157 -0.142692 0.766831 -0.151295 -0.547620 -0.333920 0.581629 -0.370865 -0.001415 -0.483557 0.478958
VERTEX_POSE A539 -0.694592 0.368112 -0.609231 -0.987483 0.182741 -0.699264 0.108263 0.652037 -0.282582 0.619943 -0.525602 -0.240031 0.210879 -0.312358 0.438179 0.745639 0.438198 -0.426100 0.059179 -0.094896
VERTEX_POSE A540 0.415656 0.408457 0.883308 0.446821 0.948941 -0.411333 0.558981 -0.287155 0.616817 0.727779 0.046250 0.348858 -0.326888 -0.731654 -0.557485 0.147177 -0.047490 -0.133604 0.171349 -0.614679
VERTEX_POSE A541 -0.265144 -0.232953 0.974789 -0.260976 0.986713 -0.552758 0.534372 0.170698 0.614337 0.470936 0.001401 -0.075437 -0.683964 0.290807 0.204875 0.095529 0.930230 0.519022 -0.125432 -0.144789
VERTEX_POSE A542 0.219210 0.389330 -0.636815 -0.662262 0.152513 -0.445955 0.469239 0.141025 -0.292778 0.272405 -0.289325 0.398087 0.466695 -0.745655 0.317527 0.678392 0.566134 0.675358 -0.166104 0.141044
VERTEX_POSE A543 0.692902 0.675661 0.950000 -0.655885 0.232130 0.118782 -0.353741 0.524846 -0.288408 0.213934 -0.237403 -0.044579 -0.630712 0.358656 0.651774 0.528557 0.443548 0.689866 -0.389782 -0.585498
VERTEX_POSE A544 -0.212276 0.815532 0.786231 -0.310474 -0.893867 0.412956 -0.880960 0.206162 -0.544290 -0.371054 -0.562827 -0.097770 -0.187016 -0.116404 0.619621 0.226213 -0.185736 -0.373800 -0.009056 0.769854
VERTEX_POSE A545 0.196938 -0.722954 0.912909 -0.945565 -0.741541 -0.097028 -0.474429 0.808001 0.245694 0.600816 0.199184 -0.551723 -0.276241 -0.471413 -0.031452 0.399542 0.027038 0.790464 -0.421894 -0.290688
VERTEX_POSE A546 0.770587 -0.649100 0.468024 -0.338312 -0.767254 -0.548496 -0.041254 -0.351157 0.251492 0.348931 0.220550 -0.327142 0.220739 -0.652010 0.460318 0.669993 -0.385211 -0.563018 0.615572 0.504522
VERTEX_POSE A547 0.099657 0.960351 0.241635 -0.731687 -0.649299 0.504372 0.308828 -0.214552 -0.198056 0.359942 0.029639 -0.121393 -0.640810 0.543838 0.775997 -0.387529 -0.078946 -0.299123 -0.462872 -0.806906
VERTEX_POSE A548 -0.819504 0.741291 0.483733 -0.072409 -0.118159 0.527108 -0.564642 0.161982 -0.527153 -0.360561 -0.667318 -0.445638 0.406061 0.327318 -0.040885 -0.265142 -0.226122 0.493966 0.562129 -0.608424
VERTEX_POSE A549 -0.795126 0.170049 0.030180 0.871796 0.127212 0.559079 -0.553774 -0.448482 0.430309 -0.084193 0.740337 -0.162828 -0.440048 -0.250539 0.686174 0.454261 -0.197752 0.070132 -0.535023 0.385861
VERTEX_POSE A550 0.208451 -0.951856 0.863971 -0.185198 -0.926969 0.509643 -0.212173 -0.670640 0.210870 -0.626064 0.409407 0.253984 -0.458835 0.350176 0.515860 0.586980 0.489616 0.604300 0.089173 -0.142408
VERTEX_POSE A551 0.734697 0.913092 0.514939 -0.316245 -0.852087 -0.270868 -0.294313 -0.687294 0.029059 -0.877331 0.129443 0.626656 -0.218750 0.369996 -0.176514 -0.306886 -0.055011 -0.708471 -0.040490 0.609055
VERTEX_POSE A552 -0.040835 0.800131 0.917833 0.868234 -0.086421 0.702778 -0.216464 0.505353 0.627934 -0.119979 -0.600933 0.037223 0.756027 -0.079907 -0.332165 -0.601984 -0.092532 0.009169 -0.069184 -0.607084
VERTEX_POSE A553 -0.621327 0.079628 -0.781652 0.848658 0.915742 0.285349 -0.515935 -0.707703 0.436651 0.048512 0.423757 -0.111106 0.028503 0.294128 -0.457710 0.624626 -0.434716 -0.711385 -0.583513 0.209994
VERTEX_POSE A554 -0.583442 0.204413 0.047704 0.481049 -0.107412 -0.622093 0.267588 -0.151585 -0.174163 0.221467 -0.360741 -0.227466 0.590343 -0.313840 0.414470 0.725750 0.484716 -0.599284 -0.064273 0.716549
VERTEX_POSE A555 0.841777 0.332646 0.627482 0.930231 0.081030 0.040723 0.763190 -0.287380 0.037874 -0.121526 0.774871 0.548106 -0.516891 -0.328781 -0.760339 -0.197021 -0.007014 -0.344052 -0.311092 -0.456992
VERTEX_POSE A556 0.269024 0.874587 0.802726 0.561099 -0.973265 -0.098734 -0.684206 0.327849 -0.616597 -0.386468 0.205923 0.598488 -0.004029 0.580958 0.501463 -0.598906 -0.350526 -0.020150 0.154270 0.624284
VERTEX_POSE A557 -0.008808 0.537201 0.351533 -0.611349 0.859519 0.461207 0.697629 0.109304 0.307387 0.303689 -0.119760 -0.491550 0.051700 0.622138 0.647964 -0.484277 0.585762 -0.176981 0.428824 0.493495
VERTEX_POSE A558 0.330383 0.115469 -0.929157 0.565688 -0.210133 -0.614729 0.261644 0.082441 -0.118706 0.773553 -0.366687 0.613978 0.503687 0.537800 -0.358916 -0.082461 0.730166 -0.319729 0.269552 0.190719
VERTEX_POSE A559 -0.529586 -0.206808 0.002096 0.572506 0.888658 -0.044665 0.571708 0.396057 -0.461221 -0.222468 0.368502 0.502281 -0.344448 -0.404516 0.728866 0.171192 0.505421 0.041810 -0.689715 0.536900
VERTEX_POSE A560 0.429112 0.548648 -0.336871 0.799407 0.982111 0.165881 0.055154 0.682501 -0.379125 -0.428039 0.566876 -0.493011 -0.503444 -0.058128 0.756434 -0.619313 0.026396 -0.116168 -0.420400 -0.456912
VERTEX_POSE A561 -0.078756 0.595704 -0.178498 -0.050661 -0.307139 0.432104 0.585130 -0.662582 0.662421 -0.104427 0.381661 0.201226 0.574137 0.486984 -0.104046 0.311091 0.420515 0.568478 -0.469369 -0.036514
VERTEX_POSE A562 0.539746 -0.034273 0.038267 0.103901 -0.578201 0.672985 0.659066 -0.013414 0.190740 -0.236761 -0.617582 -0.190683 -0.074615 0.622593 0.678952 -0.654542 0.297386 0.115643 0.274924 0.377296
VERTEX_POSE A563 -0.073070 -0.603436 -0.551469 0.004512 -0.380052 0.378330 -0.437033 0.320783 0.567252 -0.488267 0.155220 -0.402199 -0.493435 0.025014 -0.592274 -0.286209 0.531300 0.150127 0.495180 0.768179
VERTEX_POSE A564 -0.619664 0.283953 -0.683055 -0.551588 -0.068365 0.391395 -0.332120 -0.062763 0.377012 -0.009421 -0.293430 0.591194 -0.352110 -0.333949 -0.298432 -0.859240 0.324515 -0.515848 -0.165325 -0.832543
VERTEX_POSE A565 -0.171371 0.745084 0.152915 0.505158 0.845996 0.118809 0.509964 -0.168281 0.267483 0.389880 0.711850 0.103864 0.632632 0.001427 -0.370959 -0.235844 0.675702 0.875179 -0.363435 0.091519
VERTEX_POSE A566 -0.551879 -0.148196 0.683860 0.586091 -0.059685 -0.720241 -0.170057 -0.291317 0.420048 -0.497961 -0.066716 -0.408438 0.443763 0.274239 -0.236612 -0.399999 -0.569931 -0.286366 -0.605137 0.714601
VERTEX_POSE A567 0.683744 0.307793 -0.911293 0.104222 0.192892 -0.476376 -0.571173 0.236480 -0.204243 0.211317 0.583750 -0.568710 0.539879 0.282987 -0.418818 -0.509056 -0.115871 0.482193 -0.280178 0.714007
VERTEX_POSE A568 -0.460648 0.267251 -0.716306 -0.195933 0.898897 0.154578 -0.550768 -0.565547 0.321574 -0.519374 0.157205 -0.570447 0.196641 0.086185 0.155940 -0.269329 0.803166 0.723166 0.561872 -0.054226
VERTEX_POSE A569 -0.085816 -0.957994 -0.554110 0.656815 -0.892937 -0.298803 0.135271 0.550349 -0.392932 -0.115379 -0.621756 -0.802641 -0.034516 0.293313 0.192379 0.744944 0.191066 0.274008 -0.642072 0.433586
VERTEX_POSE A570 0.989153 -0.324095 -0.520523 0.116739 -0.624367 -0.575398 -0.777960 0.090692 -0.602980 0.562417 -0.087006 -0.440600 0.243984 0.591031 -0.193032 0.113940 -0.584011 -0.271924 -0.077166 -0.542051
VERTEX_POSE A571 0.955007 -0.324292 -0.832998 -0.749112 0.847837 -0.686106 0.491387 0.232248 0.542606 0.429810 0.514769 -0.301481 -0.344721 0.764727 0.260194 -0.490906 0.277308 -0.276125 -0.462580 -0.139162
VERTEX_POSE A572 0.649040 -0.190947 -0.579321 -0.604161 -0.906224 -0.624686 0.241366 -0.304215 0.068098 -0.632697 -0.633183 0.042656 0.525268 0.062841 0.374424 -0.301542 0.504918 0.680527 0.417856 -0.497635
VERTEX_POSE A573 0.208363 -0.934765 -0.157339 0.454478 0.528146 0.896237 -0.300282 0.000219 0.393842 0.537193 -0.081878 0.026420 -0.689853 -0.074190 -0.103671 -0.253287 0.755142 0.173785 0.284961 0.646183
VERTEX_POSE A574 0.647909 -0.648630 -0.882999 -0.404998 0.079967 0.436034 -0.519139 0.534502 -0.013574 0.135412 0.547657 0.581008 0.636494 0.272689 -0.663828 0.331866 0.497140 0.177345 0.443732 -0.304749
VERTEX_POSE A575 -0.563236 -0.375415 -0.793091 0.085364 -0.800091 -0.494689 -0.541325 0.390407 0.547673 -0.157523 0.507398 -0.521255 0.695271 0.382400 0.247603 0.360907 -0.343592 0.349747 0.261720 0.570828
VERTEX_POSE A576 -0.594700 -0.657719 -0.244430 0.508913 0.786604 0.106440 -0.191072 -0.544581 0.569194 -0.300884 -0.509091 0.658439 0.717003 0.085139 -0.013467 -0.119501 -0.279470 -0.480589 0.587015 -0.599087
VERTEX_POSE A577 0.418496 -0.297730 0.585025 0.256690 0.312713 -0.412576 -0.240563 -0.452476 0.634711 0.310776 0.312465 0.255762 -0.890047 0.293909 0.292516 0.119551 -0.511803 -0.525303 0.197665 0.591021
VERTEX_POSE A578 0.536421 -0.415064 0.448544 0.353677 -0.449390 0.031192 -0.666347 -0.358626 0.236352 -0.177291 0.821846 0.008113 -0.446134 -0.233817 0.480011 -0.458658 0.191466 0.844209 0.339333 -0.323460
VERTEX_POSE A579 -0.414204 -0.916429 -0.760697 -0.563496 -0.331555 0.376799 -0.147655 0.684801 -0.300278 0.623260 0.061408 -0.729905 -0.092699 0.599206 0.449933 0.585369 0.362437 0.180708 -0.488360 0.192015
VERTEX_POSE A580 0.623370 0.872319 -0.384795 0.128487 -0.560075 0.306796 -0.256904 0.448518 0.085474 0.699688 -0.488710 0.878298 -0.127981 -0.328759 -0.126556 -0.636197 -0.565069 -0.333386 -0.152683 -0.364154
VERTEX_POSE A581 -0.255127 -0.366920 0.312515 -0.831521 -0.376359 -0.454933 -0.230610 0.746763 0.678618 0.086153 0.380618 0.358316 0.491389 0.075854 0.142412 -0.583504 -0.461898 -0.428769 0.597877 -0.279947
VERTEX_POSE A582 -0.679506 0.996663 0.754243 0.120259 -0.183642 0.259245 0.397907 0.428886 0.292236 0.072244 0.711878 0.483488 -0.444814 -0.295249 -0.540203 0.492657 -0.144425 0.567284 0.629190 -0.448616
VERTEX_POSE A583 -0.417465 0.672450 -0.466962 -0.003280 0.353504 -0.521478 -0.263204 -0.584187 -0.542516 -0.611148 0.288307 -0.377407 0.490445 0.186635 0.481050 -0.559614 0.198507 0.244727 -0.059304 -0.708073
VERTEX_POSE A584 0.123546 0.712708 0.530862 -0.982863 -0.460616 0.133559 -0.676305 -0.284976 0.368001 0.427737 -0.193440 0.379622 0.419527 0.386652 0.761854 -0.106645 -0.396984 0.349574 -0.415061 0.757809
VERTEX_POSE A585 -0.262948 0.201076 -0.198053 -0.398692 0.708946 0.360954 -0.448592 -0.052134 0.168864 0.245800 0.676935 -0.541930 0.606045 -0.068630 0.411044 0.383216 -0.688857 0.615266 0.473501 0.244554
VERTEX_POSE A586 -0.575688 0.005096 -0.839480 -0.073048 -0.565466 -0.079018 0.592390 0.343462 -0.095171 0.210073 -0.871589 0.625006 0.602742 -0.148579 -0.559269 0.097174 -0.250272 0.530362 -0.481874 -0.194050
VERTEX_POSE A587 -0.607430 0.587294 0.333588 0.578236 -0.433882 -0.340740 0.923126 -0.044852 -0.032577 0.166434 0.342987 0.200335 0.133833 0.006311 -0.628542 -0.230040 0.687817 -0.669056 -0.222054 -0.638135
VERTEX_POSE A588 0.728244 -0.261723 -0.846521 -0.010041 0.568465 0.257153 -0.249389 -0.542277 -0.034069 -0.508503 -0.604383 -0.464385 -0.457998 0.111172 0.089153 0.632305 -0.512260 0.842087 -0.263930 0.256688
VERTEX_POSE A589 0.754695 -0.879435 -0.768637 -0.507360 0.224401 0.907623 -0.287144 0.119697 0.043116 0.229196 0.664186 -0.018685 -0.480614 0.443205 -0.056683 0.462222 0.539827 -0.413279 -0.648367 0.238087
VERTEX_POSE A590 -0.137016 -0.619513 -0.664315 0.150742 -0.545224 0.200879 0.527064 0.330959 0.122473 -0.527623 0.497839 -0.324969 0.540107 -0.257915 0.533788 -0.208287 -0.722057 -0.744388 -0.329725 -0.233958
VERTEX_POSE A591 0.157356 -0.713075 -0.183391 -0.210634 0.550576 0.164238 -0.621277 -0.540659 0.474898 0.552281 0.174759 -0.129428 0.233172 -0.336565 0.592441 0.241395 -0.571002 -0.616246 0.443124 -0.487676
VERTEX_POSE A592 -0.324060 0.716269 0.052865 0.441979 0.917262 -0.391660 0.644277 0.274299 -0.093300 0.492141 -0.698748 -0.723622 0.007881 0.295386 0.518246 0.585350 0.279087 0.213753 0.002815 0.520931
VERTEX_POSE A593 -0.597270 0.346214 0.373951 -0.745357 -0.123425 -0.507001 0.342519 -0.659993 0.128137 0.603956 -0.272224 0.145028 0.025517 -0.037221 -0.043457 0.704065 0.622398 0.838814 0.146831 -0.318651
VERTEX_POSE A594 -0.915715 -0.316511 0.265140 0.793878 -0.829475 -0.493057 0.464940 -0.278604 -0.476247 0.155719 -0.516830 0.057244 -0.691751 -0.494026 0.560930 0.212732 -0.641180 -0.460613 -0.485600 -0.009620
VERTEX_POSE A595 0.056276 0.000222 0.369811 0.890392 -0.151103 0.267549 -0.268063 -0.178481 -0.055200 -0.644739 0.127451 0.414119 -0.337311 -0.732422 -0.675707 0.217980 -0.632028 0.545249 0.592588 -0.126489
VERTEX_POSE A596 0.231359 0.091298 -0.473134 0.759801 -0.277429 -0.444645 0.218373 -0.456853 -0.401170 -0.108388 -0.648095 -0.644492 -0.571262 0.473667 -0.459110 0.530133 0.271071 -0.123294 0.577221 0.270959
VERTEX_POSE A597 -0.467593 0.535293 -0.051000 0.379969 0.110839 0.695389 -0.475425 -0.527815 -0.516347 -0.530219 -0.197283 0.341357 0.493288 0.086193 0.351846 -0.188993 0.486662 -0.097461 0.462371 -0.661983
VERTEX_POSE A598 -0.259980 -0.691985 0.458518 -0.005386 -0.958210 -0.580112 0.345167 0.415755 0.594171 0.185546 0.701266 -0.401445 0.511149 0.068665 -0.311264 -0.637900 0.562615 0.228884 0.422189 0.118837
VERTEX_POSE A599 0.770711 -0.641450 -0.189440 -0.436132 -0.378532 -0.251285 0.322349 0.847196 -0.517650 0.612310 -0.168144 0.600901 0.034198 0.433796 -0.041104 -0.288994 0.099975 -0.553284 -0.660666 0.236245
VERTEX_POSE A600 0.446591 0.577300 0.394890 0.036784 0.217902 0.377658 -0.202611 0.290063 -0.602067 0.464847 0.165658 0.521327 0.538906 0.578793 0.012909 -0.648795 0.325898 -0.472166 -0.177514 0.668737
VERTEX_POSE A601 -0.270827 -0.016080 0.937995 -0.888647 -0.582577 0.053997 0.494475 0.216285 0.820045 0.018230 0.471743 0.487993 -0.445228 -0.393483 0.118432 0.650140 -0.019666 -0.269160 -0.366404 0.758594
VERTEX_POSE A602 0.725718 0.034258 -0.022438 -0.185245 -0.530695 0.364386 -0.424061 -0.147512 -0.091520 0.580774 -0.686409 -0.869482 -0.224678 0.167960 -0.209701 0.471543 0.132687 -0.242641 -0.458302 -0.679167
VERTEX_POSE A603 0.095631 -0.613648 0.815569 0.432622 0.311678 -0.804089 0.096636 -0.461055 0.457169 -0.482886 -0.411086 0.238503 0.204102 -0.740158 -0.202807 -0.619794 -0.178357 -0.215459 -0.575917 0.196955
VERTEX_POSE A604 0.937536 0.049155 -0.219344 0.565831 0.945568 -0.097266 -0.281544 -0.816974 0.759057 0.110896 -0.024951 0.014703 0.420326 -0.570403 -0.594175 0.489914 0.073736 -0.247207 -0.701245 0.033678
VERTEX_POSE A605 0.373627 0.385628 0.094563 0.409758 0.549272 0.031193 -0.293587 -0.077083 0.682205 0.349747 0.217996 -0.305079 0.583366 -0.700743 -0.529158 0.464586 0.674862 0.400677 0.485106 -0.007455
VERTEX_POSE A606 0.532395 0.010937 -0.977522 -0.482013 0.511587 0.569361 -0.118069 -0.445599 0.108439 -0.408957 -0.441914 -0.135535 0.656384 0.079178 -0.077691 -0.592151 0.629189 -0.799790 -0.193213 -0.451670
VERTEX_POSE A607 -0.657164 0.391436 0.536226 0.074744 0.732172 -0.676497 -0.105622 -0.559539 0.349403 -0.297044 -0.341609 -0.456486 0.444279 -0.104092 0.394843 0.096318 -0.746182 0.236619 0.833036 -0.050965
VERTEX_POSE A608 -0.207877 -0.912102 -0.320412 -0.333552 -0.138014 -0.675713 0.163222 -0.553609 -0.147841 -0.272245 0.626316 0.243422 0.600696 -0.101058 0.081880 -0.733372 -0.427780 0.674979 -0.023900 -0.328691
VERTEX_POSE A609 0.068816 0.595873 0.471022 0.871664 -0.937803 0.595078 0.474510 0.627673 -0.456162 -0.112089 0.487194 -0.525011 0.170185 0.473623 -0.392494 0.455692 -0.170168 -0.090060 0.725023 -0.339695
VERTEX_POSE A610 -0.071368 0.475007 0.775530 0.511248 -0.599383 0.062786 -0.149524 -0.867095 0.576252 0.523424 0.233322 0.368829 -0.155175 0.132169 0.196829 -0.817539 0.318342 -0.699439 0.105925 0.273673
VERTEX_POSE A611 -0.584506 0.960217 0.294793 0.794935 0.301911 -0.303955 0.351227 -0.331311 -0.368393 0.379814 0.841724 -0.686679 -0.676508 -0.027540 0.267532 0.104094 -0.044482 -0.478327 0.513695 -0.423081
VERTEX_POSE A612 0.813689 -0.771048 -0.216463 -0.959857 -0.314162 0.530810 -0.168351 -0.176562 0.440514 -0.505764 0.677159 -0.108864 -0.058572 0.316674 -0.504780 -0.817389 -0.253956 0.507479 -0.210491 -0.587797
VERTEX_POSE A613 0.249126 0.471670 0.529772 -0.368493 0.216975 -0.290027 -0.055829 0.457866 -0.167031 0.816214 -0.440282 0.747810 0.020957 -0.268136 0.221046 -0.432647 -0.346784 -0.529059 -0.378227 -0.635889
VERTEX_POSE A614 -0.001972 0.632667 0.827831 -0.208345 -0.344585 0.261789 0.420348 -0.405607 -0.315023 0.619138 0.538000 -0.712895 0.317336 -0.292589 -0.396111 -0.236278 -0.561904 0.408784 0.532397 -0.380387
VERTEX_POSE A615 -0.062766 0.941660 -0.685600 -0.942720 0.225221 0.726857 -0.569468 -0.134294 0.583925 0.367062 0.019016 -0.338770 -0.488298 -0.544223 0.113779 0.036015 -0.571809 0.054780 0.548853 -0.598714
VERTEX_POSE A616 0.986178 -0.327253 -0.668281 0.232815 -0.074079 -0.684175 -0.512627 0.439605 0.291946 0.161108 0.536329 -0.300378 -0.172642 -0.690300 -0.042275 0.390561 -0.169244 -0.595531 0.727265 0.118076
VERTEX_POSE A617 0.422341 -0.362236 0.988351 0.718607 0.089949 -0.575249 -0.561379 -0.292534 0.354823 -0.419498 -0.105676 -0.711226 0.369372 -0.041268 -0.119256 0.033869 0.876149 0.152069 0.609337 -0.365946
VERTEX_POSE A618 0.329804 0.528954 0.647988 0.635516 0.791340 0.225839 -0.536898 0.683848 -0.732038 -0.012164 0.505514 -0.029215 0.016994 -0.140932 0.014207 -0.820782 -0.377900 0.641921 0.193958 0.337842
VERTEX_POSE A619 0.714422 0.411024 -0.514802 -0.777226 -0.505614 0.484523 -0.353635 0.208646 -0.548694 0.422246 -0.299108 0.475742 -0.008269 -0.802960 0.073379 0.109997 0.437498 -0.482139 -0.827335 -0.175646
VERTEX_POSE A620 0.177036 -0.241671 -0.780285 -0.788753 -0.685650 0.303146 0.593871 -0.459727 0.639938 -0.167340 0.627557 0.434555 -0.410880 -0.253595 -0.556284 -0.169885 0.288584 -0.017099 -0.649331 -0.497225
VERTEX_POSE A621 -0.807212 0.909441 0.983673 -0.213742 -0.753884 -0.468451 -0.273964 0.663687 -0.220893 0.388667 0.060658 -0.424550 0.418372 0.355350 -0.107784 0.717780 -0.233411 -0.734779 -0.289203 -0.612442
VERTEX_POSE A622 -0.128222 0.697949 0.301807 0.012140 -0.955038 -0.208972 -0.452939 -0.303428 0.018144 -0.204068 0.577410 0.648496 -0.625639 -0.304714 -0.626223 -0.150656 -0.492914 -0.378549 -0.582306 0.488583
VERTEX_POSE A623 0.852976 -0.525402 0.272580 0.653227 -0.768388 -0.067709 -0.349776 0.732844 -0.602438 0.101015 0.335432 -0.000178 -0.753176 0.081913 -0.392259 0.451910 0.273187 -0.691821 -0.309767 -0.518734
VERTEX_POSE A624 -0.404482 0.255655 0.357624 0.040902 0.122691 -0.195964 -0.375975 0.184261 0.459519 -0.605556 -0.313852 -0.653741 -0.473786 -0.459674 0.395289 -0.475692 0.414880 -0.408424 -0.202950 0.695787
VERTEX_POSE A625 -0.043937 -0.618562 -0.433053 -0.193983 -0.784514 0.114477 0.398640 0.607954 -0.203263 0.774022 -0.578584 -0.143985 -0.448608 -0.328263 0.943829 0.010512 -0.308027 0.184484 0.201537 0.304952
VERTEX_POSE A626 -0.090749 0.474820 -0.357609 0.543618 0.080509 -0.335754 -0.519582 -0.443640 -0.706274 0.114081 0.506012 -0.199192 -0.041341 0.483768 -0.415048 0.710478 -0.516520 0.420123 0.458838 0.215201
VERTEX_POSE A627 0.826877 -0.653046 0.884490 -0.199297 0.845262 -0.689094 -0.072887 0.122762 0.586359 -0.171649 0.588285 -0.343497 0.442875 0.495086 -0.224633 -0.561154 0.552372 -0.113503 -0.673938 -0.297699
VERTEX_POSE A628 0.488470 0.916731 0.515947 -0.814014 0.326326 -0.397687 -0.722717 0.350830 -0.568534 -0.177691 -0.067131 -0.672219 0.371328 -0.344651 -0.061455 -0.007567 -0.566181 0.250915 -0.555126 -0.658078
VERTEX_POSE A629 0.649272 0.782835 -0.899091 -0.461768 0.122299 0.171575 0.661015 -0.526271 -0.933490 0.016892 -0.351139 -0.146191 0.568710 0.452823 -0.083765 -0.448374 0.058306 0.266025 -0.195709 -0.625534
VERTEX_POSE A630 0.597588 -0.294497 -0.304949 0.364570 -0.533270 -0.607343 0.135575 -0.433998 -0.239873 0.079057 0.112693 -0.009793 -0.056801 -0.832077 -0.567020 -0.747198 0.210961 -0.501984 0.643303 0.249177
VERTEX_POSE A631 -0.064939 0.494031 -0.089163 0.222770 -0.455772 -0.438020 0.248378 -0.278942 -0.033454 0.543258 -0.495326 0.248779 -0.405099 0.219915 -0.821231 -0.053892 0.447470 0.265909 0.690051 0.654409
VERTEX_POSE A632 -0.621555 -0.233245 -0.961096 -0.350414 0.539722 -0.834225 -0.359161 0.037592 0.365291 -0.435840 0.674931 -0.051310 0.664406 -0.060806 -0.408284 0.294946 0.575070 0.036092 0.390664 0.456785
VERTEX_POSE A633 0.323306 0.739761 0.672612 -0.820674 -0.063965 -0.605467 0.514408 0.557353 -0.161193 0.447867 -0.276229 0.123982 0.011245 0.374892 0.062504 -0.494409 0.632220 -0.766908 -0.538733 -0.269832
VERTEX_POSE A634 -0.969308 0.880383 -0.273594 -0.344608 0.855905 -0.331061 -0.540218 0.676729 0.560991 -0.129576 0.142993 -0.456464 0.053013 0.253437 -0.143660 0.827426 0.407068 -0.588804 -0.062690 -0.540052
VERTEX_POSE A635 -0.684019 0.815910 -0.180440 -0.784583 0.485290 0.434841 0.537792 0.124596 -0.132513 0.393007 -0.311692 -0.661846 0.260245 0.696050 -0.341100 0.582241 -0.486548 -0.488840 -0.386772 -0.407565
VERTEX_POSE A636 -0.303067 0.125389 -0.232824 0.589084 -0.514693 0.241730 -0.656944 0.631377 -0.287634 0.243951 0.682272 -0.226284 -0.121294 -0.132969 0.393224 -0.500983 -0.302242 0.808087 0.493169 0.163822
VERTEX_POSE A637 0.563086 -0.108680 -0.251116 0.173379 0.367492 0.597607 -0.075119 -0.255157 -0.263985 0.686420 -0.672228 -0.352021 0.329517 0.558416 0.647189 0.390682 0.162651 -0.174370 -0.511831 -0.380421
VERTEX_POSE A638 -0.341184 0.207346 -0.644214 0.290161 0.217462 -0.296284 0.275054 -0.204009 -0.479052 -0.454298 0.502383 0.458579 0.519949 0.681886 0.010487 0.379740 -0.454414 -0.687256 0.550826 0.185827
VERTEX_POSE A639 0.489057 0.213287 0.446764 -0.744468 0.347293 -0.545964 -0.547470 -0.405312 0.203419 -0.778888 0.107345 0.565952 -0.287325 0.403768 0.111580 -0.088961 -0.239121 -0.572532 -0.056031 0.777169
VERTEX_POSE A640 -0.368098 -0.512808 -0.780094 0.045043 0.429688 -0.272732 -0.505866 -0.618755 0.406520 -0.000098 -0.582893 0.029979 0.841855 -0.343517 -0.871382 0.187466 -0.095605 -0.012402 -0.015351 0.387600
VERTEX_POSE A641 0.587449 -0.317647 -0.868684 -0.198590 0.618080 0.466465 -0.442712 -0.687941 -0.449203 0.421060 -0.685414 -0.153632 0.420439 -0.141336 0.566135 0.295783 -0.133902 0.486328 0.602045 0.137979
VERTEX_POSE A642 0.904550 0.173504 -0.258443 -0.949534 -0.350796 -0.564804 0.122085 -0.710057 0.005088 -0.405071 0.289380 -0.660116 -0.607450 0.246210 0.438983 -0.632088 -0.587630 0.229152 -0.229089 0.078424
VERTEX_POSE A643 -0.554409 -0.283855 0.003444 0.085186 -0.884474 0.375295 0.472594 -0.715610 -0.793609 0.539601 -0.102588 0.413137 0.601374 0.623646 0.017706 0.351549 0.039432 -0.241544 0.015750 0.294768
VERTEX_POSE A644 -0.163425 -0.845976 0.661088 0.432917 -0.164945 -0.567929 0.403680 -0.016045 0.575923 0.375380 0.505140 0.194738 0.589685 0.109083 -0.399600 0.521318 -0.020300 0.384924 0.276824 -0.855725
VERTEX_POSE A645 -0.097421 -0.193829 -0.430612 -0.157879 0.304619 -0.543595 0.008466 0.275229 -0.472246 0.447044 0.234240 -0.240972 0.531183 0.109752 -0.594666 -0.681170 -0.071984 -0.264183 0.232231 -0.923121
VERTEX_POSE A646 0.382825 -0.342195 0.317843 0.142465 0.340748 0.436422 -0.695061 -0.054942 -0.098566 -0.437015 -0.598004 -0.740906 -0.486624 0.462506 -0.135808 0.267402 0.044421 -0.482115 0.132670 -0.650759
VERTEX_POSE A647 -0.177248 -0.173230 0.992807 -0.334267 0.760976 0.478463 -0.688802 0.122783 0.088793 0.267889 -0.586144 -0.443206 0.316499 0.419643 0.075203 0.008866 0.659768 -0.749067 -0.594589 -0.173109
VERTEX_POSE A648 -0.675081 0.443935 -0.442261 -0.439272 -0.605432 -0.730883 0.155948 -0.034864 0.087926 0.663253 -0.732794 -0.534625 -0.411863 -0.324846 -0.353984 0.576779 0.538362 -0.216680 -0.182948 -0.257758
VERTEX_POSE A649 -0.287371 -0.813241 -0.034169 -0.222019 0.132087 -0.389901 0.607633 0.422188 0.393847 0.292125 -0.708520 0.470473 0.669137 0.147892 -0.189582 -0.054017 -0.182387 0.659982 -0.307867 0.514413
VERTEX_POSE A650 -0.462826 -0.762206 -0.521994 -0.111493 -0.744639 0.361876 -0.379226 -0.512804 -0.465082 -0.076581 -0.186244 0.600229 -0.501462 0.373374 0.157431 0.014589 -0.750168 0.517384 0.773722 -0.013641
VERTEX_POSE A651 0.501955 -0.797736 -0.222546 -0.228024 -0.291083 0.313215 -0.638069 -0.283486 -0.207276 -0.057468 -0.810908 -0.659987 0.308713 -0.256383 -0.430583 -0.126133 0.421166 0.487800 0.691630 -0.137664
VERTEX_POSE A652 -0.094584 -0.903800 -0.050496 0.564240 0.378203 0.523336 -0.181632 0.596668 -0.228619 -0.557471 -0.430353 0.132457 0.652617 -0.000780 0.199539 -0.479008 0.310753 -0.785170 0.029620 0.601843
VERTEX_POSE A653 0.408952 0.935743 0.779813 0.900646 -0.699677 -0.611490 0.250581 -0.236736 0.251721 -0.032522 -0.645037 0.210806 0.555059 -0.557926 0.713031 0.170092 0.244779 0.099319 -0.774035 -0.395835
VERTEX_POSE A654 0.354931 -0.323138 -0.949966 -0.574798 -0.059471 -0.418020 0.521514 0.024883 -0.702658 -0.594328 0.135828 0.476815 -0.149633 0.682605 0.011625 0.426427 -0.252264 -0.322558 0.412998 0.671823
VERTEX_POSE A655 0.500934 0.351855 -0.692872 -0.394859 -0.499106 0.375166 0.471519 0.637100 0.644426 -0.640734 0.263957 -0.311982 -0.026292 0.623092 0.565899 0.500361 -0.335011 -0.162454 0.340701 0.154771
VERTEX_POSE A656 -0.634985 -0.682819 -0.653240 -0.293337 -0.484190 -0.547738 0.546222 -0.130446 -0.459305 -0.141068 -0.701513 0.549065 -0.061291 -0.373984 -0.329349 -0.118083 0.591979 0.281211 0.814887 0.023650
VERTEX_POSE A657 -0.735818 -0.848318 -0.307575 0.968821 -0.978962 0.735223 -0.101022 0.012940 0.352464 -0.521503 0.593288 -0.117210 0.549053 0.562153 0.501498 0.360742 -0.475825 0.264533 0.535010 0.324679
VERTEX_POSE A658 0.327812 0.698809 -0.808382 0.405844 -0.653845 0.455125 -0.053757 -0.475147 0.040401 0.644706 0.463174 -0.522857 -0.458372 0.435476 0.560271 -0.580369 0.369361 -0.451603 -0.185828 -0.483362
VERTEX_POSE A659 0.853485 -0.766088 0.862707 -0.107351 0.842135 0.014733 0.748702 0.637826 0.551902 0.205652 -0.026267 0.184119 -0.615931 0.735819 0.771515 0.028940 -0.202433 0.257007 -0.130164 0.100393
VERTEX_POSE A660 0.913454 0.934516 -0.206666 -0.492947 0.143337 -0.465371 0.328636 -0.447666 0.225090 0.668790 0.650507 -0.359076 0.496553 -0.219762 -0.768777 -0.285350 0.570944 0.113184 -0.341657 0.046512
VERTEX_POSE A661 -0.074600 -0.595688 -0.113331 -0.229586 -0.187115 0.221317 -0.360461 -0.858917 -0.345876 -0.366275 0.096767 -0.646613 0.582935 -0.274234 -0.415819 -0.054381 -0.363291 0.490281 0.627010 -0.213806
VERTEX_POSE A662 -0.211454 0.727943 -0.226455 -0.884581 -0.613637 0.594688 -0.336596 0.089350 -0.354057 0.149763 0.226105 -0.538409 -0.506353 -0.605964 0.352280 -0.559429 -0.162840 -0.327114 -0.543066 0.739719
VERTEX_POSE A663 -0.708101 -0.298729 -0.167762 0.156639 -0.316941 0.427797 -0.410304 -0.610339 0.112995 -0.159611 -0.526002 -0.026550 -0.532112 0.282072 -0.348448 -0.718112 0.199188 0.825894 -0.085714 0.481215
VERTEX_POSE A664 -0.751294 -0.855926 -0.440719 -0.050260 0.748920 -0.074248 -0.134750 -0.737633 0.008884 0.563919 -0.284112 0.255180 0.716105 -0.185571 0.679036 0.089794 0.410747 -0.684252 0.378112 0.414762
VERTEX_POSE A665 -0.180763 0.608326 0.499951 -0.229189 -0.757732 0.305479 0.073035 0.796057 -0.225886 0.109946 -0.288299 0.378292 -0.789781 0.067620 -0.438180 0.225901 0.504051 0.721492 0.554791 -0.156643
VERTEX_POSE A666 -0.392121 -0.482818 0.651797 0.372055 -0.831652 0.423579 0.176166 0.343542 0.416300 0.503827 0.487945 0.542159 0.163501 -0.441114 -0.174362 0.702981 -0.562114 0.568275 -0.440691 -0.365150
VERTEX_POSE A667 -0.054361 0.269463 0.326457 -0.461176 -0.765773 -0.447246 0.225079 -0.324873 -0.535993 -0.444191 0.645454 -0.548816 -0.363141 -0.421775 -0.065510 0.391281 0.547567 0.455185 -0.683420 0.011105
VERTEX_POSE A668 -0.617676 -0.500354 -0.751165 0.944190 0.609760 0.337443 0.385742 0.747066 0.463799 -0.731233 0.113411 0.814621 0.219473 -0.315525 0.071862 0.082478 -0.545729 -0.047449 -0.511400 0.177914
VERTEX_POSE A669 0.266696 0.724528 -0.992417 -0.337783 0.385811 0.386942 0.427486 0.720823 0.628227 0.320541 -0.159246 0.665899 -0.635558 -0.164423 0.005349 -0.196785 0.150720 0.110254 0.521394 -0.636635
VERTEX_POSE A670 -0.565304 -0.517250 -0.226779 -0.205644 0.581520 -0.035114 -0.905257 0.052280 -0.254485 -0.089839 -0.504961 0.539926 -0.119230 -0.752872 0.610418 -0.248441 0.415895 -0.519494 -0.310644 -0.049965
VERTEX_POSE A671 0.014226 -0.013162 -0.531259 -0.010768 0.039449 0.446003 0.404424 0.733222 -0.501865 0.450384 -0.210809 -0.562470 -0.448373 0.474095 0.359858 0.013465 -0.438770 0.321470 -0.657553 -0.025689
VERTEX_POSE A672 -0.145856 -0.593119 -0.861101 0.463626 0.003890 0.595199 -0.267394 -0.432787 0.136109 0.610988 -0.486079 -0.315621 0.341890 -0.527352 -0.609178 -0.545500 -0.454723 -0.395597 0.375148 0.302570
VERTEX_POSE A673 -0.660754 0.656254 0.514778 -0.155178 -0.769277 -0.212557 -0.492354 -0.030049 -0.342387 -0.183360 0.183979 -0.260861 -0.283923 -0.883857 -0.281005 0.801858 -0.296854 -0.831011 0.019460 0.309715
VERTEX_POSE A674 0.459817 0.702983 0.472185 -0.925582 0.154975 0.279686 0.309556 -0.389193 -0.199404 -0.679766 -0.198432 -0.227935 -0.414140 0.520206 -0.382274 0.497190 0.552779 -0.826998 0.152915 -0.482674
VERTEX_POSE A675 0.690719 -0.439096 0.799987 -0.103457 0.838945 0.187888 -0.006369 0.057035 0.236463 -0.391105 0.691566 0.451365 -0.714324 -0.529408 -0.646245 -0.574178 0.248401 0.536116 0.084011 0.420130
VERTEX_POSE A676 0.241825 -0.537575 -0.915834 0.686943 0.535342 0.219391 -0.210526 -0.416103 0.523281 -0.578965 0.608212 -0.343717 0.410967 0.578095 0.623971 0.464563 -0.223750 -0.412993 -0.485556 -0.269589
VERTEX_POSE A677 -0.157358 -0.639213 -0.209972 0.216883 -0.504278 0.045667 0.050552 0.692765 0.722586 -0.380876 -0.157971 -0.176049 0.453326 -0.616060 0.639924 0.678128 0.057805 0.187850 -0.432454 -0.335038
VERTEX_POSE A678 -0.486529 0.387675 0.792794 0.562276 0.599921 0.459691 -0.600645 -0.433062 0.378043 -0.325509 -0.108289 0.317230 0.381241 -0.035929 0.315099 -0.287656 0.892987 0.667717 0.552430 -0.044883
VERTEX_POSE A679 0.566744 0.906360 -0.358095 -0.752328 0.929910 0.051205 0.262140 -0.751949 0.192410 -0.710499 -0.545787 0.827207 -0.087777 0.263850 0.377723 0.635697 -0.252700 0.365253 -0.121075 0.056701
VERTEX_POSE A680 0.555270 -0.452454 0.755859 0.994865 0.627810 0.209138 -0.529130 -0.394159 0.780640 0.005044 -0.106102 -0.003208 0.404777 -0.861252 -0.077940 0.692216 0.086871 0.583761 0.277466 0.289963
VERTEX_POSE A681 0.050646 0.625469 -0.729200 -0.549218 0.855282 -0.663367 0.381623 0.572152 -0.553022 0.094320 -0.365333 0.019885 0.429204 -0.085613 -0.043123 0.507940 -0.664721 -0.501852 -0.635019 -0.299984
VERTEX_POSE A682 0.068699 -0.891376 0.419359 0.019648 -0.361173 0.774337 0.395904 -0.439547 -0.016484 -0.377454 -0.671587 -0.497918 0.736511 -0.316607 -0.178022 0.268935 0.020754 0.347154 0.293282 0.505072
VERTEX_POSE A683 -0.539313 -0.356254 -0.294637 0.559104 0.006012 -0.835438 -0.391927 -0.175306 0.012161 0.318662 0.088104 -0.325680 -0.131429 0.365777 0.384272 -0.677845 -0.505799 -0.219461 0.517784 -0.756228
VERTEX_POSE A684 -0.540402 0.561211 -0.949387 -0.648572 -0.844395 0.293076 0.353450 -0.443180 -0.645110 -0.322945 0.228990 -0.196301 0.605140 0.631770 -0.443150 -0.243993 -0.410204 -0.512858 0.587412 -0.428665
VERTEX_POSE A685 -0.576370 -0.214514 0.469393 0.444850 0.579356 0.393043 -0.211127 0.391588 -0.055011 0.492255 0.536866 -0.200471 -0.470544 0.713963 -0.767981 -0.375829 -0.131002 -0.460986 0.591989 0.177565
VERTEX_POSE A686 0.961621 0.995602 0.012491 -0.835754 0.506906 0.328770 -0.528587 -0.679871 -0.047765 0.419523 -0.427121 -0.077387 0.445597 0.119885 0.116221 -0.501634 0.562244 -0.932809 -0.307250 -0.157645
VERTEX_POSE A687 -0.175388 0.878392 -0.602627 0.058092 -0.328585 0.164779 -0.032552 0.034295 -0.763610 -0.279079 0.119360 -0.419176 -0.413330 0.061404 -0.274862 0.705123 0.629952 -0.372143 0.503006 -0.764177
VERTEX_POSE A688 -0.312188 -0.062832 -0.838182 0.413670 0.600394 -0.506375 -0.526377 -0.044954 0.606452 -0.246858 0.612010 0.293011 -0.658572 -0.544130 -0.115130 0.415594 -0.269411 0.526013 0.235697 -0.504740
VERTEX_POSE A689 0.289433 0.694411 0.204110 0.570090 0.853061 -0.068606 0.585187 -0.266991 0.554468 0.431628 0.704524 -0.447429 -0.336805 0.509177 -0.368121 0.541817 -0.139706 -0.593425 0.253475 0.391896
VERTEX_POSE A690 -0.321903 -0.887696 -0.739920 0.950741 -0.486450 0.117515 -0.284293 -0.178508 -0.756023 0.008932 -0.435468 0.604763 0.381105 -0.407396 0.138115 -0.396212 -0.745551 0.172640 -0.785412 0.238085
VERTEX_POSE A691 -0.398735 -0.128316 -0.044848 0.920723 -0.256269 0.681295 -0.549187 -0.306729 0.404670 0.418810 -0.552190 0.512118 0.564587 0.523300 0.031446 -0.395702 0.330291 0.329887 -0.218297 0.466979
VERTEX_POSE A692 -0.785167 -0.901277 -0.909222 -0.659496 -0.334054 -0.198295 -0.386592 -0.867086 0.673227 -0.434715 -0.043036 -0.324580 -0.630202 0.487067 0.337863 0.444498 -0.065338 0.536601 -0.258530 0.069328
VERTEX_POSE A693 0.466643 0.840246 0.033625 -0.933840 -0.100087 0.439069 -0.270460 -0.545597 -0.582881 0.192017 -0.629648 0.043438 -0.651146 -0.376873 -0.557315 0.017390 -0.080837 0.393676 0.682413 -0.396610
VERTEX_POSE A694 -0.106836 0.572955 0.787390 0.077362 0.426790 -0.373265 -0.686634 -0.485443 0.501135 0.378435 -0.569055 -0.401208 0.491951 -0.374285 -0.194373 0.179095 0.540373 -0.640928 0.333512 -0.091808
VERTEX_POSE A695 -0.536461 -0.757203 -0.349940 0.290244 -0.585134 -0.140739 0.474976 0.249347 -0.324655 -0.593131 -0.555728 0.609763 -0.121158 0.124769 0.560354 0.331168 -0.686960 -0.434723 0.546116 -0.376179
VERTEX_POSE A696 -0.714120 0.448572 -0.466424 -0.163029 0.142181 -0.338640 -0.351518 0.060636 -0.253960 0.176278 0.792961 0.312188 0.546540 0.396764 0.845564 -0.359590 0.162383 0.091580 0.646027 -0.428656
VERTEX_POSE A697 0.501043 -0.909863 0.439187 -0.550583 0.595138 -0.355071 0.278069 -0.403568 -0.102799 0.847726 0.287364 -0.381197 0.017317 0.704345 0.691276 0.410895 -0.125433 0.490085 -0.186826 0.492666
VERTEX_POSE A698 0.409178 0.512260 0.976517 0.829068 -0.350907 0.182237 -0.395331 -0.320161 0.729024 -0.116773 0.595700 0.525691 0.668500 -0.525489 0.082493 -0.474396 -0.493603 -0.390073 0.397660 0.151179
VERTEX_POSE A699 -0.331796 0.948218 -0.217590 -0.218839 -0.248058 -0.296381 0.599507 -0.628244 0.375275 -0.306129 0.077851 -0.477098 -0.552730 -0.230839 -0.727848 0.039787 0.530679 -0.118073 -0.489676 -0.514142
VERTEX_POSE A700 -0.232261 0.814664 0.446771 0.111634 -0.019051 -0.007357 -0.085433 -0.136970 0.431241 -0.012895 -0.619383 0.669453 0.611733 0.007158 -0.111223 -0.283251 -0.709530 -0.594508 0.733544 -0.306788
VERTEX_POSE A701 0.843874 0.995010 -0.250263 -0.376576 -0.769387 0.662347 -0.261880 0.493920 -0.701686 -0.436520 0.454200 -0.255926 0.339978 -0.044885 -0.055203 0.697219 0.099370 -0.019693 0.373053 0.733387
VERTEX_POSE A702 0.682430 -0.064944 0.251152 0.770393 0.791390 -0.616092 0.242238 -0.444917 -0.490600 -0.354211 0.444490 -0.189050 0.857196 0.177424 -0.471455 -0.284566 -0.418882 -0.348903 -0.009624 0.630505
VERTEX_POSE A703 0.621883 -0.778455 0.585670 -0.424740 0.984839 -0.793658 -0.239158 -0.117460 0.165092 -0.349940 -0.106467 -0.436363 -0.102990 0.704448 0.223738 0.377299 0.631388 0.319969 -0.816936 0.282788
VERTEX_POSE A704 -0.816879 0.651263 -0.735485 0.468246 -0.538664 -0.256207 0.354732 0.123965 0.271234 0.541156 -0.760490 0.151821 0.159381 0.436860 0.687472 -0.554554 -0.139376 -0.604254 -0.498381 -0.442735
VERTEX_POSE A705 0.142246 -0.361961 -0.276664 0.844811 -0.053635 0.203396 -0.642518 -0.058622 -0.837875 -0.221069 -0.481296 0.488736 -0.119987 -0.669123 0.096165 0.522460 -0.549173 0.092113 -0.500937 -0.124905
VERTEX_POSE A706 0.312602 -0.217551 0.385656 0.471803 0.823784 -0.715875 -0.052703 0.070344 -0.277790 -0.194246 0.448325 0.112794 -0.319470 0.791661 0.567614 0.322064 0.290281 0.274675 -0.868162 -0.288213
VERTEX_POSE A707 0.424945 -0.886311 -0.651319 0.155189 0.996678 0.357400 0.157165 -0.594828 -0.547389 0.398490 0.281911 -0.608573 0.271576 -0.285836 -0.157523 0.177804 -0.664095 0.421255 0.843290 0.209717
VERTEX_POSE A708 0.984888 -0.001173 0.513364 0.061694 0.442088 0.329473 -0.263654 -0.072286 0.042953 0.107490 0.792624 -0.849250 -0.279026 -0.194410 0.396419 -0.148358 -0.511519 0.105965 -0.905023 0.258989
VERTEX_POSE A709 0.826074 -0.829876 0.178451 0.034079 0.423705 0.776973 0.257796 -0.438131 -0.092069 -0.717156 -0.677373 -0.487821 0.229221 -0.210474 0.366290 -0.525031 0.530823 -0.125297 -0.301709 0.152100
VERTEX_POSE A710 -0.008311 -0.979951 -0.009414 0.402861 0.926588 -0.602978 -0.748369 0.122370 0.715718 -0.646142 0.060824 -0.246616 -0.106339 -0.756373 0.250281 -0.068532 -0.633701 -0.026571 -0.080246 -0.087454
VERTEX_POSE A711 0.540158 0.546373 0.269224 0.056558 0.069897 -0.248358 0.423966 0.472352 -0.626420 -0.176085 0.497332 0.587655 0.374215 0.228117 0.419048 -0.692240 0.541674 0.158041 0.412327 0.429065
VERTEX_POSE A712 -0.123281 0.795593 0.449250 0.484861 0.278986 -0.403086 0.703502 0.255587 0.501161 0.063963 -0.496638 0.101929 -0.483630 0.724086 -0.751492 -0.346173 -0.338910 -0.105970 -0.383745 -0.221055
VERTEX_POSE A713 -0.939612 -0.871327 -0.590055 -0.577491 -0.434585 -0.218102 0.530877 -0.236066 0.497943 -0.358656 -0.227413 0.687302 0.090906 -0.415113 -0.298793 0.165274 -0.798718 -0.377919 -0.744283 -0.286857
VERTEX_POSE A714 -0.999155 -0.809881 0.974587 -0.384337 -0.924091 0.328698 -0.395607 -0.766778 -0.193362 0.588421 -0.001040 0.042675 -0.464502 0.497580 -0.614061 0.144157 -0.404709 -0.689693 -0.510600 0.025972
VERTEX_POSE A715 0.336317 0.356804 0.499863 0.836290 0.434592 -0.453070 0.273981 -0.405935 -0.508732 -0.806296 -0.007165 -0.654195 0.448081 -0.072269 -0.328050 -0.006474 0.744967 0.018205 0.272034 0.524373
VERTEX_POSE A716 -0.515983 -0.085841 0.879338 0.867359 -0.855230 0.386872 0.745336 0.356119 0.150133 -0.032291 0.586730 -0.637262 -0.198783 0.529265 -0.077853 0.006003 0.444414 0.644690 -0.635516 0.226496
VERTEX_POSE A717 0.962467 -0.814279 -0.012922 -0.220092 0.582815 -0.163486 -0.006361 -0.694464 -0.172782 -0.108497 0.236542 -0.744680 -0.600722 0.157240 -0.485812 0.422300 -0.467569 -0.390968 0.670063 0.467357
VERTEX_POSE A718 -0.839071 0.235196 0.897236 -0.105618 -0.893994 0.183651 -0.634793 0.063977 0.687651 -0.387633 -0.398704 -0.041701 -0.394198 0.697660 -0.255733 -0.315288 0.240524 0.652894 0.438155 0.540704
VERTEX_POSE A719 0.171829 0.851327 -0.958844 0.281029 0.745164 -0.258399 -0.562800 -0.584876 0.686897 0.046545 -0.078984 0.661310 -0.101888 -0.306192 0.154717 -0.676536 0.701764 0.011587 -0.461528 -0.255843
VERTEX_POSE A720 0.251900 0.880132 -0.808812 -0.650002 0.435877 -0.181382 -0.529809 -0.575274 -0.599394 -0.097239 0.359299 -0.486117 0.472188 -0.645693 0.236421 0.680849 -0.026993 -0.561803 0.152741 0.349738
VERTEX_POSE A721 -0.160973 0.347499 -0.842684 -0.154877 -0.380443 -0.401436 0.602759 0.629675 0.360994 0.450262 -0.450209 -0.506152 0.456090 -0.538149 0.671948 0.456019 0.223289 -0.028768 -0.134070 0.247709
VERTEX_POSE A722 0.773094 -0.276989 -0.003691 0.201753 -0.511105 -0.568041 0.595562 0.234091 0.115184 0.161346 0.032844 -0.661437 -0.699645 0.195473 0.467478 -0.257777 0.680481 -0.089599 0.251638 0.665476
VERTEX_POSE A723 0.466732 0.978855 -0.718034 -0.309498 -0.898177 0.481170 -0.450290 0.446887 0.220584 -0.142623 0.380153 0.571493 0.703567 0.271431 -0.250933 0.529670 0.069198 0.574671 -0.036621 -0.759811
VERTEX_POSE A724 -0.694330 0.187746 0.190941 -0.088717 0.519470 -0.286700 0.513381 -0.548793 -0.492215 0.198595 0.361958 -0.543273 0.054348 0.545977 -0.064228 0.654106 -0.122602 -0.613398 -0.515939 -0.504668
VERTEX_POSE A725 -0.333742 -0.704033 -0.216301 -0.720886 0.915685 -0.341712 -0.285939 0.414199 0.109537 -0.544648 0.446049 -0.693177 0.534811 0.347388 -0.002245 -0.230701 0.471570 0.625088 0.531368 0.535185
VERTEX_POSE A726 0.930272 -0.778348 -0.067974 0.980746 -0.483311 -0.057435 -0.838212 -0.361072 -0.855683 0.123774 -0.358270 0.007531 -0.270356 0.566469 0.074039 0.454251 -0.160380 0.508891 0.051431 -0.628220
VERTEX_POSE A727 -0.408450 -0.363682 0.724516 0.748255 -0.338349 -0.483697 -0.190786 0.428718 0.715516 -0.226568 0.353088 -0.442150 -0.309878 -0.310013 -0.206686 0.684391 0.556598 0.125930 0.589790 -0.534436
VERTEX_POSE A728 -0.832699 -0.613897 -0.777114 -0.271468 0.510823 -0.504123 -0.426007 -0.504814 0.109049 -0.644345 0.703775 0.425666 0.446095 0.061915 0.291552 -0.134561 -0.300161 -0.683940 0.431544 0.394884
VERTEX_POSE A729 0.339450 0.733912 -0.091458 0.809814 0.165782 0.477266 -0.273209 -0.489057 0.491713 -0.666462 0.091139 0.008483 0.252590 -0.569716 -0.608920 -0.610901 0.105849 -0.399476 -0.210198 -0.645552
VERTEX_POSE A730 0.259754 -0.415464 -0.493073 -0.470585 0.413593 0.544244 0.389436 -0.514798 0.074198 -0.658783 -0.593216 0.549726 0.112171 0.467813 -0.628561 0.330244 -0.086659 0.031706 -0.541018 0.395878
VERTEX_POSE A731 -0.064960 -0.799232 0.669657 0.840165 -0.508228 0.628267 0.650023 0.409449 -0.483690 0.231503 0.240657 -0.605945 0.434254 0.291436 -0.002703 -0.240421 0.594138 -0.064404 0.526781 -0.580087
VERTEX_POSE A732 0.183324 0.728922 0.658279 -0.566762 0.396394 0.268595 -0.701394 0.545460 -0.319017 -0.232762 -0.195302 -0.568658 0.437584 0.586487 -0.526557 -0.392074 0.229666 -0.474816 -0.329647 -0.517317
VERTEX_POSE A733 -0.057816 0.519592 0.758078 -0.700192 0.204983 0.068907 -0.496189 0.655342 0.421394 -0.526231 0.148184 -0.193908 0.412113 0.690577 0.636766 -0.005146 -0.162896 -0.612052 -0.554088 -0.212455
VERTEX_POSE A734 -0.443077 -0.577687 0.255326 -0.584575 -0.523389 0.115762 -0.162757 0.926691 0.017953 -0.492892 -0.360563 -0.394995 0.645119 0.024731 0.073240 0.490593 -0.033361 -0.908236 -0.271491 0.097541
VERTEX_POSE A735 0.366445 0.380186 0.922795 0.901484 0.857730 0.233091 0.073151 -0.827698 -0.460781 0.528826 0.182999 -0.448456 -0.666503 -0.282114 0.636968 -0.335546 0.374892 -0.355679 -0.397711 0.247577
VERTEX_POSE A736 -0.915570 -0.842368 -0.518585 -0.855381 -0.848652 -0.161071 -0.559681 -0.638519 -0.403068 0.465526 -0.283125 0.778606 0.142877 -0.531270 0.312373 0.464372 0.151555 -0.328312 0.483723 -0.454881
VERTEX_POSE A737 0.869525 0.204762 -0.359017 0.887229 -0.699605 0.303148 -0.308472 0.274193 -0.140325 0.494191 0.077244 0.690817 0.658868 0.105798 0.640643 -0.461295 -0.186723 0.027559 0.117138 -0.934234
VERTEX_POSE A738 -0.208610 0.493874 -0.728525 0.056674 0.854408 0.263685 0.250872 0.318655 -0.693806 -0.038789 0.434641 -0.484341 0.105687 0.302327 0.387441 0.448855 0.643622 -0.253785 0.850246 -0.451548
VERTEX_POSE A739 -0.930682 0.156458 0.994779 0.206313 0.593436 0.056119 -0.227740 0.579202 0.398615 -0.325626 0.209926 0.524247 -0.558874 -0.540967 -0.202943 0.265814 -0.567979 -0.722451 -0.677572 -0.072183
VERTEX_POSE A740 0.695599 0.374886 0.819433 -0.078692 0.724100 0.534801 -0.477191 0.281186 -0.059685 0.256735 0.676654 -0.580612 -0.594959 0.450455 0.250119 0.479742 0.508174 -0.557454 0.349639 -0.043849
VERTEX_POSE A741 0.783079 0.513923 0.262061 -0.540465 0.780996 -0.121350 0.630339 -0.042004 0.135932 0.482587 0.098635 0.663908 -0.210703 0.639871 0.723399 0.245529 -0.577092 0.052119 -0.514880 -0.496022
VERTEX_POSE A742 0.609476 -0.297169 0.264002 -0.737129 -0.336667 -0.385304 0.405600 0.187763 -0.553059 -0.753859 0.242597 0.481132 -0.088240 0.867154 0.393893 -0.039895 -0.184191 0.398782 -0.507747 -0.346425
VERTEX_POSE A743 -0.427682 0.170479 0.268684 -0.593831 0.003086 0.654526 0.002630 0.177687 0.000735 0.652483 0.623934 0.322394 0.514364 -0.125187 -0.158435 -0.428805 0.747968 0.665249 -0.354704 0.063291
VERTEX_POSE A744 0.843467 0.642596 0.672005 -0.117956 -0.653590 0.356290 0.332788 0.340245 -0.579555 0.144325 -0.445521 -0.301232 0.802712 -0.078758 0.342512 0.466158 0.172949 -0.573689 -0.082297 0.805996
VERTEX_POSE A745 0.610322 -0.107050 0.238589 -0.121466 -0.260758 0.582047 0.065832 -0.286868 0.074370 0.553184 0.505054 0.521581 -0.490444 -0.160188 0.149873 0.657541 -0.615648 -0.600984 -0.129455 -0.507883
VERTEX_POSE A746 0.908635 -0.472717 -0.231453 -0.757541 -0.562322 -0.553322 0.258499 0.004987 0.524800 0.515395 0.309999 -0.228218 0.702252 -0.553410 -0.602869 -0.017273 0.525296 0.053704 0.417241 0.567166
VERTEX_POSE A747 -0.672516 -0.443244 0.551343 -0.250597 -0.508819 -0.353924 -0.060605 0.398305 -0.521818 -0.427827 0.326238 0.464328 0.487730 0.539892 0.138792 -0.207367 0.663866 0.606284 -0.729664 -0.052153
VERTEX_POSE A748 0.572788 0.078671 -0.774333 0.658442 -0.677943 -0.584988 -0.208598 -0.361448 0.384099 -0.169098 -0.853943 0.274490 -0.877203 0.181800 -0.290986 -0.378015 0.234708 -0.591810 -0.124550 -0.228030
VERTEX_POSE A749 -0.930436 0.762478 -0.334218 0.136841 -0.456316 0.273784 0.638567 0.079284 0.124301 -0.332344 -0.618665 -0.440913 0.661895 -0.263920 -0.417537 -0.011653 -0.601000 -0.735425 -0.208659 0.424397
VERTEX_POSE A750 0.499313 -0.591917 0.592500 -0.969568 -0.763655 0.256526 0.347505 0.209086 -0.690572 0.036229 0.716424 -0.270508 0.807795 -0.343732 -0.459537 -0.455891 -0.481434 -0.415880 0.132511 -0.305106
VERTEX_POSE A751 -0.175312 -0.041197 -0.583145 -0.991560 0.757934 0.079192 0.409352 0.896739 -0.580863 0.425450 -0.028284 -0.240134 0.403841 -0.244087 0.601690 0.672262 -0.345457 0.486447 -0.190784 0.127044
VERTEX_POSE A752 -0.091409 0.109978 -0.176902 0.981964 0.163241 0.406055 -0.573146 0.014149 0.166184 -0.619175 0.379645 -0.496065 0.109143 0.522605 0.505964 0.406551 0.702437 -0.552650 -0.333063 0.298558
VERTEX_POSE A753 0.272407 0.131094 -0.411192 0.232185 -0.274759 -0.156419 0.614554 0.522891 -0.077872 -0.199953 -0.004008 0.709554 -0.335890 -0.048807 -0.655413 -0.308332 -0.396456 -0.190881 -0.611925 0.753000
VERTEX_POSE A754 -0.708580 -0.062342 -0.301179 -0.301058 0.859757 0.467939 0.532172 0.255436 -0.172080 -0.157747 0.607356 -0.561667 0.713348 -0.313379 -0.286025 -0.427822 -0.433152 0.595098 0.003574 -0.529192
VERTEX_POSE A755 0.214261 -0.702277 -0.985962 -0.106752 -0.317289 0.574158 0.283034 -0.694074 -0.277213 0.821181 0.259986 0.161089 0.453329 -0.093989 0.688835 -0.090496 0.524054 0.305044 0.178485 0.408903
VERTEX_POSE A756 0.938665 0.427061 0.372507 0.511299 -0.359074 -0.399402 0.340064 0.678074 -0.193624 0.504365 -0.134511 -0.568948 -0.608867 -0.283009 0.597432 0.102935 -0.225912 0.349802 -0.498656 0.625293
VERTEX_POSE A757 -0.778308 0.159311 0.630847 -0.320312 -0.623555 0.113473 -0.567231 -0.742259 -0.737834 -0.534140 0.373812 -0.419451 0.284874 -0.318294 0.470871 -0.213990 0.451251 0.212289 -0.515751 0.066170
VERTEX_POSE A758 0.805811 -0.065958 0.738555 -0.358497 0.344362 -0.133396 -0.569535 -0.258101 0.184999 0.371468 -0.463034 -0.815701 0.020829 -0.495663 0.495796 -0.473909 -0.554690 -0.191832 -0.559122 0.406965
VERTEX_POSE A759 -0.894033 0.813164 0.595394 -0.760169 -0.848251 0.376430 0.621680 -0.171021 0.803834 -0.183950 -0.260189 -0.254549 0.292344 -0.828851 -0.383851 0.037580 -0.158577 -0.003829 -0.701996 -0.436936
VERTEX_POSE A760 0.561142 -0.106777 -0.460611 -0.510498 0.542227 -0.590732 0.222097 -0.767140 -0.362593 0.107682 0.412008 0.399376 -0.627201 -0.410448 0.278029 0.530933 0.013996 -0.531752 -0.513620 0.270336
VERTEX_POSE A761 0.065565 0.518578 -0.754519 0.170918 -0.242045 -0.508677 0.607486 -0.479021 -0.681086 0.090489 0.415869 -0.231255 -0.218568 0.562648 0.332095 0.230787 -0.026385 -0.337050 -0.722315 -0.529455
VERTEX_POSE A762 0.041007 -0.986068 0.265050 -0.920004 -0.356479 0.323623 0.526140 -0.494084 0.210795 -0.260466 0.654005 0.590699 0.234494 0.106559 -0.589519 -0.082794 -0.262461 0.392907 -0.770385 -0.497914
VERTEX_POSE A763 -0.255534 -0.377855 -0.802332 -0.077260 -0.061379 -0.018021 -0.601582 -0.716776 -0.342204 0.610901 -0.373605 0.114289 -0.303931 0.544646 0.901637 0.326189 -0.197479 -0.237824 0.257149 0.104946
VERTEX_POSE A764 -0.992251 0.038170 -0.996440 0.470726 0.962938 -0.300418 -0.616540 -0.582176 0.484117 -0.515719 0.118307 -0.688744 0.212222 0.178572 -0.408599 -0.550365 0.528833 -0.184552 0.077287 -0.579243
VERTEX_POSE A765 0.597930 -0.563755 -0.479623 -0.504578 0.120133 0.657348 0.314046 0.379145 0.469775 0.193632 -0.098319 0.178041 -0.485377 -0.617326 -0.444740 0.723751 -0.272965 -0.343093 -0.323226 0.625285
VERTEX_POSE A766 -0.889089 -0.997669 -0.879537 -0.175775 -0.203649 0.645888 0.331163 0.267531 -0.297206 -0.465304 -0.160922 0.634683 -0.388251 -0.017458 -0.298547 0.449933 0.574033 -0.050432 -0.566255 0.756777
VERTEX_POSE A767 -0.907821 0.195802 -0.515026 0.615346 -0.885714 0.161844 0.071261 0.307800 0.620006 -0.773053 -0.119509 -0.348518 -0.163680 -0.342249 0.434989 0.459061 -0.758714 0.527938 0.399729 0.445191
VERTEX_POSE A768 0.467455 0.641007 0.161360 -0.617350 0.420528 0.882505 0.277036 0.374834 -0.042225 0.668582 -0.480700 -0.157085 -0.148350 0.444898 0.100072 0.265893 -0.296672 -0.429781 0.619308 0.585216
VERTEX_POSE A769 -0.097699 0.496205 -0.608062 0.880898 -0.349241 -0.631591 0.221274 0.364580 0.198309 0.401428 0.398921 0.605586 0.580734 -0.072254 0.438892 -0.641646 0.517778 -0.049050 0.202317 0.659263
VERTEX_POSE A770 -0.838503 -0.647740 -0.520247 -0.178342 0.707722 -0.083973 0.477078 -0.595754 0.336463 0.447176 -0.135229 0.557622 0.493049 0.525062 -0.718992 0.565979 0.242260 0.227705 0.094874 -0.540749
VERTEX_POSE A771 0.163054 0.015894 -0.019207 0.303958 0.144627 0.516251 0.359829 -0.321433 0.329948 0.389728 -0.449037 0.761077 -0.210777 0.579841 0.183861 -0.426719 -0.539460 0.107593 -0.701512 -0.260413
VERTEX_POSE A772 -0.314619 0.010128 0.653999 -0.659567 -0.568245 -0.456186 0.021113 0.722990 0.071767 0.095893 -0.121747 0.666970 -0.515422 0.517351 -0.527223 -0.270088 0.200827 0.252844 0.807311 0.393039
VERTEX_POSE A773 0.770973 0.055091 0.743755 0.084529 -0.628946 -0.517153 0.309953 -0.654476 0.124500 0.592017 -0.301242 0.051883 0.664531 0.565927 -0.243925 -0.332505 0.027688 0.809235 -0.035832 -0.399843
VERTEX_POSE A774 0.735372 -0.813627 -0.750523 0.710128 -0.852286 -0.111083 0.457879 -0.698063 0.480470 0.404871 0.145002 -0.302942 0.661830 -0.022737 -0.776357 -0.197478 -0.026674 -0.249610 0.386537 0.700324
VERTEX_POSE A775 -0.471153 -0.347276 0.326004 0.222477 -0.221834 -0.242963 0.244749 0.540951 -0.180882 -0.101006 -0.504821 0.651064 -0.649518 0.287051 0.681234 0.601165 -0.323213 -0.142431 -0.382913 -0.515424
VERTEX_POSE A776 0.381295 0.948042 -0.017655 0.963063 0.110296 -0.178900 0.287314 0.443624 0.330832 0.062038 -0.399773 -0.189057 -0.736214 0.507251 -0.522567 -0.419822 -0.620929 0.741436 -0.441974 -0.022869
VERTEX_POSE A777 0.644006 -0.286345 0.018023 0.952587 -0.414608 0.773277 -0.187982 -0.505481 -0.514099 -0.541053 -0.195202 -0.121252 -0.273187 -0.537043 -0.140511 0.749490 -0.322468 0.321402 -0.188568 0.560344
VERTEX_POSE A778 -0.143669 0.209480 -0.122653 0.971880 0.269346 0.466573 -0.673266 -0.119369 0.365211 0.496490 -0.487985 0.049713 0.519222 0.060242 -0.487627 0.009640 0.472497 0.639280 0.174716 0.721623
VERTEX_POSE A779 -0.045917 0.026713 0.208012 0.621505 0.432353 -0.129212 -0.042564 0.472449 -0.695635 -0.038322 0.492761 -0.358104 0.288277 0.097402 0.426680 -0.595453 0.559334 -0.434859 -0.747698 -0.460040
VERTEX_POSE A780 0.713571 -0.523866 0.683806 0.089428 0.129076 -0.604724 -0.569990 0.377384 0.690692 -0.305673 0.470780 0.330517 0.054709 -0.169390 0.203374 -0.524831 0.108029 0.081549 -0.550668 -0.771741
VERTEX_POSE A781 -0.644356 0.617563 -0.530153 -0.997688 0.505692 -0.409651 0.633990 -0.259072 -0.467507 -0.630703 0.044089 -0.757077 0.088461 -0.055207 -0.037483 0.372497 0.831360 0.197620 0.231712 -0.486549
VERTEX_POSE A782 0.778771 0.985516 0.624867 0.629945 0.190287 0.108329 0.568511 -0.446505 -0.355576 0.219436 -0.334132 -0.716579 0.152717 0.574744 -0.282326 0.555048 -0.140533 -0.518302 -0.545200 -0.582159
VERTEX_POSE A783 -0.377839 0.586111 -0.493097 0.071392 -0.707683 0.284996 -0.570757 0.700363 0.510601 -0.525874 -0.514886 0.356799 0.354432 0.467840 -0.586735 -0.152107 0.157623 0.431857 0.498933 -0.025797
VERTEX_POSE A784 0.628052 -0.251343 0.058655 0.234496 -0.769068 -0.008984 -0.038142 0.423734 -0.714128 0.381273 0.304750 0.037440 -0.787360 0.466799 0.223462 -0.068151 -0.524064 -0.662271 -0.478117 -0.484801
VERTEX_POSE A785 -0.929809 -0.076825 -0.676312 -0.671113 0.050044 -0.076816 0.773315 0.190238 0.258200 -0.493242 0.492577 0.566707 0.269254 -0.435714 -0.460747 -0.259987 -0.673012 0.627685 -0.136404 -0.279974
VERTEX_POSE A786 0.836422 0.883835 -0.479058 0.964640 -0.024972 -0.319165 -0.499331 -0.793012 0.414037 -0.599662 0.091419 0.044933 0.538295 -0.432816 0.256611 0.317624 -0.355034 -0.811689 0.020674 0.222252
VERTEX_POSE A787 0.566717 -0.824282 -0.568837 -0.254205 -0.128142 -0.247452 0.649569 0.031414 0.477978 -0.006548 0.340148 -0.708387 -0.410148 0.538220 -0.410342 0.502365 -0.187077 -0.200279 -0.396769 -0.747418
VERTEX_POSE A788 -0.708118 -0.917514 0.954535 0.008575 0.426489 0.541121 -0.035093 0.394754 -0.537116 -0.212008 0.146336 -0.400160 0.823939 0.318672 -0.482115 -0.358891 -0.255966 -0.161651 -0.382285 0.809744
VERTEX_POSE A789 0.642233 -0.182124 -0.740503 -0.393857 -0.680610 0.342379 0.677973 0.130806 0.118466 0.194966 -0.737246 -0.537243 -0.376365 -0.107873 -0.573072 0.454198 0.445799 -0.501698 0.392929 -0.478524
VERTEX_POSE A790 0.672683 0.988882 -0.973444 -0.014374 0.023607 0.405361 -0.480296 0.620236 -0.419693 -0.238752 0.011738 0.263580 0.615535 0.567534 -0.760719 0.008126 0.533532 -0.106639 0.577377 -0.091748
VERTEX_POSE A791 0.853024 -0.024291 -0.506076 0.498077 -0.031284 -0.288736 0.028957 0.508821 -0.747700 0.491037 0.189949 -0.535184 -0.643538 -0.373444 0.260001 0.242060 0.174939 -0.059605 0.534144 -0.731407
VERTEX_POSE A792 -0.292202 -0.663546 -0.495022 0.777061 0.077344 0.537999 -0.424980 0.326756 0.472086 0.409241 -0.255546 0.448505 -0.058149 0.561334 0.193624 -0.701526 -0.607395 0.499044 0.395466 -0.379344
VERTEX_POSE A793 -0.286310 -0.997186 0.291607 0.065622 0.667128 0.380845 0.322935 0.802946 0.566982 0.218161 -0.257583 0.205251 -0.751090 -0.027604 0.492218 -0.460276 0.194332 0.499081 0.268566 -0.500402
VERTEX_POSE A794 -0.402509 0.597855 -0.308408 -0.579183 0.907337 0.314206 -0.582405 -0.329450 -0.811220 0.077057 -0.521126 -0.050922 0.207514 0.501980 0.489855 0.491144 -0.602939 0.025434 0.608755 0.066111
VERTEX_POSE A795 -0.284454 0.374624 -0.491463 0.247787 0.040282 -0.073130 0.195518 -0.310625 0.436505 -0.376779 -0.465754 -0.643372 0.251979 0.195983 0.600787 0.710240 0.297524 -0.171005 0.501872 -0.748101
VERTEX_POSE A796 -0.688380 -0.560941 0.811984 0.561044 -0.212739 0.687266 -0.541440 0.331693 0.184612 -0.451826 -0.513638 -0.292267 -0.492552 0.232540 0.404908 0.193690 -0.644362 0.494178 0.471778 0.396079
VERTEX_POSE A797 -0.291598 0.600186 -0.187945 0.245042 -0.296312 -0.652595 -0.159383 0.020280 -0.231705 -0.806144 -0.112276 -0.180674 0.277100 0.735645 -0.698228 0.352988 -0.187031 -0.016316 -0.351202 0.640959
VERTEX_POSE A798 -0.192275 -0.429574 -0.006489 -0.136867 0.154568 0.146309 0.346117 0.581263 -0.720866 -0.501849 0.359280 -0.522050 0.399809 0.157452 -0.387567 0.642032 -0.358341 -0.190268 -0.237271 -0.616321
VERTEX_POSE A799 0.779075 -0.919934 -0.026657 0.943694 -0.792211 0.642870 0.300029 0.667576 0.420772 0.103247 -0.339688 0.136864 0.629099 -0.571043 0.619409 -0.577335 -0.335952 -0.085270 -0.412603 -0.000158
VERTEX_POSE A800 0.610703 0.096391 0.203993 0.125940 0.354447 0.081710 -0.284069 0.674195 -0.693869 0.612941 0.342147 0.471401 0.289881 0.580385 0.048216 -0.298523 0.234371 0.536027 0.608655 -0.191366
VERTEX_POSE A801 -0.030778 -0.077314 0.473264 0.684791 -0.137710 0.330566 0.260404 -0.271724 0.281923 -0.591859 -0.452083 0.158468 0.359452 -0.753968 0.092482 -0.665815 -0.055064 -0.881805 -0.096838 -0.387669
VERTEX_POSE A802 -0.057872 0.095960 0.954136 0.247653 0.352416 0.046362 -0.054768 -0.115518 -0.337895 0.125982 0.840230 0.543740 -0.260476 -0.098339 -0.480727 0.567306 -0.488132 -0.597432 -0.769055 -0.180903
VERTEX_POSE A803 -0.703916 -0.893481 -0.142008 0.466373 0.786202 0.012328 -0.353541 0.815717 0.520981 0.252466 0.433486 0.437908 0.633391 -0.085262 0.259964 0.107192 0.143935 -0.684896 0.631344 0.344541
VERTEX_POSE A804 -0.259805 0.977778 0.217020 -0.230679 0.233344 -0.039487 -0.702970 -0.505507 0.922008 0.073311 -0.327243 -0.347687 0.289206 -0.588524 -0.119327 -0.470023 -0.146118 0.114968 -0.442603 0.519291
VERTEX_POSE A805 -0.322500 0.282332 -0.796387 -0.042220 0.500130 0.037751 0.128938 0.373849 -0.577977 0.079090 0.536531 -0.508747 0.296017 0.199932 -0.192859 0.760982 -0.548867 0.607042 0.557136 0.480774
VERTEX_POSE A806 -0.175069 -0.240757 -0.816004 -0.311149 -0.435633 0.432073 -0.069020 0.364506 -0.307287 -0.498520 0.756313 0.144714 0.633253 0.254951 0.443354 0.311487 0.428906 -0.708084 0.498679 0.214862
VERTEX_POSE A807 -0.878511 0.925820 -0.800636 -0.267616 -0.656360 0.033285 0.239901 -0.645965 -0.326593 -0.139922 0.596961 -0.773925 -0.500724 -0.355180 -0.495469 0.708461 0.218825 0.218584 -0.412586 0.228754
VERTEX_POSE A808 -0.678494 0.995987 0.221637 -0.089633 -0.914479 0.289925 -0.631495 0.334599 -0.553675 -0.028462 -0.241724 -0.402883 0.153003 -0.330602 -0.633692 -0.540871 0.308276 -0.213326 0.533341 0.790748
VERTEX_POSE A809 0.681263 0.968723 0.061343 -0.339270 0.833714 0.154474 -0.703562 0.210329 0.762012 0.217299 0.372769 0.573212 0.078690 -0.701433 0.258653 -0.390647 0.333809 0.001766 -0.546794 -0.461918
VERTEX_POSE A810 0.075572 -0.047467 0.407376 -0.646111 0.775994 0.394705 0.645991 0.432183 -0.567572 -0.320207 0.317570 0.542597 -0.270061 -0.005082 -0.324026 0.554883 -0.636911 -0.350238 0.315173 0.553792
VERTEX_POSE A811 -0.964923 -0.527879 -0.094558 0.999795 0.214597 0.406063 0.076215 0.296661 0.573529 -0.662877 0.286603 0.654624 0.407946 -0.228053 0.057371 -0.476502 -0.820063 0.272679 0.401636 -0.324561
VERTEX_POSE A812 -0.963093 0.586286 0.531190 -0.336958 0.339406 -0.409752 -0.664208 -0.528838 0.455750 -0.038277 -0.464919 -0.595188 0.232917 0.307183 0.491283 0.008654 0.147204 -0.169669 0.709251 -0.623017
VERTEX_POSE A813 -0.145657 -0.061951 0.032244 0.983834 -0.033719 0.036049 -0.256450 -0.409217 0.585985 0.383304 -0.675080 -0.147194 -0.059731 -0.077463 -0.576198 0.782928 -0.124106 -0.549228 -0.413240 -0.596158
VERTEX_POSE A814 -0.342762 -0.941767 0.412346 0.071188 0.506914 -0.088111 -0.038444 -0.114184 0.127801 0.590281 -0.770485 0.507192 0.643345 0.555532 0.619295 -0.409493 -0.043175 -0.578906 0.261749 0.287811
VERTEX_POSE A815 0.664959 -0.665058 -0.410154 0.897539 0.570338 0.047953 -0.360271 -0.922752 0.426840 0.489749 -0.200973 0.439719 0.564795 -0.161647 -0.399475 0.279623 -0.016707 -0.680129 0.482874 -0.285883
VERTEX_POSE A816 -0.075467 0.861224 0.355932 -0.687279 -0.983675 -0.508911 0.619441 0.397881 0.350454 -0.450489 0.658658 0.232620 0.383089 0.445014 -0.165935 -0.042746 -0.373836 0.732493 0.514556 -0.264705
VERTEX_POSE A817 -0.506340 0.942067 0.933288 0.035828 -0.518058 0.694143 -0.372084 -0.542018 -0.041637 -0.036630 -0.436151 -0.257175 0.486450 -0.648915 -0.045066 0.508046 -0.135992 -0.669523 -0.604539 -0.276413
VERTEX_POSE A818 0.231676 -0.489340 0.021008 -0.356666 -0.557804 0.585144 -0.456386 -0.207547 -0.232035 0.159849 0.606808 -0.271373 -0.648782 0.522450 0.391843 -0.377839 0.224034 -0.613662 -0.449977 -0.515329
VERTEX_POSE A819 0.216416 0.943710 0.310467 0.321295 0.442814 0.697500 0.551904 -0.277696 -0.048078 0.309214 -0.530056 -0.060670 -0.456847 -0.644668 -0.256698 0.463836 0.345027 -0.664535 0.419447 -0.327545
VERTEX_POSE A820 -0.864107 -0.240056 -0.807216 0.641971 -0.198669 0.049325 0.121019 -0.471906 -0.540939 0.311841 0.389737 0.259264 0.625543 -0.522477 0.627080 -0.435904 0.133143 -0.494474 -0.553890 -0.578532
VERTEX_POSE A821 -0.095641 -0.500458 0.047565 0.628960 0.465803 -0.324038 -0.576530 0.271649 0.550440 0.366797 0.369891 -0.486987 0.503533 -0.542299 -0.552658 0.047845 0.479909 -0.222325 0.526535 0.514768
VERTEX_POSE A822 0.069440 -0.080581 0.804391 -0.180628 -0.588470 0.283822 -0.584720 0.717555 -0.278493 -0.330835 -0.413763 -0.241822 0.547083 0.345987 -0.864429 -0.322351 0.184007 -0.190190 0.381366 0.400437
VERTEX_POSE A823 -0.156310 0.096398 -0.302238 0.419032 0.878676 0.777499 0.438058 -0.341369 0.431078 -0.481193 0.618940 0.187431 -0.081735 -0.248417 0.397005 -0.486085 -0.100750 -0.130095 -0.577580 -0.654613
VERTEX_POSE A824 0.618049 -0.497645 -0.660829 -0.305418 0.132931 -0.279598 -0.519705 0.348199 -0.618243 -0.141448 0.460377 -0.523172 -0.313018 -0.688870 -0.395282 0.681633 0.248202 0.331124 -0.383791 0.361475
VERTEX_POSE A825 0.666931 -0.482726 -0.504017 0.240189 -0.681134 0.415473 0.138901 0.550736 -0.563697 -0.213886 -0.106743 -0.346336 -0.523552 0.714681 0.576743 -0.751691 -0.219182 -0.238845 -0.309537 -0.355649
VERTEX_POSE A826 0.559236 -0.528978 0.206299 -0.333181 -0.081042 0.526576 0.415443 0.068578 0.318116 0.624078 -0.041161 0.375130 0.088443 0.144559 0.036992 -0.124292 0.972608 0.692408 -0.643943 -0.163524
VERTEX_POSE A827 0.929669 -0.058586 -0.848845 -0.744374 0.920192 -0.207037 0.287828 0.566311 -0.174114 -0.259968 -0.728610 -0.371021 0.435097 -0.141817 0.191645 -0.726872 0.327900 -0.867430 -0.363209 0.144186
VERTEX_POSE A828 -0.624667 -0.882540 0.308038 -0.514769 0.022554 0.178980 0.079487 0.496847 0.427292 0.202127 0.590481 -0.471834 -0.729451 0.269319 -0.748905 0.607185 0.255903 -0.043612 -0.228152 0.516195
VERTEX_POSE A829 -0.633039 0.041448 -0.800189 0.529952 -0.926474 0.684324 -0.011727 0.173160 0.184049 -0.767173 -0.254378 0.697933 0.288092 -0.198304 0.102845 -0.465876 0.716811 -0.011791 0.333571 0.593435
VERTEX_POSE A830 0.708743 0.021480 0.124498 -0.800679 -0.872019 -0.114444 0.599014 -0.331710 0.338761 -0.312664 -0.288264 0.658349 -0.357289 -0.208319 -0.211301 -0.369960 0.683947 0.627752 0.528108 0.543775
VERTEX_POSE A831 0.986036 0.213850 -0.487969 0.611171 -0.623000 0.179269 -0.240657 0.190989 -0.139048 -0.321620 -0.923669 -0.465958 -0.289636 0.097904 -0.578833 -0.520597 0.303489 -0.629575 0.695510 -0.093105
VERTEX_POSE A832 0.336183 0.964134 0.673075 0.214743 -0.064185 -0.228238 -0.270131 0.759662 -0.620041 0.356274 -0.200456 -0.542795 0.438613 0.097782 -0.286655 -0.542898 -0.590758 -0.432040 -0.559445 0.155483
VERTEX_POSE A833 -0.349129 -0.882561 0.078635 0.446973 0.480397 -0.359618 -0.123561 0.065270 -0.429844 -0.127019 -0.403233 -0.285151 -0.534116 0.753725 0.346070 -0.825168 -0.417643 0.696300 0.049159 0.301025
VERTEX_POSE A834 -0.717880 0.320369 0.370023 0.077544 -0.836798 -0.102982 0.263122 0.278727 -0.428784 -0.654841 0.503860 -0.139690 -0.588836 -0.448498 0.593645 -0.333857 -0.346726 0.658492 -0.209192 0.589123
VERTEX_POSE A835 -0.923623 0.941912 -0.109905 0.984064 -0.830841 -0.764070 -0.187672 -0.421485 0.600014 -0.142624 -0.567252 -0.126959 -0.357662 -0.421136 0.194831 -0.672022 -0.047053 0.045863 0.604070 -0.566574
VERTEX_POSE A836 0.328371 0.399771 0.282248 -0.595247 -0.019473 0.244153 -0.512316 -0.364706 -0.076989 -0.621109 0.551953 0.068324 0.575931 0.409698 0.596930 0.131200 -0.419521 -0.757277 0.053353 -0.467426
VERTEX_POSE A837 0.107051 -0.920388 0.554019 0.766395 -0.272430 -0.366248 -0.472279 0.583359 -0.711735 -0.329953 -0.363702 0.400090 -0.594369 0.342140 0.187843 -0.534020 -0.619706 -0.404893 0.172140 0.162227
VERTEX_POSE A838 -0.802133 0.867732 0.089459 -0.283552 -0.487201 -0.599911 0.550386 -0.047515 -0.633607 -0.488440 -0.535990 -0.329871 -0.321661 0.503757 -0.137132 -0.415338 0.562498 0.333209 -0.427236 -0.374542
VERTEX_POSE A839 0.649877 0.395759 -0.496115 0.315121 0.066048 0.666596 0.423769 -0.531938 -0.483436 0.169649 -0.358467 0.510965 -0.239807 0.123658 -0.241808 0.467278 -0.353246 0.048813 0.718180 0.669679
VERTEX_POSE A840 -0.211687 -0.951665 -0.384638 -0.572875 -0.438716 0.122229 -0.446503 -0.701778 0.386066 -0.078491 0.001493 -0.216037 -0.692053 0.622311 -0.670693 -0.310383 -0.346088 -0.582677 0.468188 0.021411
VERTEX_POSE A841 0.273439 -0.179735 -0.503164 0.070337 -0.711207 0.377724 0.597546 -0.118586 -0.489780 0.583487 -0.262158 0.298742 -0.211886 -0.920231 0.576719 -0.156349 0.229034 0.442254 0.482848 0.133896
VERTEX_POSE A842 0.684954 0.867880 0.409327 0.314916 -0.719354 0.039235 -0.559215 0.675342 -0.693596 0.482978 0.386273 -0.352629 0.083548 0.135903 0.132546 -0.123004 0.492459 0.612755 0.657192 0.365677
VERTEX_POSE A843 -0.174780 0.634621 -0.853448 0.090167 0.900689 -0.409931 0.369950 -0.691419 0.206521 -0.485761 -0.275040 0.399851 0.099715 0.373608 -0.129297 0.685306 0.359899 0.782756 0.384169 -0.420931
VERTEX_POSE A844 -0.872218 0.758314 0.529079 0.054170 0.255074 0.386219 0.462320 0.231410 0.701648 -0.395703 0.308526 0.400260 -0.465060 -0.477481 0.404006 0.604709 -0.547668 0.187340 0.218461 0.568623
VERTEX_POSE A845 -0.657808 0.926113 -0.178328 -0.613896 0.787560 0.021901 -0.820850 -0.379450 0.126106 -0.104226 -0.619872 0.568103 0.376936 -0.337740 -0.811502 0.245566 -0.370976 -0.048380 -0.336094 0.469132
VERTEX_POSE A846 -0.509821 0.969563 -0.263602 -0.012294 0.471027 0.670214 0.073845 -0.534485 -0.276215 0.653054 -0.489105 -0.483587 -0.652392 -0.530402 0.107693 -0.111200 0.409369 0.478607 -0.360675 -0.161845
VERTEX_POSE A847 0.052315 0.619538 -0.114989 0.366891 0.271398 -0.648640 -0.229498 -0.090007 -0.203647 0.756628 0.369022 0.441789 0.446186 -0.072797 0.406771 -0.415729 0.718476 0.420897 -0.054147 -0.578113
VERTEX_POSE A848 -0.164148 0.868180 -0.245040 0.421932 -0.730499 0.614827 -0.436863 -0.278943 0.479213 -0.289582 0.565380 0.039092 -0.347397 0.306789 0.592743 0.514869 -0.388407 -0.198670 -0.582682 -0.597960
VERTEX_POSE A849 0.721855 -0.519777 0.757407 0.631040 0.913223 -0.301608 -0.396409 -0.109552 0.874219 -0.101049 0.229230 -0.034002 -0.365406 -0.588266 0.313482 -0.560625 -0.341345 0.212947 0.620344 -0.687662
VERTEX_POSE A850 -0.731269 0.563249 -0.804522 -0.311813 -0.285788 -0.245161 0.396777 0.341515 -0.444381 -0.443345 -0.560648 -0.414689 0.109580 -0.397371 0.594966 -0.545124 -0.055448 -0.465265 -0.580383 0.638798
VERTEX_POSE A851 -0.028255 -0.371876 -0.052256 0.063903 0.070833 -0.206234 0.447339 0.200441 0.370425 -0.282453 0.640807 -0.745818 0.240088 0.094690 -0.417929 -0.387720 0.601836 0.298903 0.715639 0.421920
VERTEX_POSE A852 -0.373786 -0.020235 -0.195029 0.260000 0.379025 0.460840 -0.540759 0.373012 -0.600150 0.135928 0.779102 -0.228486 0.429837 -0.359806 0.055978 -0.053407 -0.022361 -0.610006 -0.708160 -0.351998
VERTEX_POSE A853 0.338171 -0.517332 0.999869 0.507559 0.125742 0.236703 -0.310565 -0.333406 -0.322836 0.602198 -0.561265 0.469608 0.314777 0.563241 -0.347810 -0.647773 0.028133 0.705865 -0.149038 -0.505757
VERTEX_POSE A854 0.815435 0.724521 0.645506 -0.517066 -0.050492 0.252096 -0.402283 -0.188303 -0.098270 0.389253 -0.301437 0.554049 0.134591 -0.747352 -0.581755 0.486983 -0.325206 -0.530454 -0.656798 -0.457584
VERTEX_POSE A855 -0.755737 0.482120 0.144143 0.954583 -0.488043 -0.075631 -0.168908 -0.488665 0.719356 0.134425 0.539156 0.448972 -0.801215 -0.244963 -0.440911 -0.557879 0.625998 -0.284303 -0.015033 0.136516
VERTEX_POSE A856 0.005102 -0.000058 -0.504148 -0.252252 0.444608 0.039301 0.028978 -0.550974 -0.705015 0.708534 0.002935 -0.492301 -0.510888 0.497855 0.134516 0.099984 -0.257598 -0.490871 -0.475538 -0.618225
VERTEX_POSE A857 0.374672 -0.804457 -0.148195 0.149753 0.868466 0.251731 -0.108457 -0.507459 -0.946637 0.108874 -0.204892 -0.037650 -0.572878 0.480524 -0.197594 -0.529159 0.265873 0.006985 0.606782 0.631595
VERTEX_POSE A858 -0.826069 -0.576466 0.295298 -0.789791 -0.567851 -0.688583 -0.358638 0.305376 0.466875 -0.300848 0.272876 0.400447 0.385219 0.549724 -0.219988 0.728391 -0.315301 0.314847 -0.319253 -0.656257
VERTEX_POSE A859 0.380435 0.117401 0.803891 0.232979 -0.532839 0.160782 0.261435 0.306173 0.633481 -0.443859 -0.374948 0.150326 -0.299585 -0.401431 0.077341 0.741877 -0.662779 0.737747 0.307422 0.406509
VERTEX_POSE A860 0.741633 0.236991 0.051616 -0.320295 0.941991 0.715285 -0.318438 -0.107739 -0.400818 -0.748253 -0.525859 -0.153557 -0.180128 0.277974 0.531210 -0.033815 -0.368348 0.148152 -0.552381 0.706339
VERTEX_POSE A861 0.882675 0.445014 -0.580204 -0.590470 -0.439871 0.317794 0.229010 -0.328667 -0.362122 0.810349 -0.227710 0.499264 0.091843 -0.651262 -0.592053 0.069590 -0.152354 0.409979 0.526889 0.626715
VERTEX_POSE A862 0.366470 -0.668748 -0.684078 -0.155850 -0.155838 -0.694991 0.081570 -0.210726 -0.021916 -0.461271 0.516505 -0.424313 0.601175 0.596047 -0.202552 -0.542940 0.435729 -0.543542 -0.352675 -0.379059
VERTEX_POSE A863 0.077816 0.201125 -0.275309 0.894449 -0.122193 -0.694461 -0.483002 0.007654 -0.195704 -0.372303 0.501792 0.042070 0.430323 0.157193 0.288131 -0.484066 -0.704076 0.628200 -0.456728 0.477192
VERTEX_POSE A864 -0.466454 0.562453 0.498431 0.856503 -0.959473 0.086194 0.878397 0.353692 -0.383356 0.088992 0.126473 0.183569 -0.009394 0.613766 -0.119409 -0.457403 0.694280 -0.893114 0.105799 0.013175
VERTEX_POSE A865 0.648590 0.651621 0.685945 0.921694 0.007364 0.313191 -0.347209 -0.147031 0.325105 0.077125 -0.483860 -0.357177 -0.575912 -0.659799 0.549137 0.433855 -0.437324 -0.605880 0.594638 -0.343039
VERTEX_POSE A866 0.154193 0.143038 0.614786 0.878512 0.046966 -0.693652 0.118030 0.364585 -0.119332 -0.187821 0.773866 -0.700934 -0.157859 -0.460619 0.115320 -0.446435 0.193651 -0.000344 -0.852390 -0.136153
VERTEX_POSE A867 0.861917 -0.037775 -0.219321 -0.738744 0.021054 -0.441140 -0.001845 -0.616963 0.540847 0.223663 0.112732 0.256872 0.830266 -0.210811 -0.639590 0.507770 0.218059 0.194479 -0.052904 -0.717396
VERTEX_POSE A868 -0.244359 0.731233 0.239964 0.688089 0.734934 0.830846 -0.067668 0.210745 -0.475165 0.128566 0.596452 -0.108565 0.316205 -0.751432 0.263922 0.693437 0.127270 0.049726 -0.630913 -0.137783
VERTEX_POSE A869 0.352060 0.010770 -0.295755 -0.405040 0.559765 -0.445584 -0.314454 -0.114219 -0.545049 -0.021718 -0.730521 0.098847 -0.457145 -0.092552 0.670105 0.103536 -0.666183 0.213460 -0.825195 0.030439
VERTEX_POSE A870 0.511794 -0.642017 0.284563 0.576377 -0.912898 -0.738118 -0.328624 0.209878 -0.393697 0.201486 -0.255025 -0.015281 0.352846 0.912522 -0.426307 -0.279389 0.032268 -0.343821 0.805513 -0.239114
VERTEX_POSE A871 0.543954 0.779568 0.855326 -0.884786 -0.703783 0.498452 0.486333 -0.574962 0.256193 -0.854405 -0.265742 -0.778407 0.011633 -0.254886 0.171446 0.108396 0.715155 -0.224942 0.146926 -0.149621
VERTEX_POSE A872 -0.374501 0.831034 0.201081 0.665297 0.848558 0.418021 -0.462747 0.294358 0.841962 0.348494 0.005872 -0.103326 0.385577 -0.637644 -0.308256 0.395818 0.688946 0.103254 0.599229 0.179115
VERTEX_POSE A873 0.196747 -0.774137 -0.306110 -0.108707 -0.632252 -0.112318 -0.719286 0.305658 0.537174 0.306701 0.270662 -0.437307 -0.097374 0.625471 -0.708610 0.450388 -0.162008 0.073907 0.419798 0.644868
VERTEX_POSE A874 -0.630826 0.414189 -0.998121 0.205382 -0.803094 -0.493679 0.037962 0.190786 0.358170 0.572056 -0.472215 0.449312 0.401229 0.176021 -0.487706 0.713076 0.316703 -0.433886 0.043002 -0.780596
VERTEX_POSE A875 -0.246719 0.589349 -0.269840 -0.280533 0.103632 0.365131 -0.160360 0.658860 0.039381 0.548073 0.628129 0.100110 -0.442368 0.215733 0.810526 0.407210 -0.353292 -0.445144 0.558919 0.001239
VERTEX_POSE A876 0.538939 -0.848024 0.515562 0.277396 -0.844693 -0.241508 -0.412405 0.609830 0.175646 -0.868120 -0.302589 0.214929 -0.133448 -0.472520 -0.815511 -0.185201 -0.065826 -0.446732 0.155506 -0.555823
VERTEX_POSE A877 -0.140647 0.383752 -0.261723 -0.806912 0.667933 -0.755387 -0.211415 -0.435318 0.168279 0.763328 -0.473143 0.621288 -0.404258 -0.464571 0.012320 -0.372629 -0.482594 0.122155 -0.265249 0.371364
VERTEX_POSE A878 0.805596 0.208887 0.615171 -0.913642 -0.624970 -0.322479 -0.574823 0.354484 -0.736105 -0.093192 0.043565 -0.368744 0.459621 0.546043 -0.334705 0.579999 -0.434590 0.325818 0.336516 0.620815
VERTEX_POSE A879 -0.625209 -0.979844 -0.729478 -0.300672 -0.575191 0.691837 -0.537581 0.377443 0.424854 0.200543 0.173448 0.015459 -0.408391 -0.583795 0.204509 0.646026 0.196226 -0.546623 -0.294374 0.669426
VERTEX_POSE A880 -0.418792 0.863975 -0.504316 0.824128 0.581156 -0.144226 -0.296925 -0.450116 0.678745 0.496968 -0.409391 0.126998 0.518088 0.384739 0.683703 -0.600391 0.395850 -0.186883 0.189668 0.570152
VERTEX_POSE A881 -0.925673 -0.227864 0.810650 -0.225455 0.089242 0.537229 0.506663 -0.658892 -0.365038 -0.103547 -0.500786 -0.258306 -0.562661 -0.556327 -0.201091 0.277760 -0.072248 0.686274 -0.582094 0.018854
VERTEX_POSE A882 0.346536 -0.351721 0.218266 0.763231 0.495641 -0.540621 0.505452 -0.430251 0.407466 0.129646 0.134268 0.522030 -0.152172 -0.832895 -0.010085 0.597340 -0.154956 -0.518733 -0.589694 -0.281302
VERTEX_POSE A883 0.207421 -0.156261 0.300655 0.084128 -0.039819 0.248744 -0.271507 -0.433831 -0.595792 -0.299823 -0.284869 0.605206 0.427326 -0.291888 -0.170930 0.434087 0.620739 0.433204 -0.682167 0.510025
VERTEX_POSE A884 0.412498 0.254804 0.810519 -0.717897 -0.785016 0.042077 -0.573424 0.447744 0.699768 -0.298067 -0.250324 0.208546 0.180336 -0.688394 0.456694 0.699622 0.490412 0.506453 -0.245661 0.149911
VERTEX_POSE A885 0.161971 -0.627199 -0.136228 -0.753835 -0.554851 -0.277062 -0.483253 0.756628 -0.506338 0.458817 0.350120 -0.554362 -0.550658 -0.376681 -0.332626 0.495629 0.062832 -0.498901 0.084144 -0.398865
VERTEX_POSE A886 0.451684 -0.674141 -0.555202 0.038711 0.472137 -0.526110 0.145858 -0.350941 0.359820 -0.451360 0.543630 0.663457 0.672971 -0.181317 -0.161519 0.405153 0.573391 -0.357036 0.397443 0.468673
VERTEX_POSE A887 -0.582400 -0.745255 -0.693629 0.029851 0.659592 0.601872 0.106195 0.390426 -0.299111 0.946799 0.033828 -0.439921 -0.128311 0.677303 -0.568349 -0.251014 -0.299667 0.178135 0.113239 -0.545787
VERTEX_POSE A888 -0.463358 -0.431656 0.715577 0.395918 -0.686385 -0.467947 0.381844 0.333650 -0.705232 -0.577262 -0.262889 -0.390558 0.405581 0.446703 -0.361822 0.169903 -0.372677 0.014926 -0.572364 0.693639
VERTEX_POSE A889 0.625615 -0.250607 0.740096 0.248920 0.904286 0.466390 0.604189 -0.599350 -0.148549 0.700576 0.361813 -0.817046 0.131206 -0.420260 -0.240992 0.017261 -0.326490 0.186470 -0.355859 -0.476085
VERTEX_POSE A890 0.798035 0.372147 -0.889739 -0.737170 -0.873247 0.526602 -0.255897 -0.343809 -0.247781 0.381748 0.597764 -0.265893 0.645796 -0.691740 -0.762715 -0.479325 -0.175159 0.094136 0.376803 0.123644
VERTEX_POSE A891 -0.721725 0.805335 -0.232807 -0.924376 -0.744393 -0.683320 -0.412924 -0.566686 0.213502 -0.651843 0.009609 0.625786 -0.311090 -0.296307 0.247485 0.451405 -0.764740 -0.186099 0.322568 0.078418
VERTEX_POSE A892 0.508290 -0.805593 -0.840108 0.658450 -0.535584 -0.608032 -0.094450 -0.280810 -0.187476 0.558883 0.427011 -0.733511 -0.104018 0.370418 0.130869 -0.742609 0.554435 0.199963 0.341236 0.542402
VERTEX_POSE A893 0.164505 0.703399 -0.573817 0.106980 -0.029085 -0.849663 0.174832 0.288940 -0.369842 -0.802682 -0.434439 -0.309911 0.440509 -0.234527 0.210986 -0.100442 0.160518 0.027005 0.347849 -0.804368
VERTEX_POSE A894 0.356091 0.006461 0.491884 0.970072 0.133414 -0.330287 -0.190464 0.811418 0.175620 0.645570 0.168026 -0.077976 0.133978 0.471166 0.093041 0.683198 0.081359 -0.919419 0.249506 -0.291121
VERTEX_POSE A895 -0.958164 0.756861 0.658323 0.514953 -0.495058 -0.724612 0.187236 -0.555577 0.579827 0.684522 -0.369377 -0.112421 0.153276 0.337471 0.342808 -0.656174 -0.275632 -0.092646 0.205704 0.604181
VERTEX_POSE A896 -0.186905 0.355019 -0.887872 0.028674 0.978279 0.760838 0.404793 -0.290445 0.138254 0.531035 0.672305 0.442017 -0.172590 -0.273612 -0.271524 0.183019 -0.566143 0.364563 -0.700615 0.261278
VERTEX_POSE A897 -0.489716 -0.850502 0.106670 0.848585 -0.819620 -0.590276 0.144372 -0.567735 0.010137 0.673014 0.373679 -0.059188 -0.190301 -0.477184 -0.606101 0.394571 0.132948 0.529725 0.578194 -0.540982
VERTEX_POSE A898 0.903752 -0.280915 -0.560998 0.776210 0.525996 0.621044 0.248744 0.489671 -0.388047 0.520956 0.238669 0.008960 0.484640 -0.753753 -0.145836 -0.652521 -0.142132 0.665113 -0.077925 -0.338990
VERTEX_POSE A899 0.568736 0.086253 0.352093 -0.283237 0.713212 0.011204 0.383967 0.752550 -0.103066 0.024087 0.564155 -0.493723 0.463800 -0.241833 0.666195 -0.276275 0.080541 0.549249 0.748699 -0.224562
VERTEX_POSE A900 0.862344 0.160268 0.810915 -0.556455 0.740145 0.372615 0.233997 -0.705596 0.025495 0.686023 0.177054 0.005360 0.613069 -0.163754 0.841380 0.017348 0.508206 0.390588 -0.313790 -0.430926
VERTEX_POSE A901 0.415546 0.077069 0.723565 0.352587 0.613098 0.633840 0.341474 -0.343500 0.386579 -0.535238 0.690981 0.088345 0.450503 0.403640 -0.568282 -0.258905 -0.135941 -0.343591 0.571779 0.472384
VERTEX_POSE A902 0.112690 -0.134179 0.207419 -0.168022 -0.990570 -0.342601 0.458292 -0.402252 0.109512 -0.608886 0.369909 0.022594 0.560210 0.576203 -0.620204 0.023486 0.563697 0.696755 0.323788 0.227148
VERTEX_POSE A903 -0.512157 -0.008698 0.011996 -0.891158 0.588703 -0.560295 0.669799 -0.409152 0.063321 0.183308 0.394564 -0.345182 -0.438544 0.243597 -0.571487 0.105419 0.660253 0.486120 0.560655 0.426193
VERTEX_POSE A904 -0.387706 0.302932 -0.582545 -0.756121 0.980845 0.381669 -0.430290 -0.291592 0.602025 -0.510155 0.293606 -0.115928 0.137858 -0.299935 0.354476 0.531086 0.653265 0.593972 0.503523 -0.558618
VERTEX_POSE A905 0.481864 -0.719991 0.209298 -0.962640 -0.793664 0.150878 -0.392586 0.351077 0.037485 -0.764285 -0.049103 -0.688584 -0.342865 0.330421 -0.568134 -0.021381 -0.700505 -0.422973 0.379118 0.523879
VERTEX_POSE A906 0.241123 -0.419349 0.742157 -0.171691 -0.307665 0.403994 -0.817031 0.038741 0.382141 0.268066 -0.071274 0.333496 0.471526 -0.266029 0.611921 0.176865 0.671921 -0.452869 0.083563 0.686418
VERTEX_POSE A907 -0.848767 0.454908 0.933017 0.521276 -0.863847 0.451244 -0.238448 -0.626191 -0.087341 -0.416968 -0.505700 -0.290369 -0.324559 0.324568 0.547310 0.599479 0.031344 0.636308 -0.551875 0.495808
VERTEX_POSE A908 -0.658783 0.663761 0.947575 -0.769553 0.874269 0.570376 -0.335694 0.528394 -0.405169 -0.224747 -0.381356 0.198829 0.581513 -0.325492 -0.414839 -0.548856 0.041711 -0.546704 0.444294 0.683873
VERTEX_POSE A909 0.046719 0.789538 0.357328 -0.085333 0.067366 0.663239 0.293716 0.320911 -0.497898 -0.479301 0.157867 0.064338 -0.368885 0.563934 0.349545 -0.507658 0.333185 -0.431149 0.538710 0.665628
VERTEX_POSE A910 -0.473977 0.475064 -0.796461 -0.779396 -0.439038 0.394130 -0.206945 -0.335174 0.492080 -0.134496 0.184573 0.488906 -0.282531 0.657233 -0.349083 -0.923958 -0.100992 0.491559 -0.074581 -0.641433
VERTEX_POSE A911 -0.077575 0.527736 -0.556741 -0.945424 0.455424 0.436248 -0.343710 0.692999 0.023430 0.478159 0.528722 -0.272102 0.646053 0.019285 -0.684805 -0.484485 0.089125 -0.515889 0.033430 0.481550
VERTEX_POSE A912 0.121046 -0.438327 0.167978 0.689212 -0.843392 0.481158 -0.325677 0.314312 -0.283807 -0.083331 -0.704425 0.541106 0.644801 0.016904 0.313758 0.343666 -0.525254 -0.544703 0.594235 0.358909
VERTEX_POSE A913 0.872559 -0.876656 0.421806 0.983834 -0.943397 -0.356131 0.171522 0.711684 0.414848 -0.549666 0.541532 0.542782 0.634762 0.347074 -0.227116 0.505553 -0.033129 0.595716 0.099703 -0.280520
VERTEX_POSE A914 -0.870154 -0.628525 0.743914 0.138704 -0.584395 -0.586699 -0.279651 0.498661 0.231211 -0.713108 0.431358 -0.149710 -0.615286 -0.681771 -0.732063 0.076001 -0.195467 0.209753 -0.170055 -0.249495
VERTEX_POSE A915 -0.466455 0.816477 -0.021504 0.971315 -0.628408 0.022673 0.541241 -0.497014 -0.245374 -0.378249 0.536932 0.566078 -0.223618 -0.139354 -0.344804 0.631939 0.419898 0.707067 0.338577 0.518601
VERTEX_POSE A916 0.034530 -0.503856 -0.714423 -0.770001 -0.498247 -0.334206 -0.443119 -0.390571 0.665524 -0.395831 0.501665 0.309275 -0.430603 -0.610344 -0.407421 0.097412 0.264824 0.428652 0.672351 -0.391325
VERTEX_POSE A917 0.581530 -0.302666 -0.811288 -0.822585 0.887743 0.522146 -0.563508 0.202943 -0.269328 0.264262 0.903191 -0.527447 -0.286003 -0.209070 0.566580 0.077141 0.160574 0.235823 0.724483 -0.271229
VERTEX_POSE A918 -0.048855 -0.928778 0.284867 0.001167 -0.968817 -0.663003 -0.281304 0.228129 -0.469002 0.638316 -0.468470 0.309739 0.259472 -0.452738 -0.260205 0.530621 0.526401 -0.420499 -0.405631 -0.496409
VERTEX_POSE A919 0.571172 0.064488 -0.998846 0.625918 -0.184632 0.516429 -0.591277 -0.045599 0.212541 -0.588314 -0.135554 -0.532436 -0.392925 -0.254715 0.446926 0.123159 0.582192 -0.452655 -0.367041 0.758761
VERTEX_POSE A920 0.207145 0.446728 0.928807 0.426336 0.792029 -0.065343 0.371717 0.322472 -0.427921 0.689914 0.292939 -0.394474 -0.613619 0.609207 0.361455 0.054787 0.624316 -0.725503 -0.079473 -0.222026
VERTEX_POSE A921 -0.250820 0.443369 0.395128 0.263997 -0.842063 0.295825 -0.005865 -0.592508 -0.571565 -0.538402 -0.035716 0.553940 0.105496 0.528521 -0.457395 0.833600 -0.047816 -0.264087 -0.063803 0.605010
VERTEX_POSE A922 0.849447 -0.130177 -0.231653 0.701541 0.070974 0.420898 0.316755 -0.103632 0.673249 -0.212034 -0.216973 0.123275 -0.881494 -0.108634 0.222685 -0.107338 0.964332 -0.552083 -0.257206 0.021111
VERTEX_POSE A923 -0.284566 0.641135 -0.911301 0.084786 -0.743556 0.025106 0.595686 -0.678824 -0.647786 -0.212448 -0.119890 0.641622 -0.557406 -0.243246 0.409234 0.511071 0.270485 0.024326 -0.167715 -0.626493
VERTEX_POSE A924 0.913685 0.146767 0.821311 -0.629023 0.128851 -0.209549 -0.517159 -0.226724 0.332880 0.497747 -0.290947 0.229162 0.252798 -0.706735 -0.296300 -0.376559 -0.602451 -0.839626 0.528290 -0.039055
VERTEX_POSE A925 0.205538 0.876284 -0.739769 0.671614 -0.795612 -0.395136 0.042005 -0.469543 -0.219712 -0.605860 0.439353 0.608069 0.451354 0.336973 0.624676 -0.497816 -0.581454 -0.188751 0.423825 -0.367231
VERTEX_POSE A926 -0.242730 0.397996 0.747022 -0.400261 -0.238614 0.174899 -0.801949 -0.401421 -0.363542 -0.576212 0.647400 0.808483 -0.118311 0.106005 0.154629 0.100592 0.540560 -0.399615 -0.027229 -0.341017
VERTEX_POSE A927 -0.273219 -0.498213 0.933440 0.399652 0.107130 0.316018 0.726483 -0.229965 -0.638697 -0.160499 0.298787 -0.688184 0.386939 -0.520910 -0.036232 -0.115563 -0.122256 0.131485 -0.532340 -0.756008
VERTEX_POSE A928 0.715822 -0.974218 0.366901 0.520198 -0.615232 -0.404796 -0.909970 -0.025234 -0.590647 0.326091 0.013077 0.039766 -0.060764 0.726245 -0.642328 0.225998 -0.224420 0.270388 -0.104169 -0.649150
VERTEX_POSE A929 -0.338978 -0.882919 -0.813976 -0.624051 -0.712618 -0.300230 0.833864 0.069086 -0.180534 -0.024134 0.169884 0.496384 0.375176 -0.713720 0.519864 0.349456 0.669095 -0.600511 0.203005 -0.096338
VERTEX_POSE A930 -0.704483 0.588039 0.285532 -0.883585 -0.179658 0.200119 -0.038748 -0.286440 0.101823 0.911744 0.070996 0.681568 -0.111549 -0.600762 0.440558 -0.312760 0.681866 0.539405 0.238661 0.295050
VERTEX_POSE A931 0.578166 0.186050 0.177816 0.963743 -0.875087 -0.055880 -0.143693 -0.580421 -0.029163 -0.812490 0.522919 0.671564 0.233582 0.170647 0.629943 0.014879 0.146638 -0.384969 0.514228 0.582275
VERTEX_POSE A932 -0.923431 0.194149 0.909589 0.728535 0.900480 -0.101034 -0.219988 0.284749 -0.339561 -0.734062 -0.564459 -0.360421 -0.355695 0.759637 -0.800217 0.329363 -0.088457 -0.322861 0.421615 -0.124219
VERTEX_POSE A933 0.408206 -0.546140 -0.507049 -0.051607 -0.170228 0.622567 0.424699 0.180613 0.401749 -0.627366 0.478643 0.309916 -0.569024 -0.636828 0.425308 0.310471 -0.512377 0.417221 0.076563 0.264952
VERTEX_POSE A934 -0.933991 -0.822648 -0.810187 -0.927415 0.713616 -0.511965 -0.290827 0.248909 -0.535785 0.590314 0.456955 0.547913 0.144554 0.746604 0.068974 0.732340 -0.413946 0.381917 0.098643 -0.021630
VERTEX_POSE A935 -0.311138 -0.502918 -0.672956 0.972415 0.881325 0.231862 -0.100034 -0.811263 0.215343 -0.364680 0.319094 -0.111968 -0.365475 -0.457039 0.860984 0.403058 0.000894 -0.382149 0.748982 -0.176484
VERTEX_POSE A936 -0.109930 -0.266131 0.702249 -0.014248 0.036108 0.019119 0.732057 -0.182073 -0.037466 0.454003 0.513750 -0.859878 0.023566 0.382966 -0.506300 -0.095190 -0.661236 0.050000 -0.498354 0.344984
VERTEX_POSE A937 0.307132 -0.241997 0.931970 -0.099106 -0.594049 0.719907 0.484708 -0.166751 -0.098016 0.400305 -0.595787 0.481377 -0.183878 -0.184620 -0.415129 0.704533 0.112149 0.260903 0.273196 0.755361
VERTEX_POSE A938 -0.159905 0.951990 -0.739939 0.493691 -0.982522 -0.524963 -0.434041 -0.652722 -0.455896 0.187447 0.524004 -0.678878 0.388460 -0.027222 0.198173 0.758074 -0.529527 0.128158 -0.225598 -0.135035
VERTEX_POSE A939 0.231287 -0.602369 0.649824 0.216200 -0.089624 -0.549279 -0.285003 -0.408492 0.104869 -0.606885 -0.092355 -0.627610 0.334235 -0.358134 0.466160 0.504617 -0.598783 0.275857 -0.429083 -0.581209
VERTEX_POSE A940 -0.646148 -0.452460 0.289298 0.815561 0.473317 0.070547 0.607585 0.349972 -0.361179 -0.588370 -0.077294 -0.321907 0.169229 0.582796 0.859811 -0.303032 0.272822 -0.147223 -0.405209 0.676359
VERTEX_POSE A941 0.366118 0.427054 -0.536399 0.714295 -0.421561 -0.683238 -0.092127 -0.400882 0.280187 0.515152 -0.219118 0.547862 -0.638333 -0.507172 -0.031010 -0.460101 0.696295 0.391876 0.327062 0.221880
VERTEX_POSE A942 -0.846288 0.925366 -0.906917 0.270776 -0.634199 -0.596433 0.483200 -0.258331 -0.236184 -0.579007 -0.102660 -0.372822 0.394723 -0.102322 -0.515021 -0.164377 0.823528 0.429236 0.498440 0.483795
VERTEX_POSE A943 0.474898 0.109213 -0.542725 0.504773 0.629925 0.266121 0.625787 -0.422405 0.448788 0.487576 0.683577 -0.608576 0.505508 -0.216812 0.135015 -0.334667 -0.029048 0.582387 -0.055853 -0.553575
VERTEX_POSE A944 0.238677 0.550397 0.885406 0.698129 -0.364958 -0.222632 -0.585529 -0.092940 -0.423336 0.556411 -0.139575 -0.555463 0.188954 -0.527071 0.511473 0.538984 0.002023 -0.448418 0.146132 0.833110
VERTEX_POSE A945 -0.716442 -0.703159 0.836996 -0.590520 -0.218594 0.364730 0.135178 -0.649824 0.704876 0.569585 0.274973 0.281248 -0.620389 -0.115957 -0.442475 0.477536 -0.506986 -0.308605 0.210658 0.481287
VERTEX_POSE A946 -0.991557 -0.074310 0.435772 0.476088 -0.998483 -0.528496 -0.363299 0.530543 0.472913 -0.528935 -0.314187 -0.195900 -0.482841 0.222409 0.494150 -0.445104 0.311482 -0.463125 -0.396217 -0.687986
VERTEX_POSE A947 -0.726793 -0.953458 -0.829017 0.928129 0.136795 -0.465842 -0.818782 0.134183 -0.057440 -0.196228 -0.853943 -0.471685 0.444027 -0.361536 0.415468 0.015789 0.114596 -0.620154 0.306074 0.330055
VERTEX_POSE A948 0.865088 -0.005824 -0.974292 -0.413105 -0.330852 0.406126 0.243235 0.606589 0.066411 0.348900 0.469511 -0.103656 0.584930 -0.524809 -0.333083 0.664019 0.095332 -0.841999 -0.189846 0.356506
VERTEX_POSE A949 -0.040412 -0.003088 -0.279361 -0.522745 -0.967300 0.721901 0.195549 -0.304890 -0.279824 -0.173927 -0.710587 -0.581170 0.611557 0.042258 0.125826 0.632487 -0.432019 -0.216718 -0.396823 -0.462258
VERTEX_POSE A950 0.844379 0.111030 -0.827862 0.554046 0.952163 -0.742531 -0.020102 -0.426427 0.635123 0.008315 -0.692158 -0.009955 -0.553605 -0.095877 0.171058 0.391385 0.471883 0.126120 -0.734756 0.327432
VERTEX_POSE A951 0.072233 -0.559097 0.954515 -0.986769 -0.538823 0.243210 -0.535963 0.745469 -0.342876 0.521095 0.305787 -0.439611 0.122458 0.527555 -0.679736 -0.150820 -0.072378 -0.409862 -0.635186 -0.259263
VERTEX_POSE A952 0.708768 -0.559719 -0.884233 0.741252 -0.809363 -0.730279 -0.059366 0.568049 0.196497 -0.226914 0.454796 0.316495 -0.845736 0.079842 0.419312 0.409181 0.087580 0.389988 0.249573 0.675600
VERTEX_POSE A953 0.693826 0.980853 -0.059515 0.255588 0.023137 0.108902 -0.572453 0.352696 -0.451700 -0.614210 0.191943 -0.748535 0.064654 -0.516173 0.462244 -0.431184 -0.751095 0.100666 0.323951 0.090471
VERTEX_POSE A954 0.787667 -0.917961 -0.956785 0.098017 -0.282379 0.500032 0.500470 0.138149 0.462411 0.315846 -0.100263 0.254813 0.248215 0.498637 -0.354365 0.666033 -0.590813 0.587912 -0.380211 -0.610871
VERTEX_POSE A955 0.622453 0.587048 0.937078 -0.887771 0.319488 -0.384968 0.312076 -0.418549 0.786403 0.181827 -0.586577 0.242209 0.102132 0.446517 0.181386 0.779329 0.438300 0.376568 -0.501760 0.298765
VERTEX_POSE A956 -0.100636 0.857137 0.200716 -0.072799 0.227525 -0.306955 0.426301 -0.201176 -0.075957 -0.617810 -0.482384 -0.432128 0.507786 -0.451034 0.822083 0.298542 -0.483471 0.193528 0.299340 0.538198
VERTEX_POSE A957 -0.455063 0.480034 0.790237 0.697756 0.479007 -0.808732 -0.403175 0.118415 -0.060115 0.418272 0.779681 0.346808 -0.704410 0.551702 0.417733 -0.286866 -0.207789 0.218087 0.289850 0.174713
VERTEX_POSE A958 -0.650766 -0.911165 0.870518 0.511881 -0.573382 0.570433 0.671453 0.297365 0.234097 -0.653067 0.161732 0.412035 -0.288466 0.567477 -0.381389 0.184145 0.076656 -0.551883 0.074380 0.746666
VERTEX_POSE A959 -0.384813 0.882919 -0.432383 -0.552600 0.612293 0.552268 0.544098 -0.327307 -0.171953 -0.024261 0.619045 0.413437 -0.133817 0.593359 0.609919 -0.679905 -0.143671 -0.350001 -0.472432 -0.370052
VERTEX_POSE A960 0.205959 0.597115 0.976261 -0.926295 0.766389 -0.520482 -0.660390 0.471591 0.112227 -0.158550 -0.521213 0.042616 -0.615591 -0.595140 -0.708686 0.397892 -0.324997 -0.460926 0.038429 -0.214765
VERTEX_POSE A961 -0.355249 0.676874 0.156050 0.628296 0.246961 -0.204744 0.664094 -0.243415 0.598139 -0.111016 -0.744682 0.563007 -0.284957 0.435183 0.442827 0.583561 0.424967 0.295361 0.353426 -0.127344
VERTEX_POSE A962 -0.806647 0.068969 0.745433 -0.588857 0.737206 -0.552901 0.591208 0.007333 -0.253215 -0.251294 0.166051 -0.310100 -0.517004 -0.755750 -0.551868 0.252787 -0.184767 0.479022 0.506094 -0.605868
VERTEX_POSE A963 0.282528 -0.208736 0.885850 0.802240 0.666869 0.368883 -0.154117 -0.664797 -0.467797 0.162415 0.419520 -0.576660 -0.775926 -0.218087 0.465253 -0.370517 0.400788 0.309990 -0.458830 0.416959
VERTEX_POSE A964 -0.947043 -0.869265 0.649001 -0.423311 -0.923267 -0.292461 -0.765803 0.526027 0.228262 -0.362662 -0.034903 -0.481486 0.406103 0.518316 0.746250 -0.050267 0.339854 -0.271378 -0.338491 -0.581313
VERTEX_POSE A965 -0.740638 0.246321 0.935246 -0.516272 0.450822 -0.613773 -0.458391 -0.490080 -0.484868 -0.052735 0.826666 -0.406021 0.102714 0.060365 0.464986 -0.430876 0.248943 -0.084380 0.768695 -0.104061
VERTEX_POSE A966 0.971390 0.288346 -0.787106 0.774655 0.548193 -0.491466 -0.120683 -0.512455 -0.294808 0.408167 -0.466561 -0.580926 -0.083053 -0.029076 0.117474 -0.877512 -0.296897 -0.565928 -0.204719 0.656291
VERTEX_POSE A967 -0.056973 -0.135396 0.351250 0.562441 0.112840 -0.194969 0.683353 -0.220475 -0.146101 -0.112516 0.886576 -0.541329 -0.106418 -0.241765 -0.596271 0.422093 0.257273 -0.540431 -0.575223 -0.201826
VERTEX_POSE A968 0.566494 -0.995676 0.867216 0.384621 0.856773 0.205741 0.388036 -0.198090 -0.592478 -0.348895 -0.686044 -0.644108 0.002159 0.445463 -0.248114 0.823020 -0.317659 0.360839 -0.224350 -0.436759
VERTEX_POSE A969 -0.188515 0.240336 -0.527045 0.268346 0.565671 0.101295 0.411547 -0.738660 0.207318 0.592150 0.399918 -0.667032 -0.363490 -0.141545 -0.664710 0.585262 -0.038295 0.244922 -0.073011 -0.522442
VERTEX_POSE A970 -0.825685 0.262234 0.001074 -0.221359 -0.976783 -0.525346 0.713062 -0.344788 0.283845 -0.319097 -0.815858 0.693392 0.478934 -0.123479 0.104291 0.304428 -0.196744 0.389582 0.260126 0.401922
VERTEX_POSE A971 0.920346 -0.448136 0.156514 0.200182 0.330090 -0.633552 0.028697 -0.764968 0.062538 0.842924 0.029811 -0.563954 0.392127 0.435479 0.404250 0.333441 -0.429051 -0.336510 -0.153977 0.200520
VERTEX_POSE A972 -0.822396 -0.332611 -0.063445 -0.017359 -0.855890 -0.511870 0.160223 -0.562812 0.443697 -0.243906 -0.378220 -0.565499 -0.488050 0.510430 0.314250 0.475184 0.528785 0.350114 -0.671450 0.006299
VERTEX_POSE A973 -0.671973 0.187601 0.094157 -0.950583 -0.610983 0.702127 -0.405868 -0.216090 -0.336429 -0.116734 0.630511 -0.386450 -0.196924 -0.659249 -0.307727 0.424946 -0.348030 0.387032 0.776071 0.005116
VERTEX_POSE A974 0.395244 0.661077 0.613789 -0.295046 -0.039985 0.751099 -0.148441 0.055002 -0.305155 -0.672997 0.397130 0.230796 -0.403967 -0.776739 0.485091 0.259103 0.407119 0.232703 -0.542879 0.264941
VERTEX_POSE A975 0.416281 -0.782213 -0.178038 -0.319230 -0.220847 0.344651 0.421840 -0.514123 0.169013 -0.599297 -0.313902 -0.569994 0.561618 -0.155875 0.384894 0.153938 -0.539969 0.616128 0.351827 0.566815
VERTEX_POSE A976 -0.388415 0.484442 -0.068847 -0.541104 0.170423 -0.689411 0.534485 0.232796 0.333967 -0.324826 0.655369 0.465560 0.399041 -0.320796 -0.103085 -0.283082 -0.640340 0.431052 0.607820 0.057907
VERTEX_POSE A977 0.403686 -0.413233 0.049561 -0.818958 -0.038469 -0.433416 -0.541068 -0.073483 0.664083 0.138163 -0.349731 -0.337135 0.580224 0.527206 0.489033 -0.105629 0.665493 0.135397 -0.583386 0.389180
VERTEX_POSE A978 0.689488 -0.735672 -0.007055 -0.391101 0.915948 0.305255 0.332323 -0.296310 0.395171 0.298819 0.176038 0.349876 0.419234 -0.593645 -0.171297 0.725828 0.589450 -0.773889 0.312546 -0.425847
VERTEX_POSE A979 -0.523327 -0.521382 -0.043139 0.045791 0.839571 -0.284366 0.175835 0.840410 0.612975 -0.239562 -0.021115 -0.198901 0.678561 -0.474874 0.508196 0.671480 0.253903 -0.495552 0.019029 -0.057394
VERTEX_POSE A980 -0.636726 0.583680 0.770199 -0.341703 -0.005769 -0.712820 0.158480 0.565369 0.375756 0.736827 0.112563 -0.512623 0.490544 -0.382455 -0.184487 0.068850 -0.706855 -0.232114 -0.431968 -0.147556
VERTEX_POSE A981 0.533867 0.375358 0.165083 -0.837055 0.868111 -0.117754 0.668030 -0.605331 0.027543 -0.023272 0.173415 0.257543 0.729686 0.579431 0.636582 -0.141756 0.188664 -0.716806 0.025645 0.481838
VERTEX_POSE A982 0.548906 -0.080479 -0.088624 0.059022 -0.699252 -0.124611 -0.535535 0.174496 -0.493190 -0.215219 -0.634654 -0.135271 -0.692855 -0.062586 0.572569 -0.431098 0.252203 0.628572 -0.031448 -0.706570
VERTEX_POSE A983 -0.927958 -0.976040 0.885966 -0.600451 0.184868 0.216378 -0.467852 0.497691 -0.384594 0.160582 -0.134415 -0.191593 -0.703364 0.223567 0.876193 0.015282 -0.159962 0.029087 0.510267 0.811583
VERTEX_POSE A984 0.227694 0.356211 -0.894432 0.418532 -0.108752 -0.308458 -0.497195 -0.323624 0.440297 0.534435 0.236467 0.275393 -0.133693 -0.479098 0.098736 -0.555177 0.758495 0.790823 -0.375608 -0.185744
VERTEX_POSE A985 0.336573 0.001560 -0.045409 -0.842961 0.018369 0.505323 0.206820 0.414672 0.388537 -0.298620 0.468713 0.192585 0.186187 0.443381 -0.338652 -0.798101 0.338311 0.664766 -0.443195 -0.545266
VERTEX_POSE A986 0.694495 0.611009 0.823044 -0.488222 -0.495644 -0.528824 0.682165 -0.211121 0.462675 -0.206992 -0.409167 -0.198441 0.066976 0.297268 -0.379048 -0.481897 0.564819 0.568525 0.505069 0.616946
VERTEX_POSE A987 -0.872942 0.213348 0.306284 -0.654266 -0.881227 0.476966 -0.491784 0.537755 0.511426 0.541653 0.146076 -0.097639 0.658736 0.122370 -0.232047 -0.173416 -0.500820 -0.669005 0.027464 0.650912
VERTEX_POSE A988 0.881510 -0.518406 -0.255172 0.854795 -0.502623 -0.252123 0.668270 0.339620 -0.303712 0.270722 -0.110331 -0.553476 0.111291 0.405255 -0.160339 0.429117 -0.816660 0.715646 0.532538 0.203277
VERTEX_POSE A989 -0.956271 0.699844 0.693562 -0.976341 -0.069026 0.123140 -0.874825 -0.316144 0.694413 -0.194301 0.665118 -0.344762 -0.124870 0.106475 0.394072 -0.009870 -0.581826 0.477989 0.425722 -0.328348
VERTEX_POSE A990 -0.257755 0.096268 0.873901 -0.206867 0.731066 0.032619 -0.201834 0.965467 -0.779194 -0.605999 -0.077322 0.166340 -0.012155 0.141163 -0.534388 0.699302 0.203570 0.280272 -0.320714 -0.022969
VERTEX_POSE A991 0.087469 -0.921291 -0.278911 0.928500 -0.736234 -0.352875 0.259958 0.363700 0.344241 0.495143 -0.315253 0.187923 -0.815566 0.075334 -0.620283 -0.146083 -0.760602 -0.580440 0.027678 0.429124
VERTEX_POSE A992 -0.311520 0.376718 -0.150388 0.651955 -0.822065 -0.289881 -0.493862 -0.562969 -0.287944 0.676850 -0.045421 0.370893 0.437971 -0.073689 -0.620118 0.297662 -0.403654 0.557628 0.132488 -0.715987
VERTEX_POSE A993 -0.064403 -0.834763 0.619334 0.204276 0.468272 -0.157462 0.602785 -0.383332 -0.100218 -0.698192 -0.673539 -0.954305 0.066829 -0.019639 0.053415 0.100591 -0.079175 0.227182 0.366871 -0.626695
VERTEX_POSE A994 -0.630003 -0.130027 -0.393061 0.730740 0.930634 0.290522 -0.715850 -0.373908 0.523875 0.194304 -0.623827 -0.253104 0.574257 -0.520943 0.577691 0.318030 0.433693 0.493320 0.137441 0.107521
VERTEX_POSE A995 -0.258563 0.507453 -0.501387 -0.771357 -0.745333 0.185261 -0.599463 -0.390876 0.002940 0.409244 -0.008662 0.505395 0.268458 0.605601 0.176183 -0.625006 0.563257 -0.824139 -0.102280 0.403894
VERTEX_POSE A996 0.194959 0.411558 0.554580 0.688004 -0.080906 0.283870 -0.562812 -0.415712 -0.457926 0.288129 0.282807 0.276928 0.697816 -0.177603 -0.518548 0.156729 -0.818955 -0.603441 -0.297849 0.212070
VERTEX_POSE A997 -0.658612 -0.841681 -0.180167 0.505395 0.478828 -0.352512 0.825782 -0.037477 -0.427962 0.231212 0.462254 -0.028808 -0.032686 0.183567 0.663691 0.500726 -0.321717 -0.501267 -0.113271 -0.804809
VERTEX_POSE A998 0.684464 -0.627943 0.849863 0.791084 0.367507 -0.334435 0.789911 0.461209 0.544753 0.391292 -0.156935 -0.305879 0.024204 -0.592182 -0.437230 0.313029 -0.550993 -0.553773 -0.352645 0.329217
VERTEX_POSE A999 -0.238547 0.415882 0.421796 0.072625 -0.224133 0.483234 -0.106173 0.005756 -0.030820 -0.155505 0.892129 0.584642 0.719923 0.227404 -0.549089 0.302637 0.329928 0.349613 -0.595540 0.208584
VERTEX_POSE A1000 0.152873 0.398654 0.292788 -0.226259 0.044499 -0.568083 0.203053 0.313065 -0.221933 0.313637 -0.720140 0.070593 0.119587 -0.566292 -0.403265 0.652758 0.168240 0.678544 0.648079 0.185464
VERTEX_POSE A1001 0.858779 0.634291 -0.149063 -0.430275 0.390724 -0.468539 0.540264 -0.247793 0.359364 -0.240432 0.281942 -0.711799 -0.553327 -0.179747 0.372893 -0.252170 -0.880668 0.074977 0.529666 -0.226323
VERTEX_POSE A1002 -0.318201 0.967746 -0.421690 -0.727193 -0.894043 0.436039 -0.532431 0.059720 -0.874603 -0.146381 0.088323 -0.149454 -0.724442 -0.524056 0.100527 -0.324537 0.493235 0.111791 0.254850 -0.686088
VERTEX_POSE A1003 0.330477 -0.933956 -0.770657 0.756382 0.188609 0.700715 0.025540 -0.227320 -0.386234 0.804951 0.150608 -0.465692 -0.392345 -0.366406 0.357090 0.385672 -0.172545 0.124256 -0.220736 0.872707
VERTEX_POSE A1004 -0.813194 -0.178108 0.945093 -0.380858 0.779741 -0.545359 -0.601301 -0.197437 0.030898 0.493498 0.430130 0.435103 0.125574 -0.794821 -0.636826 0.373514 -0.182065 0.326753 -0.489505 0.333346
VERTEX_POSE A1005 -0.922957 0.628823 -0.807901 -0.022239 0.065972 0.058325 0.511389 -0.126531 0.320403 -0.581930 -0.260856 0.180237 -0.180172 0.937466 0.783372 -0.134194 -0.163887 -0.497777 -0.591074 -0.101204
VERTEX_POSE A1006 -0.253242 -0.716170 0.051305 -0.562848 0.967762 0.664232 -0.289618 -0.151202 -0.481012 -0.249988 -0.473694 -0.284705 -0.543828 0.757549 0.285371 0.499924 0.416205 0.406115 -0.554936 -0.075138
VERTEX_POSE A1007 -0.201609 -0.693666 -0.123754 0.078038 -0.049836 -0.598490 0.265693 -0.243557 0.418146 0.588979 0.286943 -0.355631 0.706559 0.088920 0.457706 0.179877 0.200295 -0.361933 -0.225675 0.900177
VERTEX_POSE A1008 0.480729 -0.784409 0.241660 0.158803 -0.972497 0.078603 0.606608 -0.498231 0.176329 0.494871 -0.321648 0.616805 -0.513402 -0.543000 -0.324869 0.132528 -0.071735 -0.690465 -0.325552 -0.590180
VERTEX_POSE A1009 -0.563753 -0.451841 -0.955750 0.046051 0.883710 0.650485 0.569991 0.241598 0.294350 -0.321372 0.467247 -0.278574 0.330842 -0.510258 0.376246 0.332050 -0.416119 0.520638 -0.593394 -0.538324
VERTEX_POSE A1010 0.275064 -0.215049 0.833107 -0.876171 -0.210264 -0.308167 0.276040 -0.045525 0.734103 -0.119863 -0.033700 0.543760 -0.135164 -0.066721 0.125410 0.587179 -0.780335 -0.233931 -0.739179 -0.619207
VERTEX_POSE A1011 0.844003 0.799270 0.011859 0.817101 0.021734 0.543607 0.633542 -0.048254 0.420433 -0.639768 0.335229 0.442909 -0.147504 0.373849 -0.468970 -0.223031 -0.017336 -0.334105 0.343252 0.863267
VERTEX_POSE A1012 0.970114 0.923517 0.209333 0.208996 0.751820 -0.625639 0.190020 -0.405561 0.188239 -0.420249 0.048671 -0.436228 0.502023 0.594630 -0.218342 -0.504244 0.649934 0.578942 0.530088 0.239066
VERTEX_POSE A1013 -0.176030 0.704472 -0.255517 0.182851 0.090484 0.579562 0.468777 -0.540229 -0.684397 0.047615 -0.184843 -0.050630 0.609834 0.477808 -0.267839 0.626615 0.075883 0.348435 -0.115918 0.663270
VERTEX_POSE A1014 0.916044 0.823231 -0.102175 -0.783350 -0.793398 -0.153999 0.651313 -0.729142 0.350774 -0.251112 -0.364230 0.790168 0.372389 0.100862 0.477731 -0.251350 -0.163598 -0.025491 -0.557569 -0.546582
VERTEX_POSE A1015 0.197807 0.279728 0.314901 -0.372472 -0.356932 0.426204 -0.181349 0.612853 -0.433136 0.586119 -0.040903 0.472991 -0.255505 -0.363007 -0.533560 -0.462430 0.513480 -0.349766 -0.586901 -0.476762
VERTEX_POSE A1016 -0.839458 -0.293968 0.699074 0.339890 -0.891146 -0.025382 -0.382316 -0.613291 -0.014187 -0.478859 0.770980 0.897051 0.332701 0.071482 -0.278419 0.498351 0.093156 -0.341962 0.515252 0.125207
VERTEX_POSE A1017 0.610539 0.434239 -0.279130 -0.271572 -0.289042 0.547490 -0.291216 0.436851 0.047794 0.675264 0.533926 0.468800 -0.402030 -0.190856 -0.109771 0.222497 -0.602263 -0.682750 -0.498074 0.353465
VERTEX_POSE A1018 0.324865 -0.506924 -0.378816 -0.026738 -0.238158 -0.240402 0.190532 0.308520 -0.519864 -0.246567 -0.175029 -0.300322 -0.813600 -0.112546 0.592013 -0.483630 0.532216 0.480911 -0.084016 -0.760434
VERTEX_POSE A1019 -0.957948 0.187625 -0.556097 0.194685 -0.393770 0.431326 -0.003789 -0.610389 -0.195307 -0.412551 0.393967 0.203216 -0.749843 -0.371830 -0.040618 0.505444 -0.336644 -0.856076 -0.109769 -0.469712
VERTEX_POSE A1020 0.654268 0.134083 -0.585569 -0.247913 0.641932 -0.705219 0.223851 -0.543340 -0.504708 -0.481215 0.462030 0.217720 0.620581 0.335761 0.447298 -0.476529 -0.514856 -0.021399 0.325763 -0.336894
VERTEX_POSE A1021 -0.932890 0.589344 -0.504915 0.766395 -0.507092 0.468197 0.406767 0.573270 0.389983 -0.485389 -0.476373 0.523626 0.430201 -0.539499 0.585104 -0.277523 0.292485 0.110337 -0.580384 0.260430
VERTEX_POSE A1022 0.129522 0.266334 0.164992 0.123185 -0.130004 -0.598916 -0.625573 -0.261732 0.606930 0.012310 -0.517159 0.469730 -0.626786 0.601548 -0.217588 0.284540 0.511142 -0.070315 0.366993 0.202281
VERTEX_POSE A1023 -0.657252 -0.489199 0.264043 -0.595958 0.819867 -0.206611 -0.712454 -0.462484 -0.214504 0.197912 0.400966 0.446931 -0.369178 0.657816 -0.456420 0.430979 -0.016581 -0.709389 -0.362223 0.438563
VERTEX_POSE A1024 0.002707 0.754580 -0.885581 -0.029329 0.961180 0.232306 -0.176348 0.462358 0.362222 -0.443234 -0.509164 -0.005866 0.739181 0.173203 0.687996 -0.096255 0.518814 0.584343 0.465608 -0.477295
VERTEX_POSE A1025 0.499519 -0.863693 0.771931 -0.146076 -0.199370 -0.018262 -0.769739 -0.015426 0.524424 -0.186991 0.634401 -0.144641 0.576801 0.303730 -0.256200 -0.061467 -0.486624 0.798803 0.189892 -0.517922
VERTEX_POSE A1026 0.084185 -0.981746 0.762656 -0.367315 -0.925466 0.479308 0.327607 -0.210912 0.284634 0.594669 0.363959 0.145821 0.421003 0.323993 -0.722877 0.246956 0.448213 -0.381356 0.548463 -0.719155
VERTEX_POSE A1027 -0.802334 0.166138 0.668999 -0.341326 -0.119726 0.484526 -0.311185 -0.048365 -0.238763 0.315458 0.802550 -0.629581 0.022857 -0.516751 0.201851 -0.577128 0.131917 0.520683 0.685603 -0.262946
VERTEX_POSE A1028 0.840907 -0.705374 -0.408235 -0.640680 -0.720543 0.524155 0.008772 -0.577699 -0.738046 -0.102680 -0.257381 0.072600 0.765636 -0.330729 0.403354 -0.166683 0.480930 -0.112182 0.612697 0.509257
VERTEX_POSE A1029 -0.231351 -0.609689 0.612518 -0.576231 0.442041 -0.281979 -0.309405 0.339329 0.025151 0.691587 0.208694 -0.883632 0.010180 -0.410925 -0.290144 0.576511 0.335825 0.234236 0.305789 -0.748108
VERTEX_POSE A1030 -0.040881 -0.417980 0.090795 0.731299 0.656141 0.215941 -0.033633 0.044760 -0.713356 -0.097957 0.587722 -0.075483 0.801183 -0.277674 0.367584 0.488517 0.725634 0.551068 -0.329743 0.221203
VERTEX_POSE A1031 -0.006220 0.693280 0.884553 0.133061 0.323956 0.056886 -0.476018 -0.024420 -0.566421 -0.599560 0.152766 -0.045663 0.495539 0.589986 0.145119 0.143224 -0.742981 -0.807952 0.384530 -0.275611
VERTEX_POSE A1032 -0.372573 -0.975398 -0.536545 -0.006506 -0.167235 -0.290095 -0.324294 0.151615 -0.504687 -0.642872 0.009903 -0.446876 0.282860 -0.842545 -0.234487 0.585248 0.340887 0.637537 -0.242949 -0.388367
VERTEX_POSE A1033 0.640918 -0.450234 0.669105 -0.995894 0.762098 0.292968 0.469885 -0.034433 0.202512 -0.258469 -0.675419 -0.870231 0.286551 -0.379014 -0.125839 -0.764362 -0.109493 -0.316261 -0.214571 0.622080
VERTEX_POSE A1034 -0.675743 0.759324 -0.886104 -0.110557 -0.487435 0.451592 -0.012950 0.631886 0.060599 -0.661621 -0.482460 0.640621 0.392303 -0.213600 0.422380 -0.625461 0.257903 -0.451213 -0.130330 0.505780
VERTEX_POSE A1035 -0.185767 -0.153506 -0.591452 0.612636 -0.387494 0.245357 -0.351585 -0.537205 0.600150 -0.513652 0.610913 -0.292558 -0.675316 -0.313266 0.295855 -0.135338 -0.336934 -0.637573 -0.371727 0.355719
VERTEX_POSE A1036 0.717961 -0.821411 0.861204 -0.018133 -0.171930 -0.683727 0.675244 -0.079923 0.402421 0.563640 0.282777 -0.242049 -0.181878 -0.724718 0.548304 0.388159 -0.622856 -0.106532 0.206416 0.021992
VERTEX_POSE A1037 0.071016 -0.956846 0.165201 0.326595 -0.519673 -0.136711 -0.221783 0.706241 -0.161487 -0.739875 -0.413550 -0.586105 -0.292216 0.390864 0.726896 -0.524232 0.211426 -0.288679 -0.207817 -0.364314
VERTEX_POSE A1038 0.612624 0.152827 0.284794 -0.309326 0.562671 -0.916631 -0.165016 0.256812 0.143289 -0.473024 0.076682 0.161352 -0.638451 0.538859 -0.167771 0.475030 0.391132 0.291675 0.340213 0.696287
VERTEX_POSE A1039 0.198689 -0.605820 0.102863 -0.859330 -0.144427 -0.181526 -0.137223 0.682819 0.921019 0.299650 0.236811 0.330736 -0.793023 -0.285344 0.079236 -0.511213 0.364019 -0.055744 -0.033988 0.513564
VERTEX_POSE A1040 0.507262 -0.408687 0.209451 -0.627354 -0.635964 -0.544881 -0.363311 -0.074249 -0.435255 0.855921 0.059362 0.494000 0.113693 -0.631333 -0.497498 -0.294531 -0.401154 -0.148718 0.189021 -0.656854
VERTEX_POSE A1041 -0.112312 0.937779 0.117901 -0.185496 -0.647594 0.187721 0.562575 -0.084740 0.486905 -0.319235 -0.526620 0.679861 0.133405 0.685273 0.260872 -0.684047 0.088887 -0.444319 -0.309647 0.487843
VERTEX_POSE A1042 0.042692 -0.806550 -0.885277 0.957771 0.877307 0.454013 -0.478833 0.537013 0.275237 0.102085 -0.654012 0.628629 0.523293 0.291615 0.422614 0.253621 -0.257396 0.379920 -0.649722 -0.364133
VERTEX_POSE A1043 0.477376 -0.485170 -0.581216 0.581641 -0.884143 0.254733 -0.713430 0.012537 -0.670498 -0.412558 0.329820 0.456038 0.186880 0.841135 -0.482030 0.478715 0.170175 -0.212649 -0.238164 0.393184
VERTEX_POSE A1044 0.711658 0.642251 0.862384 0.997355 0.442891 0.587826 0.537105 0.493963 -0.500628 0.307369 0.036747 -0.399717 0.623586 0.200785 0.430870 -0.062749 0.028865 -0.241683 -0.473546 0.844691
VERTEX_POSE A1045 -0.041263 -0.983319 0.012548 -0.825579 -0.916091 0.587422 0.085213 -0.636959 0.020494 -0.966306 -0.208931 0.302290 -0.168380 0.393714 -0.026428 -0.173726 0.512955 -0.749958 -0.021409 -0.364002
VERTEX_POSE A1046 -0.324817 0.794557 0.733685 -0.790831 -0.241075 0.386429 0.376480 0.644431 -0.118317 0.380439 -0.250461 0.770890 0.329649 -0.482246 0.241112 -0.608616 -0.346517 0.429265 -0.484198 0.411513
VERTEX_POSE A1047 0.872200 -0.651717 0.561458 0.337246 0.551744 0.123728 -0.765634 -0.205069 -0.829260 0.223298 -0.286037 -0.499930 -0.351421 0.581168 0.208431 0.488833 0.170958 -0.060380 -0.038579 -0.713545
VERTEX_POSE A1048 -0.430724 0.450920 0.733418 -0.097151 -0.205132 -0.397565 -0.617321 0.457975 -0.619539 0.615919 -0.043265 0.454416 0.101898 0.569341 -0.446854 -0.361279 -0.111331 0.227905 -0.314091 -0.672193
VERTEX_POSE A1049 -0.999951 -0.712367 -0.645131 0.182431 0.520767 0.720658 -0.405944 -0.461348 0.045306 0.260422 -0.378964 0.093252 -0.634921 0.621484 0.684289 0.474657 0.408394 0.040646 0.372782 0.300860
VERTEX_POSE A1050 0.914252 0.535908 -0.994639 -0.468069 -0.842026 0.383439 -0.090914 -0.071416 0.768163 0.491257 -0.266591 0.321464 -0.627513 -0.244519 0.088645 0.391861 0.668648 -0.389491 0.450637 -0.645716
VERTEX_POSE A1051 -0.776456 -0.414997 -0.852151 0.654936 -0.563200 -0.983063 -0.092343 -0.087636 0.011401 0.646165 -0.355663 -0.174808 0.563133 0.652714 0.051867 -0.130867 0.651520 -0.014464 -0.489590 0.123734
VERTEX_POSE A1052 -0.932841 0.876977 -0.150046 -0.051174 -0.986325 -0.295078 0.709099 -0.080714 0.188107 0.113215 0.864501 0.144580 0.516328 0.271903 -0.817026 0.103526 0.057575 -0.434866 -0.455026 0.410947
VERTEX_POSE A1053 0.043774 -0.197758 0.170353 0.655115 0.027970 -0.615511 -0.068902 0.200731 0.566944 0.492008 0.532727 -0.290944 0.701155 -0.062374 -0.167015 0.505751 -0.501852 -0.432642 0.076012 0.648200
VERTEX_POSE A1054 -0.433708 0.095805 0.411892 -0.941023 -0.743333 0.525635 -0.127699 -0.260529 -0.378270 -0.804931 0.266641 0.055551 -0.314371 -0.846699 0.472366 0.126786 0.280265 -0.595319 0.469973 -0.256086
VERTEX_POSE A1055 0.069866 0.631557 -0.035627 0.919496 0.974856 0.437465 -0.365781 -0.458005 0.535815 0.186896 0.130350 -0.433096 0.625939 -0.033755 -0.257909 -0.554376 0.676067 0.517144 0.363513 0.561279
VERTEX_POSE A1056 -0.456707 -0.061451 -0.057716 -0.490960 0.828600 0.471524 -0.399698 0.260756 0.206132 -0.778910 -0.439168 0.777921 0.477498 -0.395028 -0.253208 0.072745 -0.566770 -0.256709 0.015623 -0.511725
VERTEX_POSE A1057 0.650477 0.114059 0.174548 -0.308338 -0.668799 0.489647 -0.172526 -0.640218 0.580841 -0.628073 0.471158 -0.317002 -0.608098 -0.377070 0.073303 0.101134 0.432206 -0.563033 -0.442434 0.197858
VERTEX_POSE A1058 0.267532 -0.202304 -0.366629 -0.421829 -0.144870 -0.196492 0.184051 -0.387427 -0.539276 -0.768512 0.290922 -0.500357 0.405181 0.345144 -0.627907 0.169985 -0.553253 -0.161085 0.427139 0.583139
VERTEX_POSE A1059 -0.615800 0.233174 0.534049 -0.131641 -0.891943 -0.646365 0.129967 0.361374 0.406392 0.326894 -0.149540 0.543332 -0.359029 0.720989 -0.050787 0.687216 0.534665 -0.345354 -0.524483 0.203358
VERTEX_POSE A1060 -0.580875 0.504369 -0.212934 0.115431 0.773242 0.033022 -0.522298 -0.804194 0.604293 -0.004983 -0.237948 0.417540 -0.696960 0.532418 -0.363813 -0.393918 0.113272 0.571874 0.293692 -0.018798
VERTEX_POSE A1061 -0.773349 0.379716 0.724166 -0.690530 -0.488729 0.477030 0.055017 -0.545334 -0.630551 -0.623749 -0.083706 -0.036927 0.412253 0.521146 -0.430975 0.455620 -0.641000 -0.433295 0.479966 0.114589
VERTEX_POSE A1062 0.377980 -0.073546 0.418602 -0.998580 0.432013 -0.603927 0.325741 -0.469266 0.132599 0.482347 -0.410478 -0.432893 0.468328 0.748433 0.655017 0.533573 0.135296 0.035304 -0.396488 0.181218
VERTEX_POSE A1063 0.046553 0.528971 0.250520 -0.891075 -0.393993 -0.087220 -0.645522 0.059501 -0.315093 0.262210 0.864386 0.384170 -0.599419 0.450674 -0.283062 -0.341831 -0.207494 -0.815719 -0.195947 -0.056003
VERTEX_POSE A1064 0.867569 0.929482 0.393271 -0.686425 -0.726631 -0.511662 0.588403 0.216159 -0.368825 -0.467986 -0.524110 -0.313934 -0.046503 -0.521686 0.123766 -0.600103 0.465832 0.698783 0.269229 -0.435233
VERTEX_POSE A1065 0.702238 -0.314222 0.532498 -0.109137 0.944578 0.575936 0.693259 -0.257818 0.623029 -0.622716 0.238298 -0.318599 -0.223937 -0.703696 -0.202009 0.276095 0.531587 -0.371240 0.072393 0.314596
VERTEX_POSE A1066 0.860786 -0.624535 0.659068 0.721562 0.218513 0.333581 0.338687 -0.516250 0.519642 0.573590 0.574900 -0.497314 -0.063633 0.529735 -0.320535 0.515330 0.109853 -0.518297 0.535418 -0.332098
VERTEX_POSE A1067 0.585530 -0.891929 0.254474 0.295442 0.101439 0.375824 -0.008315 -0.047882 -0.732435 0.065183 0.412255 -0.244894 0.519106 -0.788496 -0.503671 -0.482945 -0.312576 -0.092936 0.702122 0.329125
VERTEX_POSE A1068 -0.226747 -0.271068 -0.302301 -0.782543 -0.575095 0.418250 0.472707 -0.589073 0.436357 0.550589 0.169436 -0.209588 0.396409 0.534314 -0.494161 0.050977 -0.582034 0.588675 -0.560054 -0.005415
VERTEX_POSE A1069 0.473410 0.528292 -0.056138 -0.587764 -0.218816 -0.466299 0.373253 0.378823 0.536007 0.640156 -0.415078 -0.316630 0.376717 -0.418554 -0.200498 0.546702 0.408358 0.595657 0.100413 0.585030
VERTEX_POSE A1070 -0.215780 -0.497749 -0.642662 0.436112 0.957011 0.280058 -0.097426 -0.620594 -0.455321 0.017506 0.567531 -0.562565 0.698940 -0.385185 -0.624858 -0.645861 -0.361114 -0.085576 -0.290771 0.118327
VERTEX_POSE A1071 -0.719484 0.320245 0.907150 -0.409897 -0.211059 0.121190 -0.670089 -0.454502 0.329148 0.413574 -0.486186 -0.493550 0.541569 -0.123596 0.078539 -0.097290 0.725769 0.791969 0.277805 0.122614
VERTEX_POSE A1072 -0.638902 0.466071 -0.938237 0.226740 0.133590 0.677083 -0.222308 -0.625603 -0.528042 -0.232110 -0.443786 0.480662 -0.225254 0.343809 -0.010846 -0.555986 0.515514 0.177697 0.732697 0.166480
VERTEX_POSE A1073 0.826912 -0.304299 -0.527940 0.393883 0.834318 0.586926 0.618150 -0.157933 -0.523503 0.514272 0.653037 0.414850 -0.155163 0.518684 -0.443836 -0.076706 -0.410900 -0.111231 0.568732 -0.332757
VERTEX_POSE A1074 0.757892 0.835075 -0.674065 -0.828256 -0.095202 -0.022364 -0.386325 -0.314378 -0.843014 0.052103 -0.483342 0.503319 0.376248 -0.719720 0.121982 -0.677286 0.025888 -0.143590 0.497754 0.385851
VERTEX_POSE A1075 -0.927245 0.108321 0.924147 0.224095 -0.423520 -0.499238 0.434653 0.463160 -0.713456 -0.496035 -0.366565 0.308590 -0.434484 0.560612 -0.297686 -0.379819 0.560126 0.240616 -0.481651 -0.151937
VERTEX_POSE A1076 -0.214352 -0.287618 0.484608 0.568303 0.918228 -0.511807 0.408550 -0.046877 0.421977 0.387448 0.615394 0.315096 -0.720321 0.093788 -0.678388 -0.399624 0.481852 -0.022209 -0.066409 -0.614911
VERTEX_POSE A1077 -0.566925 0.629632 -0.940380 -0.619086 0.663724 0.365914 -0.192633 0.872087 -0.277676 0.382726 -0.061822 0.182865 -0.185345 -0.178015 0.740273 0.652154 -0.147615 -0.455587 0.597290 0.426806
VERTEX_POSE A1078 0.944955 0.456604 0.485605 -0.438659 -0.871775 0.511778 -0.268007 0.390339 -0.731228 -0.143786 -0.200192 0.338201 0.581203 -0.339037 -0.234815 0.751952 0.425064 0.184040 0.065338 -0.715495
VERTEX_POSE A1079 0.354924 -0.836698 0.218026 -0.528848 -0.286905 -0.672123 -0.414052 0.282651 0.327212 -0.202603 -0.500173 0.260583 0.501900 0.681343 -0.380540 0.717092 -0.453489 -0.477984 0.146249 -0.007367
VERTEX_POSE A1080 -0.566876 0.917265 -0.585511 0.563344 0.184491 0.443733 0.515844 0.714498 -0.424297 -0.031709 0.356581 0.511800 -0.493646 0.191187 -0.433449 0.471957 0.063420 -0.416240 -0.516207 0.567245
VERTEX_POSE A1081 0.859208 -0.007488 0.490966 0.093271 -0.713801 0.486019 0.141243 -0.581100 0.744109 -0.421996 0.467801 -0.355422 -0.586426 -0.253112 -0.273634 0.095828 0.606269 0.094266 0.669993 0.108893
VERTEX_POSE A1082 0.578468 -0.251695 0.365875 -0.873913 0.149895 -0.204826 0.025034 -0.078352 0.359698 -0.654197 -0.654690 0.141684 -0.510080 0.473256 -0.456876 -0.552404 0.395421 -0.774502 -0.077896 -0.430016
VERTEX_POSE A1083 -0.499717 0.794242 0.264443 -0.487830 0.198166 0.214675 -0.216544 -0.184093 -0.585436 -0.005724 0.737358 -0.299401 0.538714 -0.439771 -0.722012 -0.299290 -0.471944 -0.015405 0.757158 0.079269
VERTEX_POSE A1084 -0.097018 0.794754 -0.338681 -0.251614 0.314169 0.680395 0.577015 0.270774 0.506326 -0.550886 -0.306098 0.007791 -0.063284 0.746628 -0.404483 0.524942 -0.285725 0.342096 0.289842 -0.440333
VERTEX_POSE A1085 -0.855239 0.844110 -0.222233 -0.814936 0.406562 -0.380454 0.538051 -0.173793 -0.836496 -0.450032 -0.263915 0.364364 -0.275618 -0.790208 0.046245 -0.579609 0.501886 0.143630 -0.309937 -0.154359
VERTEX_POSE A1086 0.570148 0.425800 -0.771185 -0.568333 0.173022 -0.484872 -0.171180 -0.476835 -0.581667 0.430056 0.549140 0.185800 0.839678 -0.506335 0.148063 -0.271256 -0.281401 0.608373 0.084324 0.368121
VERTEX_POSE A1087 0.446275 -0.266698 0.603603 0.257426 0.142768 0.194898 0.112643 0.094317 -0.682444 -0.591110 -0.245469 -0.325060 0.416464 0.560687 -0.029216 -0.476956 0.784555 -0.624313 0.486796 -0.030877
VERTEX_POSE A1088 0.795237 -0.041831 0.952315 -0.123274 0.737763 0.062092 -0.483979 0.508662 0.393616 -0.647372 -0.629263 -0.129364 -0.496110 0.283603 -0.287865 -0.270207 0.322251 -0.861168 -0.165943 -0.401266
VERTEX_POSE A1089 -0.162320 -0.776505 -0.137813 0.009837 -0.971848 -0.112317 -0.223458 0.809760 -0.345789 -0.555799 -0.131677 -0.167380 0.763328 -0.017997 0.797416 0.024012 0.320967 -0.451582 0.240640 0.472870
VERTEX_POSE A1090 0.830475 0.966477 0.137652 -0.874215 0.250826 0.569215 -0.290995 0.405304 -0.580675 -0.499256 0.633685 -0.143446 0.618196 0.385066 -0.370716 0.440251 0.086044 0.425210 0.300130 0.527724
VERTEX_POSE A1091 -0.785637 -0.537462 -0.260619 0.992157 0.511005 0.242480 -0.345865 0.111091 -0.167300 0.652602 0.701728 -0.799785 -0.518922 0.282923 0.466225 -0.346015 0.440055 0.237049 -0.255896 0.470683
VERTEX_POSE A1092 0.064332 0.603211 -0.413647 0.319307 -0.460577 0.674740 -0.200798 -0.146266 0.040137 0.721219 -0.657707 0.362345 0.322388 0.576002 0.353845 -0.491926 -0.442381 -0.535365 -0.305938 -0.136192
VERTEX_POSE A1093 0.208455 -0.107069 -0.443747 -0.872795 -0.317161 -0.564661 -0.663277 0.150237 0.699693 -0.490775 -0.309968 0.382651 -0.196578 0.873149 0.113847 -0.300411 -0.342911 0.179456 0.436250 0.037025
VERTEX_POSE A1094 0.260915 0.991509 0.989901 -0.898918 -0.882989 0.518144 -0.732179 -0.146380 0.417659 0.626157 -0.045519 0.227808 0.251224 -0.243255 -0.576787 -0.046947 -0.717443 0.415341 0.080764 -0.634511
VERTEX_POSE A1095 -0.068099 0.532693 0.979624 0.632883 -0.187208 -0.216809 -0.468113 0.161047 -0.623154 0.660478 -0.101163 0.024326 -0.289613 0.347252 0.131108 -0.209050 -0.911413 -0.739521 -0.465898 -0.112131
VERTEX_POSE A1096 -0.089307 0.578709 -0.911249 0.018067 -0.372583 0.715682 -0.114297 0.181605 -0.563693 -0.642312 0.257714 0.281862 -0.639732 0.056847 -0.281946 0.229023 -0.329470 0.105404 -0.335653 -0.888156
VERTEX_POSE A1097 0.121701 -0.633026 0.648969 0.822644 0.335525 0.429789 0.399016 -0.452498 -0.208991 -0.190229 0.440714 -0.732679 -0.189013 -0.635552 -0.438778 0.864839 0.230295 -0.205570 -0.144660 0.379545
VERTEX_POSE A1098 -0.482569 0.640763 0.234098 -0.071675 0.914231 -0.244762 0.095211 0.026132 0.433370 0.695111 -0.303807 0.570630 0.261078 0.295706 0.313772 -0.216180 0.770381 0.572897 -0.626786 -0.475489
VERTEX_POSE A1099 0.683946 -0.692359 -0.213550 0.235525 0.052321 -0.615379 0.410530 0.432124 -0.654293 -0.217268 -0.716843 0.099833 -0.605823 0.178097 -0.305900 -0.640530 0.395163 -0.299445 0.083427 0.333966
VERTEX_POSE A1100 -0.404889 0.895266 -0.407169 -0.765120 -0.883292 -0.490478 0.080772 -0.534689 0.288442 0.049336 -0.834775 -0.579191 0.659051 0.058759 0.265257 0.080621 -0.093114 -0.520009 -0.741751 -0.071660
VERTEX_POSE A1101 0.301651 -0.856986 0.591436 -0.635563 0.871242 0.650778 -0.463702 -0.410193 -0.208206 0.443687 -0.799158 0.268277 0.434892 0.437496 -0.506716 0.015819 -0.003328 -0.452111 -0.631459 0.040924
VERTEX_POSE A1102 0.964462 0.627886 -0.306400 0.825628 0.841263 0.137926 -0.340536 0.398585 -0.043784 -0.241078 -0.823767 0.044126 -0.464398 -0.302200 -0.710881 -0.582729 0.233733 0.686848 -0.520268 0.128773
VERTEX_POSE A1103 -0.043791 0.361337 -0.345406 0.461620 0.250298 0.681148 0.156160 0.560131 -0.027638 0.355483 -0.615376 -0.053742 0.696730 0.142123 -0.714696 0.199714 0.521015 0.146949 0.569146 -0.126136
VERTEX_POSE A1104 0.128563 -0.161285 -0.936504 0.758319 0.705560 0.151419 -0.074832 0.732095 0.092253 -0.302004 -0.588174 -0.647191 0.041187 -0.206775 -0.089396 0.927704 -0.065143 0.736012 0.202145 -0.266624
VERTEX_POSE A1105 0.722354 0.462961 0.019535 0.997372 -0.253939 0.551961 0.419009 -0.358719 -0.365450 -0.421518 -0.806094 0.005165 -0.617894 0.430991 -0.141018 0.165534 0.158026 -0.736120 0.487401 0.103963
VERTEX_POSE A1106 0.028964 -0.530342 -0.421259 -0.314285 0.826779 -0.256197 0.207286 0.095098 0.371863 0.381213 -0.305442 -0.588496 0.436906 0.530622 -0.431793 0.409681 -0.743439 -0.513136 -0.673041 -0.251792
VERTEX_POSE A1107 0.914211 0.551097 0.548104 0.326622 0.623788 0.798494 -0.061750 0.244449 -0.290718 -0.776164 -0.247562 -0.102533 0.584593 -0.510367 0.510771 -0.228047 -0.534525 -0.080559 -0.001029 0.576859
VERTEX_POSE A1108 -0.844571 0.092593 0.079155 -0.621714 -0.590216 -0.300855 0.455254 -0.593889 -0.729184 -0.536055 0.124455 -0.194589 0.294937 0.739924 -0.380348 0.638313 0.144936 -0.441869 -0.104680 -0.251620
VERTEX_POSE A1109 -0.026081 0.926262 -0.935654 0.247056 0.955003 0.371314 0.372511 0.603179 -0.683398 -0.147023 -0.171468 -0.258616 -0.418944 0.668619 0.134074 -0.671601 0.194837 -0.556988 0.461582 0.348943
VERTEX_POSE A1110 0.269135 0.714400 -0.233869 0.797774 -0.663117 0.232128 0.809929 0.244363 -0.331042 0.046092 -0.676856 0.158403 -0.479733 0.008794 0.728745 0.099178 -0.617653 -0.529498 0.319233 -0.317144
VERTEX_POSE A1111 -0.411447 0.009858 0.493643 0.941630 0.594275 0.506594 0.544459 0.552873 -0.262862 -0.330963 0.641661 -0.811338 0.492152 0.055590 -0.028152 0.441056 0.182983 0.123304 0.396591 -0.496014
VERTEX_POSE A1112 -0.166873 -0.081227 0.555312 -0.659673 -0.758798 -0.522208 -0.199587 -0.707909 0.498191 0.661821 -0.289785 0.043901 -0.207128 0.492069 -0.601843 0.379850 0.415535 -0.339060 0.578766 -0.009370
VERTEX_POSE A1113 -0.152397 -0.537295 -0.867994 0.923862 0.486778 0.604021 -0.065684 0.240015 0.180997 -0.515348 0.708823 -0.438084 0.366188 0.370774 0.486564 0.752120 0.208266 0.416817 -0.174137 -0.509034
VERTEX_POSE A1114 0.088835 -0.195899 -0.241914 -0.546200 -0.207559 0.292612 0.089493 -0.688335 0.473823 0.297087 0.003068 0.427346 0.682024 0.126148 0.695838 -0.662078 0.054474 0.151839 0.015051 0.712253
VERTEX_POSE A1115 0.736109 -0.286473 -0.783369 0.088714 0.555370 0.189257 0.344811 0.619459 0.709881 0.526508 -0.104410 -0.030309 -0.236819 -0.198183 -0.407426 0.666041 -0.554891 0.541605 -0.322801 -0.508123
VERTEX_POSE A1116 -0.007636 -0.693185 -0.090227 -0.891074 -0.106660 -0.244977 -0.702069 0.041016 0.723654 -0.201835 -0.337333 -0.055669 -0.351548 -0.740827 0.418486 -0.487230 0.576479 0.487936 0.324626 -0.058059
VERTEX_POSE A1117 -0.341016 -0.770100 -0.013099 -0.114533 0.965463 -0.200474 -0.641804 -0.435413 -0.430189 0.346843 -0.133356 -0.104801 0.334390 0.550399 0.863370 -0.029129 0.009064 -0.135483 -0.595922 0.699722
VERTEX_POSE A1118 0.182384 0.446829 0.820233 -0.653860 -0.301861 -0.278872 -0.423958 0.760431 -0.029238 0.860017 0.247772 -0.359715 0.162363 0.351215 -0.886312 0.059508 -0.360363 -0.080197 -0.225229 -0.327322
VERTEX_POSE A1119 -0.212398 0.264983 -0.137912 -0.014348 -0.368897 0.047041 0.561738 0.355168 0.519756 -0.521119 0.395982 -0.736001 -0.004904 0.506334 0.243858 0.577889 -0.283602 0.355633 0.280901 0.616644
VERTEX_POSE A1120 0.496664 -0.546604 0.849088 0.895304 0.993615 -0.624578 -0.008111 0.619364 -0.303624 -0.371871 0.134617 -0.574076 -0.380997 -0.464040 -0.419848 0.666501 -0.484245 -0.108986 0.521790 0.385280
VERTEX_POSE A1121 0.012858 0.413306 -0.042115 -0.528076 0.948964 0.503875 0.083217 0.275386 -0.082053 0.833674 0.437164 0.472718 -0.199594 0.561034 -0.643230 -0.364031 0.634510 0.319642 -0.354552 0.125253
VERTEX_POSE A1122 0.001964 0.727521 0.601469 -0.022191 -0.857892 0.223585 0.210849 -0.597366 -0.474811 -0.563142 -0.415311 -0.358502 0.780411 0.001325 0.211625 -0.171371 0.632644 0.742466 0.002043 -0.265387
VERTEX_POSE A1123 -0.439004 -0.943394 -0.564559 0.214611 -0.466962 0.364318 0.243031 0.245864 -0.362162 -0.667098 -0.423366 0.857596 -0.373422 -0.304473 0.005293 -0.523064 0.528669 0.024748 -0.287883 0.622991
VERTEX_POSE A1124 -0.778687 -0.693763 0.514138 -0.400871 -0.368197 -0.539609 -0.362823 -0.415583 0.094376 0.616085 -0.201875 0.270898 0.489685 -0.357644 -0.692470 0.377679 -0.267781 0.383425 -0.326138 -0.766108
VERTEX_POSE A1125 -0.737120 0.719031 0.591370 0.078892 -0.740881 -0.274697 -0.149698 -0.498056 0.348486 0.496837 0.556245 0.878911 -0.338095 -0.315440 -0.020398 -0.677049 0.532013 -0.173775 -0.397543 0.244931
VERTEX_POSE A1126 0.492898 0.589299 -0.584936 -0.152506 0.345830 -0.639672 -0.132198 -0.628179 0.092942 0.634999 0.224348 -0.452195 0.081559 0.523195 0.276782 0.579432 -0.525182 0.548718 -0.486730 -0.074233
VERTEX_POSE A1127 0.132006 0.884945 0.602889 0.617197 0.259220 0.398698 -0.313589 -0.527636 0.797471 0.559859 0.162783 -0.136161 0.333934 0.344187 -0.247179 0.580186 -0.742635 -0.354179 0.374290 0.158526
VERTEX_POSE A1128 0.384581 -0.913995 0.240339 -0.098465 0.594643 0.737419 0.043338 -0.520126 -0.128766 0.143652 0.011206 0.238103 -0.890656 0.010658 0.505881 0.426500 0.165851 -0.356404 0.048123 -0.837689
VERTEX_POSE A1129 -0.989671 0.230062 0.649162 0.775819 0.260060 0.405225 -0.732782 -0.175285 -0.659992 -0.006846 -0.042799 -0.247752 -0.485870 0.807612 -0.496387 -0.056953 -0.159620 0.304009 0.472937 0.538264
VERTEX_POSE A1130 -0.184048 -0.807414 -0.610661 -0.147278 -0.688459 0.568929 0.018699 0.733229 0.529397 0.746227 -0.398136 0.572189 -0.642470 -0.428507 0.009587 -0.099669 -0.307924 0.261852 -0.141754 0.159462
VERTEX_POSE A1131 0.979692 0.981270 0.833170 0.136415 0.711352 -0.234228 -0.570161 -0.557667 -0.391536 -0.266112 0.423315 0.782186 -0.558319 0.036698 0.386571 0.316298 0.307630 -0.174886 -0.438560 0.643295
VERTEX_POSE A1132 0.311980 0.373077 0.240598 -0.859745 0.131302 -0.478680 0.095003 0.431099 0.444621 -0.063043 -0.479399 0.432666 -0.594358 0.148582 0.351449 -0.187085 0.723478 -0.512309 -0.773782 -0.197064
VERTEX_POSE A1133 -0.219586 0.820472 0.082940 -0.321650 -0.847196 -0.150299 -0.644744 0.390320 -0.614126 -0.160446 -0.628513 -0.515484 -0.357277 0.227153 0.532551 -0.599350 -0.536990 0.225669 -0.267759 0.335656
VERTEX_POSE A1134 -0.064099 0.342607 -0.512236 -0.401965 -0.038350 0.684949 -0.226767 0.477707 0.267278 -0.053067 -0.596240 -0.445083 0.470645 0.068683 -0.470781 -0.519974 0.474339 -0.199181 -0.673707 -0.431948
VERTEX_POSE A1135 -0.559457 -0.788208 0.304094 0.898575 -0.163137 -0.892841 -0.094549 -0.079675 0.125152 -0.593241 0.699114 -0.267885 0.465830 0.318419 -0.051496 0.497686 0.623232 0.335794 0.417656 -0.122812
VERTEX_POSE A1136 -0.497233 0.283433 -0.897525 -0.324278 -0.101135 -0.484044 0.466421 0.436385 0.358357 0.441420 0.596374 0.381325 0.594304 -0.308084 0.213268 -0.476462 0.598855 -0.668123 0.085952 0.019041
VERTEX_POSE A1137 0.964864 0.812265 0.066506 0.283750 -0.211572 -0.516556 0.080168 -0.751379 -0.590884 0.467724 0.184711 0.317166 -0.168655 -0.612068 0.120943 0.655018 -0.071018 0.518464 0.563306 -0.147109
VERTEX_POSE A1138 -0.645246 0.762890 -0.147802 0.225197 -0.539349 0.108407 -0.255742 0.413690 0.546946 -0.278145 -0.378284 -0.275184 0.271207 -0.775793 0.775032 0.440036 -0.024397 -0.112681 0.768145 0.288638
VERTEX_POSE A1139 -0.341804 -0.623974 0.181629 0.054008 0.308649 0.694983 -0.557516 0.413657 -0.455091 -0.295781 0.520130 0.529983 0.450673 -0.159211 0.058964 0.615721 0.727743 -0.159788 0.139540 0.058262
VERTEX_POSE A1140 -0.061216 0.738526 0.130852 -0.469194 -0.256569 -0.417531 0.141944 -0.580481 0.513074 -0.707406 -0.188097 0.183879 0.467691 0.464210 -0.520184 -0.179647 -0.162105 -0.507957 -0.477933 0.621203
VERTEX_POSE A1141 0.623889 0.477289 0.618329 0.022971 -0.202466 0.389821 -0.639436 -0.352549 0.549865 -0.227172 0.357184 0.553085 0.081860 0.348128 -0.199903 -0.535079 -0.340407 0.447017 0.496491 -0.714883
VERTEX_POSE A1142 0.246749 0.385884 -0.324728 -0.004362 -0.097076 -0.622394 -0.699772 0.117948 0.236315 -0.257409 -0.331786 -0.225875 -0.211839 -0.663522 -0.710334 0.603877 -0.034706 0.034451 0.185787 -0.659196
VERTEX_POSE A1143 0.771911 -0.342700 -0.313836 -0.128866 -0.015367 0.491884 -0.033941 0.587323 0.348322 0.113304 -0.515873 0.516015 0.250718 -0.498615 0.529171 0.241023 0.352248 0.300712 -0.930085 -0.127404
VERTEX_POSE A1144 -0.528508 0.939994 0.750334 -0.053167 -0.715688 -0.338237 -0.633077 -0.609004 0.593782 -0.368813 0.347775 0.287652 0.627267 -0.575303 -0.670192 0.263095 0.377815 0.033433 0.022545 0.185603
VERTEX_POSE A1145 -0.664416 -0.810015 0.433358 0.449438 0.695365 -0.272661 -0.436518 0.295210 -0.459495 0.165363 -0.610450 0.365948 -0.297271 0.371031 0.751001 0.225125 -0.357150 0.128844 -0.801907 -0.524388
VERTEX_POSE A1146 0.508019 0.370827 -0.097206 0.959847 -0.459996 0.378625 0.304830 -0.275042 0.532638 -0.378720 -0.619135 0.301442 -0.725775 0.364291 0.630027 0.310739 0.606956 -0.291785 -0.374623 0.199799
VERTEX_POSE A1147 0.463856 -0.753191 -0.339892 0.055759 0.177652 0.459414 -0.666125 0.204800 0.221828 0.024720 0.506823 0.270578 0.438062 0.677567 0.330419 -0.422233 -0.084815 0.746553 0.430682 -0.484661
VERTEX_POSE A1148 -0.005432 -0.580115 -0.579740 -0.665095 0.660828 0.450371 0.227971 -0.711000 0.053375 -0.224539 -0.577392 0.752744 -0.586217 0.291347 -0.418077 -0.701076 -0.243547 -0.230010 -0.249905 -0.130001
VERTEX_POSE A1149 -0.309597 -0.182344 -0.276972 -0.694013 0.238143 0.121772 -0.039003 -0.508789 0.562350 0.286995 -0.276815 -0.501951 0.856889 -0.102387 0.259460 0.124404 -0.598608 0.591320 0.407895 0.543776
VERTEX_POSE A1150 -0.748542 0.511792 0.522196 -0.958589 0.808755 -0.842285 0.051380 0.382375 0.386500 0.424310 0.324891 -0.282539 -0.027316 -0.794922 -0.233051 0.237343 0.215657 -0.083865 0.871919 -0.264244
VERTEX_POSE A1151 -0.508768 -0.126719 -0.730652 -0.769791 0.654443 -0.048527 -0.543017 0.761542 -0.687065 0.183494 0.345902 -0.467844 0.371955 -0.107501 0.523070 0.643401 0.498619 -0.181949 0.345177 0.200571
VERTEX_POSE A1152 0.703261 -0.769038 0.680913 -0.222089 0.187107 -0.392430 0.066733 -0.636631 0.760738 -0.533997 -0.250039 -0.324636 -0.536697 0.620130 0.391497 0.600650 0.307226 -0.092838 -0.248134 -0.230722
VERTEX_POSE A1153 0.253422 0.239314 0.123665 0.019220 0.950863 0.776242 -0.271302 -0.131287 -0.473432 -0.298445 0.479746 -0.299937 -0.645675 -0.420627 -0.285917 0.493756 -0.656289 -0.040007 -0.420279 -0.380743
VERTEX_POSE A1154 0.052229 -0.070113 -0.295212 0.444820 -0.812519 0.272621 0.526642 0.188837 -0.569425 -0.310490 0.695682 0.088209 -0.031370 -0.228937 -0.683400 0.677258 -0.211561 0.355834 0.408144 0.619029
VERTEX_POSE A1155 0.924574 -0.462801 0.195051 0.377040 0.818910 0.662442 -0.495049 -0.496131 -0.521475 -0.465172 -0.120547 0.307572 -0.340972 0.345125 0.384466 0.614219 -0.027714 -0.216379 0.212165 -0.787047
VERTEX_POSE A1156 0.516302 -0.041656 -0.284966 -0.901888 -0.790018 0.046077 -0.412306 0.062261 -0.281220 -0.233760 0.421549 -0.218539 -0.844919 -0.169369 -0.608072 0.159813 -0.726038 0.708012 -0.189559 -0.512447
VERTEX_POSE A1157 -0.454874 -0.480814 0.119853 -0.707685 0.533310 0.015239 0.578969 0.613847 -0.362165 0.624691 -0.364140 0.418381 0.467490 0.072723 -0.827774 -0.000242 0.131849 0.091393 0.236663 -0.684048
VERTEX_POSE A1158 0.056580 -0.577856 -0.202059 -0.005763 0.078130 -0.381662 0.703583 -0.429756 -0.767037 0.069908 0.387797 0.239399 0.355994 0.786613 0.220162 -0.033065 -0.213975 0.400256 0.610130 -0.019416
VERTEX_POSE A1159 -0.099117 0.044349 0.955373 -0.000353 0.804625 -0.269781 -0.323081 0.514179 -0.723939 -0.547584 -0.161007 -0.351756 0.518841 0.659866 0.401589 -0.402642 0.500106 -0.343692 0.405529 -0.155463
VERTEX_POSE A1160 -0.444545 0.749249 -0.230985 -0.931867 -0.206629 0.384424 0.089836 -0.549646 0.103301 0.862266 0.412643 0.376241 0.260598 -0.067004 -0.742729 0.082280 0.109689 -0.385154 0.416828 -0.714908
VERTEX_POSE A1161 0.872532 -0.385269 0.187280 0.846959 0.389671 0.345384 0.255865 0.360367 -0.645647 0.423980 -0.306954 0.606608 0.577036 -0.486714 0.307554 -0.485025 -0.003472 -0.035871 0.431919 0.734175
VERTEX_POSE A1162 -0.119425 0.025619 0.788543 -0.863937 0.515977 0.048602 0.584173 -0.719145 -0.734940 0.237820 0.341659 0.006769 -0.476791 -0.421781 0.028715 -0.560986 -0.057571 -0.675745 -0.245252 -0.429983
VERTEX_POSE A1163 0.867435 0.122326 -0.990387 -0.791611 0.924673 0.189903 0.895433 -0.231319 -0.301551 0.229005 0.794342 -0.146271 -0.199312 -0.493661 -0.915469 0.102914 -0.209541 -0.116294 0.308934 -0.167043
VERTEX_POSE A1164 -0.347055 -0.564797 -0.729780 -0.474691 0.542475 -0.637771 0.574240 0.042067 -0.236787 -0.631343 0.557824 0.482618 0.506953 0.688775 -0.199707 0.120825 -0.200456 0.514175 -0.007381 -0.415293
VERTEX_POSE A1165 0.816476 -0.631774 -0.723692 -0.265902 -0.522374 -0.304513 0.008693 0.789064 -0.692790 -0.552906 -0.210203 -0.206561 -0.323555 -0.223176 0.218798 -0.007683 -0.465076 0.580322 -0.767771 0.259016
VERTEX_POSE A1166 -0.692022 0.334118 0.313706 -0.893037 -0.238464 0.353122 -0.710181 -0.303288 -0.195520 0.101388 -0.647063 0.714314 -0.125844 -0.063506 0.139424 0.413827 -0.663091 0.554431 0.546144 0.213548
VERTEX_POSE A1167 0.155712 0.718636 -0.627305 0.201030 -0.558661 -0.156207 0.391421 -0.445602 -0.189724 0.458810 -0.523583 0.494680 -0.591454 -0.609541 0.727715 0.502060 -0.037333 -0.406605 -0.185472 -0.392894
VERTEX_POSE A1168 0.781340 -0.819509 0.342813 -0.982152 0.266055 -0.949323 -0.062376 0.301847 -0.111748 0.764922 -0.198002 -0.186629 -0.484266 -0.591991 0.219990 -0.349990 0.598751 -0.055428 -0.232373 -0.400908
VERTEX_POSE A1169 -0.337269 0.097008 -0.834096 0.332160 0.222187 0.155425 0.567244 -0.441725 -0.348299 -0.631368 0.104692 -0.301224 -0.042715 -0.518501 0.547129 -0.524706 -0.599793 -0.681502 0.049676 -0.406600
VERTEX_POSE A1170 0.813908 -0.905338 0.554324 -0.744962 0.749988 -0.278493 0.064348 0.290091 0.018528 0.487417 -0.822120 -0.810172 -0.467699 -0.334351 0.444749 -0.540593 -0.350551 -0.260609 0.497294 0.072729
VERTEX_POSE A1171 -0.279876 0.919018 -0.526335 -0.451345 -0.990514 0.290708 -0.296511 -0.323794 -0.563518 -0.392292 -0.638885 -0.032964 -0.838652 0.532747 -0.731650 0.166150 0.202958 0.248071 -0.165061 -0.402457
VERTEX_POSE A1172 -0.713380 -0.425703 0.784233 -0.644869 -0.980280 -0.055613 0.254106 -0.762634 0.481935 -0.252965 0.252582 0.820594 0.384892 -0.202755 0.294352 -0.443034 0.133290 0.068031 -0.725960 -0.543798
VERTEX_POSE A1173 0.060657 0.480546 -0.770404 0.250676 -0.347088 -0.206159 -0.289341 -0.390167 0.055394 0.450246 -0.136785 -0.584847 0.627712 0.372727 -0.653084 -0.061671 -0.600895 0.431121 0.561902 -0.573637
VERTEX_POSE A1174 -0.507966 -0.423683 0.159829 0.419788 -0.005881 0.595071 -0.229591 0.753457 -0.476251 -0.705863 0.220994 -0.224933 0.473761 0.243732 0.078040 0.425066 0.250204 -0.601988 0.209560 0.511329
VERTEX_POSE A1175 -0.241888 -0.485709 0.534567 0.301964 -0.695968 0.155048 -0.631421 0.161290 -0.561284 -0.515169 -0.076385 -0.180301 -0.349314 0.556547 0.708186 -0.436240 -0.327562 0.356210 0.153568 0.742368
VERTEX_POSE A1176 0.396241 0.670531 0.662955 -0.299886 -0.651723 -0.290064 0.462878 0.286094 -0.742982 0.162596 -0.629119 -0.098917 -0.645807 -0.216809 -0.427972 -0.570750 0.420951 -0.413397 0.128391 0.546035
VERTEX_POSE A1177 -0.999947 0.947144 -0.937377 0.379635 0.534123 0.304241 -0.582535 -0.224019 0.027339 -0.550697 0.669284 0.366686 0.423807 0.667478 -0.202860 -0.417894 0.133528 0.855032 -0.056011 -0.196261
VERTEX_POSE A1178 -0.778032 -0.238900 -0.805325 -0.642277 0.481685 0.113503 -0.450111 0.072930 -0.423482 0.514527 0.584869 0.469727 -0.397037 0.468907 0.257454 0.061052 0.627531 -0.721703 -0.609341 0.197332
VERTEX_POSE A1179 -0.609190 -0.909584 -0.916785 0.035019 -0.990894 -0.170952 0.735264 -0.579353 0.289879 -0.556943 -0.474960 0.662436 0.193180 -0.172989 0.282062 -0.113063 -0.444905 -0.606931 -0.314800 -0.459236
VERTEX_POSE A1180 -0.309544 -0.235200 -0.214349 0.685622 -0.227735 0.127008 -0.589951 0.495722 -0.347670 0.146722 0.556499 0.837867 0.404283 0.358740 0.285067 -0.680065 -0.041444 -0.282330 0.067055 0.560496
VERTEX_POSE A1181 -0.526574 -0.727107 0.716871 -0.600866 0.290440 -0.529410 0.132680 0.511428 -0.126695 -0.685988 -0.230592 0.032190 -0.546130 0.705975 -0.760969 -0.194779 -0.381475 0.351517 -0.419070 -0.203334
VERTEX_POSE A1182 -0.117958 -0.036303 -0.647438 0.265228 0.663549 -0.273018 -0.541781 0.465547 0.283947 0.619362 0.344993 0.458048 -0.311953 -0.672735 0.335626 -0.473960 0.341837 -0.722760 0.030188 -0.307929
VERTEX_POSE A1183 -0.606282 -0.004237 -0.533436 -0.536467 0.959372 0.012659 -0.509586 0.827920 -0.975784 -0.180870 -0.100875 0.030898 -0.425007 -0.109914 0.215530 -0.722808 -0.468747 0.016658 -0.067276 -0.269383
VERTEX_POSE A1184 0.726848 0.512206 -0.159465 0.418354 0.241302 0.747126 -0.002661 -0.187525 0.393162 0.347260 -0.279087 -0.508478 0.523049 -0.351468 0.162532 0.728131 0.618145 0.047531 0.275041 -0.617504
VERTEX_POSE A1185 0.934271 0.893584 0.057351 -0.289952 0.851029 0.412935 -0.644148 -0.552512 -0.444309 0.347361 -0.273681 0.602704 0.534504 -0.090814 -0.331682 0.169377 -0.750482 -0.398508 -0.387338 0.219907
VERTEX_POSE A1186 -0.681708 0.532961 0.661615 0.840574 0.778282 0.143309 -0.349466 -0.747774 0.147721 -0.567575 0.467028 0.738819 -0.079250 -0.255288 -0.018931 0.668710 -0.191038 -0.641428 -0.319810 -0.347924
VERTEX_POSE A1187 0.243150 -0.529449 0.555570 0.516466 0.451284 -0.664998 0.486562 0.124123 0.001635 -0.046208 0.982722 -0.372734 -0.723191 0.011888 -0.448795 -0.404336 -0.065380 0.466291 -0.273185 0.120146
VERTEX_POSE A1188 -0.520603 -0.587230 -0.822797 0.002363 0.384339 -0.188954 -0.186270 -0.105450 0.663068 0.410771 0.417203 -0.400440 0.604576 0.458713 0.383232 -0.569123 0.464229 -0.466281 -0.327350 0.623615
VERTEX_POSE A1189 0.374872 0.955106 -0.540444 -0.165189 -0.143588 -0.483045 0.461149 -0.222313 0.199750 -0.207935 0.293021 -0.563056 0.083946 -0.342864 0.588180 0.726267 -0.255790 0.252545 -0.457814 -0.825670
VERTEX_POSE A1190 -0.855967 0.514900 0.510943 -0.483887 0.255909 -0.186206 -0.339759 -0.125543 0.383540 0.229926 -0.289175 -0.007178 0.459903 -0.788178 -0.674491 -0.391119 -0.414486 -0.602689 0.683530 0.328014
VERTEX_POSE A1191 0.034852 -0.837981 -0.053782 0.070496 -0.822290 -0.182374 0.100636 -0.603700 0.554481 -0.688596 -0.415839 -0.590117 -0.716714 0.293152 -0.159702 0.029908 0.152017 0.534366 -0.033688 0.594624
VERTEX_POSE A1192 0.247404 -0.430164 0.646836 -0.318230 -0.753917 -0.377283 0.079971 -0.739695 0.646232 0.359384 -0.450048 0.286469 -0.923538 -0.213670 0.340500 0.079869 0.427618 -0.491973 -0.071744 0.147636
VERTEX_POSE A1193 0.024608 -0.459481 0.299486 -0.347824 -0.228114 0.864436 0.116493 0.275946 0.046588 0.769859 -0.139756 -0.071585 0.296339 -0.700154 -0.468501 0.057006 0.441089 0.161126 -0.550164 -0.468558
VERTEX_POSE A1194 -0.097713 0.284345 -0.044169 0.278884 -0.897617 0.623861 -0.488613 -0.319601 0.165437 0.338046 -0.569431 0.256142 0.527329 0.541920 -0.191146 -0.607368 0.408882 0.693746 -0.003266 0.335770
VERTEX_POSE A1195 0.900349 0.005039 0.917056 0.207078 0.788557 0.040527 -0.856817 -0.201081 0.555595 0.210803 -0.804057 0.488351 0.052837 0.332337 -0.460263 0.430089 -0.215817 0.489226 0.183461 0.395012
VERTEX_POSE A1196 -0.158916 -0.091255 0.575793 0.386274 0.249512 -0.051516 0.145917 0.414247 -0.713622 -0.056824 -0.412991 -0.081310 -0.092190 -0.638732 -0.393598 0.841545 0.123159 0.571453 0.508706 -0.484449
VERTEX_POSE A1197 0.210265 -0.381537 -0.730463 0.385848 -0.136081 0.255285 0.059444 0.268946 -0.587354 -0.042173 -0.311724 0.538057 0.298518 -0.779595 0.448104 -0.804956 0.043400 0.315504 0.507564 0.469941
VERTEX_POSE A1198 0.056062 -0.276324 -0.710249 -0.591891 -0.770103 0.392083 0.413044 0.401901 -0.425349 -0.155971 -0.403484 0.061354 0.694811 -0.686163 -0.812755 0.314836 0.341619 -0.031824 0.472424 0.296906
VERTEX_POSE A1199 -0.377576 0.089236 -0.081394 0.404122 -0.484433 -0.290618 0.657137 0.607790 0.444044 0.490193 0.095078 -0.291909 -0.408103 0.532707 0.647283 0.058807 0.033035 -0.462797 0.397336 -0.580244
VERTEX_POSE A1200 0.872996 0.715470 -0.564559 -0.281993 -0.913894 0.255696 -0.395738 -0.417176 -0.117273 0.531910 0.564299 -0.161331 0.033698 0.020129 0.937970 0.082961 0.273731 0.122687 0.743267 -0.657417
VERTEX_POSE A1201 -0.130030 -0.181662 0.844074 -0.336853 0.979885 0.800222 0.063544 -0.070346 0.182668 -0.279529 0.933882 -0.217244 0.259920 0.219966 -0.382155 -0.709939 -0.076176 -0.364747 0.588433 0.262160
VERTEX_POSE A1202 0.342547 0.008254 0.392271 0.952777 -0.474947 -0.532348 0.485264 0.433659 -0.467247 -0.093916 0.436923 0.550603 0.282794 0.317290 0.370214 0.553964 0.266937 -0.240964 0.607331 -0.670156
VERTEX_POSE A1203 -0.840384 -0.710233 -0.780326 0.073139 -0.894173 -0.280448 0.146360 -0.675770 -0.196138 0.451811 0.122422 -0.034987 0.615094 -0.427981 -0.314523 -0.627209 -0.458731 0.884720 -0.052092 -0.367079
VERTEX_POSE A1204 0.930627 -0.701116 -0.926329 0.913823 -0.367203 -0.326177 0.760625 -0.377940 -0.408727 -0.186552 -0.474797 -0.041801 0.576949 0.508039 -0.731323 -0.212150 0.556101 0.435857 0.093647 0.253726
VERTEX_POSE A1205 0.834581 0.584572 -0.447900 0.372565 0.519172 -0.126661 0.660397 0.010506 0.269625 -0.441491 0.618981 -0.158190 0.514740 0.435069 0.793275 0.193097 -0.434263 0.506903 0.258296 0.488756
VERTEX_POSE A1206 -0.082272 -0.195941 0.754241 -0.624898 -0.590141 0.490287 -0.233800 0.308842 0.605705 -0.153714 -0.695335 -0.251855 0.691600 -0.343407 -0.425746 -0.479246 -0.537693 -0.384772 -0.462301 0.118673
VERTEX_POSE A1207 0.326869 0.969416 0.736625 -0.386063 -0.018926 -0.196180 0.820293 0.342931 0.473301 0.263583 0.473166 -0.304687 0.332165 -0.430318 -0.222034 0.282850 -0.465236 0.771600 0.259435 -0.506848
VERTEX_POSE A1208 0.834635 0.531716 -0.385277 -0.247800 0.053295 -0.246037 0.607374 -0.276459 -0.226966 0.421712 -0.567610 0.065728 -0.327781 -0.487631 -0.599711 0.215647 0.556128 -0.723864 -0.547094 -0.233082
VERTEX_POSE A1209 0.139696 0.565159 0.948917 -0.267175 0.891544 -0.481714 -0.484075 0.005436 -0.448790 0.553458 -0.652215 0.668735 -0.270842 -0.636357 0.096173 0.399329 -0.011770 0.331789 0.475959 0.411700
VERTEX_POSE A1210 0.717678 -0.940168 0.819840 0.648955 -0.009820 0.531049 0.295705 0.355491 0.322861 -0.723637 0.564150 0.138370 0.505261 0.309400 0.668858 0.189365 -0.259188 -0.383706 0.312665 0.626462
VERTEX_POSE A1211 -0.474909 -0.703484 0.400374 -0.562178 0.825560 -0.580686 0.227596 -0.512708 0.116853 0.452287 -0.330303 -0.458257 -0.328358 -0.409605 0.441101 0.518175 -0.392919 -0.494550 0.606063 0.553054
VERTEX_POSE A1212 0.613121 0.838052 0.665787 0.131959 0.181984 0.279157 0.613114 0.724559 -0.043902 -0.514008 0.310440 0.258933 -0.457125 0.421636 0.694187 0.189228 -0.447674 0.609263 -0.339288 0.021268
VERTEX_POSE A1213 -0.400280 0.023529 -0.827598 -0.085817 -0.346272 -0.236084 -0.430899 0.499504 -0.708697 0.234997 -0.062284 -0.249572 0.103822 0.746503 0.172345 -0.777242 0.016422 -0.591628 -0.379762 -0.434834
VERTEX_POSE A1214 -0.081191 0.292279 0.866938 -0.098645 0.784933 -0.342668 -0.018317 -0.341428 0.366348 0.308306 0.463607 -0.637258 -0.531010 0.329789 0.367937 -0.572765 0.490251 -0.454854 0.542752 0.565145
VERTEX_POSE A1215 0.339969 0.350258 -0.493677 -0.449688 -0.576714 0.029600 -0.506730 0.641590 0.328374 -0.564710 -0.602083 -0.198065 0.308863 -0.428781 0.054061 0.514349 0.183638 -0.921489 -0.253725 -0.091008
VERTEX_POSE A1216 -0.466009 -0.082887 0.229753 0.624231 -0.495243 -0.521329 0.568847 -0.620168 0.080520 0.110119 0.000235 0.616963 -0.250511 -0.677198 0.294323 0.526468 0.393695 0.504443 0.569528 -0.042419
VERTEX_POSE A1217 0.237101 -0.174760 0.528553 -0.258071 0.563215 0.547257 0.241915 -0.317207 0.409717 -0.601953 -0.498314 -0.518615 -0.062739 -0.720199 0.095130 -0.699224 0.358981 -0.504610 -0.293733 0.059242
VERTEX_POSE A1218 -0.416881 0.820809 -0.938108 -0.933222 0.874570 -0.366669 0.316515 -0.525040 0.288083 -0.278824 0.385001 -0.519495 -0.827056 -0.203941 0.432629 -0.339196 0.017638 -0.570542 0.151654 0.730893
VERTEX_POSE A1219 0.013388 0.329883 0.406956 -0.373406 0.889097 0.369385 0.359652 -0.360895 0.542305 0.308286 -0.279730 -0.657060 0.414597 0.029743 -0.002144 -0.772979 -0.347077 0.371116 -0.078890 0.818632
VERTEX_POSE A1220 -0.388027 -0.219654 0.988109 0.576740 -0.580373 0.689909 0.110069 0.668611 0.547460 -0.635104 -0.439080 -0.232870 -0.158376 -0.094470 -0.405991 -0.645882 0.591399 -0.072501 0.377202 0.038593
VERTEX_POSE A1221 -0.272848 0.335709 0.572835 -0.417109 0.130479 0.066084 0.113053 0.221534 0.222762 0.420118 -0.648244 0.939450 -0.183216 0.259954 -0.175295 0.403388 0.680026 -0.180872 -0.783855 -0.026290
VERTEX_POSE A1222 -0.951760 0.491902 -0.646826 0.697090 -0.933193 0.542461 -0.634933 -0.062853 -0.531240 -0.072572 -0.475850 -0.370401 -0.305230 0.837590 0.480462 0.056310 0.066930 0.235541 0.703745 0.252149
VERTEX_POSE A1223 0.859376 0.350182 0.634945 -0.741490 -0.334290 0.140195 0.414701 0.651979 0.336696 -0.078411 0.571024 -0.745511 0.377004 0.279429 -0.556084 -0.500574 0.165677 0.044327 -0.655109 0.378584
VERTEX_POSE A1224 0.751760 0.876228 -0.127679 0.235067 0.902365 -0.168917 0.465921 -0.163553 -0.208711 -0.676816 -0.468735 0.756216 -0.392400 0.058921 -0.478054 -0.392068 0.717707 0.357083 0.130930 0.484730
VERTEX_POSE A1225 -0.049473 -0.223753 0.309005 -0.024025 -0.830810 0.106399 0.261608 -0.317132 -0.593330 0.777230 0.071526 -0.030846 -0.198996 0.277004 -0.791371 -0.535265 -0.214781 0.097055 0.036967 -0.878322
VERTEX_POSE A1226 0.759726 -0.644778 0.552001 0.465588 -0.545733 0.386380 0.446707 -0.592175 -0.008426 -0.201236 -0.660106 0.078787 -0.297006 0.265826 0.615878 -0.706002 -0.080557 -0.682002 -0.416300 -0.369372
VERTEX_POSE A1227 -0.407156 -0.215027 -0.551886 -0.378660 0.151877 0.564834 0.152490 0.438469 0.445541 -0.840563 -0.098778 0.539036 0.388416 -0.745025 0.391756 0.293126 0.492180 0.196020 -0.182789 0.026164
VERTEX_POSE A1228 -0.839208 0.394710 0.578542 -0.638178 0.033110 -0.493000 0.632404 0.032504 0.556725 0.512876 0.285988 0.553164 0.213904 -0.679064 -0.089416 -0.408561 -0.409598 -0.364723 0.352628 -0.536894
VERTEX_POSE A1229 -0.184213 0.078898 0.841752 0.873697 -0.315836 -0.488210 0.156140 -0.822705 0.276221 -0.013928 -0.149189 -0.516443 0.693791 0.445742 0.434239 0.593465 -0.319230 -0.479662 -0.376669 -0.017467
VERTEX_POSE A1230 0.215268 0.874209 0.366720 -0.974538 0.667444 -0.047344 -0.092551 0.335034 0.582629 -0.278945 0.053154 0.442419 -0.234120 -0.738548 -0.524200 -0.833737 -0.123864 -0.433339 0.404592 -0.569326
VERTEX_POSE A1231 -0.966212 0.110180 -0.986017 0.079830 0.119216 0.025346 -0.521214 -0.426722 -0.361291 0.494247 -0.199410 -0.713421 -0.394202 0.572464 -0.599264 0.123869 -0.593558 0.027198 -0.559747 -0.313238
VERTEX_POSE A1232 0.685757 0.897236 0.685826 -0.463156 -0.335952 -0.672163 0.389201 -0.438618 0.027315 0.633868 0.268061 0.160129 -0.195973 -0.813408 -0.556509 0.032765 0.098988 0.460550 0.638166 -0.253624
VERTEX_POSE A1233 -0.442185 -0.117536 -0.241009 0.978239 -0.807504 0.534222 0.152411 -0.566303 0.358885 0.584509 0.467598 0.562514 -0.723107 0.391289 0.156836 0.305899 0.455134 0.494762 0.136609 -0.316859
VERTEX_POSE A1234 -0.806596 0.399948 -0.766343 -0.847032 0.225043 -0.619344 0.463208 -0.518015 -0.049840 -0.744568 -0.654730 -0.631181 -0.069077 0.248849 -0.456945 -0.406941 0.372272 -0.082107 -0.246343 0.320121
VERTEX_POSE A1235 0.616384 -0.803880 0.759497 -0.549333 0.296845 0.148543 -0.060206 0.475478 0.518762 -0.008596 0.696733 0.622887 0.595109 -0.303797 0.435885 -0.169784 -0.401003 -0.361715 0.783148 0.188118
VERTEX_POSE A1236 -0.607603 -0.532965 0.311091 0.350803 0.711669 -0.907340 0.227173 -0.190306 0.291963 0.393175 -0.871084 0.238340 0.081306 0.156834 -0.185080 -0.294964 -0.197027 0.020747 0.836774 0.376271
VERTEX_POSE A1237 0.111132 -0.795994 0.987898 -0.471929 0.634902 -0.652897 0.436566 0.519256 0.200069 0.117614 -0.361706 -0.267498 -0.212517 -0.384854 -0.645045 -0.542082 -0.274065 -0.214615 0.675693 -0.613447
VERTEX_POSE A1238 -0.056747 -0.834464 0.496122 0.064604 -0.722081 -0.476692 0.587112 0.179494 0.382424 -0.020035 -0.542253 -0.130446 -0.746577 0.440272 0.445532 -0.021508 -0.177247 0.641093 0.311543 0.669692
VERTEX_POSE A1239 -0.772968 0.998751 0.925814 -0.896996 -0.235037 0.189471 -0.630633 -0.428668 0.356775 -0.541745 0.044758 -0.066267 -0.407360 0.218911 -0.703464 -0.106768 -0.622068 0.580998 0.362592 -0.615914
VERTEX_POSE A1240 -0.749173 0.769165 0.936815 0.260896 0.526446 0.372147 0.349623 0.225957 0.600150 -0.450866 0.518352 -0.622675 0.176512 0.729250 -0.054754 0.177741 -0.367201 0.332574 0.782135 0.116672
VERTEX_POSE A1241 -0.339069 -0.774633 0.315962 -0.286440 0.268099 -0.623624 -0.583067 0.492516 0.237799 -0.156581 0.369407 0.343125 -0.700827 -0.476417 0.310179 0.254254 0.485521 0.583608 -0.282334 0.397823
VERTEX_POSE A1242 -0.247877 -0.704733 0.326188 -0.459174 -0.409476 -0.222265 -0.254820 0.477964 0.363491 0.500399 0.534045 0.029384 -0.710010 -0.100480 0.470253 0.173882 -0.632804 0.772316 -0.387709 0.275334
VERTEX_POSE A1243 0.863949 0.607217 0.602602 -0.607146 -0.291571 0.752106 0.475669 -0.436397 0.038399 0.104335 -0.056015 0.021200 0.381515 0.589374 -0.227194 -0.320499 -0.612527 -0.617087 0.717342 -0.289603
VERTEX_POSE A1244 0.260651 0.248896 0.488364 0.627743 0.921827 -0.742076 -0.301479 0.582576 -0.006385 -0.762479 -0.269245 -0.540169 0.498027 -0.292107 -0.380281 -0.172929 -0.708439 0.113514 -0.223160 0.029984
VERTEX_POSE A1245 0.670932 0.587546 0.193126 0.442181 -0.624544 -0.266365 0.399035 -0.266658 -0.171836 -0.860506 0.000689 -0.630651 0.065981 -0.576916 -0.655219 0.117686 0.745693 -0.269239 -0.286527 -0.200008
VERTEX_POSE A1246 0.203918 -0.042524 -0.891075 -0.056833 0.131715 0.634694 0.119513 -0.509818 -0.353309 -0.035879 -0.336418 -0.532590 0.342835 0.214729 -0.269752 0.575296 -0.615281 0.340468 0.732071 0.449699
VERTEX_POSE A1247 0.794643 -0.833991 -0.281883 0.251974 -0.573416 -0.450583 -0.366320 0.401630 -0.182405 -0.499215 0.465230 0.470301 0.307756 0.387362 -0.727732 0.464371 -0.216823 0.113696 -0.553389 -0.652068
VERTEX_POSE A1248 -0.091967 -0.587213 -0.278321 -0.815889 0.938671 -0.349241 -0.245260 0.349929 0.225086 0.630098 -0.534063 0.475170 0.314417 0.678250 -0.774425 0.459911 0.083485 -0.042968 0.482129 0.354026
VERTEX_POSE A1249 0.787037 -0.221715 -0.829182 0.009945 0.006285 0.677799 0.467347 0.268702 0.515273 0.092364 -0.076450 0.403422 -0.189984 -0.568617 -0.232188 0.599231 -0.705016 -0.241707 0.614722 0.318719
VERTEX_POSE A1250 -0.191969 0.495893 -0.874927 0.878568 -0.684319 -0.767703 -0.188007 -0.079571 -0.542048 0.362203 0.562524 -0.312596 0.224044 -0.804241 -0.119861 -0.795508 -0.034909 -0.068797 -0.387856 0.170921
VERTEX_POSE A1251 0.520006 0.193133 -0.290213 0.760851 -0.641702 -0.854744 0.478260 0.060442 -0.294703 -0.252684 -0.433787 -0.252008 -0.252875 -0.281684 0.324856 0.681508 -0.650802 -0.116292 -0.423107 -0.552527
VERTEX_POSE A1252 -0.485811 -0.886007 0.743653 0.592836 -0.863236 0.673315 -0.694758 0.179456 -0.384377 -0.445097 -0.454683 0.043745 0.154515 -0.389604 -0.228991 0.102050 0.759970 -0.586985 -0.533770 0.178081
VERTEX_POSE A1253 -0.143729 -0.012205 -0.521753 0.575659 -0.617512 -0.316551 -0.663962 0.195015 0.503590 0.460926 0.253424 0.363308 -0.191598 0.711909 -0.435770 0.474422 -0.067571 0.569478 -0.291402 -0.621583
VERTEX_POSE A1254 0.379382 -0.456685 -0.655268 -0.980639 0.024008 0.151289 -0.343401 0.601014 -0.490726 -0.602592 -0.015619 0.535360 -0.114263 0.534322 -0.518838 -0.205639 0.345587 -0.424848 0.680893 0.483330
VERTEX_POSE A1255 -0.734051 0.990221 -0.384027 -0.172098 -0.960872 -0.033505 -0.343752 0.563527 0.367588 0.418787 0.323274 -0.691493 -0.363890 0.265347 -0.486728 0.308791 -0.539873 0.385604 -0.691870 -0.464821
VERTEX_POSE A1256 0.806798 0.764042 0.787252 -0.448367 -0.448321 0.118407 -0.392361 0.435673 -0.434001 -0.762590 -0.194612 -0.435819 0.249237 -0.666823 0.703923 -0.036517 -0.422216 -0.334927 0.448393 0.386517
VERTEX_POSE A1257 0.139108 -0.101463 0.896733 0.484949 0.478275 0.376246 0.398659 0.408734 0.539451 0.618841 -0.336388 0.510625 -0.300054 0.521070 0.551191 -0.604654 -0.378731 0.053682 0.049677 -0.552112
VERTEX_POSE A1258 -0.141207 -0.224806 0.064087 0.449243 0.191005 -0.160542 0.455851 -0.271902 0.417388 -0.605228 -0.600507 0.588928 0.073668 0.605869 -0.664922 -0.337142 0.159563 0.105145 0.553901 -0.415841
VERTEX_POSE A1259 0.967590 0.158752 0.365794 -0.086544 0.584789 -0.565941 0.367874 -0.557957 -0.671903 -0.515959 0.332075 0.244984 -0.764174 -0.496363 0.392831 0.108203 0.232119 -0.117996 -0.052766 0.527404
VERTEX_POSE A1260 0.954895 0.977434 0.738484 0.358647 -0.837561 0.567805 -0.445055 -0.456074 0.378069 0.164322 -0.276744 0.609392 0.390188 0.648307 -0.151622 -0.679570 0.527577 -0.374584 0.401076 -0.129500
VERTEX_POSE A1261 -0.925940 -0.350597 -0.569193 0.474705 -0.141552 -0.572448 -0.341893 -0.677700 -0.420253 0.518841 -0.146358 0.567616 0.485508 -0.636335 -0.203172 0.377205 0.333464 0.363627 -0.485707 -0.056407
VERTEX_POSE A1262 -0.998621 -0.731068 0.379776 0.993285 -0.295995 0.643799 -0.515436 -0.067489 0.163884 0.387527 0.657388 -0.499448 -0.729123 0.441970 -0.219495 -0.070800 -0.604811 0.510919 -0.217982 0.046392
VERTEX_POSE A1263 0.640652 0.874670 0.424310 0.895491 -0.173513 0.345452 0.200024 -0.358470 -0.510745 0.277055 -0.680144 -0.259493 0.843928 0.444017 -0.140967 0.054861 -0.400915 -0.729791 -0.409887 0.225876
VERTEX_POSE A1264 -0.368124 0.531867 0.189799 0.452943 0.050945 0.104377 -0.742885 -0.291437 0.901346 0.124136 -0.245661 -0.152206 0.455627 -0.801226 0.377284 0.211719 0.405741 0.105694 -0.424606 -0.219376
VERTEX_POSE A1265 -0.805217 0.668880 0.613433 -0.853746 0.929047 -0.077345 0.264846 0.716962 0.159797 -0.208794 -0.564158 -0.714379 0.543453 -0.262068 0.083585 0.482943 -0.313827 -0.671684 -0.598070 0.022899
VERTEX_POSE A1266 0.257036 -0.929210 0.183807 -0.653842 -0.876668 -0.110060 -0.559404 -0.715038 -0.377573 0.578951 0.008314 0.513811 -0.374098 0.516376 0.634531 0.355703 -0.289613 -0.422722 -0.292247 0.371661
VERTEX_POSE A1267 0.024272 0.998902 -0.499110 -0.196253 -0.237387 0.156209 0.472997 0.446427 -0.363059 0.383174 0.643555 -0.560998 -0.399012 0.170018 0.558841 0.248605 -0.033462 -0.465580 0.639090 -0.597089
VERTEX_POSE A1268 0.305915 0.872886 0.601332 -0.325676 0.563949 0.257398 -0.093652 0.239968 0.668277 0.053464 -0.634819 0.522631 0.571121 0.268807 0.443324 -0.774217 0.320755 -0.132186 -0.250560 -0.603555
VERTEX_POSE A1269 -0.799711 -0.763675 -0.320071 0.410762 -0.598748 0.592518 0.055794 0.017708 -0.592382 0.116060 -0.146602 0.115309 0.119166 0.910148 0.451326 0.559500 -0.362333 -0.284631 0.810047 0.136157
VERTEX_POSE A1270 0.251304 0.997653 -0.573296 -0.093250 0.527577 0.706831 0.304878 0.346001 0.274860 -0.343971 0.601209 0.644550 -0.163392 -0.673723 -0.092343 -0.107238 -0.251448 -0.029483 0.866335 -0.041249
VERTEX_POSE A1271 0.556742 0.642052 0.538146 0.935220 0.090395 -0.150955 0.536463 0.700218 -0.768158 -0.316757 0.310383 0.611469 -0.192035 0.483122 -0.105572 0.617023 -0.399997 0.045889 0.440769 0.141251
VERTEX_POSE A1272 -0.138780 -0.538307 0.995892 -0.875678 0.669351 0.056645 0.048332 -0.587740 0.348160 0.839363 0.052344 0.550617 -0.338967 -0.570844 -0.494690 -0.206873 -0.005215 0.572433 -0.368021 0.570904
VERTEX_POSE A1273 -0.996573 -0.707079 0.752892 0.447576 -0.881899 0.740210 -0.294120 0.049929 0.220250 -0.310068 -0.559465 0.191718 0.608340 0.438121 0.297411 0.666545 -0.609532 -0.527608 0.054710 -0.347890
VERTEX_POSE A1274 0.420691 0.249269 0.140749 -0.671925 0.798824 -0.354330 0.191070 0.648967 0.486559 -0.301934 0.432639 -0.260960 -0.401552 0.540827 0.694250 0.459633 0.286777 0.296018 -0.706980 -0.130115
VERTEX_POSE A1275 -0.878129 0.710589 0.484256 0.752065 0.591178 0.542472 -0.617215 -0.301262 -0.237772 0.401691 -0.730678 -0.176882 0.090620 0.598830 -0.011742 -0.364860 0.042428 -0.785980 -0.562454 -0.122282
VERTEX_POSE A1276 0.674359 0.880467 -0.053982 -0.110242 -0.506443 0.015553 -0.425499 0.241317 -0.221548 -0.356238 0.718017 0.464507 0.096209 0.534671 0.395376 -0.786054 -0.368202 0.760648 0.254771 0.069075
VERTEX_POSE A1277 -0.375391 -0.793256 0.249674 0.271241 -0.069461 0.725327 -0.595414 -0.095289 0.411098 0.332901 0.171517 0.212217 -0.100919 0.795625 -0.253250 -0.632130 -0.238333 0.442412 0.353392 -0.521229
VERTEX_POSE A1278 0.916514 0.876598 -0.797627 0.004039 -0.982238 0.144459 0.182146 -0.615863 0.195128 -0.229927 -0.654394 -0.352624 -0.033879 0.269250 0.639924 0.679785 0.220733 0.638130 -0.671343 0.266950
VERTEX_POSE A1279 -0.417608 -0.706746 0.667697 0.073868 -0.567771 -0.378928 0.608771 0.155019 0.541255 0.021827 0.329330 -0.420404 -0.591983 -0.407294 0.414715 0.359403 -0.829681 0.463388 -0.386403 0.115114
VERTEX_POSE A1280 -0.588355 -0.014971 0.420491 -0.718814 0.936823 -0.467087 0.399669 0.528571 -0.075794 -0.113246 0.737914 0.443307 0.671124 0.083598 -0.376014 -0.438713 0.016571 -0.661950 0.429608 -0.410891
VERTEX_POSE A1281 -0.275456 0.372491 -0.672554 -0.117393 -0.666557 0.139106 -0.551060 0.465251 -0.649544 0.272755 -0.323545 -0.634943 0.086805 0.652474 0.077595 0.123447 -0.281571 -0.386742 -0.774056 -0.416960
VERTEX_POSE A1282 -0.897603 0.486386 -0.622516 -0.165281 -0.209473 0.296295 0.555966 -0.391903 0.403484 0.274990 -0.485662 -0.578557 0.170246 -0.457467 0.343811 0.457284 0.571292 -0.544495 0.614158 0.273669
VERTEX_POSE A1283 -0.074166 0.099022 0.164144 0.874022 -0.926413 0.216035 0.301848 -0.169169 -0.337306 -0.407432 -0.067459 -0.572940 -0.001268 -0.763779 -0.327900 -0.592619 0.431212 0.635433 -0.625850 -0.444442
VERTEX_POSE A1284 0.580815 -0.639714 -0.194307 -0.541734 -0.284068 -0.013750 0.221799 -0.725079 -0.553155 -0.722278 -0.052907 -0.579745 0.386759 0.518487 -0.212095 0.516700 -0.053876 -0.559234 0.112067 -0.446911
VERTEX_POSE A1285 0.481779 -0.970299 -0.277784 -0.145920 0.814535 -0.356610 0.373075 -0.638551 0.581273 -0.125673 0.119992 0.406662 -0.301157 -0.759641 0.556815 0.222150 0.008786 -0.243995 -0.839628 -0.026898
VERTEX_POSE A1286 0.191783 0.089243 0.780117 -0.298075 -0.887285 0.163934 -0.266450 -0.204130 -0.673168 0.240252 0.544883 -0.225145 -0.739810 -0.163847 -0.424318 -0.479746 0.138030 0.537805 -0.306281 0.784561
VERTEX_POSE A1287 0.387613 -0.875672 -0.407055 0.009899 0.267610 -0.204212 -0.826697 0.489942 -0.728931 0.295232 -0.000148 0.022444 0.447992 0.717310 0.652607 0.049805 0.111007 0.023614 0.161969 0.482805
VERTEX_POSE A1288 -0.379113 -0.071762 -0.381051 -0.660971 0.292811 -0.440996 0.532436 -0.279316 0.452661 -0.077470 -0.669666 -0.166802 -0.695894 -0.421040 -0.585849 -0.429562 0.219913 0.479143 -0.204251 0.497889
VERTEX_POSE A1289 -0.949424 0.864437 -0.155795 -0.848833 0.303720 -0.555600 -0.446602 -0.189781 0.390656 -0.647592 0.631048 -0.468537 -0.335677 -0.107804 -0.064473 -0.408701 -0.133192 0.561260 -0.318521 -0.732393
VERTEX_POSE A1290 0.355204 0.283080 0.958739 0.923355 -0.147601 0.532378 -0.432054 0.568509 0.612660 -0.291135 -0.375513 -0.255574 -0.579965 -0.594218 0.040112 -0.344329 -0.041305 -0.523731 -0.523114 0.425426
VERTEX_POSE A1291 -0.424218 -0.094328 -0.642566 0.697676 0.455250 0.433601 0.641923 -0.437353 0.451378 -0.324767 -0.611409 0.430559 0.030304 0.435015 -0.570600 0.510618 -0.255645 0.311901 0.469907 0.424628
VERTEX_POSE A1292 -0.875364 -0.486159 0.275012 0.625872 -0.837831 0.017476 0.242768 0.679960 -0.587874 -0.714073 0.300202 0.410242 0.062678 0.545027 0.060253 -0.159688 0.369835 -0.694385 0.633825 0.117052
VERTEX_POSE A1293 0.356583 0.552012 0.338515 0.916640 0.556404 0.338424 -0.651835 0.221930 -0.275777 -0.055131 0.506152 0.514541 0.422565 -0.443113 -0.425236 0.521928 0.249031 0.603190 0.347997 0.660448
VERTEX_POSE A1294 -0.783566 -0.219658 0.781744 0.593167 -0.718263 -0.597571 0.391595 -0.164883 0.080566 -0.126188 0.915203 -0.552794 0.358411 0.362509 0.411068 0.782551 0.061244 0.402318 0.299810 0.007343
VERTEX_POSE A1295 -0.243488 -0.954292 -0.535189 0.078815 0.213114 -0.355366 0.415024 -0.353148 -0.292858 0.209637 -0.160260 0.018704 0.504119 0.849083 -0.513028 0.434916 -0.113319 -0.724156 -0.583541 0.340324
VERTEX_POSE A1296 0.551366 0.220892 -0.048052 -0.937106 0.485451 -0.513449 -0.023494 -0.237955 0.732011 0.285516 -0.255014 0.036075 -0.525146 -0.818791 0.445195 -0.404125 0.181053 0.032088 -0.691978 0.418506
VERTEX_POSE A1297 0.473469 -0.148869 -0.034449 0.939325 -0.594931 0.187876 0.861870 -0.465708 0.144307 0.235950 0.523754 -0.730401 0.386471 0.443101 -0.588983 -0.196387 -0.558348 -0.251976 0.116536 -0.026581
VERTEX_POSE A1298 0.780784 -0.955390 -0.034299 0.882562 0.975727 -0.072424 0.840796 -0.155703 -0.685330 -0.181388 -0.622268 0.336165 -0.371895 -0.511336 0.264187 -0.266393 0.189035 -0.585044 -0.225588 0.539760
VERTEX_POSE A1299 -0.142720 0.093778 -0.446720 -0.262782 0.049400 -0.080219 -0.782918 -0.052887 -0.372178 0.096375 -0.130128 -0.806700 -0.273596 0.114636 -0.298790 0.401089 0.676706 0.339129 -0.376861 0.713581
VERTEX_POSE A1300 0.673758 0.087457 0.645481 0.350087 -0.193679 0.327627 0.454931 0.234736 -0.619295 -0.382606 0.559148 -0.299250 0.733307 0.140438 0.163892 -0.265206 -0.475864 -0.626676 0.196412 -0.621356
VERTEX_POSE A1301 0.032088 -0.957737 0.392405 -0.210687 0.503304 0.246858 0.046777 0.282282 -0.213635 -0.808105 -0.470415 -0.021732 0.415229 -0.394170 -0.699196 -0.112741 0.619360 0.635668 -0.399565 0.400063
VERTEX_POSE A1302 -0.585977 -0.264171 -0.908574 -0.327562 -0.860206 0.479173 0.535315 -0.452013 -0.183502 -0.701532 -0.373562 0.013523 0.056922 0.792218 -0.778399 0.355102 -0.167895 0.361431 -0.303239 0.018374
VERTEX_POSE A1303 -0.465022 0.549150 0.641372 0.474409 -0.524328 0.121936 -0.009509 0.167964 -0.463515 -0.392668 0.512979 -0.761505 -0.266488 -0.341673 0.334325 -0.695388 -0.565655 -0.280396 0.539575 -0.521474
VERTEX_POSE A1304 0.035515 -0.664817 0.145297 -0.763111 0.621404 -0.549849 0.031059 -0.319695 -0.322819 0.706970 -0.023185 -0.267850 0.215775 -0.539051 0.272352 0.645318 0.415386 -0.668980 -0.190354 0.658890
VERTEX_POSE A1305 0.834714 0.985098 0.232175 0.000513 0.938618 0.346281 0.335717 -0.710542 -0.576031 -0.505462 -0.080423 0.634729 -0.527329 0.287355 -0.271261 0.531565 0.414387 0.267984 0.266767 0.484120
VERTEX_POSE A1306 -0.343151 0.259739 0.125628 0.226474 -0.933150 0.253041 -0.730960 -0.188916 -0.224834 0.382909 -0.459452 0.926318 0.355761 -0.121941 0.026399 -0.312802 -0.720382 0.163273 -0.307681 0.468396
VERTEX_POSE A1307 -0.290126 -0.784350 -0.908685 0.126647 -0.885038 -0.217319 0.804113 -0.087335 0.436533 0.320269 0.630916 -0.750723 0.032643 0.578965 -0.218312 0.354557 -0.502970 -0.388544 -0.352213 -0.078351
VERTEX_POSE A1308 -0.540678 -0.808158 -0.518151 -0.728246 -0.130843 0.185684 -0.938785 -0.176644 0.037201 0.156253 0.062008 -0.960113 -0.188428 0.158144 -0.087436 -0.186891 -0.020990 0.186215 -0.154387 0.969279
VERTEX_POSE A1309 -0.426638 0.136337 0.328001 -0.769487 -0.915388 0.616526 0.514689 0.084535 0.231085 0.573939 -0.323430 -0.286609 0.416744 0.412720 -0.614538 0.381534 -0.564936 0.326639 -0.294017 -0.631472
VERTEX_POSE A1310 0.292266 -0.491096 0.759012 -0.799485 -0.452810 0.004032 0.201054 -0.973202 -0.516437 0.471124 0.138594 0.420392 0.839733 0.145174 0.592193 -0.179982 -0.051828 0.453713 -0.008678 0.099537
VERTEX_POSE A1311 -0.129032 0.176871 0.902340 -0.447059 -0.194020 -0.420480 -0.796380 0.102226 0.418617 -0.554518 0.092710 -0.068243 -0.170249 -0.232195 -0.525048 0.164954 0.737298 0.606320 -0.045753 0.619220
VERTEX_POSE A1312 0.297907 -0.491172 0.655447 0.113120 -0.581945 0.530097 0.289423 0.267291 -0.531089 0.292218 0.232956 0.150869 0.564552 0.587439 -0.631537 0.262620 0.026208 0.123859 0.665699 -0.726991
VERTEX_POSE A1313 0.394663 0.995290 -0.863504 0.035235 0.337717 -0.851607 0.148242 -0.480584 -0.191594 0.625566 0.479324 -0.105308 -0.616074 -0.135808 -0.018826 -0.264733 0.217047 -0.476038 -0.370217 0.688283
VERTEX_POSE A1314 0.796802 -0.724107 0.066484 -0.573037 -0.120433 0.816661 -0.023374 0.056332 -0.258486 -0.586395 0.626738 0.482452 -0.027907 0.473719 0.126587 -0.797586 -0.398505 -0.132160 0.136647 0.469905
VERTEX_POSE A1315 -0.121278 -0.130886 -0.538860 0.571386 0.133987 -0.328446 -0.727698 -0.345205 -0.533322 -0.238593 0.779561 0.754271 -0.473060 0.420685 0.169145 -0.262798 -0.219049 -0.100781 -0.347393 -0.219452
VERTEX_POSE A1316 -0.123557 -0.975009 -0.141288 0.889314 0.152253 -0.717408 0.204605 -0.195407 0.120579 0.401449 0.815355 0.409472 -0.162395 0.110204 -0.461554 -0.700908 0.507963 -0.300145 0.528518 0.163835
VERTEX_POSE A1317 -0.011415 0.365136 -0.153399 0.128888 -0.007717 0.118215 0.735191 -0.506754 0.107514 -0.475431 -0.162189 0.759988 -0.335275 -0.345211 -0.282464 -0.168364 0.253470 -0.563114 -0.304473 -0.730395
VERTEX_POSE A1318 -0.733665 -0.006558 0.054086 -0.418714 -0.598403 -0.845423 -0.093516 -0.104686 -0.189578 0.481379 0.703260 0.416715 -0.044833 0.415957 0.227758 0.576945 -0.566948 0.154259 -0.651654 0.003957
VERTEX_POSE A1319 0.497330 -0.046772 0.477661 -0.771657 -0.554937 0.016426 -0.031706 -0.568394 0.640409 -0.259564 0.122387 0.715361 -0.117834 -0.198566 0.263840 0.743468 0.489716 0.090848 0.604145 -0.618627
VERTEX_POSE A1320 0.039161 0.229574 0.690806 0.280056 -0.703997 0.294057 -0.672848 -0.131464 -0.590483 -0.061429 0.277220 0.362739 -0.253992 -0.415475 -0.378511 0.248636 -0.854531 0.538526 0.645887 0.054985
VERTEX_POSE A1321 0.621539 -0.723478 0.012824 -0.495359 0.253996 -0.651294 -0.427430 0.335953 0.610948 -0.296621 0.608288 -0.040277 0.306338 0.655297 0.087602 0.722471 0.033418 -0.439616 0.336916 0.294262
VERTEX_POSE A1322 -0.926888 0.858900 0.835094 0.926019 0.900313 0.318834 -0.527384 -0.148415 -0.098827 -0.054161 -0.267198 0.528801 0.223902 0.763262 0.022390 0.817117 -0.302910 -0.780030 -0.033461 0.481928
VERTEX_POSE A1323 0.163797 0.743414 -0.034182 -0.094072 -0.541828 -0.208460 0.020419 0.529707 -0.330865 -0.779674 -0.462004 0.384322 0.295071 -0.622457 0.640230 -0.120838 0.018486 -0.538029 0.538538 -0.343756
VERTEX_POSE A1324 -0.021878 0.828534 -0.648661 -0.578719 -0.189600 0.082064 -0.369497 -0.488771 -0.407874 0.293190 -0.681470 -0.638973 0.118854 -0.107481 0.067573 0.833035 0.195564 -0.643468 -0.263510 0.496895
VERTEX_POSE A1325 -0.710455 -0.360758 0.616838 0.519186 -0.817950 -0.339965 -0.380019 -0.156248 0.718295 0.364950 -0.463875 0.382983 -0.457182 0.286622 -0.459744 0.328924 -0.513500 -0.102147 0.636546 0.643873
VERTEX_POSE A1326 0.920308 0.789122 0.430629 0.984743 0.671285 -0.059383 -0.121287 -0.527051 0.710335 -0.158196 0.471739 0.008842 -0.524103 -0.448796 0.443261 0.729020 -0.463501 -0.543452 0.392568 0.288839
VERTEX_POSE A1327 -0.470513 0.049426 0.303288 -0.515825 -0.704149 0.576296 -0.156689 0.611623 0.696155 0.205083 -0.509888 -0.300878 0.691545 0.313995 -0.295955 -0.600296 -0.213624 0.071649 -0.307897 0.470855
VERTEX_POSE A1328 0.763015 0.490373 -0.417611 0.458511 -0.412881 -0.451300 -0.397045 0.038729 -0.304575 -0.603974 0.539681 -0.170265 0.389670 0.478072 -0.806740 0.437821 -0.199796 0.154086 0.366116 0.662400
VERTEX_POSE A1329 0.701092 0.833731 -0.603671 0.867305 0.647012 0.009677 0.120966 -0.651105 -0.474673 -0.788982 -0.273631 -0.471238 0.537115 -0.038544 -0.601958 0.260982 -0.244916 -0.436089 -0.079182 0.663113
VERTEX_POSE A1330 0.386767 -0.856796 0.856568 0.221393 0.345250 0.200496 -0.424913 -0.684275 0.544279 -0.501590 0.460319 0.353840 0.094182 0.425309 0.662112 0.139947 -0.366896 -0.316176 -0.734440 0.066141
VERTEX_POSE A1331 0.436773 -0.422170 -0.772130 -0.191402 0.393441 -0.505523 -0.106325 -0.109324 0.115407 0.767273 -0.603746 -0.539782 0.472003 0.309000 -0.523875 -0.370212 -0.628709 0.406593 -0.200358 -0.364396
VERTEX_POSE A1332 -0.266820 0.875994 0.788734 -0.343382 0.150316 0.701173 -0.268485 0.313835 -0.602010 -0.400251 0.194848 -0.174679 0.720855 0.638005 0.297620 0.405359 -0.303212 0.163859 -0.289427 0.603784
VERTEX_POSE A1333 0.800790 -0.120967 0.947994 0.893831 0.485045 -0.160630 0.570397 0.573648 -0.073180 0.077652 0.601456 0.717591 -0.448022 0.346858 0.573559 0.379442 0.067960 -0.353464 -0.569137 0.429244
VERTEX_POSE A1334 0.971750 -0.873021 0.869242 -0.716993 0.869113 -0.105139 -0.605676 -0.348718 0.332270 0.441310 -0.153152 -0.930798 0.160424 -0.047832 0.090129 -0.640311 0.283221 0.063517 -0.051658 -0.878885
VERTEX_POSE A1335 0.768695 -0.788823 -0.065969 -0.106493 -0.228280 0.126536 -0.308155 0.028858 0.732439 0.274972 -0.465346 -0.159616 -0.373511 0.291012 -0.318390 -0.492396 -0.804518 0.566279 -0.668929 0.225129
VERTEX_POSE A1336 0.635504 -0.135869 0.180169 -0.105656 0.423663 0.644044 0.600354 -0.461567 -0.379034 0.162783 -0.150848 -0.105802 0.544025 0.446439 -0.113558 0.453239 0.525742 0.646104 -0.334198 0.537111
VERTEX_POSE A1337 -0.371401 0.386718 -0.005130 0.509481 0.935962 0.764770 0.110801 -0.433370 -0.619558 0.223209 -0.443058 -0.023897 -0.708418 0.399039 -0.167742 -0.381160 -0.524784 -0.050650 0.539223 0.425745
VERTEX_POSE A1338 -0.521431 -0.573172 0.025346 -0.979846 -0.113318 0.569695 0.626801 -0.276094 -0.202171 0.318364 -0.505503 0.427315 0.290209 0.359255 0.628783 -0.511395 0.117721 -0.237924 0.400024 0.724787
VERTEX_POSE A1339 -0.905174 0.055973 0.662017 0.166098 -0.707181 -0.255898 0.011150 0.590265 -0.613372 0.725181 -0.059101 0.544382 0.665078 -0.093619 -0.510846 -0.163243 -0.278662 -0.031234 -0.070787 -0.749452
VERTEX_POSE A1340 0.201961 -0.476945 -0.677129 0.739994 -0.979426 0.190720 0.808596 -0.054954 0.305626 0.333742 0.034429 -0.801390 0.097069 0.344703 -0.019193 -0.277544 -0.759118 -0.477100 0.385144 -0.548375
VERTEX_POSE A1341 0.770835 -0.064268 -0.215643 -0.779331 0.433872 0.119941 -0.507544 0.594125 0.099890 -0.765244 -0.310811 0.545292 0.348278 0.400259 0.525237 0.095815 -0.616161 -0.634365 0.162246 -0.102717
VERTEX_POSE A1342 -0.034206 -0.767155 0.564357 0.719039 0.098799 0.594777 -0.373440 -0.698122 0.331780 -0.344995 0.349316 0.176065 0.497537 -0.024972 0.640893 0.052448 0.582206 -0.307278 -0.700876 0.225868
VERTEX_POSE A1343 -0.500132 0.031882 0.978319 -0.146886 -0.561371 0.350119 -0.447790 0.562334 0.330992 0.261306 -0.299853 -0.323870 0.756925 0.344974 -0.782445 -0.347243 0.173965 -0.225277 -0.194141 -0.666781
VERTEX_POSE A1344 0.165498 -0.068979 -0.079147 0.255904 -0.228410 0.067653 0.353941 0.467070 0.483061 0.014162 -0.734252 -0.435399 0.738672 -0.415252 0.456836 0.571354 0.262508 -0.603161 -0.049433 -0.037083
VERTEX_POSE A1345 -0.237405 -0.491262 -0.369159 -0.853998 0.978366 0.746447 -0.369465 -0.376528 -0.189859 -0.559592 0.563508 0.171587 -0.454619 0.391963 -0.467750 -0.582844 -0.616833 -0.398169 0.062978 -0.081036
VERTEX_POSE A1346 0.378590 0.900996 -0.560541 -0.575499 0.572616 -0.187001 -0.125236 -0.675112 0.201537 -0.272173 -0.036671 -0.815342 0.471994 -0.001579 -0.172581 -0.409930 -0.576935 -0.479424 -0.720706 0.458282
VERTEX_POSE A1347 -0.958059 -0.043988 0.779565 0.145218 0.923842 0.004397 -0.447253 0.424003 -0.569425 0.395057 0.691225 0.543905 0.482242 0.318925 -0.500636 0.419229 -0.485717 0.359537 0.485371 -0.069244
VERTEX_POSE A1348 0.751180 0.873874 0.477442 0.274890 -0.029351 -0.128980 -0.486676 0.016401 -0.330750 0.750990 0.413090 0.651267 0.412066 -0.391684 -0.336404 -0.040988 0.203071 0.580217 -0.166377 0.796513
VERTEX_POSE A1349 0.644925 -0.105562 0.493545 0.005786 0.974214 0.364896 0.378285 0.468374 -0.442217 -0.713341 0.244288 0.251424 -0.075266 -0.804868 -0.728238 0.456643 -0.239575 -0.278839 0.365865 0.125464
VERTEX_POSE A1350 0.539270 0.909241 0.257225 0.373562 -0.631095 0.432039 -0.447257 0.633260 0.429093 0.275858 -0.512942 0.664908 0.063031 0.079397 -0.432549 -0.067434 0.251057 -0.004475 -0.845780 -0.516274
VERTEX_POSE A1351 -0.209659 0.103448 0.168248 -0.445054 0.266652 0.682087 0.107294 -0.514427 -0.677810 -0.166114 -0.381904 0.113174 -0.034282 -0.276273 0.013026 -0.693148 -0.493280 0.249706 -0.692290 0.519482
VERTEX_POSE A1352 0.266464 0.170959 -0.493631 0.510427 0.228210 0.632481 0.343364 -0.691556 0.101913 -0.488926 -0.128942 -0.191780 -0.559286 -0.410527 0.443016 -0.573652 0.061740 0.597109 -0.034275 0.576870
VERTEX_POSE A1353 0.612382 0.768141 0.092320 0.299581 -0.730782 0.466420 -0.239431 0.248991 -0.630219 0.238651 0.600913 0.569363 0.052497 0.505617 -0.142315 -0.561580 0.514754 -0.202110 -0.753386 -0.237248
VERTEX_POSE A1354 0.954137 -0.153138 -0.865934 0.460873 0.724823 0.118763 0.562156 -0.006642 0.352591 0.192627 -0.571727 0.636136 0.387620 0.561819 -0.670059 0.503476 0.300064 0.089036 -0.493090 0.517113
VERTEX_POSE A1355 -0.755414 -0.000507 -0.142292 0.931709 -0.961390 -0.329157 0.244867 0.660750 0.078322 0.475075 -0.188543 -0.315244 -0.528496 -0.509164 -0.503530 -0.451784 0.375407 -0.729794 0.480548 -0.357327
VERTEX_POSE A1356 0.901927 -0.592617 -0.290842 -0.181233 -0.548732 0.298935 0.772849 -0.082427 0.008321 -0.075499 0.550337 0.840049 -0.311623 0.344287 -0.412347 0.160915 0.734370 0.186699 0.523452 0.180284
VERTEX_POSE A1357 0.874446 -0.364017 0.564694 0.445616 0.396109 0.131195 -0.455387 0.074284 0.628630 -0.142175 -0.325029 -0.502897 -0.755093 0.052173 -0.365042 0.413040 0.426741 -0.448832 0.177877 -0.839052
VERTEX_POSE A1358 -0.225927 -0.951081 -0.839004 -0.584116 -0.665540 -0.028523 0.437116 0.468280 0.800125 0.328343 0.254965 0.511263 -0.526361 -0.380933 0.081601 0.641658 -0.725608 0.301560 -0.111083 0.209973
VERTEX_POSE A1359 0.664942 0.897756 0.291547 -0.722723 0.038388 0.675053 0.015842 0.011340 0.103631 -0.810493 -0.088310 -0.604986 0.172712 0.281536 -0.298064 -0.557987 0.282606 -0.280562 -0.040882 -0.912658
VERTEX_POSE A1360 0.575538 -0.530285 0.961023 0.312922 0.043121 0.421174 -0.630006 0.139183 -0.620547 0.321640 0.177642 -0.378506 -0.340909 -0.313715 0.059590 0.067775 -0.922033 -0.539180 -0.615489 0.022597
VERTEX_POSE A1361 -0.839160 -0.807877 -0.982436 0.637277 0.679710 0.423134 -0.697229 -0.024791 -0.291205 0.301136 0.467382 0.416955 0.224354 0.697329 0.707213 0.521093 -0.350092 -0.249311 0.318301 -0.414858
VERTEX_POSE A1362 0.101714 -0.524414 0.519417 0.085875 -0.568172 0.568218 0.403637 -0.458145 -0.007355 -0.276075 0.443757 0.659809 -0.670113 0.129357 -0.452496 -0.254588 -0.072752 -0.192285 -0.496984 -0.755750
VERTEX_POSE A1363 -0.691281 -0.654291 0.749757 0.969540 -0.806563 -0.782403 -0.113249 0.169883 0.498322 0.073391 0.205782 -0.370784 0.365086 -0.190705 -0.035690 -0.725693 0.516657 0.027690 -0.567336 -0.790880
VERTEX_POSE A1364 0.961630 0.071155 0.965557 0.531108 0.164755 -0.235013 -0.694752 -0.640149 0.601405 -0.429411 0.077939 -0.711564 -0.319050 0.473124 0.264039 -0.435198 0.380109 -0.083905 0.204292 -0.464548
VERTEX_POSE A1365 0.073464 -0.397435 0.388659 0.368882 -0.699059 -0.347066 -0.233962 0.158196 -0.713523 0.340307 -0.602429 0.481029 0.057457 -0.494610 -0.331955 -0.700159 0.107552 -0.169847 0.579594 0.596529
VERTEX_POSE A1366 -0.922586 -0.443114 -0.316212 -0.136953 -0.034843 -0.237574 0.649628 0.121078 -0.382989 -0.545441 -0.504315 0.750882 -0.101756 0.158719 0.478176 0.115971 -0.664353 0.066343 -0.506630 0.514247
VERTEX_POSE A1367 0.597134 0.935286 0.145726 -0.574548 -0.411582 -0.079877 0.194789 0.588064 -0.129502 -0.824988 0.511387 0.132055 0.121889 0.079769 0.648701 0.305441 0.528432 0.733892 -0.416294 -0.327201
VERTEX_POSE A1368 0.702063 0.989283 -0.616470 -0.121637 -0.763097 0.584939 0.471260 0.408118 0.310650 0.420488 -0.167770 -0.572725 0.087135 0.276657 0.043733 -0.287682 0.842903 -0.481059 0.714668 0.135162
VERTEX_POSE A1369 -0.444017 -0.016286 0.709134 -0.116799 0.851839 0.284205 0.765337 -0.257111 -0.484745 -0.281396 -0.081937 -0.410725 0.306676 -0.591968 0.045018 0.353833 0.681296 0.716609 -0.340335 -0.335543
VERTEX_POSE A1370 0.691960 -0.008740 -0.192257 0.591550 -0.118763 -0.482134 0.207597 -0.173215 0.339560 -0.340467 -0.844223 0.562269 0.461786 -0.099865 -0.144054 0.782767 -0.321710 -0.561559 -0.122536 -0.379228
VERTEX_POSE A1371 -0.095976 -0.487663 -0.293599 -0.381643 -0.742523 0.356850 -0.177662 0.009594 -0.417608 0.505429 0.646535 -0.675435 -0.317898 -0.465148 0.385258 0.575712 -0.446941 -0.305982 0.529598 -0.407164
VERTEX_POSE A1372 -0.673182 0.919446 -0.506509 0.103870 0.285711 0.691353 0.075832 -0.689499 -0.303029 -0.406255 -0.541628 -0.543850 -0.263627 -0.370971 0.315665 -0.720170 0.235899 0.186515 -0.490981 0.194840
VERTEX_POSE A1373 -0.342247 0.224104 -0.627900 0.310589 0.980036 0.623238 -0.284197 0.632560 -0.449394 -0.578950 0.041067 0.489422 -0.190500 -0.769586 -0.105802 0.708607 0.073791 0.398611 0.213623 0.021775
VERTEX_POSE A1374 0.403892 0.544220 -0.315280 0.471471 -0.303893 0.036969 0.580657 0.592758 0.405997 -0.700342 0.565558 -0.585900 -0.207001 -0.043785 -0.640864 -0.305080 0.195705 0.282514 -0.190880 -0.537182
VERTEX_POSE A1375 0.492316 -0.149533 0.414344 -0.640226 -0.942699 -0.043474 -0.461097 -0.059690 -0.176971 -0.723959 0.155315 -0.548766 0.264891 -0.667792 0.144047 0.431914 0.509308 -0.803055 0.080964 0.516695
VERTEX_POSE A1376 0.420349 0.732842 0.002941 0.456591 0.958403 -0.718369 0.088739 0.081666 -0.406787 0.160277 0.517116 -0.449026 -0.007075 -0.027669 -0.087494 0.787055 -0.580810 0.330440 0.589009 0.622749
VERTEX_POSE A1377 -0.217518 0.445216 0.124179 0.895971 -0.731277 -0.028985 0.587466 0.708631 0.792075 0.253392 0.108219 0.371472 -0.614529 0.419791 0.481765 0.130326 -0.482627 -0.041068 0.442771 -0.277447
VERTEX_POSE A1378 0.534257 0.806479 0.193909 0.504993 0.981143 0.330070 0.128048 0.903939 0.264995 0.264054 -0.169255 -0.602845 -0.588685 0.205516 0.158309 -0.453798 0.221890 0.657532 -0.601163 -0.250550
VERTEX_POSE A1379 0.171529 0.606716 -0.519617 -0.268518 -0.070949 -0.280189 0.004953 0.309812 -0.613917 0.347333 0.285617 0.409314 0.085198 -0.447581 -0.441942 0.404994 -0.737209 0.426321 0.841461 0.280417
VERTEX_POSE A1380 -0.572593 -0.660347 -0.382276 -0.098242 -0.757064 0.313431 0.306220 -0.196550 0.371225 0.604450 -0.519118 0.572391 -0.168011 0.423283 -0.404427 -0.290642 -0.577111 0.522265 -0.654346 -0.423862
VERTEX_POSE A1381 0.073527 0.715720 -0.548866 -0.121445 -0.649951 -0.708594 -0.386324 0.497823 0.280127 -0.487263 0.432931 -0.499031 0.374152 -0.202248 -0.077704 0.642813 0.579835 -0.405405 -0.245215 -0.433162
VERTEX_POSE A1382 0.961870 -0.289836 0.648631 0.286427 -0.804297 0.233911 -0.461097 -0.555868 0.179119 0.048240 -0.488762 -0.593621 0.454681 -0.023681 -0.020430 0.565454 -0.621766 -0.748598 -0.508518 -0.254889
VERTEX_POSE A1383 0.693870 0.510613 0.124093 -0.587815 0.471146 -0.526703 -0.334011 -0.082620 0.511043 0.186573 -0.482450 -0.203563 0.538833 -0.619862 -0.574427 -0.106719 -0.383711 -0.300024 0.742898 0.478490
VERTEX_POSE A1384 -0.314091 0.483861 0.543454 -0.821864 -0.380733 -0.807701 -0.391718 -0.185607 0.087713 0.193454 -0.561816 -0.336202 0.614581 0.615193 -0.202565 -0.430373 0.331396 -0.431116 0.496187 -0.402030
VERTEX_POSE A1385 0.916007 0.557026 0.782696 -0.252700 0.920527 0.545379 0.265970 0.115955 -0.568974 0.485478 -0.371023 0.339499 0.329063 -0.757596 -0.376871 -0.546688 -0.330838 -0.348624 0.535183 0.406805
VERTEX_POSE A1386 0.938456 -0.489894 0.981801 -0.656106 0.509756 -0.365754 0.617342 0.628064 0.102931 -0.452506 0.720808 -0.520174 -0.483096 0.099916 -0.632886 0.215443 -0.251952 0.429538 0.366509 0.111841
VERTEX_POSE A1387 -0.412164 0.891243 -0.747388 -0.003098 0.070535 0.533775 -0.073386 0.455030 -0.506953 -0.636993 0.574596 -0.259075 0.289958 0.011247 -0.037905 -0.605870 -0.678955 0.624120 -0.371080 0.040998
VERTEX_POSE A1388 0.790453 -0.806990 0.347390 -0.807083 0.316635 0.301603 -0.462047 0.216511 0.648206 0.638762 -0.110878 -0.193135 0.455819 0.824930 0.150792 0.235753 -0.379728 0.654847 -0.339330 0.340773
VERTEX_POSE A1389 -0.287471 -0.440975 -0.857203 -0.240222 0.844216 0.211047 0.053735 -0.478216 -0.407816 0.759918 -0.408763 0.414250 -0.101136 -0.651359 -0.638100 -0.626615 -0.406635 -0.458662 0.129466 0.120835
VERTEX_POSE A1390 -0.747222 0.788999 0.544159 0.274179 -0.891077 -0.165373 -0.508649 0.637650 -0.427140 -0.191200 -0.674638 0.585261 -0.588209 -0.364414 -0.592612 -0.485210 -0.013460 0.310619 -0.351142 0.072714
VERTEX_POSE A1391 0.365992 -0.337276 0.308414 0.505838 -0.640244 0.278692 -0.409491 -0.387496 -0.558065 -0.697024 -0.264013 0.248662 -0.157201 -0.358811 -0.586335 0.538908 -0.545036 0.453070 0.177032 -0.595260
VERTEX_POSE A1392 -0.126631 -0.248852 -0.839639 -0.602945 0.523926 0.304065 0.728735 -0.313705 -0.265051 0.661981 0.409838 -0.525283 -0.010994 0.547682 -0.535878 -0.062734 -0.507576 -0.523647 0.163309 -0.419565
VERTEX_POSE A1393 0.354492 -0.735415 0.063576 -0.639946 -0.459249 0.587667 0.620192 -0.376302 -0.326935 0.306876 0.142087 0.365657 -0.662857 0.048543 -0.643466 0.035045 -0.384688 -0.002785 -0.283869 -0.829377
VERTEX_POSE A1394 0.674710 0.008433 0.058171 0.475378 -0.446807 0.726809 0.478743 0.406003 0.217182 -0.384041 -0.439105 0.412231 -0.014925 -0.331797 -0.473409 0.688389 -0.131876 -0.174728 -0.386284 0.717543
VERTEX_POSE A1395 -0.165001 0.822303 -0.874081 0.928163 -0.311319 -0.090167 0.764677 -0.005382 0.724255 0.088740 -0.677861 -0.483669 -0.372283 -0.507577 0.402609 -0.507124 0.333894 0.267013 0.107819 0.413953
VERTEX_POSE A1396 -0.572044 -0.132850 -0.547764 0.728936 -0.158308 0.387727 -0.285482 -0.110192 -0.378689 0.698610 -0.506420 0.161500 -0.134738 -0.458227 -0.342309 -0.586399 -0.613955 -0.750336 -0.261583 0.380110
VERTEX_POSE A1397 0.752124 0.565319 0.741959 -0.661575 0.518350 -0.243496 -0.650353 0.438868 -0.195706 0.626048 0.015308 -0.550044 0.362772 0.561284 0.226443 0.151640 -0.269683 0.740664 0.174662 0.647605
VERTEX_POSE A1398 -0.567867 0.757589 0.271645 -0.646385 0.277099 -0.308128 0.428835 -0.341408 0.871862 0.190850 -0.446310 0.057922 -0.452530 0.038274 0.310509 -0.445655 0.420535 -0.212468 -0.613421 -0.711289
VERTEX_POSE A1399 -0.869980 -0.143568 -0.164234 -0.392701 0.078595 0.553067 -0.055542 0.206538 -0.295989 0.695162 -0.390832 -0.198085 -0.637521 -0.692246 -0.408539 -0.325478 0.513418 -0.632744 0.035994 0.248575
VERTEX_POSE A1400 -0.691892 -0.450967 0.451092 0.221626 0.370189 -0.686423 -0.326757 0.499553 0.622541 -0.537945 0.089645 -0.297746 -0.535671 -0.421256 -0.074119 -0.424190 -0.474855 0.217072 -0.370087 0.582638
VERTEX_POSE A1401 -0.875908 -0.251151 -0.920612 0.945165 -0.841664 0.465387 0.493402 -0.512801 0.664537 -0.254801 0.644050 0.227765 0.384893 0.139050 0.500222 -0.508448 -0.517004 -0.199266 -0.533825 -0.188700
VERTEX_POSE A1402 0.034044 0.368770 0.542167 0.225655 0.336073 -0.589425 0.522340 0.357652 0.040484 0.271885 0.630271 0.514559 0.422499 -0.165517 -0.600040 -0.299567 -0.288145 0.161616 -0.620479 0.603671
VERTEX_POSE A1403 -0.365074 -0.531521 0.944584 -0.674504 -0.344100 0.225634 -0.105386 0.556508 -0.303550 0.920625 0.177435 0.749260 0.194597 -0.203312 -0.303709 -0.277945 0.557182 -0.450907 -0.161933 -0.554101
VERTEX_POSE A1404 -0.218155 0.972953 -0.548512 0.255755 -0.861628 0.766550 -0.303232 0.291113 0.441526 0.232513 0.338797 -0.328765 -0.426670 0.294462 -0.326584 0.160303 0.844844 0.052072 0.803893 -0.000364
VERTEX_POSE A1405 -0.562063 -0.087011 -0.773113 -0.302874 -0.967821 0.360551 0.123971 0.264090 0.664407 0.265597 -0.631391 0.033588 0.873485 0.331662 -0.652959 0.385970 -0.456293 -0.032908 -0.046259 -0.461950
VERTEX_POSE A1406 -0.872758 0.318946 0.358928 -0.314730 -0.286799 -0.056415 -0.251575 -0.623138 0.633570 0.409217 0.378681 0.549880 -0.513971 -0.205059 0.238348 0.645368 -0.652731 -0.486034 0.297634 0.013870
VERTEX_POSE A1407 -0.797806 0.705795 0.454429 -0.287654 -0.903225 0.614853 0.509563 -0.486621 -0.443698 0.716464 0.424724 -0.478517 -0.305720 -0.487938 0.309281 -0.349833 0.489434 0.316946 -0.105721 0.324314
VERTEX_POSE A1408 0.220418 -0.641795 0.351066 -0.406902 -0.699098 0.588884 -0.269443 -0.572195 0.276256 0.620923 -0.361765 -0.534199 0.531377 -0.365150 0.528871 0.474094 0.346920 0.108737 0.186355 0.536685
VERTEX_POSE A1409 0.661499 0.125425 -0.447163 -0.809737 -0.305656 -0.603882 -0.436435 0.021696 0.733048 -0.254173 0.358125 -0.027769 0.589781 -0.349671 0.241632 -0.529891 -0.796580 0.197003 0.341019 -0.338329
VERTEX_POSE A1410 0.373723 0.312512 0.934812 0.443828 0.025826 0.195325 -0.471606 0.599266 0.743201 -0.275460 0.091922 -0.109572 -0.730083 -0.420579 0.551645 0.192243 -0.595432 -0.305259 -0.362947 -0.317811
VERTEX_POSE A1411 0.647825 -0.302142 0.968789 0.494856 -0.456162 0.097355 -0.371387 0.252576 0.339803 -0.461604 0.469462 0.608880 0.267820 -0.559842 -0.633917 -0.379587 -0.465110 -0.320111 0.658164 0.431346
VERTEX_POSE A1412 -0.264974 -0.158855 0.003971 0.068818 0.044393 0.128851 -0.321485 -0.239753 0.295799 -0.082266 0.005724 -0.136226 0.470288 -0.866686 -0.842231 0.228023 0.272161 0.409865 0.785312 0.342446
VERTEX_POSE A1413 0.335593 -0.977324 0.583442 -0.269745 0.221529 -0.304153 0.656397 0.184960 -0.032082 0.672694 -0.261270 0.493204 0.333653 0.103075 0.508359 0.060201 0.733461 0.636225 0.040965 -0.590710
VERTEX_POSE A1414 0.341696 -0.791530 0.092882 0.907041 -0.985015 -0.209979 0.363131 -0.219734 0.317669 -0.073040 -0.910000 0.525881 -0.553576 0.272615 0.255130 -0.337356 -0.125010 0.716487 0.665241 0.183492
VERTEX_POSE A1415 0.420935 -0.674994 -0.452575 0.246953 0.663660 -0.532087 0.091686 0.447118 -0.795207 -0.109821 0.023690 0.040521 0.833140 0.247576 0.240027 -0.469759 0.748916 -0.158979 -0.254434 -0.421137
VERTEX_POSE A1416 0.251600 0.579702 0.366139 0.477555 0.142056 0.504147 0.545826 -0.449627 -0.841253 0.280820 -0.272376 -0.121412 0.206284 0.627492 -0.032243 0.758722 0.203608 0.149497 0.070723 0.537071
VERTEX_POSE A1417 0.280151 -0.281424 0.074683 -0.749065 0.524740 -0.555598 0.735545 -0.354850 0.561478 0.193659 -0.378649 0.426161 0.205562 -0.479364 0.201131 0.561239 0.674557 -0.392410 -0.253426 -0.214217
VERTEX_POSE A1418 -0.991228 -0.783751 -0.199963 -0.756145 -0.265805 -0.359277 0.356883 -0.484931 0.187592 -0.074780 -0.259572 0.589210 0.522140 -0.490650 0.553989 0.259877 0.572069 0.426212 -0.725863 -0.359811
VERTEX_POSE A1419 0.042053 0.772712 -0.286471 0.670472 -0.541309 -0.286489 0.727265 -0.302348 -0.670452 -0.211720 0.193925 -0.468958 0.092289 -0.524583 0.463793 -0.018064 -0.618697 0.182738 0.646078 0.461526
VERTEX_POSE A1420 0.992680 0.277601 0.217480 0.010713 0.368956 -0.518087 -0.064802 -0.028373 0.007256 -0.562795 0.818953 0.237435 -0.670440 -0.524591 0.446060 -0.294240 -0.093588 -0.690064 -0.378147 -0.211083
VERTEX_POSE A1421 -0.738451 -0.994752 -0.655804 0.518035 -0.156882 0.639799 0.699388 0.053880 -0.450196 0.398750 0.419707 0.383895 -0.449704 -0.278438 0.488160 -0.160649 0.463956 -0.048001 0.351872 -0.726746
VERTEX_POSE A1422 -0.591955 -0.564564 -0.978057 0.176310 -0.181553 0.231193 -0.102684 0.580729 0.565295 0.670845 -0.184324 -0.540961 0.392301 -0.460240 -0.210446 -0.440110 -0.224001 0.538576 -0.437980 -0.605625
VERTEX_POSE A1423 -0.133951 -0.971251 0.377841 0.407767 -0.107118 -0.474438 0.455632 0.102731 -0.522051 -0.233061 -0.778744 -0.427083 -0.603843 0.574943 0.522442 -0.473239 -0.227105 -0.216855 -0.386653 -0.029480
VERTEX_POSE A1424 0.616041 -0.730167 0.407772 0.878089 0.383869 0.553677 -0.345783 -0.114265 0.516751 0.137662 0.256617 0.133065 -0.496612 0.759744 0.622458 0.117906 -0.378673 -0.145773 -0.775215 -0.447757
VERTEX_POSE A1425 -0.917245 0.443870 0.080114 -0.348312 0.371640 -0.350224 -0.219467 -0.456950 -0.680747 0.060222 -0.352363 0.207839 0.060617 0.276964 -0.162301 -0.912343 0.355164 -0.586846 0.334908 0.681313
VERTEX_POSE A1426 0.701048 0.851052 0.503760 0.335930 0.581564 -0.699060 -0.175792 -0.521777 0.465486 0.296408 -0.046697 -0.115161 0.770225 -0.423735 -0.529263 0.295270 0.735625 0.035455 -0.448116 -0.069803
VERTEX_POSE A1427 -0.956002 0.136983 0.860008 0.607025 -0.774439 -0.297675 0.298719 0.778436 -0.686700 -0.170276 -0.257698 -0.278916 0.303128 -0.538609 -0.483084 0.451422 0.061119 -0.358704 -0.765575 0.183831
VERTEX_POSE A1428 0.834879 0.009189 -0.177928 -0.009887 -0.110010 -0.443444 0.484940 0.289127 -0.381668 -0.448602 0.479888 -0.113559 0.321289 0.626238 -0.789323 -0.221597 -0.420651 0.147513 -0.641294 0.342041
VERTEX_POSE A1429 -0.866819 0.608642 -0.224595 0.689545 -0.141337 -0.029500 -0.373123 -0.315703 0.177358 -0.279236 -0.750206 -0.411475 0.738649 -0.504845 -0.825651 -0.239282 0.190720 0.341560 0.424203 0.215128
VERTEX_POSE A1430 -0.825982 0.993415 -0.304226 -0.785677 0.304157 -0.089965 -0.137890 0.593033 -0.309696 0.473489 -0.016571 0.676804 0.113215 -0.519788 -0.547167 0.410681 -0.436973 0.372209 0.758497 0.432333
VERTEX_POSE A1431 -0.857013 0.558222 -0.726835 -0.788261 -0.739822 -0.509321 -0.291266 0.627081 -0.519436 0.386227 -0.602563 0.409850 -0.111099 0.023278 0.250466 0.837516 0.436424 0.489967 -0.228510 -0.229521
VERTEX_POSE A1432 -0.742727 -0.642509 -0.145208 0.634711 0.016999 0.443752 -0.585659 -0.455145 0.423502 0.467411 0.346426 -0.427052 -0.092887 -0.390975 -0.457844 -0.497583 0.623982 0.481390 -0.426983 0.361410
VERTEX_POSE A1433 0.208062 0.362184 -0.762060 0.439979 -0.359771 0.496717 -0.468244 -0.593280 -0.331095 -0.487359 -0.396924 -0.443141 0.047090 -0.165146 -0.168800 -0.733892 0.611523 -0.647132 0.049126 -0.298726
VERTEX_POSE A1434 -0.222087 -0.973299 -0.782252 -0.462765 -0.083921 0.167777 -0.426291 -0.232331 -0.340879 -0.501094 0.716266 -0.843141 -0.146329 -0.300601 0.379890 -0.559209 0.110217 0.021187 -0.482757 -0.574872
VERTEX_POSE A1435 0.039119 -0.669556 0.306280 -0.109534 0.155371 -0.509923 -0.168613 0.611887 -0.391450 -0.299423 -0.360441 0.266488 0.706223 0.334311 -0.583898 0.272260 0.261917 0.418081 -0.555913 0.561526
VERTEX_POSE A1436 0.645999 -0.724826 -0.535173 -0.862895 -0.327592 -0.544629 -0.194562 -0.553963 -0.427773 0.433164 0.385842 0.339280 -0.187420 0.536672 0.325181 -0.598924 -0.191597 0.547299 0.616991 -0.468536
VERTEX_POSE A1437 -0.094844 0.345647 0.576676 0.222505 0.629280 -0.266105 0.442356 0.386329 0.315494 0.600616 -0.024463 -0.796184 0.300455 0.114796 0.121302 -0.337018 0.887640 -0.425475 -0.489619 -0.221513
VERTEX_POSE A1438 0.241313 -0.963760 -0.239291 0.602812 0.252145 -0.093253 -0.683786 0.122079 -0.418476 -0.246850 0.612627 -0.337680 -0.272053 -0.779620 0.684055 -0.569656 -0.021122 0.483965 0.270150 0.039136
VERTEX_POSE A1439 -0.133583 -0.366622 0.815893 -0.269798 -0.026690 0.498850 -0.230867 0.053583 0.162046 0.745766 0.624360 -0.486353 0.483859 -0.541205 -0.581770 -0.395490 0.484733 0.387163 -0.001131 -0.281841
VERTEX_POSE A1440 -0.433345 -0.528928 -0.870488 0.412768 -0.676376 -0.331501 -0.353736 -0.713120 -0.590888 -0.347427 0.640728 -0.132026 -0.375409 0.072084 0.703085 -0.639209 0.161661 -0.170876 -0.452377 -0.222704
VERTEX_POSE A1441 -0.384964 0.348751 -0.304479 0.046640 -0.722029 -0.466830 -0.462667 -0.485911 -0.182855 0.001322 0.696620 0.564807 -0.732882 0.273551 0.546091 0.032506 -0.450918 -0.362507 -0.497759 0.021291
VERTEX_POSE A1442 -0.485758 0.331236 0.784682 -0.774942 0.517149 0.572502 -0.515012 -0.319350 0.490689 -0.350137 0.076599 -0.486924 -0.445623 -0.502597 -0.433436 -0.500999 0.081507 -0.080645 -0.403221 0.795551
VERTEX_POSE A1443 0.301681 0.312217 0.133483 -0.518415 0.368016 0.756790 0.392446 0.200967 0.285444 -0.204840 0.638213 -0.261299 -0.255372 0.675420 -0.517332 0.449253 0.279024 0.099407 -0.732792 -0.135091
VERTEX_POSE A1444 0.950629 0.371428 -0.721037 0.776895 0.499500 -0.832222 -0.124078 -0.015822 -0.123456 0.644284 -0.752017 0.086423 -0.742831 -0.645732 -0.492512 -0.027974 0.122101 0.205252 0.130085 0.048398
VERTEX_POSE A1445 0.855937 0.539707 -0.122436 -0.867901 0.532133 -0.121599 -0.135567 -0.630328 -0.060739 0.879127 -0.344912 0.617078 -0.332569 -0.461114 0.312763 0.147739 -0.324866 0.709168 0.276276 0.406888
VERTEX_POSE A1446 -0.277383 0.637222 0.680908 0.728539 0.031676 -0.428598 0.379747 0.276995 0.015881 0.454060 -0.808615 0.532720 0.621012 0.099402 -0.314318 -0.306326 -0.495760 0.658380 -0.412469 -0.117287
VERTEX_POSE A1447 0.202229 -0.048870 0.645102 0.254450 -0.358444 -0.091795 -0.459980 -0.314484 -0.501596 0.377681 -0.741493 0.209172 -0.608244 -0.463063 0.180576 0.470905 -0.141909 -0.814625 -0.232515 0.341646
VERTEX_POSE A1448 0.136089 -0.741717 0.952247 -0.616966 0.056874 -0.824782 0.199551 -0.274991 0.334556 0.607942 -0.661711 -0.320001 -0.484152 -0.420441 -0.264230 0.479602 0.555388 0.188650 -0.355198 0.035942
VERTEX_POSE A1449 -0.268612 0.853472 -0.519055 0.972394 0.765871 0.040244 -0.281654 0.303811 -0.355460 0.364050 -0.197865 -0.197281 -0.581486 0.575044 -0.669712 0.434457 0.472941 -0.620157 -0.511136 -0.560535
VERTEX_POSE A1450 -0.755718 -0.276158 -0.641369 -0.075078 0.100248 -0.651890 -0.032303 0.367666 -0.498254 0.663678 0.042423 -0.488269 -0.195037 -0.667460 0.270952 0.649566 -0.449679 -0.122316 -0.313867 -0.464013
VERTEX_POSE A1451 0.128769 0.535884 0.169727 0.393747 -0.574170 -0.558795 0.045871 -0.753751 -0.445805 -0.773618 0.301896 0.443299 -0.574820 -0.226785 -0.288485 0.261557 0.533214 0.457458 0.024096 -0.070493
VERTEX_POSE A1452 -0.007062 0.858720 -0.174859 0.490429 -0.391011 0.175063 -0.443929 -0.591045 0.568671 0.385973 -0.394639 0.685813 0.058378 0.078774 -0.417982 0.481866 -0.633828 -0.030300 -0.646799 -0.294929
VERTEX_POSE A1453 -0.347673 0.159279 -0.619427 -0.898767 0.918695 -0.538962 -0.626132 0.554919 -0.112080 -0.022297 -0.135216 -0.315673 0.769171 0.542667 0.744968 -0.119575 0.615646 -0.205746 0.039244 0.016559
VERTEX_POSE A1454 0.994818 0.564634 -0.452432 -0.198485 0.318712 0.433412 -0.542645 0.003465 -0.626124 -0.325077 -0.544426 0.571495 0.402495 -0.505954 -0.046707 0.228150 -0.611823 0.302217 -0.621133 -0.270686
VERTEX_POSE A1455 -0.391021 -0.871447 -0.767087 0.368518 0.992858 -0.247117 0.493600 0.539615 -0.233413 0.106745 -0.806044 -0.829361 0.248658 -0.025370 -0.190956 -0.542576 0.227914 -0.400183 -0.623495 0.080743
VERTEX_POSE A1456 -0.264918 -0.396852 0.460687 -0.247079 0.290335 -0.272733 0.711595 0.269176 0.220079 -0.589478 0.508427 -0.208105 -0.167139 -0.146317 -0.201077 0.061305 0.798167 0.890754 0.338311 0.102793
VERTEX_POSE A1457 0.695866 0.415686 -0.948672 -0.862555 -0.099724 -0.534431 -0.081080 0.325415 0.295042 -0.255053 0.234311 0.572859 0.562970 -0.229249 0.546574 -0.509325 0.460493 0.020561 -0.593318 -0.758020
VERTEX_POSE A1458 -0.347023 0.265536 -0.907079 -0.024458 -0.781581 -0.139612 0.078297 -0.975336 0.226632 0.686199 -0.027579 -0.644019 -0.411585 0.036961 -0.385432 0.446437 0.212056 -0.604837 0.392801 0.040311
VERTEX_POSE A1459 -0.430039 0.612337 -0.717241 0.743034 -0.819675 0.220222 -0.764583 0.014780 -0.347238 -0.449418 -0.617079 -0.509771 -0.217707 0.730614 -0.643906 0.313278 -0.283433 0.395533 0.260569 -0.069744
VERTEX_POSE A1460 0.829047 0.024327 -0.173267 0.826990 0.758939 -0.574589 -0.684054 0.286535 0.321627 0.265286 0.598638 -0.353644 0.477195 -0.294992 0.544204 -0.456055 -0.540403 0.381028 -0.161219 0.424823
VERTEX_POSE A1461 -0.173005 0.258950 -0.211305 0.189865 0.522576 -0.470032 0.159351 0.152780 -0.250706 -0.095149 -0.773496 -0.439389 0.740645 -0.193535 -0.486150 -0.066858 0.569231 -0.535548 -0.642284 -0.129935
VERTEX_POSE A1462 -0.287052 0.170560 -0.444076 0.954773 -0.559497 -0.378254 -0.702922 0.559075 -0.604866 -0.283255 -0.582907 -0.020128 0.194055 0.554614 -0.636288 0.592490 0.199929 -0.292905 0.192263 0.009328
VERTEX_POSE A1463 -0.913679 0.381818 0.681525 0.461701 -0.224062 -0.178722 -0.176633 -0.584219 -0.526448 0.395025 0.008031 0.634612 0.283715 0.398009 -0.464547 0.434718 0.437618 0.269023 0.737076 -0.555610
VERTEX_POSE A1464 -0.964943 -0.378865 0.026635 -0.370156 -0.837195 -0.274153 -0.710016 -0.595265 0.111895 -0.606298 0.507197 0.347231 0.230198 -0.295546 0.809072 -0.150520 -0.341568 -0.370342 0.229416 -0.429411
VERTEX_POSE A1465 0.490861 0.197261 -0.226328 -0.507992 0.356582 0.046280 0.072051 0.752701 0.550434 -0.074349 -0.226612 0.444211 0.551974 0.414520 -0.705373 0.296870 0.132144 0.002332 0.772317 -0.439088
VERTEX_POSE A1466 0.125439 0.712262 -0.012194 -0.647834 0.931308 -0.212206 -0.155622 0.600342 0.100729 0.693179 0.045387 -0.188809 -0.552932 -0.529137 0.607902 -0.429202 0.475620 0.734594 0.073056 -0.362394
VERTEX_POSE A1467 0.681055 -0.103692 0.491462 -0.233051 -0.164787 0.725156 -0.166531 -0.156293 0.569960 0.373331 0.170821 -0.007532 -0.769830 -0.381923 0.179601 -0.489294 0.807345 0.342027 -0.029074 -0.385644
VERTEX_POSE A1468 -0.603983 -0.457092 -0.649652 0.714512 -0.014139 -0.048027 -0.024625 0.905811 -0.293719 -0.247559 0.272861 0.614943 -0.673600 -0.097472 0.050839 0.548079 -0.161921 0.728480 0.428929 0.263314
VERTEX_POSE A1469 -0.633248 0.748502 0.748515 0.954978 0.183453 0.300111 -0.551162 -0.680824 0.589427 0.236619 0.390330 0.226977 -0.720170 0.467155 0.565316 0.348274 -0.368072 -0.437502 0.017103 -0.174389
VERTEX_POSE A1470 -0.452528 0.529687 0.307355 0.497151 0.808524 0.562446 0.337782 -0.363667 -0.441207 -0.328139 -0.822115 -0.537369 -0.073385 0.413731 -0.171198 0.570461 -0.043549 0.413421 -0.668892 0.137127
VERTEX_POSE A1471 -0.037328 0.013979 -0.520139 0.127280 0.309485 0.575695 0.531274 0.292977 -0.567732 0.083218 0.206429 -0.543620 0.147910 0.303906 -0.074710 0.499230 0.515522 0.212487 -0.663110 0.716540
VERTEX_POSE A1472 -0.018212 0.097253 -0.555965 0.001618 0.461425 0.081951 -0.441160 0.696092 -0.503017 0.427901 0.468069 -0.001281 -0.514780 -0.400262 -0.525504 -0.591216 0.115715 -0.681251 0.088001 -0.350381
VERTEX_POSE A1473 0.061714 -0.139077 0.092037 0.722209 0.325672 -0.624692 -0.085565 -0.481086 -0.047528 0.618440 0.238403 -0.308384 -0.626088 0.654431 0.700233 -0.222994 -0.011861 0.148571 -0.410485 -0.532259
VERTEX_POSE A1474 -0.735647 -0.673804 0.613344 0.608866 -0.322499 -0.064212 0.729464 -0.028613 0.736991 0.239615 -0.039464 -0.565078 0.247537 0.497115 0.148526 -0.527996 0.522788 0.333687 0.265354 0.690792
VERTEX_POSE A1475 -0.067583 -0.531319 -0.277001 -0.221488 -0.039075 0.022613 0.063988 -0.593866 0.460714 -0.237950 0.684187 0.045654 -0.000021 -0.014015 -0.648192 -0.744841 0.076791 -0.604148 0.620078 0.416075
VERTEX_POSE A1476 -0.082348 -0.599370 0.969600 0.854309 -0.142194 -0.491212 0.464752 -0.465390 -0.847890 -0.377845 0.115019 -0.167563 0.297563 0.257804 0.056579 0.335715 -0.604336 -0.092283 0.663318 0.581806
VERTEX_POSE A1477 -0.013030 0.963419 0.294252 0.337404 0.709177 0.010472 0.435467 0.255441 0.344394 0.683895 0.317411 0.455405 -0.584471 0.531728 0.793252 0.029072 -0.261338 0.211284 0.014295 -0.694959
VERTEX_POSE A1478 -0.865355 0.419811 -0.631900 -0.967038 0.602481 0.619061 -0.336581 -0.382742 -0.382513 -0.493621 -0.625508 0.267791 -0.561495 0.153492 0.420990 0.556041 -0.536840 0.470641 -0.136359 0.387931
VERTEX_POSE A1479 -0.946259 -0.341087 0.921847 -0.762657 0.914679 0.530200 0.653508 0.084409 0.262366 -0.510881 0.493698 -0.518902 0.004592 -0.498679 -0.502894 0.534009 0.520140 0.357616 0.163529 -0.479491
VERTEX_POSE A1480 0.718358 0.816890 0.775197 0.309798 0.475049 0.343108 0.726988 -0.183101 0.106981 -0.385138 -0.815294 0.612355 -0.245800 -0.167537 0.084846 -0.512175 0.421222 -0.699038 0.020399 -0.310279
VERTEX_POSE A1481 -0.621073 -0.856346 -0.273269 -0.042116 -0.297271 -0.568800 0.511060 -0.042941 0.068068 0.023629 0.630938 0.238862 0.091590 -0.760052 0.737220 0.587188 0.148663 0.266991 -0.620549 0.017150
VERTEX_POSE A1482 0.182510 -0.805203 0.091574 0.631090 -0.659491 0.632493 -0.183384 -0.020981 -0.587917 0.174751 0.312528 -0.494744 -0.559887 -0.247061 0.085678 -0.771135 0.430024 -0.046840 -0.166464 -0.809893
VERTEX_POSE A1483 -0.288704 0.675610 -0.399662 -0.199773 -0.915963 0.702152 0.415418 -0.505240 0.637946 -0.493907 0.284847 -0.312271 -0.020974 -0.449065 0.049430 0.432118 0.675108 0.007164 -0.629538 -0.078516
VERTEX_POSE A1484 0.031254 0.302932 0.107305 0.059117 -0.378576 -0.247602 0.630896 -0.422596 -0.451013 0.536300 0.576847 0.088684 0.345486 -0.529136 0.201361 0.195806 0.435301 0.828776 0.395792 0.138521
VERTEX_POSE A1485 0.177328 0.759431 0.639143 -0.567396 0.659222 0.303038 -0.135266 0.158954 -0.602985 0.435485 -0.223171 -0.717940 -0.218098 0.319369 0.100466 0.550287 -0.538978 0.138004 0.664585 0.729681
VERTEX_POSE A1486 0.320275 0.804163 -0.166749 -0.831255 -0.923104 0.539800 0.780380 0.067623 -0.728783 0.445395 0.158575 0.251705 0.047136 -0.590412 -0.248969 0.037067 -0.773314 0.228365 -0.434781 0.153885
VERTEX_POSE A1487 0.766335 0.906081 -0.432008 0.812038 0.911759 -0.696890 0.254657 -0.057444 -0.503255 -0.079067 -0.300469 -0.115319 -0.848352 -0.412233 -0.495914 -0.040846 0.416431 0.043003 0.455554 -0.750379
VERTEX_POSE A1488 -0.126806 0.175117 0.690471 -0.429951 -0.440502 0.359258 -0.251969 0.526480 0.304781 0.179711 0.712188 0.723176 0.478296 -0.348227 0.414303 -0.816126 -0.233492 0.288811 0.096881 -0.199567
VERTEX_POSE A1489 0.973252 0.069699 -0.073828 0.144287 -0.704685 0.863413 -0.184023 -0.139335 0.303034 -0.326071 0.579158 0.355870 0.832887 0.201216 0.095620 -0.407566 0.007612 0.164018 0.001649 -0.777571
VERTEX_POSE A1490 -0.663704 0.518418 -0.149249 0.555072 -0.907917 0.612173 -0.526788 -0.077561 0.219862 0.579826 -0.688885 0.520928 0.445439 0.187168 0.260104 0.346336 0.678734 0.487735 -0.260637 -0.153982
VERTEX_POSE A1491 -0.297758 -0.800556 -0.482796 -0.602961 -0.681563 -0.289656 -0.379490 -0.355567 0.578195 0.205452 -0.233915 -0.295205 -0.097925 -0.792566 -0.629112 -0.038286 0.403766 -0.314424 0.895947 -0.166337
VERTEX_POSE A1492 -0.199753 -0.671351 0.714867 -0.665848 0.817891 0.079190 -0.683850 -0.062589 0.685717 0.268607 -0.629087 -0.593274 -0.140658 -0.532072 0.237103 -0.637816 -0.228452 0.339602 -0.183316 0.514821
VERTEX_POSE A1493 0.049244 -0.311022 0.406675 0.509845 -0.467414 -0.695365 -0.529939 -0.233093 -0.089560 0.145002 -0.369608 -0.418714 0.477934 0.684113 -0.532228 0.004446 0.071683 0.223289 -0.685346 0.579577
VERTEX_POSE A1494 -0.211438 0.581262 -0.801271 0.858740 0.094374 -0.026689 0.323702 -0.855567 0.435850 -0.398148 -0.360530 0.471725 -0.117735 -0.211018 -0.744328 -0.488591 -0.300751 -0.181036 0.695782 -0.055166
VERTEX_POSE A1495 -0.164697 -0.050216 -0.258498 -0.036004 0.980696 -0.479068 -0.808617 0.002547 0.224255 -0.369520 0.676103 0.575350 -0.054095 0.236160 -0.474017 0.411576 0.690549 -0.405565 0.193060 -0.101237
VERTEX_POSE A1496 -0.459895 0.886238 -0.819652 -0.998147 0.889168 -0.497428 0.665732 0.355746 0.525820 0.011647 0.672135 -0.008447 0.328357 -0.575467 -0.395623 -0.659415 0.030733 -0.565235 -0.118400 0.299286
VERTEX_POSE A1497 0.914001 0.293524 0.186535 -0.789094 0.025683 0.198934 0.471995 0.574519 -0.487129 -0.014097 -0.482057 0.585565 -0.712646 0.009870 -0.431033 -0.305052 0.635360 0.440970 0.419644 -0.183761
VERTEX_POSE A1498 -0.483641 0.846093 -0.767036 0.730945 -0.184090 0.532043 0.052707 -0.229994 0.082779 -0.625377 0.162457 -0.507690 0.604005 0.036942 0.442632 0.324769 -0.582672 0.506365 0.368549 0.761472
VERTEX_POSE A1499 -0.063878 -0.570854 -0.469304 0.716365 -0.124971 -0.060111 0.219671 0.302666 -0.621063 0.499207 -0.148509 0.391484 -0.176804 -0.722989 -0.643031 -0.372503 -0.454265 0.209566 0.729739 -0.396571
VERTEX_POSE A1500 -0.719246 0.042026 -0.064950 -0.834116 -0.790864 0.656499 -0.292022 0.151791 -0.523589 0.225635 -0.346042 0.373192 -0.117039 -0.860933 0.374355 0.782401 0.199693 0.124299 0.487814 -0.275920
VERTEX_POSE A1501 0.063831 0.375780 0.540319 0.228096 -0.375567 -0.004775 -0.050647 0.905581 -0.426451 -0.092176 0.373291 0.674844 -0.426032 0.097483 -0.065495 0.749191 0.050799 0.598676 0.496133 0.168798
VERTEX_POSE A1502 0.898794 0.443125 0.010557 -0.156355 -0.815486 0.108112 -0.772134 -0.297853 0.416268 -0.474766 0.016231 -0.520980 -0.409462 0.566345 0.703001 0.073220 0.605444 -0.222268 -0.073386 0.472981
VERTEX_POSE A1503 0.262542 -0.860720 0.379085 0.167502 0.670561 -0.636867 -0.464426 -0.425479 -0.410817 0.112165 0.514569 -0.163186 0.395999 0.454482 -0.426557 0.734331 -0.450121 -0.465885 -0.275082 0.380819
VERTEX_POSE A1504 -0.874455 -0.763297 -0.367644 -0.049694 0.950106 -0.193176 -0.159068 0.525135 -0.226000 -0.028528 -0.586718 0.755705 -0.136100 -0.401194 0.137508 0.970103 0.069538 0.567106 -0.119414 0.462820
VERTEX_POSE A1505 -0.836853 0.769322 -0.376099 -0.547489 -0.137985 -0.213090 0.396624 -0.880035 0.478381 -0.606623 -0.458555 -0.262108 -0.105502 0.049104 0.786174 0.544201 0.077619 -0.197419 0.409161 0.082640
VERTEX_POSE A1506 -0.805042 -0.392039 -0.897916 0.946014 -0.368514 0.278401 0.439336 0.534700 -0.300205 -0.631474 0.708254 -0.721015 0.401182 0.122324 0.436383 -0.341362 -0.007559 0.349396 0.361594 0.444355
VERTEX_POSE A1507 0.043197 -0.362668 -0.398044 -0.195386 -0.192089 -0.409012 0.042251 0.529503 -0.479811 -0.570190 -0.450872 -0.738210 0.499635 -0.206290 -0.239816 -0.478346 0.628207 -0.004945 0.441189 0.281319
VERTEX_POSE A1508 0.150117 0.732740 0.918154 0.789915 -0.428807 -0.532755 -0.504058 -0.582629 -0.259505 0.752856 -0.355926 0.144379 -0.055452 -0.567056 -0.095228 -0.398595 0.266919 0.786711 -0.131078 -0.375582
VERTEX_POSE A1509 -0.670397 -0.972228 -0.529816 0.978976 -0.766033 0.247992 0.398382 -0.523336 -0.236751 -0.587914 -0.687027 0.800670 -0.558038 0.113310 -0.095062 -0.023479 -0.365237 0.482016 0.428592 -0.328445
VERTEX_POSE A1510 0.096938 0.296245 -0.476197 0.041957 -0.277409 -0.513008 0.550418 -0.490548 -0.020778 -0.500387 0.209368 -0.244409 0.226377 0.452673 -0.041563 -0.506401 -0.685708 -0.821540 -0.372779 0.201047
VERTEX_POSE A1511 -0.131525 0.549631 0.693351 0.099713 -0.953759 0.858373 -0.079454 0.471830 0.260080 -0.219939 -0.466579 -0.179228 0.234543 0.610470 0.404063 0.387077 -0.429682 -0.012825 -0.860509 0.048798
VERTEX_POSE A1512 -0.291470 -0.828574 0.196915 -0.063139 -0.063304 0.473087 0.506390 0.397709 0.230892 -0.793936 -0.044950 0.462080 0.206237 -0.481926 -0.528268 0.049573 0.475814 -0.479889 0.261234 -0.617378
VERTEX_POSE A1513 -0.720553 0.491042 0.615378 -0.326953 0.063100 -0.330681 -0.633189 -0.545367 0.360870 -0.336321 0.520438 0.375979 0.466959 -0.615751 -0.554545 0.516018 0.228596 -0.558160 -0.040441 0.017694
VERTEX_POSE A1514 0.579771 0.225241 -0.706311 0.899941 -0.869721 0.367871 -0.378285 0.532308 0.727767 0.140292 0.055362 0.290335 0.800937 0.136117 -0.235411 0.367224 -0.293843 0.441943 -0.246709 -0.780200
VERTEX_POSE A1515 0.739784 0.474358 -0.695780 0.995978 0.558119 -0.042133 0.534869 -0.125930 0.679505 -0.374994 -0.322346 0.194374 -0.412921 0.754778 -0.627324 -0.274127 0.167879 0.324318 0.572403 0.531377
VERTEX_POSE A1516 0.456775 0.250473 0.254521 0.105651 -0.277678 -0.283363 0.236566 -0.282220 -0.344126 0.335776 -0.113443 -0.637772 -0.677426 0.346586 0.558095 -0.140306 0.544591 -0.288199 0.593885 0.700558
VERTEX_POSE A1517 -0.099954 0.029404 0.126940 -0.931315 -0.792826 -0.262813 -0.552019 0.562011 -0.593977 0.663104 0.402753 0.235941 0.073958 -0.198979 -0.320994 0.202161 -0.579554 -0.647623 -0.457417 -0.382698
VERTEX_POSE A1518 0.506119 0.380439 -0.127789 0.808016 0.469878 -0.417621 -0.125375 -0.321289 -0.472483 0.090307 0.316762 -0.508300 -0.184515 0.649892 -0.267262 -0.769183 -0.413310 0.522068 -0.591978 0.450834
VERTEX_POSE A1519 -0.670030 -0.574410 -0.055008 0.675700 0.281820 0.280877 -0.539438 -0.257462 -0.407881 0.330020 0.441530 -0.257400 -0.357065 -0.413792 0.682007 -0.175773 0.561761 -0.472602 -0.664607 0.501961
VERTEX_POSE A1520 -0.126703 -0.900897 -0.946889 0.212972 -0.497511 0.499509 0.199349 -0.724332 0.035728 -0.381249 -0.524889 0.730747 -0.525376 0.360878 -0.373056 -0.305143 -0.249194 -0.275776 -0.667665 -0.086627
VERTEX_POSE A1521 0.842415 -0.101143 0.722962 0.363088 0.561961 0.532966 -0.066890 -0.018509 0.531615 0.562098 -0.153229 0.267558 0.364716 -0.326341 -0.190668 0.600047 0.744252 -0.570431 0.431853 -0.561933
VERTEX_POSE A1522 0.032211 -0.374966 0.462196 -0.927261 0.600257 0.648406 -0.339046 0.049994 -0.736999 -0.058338 0.023114 0.088927 0.367065 -0.906665 -0.070379 -0.475119 -0.306369 0.153429 0.721921 0.284716
VERTEX_POSE A1523 0.673544 -0.572247 0.767978 0.547125 -0.679620 0.298604 -0.009587 -0.061637 0.245895 -0.460046 0.397083 -0.792234 0.073946 0.533402 -0.471903 -0.381232 -0.725198 -0.006683 0.798411 -0.167616
VERTEX_POSE A1524 -0.108341 0.587834 0.129637 -0.127067 -0.905453 0.207299 -0.488891 0.754529 -0.286683 -0.596784 -0.090576 -0.639250 0.229106 0.535424 0.555079 0.430750 0.356069 -0.397602 0.408412 0.094960
VERTEX_POSE A1525 0.820773 -0.793704 0.660925 0.931479 -0.305369 -0.493953 -0.170194 0.174201 0.195139 -0.873119 -0.235146 0.361361 0.147652 -0.767909 -0.353875 0.361711 -0.422467 -0.679796 -0.236772 -0.382358
VERTEX_POSE A1526 -0.491153 0.377537 -0.490520 -0.488879 -0.698923 0.534306 0.462581 -0.396528 -0.422147 -0.246423 -0.285392 0.264236 -0.753995 -0.517153 0.456939 0.094605 -0.236236 -0.507636 0.384494 -0.661863
VERTEX_POSE A1527 0.431764 0.474072 0.309985 -0.125215 0.983715 -0.658842 -0.371556 -0.278735 0.353390 -0.304365 -0.320275 -0.260455 0.420316 0.650933 -0.414851 0.594986 -0.556478 0.448446 0.488502 -0.293853
VERTEX_POSE A1528 0.734775 0.499820 -0.152540 -0.857615 0.720314 -0.694626 -0.291398 0.285668 0.021278 0.020453 0.406859 0.207026 0.320805 -0.541311 -0.066692 -0.770012 -0.557423 -0.685372 0.467798 -0.386162
VERTEX_POSE A1529 0.025206 0.223630 -0.257556 -0.757934 0.116986 -0.007952 0.095661 -0.931866 -0.429072 0.273325 0.156271 0.551956 0.825452 0.042793 0.513606 -0.263482 0.259280 -0.497380 0.406631 0.195317
VERTEX_POSE A1530 -0.632113 0.903218 0.840681 -0.408850 -0.141256 0.180853 0.101391 -0.042311 0.492481 -0.497982 0.354226 0.617255 0.698708 0.298713 0.468258 -0.059728 -0.870567 0.352826 -0.499973 0.160052
VERTEX_POSE A1531 -0.984472 -0.458153 0.782510 -0.691731 0.929450 0.510157 -0.377138 0.718144 -0.367836 -0.661173 0.110161 0.123373 0.274565 -0.059401 -0.660830 0.388592 0.634231 -0.390537 -0.440713 -0.257599
VERTEX_POSE A1532 -0.910963 -0.400591 -0.717237 0.470163 0.741420 -0.637353 -0.430252 -0.391360 0.148146 -0.423758 0.549564 -0.633856 -0.167783 0.458135 0.332496 -0.689542 -0.416489 -0.243940 0.362895 -0.401828
VERTEX_POSE A1533 -0.733319 0.346343 -0.148762 0.434796 0.043258 -0.190162 0.672683 0.702589 -0.417431 0.502315 -0.494201 -0.501591 -0.012670 -0.156054 -0.695284 -0.524204 0.335899 -0.233616 0.142219 -0.353488
VERTEX_POSE A1534 0.278070 -0.318874 0.161595 0.475771 0.600011 -0.609279 -0.148957 -0.582399 0.242573 -0.692809 -0.474545 0.714223 0.279459 -0.408784 -0.234417 0.596783 -0.339405 0.069801 0.252151 -0.391559
VERTEX_POSE A1535 -0.785418 -0.163888 -0.084881 -0.579532 0.691526 0.717577 0.660918 0.164396 -0.192304 0.469977 -0.406302 0.338256 -0.388929 0.532619 0.339320 -0.269212 -0.638457 -0.467491 0.344337 0.341442
VERTEX_POSE A1536 -0.570172 0.115665 0.475139 0.887306 0.905273 0.343873 0.498814 -0.484310 0.434447 -0.398055 0.389298 0.460431 0.313158 0.636837 -0.691544 0.256382 0.437630 0.052703 0.654933 0.129649
VERTEX_POSE A1537 0.473028 0.289087 0.263679 0.421785 -0.768504 0.569926 0.385782 0.044839 -0.349326 0.379892 -0.845466 -0.570586 -0.423099 0.131657 0.026512 -0.269148 -0.049170 -0.476324 0.674833 0.513249
VERTEX_POSE A1538 0.257779 0.473444 0.517075 0.225082 -0.500563 -0.452861 0.180192 0.819755 -0.152232 -0.399648 0.116742 -0.726999 0.314143 -0.547578 0.482906 0.631406 0.006146 0.100085 -0.557183 -0.120392
VERTEX_POSE A1539 0.579946 -0.151595 0.393293 0.677221 -0.523534 -0.607977 -0.213547 0.743395 -0.187542 -0.086447 -0.392502 -0.697754 0.566789 -0.351898 0.150848 0.548723 0.257321 -0.292533 -0.569718 -0.321340
VERTEX_POSE A1540 0.802631 0.316859 0.733862 0.400761 -0.534537 -0.701384 0.416314 -0.160521 0.603046 -0.065507 -0.370914 -0.084057 -0.090290 -0.528696 0.262046 0.459542 0.639413 0.262035 0.776570 -0.385081
VERTEX_POSE A1541 -0.645283 -0.230311 -0.959122 -0.732961 0.222028 0.262086 0.238538 0.721487 -0.315601 -0.149275 -0.275305 -0.507040 -0.515113 0.606350 0.224587 0.471228 0.189136 0.724002 -0.658346 -0.015210
VERTEX_POSE A1542 -0.551579 -0.601964 0.086644 -0.223065 -0.477293 0.052687 0.614793 -0.693773 0.634653 0.415585 0.106045 0.501904 -0.627667 -0.563716 0.152419 0.233410 0.173223 -0.565067 0.029538 -0.399564
VERTEX_POSE A1543 -0.488838 0.488284 -0.069222 -0.662378 0.402159 0.705057 -0.062338 -0.556248 0.141576 0.711332 -0.316051 0.423366 -0.520269 0.261040 0.550998 0.299090 0.595072 -0.003575 0.360536 0.410423
VERTEX_POSE A1544 -0.365836 -0.739269 0.656256 -0.059914 -0.714872 0.694115 0.147951 0.625867 0.430337 0.674137 -0.410109 0.341219 -0.223484 -0.617586 -0.372126 0.480696 0.213224 0.279476 -0.492581 0.114997
VERTEX_POSE A1545 -0.971808 0.623277 0.380332 -0.323125 -0.347014 -0.573370 0.253279 0.122043 -0.570853 -0.267097 -0.541586 0.322060 0.758357 -0.487511 -0.089464 0.256701 0.672343 0.483371 -0.472767 -0.045581
VERTEX_POSE A1546 -0.749055 -0.037358 0.234997 -0.666400 -0.039722 0.347191 -0.593298 0.088440 -0.249564 -0.634526 0.141693 0.613814 0.170513 0.724695 -0.533958 0.340562 0.484056 0.394078 0.316729 -0.461094
VERTEX_POSE A1547 -0.909060 0.511204 -0.089224 -0.954263 0.007450 -0.561335 -0.438636 -0.282462 0.575749 -0.236598 -0.218861 -0.062988 0.667364 -0.737879 0.531175 -0.340870 -0.364457 -0.259426 -0.435951 -0.441613
VERTEX_POSE A1548 -0.071763 -0.347319 -0.492728 -0.254439 -0.139840 -0.131221 -0.287248 -0.487876 -0.709686 0.284214 -0.216175 -0.237730 0.615133 0.504870 -0.097739 0.402965 -0.631687 0.642696 0.544006 -0.247635
VERTEX_POSE A1549 0.757064 -0.656919 -0.892792 -0.858384 -0.569844 -0.127343 -0.077411 -0.190199 -0.004095 -0.507236 0.479461 -0.471965 -0.748465 -0.252840 -0.649998 0.288045 0.656023 -0.581824 0.305859 -0.489538
VERTEX_POSE A1550 -0.579091 0.936794 0.855768 0.721438 -0.710730 -0.489845 0.209320 -0.268004 0.592411 0.599988 -0.464382 0.024901 0.081920 0.600568 0.638712 -0.422235 0.181441 -0.022988 -0.641253 -0.564730
VERTEX_POSE A1551 0.801535 -0.248215 -0.439617 0.958533 0.362649 0.221710 -0.437573 0.616513 -0.611965 -0.413202 0.135202 0.275781 0.096147 0.659675 0.351934 0.522036 0.037969 0.613540 -0.596681 -0.406227
VERTEX_POSE A1552 0.599479 0.241937 0.830170 0.504703 0.992118 -0.255793 0.419024 0.543166 -0.072751 0.821816 -0.311462 -0.109986 -0.283284 -0.519497 -0.484231 0.118643 -0.530037 -0.826257 -0.233904 0.239053
VERTEX_POSE A1553 0.453120 -0.438172 0.317964 0.794177 0.889527 -0.094847 0.552343 0.293060 -0.783872 0.293422 0.291648 0.434496 0.537735 -0.192870 0.418013 -0.037414 0.867732 0.114135 0.564147 -0.197232
VERTEX_POSE A1554 0.475078 0.179537 -0.671639 0.505658 0.683030 0.314810 0.702995 -0.602477 -0.498629 -0.091059 -0.358320 -0.305653 0.667430 0.444461 0.477813 0.109535 0.527018 -0.574922 0.200115 0.182578
VERTEX_POSE A1555 -0.508862 -0.170229 -0.040192 -0.622364 -0.913335 -0.697089 0.331799 0.522509 0.402374 0.516928 -0.233531 0.044774 0.423135 0.217303 0.130953 0.651144 -0.052156 0.577070 -0.140226 0.788991
VERTEX_POSE A1556 0.273894 -0.231876 -0.021111 0.725656 -0.415842 0.268266 -0.215012 0.863887 0.529623 -0.632089 -0.084492 0.377320 -0.016552 -0.331831 -0.053356 -0.529908 -0.351470 -0.708742 -0.522645 0.113652
VERTEX_POSE A1557 0.983926 -0.442926 -0.162159 -0.983221 0.984106 -0.322783 -0.184297 -0.775522 -0.179257 -0.549447 0.568722 0.624348 -0.676553 -0.263335 -0.551717 -0.452963 0.024592 -0.411675 -0.035262 -0.071906
VERTEX_POSE A1558 0.922903 -0.696156 -0.730207 0.252422 -0.929620 0.561188 0.601502 -0.210739 0.221984 -0.578940 0.484172 0.619743 -0.431094 -0.403362 -0.471901 0.000396 -0.306564 -0.170349 -0.342319 -0.681531
VERTEX_POSE A1559 0.008668 -0.732056 0.826349 0.868041 -0.695528 0.504756 -0.265407 0.346319 -0.763992 0.004811 0.480223 0.264972 -0.004280 -0.119183 -0.081614 0.692213 -0.484689 0.290975 0.671088 0.632709
VERTEX_POSE A1560 0.009132 0.780704 0.580285 -0.741155 0.101093 -0.428227 0.396773 0.154537 0.668072 -0.444168 0.204242 -0.404031 -0.334766 0.573383 -0.271769 -0.392168 -0.767420 0.364968 0.615973 -0.129238
VERTEX_POSE A1561 -0.709211 -0.792938 -0.889526 0.843572 -0.070876 -0.073532 -0.555733 0.310758 -0.504481 -0.547550 0.331687 -0.510440 0.238520 -0.069567 0.248584 -0.572473 -0.722006 -0.646335 0.082056 -0.516992
VERTEX_POSE A1562 0.024196 -0.190210 0.608859 -0.823690 -0.766078 -0.097942 0.135866 0.080253 0.510254 0.190293 0.675558 -0.629873 -0.536054 0.552148 0.205117 0.071284 0.456925 -0.539663 0.808018 0.153403
VERTEX_POSE A1563 0.098169 -0.619887 0.863048 0.729008 -0.157488 -0.487757 -0.818973 0.204885 -0.514577 0.312313 0.054496 -0.497138 0.481140 0.335310 0.188913 -0.014236 0.874313 0.463109 0.006762 0.279636
VERTEX_POSE A1564 -0.442529 0.553405 -0.038287 0.278368 0.972382 0.627206 0.375121 -0.634479 -0.194239 -0.700972 -0.595718 0.050041 -0.371465 -0.078551 0.404237 -0.166988 -0.051317 -0.634800 0.449500 -0.483479
VERTEX_POSE A1565 -0.697734 0.490916 -0.229546 0.652081 0.833933 0.420861 0.517575 0.510372 0.361811 0.277219 0.162634 -0.691247 0.714663 -0.062704 0.462683 0.379852 -0.675878 -0.008491 -0.015320 0.502322
VERTEX_POSE A1566 0.312751 0.216225 -0.221833 -0.850524 -0.465962 0.342628 0.270836 -0.372708 -0.468608 0.415013 0.311441 0.622613 -0.421406 0.120110 -0.524558 -0.685072 -0.400066 -0.014320 -0.327881 0.767863
VERTEX_POSE A1567 -0.012701 -0.330930 -0.563148 0.165674 0.877655 -0.150347 0.753754 0.189669 0.410455 0.335538 0.562450 -0.130321 -0.532723 0.467966 -0.328188 0.183958 -0.531827 0.827183 -0.040439 -0.381895
VERTEX_POSE A1568 0.775294 -0.219997 -0.965867 0.073865 -0.934571 0.465301 -0.003424 -0.080871 0.377662 -0.259727 0.391985 -0.296501 0.795945 0.428708 0.611929 0.196161 0.478489 -0.422489 -0.510415 0.653502
VERTEX_POSE A1569 -0.429470 -0.310331 -0.704759 0.374558 0.033475 -0.462762 0.101703 0.606273 -0.294605 0.036765 -0.557623 0.698828 -0.074290 -0.168407 -0.376173 -0.747367 -0.313116 -0.263045 0.651328 -0.441686
VERTEX_POSE A1570 -0.432755 0.517475 0.830145 -0.157105 -0.645879 0.854547 0.332683 -0.025630 -0.412051 0.229580 0.133791 -0.313043 0.522930 -0.169915 -0.006852 -0.372418 -0.887901 -0.043817 0.651509 -0.405221
VERTEX_POSE A1571 0.577925 -0.903138 0.767995 -0.525373 -0.469108 -0.210397 -0.733646 0.341235 -0.794046 0.268402 0.376177 -0.408693 0.290362 -0.589453 0.216193 -0.031298 -0.273692 0.333849 0.551755 0.565409
VERTEX_POSE A1572 -0.074753 0.459358 -0.663880 0.641597 -0.744497 -0.557285 -0.136348 -0.241174 0.471465 -0.052683 0.132020 0.565894 0.491187 -0.271604 0.255201 -0.562474 0.608459 -0.285991 0.648839 0.693119
VERTEX_POSE A1573 0.015665 0.915511 -0.083211 0.619830 -0.123172 0.213756 0.597015 0.096714 0.445694 -0.305971 -0.461090 -0.179820 0.419880 -0.844460 -0.152832 0.575570 0.240776 0.836644 0.205850 0.083404
VERTEX_POSE A1574 -0.910913 0.585146 -0.301227 -0.187751 0.933051 -0.468723 0.301678 0.614904 -0.531488 0.543102 -0.207265 -0.584220 -0.296167 -0.201568 0.262487 0.189574 0.638087 0.295984 0.700269 -0.362146
VERTEX_POSE A1575 0.559411 0.720090 0.992376 -0.418316 -0.459369 -0.316463 0.458712 0.496916 -0.261278 0.210193 -0.695585 0.331672 0.173811 -0.491731 0.425877 -0.633136 0.106469 0.734988 0.560653 0.126893
VERTEX_POSE A1576 0.043857 0.538788 -0.702879 -0.703295 0.529814 -0.472926 -0.338527 -0.457878 0.429914 -0.782444 -0.237422 0.321153 0.155774 0.335154 -0.638700 -0.353858 0.583308 0.283616 -0.351711 0.530474
VERTEX_POSE A1577 -0.659968 -0.452212 0.933770 0.145849 -0.106671 -0.130518 -0.318804 -0.457980 0.093685 0.678517 -0.368947 -0.616703 0.240556 0.639601 -0.538991 0.399634 -0.424019 0.550776 0.469472 0.255442
VERTEX_POSE A1578 0.650351 0.231294 -0.096848 -0.372579 0.548081 -0.454089 0.719455 0.408917 -0.369978 -0.075805 -0.673576 0.594737 -0.107735 0.351233 0.210919 0.089397 -0.286235 -0.508646 -0.676047 0.416877
VERTEX_POSE A1579 0.972094 -0.808531 -0.195607 0.042265 -0.610027 0.234638 0.642224 -0.484648 -0.669695 0.524674 0.209834 0.218304 -0.190152 -0.565465 0.180473 0.464619 -0.126391 0.645155 0.245431 0.620774
VERTEX_POSE A1580 -0.902903 -0.109131 -0.959022 0.287464 0.323486 -0.344075 0.797828 0.421501 -0.237250 -0.063900 -0.442762 0.657436 -0.152469 0.481889 -0.389228 -0.422586 0.623944 -0.491533 -0.396940 0.069114
VERTEX_POSE A1581 -0.928740 0.168088 -0.241080 -0.651142 0.837351 -0.621523 -0.544933 -0.432571 0.164714 -0.169865 0.489612 -0.387723 0.554868 0.266176 -0.651111 0.241342 0.266383 0.110922 0.555040 -0.656775
VERTEX_POSE A1582 0.773629 -0.056746 0.364777 0.000798 0.752623 0.927038 0.368378 0.016806 0.226413 -0.519446 -0.804851 -0.148343 0.431753 -0.448857 -0.051297 0.287556 -0.035220 -0.254363 0.570416 -0.386288
VERTEX_POSE A1583 0.696576 -0.867194 0.871148 -0.207832 0.315603 -0.390438 -0.633582 0.182754 -0.554271 0.633810 -0.193259 -0.189738 -0.023527 -0.709334 -0.435105 -0.418022 -0.332838 -0.561271 0.146843 0.561531
VERTEX_POSE A1584 0.524380 0.729916 -0.923116 -0.856965 0.726878 0.526991 -0.478712 -0.376147 0.098676 -0.744804 0.071538 0.461916 0.197555 -0.120832 0.702106 0.300972 0.441915 -0.078897 -0.294092 0.802189
VERTEX_POSE A1585 0.248707 -0.877209 0.693138 -0.493544 0.435652 0.359677 0.256158 -0.719249 0.688126 -0.445623 -0.204172 -0.535475 -0.465069 -0.444003 0.303175 0.196912 0.407433 0.135893 -0.693354 0.279025
VERTEX_POSE A1586 -0.812286 -0.037423 -0.169044 0.169804 0.402268 -0.305629 0.179584 -0.027150 0.722427 -0.464233 -0.281354 -0.189259 -0.636603 -0.123259 -0.281225 0.109629 -0.934892 -0.519406 -0.578753 0.175745
VERTEX_POSE A1587 -0.201726 -0.501960 0.055774 0.868691 -0.688963 0.168078 -0.537622 0.239128 0.151678 0.260138 -0.675333 -0.676287 -0.325907 -0.543844 -0.222663 -0.579176 0.108858 -0.664680 0.449033 0.423233
VERTEX_POSE A1588 0.232633 -0.320135 -0.469021 -0.476765 0.419759 0.464554 -0.539700 0.081435 -0.474125 -0.415017 0.325736 0.547270 -0.414332 0.175401 0.340739 0.183361 -0.660692 0.379193 0.575494 0.648062
VERTEX_POSE A1589 -0.889383 0.266421 0.100749 -0.577775 0.472648 0.146461 0.280216 0.040676 -0.518781 -0.433184 0.459745 -0.295410 0.747713 0.553818 -0.717995 0.223256 -0.654870 0.326544 0.353431 -0.226741
VERTEX_POSE A1590 0.806942 -0.234016 -0.117877 0.736732 -0.384491 0.746947 -0.571492 0.133642 0.285292 0.104216 -0.823953 0.582839 0.530044 0.185629 -0.052547 -0.124809 -0.518441 0.134968 0.604989 -0.001411
VERTEX_POSE A1591 -0.758235 -0.539431 -0.888736 -0.217920 -0.479149 0.528420 -0.351711 0.407442 0.652097 -0.369939 -0.313141 0.203717 0.616344 0.014869 0.082157 0.057156 -0.850383 -0.497283 -0.596907 -0.112076
VERTEX_POSE A1592 -0.598594 0.473483 0.211223 -0.734203 -0.598228 0.795325 -0.418902 -0.348831 0.041561 0.707154 -0.264958 -0.351405 -0.262115 -0.207437 0.420387 0.505705 -0.019708 -0.255968 0.003620 -0.874469
VERTEX_POSE A1593 -0.168861 0.575774 -0.509018 0.913042 -0.150568 0.290421 -0.047171 -0.211931 0.561699 -0.646061 0.002251 0.118251 0.525456 0.553430 -0.700432 -0.524428 0.331378 0.309129 -0.171030 0.734155
VERTEX_POSE A1594 0.339933 -0.159317 0.974312 -0.488913 0.363364 -0.765855 -0.445367 0.023669 -0.531063 0.243164 0.294591 -0.185865 -0.242779 -0.584610 0.298579 -0.781223 -0.001914 -0.087995 0.270682 -0.755568
VERTEX_POSE A1595 -0.041123 0.026888 -0.827064 0.544165 -0.625846 0.188331 0.516944 -0.592400 0.384108 0.353686 0.630578 0.853089 -0.002015 -0.133960 -0.200173 0.456708 -0.319645 0.221724 -0.631735 -0.362376
VERTEX_POSE A1596 0.133405 0.066690 0.261436 0.565123 -0.316635 0.185522 -0.580617 0.216291 -0.351078 -0.055008 -0.691473 0.398393 0.646164 0.274771 -0.407458 -0.288919 0.597233 -0.719435 0.398568 0.207117
VERTEX_POSE A1597 -0.347316 -0.943092 -0.247521 -0.339437 0.897402 0.689803 0.394215 0.511454 0.184467 -0.680277 0.228261 0.096719 -0.508516 0.449511 -0.492052 0.326268 0.653503 0.488543 0.129532 -0.239135
VERTEX_POSE A1598 0.946176 0.695958 -0.390212 -0.290161 -0.748191 0.139734 0.474012 0.756801 0.367260 -0.549682 0.321616 0.589408 0.605791 -0.368389 0.705419 -0.316519 -0.024303 -0.024034 -0.077428 -0.433028
VERTEX_POSE A1599 -0.091301 0.846694 0.295569 -0.361012 -0.251206 -0.383764 -0.432443 0.132270 0.001070 -0.795549 -0.495969 -0.139092 0.212134 -0.502486 0.733604 -0.319459 0.397519 -0.543326 -0.181766 0.570969
VERTEX_POSE A1600 0.223214 -0.253423 0.047720 -0.964879 -0.069123 0.458226 -0.354914 0.604171 -0.534980 0.518211 0.128583 -0.247558 -0.052211 0.525400 0.638254 0.492580 -0.274102 0.187543 0.600111 0.516978
VERTEX_POSE A1601 -0.486580 0.213433 -0.560067 0.552735 -0.394070 -0.295497 -0.523076 -0.578930 -0.433681 0.352805 0.455226 0.679659 -0.438504 0.428350 -0.367677 -0.224198 0.429803 -0.357043 -0.599474 0.298990
VERTEX_POSE A1602 -0.513376 0.943556 0.063564 0.113615 0.279687 -0.315939 -0.782603 -0.350556 0.548443 -0.558021 0.195128 -0.058835 0.027633 0.627380 -0.752293 -0.135299 0.368499 0.173169 -0.238906 0.556452
VERTEX_POSE A1603 -0.851539 -0.794065 0.383840 0.676719 0.186380 -0.478518 0.603600 0.583372 -0.381248 -0.443774 0.376433 0.411275 0.410520 0.235973 0.657024 -0.190857 0.580511 0.157613 0.483506 -0.353977
VERTEX_POSE A1604 0.529086 0.128944 0.356722 0.172564 0.482758 0.468327 0.667987 -0.494681 0.661575 -0.116794 0.037263 -0.174470 -0.299989 -0.523555 0.318988 -0.647022 -0.424818 0.459123 -0.177544 0.547104
VERTEX_POSE A1605 -0.424289 0.528702 0.762336 0.925863 0.212738 -0.122874 0.092197 0.636893 -0.014578 -0.121485 0.691820 0.749528 -0.601695 0.125029 -0.333032 -0.073750 0.275914 0.558557 0.780554 0.154896
VERTEX_POSE A1606 0.707872 0.926025 0.376216 -0.741598 0.727011 -0.385392 0.398402 -0.592599 -0.712471 -0.096503 -0.201500 0.077258 -0.609845 -0.113179 -0.312289 0.417203 0.717566 -0.490270 -0.534784 0.283750
VERTEX_POSE A1607 -0.427057 -0.332268 0.653843 0.469269 0.012572 -0.367549 0.391869 0.673034 -0.262291 0.560094 -0.454018 -0.550792 0.025656 0.275991 -0.283626 0.360277 -0.458132 0.642102 0.634252 0.234174
VERTEX_POSE A1608 -0.084257 -0.923510 0.696106 0.071712 -0.893933 0.453636 0.169329 -0.335359 -0.497547 0.682004 -0.209310 -0.477381 -0.498284 0.378620 -0.333274 0.382652 0.351952 -0.455739 -0.333900 -0.759276
VERTEX_POSE A1609 0.358223 0.157319 -0.720632 -0.114177 0.275092 0.322922 0.497641 0.404608 -0.480598 -0.608081 0.087394 -0.591693 0.590110 -0.434357 0.475446 -0.150680 -0.793018 -0.297653 0.107968 -0.105408
VERTEX_POSE A1610 -0.454963 -0.140799 -0.541764 -0.488465 0.402545 -0.452563 0.447548 0.626677 -0.612547 -0.242303 0.093333 -0.213603 -0.627812 0.355028 0.608575 -0.189262 0.667584 -0.063116 -0.557694 -0.163864
VERTEX_POSE A1611 0.012840 -0.032641 0.737084 -0.640824 0.429552 -0.249418 0.498652 0.698061 0.208789 -0.160109 -0.380118 0.372829 -0.589716 0.513735 -0.292572 0.263137 -0.320596 -0.818289 -0.555612 0.038934
VERTEX_POSE A1612 0.429483 -0.674593 0.038288 0.234682 0.112444 -0.061553 -0.363275 -0.667411 0.048618 0.463522 0.019756 0.524349 0.230791 -0.653292 -0.646364 0.634186 -0.297378 0.548744 0.444659 0.197354
VERTEX_POSE A1613 -0.681335 0.802455 0.823013 0.512333 0.155168 0.510075 -0.249508 0.378108 -0.255182 -0.797881 0.401497 0.514872 -0.344409 -0.666450 0.361909 0.416667 0.478503 0.527859 -0.094354 0.150709
VERTEX_POSE A1614 -0.290584 0.100165 0.608232 0.151344 -0.254844 -0.121936 -0.573118 0.206441 -0.510845 0.190232 -0.483252 0.073844 0.670175 -0.203157 0.527281 0.321000 0.466491 0.663845 -0.288396 -0.681882
VERTEX_POSE A1615 -0.046137 -0.944677 0.115172 0.377717 -0.160678 0.275580 0.060754 -0.694801 0.230574 -0.604124 -0.112873 -0.525076 0.561492 -0.082073 0.419513 0.422513 -0.437960 0.647453 0.370881 0.553142
VERTEX_POSE A1616 0.567372 0.925246 0.516151 -0.981211 -0.409180 0.125014 0.739646 0.652998 -0.090095 -0.143730 0.326525 0.819204 -0.365263 0.237500 0.071522 -0.370282 0.397648 -0.547763 -0.402168 0.502439
VERTEX_POSE A1617 -0.102870 -0.937258 -0.560812 -0.678852 -0.852576 0.141684 -0.791341 0.557410 0.520528 0.036773 0.224865 0.408552 -0.328652 -0.581942 -0.444654 0.141380 0.400029 0.586808 0.494396 0.374233
VERTEX_POSE A1618 0.752137 -0.446637 -0.829054 0.246408 0.150359 -0.384705 0.571038 -0.364039 -0.488614 0.305108 -0.259171 -0.590577 -0.210598 0.219079 0.505103 0.361941 -0.417371 -0.096689 -0.636767 -0.760336
VERTEX_POSE A1619 -0.199995 -0.394889 -0.952870 -0.457976 -0.989421 0.003577 0.508809 -0.621379 0.339253 0.589229 0.021830 0.859166 -0.079418 -0.114954 0.009726 0.506911 0.741161 0.382927 -0.361466 0.225560
VERTEX_POSE A1620 0.007746 0.329163 0.539937 -0.256627 0.620072 -0.456793 -0.681638 0.321246 -0.014631 0.643970 0.356718 -0.761034 0.261802 -0.591532 0.086020 -0.089452 -0.113293 -0.452276 0.210072 0.637815
VERTEX_POSE A1621 0.559080 0.319346 0.053069 -0.016860 0.765868 -0.797890 0.269024 0.431642 0.481105 0.143108 0.624843 0.285462 0.794326 0.087168 0.132964 0.094683 -0.465226 -0.180944 0.516940 -0.446344
VERTEX_POSE A1622 0.041770 0.065681 -0.841605 0.324104 -0.468570 -0.616726 0.671340 0.293226 -0.444650 -0.717222 0.244275 0.222063 0.028058 0.577082 0.359745 0.177589 -0.387117 0.493160 0.050700 0.609480
VERTEX_POSE A1623 0.409152 -0.197354 -0.248839 0.009171 -0.978156 -0.717539 -0.239729 -0.528270 0.220318 -0.413219 0.433438 0.389186 -0.677343 -0.343230 -0.533063 -0.315558 0.642522 -0.031226 -0.461962 -0.049207
VERTEX_POSE A1624 -0.609782 -0.104880 0.544051 -0.103818 -0.384701 0.627865 -0.701764 0.126863 -0.040290 -0.307357 0.234500 0.400494 0.015734 -0.763267 -0.612842 -0.540377 -0.509640 -0.261136 -0.347568 0.294289
VERTEX_POSE A1625 -0.618297 0.906363 -0.867293 0.835191 0.894794 0.530779 0.046240 0.828208 -0.221519 0.496028 0.080336 -0.546169 0.560711 0.350652 0.477683 0.600436 -0.423229 -0.377783 -0.277305 0.074421
VERTEX_POSE A1626 -0.631971 0.829533 -0.075903 -0.446664 -0.604002 0.453257 -0.245772 0.665129 0.375897 -0.651112 -0.614613 0.388356 0.677636 -0.260803 -0.577044 0.008265 -0.227985 -0.411656 -0.237466 0.244661
VERTEX_POSE A1627 0.523623 0.961811 -0.194513 -0.538695 0.298664 0.008731 0.668074 0.661899 0.046985 -0.554105 0.236206 -0.117621 -0.232779 -0.002230 -0.637513 0.340697 -0.533742 -0.759907 -0.276377 0.470330
VERTEX_POSE A1628 0.034388 0.963271 -0.114814 -0.504246 0.792196 -0.297000 -0.617254 0.530274 -0.073368 -0.400867 0.007446 0.308580 -0.157643 0.539608 -0.381432 0.650281 0.596282 0.815902 0.102890 0.268373
VERTEX_POSE A1629 -0.685796 0.525491 0.533885 0.263175 -0.352192 0.098795 0.317955 0.075172 0.292865 0.682701 -0.582908 -0.230326 -0.279454 -0.097086 0.710906 -0.566953 -0.385042 -0.588244 -0.182464 -0.704901
VERTEX_POSE A1630 -0.567678 0.808505 -0.898944 0.100293 -0.952542 0.105185 0.790389 0.028842 -0.473765 -0.147193 -0.397267 0.746090 -0.202255 -0.611054 0.366664 0.328814 0.251884 0.270905 -0.452320 0.636015
VERTEX_POSE A1631 -0.742398 -0.290153 0.932906 -0.469124 -0.276927 0.117165 -0.436430 -0.552069 0.454148 -0.665612 0.344356 -0.396137 -0.232618 -0.625103 -0.788135 -0.305340 0.427369 0.044053 0.468131 -0.056927
VERTEX_POSE A1632 -0.172375 -0.261076 0.973818 -0.184090 0.253738 -0.651703 -0.369602 0.484288 0.697271 -0.623361 0.297722 0.212883 0.338867 0.172646 -0.174981 -0.567505 -0.684377 0.114715 0.194735 -0.422669
VERTEX_POSE A1633 -0.081053 0.752060 0.164620 -0.786092 0.327145 0.896839 -0.127719 0.120510 -0.249156 0.422613 0.737277 0.330882 0.266994 0.451043 -0.060184 -0.447906 0.291704 -0.143167 -0.730192 0.391624
VERTEX_POSE A1634 -0.593937 -0.084218 0.316746 -0.792405 0.909453 -0.280573 -0.704845 0.384183 -0.465239 -0.428999 -0.610109 0.579983 -0.123905 -0.160298 0.328991 -0.397828 0.480555 -0.510114 0.381490 0.472802
VERTEX_POSE A1635 -0.643290 0.867869 0.330540 0.988474 -0.263504 0.145703 0.743456 0.599683 0.269943 0.348206 -0.397910 -0.642460 0.532684 -0.405992 -0.644706 -0.162764 0.137670 0.278390 0.125628 -0.546137
VERTEX_POSE A1636 0.494658 0.280762 -0.073043 -0.860229 -0.460118 0.262602 -0.284839 -0.856355 0.369431 0.420075 -0.311240 -0.834663 0.149189 -0.320656 -0.306651 0.028026 -0.249467 0.062167 0.848151 -0.068796
VERTEX_POSE A1637 -0.886064 -0.158193 -0.307038 -0.534003 0.636463 -0.501724 0.620951 0.384781 0.286993 -0.405555 0.131779 -0.687666 -0.220868 -0.580012 0.188000 0.196794 -0.631956 -0.397088 -0.602025 0.314319
VERTEX_POSE A1638 -0.070347 -0.464399 -0.015618 0.457743 0.749068 -0.575669 -0.416537 0.616918 -0.256805 0.154840 0.325013 0.392555 0.583688 0.590585 0.450497 -0.263507 0.402985 0.495590 -0.626413 0.050899
VERTEX_POSE A1639 -0.589599 0.357252 -0.376937 0.211483 -0.354051 0.681826 0.615004 0.251757 0.512444 -0.221711 0.121153 0.485074 -0.494420 -0.586394 -0.059925 -0.331106 0.596510 0.183376 -0.467474 0.471442
VERTEX_POSE A1640 0.472159 0.999126 -0.027670 0.351820 -0.088444 -0.200726 -0.148286 0.122381 -0.382822 -0.012310 0.782723 -0.246438 0.646894 0.279804 0.606999 -0.423495 0.529858 0.619658 0.616474 0.115450
VERTEX_POSE A1641 0.474689 0.394802 0.442618 0.969278 0.151613 -0.620790 0.433094 0.003393 -0.600638 -0.477868 -0.565775 -0.058990 -0.736330 0.514876 0.314247 -0.204553 -0.536462 0.389387 0.006879 -0.356368
VERTEX_POSE A1642 0.423241 -0.675389 -0.639853 0.570660 -0.924498 -0.478209 0.577739 0.566130 0.575517 0.467262 -0.101090 0.022315 0.446788 0.097995 -0.650630 0.099737 -0.607807 -0.127586 -0.488177 0.538744
VERTEX_POSE A1643 -0.098358 -0.675467 -0.989382 -0.413498 -0.976001 -0.482134 0.428586 -0.452691 0.137723 -0.795004 -0.512795 -0.670745 -0.140947 -0.288577 -0.340535 -0.248769 0.198909 0.427453 0.320204 -0.639743
VERTEX_POSE A1644 0.793355 0.197257 0.265631 0.481610 -0.693219 0.432218 0.429701 -0.600388 -0.399029 -0.265119 0.113090 0.379262 -0.410188 0.374213 0.416068 0.486728 0.668669 -0.580526 0.583019 0.198978
VERTEX_POSE A1645 -0.867343 0.424776 0.968379 -0.277996 -0.179343 0.297633 -0.327525 0.836884 0.023106 -0.721743 -0.481477 -0.610432 -0.017907 0.166104 0.067308 0.603447 -0.091357 0.730564 0.085702 -0.178514
VERTEX_POSE A1646 0.855505 -0.620144 0.125790 0.964218 -0.136679 -0.706262 0.538001 -0.049417 -0.072709 0.104769 0.648450 -0.433213 0.157687 -0.055359 -0.249332 -0.386787 0.686162 -0.496052 -0.724644 -0.321229
VERTEX_POSE A1647 0.360727 0.122503 -0.218218 0.500399 -0.102399 -0.307522 0.390868 -0.644305 0.790669 -0.212108 -0.486268 -0.176479 0.255743 0.182059 -0.063381 -0.620367 0.293265 -0.495087 -0.593273 -0.478816
VERTEX_POSE A1648 0.029786 0.487518 -0.592433 0.043152 -0.031919 -0.500174 0.428093 -0.017967 -0.445158 -0.215871 0.744264 0.494569 0.163581 -0.070480 0.421850 0.608375 0.593831 -0.359311 0.610948 -0.296894
VERTEX_POSE A1649 0.607642 -0.066782 0.296736 0.210627 -0.986320 -0.577932 0.441243 -0.313165 -0.404987 -0.643494 -0.449703 0.226882 -0.508952 0.338170 0.430255 -0.144230 -0.723129 0.515155 0.333745 -0.249842
VERTEX_POSE A1650 -0.839268 0.727614 -0.171088 -0.957577 -0.091820 0.278543 -0.801278 -0.061600 0.446479 -0.317172 0.002898 0.645430 0.185573 0.507802 0.129407 -0.056392 -0.762524 0.538279 0.468761 -0.396096
VERTEX_POSE A1651 -0.962467 -0.183319 0.947505 0.786525 -0.411848 -0.022677 -0.746382 -0.076146 0.602430 -0.430995 0.531539 -0.005684 0.339627 0.691868 -0.357625 -0.332848 -0.064681 -0.713187 -0.176131 0.478333
VERTEX_POSE A1652 0.166722 -0.747435 -0.650195 -0.806233 0.779548 -0.573595 -0.427030 -0.420189 0.573409 -0.558765 0.064002 -0.488927 -0.486665 0.527865 -0.160846 0.156179 -0.603642 -0.277975 0.494158 0.419904
VERTEX_POSE A1653 0.202502 -0.206705 -0.012693 0.366527 0.439611 0.627628 -0.275336 0.610561 -0.426746 -0.199236 0.226325 0.270615 -0.371201 -0.744910 0.198276 0.863583 -0.068795 -0.558055 -0.030480 0.127941
VERTEX_POSE A1654 0.446685 0.619326 -0.301335 -0.204304 -0.390004 0.218049 -0.689707 0.207942 -0.161409 0.037656 0.956023 0.135848 -0.632817 -0.141533 -0.932893 -0.298013 -0.117834 -0.194054 0.183348 -0.094146
VERTEX_POSE A1655 0.556940 0.147685 0.893856 0.089949 -0.605153 -0.385284 0.223827 0.215358 0.395603 -0.556263 -0.466938 0.163939 -0.607100 0.520509 -0.689047 -0.332718 -0.534588 0.439764 0.401500 -0.422937
VERTEX_POSE A1656 0.584206 -0.300342 0.120014 0.201718 0.334405 -0.449296 0.631915 0.024802 -0.507985 0.237343 0.436460 -0.676314 -0.362040 -0.314319 0.285343 0.590952 -0.033777 -0.035533 0.253089 -0.841992
VERTEX_POSE A1657 0.814714 0.448860 0.622762 0.349032 0.005994 -0.137322 -0.445066 -0.467114 -0.948604 0.283061 0.100540 0.063178 0.577300 -0.770515 -0.160917 -0.271914 0.085537 -0.226731 -0.560874 -0.413142
VERTEX_POSE A1658 0.080564 0.109496 -0.300657 0.551254 0.693511 0.204678 0.105349 -0.709409 -0.134886 -0.409745 -0.611641 -0.656174 0.509639 -0.293287 -0.596758 -0.661873 0.119263 0.391444 -0.351004 -0.149646
VERTEX_POSE A1659 -0.381407 -0.337071 -0.994800 0.697473 0.126600 -0.747229 -0.008037 0.647800 -0.276481 -0.606282 -0.315523 0.145772 -0.327222 0.358999 0.404371 0.353325 0.465167 0.424784 -0.632807 0.368157
VERTEX_POSE A1660 -0.871082 -0.025649 0.156647 -0.387793 0.653802 -0.289671 -0.324867 0.783496 -0.333996 -0.689385 -0.053487 -0.081596 -0.421280 -0.556231 0.891574 -0.383534 0.195188 -0.054554 0.307629 0.189161
VERTEX_POSE A1661 0.512886 -0.081999 -0.199601 -0.348453 0.740969 0.197410 0.537498 0.385078 0.431172 0.456868 0.370250 -0.362108 0.461968 -0.481728 -0.769390 0.307288 0.356191 0.228114 0.441052 -0.596403
VERTEX_POSE A1662 -0.123805 0.372776 0.938106 -0.771651 0.849673 -0.651537 0.437602 0.492152 0.666330 0.493834 0.540758 -0.338677 0.377169 -0.133155 0.086179 0.379987 -0.329163 -0.096822 -0.527244 0.582485
VERTEX_POSE A1663 -0.043457 0.713275 0.130465 0.428116 -0.092460 -0.474662 0.680950 -0.443165 -0.553815 -0.595915 -0.265769 -0.628405 0.111329 0.371247 0.144604 -0.160627 -0.769357 -0.228433 -0.378150 0.056889
VERTEX_POSE A1664 -0.568167 -0.329939 0.965020 -0.134545 0.068114 -0.625829 0.701877 -0.241034 -0.114348 -0.410068 -0.901052 -0.364683 -0.444821 0.285280 -0.466833 -0.113474 0.156583 0.494303 0.358428 -0.155260
VERTEX_POSE A1665 0.282258 -0.711441 0.254853 -0.564057 0.759125 0.269928 0.612273 -0.250188 0.622015 -0.191411 -0.366832 -0.082801 0.674120 -0.296487 -0.625365 -0.200253 -0.710297 -0.377226 0.306505 0.458708
VERTEX_POSE A1666 0.313253 0.581144 -0.538995 0.416590 0.644036 -0.008266 0.439413 -0.610140 0.204428 0.533124 0.715933 -0.714623 -0.388582 0.280150 0.647078 -0.500892 0.115458 -0.169541 0.347570 0.152820
VERTEX_POSE A1667 0.926491 0.950823 -0.108024 0.005226 0.607996 0.665679 -0.186237 -0.658630 -0.360185 -0.756112 0.053180 0.101183 0.346758 0.018260 -0.547716 0.008592 -0.733589 0.341917 -0.522777 0.157772
VERTEX_POSE A1668 0.396194 0.130366 0.947815 -0.098060 0.395589 0.620602 -0.452911 0.032043 0.529801 -0.066311 0.114015 0.140301 0.617822 -0.598494 0.429114 -0.003012 -0.505054 0.361027 0.639345 0.610491
VERTEX_POSE A1669 -0.757094 -0.883255 0.445387 -0.125667 0.393104 -0.478461 -0.055820 -0.458699 0.554492 0.443945 0.245275 -0.342656 0.476359 -0.298546 -0.354504 -0.473218 0.618082 -0.469604 0.590715 0.508213
VERTEX_POSE A1670 -0.663108 0.308075 0.515039 -0.783291 -0.746055 0.436006 0.188903 0.221275 0.102204 -0.877397 0.448677 -0.621607 -0.280672 -0.285973 -0.272540 0.308846 0.798044 -0.582048 0.142573 0.176271
VERTEX_POSE A1671 -0.131647 0.129491 -0.079856 -0.746240 -0.692855 0.480490 0.026397 -0.435699 -0.001342 -0.629541 0.384779 -0.571486 -0.159840 -0.739428 0.608954 0.154915 -0.246598 0.267781 -0.743931 -0.233552
VERTEX_POSE A1672 0.717595 0.511546 -0.111994 -0.156389 -0.455283 -0.221728 0.162347 -0.221525 -0.370078 0.397097 0.265947 0.025462 0.545462 -0.790531 -0.193297 -0.719211 -0.504229 0.880833 0.034109 -0.031827
VERTEX_POSE A1673 0.760133 0.632686 0.875186 0.787369 -0.670553 -0.200978 0.573889 -0.674566 -0.645390 0.512443 0.396822 0.668635 0.493639 -0.103689 0.042514 0.205515 0.119485 0.306921 0.349482 0.602051
VERTEX_POSE A1674 0.769995 0.454024 -0.069238 -0.159739 -0.668856 0.428407 0.676329 0.590435 0.531340 0.033842 -0.377431 0.251662 -0.481431 0.484140 0.297645 0.319512 -0.523107 -0.618238 0.455599 0.029991
VERTEX_POSE A1675 0.510950 -0.291197 -0.846363 -0.674778 -0.148501 -0.679104 0.163110 0.395061 0.648326 -0.243169 0.372221 0.124958 0.563573 0.648263 -0.313809 -0.507930 0.060037 -0.066338 -0.581942 0.530593
VERTEX_POSE A1676 0.892789 0.057461 0.843564 -0.490628 0.150104 -0.162411 0.432629 0.469163 0.763721 -0.321195 0.143080 -0.079091 -0.555944 0.717541 0.419138 0.632769 0.389024 -0.456531 -0.013974 0.305302
VERTEX_POSE A1677 0.625500 0.833879 -0.943448 -0.195520 0.194465 -0.214582 0.323329 -0.279979 0.511326 -0.303874 -0.048082 -0.703423 0.012091 0.497448 -0.404521 -0.778828 -0.471331 0.184553 -0.443170 0.670591
VERTEX_POSE A1678 -0.128323 0.831306 -0.064581 0.825621 0.749100 -0.074941 0.250975 0.080050 -0.310759 -0.465379 -0.801498 0.830143 -0.477603 0.029516 -0.164662 -0.564153 0.290381 -0.426101 -0.417206 0.515752
VERTEX_POSE A1679 -0.077425 -0.455021 -0.748868 0.552524 -0.881815 -0.504912 0.451317 0.313333 -0.722066 -0.507263 0.061566 0.396924 -0.305122 -0.095702 -0.209540 -0.330382 -0.695713 0.149095 -0.580298 0.636284
VERTEX_POSE A1680 0.233142 -0.232902 0.353287 -0.984894 0.208145 -0.622016 0.310573 0.304604 0.381903 -0.524611 0.702123 -0.655817 -0.433106 0.227845 -0.113001 -0.054742 0.171264 -0.156142 -0.661627 -0.577057
VERTEX_POSE A1681 0.032410 0.558921 0.764331 0.868044 -0.342720 0.266137 -0.208624 -0.440766 0.109271 -0.497416 -0.409465 0.524856 0.483696 -0.553657 -0.357382 -0.515346 -0.351235 -0.716963 0.457723 -0.456247
VERTEX_POSE A1682 -0.039892 0.361660 -0.801364 0.339049 -0.293663 -0.783591 0.040408 -0.070061 0.140767 -0.434604 0.687549 0.200286 -0.777829 -0.368971 0.465670 0.284502 -0.462011 0.330464 0.351464 0.415660
VERTEX_POSE A1683 -0.600136 0.019663 0.703092 -0.791127 -0.012307 0.001607 0.707051 0.420063 -0.704689 0.391700 -0.023552 0.042090 0.254473 -0.886009 -0.452650 -0.528992 0.130242 -0.544746 -0.045401 -0.144974
VERTEX_POSE A1684 -0.765088 -0.647784 -0.248363 0.234571 -0.903109 0.224282 0.702165 -0.016432 0.386104 0.106387 -0.610273 -0.079558 -0.083871 -0.760997 0.400134 0.486343 0.169704 -0.796357 0.502078 -0.139216
VERTEX_POSE A1685 -0.593207 -0.019014 -0.102698 -0.865255 0.316334 0.273856 0.495989 -0.580404 0.841609 -0.097636 -0.003300 -0.045305 0.639334 0.670002 0.378306 -0.376580 0.457307 -0.267449 -0.440342 -0.071330
VERTEX_POSE A1686 0.956805 -0.832652 0.596948 0.298822 0.382540 -0.495780 -0.484493 -0.567155 0.351018 -0.859562 0.189209 -0.730510 -0.110012 0.440680 -0.265089 -0.003154 0.420359 -0.164536 0.119612 -0.521186
VERTEX_POSE A1687 0.819118 0.051874 0.871651 -0.563710 0.431295 -0.584872 -0.185293 0.395678 -0.314379 0.639805 0.516171 -0.362812 0.169550 -0.124223 -0.330373 0.473542 -0.723817 -0.564191 -0.550751 -0.194074
VERTEX_POSE A1688 -0.778493 -0.570154 -0.479936 0.483776 -0.677672 -0.243003 -0.914812 0.065854 0.425065 0.009720 -0.745169 0.548323 -0.249645 0.137713 -0.263987 -0.214333 -0.632911 -0.624438 0.234016 -0.144380
VERTEX_POSE A1689 0.037369 0.276844 -0.703709 -0.149923 0.076052 0.416290 -0.446106 -0.500552 0.301078 -0.111556 -0.398373 -0.059947 -0.452345 0.629357 -0.512882 0.450162 -0.343000 0.685137 0.617481 0.277501
VERTEX_POSE A1690 -0.562289 0.714803 0.876850 -0.866238 -0.442104 0.571040 -0.149943 0.325816 -0.080696 -0.679612 -0.008188 0.236938 -0.587417 -0.555280 -0.672551 -0.366077 0.449173 0.398668 -0.191242 0.619423
VERTEX_POSE A1691 -0.649575 0.404197 0.676711 -0.904017 0.976130 -0.186666 0.405718 0.421298 0.258428 0.607277 -0.168004 -0.586536 0.216542 0.555851 0.616811 0.412176 0.302056 0.417001 -0.499828 0.627753
VERTEX_POSE A1692 -0.449745 -0.805155 0.096690 0.501624 -0.182979 -0.050766 -0.773818 0.169405 -0.033997 -0.128752 -0.715793 -0.090746 0.210814 0.654765 0.693370 0.400331 -0.089872 -0.712229 0.424172 -0.148825
VERTEX_POSE A1693 0.313906 0.087579 0.814957 -0.637889 -0.592431 -0.573803 -0.285641 -0.260662 -0.050604 -0.108638 0.526218 -0.044017 0.430396 0.691553 -0.716466 0.559010 -0.094585 0.391061 0.639433 -0.409826
VERTEX_POSE A1694 0.306967 0.117472 -0.192823 0.524100 -0.116330 0.458639 0.548058 -0.219400 -0.719003 0.371842 -0.324543 -0.167822 0.459825 -0.291152 0.469597 0.003244 -0.596784 0.154918 0.591538 0.636879
VERTEX_POSE A1695 -0.017912 -0.135094 0.061710 -0.632922 0.885135 -0.625848 0.010037 -0.502885 -0.337944 0.821345 -0.095766 -0.067506 -0.243660 -0.317991 -0.199973 -0.440997 -0.423901 0.670494 0.267288 -0.676111
VERTEX_POSE A1696 -0.403836 0.376138 0.069809 -0.201946 -0.833306 -0.163497 0.544313 -0.264744 0.775717 0.231769 0.555498 -0.468361 -0.047528 0.625748 -0.385826 0.175930 0.476794 -0.057522 0.785363 -0.049386
VERTEX_POSE A1697 -0.379780 -0.301384 0.268182 -0.059310 -0.472294 -0.005281 0.528912 0.713355 -0.187623 0.122665 0.433318 -0.655973 0.184962 -0.304314 -0.643130 0.200526 -0.067347 -0.347640 -0.794219 0.454111
VERTEX_POSE A1698 -0.091422 -0.184270 0.953686 0.372304 0.493131 -0.553253 -0.182875 0.469698 -0.566647 -0.170451 -0.667929 0.151835 0.179913 0.417904 -0.272486 -0.598539 0.366083 0.524900 -0.739517 -0.156826
VERTEX_POSE A1699 0.992359 -0.493496 0.017624 0.699994 0.562283 0.521263 -0.563159 0.611991 -0.431674 -0.299238 -0.168422 -0.603954 -0.133833 0.476311 -0.419291 -0.133188 0.295218 -0.037103 -0.746765 -0.532049
VERTEX_POSE A1700 -0.136874 -0.184639 -0.286431 0.815023 0.920810 0.145972 -0.621304 -0.334489 -0.182158 0.285838 0.319925 -0.638288 0.417028 -0.564567 0.256802 -0.009151 -0.673319 0.687132 0.598567 -0.116925
VERTEX_POSE A1701 0.245470 -0.876195 0.468725 0.589013 0.747076 -0.223171 -0.207346 -0.392220 -0.816475 -0.141369 0.177868 -0.406439 0.783050 -0.313023 -0.285824 -0.187835 0.625449 0.191508 0.537191 0.570400
VERTEX_POSE A1702 -0.139288 0.635995 0.937768 0.953754 0.869428 -0.681385 0.596799 -0.378683 0.165612 0.518240 0.688403 -0.588667 -0.168868 0.491009 -0.375572 -0.439323 0.305282 0.143890 0.392093 0.220029
VERTEX_POSE A1703 -0.419279 -0.673093 0.601575 -0.341366 -0.534472 0.017865 -0.744215 0.409126 0.119638 -0.415661 -0.821320 -0.640647 0.013388 -0.353759 0.122417 -0.492085 0.000442 -0.748300 -0.176188 0.181393
VERTEX_POSE A1704 0.005603 0.756490 0.343910 0.376381 -0.923477 -0.383936 0.357979 0.106204 0.052582 -0.069538 -0.530306 0.655119 -0.495517 -0.092746 -0.469943 -0.296060 -0.704096 -0.446992 -0.730635 0.450714
VERTEX_POSE A1705 -0.369294 0.090019 -0.131470 -0.205985 -0.799428 -0.302609 -0.689582 -0.427463 0.404169 0.494195 -0.620428 -0.268387 0.010906 0.184384 -0.598520 0.231115 -0.559438 -0.561086 0.476145 0.292192
VERTEX_POSE A1706 -0.908329 0.035710 0.755212 -0.016144 0.317026 0.472865 -0.139576 0.655329 -0.044401 -0.160890 0.039463 -0.158417 0.626016 -0.337550 -0.229423 0.653202 0.621438 -0.834684 -0.368868 0.262412
VERTEX_POSE A1707 -0.101608 -0.186048 0.187475 0.885754 0.226628 -0.736511 0.003495 0.517284 -0.159495 0.398394 -0.471195 -0.485790 -0.688459 -0.441671 0.437474 -0.596550 0.284777 -0.068826 0.106876 0.483963
VERTEX_POSE A1708 -0.743794 -0.076102 -0.074919 0.598495 0.395037 0.699693 -0.015966 -0.625366 0.468195 0.569388 0.145516 0.018914 0.382782 0.206585 0.385440 -0.725916 0.279606 -0.377228 -0.045448 -0.683290
VERTEX_POSE A1709 -0.036652 -0.132983 -0.309369 -0.190523 0.066126 0.628593 -0.532534 -0.121410 -0.748134 -0.605859 0.014568 -0.169776 0.546256 0.185953 0.066969 -0.019196 0.738123 -0.108895 0.224897 -0.636902
VERTEX_POSE A1710 0.820967 0.358931 0.438606 0.438278 0.344813 0.573356 0.266620 -0.583334 0.189613 -0.018209 -0.179130 -0.521933 0.709493 0.109327 -0.394000 -0.647714 -0.203413 0.455697 -0.075286 0.757829
VERTEX_POSE A1711 0.489348 0.690996 -0.721631 0.613601 -0.396817 -0.618177 -0.486989 0.235848 -0.355802 0.287402 0.558595 -0.100913 -0.607222 -0.496007 -0.518505 0.005690 -0.015904 0.460685 -0.558114 0.621346
VERTEX_POSE A1712 0.995758 -0.574063 -0.545039 -0.322479 0.723407 -0.656361 -0.609573 0.145980 0.680728 -0.374584 0.398958 0.045814 -0.078900 0.642758 -0.319644 0.370877 0.630475 -0.039105 0.586798 0.094264
VERTEX_POSE A1713 -0.218925 -0.279409 0.637242 -0.222673 -0.948850 0.223817 -0.703094 0.123367 0.137756 0.571026 0.643304 -0.366046 0.189194 -0.022823 0.567576 -0.157882 0.484192 0.689055 0.344771 -0.579635
VERTEX_POSE A1714 0.889212 -0.289341 0.981461 0.822474 0.590876 -0.477198 -0.635022 0.104594 0.817639 -0.382612 -0.176712 0.252657 0.119205 0.004461 0.191833 -0.279857 0.887566 -0.055795 -0.598185 -0.412359
VERTEX_POSE A1715 -0.769330 -0.221847 0.206599 0.912092 0.820298 0.416057 0.104513 0.207883 -0.191824 -0.456418 0.311089 0.552194 0.226887 -0.605973 -0.485364 0.809154 0.083329 -0.499604 -0.273043 -0.697037
VERTEX_POSE A1716 0.187868 0.701577 -0.465456 -0.087928 0.367484 0.597888 0.080180 -0.482263 -0.439047 0.032580 -0.532616 0.323413 -0.132537 0.630743 -0.139833 -0.962635 -0.080725 0.570629 -0.219719 -0.281764
VERTEX_POSE A1717 0.846017 -0.121993 0.578408 0.121297 -0.026584 0.444805 -0.323621 0.395151 0.324580 0.507680 0.398647 0.687314 0.160775 -0.707057 0.277818 -0.754938 0.063262 0.383684 0.204329 0.425446
VERTEX_POSE A1718 -0.950213 0.830027 0.078250 -0.651618 0.251593 0.173383 -0.321888 0.031599 0.527897 0.526276 0.506660 0.666575 -0.493920 0.212005 -0.374757 0.213901 0.660878 0.326341 0.574204 -0.510481
VERTEX_POSE A1719 0.409375 -0.868577 0.054608 -0.604152 0.689812 -0.258492 -0.612793 0.516607 -0.022992 0.618089 0.578426 0.530967 0.275077 -0.156302 -0.785147 0.394539 -0.153097 0.185123 0.105462 0.592176
VERTEX_POSE A1720 -0.116614 -0.845149 0.874699 0.971373 -0.950532 0.523885 0.505837 -0.239258 -0.352303 0.167933 -0.244357 -0.471412 0.676366 -0.318342 -0.305065 -0.502755 -0.662793 0.534915 -0.075457 -0.585157
VERTEX_POSE A1721 -0.512502 0.544829 -0.044900 -0.517856 0.809489 -0.511939 0.451615 0.329557 0.482727 0.438256 0.702048 0.128726 -0.270995 0.231197 -0.567332 -0.486161 0.531826 0.407991 -0.542388 0.249458
VERTEX_POSE A1722 0.759800 0.535620 -0.268681 -0.508169 0.665942 0.452663 -0.244021 0.332455 0.274196 0.153849 -0.717986 -0.362760 0.391108 -0.389281 -0.764745 -0.337024 0.088262 0.059011 -0.806370 -0.463292
VERTEX_POSE A1723 0.433641 -0.650303 -0.028611 0.472997 -0.133511 0.301733 0.535914 0.668961 -0.606906 -0.258920 0.560996 0.245505 -0.780306 0.213783 0.334660 -0.137872 0.428040 0.606921 -0.133681 -0.094096
VERTEX_POSE A1724 0.801404 -0.367591 -0.229943 -0.155745 -0.782943 -0.284035 -0.669187 -0.459326 0.560195 -0.005616 -0.460239 -0.465273 0.225041 -0.645474 0.322939 0.527019 -0.391037 -0.533607 0.473038 0.087483
VERTEX_POSE A1725 0.066767 -0.346908 0.538496 -0.984069 -0.450388 0.620313 0.579457 0.205373 -0.617434 0.230314 -0.120674 0.098812 -0.070181 0.644759 0.350662 0.100878 -0.725467 -0.318213 0.772065 0.035258
VERTEX_POSE A1726 -0.584272 0.214603 -0.966901 0.840075 -0.248376 -0.080387 0.451767 -0.404734 0.285712 0.517813 -0.576406 0.393211 -0.195778 -0.137528 -0.674956 -0.410003 -0.584315 -0.549296 0.566873 0.378956
VERTEX_POSE A1727 -0.602431 -0.991453 0.839866 0.642309 -0.616248 0.163571 0.276285 0.146906 0.686051 0.263934 0.492333 0.245146 -0.475100 0.465425 0.554061 0.291532 -0.644073 -0.368101 0.737086 0.323381
VERTEX_POSE A1728 0.686988 0.351708 -0.193322 -0.043380 0.077318 0.088240 -0.443418 0.573934 0.644841 0.076878 0.536488 0.492852 -0.588263 -0.583331 -0.433203 -0.671224 0.196308 -0.381872 0.029580 0.062997
VERTEX_POSE A1729 0.324307 -0.969667 0.986785 0.212379 -0.755245 0.681884 0.469659 -0.467644 0.162688 -0.385794 0.367829 -0.036477 0.475751 0.302677 0.711902 -0.352763 0.360349 -0.020790 -0.528964 -0.651572
VERTEX_POSE A1730 -0.610073 -0.484950 -0.142511 0.342303 0.946035 0.282033 0.327013 0.754522 -0.090809 -0.085445 -0.368809 0.674120 -0.607183 0.150710 -0.674799 -0.415618 0.519150 0.049194 0.586816 0.049463
VERTEX_POSE A1731 -0.449886 -0.832931 0.520247 -0.228356 -0.001872 -0.118447 -0.687175 0.650589 0.438320 -0.597483 -0.284918 -0.105943 0.239020 0.318582 -0.148762 0.201427 0.515504 0.872062 0.270372 0.358213
VERTEX_POSE A1732 -0.430223 -0.845863 0.455510 -0.198609 0.991831 0.523590 -0.682624 -0.171671 0.360036 -0.310721 0.608822 0.565559 0.406027 0.015571 0.523017 0.479261 -0.187763 0.053133 -0.207192 -0.751244
VERTEX_POSE A1733 0.250639 -0.848955 -0.204743 0.296056 0.815463 0.345202 0.626939 -0.487878 0.322156 -0.082288 -0.327027 0.735509 0.230372 0.510804 -0.050709 0.087487 0.610353 0.483225 -0.734473 -0.146890
VERTEX_POSE A1734 0.130835 -0.506024 0.121822 0.430278 0.463656 0.442510 -0.605922 -0.556892 0.576658 -0.316056 0.471606 -0.008450 0.304038 -0.392732 -0.610031 -0.619893 0.293585 -0.315344 -0.237195 -0.476474
VERTEX_POSE A1735 0.575379 0.910628 -0.200580 -0.822227 -0.931645 -0.423348 -0.642318 0.256634 -0.534659 -0.354495 -0.426676 0.270173 -0.157589 0.514858 -0.245736 0.445580 -0.407886 0.633669 -0.488246 -0.566248
VERTEX_POSE A1736 0.881345 0.241064 0.663787 -0.909929 -0.983965 0.949438 -0.142711 0.260278 0.049986 -0.360192 -0.446516 0.108932 0.632346 -0.323203 0.056042 -0.536458 -0.566655 0.284713 0.402798 -0.554365
VERTEX_POSE A1737 0.222506 0.529687 -0.122966 -0.585866 -0.219318 -0.329215 -0.459961 -0.275833 -0.013260 -0.639950 0.390777 0.866452 0.077403 0.035602 -0.347855 0.530404 0.595033 0.140352 -0.302624 0.644886
VERTEX_POSE A1738 -0.526229 -0.275420 0.986895 -0.936474 0.294983 0.879524 0.242487 -0.291563 -0.044087 0.651100 -0.096857 0.339445 -0.287238 0.758321 -0.070722 0.646829 0.564809 -0.322907 0.127967 -0.107471
VERTEX_POSE A1739 -0.862449 -0.835038 -0.411132 0.688566 0.411072 0.405921 0.316044 -0.177306 -0.357502 -0.321720 0.288140 0.584190 0.389176 0.468307 -0.274562 0.174375 0.786659 0.539220 -0.784058 0.217702
VERTEX_POSE A1740 -0.814146 -0.603297 0.567665 0.223611 0.846808 0.312832 -0.234991 -0.095229 -0.371503 0.460879 0.482928 0.326033 0.312011 0.652471 0.526082 0.705840 -0.441347 -0.617302 0.369876 -0.370414
VERTEX_POSE A1741 -0.705261 -0.916489 0.425501 0.501804 -0.360205 0.539221 0.008354 -0.154865 -0.229939 -0.052815 -0.770379 -0.551551 -0.651985 -0.076810 0.468896 -0.753735 0.167862 0.363726 -0.062766 -0.590302
VERTEX_POSE A1742 0.626899 0.855958 -0.132763 0.302167 -0.985745 0.487989 0.126799 0.293668 -0.231721 -0.163724 -0.034409 0.611734 -0.463168 -0.635185 0.096826 -0.736552 0.644087 -0.569717 -0.447307 -0.307029
VERTEX_POSE A1743 -0.818388 -0.177359 -0.977373 0.901132 0.570214 0.697190 -0.348426 -0.268872 -0.369558 -0.171748 0.576708 0.136231 -0.767745 0.272813 -0.545372 -0.354585 -0.713944 -0.247716 -0.365976 0.104751
VERTEX_POSE A1744 0.075814 -0.195899 0.062744 -0.720869 -0.309054 -0.565189 -0.386911 -0.032470 -0.044409 -0.859891 -0.044951 -0.521488 0.285028 -0.196845 0.606854 -0.152601 -0.478343 0.195877 -0.079746 0.854029
VERTEX_POSE A1745 0.516112 -0.433384 -0.151302 0.124641 0.605131 -0.573723 -0.150540 -0.231366 -0.256732 -0.847184 0.003824 0.059161 -0.355817 0.297242 0.201543 -0.098979 -0.925014 0.748873 -0.351019 0.049524
VERTEX_POSE A1746 -0.587718 0.600793 0.229225 0.813225 0.390512 -0.674992 -0.089364 -0.478314 -0.254096 -0.374853 0.723585 -0.223833 0.766105 0.002719 0.374148 -0.408041 -0.490513 -0.538269 -0.313187 -0.083852
VERTEX_POSE A1747 -0.736318 -0.494321 0.597288 0.191203 -0.941571 0.489105 -0.051985 -0.273787 -0.097035 0.440387 -0.729808 0.447843 0.558986 -0.095263 0.563208 0.241071 0.500525 -0.483316 0.657857 0.364446
VERTEX_POSE A1748 0.362129 0.444623 -0.572894 -0.754062 -0.421453 -0.549486 -0.159300 0.577382 -0.257392 -0.114816 0.467894 -0.347154 0.680053 0.098955 0.128887 -0.645253 0.164069 -0.703339 -0.287432 -0.641088
VERTEX_POSE A1749 -0.537930 0.430820 -0.692525 -0.838394 -0.357895 0.231332 -0.571912 0.144085 0.610953 0.359980 -0.653233 -0.306398 0.323181 -0.197520 -0.688229 -0.088470 -0.499773 0.075386 -0.656550 -0.513555
VERTEX_POSE A1750 0.673057 -0.362898 -0.348104 0.587051 0.748241 -0.651535 0.490497 0.573594 -0.035043 0.590568 -0.603032 -0.381936 -0.259287 -0.272952 -0.352200 0.185681 -0.455456 -0.551683 -0.555820 -0.159372
VERTEX_POSE A1751 -0.754485 0.599475 -0.698194 -0.782689 -0.371985 0.275991 0.759054 -0.571734 -0.596515 0.474118 0.456009 -0.678682 0.003947 -0.423080 -0.325248 -0.276756 -0.470088 -0.040035 0.349913 0.255338
VERTEX_POSE A1752 -0.050432 -0.024351 0.262575 -0.356250 -0.548406 0.707633 0.035172 -0.533012 -0.488848 -0.490362 -0.445030 0.082625 -0.444518 -0.465408 -0.498855 0.368124 -0.338296 0.067834 -0.652071 0.432201
VERTEX_POSE A1753 0.432857 -0.827278 0.383215 -0.921118 0.414183 0.011033 -0.111357 -0.017727 0.415810 -0.077058 -0.147802 0.615284 0.184067 -0.665494 -0.147831 0.968716 0.039675 -0.653109 -0.096803 -0.730331
VERTEX_POSE A1754 0.679155 0.949171 0.273195 0.690308 0.494504 0.863950 -0.404198 0.299528 0.497065 0.608064 -0.616909 0.047364 0.363245 0.379350 0.004494 0.387867 0.450686 0.065215 0.429529 0.427412
VERTEX_POSE A1755 -0.249028 0.608058 -0.967369 0.488005 -0.331349 -0.364456 0.270322 -0.579771 -0.504341 -0.489116 0.180146 -0.074361 -0.382525 -0.750008 0.779283 -0.226224 -0.226204 -0.000448 0.700135 -0.133164
VERTEX_POSE A1756 -0.500376 -0.174186 -0.078288 -0.905188 0.963795 0.287366 0.153832 -0.166139 0.409392 -0.023550 0.696309 0.579872 0.364729 -0.573831 0.601322 -0.061926 0.269613 -0.227992 0.915925 0.292539
VERTEX_POSE A1757 -0.905116 0.163774 0.306294 0.530383 -0.753872 0.338593 -0.322460 0.462142 0.458495 0.702814 0.430631 -0.044185 -0.304290 0.652888 0.817590 -0.315579 -0.383636 -0.068789 -0.458138 0.165958
VERTEX_POSE A1758 0.148541 0.616604 0.872497 0.130314 0.052403 -0.476356 -0.010763 -0.477100 0.392166 -0.890698 -0.035789 0.542417 0.357378 0.401703 0.243404 0.199794 -0.146623 -0.515587 -0.197243 0.766962
VERTEX_POSE A1759 -0.813389 -0.822478 0.728390 0.051433 0.041113 -0.562757 -0.571977 -0.306216 0.142602 0.167483 -0.519404 0.486787 -0.679329 -0.327428 -0.530821 0.267549 -0.495956 -0.379785 -0.334247 0.532230
VERTEX_POSE A1760 0.419190 0.194107 0.293079 -0.257239 -0.509117 0.347375 -0.274468 -0.339957 0.154213 -0.530831 0.508186 0.761379 -0.048982 0.359492 0.466489 0.678977 -0.144669 0.241326 -0.423646 -0.689937
VERTEX_POSE A1761 0.538468 -0.868346 -0.270014 -0.527383 -0.001562 0.494358 0.107049 -0.708675 0.643967 -0.424240 0.133075 -0.558493 -0.456232 -0.288529 0.090537 -0.741210 0.182789 0.144239 0.225879 0.602835
VERTEX_POSE A1762 -0.263275 -0.655409 0.248637 0.823077 -0.960759 -0.695915 -0.137627 0.092785 0.437640 0.304569 -0.576211 -0.429038 0.591591 -0.063526 0.193223 -0.591694 0.194478 -0.320570 -0.433837 -0.785821
VERTEX_POSE A1763 0.988967 0.348244 -0.251411 0.544153 -0.517286 -0.021478 -0.556839 -0.782655 0.663298 -0.461160 0.316055 -0.150671 0.455173 -0.311160 0.732716 0.494730 -0.373060 -0.000067 -0.159128 -0.227080
VERTEX_POSE A1764 -0.210893 -0.717300 0.525243 0.768673 -0.186099 0.667553 0.580612 -0.126496 -0.310915 0.558934 0.381348 0.068310 0.178034 -0.783635 -0.632919 0.161230 -0.454170 0.229024 -0.541102 -0.134976
VERTEX_POSE A1765 0.867560 -0.161433 -0.629541 0.253355 0.502896 0.387041 -0.490249 -0.633880 0.408519 0.589597 0.153857 -0.298251 0.173091 0.134999 -0.754226 0.127386 -0.425090 0.159689 0.604850 -0.612861
VERTEX_POSE A1766 0.564347 0.258872 0.548010 0.721926 -0.448931 0.695421 0.711022 0.103840 -0.312553 0.410700 -0.684599 -0.053357 0.121575 -0.527847 0.142265 -0.127898 -0.043610 0.628979 -0.542803 -0.489915
VERTEX_POSE A1767 -0.329548 0.523763 0.189030 0.858744 -0.170065 0.763882 -0.090559 0.366788 -0.010734 -0.319654 -0.791384 0.035949 -0.881920 0.172280 -0.643736 -0.163210 0.457118 -0.026089 0.291889 0.023263
VERTEX_POSE A1768 0.090066 -0.631746 0.247493 0.667489 -0.716422 0.435970 0.335496 -0.425459 -0.661875 -0.191489 -0.678345 0.130475 -0.701365 0.293912 0.076582 -0.550669 -0.189336 -0.590731 0.235853 0.486416
VERTEX_POSE A1769 -0.961882 0.983451 0.534905 0.785452 0.846051 -0.513746 0.261466 0.052310 0.040796 0.504510 0.699638 -0.593622 0.021751 0.328411 0.613960 0.111811 0.373942 -0.071182 -0.814942 0.509983
VERTEX_POSE A1770 -0.191996 0.688725 0.777898 0.547310 -0.758993 -0.110670 0.166943 -0.031164 0.579389 -0.629622 -0.488769 0.320002 0.113359 0.358412 0.698607 0.244725 0.465203 0.248209 0.709200 -0.644407
VERTEX_POSE A1771 0.275920 -0.235043 -0.184842 -0.108899 -0.869614 0.362178 -0.710122 -0.452501 -0.215039 -0.387697 -0.241198 -0.012469 0.501819 -0.586613 0.132929 -0.201114 0.626403 -0.897084 -0.230538 -0.023897
VERTEX_POSE A1772 -0.667143 -0.933038 -0.039594 0.287256 -0.514153 0.814426 -0.469791 0.119737 -0.365782 -0.549997 0.734009 -0.005576 0.443459 0.466315 -0.099793 -0.418900 -0.362820 0.439231 0.323522 0.312738
VERTEX_POSE A1773 -0.565097 0.544683 -0.354864 -0.150523 -0.744738 0.248358 0.638979 0.634695 -0.390736 0.468545 -0.523681 -0.387876 -0.288378 0.048888 0.292269 0.449361 -0.499783 0.741467 -0.295100 -0.265985
VERTEX_POSE A1774 0.457533 0.587597 -0.162215 -0.207767 0.700600 0.129940 -0.065121 0.016944 -0.701401 -0.167445 -0.596232 0.156792 0.502890 -0.640949 -0.499089 -0.344919 0.261243 0.466345 -0.771916 -0.406394
VERTEX_POSE A1775 0.408671 -0.128936 -0.976850 0.566388 0.176792 -0.561466 -0.504021 -0.075181 0.327634 0.453251 -0.488499 0.681970 -0.360527 0.515731 0.287332 -0.640677 -0.571044 0.172536 -0.008899 -0.404533
VERTEX_POSE A1776 0.951015 -0.888701 0.493833 0.974119 0.860393 -0.621522 0.088772 -0.441700 0.193743 -0.480735 0.437615 0.017131 0.525339 -0.140901 0.519229 0.615547 0.123226 0.553427 -0.325783 -0.760498
VERTEX_POSE A1777 0.869815 0.188391 -0.932990 -0.394543 0.091112 0.582021 0.184324 0.674652 0.656141 0.405836 -0.567067 0.291223 -0.467574 0.326375 -0.109196 0.602406 0.238429 -0.366054 0.468832 0.244767
VERTEX_POSE A1778 0.672353 0.376742 0.620438 -0.242409 0.235222 0.111748 0.044378 -0.088888 0.743276 0.276635 -0.532222 -0.245246 0.397952 0.264894 0.577269 0.110704 0.797659 0.204129 -0.866535 0.049095
VERTEX_POSE A1779 0.313143 0.555922 0.920940 -0.779944 -0.561061 0.474821 -0.007359 -0.315836 -0.450235 -0.116827 0.525773 0.174136 0.578840 -0.282424 -0.732997 0.133923 -0.628830 -0.065012 0.795806 0.385512
VERTEX_POSE A1780 -0.668115 -0.380789 -0.625515 -0.232936 0.733217 -0.515037 -0.586566 0.112395 -0.716895 0.528614 -0.416443 -0.010209 0.332297 0.695971 -0.437740 0.017498 0.567444 0.170521 0.515539 0.087028
VERTEX_POSE A1781 0.345410 -0.986156 -0.727666 -0.655358 -0.016537 0.166485 0.362524 0.607268 -0.825014 0.351589 0.038089 -0.518980 -0.229575 0.171418 0.103528 0.786799 -0.460977 0.107593 0.270563 0.622809
VERTEX_POSE A1782 0.558658 0.155397 -0.777255 -0.562633 0.066954 0.572133 0.739939 -0.294830 0.249190 0.167567 0.585151 -0.486282 0.483702 -0.155164 0.586448 -0.297390 0.126119 -0.173714 0.319380 0.728486
VERTEX_POSE A1783 0.281453 0.594860 0.637059 0.410814 -0.815189 -0.100206 -0.387067 -0.825364 -0.201368 -0.630720 -0.021459 -0.630118 -0.368588 0.482633 -0.515528 0.495577 -0.197064 -0.535342 0.266305 -0.215743
VERTEX_POSE A1784 -0.221733 -0.813435 0.655549 -0.576477 -0.602354 -0.654985 0.589459 0.173938 -0.069256 -0.528584 0.718178 0.158117 0.315498 0.659841 -0.690716 -0.269386 -0.037911 -0.253197 -0.448362 -0.130914
VERTEX_POSE A1785 0.237813 0.104568 0.495940 -0.872325 -0.438542 0.307161 0.422074 0.133793 0.501548 -0.638843 0.371713 0.760342 0.068376 -0.543564 0.091029 0.538581 -0.067294 0.260185 0.344947 0.737522
VERTEX_POSE A1786 -0.967575 0.202917 0.669691 -0.101181 -0.146538 -0.455474 0.602448 -0.119610 0.219416 0.585949 0.712456 0.353982 -0.400237 0.439755 0.453712 0.208223 -0.481284 0.642839 0.300288 -0.230392
VERTEX_POSE A1787 0.277891 0.012379 -0.422739 -0.481664 -0.638559 -0.342052 0.059582 0.826080 0.137487 0.231551 -0.362732 -0.421654 0.381407 -0.337405 -0.561739 -0.765054 -0.258241 -0.608896 0.460496 -0.074069
VERTEX_POSE A1788 0.332697 -0.731658 -0.197765 0.658058 -0.192414 -0.053989 -0.548805 -0.098024 0.078894 0.151338 0.767015 0.289857 -0.652485 0.474164 0.624780 0.460565 0.133846 0.718675 -0.195072 -0.399165
VERTEX_POSE A1789 0.180966 -0.180478 0.542188 -0.970866 0.905865 0.239103 -0.469762 -0.452541 0.617893 0.238655 -0.054183 -0.583537 0.479083 0.027830 0.154163 0.615864 -0.667603 -0.443572 -0.336986 -0.588050
VERTEX_POSE A1790 0.464502 0.189901 -0.694350 0.569769 0.402554 -0.471428 -0.475158 -0.443937 0.520515 0.395549 -0.600621 -0.127672 -0.380000 -0.148703 0.622733 -0.645015 -0.184326 -0.320505 0.239420 -0.621358
VERTEX_POSE A1791 -0.248112 0.462449 -0.904686 -0.599181 0.298469 0.347604 0.344796 -0.514049 -0.629747 0.698794 0.264236 -0.283280 -0.159247 0.060884 0.571200 0.574701 0.262377 0.275815 -0.192775 0.770315
VERTEX_POSE A1792 -0.280566 -0.048824 -0.727826 -0.498249 -0.095697 0.425811 0.142535 0.746716 0.559762 0.258760 -0.440064 0.662112 0.053640 -0.062295 -0.258666 0.925498 0.130710 0.007182 -0.230877 0.477277
VERTEX_POSE A1793 -0.798773 0.534492 0.554287 0.392846 0.441795 -0.898867 -0.218122 -0.130926 -0.118201 0.684547 -0.653741 -0.166876 0.031058 0.459149 -0.047357 0.664230 0.534990 -0.384677 0.204091 0.241764
VERTEX_POSE A1794 -0.259145 -0.189306 -0.156097 0.944972 0.781183 -0.447340 -0.314531 -0.246015 -0.789160 -0.038052 0.530239 -0.085322 -0.412868 -0.146413 0.401958 -0.640179 0.623494 0.090899 0.565096 0.498139
VERTEX_POSE A1795 0.508541 0.233876 0.797417 -0.729576 0.718203 0.098225 -0.545461 -0.310611 0.521023 -0.658133 0.326186 -0.485248 -0.450175 -0.429691 -0.304580 -0.142119 0.760124 -0.625021 -0.215588 0.186280
VERTEX_POSE A1796 -0.931213 -0.626941 0.924746 -0.353799 -0.055309 -0.096370 -0.518130 -0.741976 0.385356 0.241095 -0.555805 -0.177455 0.652586 -0.364165 0.525375 -0.420845 0.067239 -0.731235 -0.265396 -0.058435
VERTEX_POSE A1797 -0.694798 -0.930434 -0.608087 0.666898 -0.667748 -0.214946 0.603541 0.498367 -0.256629 -0.453510 0.560164 -0.216520 0.493748 -0.486338 0.897762 0.044378 0.069677 -0.187302 -0.429313 -0.443246
VERTEX_POSE A1798 -0.821006 -0.242361 -0.013553 -0.870832 -0.451861 -0.118697 -0.397474 0.585414 0.481411 0.502313 0.211976 -0.064889 -0.388856 -0.705354 -0.805102 0.133308 0.204386 0.318989 -0.648626 0.270294
VERTEX_POSE A1799 0.158853 -0.258688 0.172239 -0.686310 0.228269 0.239660 0.743153 0.417765 0.683304 0.209462 -0.664009 -0.262299 0.285285 -0.433841 0.398887 -0.566364 0.052085 0.497742 -0.041157 0.440039
VERTEX_POSE A1800 -0.656680 -0.946983 0.926818 0.452350 -0.821697 -0.041987 -0.753490 -0.649598 -0.622203 -0.470553 0.553086 -0.537103 0.384200 -0.379009 0.350448 -0.239592 0.357426 -0.446998 0.076280 0.026777
VERTEX_POSE A1801 -0.013003 -0.553636 -0.235654 0.676479 -0.210854 -0.619678 0.569435 0.351697 0.184191 0.083214 0.695602 0.338992 -0.417686 0.484713 -0.575144 -0.619212 -0.114454 -0.369279 -0.333068 0.380000
VERTEX_POSE A1802 -0.565226 0.506269 0.987397 0.204791 0.358655 -0.379421 0.044997 0.602657 0.583775 -0.066056 -0.347120 -0.525796 -0.635685 -0.518020 0.390021 -0.145250 0.032409 -0.294396 0.753936 -0.496908
VERTEX_POSE A1803 -0.323824 -0.880021 -0.112776 -0.260393 -0.335850 -0.718211 0.103833 0.656999 -0.126262 0.628647 -0.208942 0.116344 0.286456 0.347480 -0.229653 -0.712301 -0.009347 0.633998 -0.067762 0.635504
VERTEX_POSE A1804 0.421900 0.991047 0.409481 -0.474044 0.044408 -0.121058 0.313351 -0.558456 0.549363 -0.421643 0.391015 -0.645154 -0.308467 0.412438 -0.480280 -0.416036 -0.194108 -0.191451 0.675123 0.572234
VERTEX_POSE A1805 0.892307 0.093867 -0.174818 0.997024 0.059255 0.533095 -0.190057 -0.404854 -0.360580 -0.642527 0.410904 0.280748 -0.493612 -0.440088 -0.626095 0.253827 -0.634802 -0.339084 -0.492906 -0.265707
VERTEX_POSE A1806 -0.915153 -0.008957 -0.089626 -0.694006 0.840943 -0.739840 0.299569 -0.048678 0.095874 0.369484 -0.055729 0.095667 0.244464 0.961081 -0.583423 -0.594484 0.253232 0.306448 -0.600471 0.081992
VERTEX_POSE A1807 0.372914 -0.897653 -0.096685 -0.499926 -0.095199 -0.323346 -0.424191 -0.370007 0.368977 -0.427906 0.074207 0.408377 0.572748 0.293078 0.367577 -0.555647 0.543810 -0.676327 0.013200 0.689902
VERTEX_POSE A1808 0.762121 -0.717743 -0.107808 -0.397519 -0.849633 0.474306 0.258995 -0.384998 0.310409 -0.748062 0.186049 0.669769 -0.001618 -0.392914 0.120937 -0.489622 0.115032 -0.464181 -0.365503 -0.805946
VERTEX_POSE A1809 0.757200 -0.632215 -0.469189 0.063585 0.076164 0.594006 0.292722 -0.223009 -0.482072 0.198745 -0.821098 -0.559348 -0.154436 0.410599 0.037058 0.700220 0.296023 -0.317047 0.600546 0.140870
VERTEX_POSE A1810 -0.313942 0.658269 -0.175746 -0.279869 0.343740 0.247948 -0.131629 -0.298140 0.205348 0.882154 -0.389001 -0.207363 0.137865 0.494824 0.579711 0.238242 0.689402 0.719229 -0.358766 -0.199160
VERTEX_POSE A1811 -0.905994 -0.098532 0.266676 0.369545 0.883584 0.685087 0.051399 -0.296898 -0.534802 -0.525963 -0.562071 0.443457 -0.376754 -0.477464 -0.145999 0.705777 -0.577742 0.163318 -0.284000 0.184850
VERTEX_POSE A1812 0.102610 -0.618372 -0.196855 0.408226 -0.940372 0.379826 0.171037 0.539077 -0.446921 -0.821549 0.271584 0.205129 -0.224893 -0.788972 -0.782866 0.490160 -0.102355 0.032191 -0.070499 -0.051814
VERTEX_POSE A1813 -0.755284 -0.186334 0.047000 0.157498 -0.589306 0.007589 0.802964 -0.076658 0.703991 0.062806 -0.656734 0.298581 0.436528 0.594753 0.012108 -0.291831 0.122312 0.644237 -0.274921 0.440604
VERTEX_POSE A1814 0.375459 -0.503672 -0.096264 -0.219641 -0.931605 -0.359220 -0.009615 -0.176253 -0.314858 0.779488 -0.482526 -0.126824 0.356647 0.757629 -0.644551 0.020053 0.355655 0.583348 0.514497 0.188709
VERTEX_POSE A1815 0.880877 -0.431807 -0.541306 0.831750 -0.542726 -0.465544 -0.122581 0.549929 0.685213 0.495636 0.029880 -0.238051 0.074901 -0.465829 -0.096842 0.553822 0.588619 0.497700 -0.653444 0.364986
VERTEX_POSE A1816 0.482529 0.918234 -0.457060 0.285173 -0.027847 -0.293729 -0.372639 0.118088 0.285673 0.130838 -0.219688 0.169853 -0.617285 0.661226 -0.252971 -0.637990 -0.673876 -0.859808 0.236537 0.215557
VERTEX_POSE A1817 0.407883 0.699245 -0.426573 0.679178 -0.078143 0.497560 -0.240943 0.577477 -0.801478 0.052364 0.213593 -0.320760 -0.366589 0.518729 -0.079593 -0.740851 -0.560974 -0.029058 0.505921 -0.192684
VERTEX_POSE A1818 0.158767 0.580572 0.035954 -0.649914 -0.181285 0.684297 -0.014783 -0.548839 0.334883 -0.614905 0.131548 -0.451468 -0.341679 -0.779277 -0.429751 0.141880 -0.061607 -0.176300 -0.696275 0.265334
VERTEX_POSE A1819 -0.184773 -0.813423 0.345175 -0.056769 0.779739 -0.416124 -0.413864 0.462379 -0.749004 -0.223282 -0.589492 -0.289725 0.013775 0.476452 -0.010007 0.418305 -0.373070 0.426372 -0.776977 -0.269291
VERTEX_POSE A1820 -0.411151 -0.481233 -0.884386 0.708312 -0.172278 0.006196 0.290472 -0.585872 -0.470608 0.223805 -0.383117 -0.562907 0.435183 -0.034735 -0.343065 0.295768 0.708777 -0.586457 -0.767251 -0.080032
VERTEX_POSE A1821 -0.376731 -0.229527 0.341605 0.919855 -0.778731 0.577832 0.222455 -0.040388 0.087406 -0.815279 0.293160 0.740758 0.151525 0.208404 -0.331150 0.510620 0.495398 0.009355 -0.046281 0.789667
VERTEX_POSE A1822 0.567114 0.649026 0.440489 0.344050 0.078208 -0.530866 -0.298833 -0.344639 0.148760 -0.082905 0.189225 0.247564 -0.625785 0.649686 -0.564581 0.497260 0.650583 -0.562149 -0.514734 0.008251
VERTEX_POSE A1823 0.308283 0.469943 -0.612212 -0.789938 0.732025 0.444231 0.350817 -0.506951 -0.618448 -0.425247 -0.581016 -0.582483 0.456217 0.105015 0.184745 -0.011134 -0.602455 0.216251 -0.698452 0.177315
VERTEX_POSE A1824 -0.175503 -0.695035 -0.104109 0.312701 0.663064 0.046532 0.640979 0.019314 -0.234791 -0.163127 -0.920844 0.681598 -0.266484 0.049875 -0.691235 -0.181909 0.366452 -0.018069 0.677075 -0.122059
VERTEX_POSE A1825 -0.692031 -0.540280 -0.715608 0.289022 -0.140609 0.286526 -0.143490 0.477980 0.477836 0.022220 0.580442 0.553154 0.084150 -0.643304 -0.051757 -0.979864 -0.100689 -0.617186 0.108178 0.103170
VERTEX_POSE A1826 -0.183176 -0.296182 -0.814795 -0.519514 0.450228 0.207669 0.083895 -0.398884 -0.506618 0.825810 -0.115143 0.463100 0.434326 -0.223194 0.436037 0.335715 0.787746 0.543711 0.098263 -0.396578
VERTEX_POSE A1827 -0.106716 -0.321976 -0.179363 0.958901 -0.392245 -0.280496 -0.237375 0.415943 0.430202 -0.577502 0.486891 0.270272 -0.372242 0.056771 0.597615 0.657159 0.415022 0.553224 -0.199307 -0.643787
VERTEX_POSE A1828 -0.386829 -0.470714 -0.323695 -0.044080 0.191643 -0.459424 -0.307088 -0.454687 -0.508538 0.606667 0.512167 -0.282191 -0.234077 0.360981 -0.598832 -0.441295 0.062949 -0.303458 0.536767 -0.629821
VERTEX_POSE A1829 -0.004182 0.461458 0.171653 -0.390346 0.998367 -0.300227 -0.166855 -0.445624 0.291035 -0.594799 -0.463088 -0.487906 0.276692 -0.645404 0.406697 0.733462 -0.260526 0.649390 -0.062034 -0.320232
VERTEX_POSE A1830 -0.947863 0.419336 0.992876 -0.727408 0.836024 -0.077422 0.571816 0.507512 -0.678993 -0.451408 0.333713 -0.376574 0.372163 0.368146 0.335615 -0.561233 0.581549 -0.527759 -0.125576 -0.396656
VERTEX_POSE A1831 -0.043510 -0.417697 -0.396877 -0.591730 0.369946 -0.512014 0.444405 0.096861 -0.553727 -0.433564 0.598200 0.081067 0.363691 -0.196268 0.603829 -0.319751 0.386336 0.245042 0.616453 0.667082
VERTEX_POSE A1832 0.982815 0.907822 0.935999 -0.713867 -0.212487 0.596375 0.433868 0.285262 0.469858 0.451309 -0.496814 -0.598658 0.555764 -0.248368 0.107335 -0.153350 0.499875 0.231644 -0.525060 -0.600199
VERTEX_POSE A1833 -0.513089 -0.074395 0.980273 0.477383 0.194678 -0.724924 0.414418 -0.159521 -0.275552 0.514444 -0.009041 0.374522 0.443261 -0.527647 -0.393884 -0.590527 -0.639086 0.321162 0.135654 -0.536310
VERTEX_POSE A1834 0.632667 -0.297718 0.490346 0.147877 -0.965903 -0.805262 -0.386900 -0.212897 0.214738 -0.397479 0.547792 -0.196544 0.461432 -0.363685 -0.431951 -0.131984 0.480960 0.283248 -0.679690 -0.539453
VERTEX_POSE A1835 0.404715 0.898870 0.345480 -0.187911 0.831921 0.231891 0.390659 0.343392 -0.080386 -0.556468 -0.523038 -0.554659 0.206689 0.334493 0.530154 -0.541304 0.575308 -0.592499 -0.449442 0.406999
VERTEX_POSE A1836 -0.620783 -0.980528 -0.194546 0.474406 -0.746067 0.217945 0.052420 -0.204354 -0.295483 0.167024 -0.835276 -0.924234 0.063472 0.250024 0.068417 0.344134 0.444558 0.079375 0.920271 -0.020248
VERTEX_POSE A1837 0.717514 0.693324 -0.599280 0.453871 0.875039 0.533927 0.423385 0.249074 0.670269 -0.483667 -0.323450 0.020023 -0.671369 0.691816 -0.337431 0.083638 0.349115 0.389103 0.359276 0.482548
VERTEX_POSE A1838 -0.222371 -0.998784 -0.751205 0.312163 -0.263278 0.401278 0.652196 0.551367 0.189842 0.057798 -0.459627 0.610933 0.167255 -0.199732 -0.474823 0.093599 0.472883 0.451928 -0.731140 0.470347
VERTEX_POSE A1839 -0.858661 -0.698271 0.697646 -0.923113 -0.595699 0.661317 -0.175779 0.008638 0.118208 -0.422981 -0.295667 0.295952 0.534444 0.649173 0.354729 -0.599398 0.436141 0.579022 0.381158 -0.548508
VERTEX_POSE A1840 0.474714 -0.938891 -0.068469 -0.482544 -0.048796 0.692246 0.311403 -0.340928 0.127756 -0.227735 0.173814 0.194282 -0.488448 0.663426 0.367101 0.578299 0.598822 -0.576164 0.527402 0.234168
VERTEX_POSE A1841 0.463687 0.659486 0.073049 -0.967706 -0.919538 0.582481 -0.564996 -0.315096 -0.035005 0.194211 0.251941 0.618626 0.409683 0.587955 0.327175 0.623181 -0.688757 -0.412006 0.294733 -0.131009
VERTEX_POSE A1842 -0.764655 0.203197 -0.035678 0.446432 -0.712115 -0.274854 0.652315 -0.626682 -0.233875 -0.498733 -0.615582 0.678672 0.260199 -0.017959 0.178035 -0.506509 -0.176288 -0.614383 0.038678 0.443766
VERTEX_POSE A1843 -0.422677 -0.557263 0.734676 0.925682 0.010831 -0.485140 -0.552604 0.211323 -0.106371 0.294400 -0.679545 -0.584584 0.524364 -0.125412 -0.490228 0.282483 0.495100 -0.413839 -0.503193 -0.482399
VERTEX_POSE A1844 0.708403 -0.526848 -0.879951 0.189792 -0.508844 0.369224 -0.669394 0.339477 -0.898014 -0.429081 0.094674 0.076201 -0.262880 -0.441346 -0.065622 0.309114 0.797967 -0.217097 0.450715 -0.210369
VERTEX_POSE A1845 0.610804 0.699525 0.868058 -0.773210 -0.643720 -0.504334 0.630932 0.043995 0.800131 0.363229 -0.236629 0.292656 -0.217605 0.605088 0.056357 0.299481 0.756249 0.128897 0.577017 -0.063464
VERTEX_POSE A1846 -0.541800 0.010931 -0.806630 0.757432 0.468105 0.610381 -0.154658 -0.765741 0.646060 -0.420844 0.543413 -0.115906 -0.070964 -0.121118 -0.157833 -0.639373 0.127828 -0.414363 -0.620594 -0.295522
VERTEX_POSE A1847 0.190932 -0.608614 -0.337011 -0.525035 0.463309 -0.510891 -0.527483 0.521193 -0.511641 0.317103 -0.587252 -0.225235 0.557237 0.270437 -0.492352 -0.386819 -0.395856 0.429038 -0.401330 -0.391989
VERTEX_POSE A1848 0.018687 0.398770 -0.558515 0.905968 0.278137 -0.264178 0.619285 0.469799 -0.317867 0.091885 0.052208 -0.598597 0.358427 -0.659985 -0.369853 -0.019642 0.579842 0.577980 0.692234 -0.069039
VERTEX_POSE A1849 0.616967 -0.408497 0.229325 -0.892482 -0.713180 -0.805755 0.580129 0.006067 -0.336815 -0.404709 0.451617 -0.120140 0.013530 -0.479860 -0.414555 -0.643712 -0.530302 0.225889 0.291740 -0.533403
VERTEX_POSE A1850 -0.993841 -0.422037 -0.991837 0.418196 0.243048 -0.520563 0.467338 -0.404893 -0.148706 0.367606 -0.354307 -0.159790 -0.724904 -0.669174 0.807935 0.160843 -0.388418 0.169141 0.308391 -0.334462
VERTEX_POSE A1851 0.607536 0.917536 -0.442901 0.614280 -0.894141 0.404970 0.177192 -0.368530 -0.413380 -0.402108 0.093150 -0.559048 0.719833 0.309190 0.559487 0.106698 0.781683 -0.198884 -0.526658 0.385852
VERTEX_POSE A1852 -0.759763 0.361976 -0.429071 -0.972627 -0.491911 -0.696841 -0.197660 -0.552239 0.254730 0.252837 -0.712282 0.388383 0.532440 -0.128864 0.467955 -0.760318 -0.083238 0.282315 -0.188225 -0.405157
VERTEX_POSE A1853 0.573273 -0.773011 0.448652 -0.237754 -0.678744 -0.636366 -0.156340 -0.483644 -0.605468 0.581549 0.423816 -0.281602 -0.643828 -0.051150 -0.338882 -0.370400 0.506287 -0.185219 0.292655 -0.572298
VERTEX_POSE A1854 -0.084181 0.387479 -0.055113 0.824342 0.837883 0.149020 0.609711 0.055751 -0.554224 0.608578 -0.392990 0.333262 -0.011061 0.100625 -0.530606 -0.506474 -0.348503 0.527278 -0.035319 -0.843132
VERTEX_POSE A1855 0.064733 0.666941 0.466820 0.340074 -0.828847 -0.059708 -0.640096 -0.426188 0.192767 0.588277 0.212886 0.624128 -0.460321 0.627750 0.570458 0.135425 -0.525468 -0.494285 -0.118202 0.320712
VERTEX_POSE A1856 0.881242 -0.313291 0.733044 -0.948731 0.180647 0.551461 -0.295268 0.387934 -0.433976 0.267566 0.212398 0.627657 0.605787 0.203311 0.316385 -0.495691 -0.534386 0.116197 0.478056 -0.691007
VERTEX_POSE A1857 0.732643 -0.908703 0.130093 -0.695172 0.288111 -0.568692 0.048481 0.798609 0.537456 0.698477 0.244058 -0.229454 0.611817 -0.030606 0.204773 -0.048343 0.250563 -0.541433 0.364858 -0.488816
VERTEX_POSE A1858 0.958017 -0.655036 -0.712543 0.298975 -0.221093 0.415605 -0.104327 0.530372 -0.246865 -0.740841 -0.325337 0.380783 0.477537 -0.287599 0.717012 -0.281743 -0.505866 -0.327458 0.364485 -0.523686
VERTEX_POSE A1859 -0.505588 0.215995 -0.590651 0.007189 -0.627710 0.396388 0.434721 0.609354 0.242485 -0.561736 -0.347240 -0.517560 -0.402099 0.406634 0.597209 -0.022812 -0.261429 0.399438 -0.577292 0.523847
VERTEX_POSE A1860 -0.271540 0.552755 -0.698254 -0.085518 0.286478 0.537357 -0.509770 -0.060194 0.022256 0.590306 -0.535471 -0.372561 -0.091149 -0.588926 0.614878 -0.071511 -0.512027 0.440313 0.615022 0.317242
VERTEX_POSE A1861 -0.989845 0.764300 -0.719667 0.571567 -0.385069 -0.564973 0.370496 -0.261003 0.011339 -0.632329 -0.511323 -0.009728 -0.016128 -0.738269 -0.723148 -0.531905 0.304790 0.397038 -0.423921 0.180247
VERTEX_POSE A1862 0.450903 0.798298 0.012471 0.415460 0.742237 -0.408262 -0.555986 -0.224468 -0.549355 0.641372 0.188946 -0.443136 0.069027 0.399900 0.561645 0.152253 0.512425 0.140418 0.501573 -0.701010
VERTEX_POSE A1863 -0.288725 0.460577 -0.762256 0.200614 -0.926009 -0.299573 -0.430930 0.165922 -0.334320 -0.573043 0.437318 0.417509 0.342896 0.796532 0.672079 -0.418589 -0.326826 0.415309 -0.439461 0.199860
VERTEX_POSE A1864 -0.502934 -0.310095 -0.739394 0.048949 0.809609 0.107637 0.618451 0.061751 -0.551047 -0.328371 0.595811 -0.623078 0.005925 -0.120367 0.021959 -0.573636 -0.630443 -0.544108 0.424968 -0.478800
VERTEX_POSE A1865 0.083569 -0.499421 -0.497182 -0.436664 0.776334 0.407509 -0.084282 0.236569 -0.600126 -0.756116 -0.019601 0.142033 0.023515 0.317254 0.374411 -0.484584 0.612929 -0.559846 0.431057 0.683607
VERTEX_POSE A1866 -0.884011 0.359447 0.583225 -0.987297 0.905912 -0.450618 -0.419876 0.757947 0.377336 -0.663086 -0.293603 0.215766 -0.307212 0.001531 -0.564084 -0.472155 -0.458932 0.538346 -0.258286 0.358738
VERTEX_POSE A1867 -0.123717 -0.290623 0.066060 -0.476644 -0.936458 0.346286 -0.002314 -0.300259 -0.043950 0.687313 0.597303 -0.319717 0.503528 -0.733427 -0.345938 0.352133 0.015319 -0.810100 -0.387374 0.122162
VERTEX_POSE A1868 -0.198917 -0.806096 -0.096462 -0.982792 0.651373 0.613750 -0.380523 0.610253 -0.589604 -0.631520 0.208283 -0.072153 -0.091691 -0.455549 0.412845 0.147856 -0.265448 -0.316276 0.652776 0.553373
VERTEX_POSE A1869 -0.106382 0.360663 0.832019 0.324866 -0.357367 0.108754 0.850218 0.106876 -0.435727 0.409533 -0.469358 0.545247 0.226882 -0.375980 -0.632060 0.153253 0.370388 -0.318622 -0.185608 -0.699809
VERTEX_POSE A1870 0.017622 0.011106 -0.236294 -0.399757 -0.532157 -0.437491 0.576630 0.131034 0.238404 -0.521588 -0.315218 0.514824 0.367155 0.418341 -0.442055 0.165355 -0.569360 -0.539731 -0.483009 0.619910
VERTEX_POSE A1871 -0.724204 -0.744987 0.835069 -0.465336 -0.397424 0.388191 0.679845 0.467142 0.331616 0.059464 -0.300709 0.814151 -0.513626 0.007607 -0.092117 0.011432 -0.618815 0.260789 0.519935 -0.555304
VERTEX_POSE A1872 -0.642695 0.020149 -0.094931 0.357160 -0.276905 0.430462 -0.545857 0.164995 -0.440102 0.379221 -0.445938 0.625274 0.166354 -0.537801 -0.296752 -0.085142 0.446146 0.376808 0.723401 0.534453
VERTEX_POSE A1873 0.252967 -0.785697 0.728029 -0.953326 -0.244272 -0.465166 -0.342974 0.299455 0.269890 -0.815942 -0.429609 0.510076 -0.316247 0.562614 -0.565176 -0.324329 0.384015 0.362186 0.106800 0.511625
VERTEX_POSE A1874 -0.146880 -0.302250 0.569745 -0.539654 0.613408 0.511592 0.548668 0.143931 0.098594 -0.537046 0.404782 0.537159 -0.497891 0.282039 -0.008406 -0.399558 -0.753981 -0.663282 -0.054793 0.409149
VERTEX_POSE A1875 -0.934292 0.493301 0.025118 -0.453049 0.214251 -0.443030 0.352611 -0.594370 -0.667592 -0.090184 -0.107048 -0.317657 0.681072 0.628564 0.422175 0.599076 -0.449687 0.280906 0.211614 0.194818
VERTEX_POSE A1876 -0.136229 0.913827 0.596087 -0.726536 0.112008 -0.670836 0.568416 -0.009322 -0.025754 -0.481342 -0.057753 0.606495 0.159162 -0.122446 0.374472 0.612171 -0.329187 -0.203104 -0.212430 -0.934463
VERTEX_POSE A1877 0.311320 0.708681 0.763116 -0.782222 0.081513 0.607118 0.374667 0.338464 0.304266 0.352458 -0.058672 -0.307265 0.446346 0.710908 0.328818 -0.728643 0.555114 -0.579911 -0.072475 0.261644
VERTEX_POSE A1878 0.256640 0.884687 0.688106 0.021916 -0.322440 -0.448164 -0.287607 -0.775892 0.420115 0.116563 0.076258 0.673677 -0.278263 -0.296273 0.203394 -0.777977 0.073830 0.356991 0.470123 -0.546760
VERTEX_POSE A1879 0.882458 0.312597 -0.962428 -0.820567 -0.609855 -0.684953 0.293842 -0.601087 0.495211 0.495467 -0.243068 0.523460 -0.208472 -0.528111 -0.006501 -0.545379 -0.521302 -0.107483 -0.572076 0.170165
VERTEX_POSE A1880 -0.071713 -0.699816 -0.007560 -0.674703 0.368333 0.483106 -0.110663 0.691662 0.482911 -0.576700 -0.596539 -0.605286 -0.719529 0.192718 -0.244715 -0.065022 0.148327 0.327337 -0.364994 0.326503
VERTEX_POSE A1881 0.262799 -0.537350 0.696270 -0.559888 0.920608 -0.123902 0.569955 0.442789 -0.534804 -0.182774 0.519031 0.421342 0.367812 -0.307157 -0.615813 0.562425 -0.454160 0.376667 0.436047 0.483671
VERTEX_POSE A1882 0.489993 0.230133 -0.405329 0.793712 -0.503996 -0.430202 0.516002 0.493285 -0.132651 -0.435260 0.655157 0.063187 0.573135 0.274570 0.124752 -0.417264 0.430304 0.881915 0.204201 0.258629
VERTEX_POSE A1883 0.168524 0.662160 0.563369 -0.647330 0.876422 0.846943 -0.331739 -0.145439 -0.211302 -0.604177 -0.403668 -0.125184 0.145424 0.496325 -0.446332 -0.147552 -0.434472 -0.152174 -0.694262 0.617086
VERTEX_POSE A1884 -0.163929 -0.310361 0.144922 0.202359 -0.758136 0.459244 0.660260 -0.323926 0.534183 -0.147945 -0.466659 -0.102808 -0.439710 -0.673981 -0.656729 0.517811 -0.415644 -0.248761 -0.284070 -0.224256
VERTEX_POSE A1885 -0.594188 -0.382388 0.539559 0.618054 -0.666113 -0.010895 -0.212562 -0.511881 -0.593213 0.316592 0.356523 0.494357 0.187524 -0.385643 -0.394232 0.609903 -0.598498 -0.498169 -0.668909 -0.322412
VERTEX_POSE A1886 -0.766743 0.329101 0.030190 0.692744 -0.952426 -0.461744 -0.122455 0.666268 0.330319 -0.861670 0.288410 0.733664 0.277015 0.300767 0.059860 -0.385838 -0.613587 0.368559 0.130084 0.077181
VERTEX_POSE A1887 -0.282687 0.376348 -0.122034 0.253628 0.422512 -0.778515 -0.464561 -0.166662 -0.296899 0.467939 0.064392 -0.494044 0.623168 0.213866 -0.188798 -0.102250 -0.608639 0.161371 0.407949 -0.742898
VERTEX_POSE A1888 -0.861545 -0.291091 -0.330349 0.922882 0.621998 0.697591 0.343111 0.617135 0.311080 -0.264947 -0.358140 0.532280 -0.053042 -0.455134 -0.275606 0.808897 -0.161984 -0.239404 -0.393637 0.507439
VERTEX_POSE A1889 -0.808725 0.674065 0.317647 -0.008281 -0.173519 0.665477 0.449076 0.266564 -0.244717 0.615485 -0.495147 0.087894 -0.574997 -0.488770 0.692031 -0.176905 -0.279137 0.103061 0.239982 -0.605773
VERTEX_POSE A1890 0.211725 -0.407657 0.287315 -0.739183 0.794802 0.636168 0.006567 0.292716 0.379898 0.646106 -0.614382 0.372641 -0.485168 -0.487316 0.208966 0.488225 0.489706 -0.518111 0.329776 -0.244057
VERTEX_POSE A1891 -0.133085 -0.738335 -0.028603 -0.162636 -0.091524 0.384040 -0.292465 0.634956 -0.485002 0.466445 0.129657 -0.497081 -0.725477 -0.344777 -0.122697 -0.395644 0.464163 0.595938 -0.118504 -0.495682
VERTEX_POSE A1892 -0.798570 0.438365 0.597980 -0.436714 0.441412 0.010698 -0.239319 0.435513 0.921039 -0.086123 -0.004155 0.322276 0.074571 -0.505708 0.205691 0.561384 0.679068 0.073500 -0.783962 0.305675
VERTEX_POSE A1893 -0.337372 -0.609359 -0.700214 0.676276 0.537039 0.050202 -0.213647 -0.503251 0.761273 0.123084 0.504177 -0.519827 0.587883 0.209615 -0.136159 -0.680283 0.076655 -0.359421 -0.361682 0.665380
VERTEX_POSE A1894 0.578190 0.722242 0.209142 -0.962022 -0.017533 0.393354 0.487741 0.540537 0.630106 -0.060248 -0.351655 -0.508922 -0.332790 0.028311 0.202548 -0.072453 -0.649251 -0.384981 0.801549 -0.402280
VERTEX_POSE A1895 -0.301505 -0.871730 0.858586 0.612235 0.251021 -0.692649 -0.233314 -0.217461 -0.373117 0.087068 -0.488799 -0.516725 -0.277080 0.682162 0.060798 0.306556 0.497386 -0.332143 0.875919 0.032376
VERTEX_POSE A1896 0.746197 -0.108780 -0.197396 -0.760387 0.313372 -0.681936 0.560588 0.266437 -0.610353 -0.207518 -0.457885 0.085521 0.603516 -0.069267 0.379671 0.526105 -0.440889 0.104735 0.040731 0.721230
VERTEX_POSE A1897 0.694179 0.081689 -0.207634 -0.949319 -0.111621 -0.554124 0.402506 0.583827 -0.482644 0.082299 -0.689810 -0.048127 -0.697961 -0.044857 0.459432 -0.121470 0.300671 -0.496596 -0.573856 0.301486
VERTEX_POSE A1898 0.574778 -0.162353 -0.075354 -0.864409 0.314563 0.415119 0.476921 0.188555 0.343186 -0.356962 -0.121535 -0.356642 -0.632705 0.487631 -0.705426 0.478662 0.148712 0.291684 0.125263 0.830528
VERTEX_POSE A1899 -0.452720 0.085124 0.706142 -0.743180 -0.035255 -0.086749 0.355433 -0.380614 0.838809 0.305439 -0.277054 -0.473321 0.012427 -0.623380 0.039990 0.055244 -0.551404 -0.251481 0.881571 0.292789
VERTEX_POSE A1900 -0.412203 -0.557648 -0.375614 0.375547 0.531012 -0.368358 0.144362 0.456358 0.674765 -0.177343 0.065647 -0.056655 0.865722 -0.379089 0.448293 0.048102 -0.445432 -0.452580 -0.442629 -0.667316
VERTEX_POSE A1901 -0.407600 0.848753 0.688352 -0.264167 0.782406 0.520996 0.018815 -0.616860 -0.433294 -0.283317 -0.713259 0.582709 -0.361288 0.209636 0.330300 0.717370 -0.236322 0.303597 -0.523668 -0.104641
VERTEX_POSE A1902 -0.176924 0.340136 0.541211 -0.208516 0.567322 0.480668 -0.568250 -0.271079 0.498253 -0.254338 -0.082090 -0.312759 0.257767 -0.609306 0.078395 0.083515 -0.738218 0.645552 0.734156 0.059650
VERTEX_POSE A1903 -0.054898 0.462501 0.529454 -0.267294 -0.745893 0.448210 0.448167 0.145026 0.504298 -0.307239 -0.361749 0.346748 0.512382 -0.585329 -0.013296 -0.562485 -0.523460 0.651444 -0.354719 0.481129
VERTEX_POSE A1904 0.845367 -0.936944 0.416381 -0.217492 -0.461866 0.291356 0.330619 -0.036387 -0.050537 -0.424140 0.376515 0.108265 -0.778772 -0.534055 0.845208 0.114677 -0.259384 0.431811 -0.301927 0.710224
VERTEX_POSE A1905 0.676196 -0.962114 0.110956 0.251830 0.180729 0.381981 0.767125 0.370357 0.426900 0.308846 -0.453906 0.546734 -0.360921 0.543468 0.382142 -0.064011 -0.600334 -0.476336 0.426347 0.032365
VERTEX_POSE A1906 0.010810 -0.044199 -0.445428 0.279658 0.468359 0.379791 -0.468410 0.393122 0.850637 0.417200 -0.099275 0.182534 -0.647619 0.240257 0.229940 -0.402772 -0.806243 -0.214441 -0.157798 -0.357559
VERTEX_POSE A1907 -0.290862 0.976883 0.012468 0.055972 0.650142 -0.439684 -0.744615 -0.097729 -0.216706 0.160138 0.932012 -0.542538 -0.185282 0.071257 -0.573561 0.609651 -0.341620 -0.369320 0.117900 -0.004664
VERTEX_POSE A1908 -0.012484 0.746567 -0.125928 0.469608 -0.737758 -0.153791 0.702469 -0.649684 -0.650574 -0.304040 -0.290652 0.447101 0.415313 0.218594 0.390968 -0.428184 -0.315912 0.447601 -0.241392 -0.588088
VERTEX_POSE A1909 -0.732550 -0.159512 -0.757322 -0.698426 -0.854081 0.780899 -0.229045 0.555346 0.328412 -0.344638 -0.455072 -0.127955 -0.835789 -0.237087 -0.013266 -0.046641 0.252840 0.515552 0.357834 -0.603625
VERTEX_POSE A1910 -0.408405 0.289480 0.050040 0.235405 -0.959714 -0.824190 0.403472 -0.068893 -0.491527 -0.548500 -0.066008 0.006527 0.364963 -0.765384 0.249717 -0.083359 -0.524179 -0.129269 -0.629453 -0.361000
VERTEX_POSE A1911 0.915803 -0.953249 0.866512 0.794905 0.630575 -0.630271 -0.039093 -0.500038 -0.319276 -0.366274 0.513384 -0.601435 -0.070811 -0.150765 0.371474 -0.561747 -0.627626 0.033232 0.737388 -0.264110
VERTEX_POSE A1912 0.530249 0.303138 0.938948 -0.258313 -0.933473 -0.581819 -0.230855 -0.383200 0.026835 -0.484909 -0.508469 -0.079222 0.493147 -0.697412 -0.661401 0.472839 0.246643 0.465874 0.494772 -0.217718
VERTEX_POSE A1913 -0.918411 -0.480387 0.644711 0.029117 -0.463710 0.075563 0.564127 -0.380616 -0.730581 0.427849 -0.235236 -0.010071 -0.537400 -0.841115 -0.625687 -0.452614 0.285678 -0.262595 0.071045 -0.103489
VERTEX_POSE A1914 0.084327 0.708911 0.429881 -0.852425 0.506997 -0.755163 0.458244 0.399543 -0.312840 -0.128939 0.006936 -0.230230 0.430638 -0.820354 -0.495485 -0.723461 -0.324117 -0.182615 -0.254053 0.249568
VERTEX_POSE A1915 -0.633680 0.992777 0.083870 0.944045 -0.691608 0.113832 -0.631138 0.600431 -0.417073 -0.216547 -0.589420 -0.669134 0.183523 0.174164 0.000943 0.701196 0.392958 -0.604443 -0.171510 0.327593
VERTEX_POSE A1916 -0.512599 0.137225 0.184269 -0.352829 -0.129823 0.069819 -0.731906 0.571913 -0.626056 -0.096857 0.378404 0.533847 -0.435261 -0.276779 0.172930 0.435985 0.455961 0.536918 0.274587 0.495196
VERTEX_POSE A1917 0.317585 0.038012 -0.539929 0.840319 0.554571 -0.718638 0.275296 -0.607213 0.292519 -0.039389 -0.264876 -0.527936 0.207705 0.712111 0.255400 0.573967 0.189433 -0.232480 -0.741675 0.134705
VERTEX_POSE A1918 0.083633 0.369125 0.961836 0.197673 0.730903 0.136269 0.409292 -0.684506 0.347589 0.367144 0.312108 0.462236 -0.403750 0.406791 -0.658289 0.416859 0.466786 0.462176 0.600749 0.225105
VERTEX_POSE A1919 -0.374144 0.846134 0.853921 -0.429947 -0.507825 0.676075 -0.215835 0.393289 -0.598360 -0.245896 0.479371 -0.256800 0.757966 0.182495 -0.301746 -0.460612 -0.529045 0.167007 0.325997 -0.549849
VERTEX_POSE A1920 0.508860 -0.287923 0.777718 -0.167963 -0.618948 -0.168461 0.061759 -0.811808 -0.484170 -0.055236 0.470452 -0.083226 -0.208946 -0.337859 -0.642299 0.671864 -0.049611 0.563672 0.705744 0.055062
VERTEX_POSE A1921 -0.704641 0.961468 0.249150 0.458490 0.525705 -0.358803 0.178799 -0.064689 0.114607 0.915560 -0.287071 0.586943 0.123538 0.699790 -0.186576 0.330055 0.466715 0.691963 -0.074723 -0.453736
VERTEX_POSE A1922 0.492771 -0.892201 -0.174682 0.407416 0.400651 -0.235357 0.526811 0.599462 -0.421576 -0.155512 -0.011506 -0.719131 -0.487819 -0.082905 -0.493831 0.525527 -0.031828 0.076567 -0.429115 0.795378
VERTEX_POSE A1923 0.710289 -0.849558 0.375698 0.395323 0.822464 0.431833 -0.427749 0.757321 -0.393104 -0.490354 -0.189954 -0.472129 0.200685 0.548457 -0.430893 0.460285 0.297907 0.500416 0.569602 -0.028775
VERTEX_POSE A1924 -0.042013 -0.647892 0.548937 0.134766 0.062744 0.517141 0.226127 -0.419829 0.475046 0.457785 0.487552 -0.469500 -0.231564 0.145903 0.424174 -0.665101 0.534116 -0.326409 0.493273 0.528648
VERTEX_POSE A1925 0.070960 0.830040 -0.965540 0.445394 -0.616882 0.444160 -0.272249 -0.081785 0.199228 0.655918 -0.727094 -0.770691 -0.259066 -0.435071 0.077549 0.307833 0.289949 0.403797 -0.577733 -0.437365
VERTEX_POSE A1926 -0.591216 -0.721288 0.234284 0.007558 0.073485 0.265240 0.281697 -0.134559 -0.095182 0.662154 -0.522294 0.199589 -0.464806 0.084392 -0.922740 -0.177717 -0.120370 -0.171183 0.484325 0.829151
VERTEX_POSE A1927 -0.295816 0.243328 -0.648460 0.374379 -0.623884 -0.097506 0.415226 0.451842 -0.590318 0.509126 0.325191 -0.574686 -0.108478 -0.522209 -0.533852 -0.314796 -0.076516 -0.163570 -0.676398 0.641508
VERTEX_POSE A1928 -0.234861 -0.088271 -0.173174 0.496075 0.271497 0.170535 -0.284404 0.339257 -0.228992 -0.248656 0.181949 -0.637624 0.612433 -0.214317 0.507859 0.066345 -0.765800 0.503979 0.691238 0.468421
VERTEX_POSE A1929 0.983562 0.116360 -0.841070 0.143149 -0.611952 0.146330 -0.755976 -0.350615 -0.720395 -0.436505 0.379804 0.086659 -0.154153 -0.635020 -0.322541 0.457026 -0.359971 -0.589980 0.072996 -0.447201
VERTEX_POSE A1930 0.251464 -0.671548 -0.942318 0.631199 0.340862 -0.093938 0.336660 0.744310 0.987500 -0.066762 0.057555 0.082679 0.702112 0.007287 0.054264 0.619419 -0.464001 -0.078983 -0.074575 -0.476802
VERTEX_POSE A1931 0.352936 0.354081 0.451211 -0.128378 -0.197491 0.173350 -0.821508 -0.176382 0.566231 0.297028 -0.374747 0.479581 0.214041 0.708339 -0.295176 -0.256326 0.559227 0.576372 -0.354093 0.118212
VERTEX_POSE A1932 -0.424038 -0.034888 0.847282 0.878982 -0.829546 0.571143 -0.265067 -0.312084 -0.107683 -0.735827 0.010950 0.080178 0.461907 -0.702176 -0.617715 0.235920 0.146425 0.523642 0.345373 0.622891
VERTEX_POSE A1933 -0.925460 0.668588 0.598893 -0.577317 -0.091817 0.221057 -0.685497 0.267166 0.580472 0.159842 0.674197 -0.393787 0.441962 0.584667 0.348312 0.551656 -0.307080 0.581203 0.069925 -0.194800
VERTEX_POSE A1934 -0.701961 -0.183418 -0.019334 0.604329 0.056617 -0.015693 -0.621000 -0.765061 -0.720202 -0.440698 0.415406 -0.480596 0.633710 -0.468933 -0.311565 0.128660 -0.011791 -0.391175 -0.044757 -0.148601
VERTEX_POSE A1935 -0.578671 0.028168 0.263662 -0.338511 -0.291412 0.455693 0.426594 -0.531402 -0.649795 0.493070 0.011442 0.151691 -0.495169 0.402082 -0.276038 -0.567839 -0.744812 -0.520483 -0.085241 0.032657
VERTEX_POSE A1936 0.750736 0.706474 -0.290151 0.674513 -0.911088 -0.030995 0.104630 -0.835695 -0.702388 -0.546387 0.155822 0.202374 0.420974 0.483073 0.563552 -0.443323 -0.134649 -0.383594 0.562814 -0.160757
VERTEX_POSE A1937 0.308849 0.772383 0.535237 -0.116013 -0.475025 0.378006 0.697009 0.296590 -0.068936 -0.143728 -0.671673 -0.270557 0.355996 -0.484811 -0.530603 -0.336098 0.471984 -0.705421 0.503811 0.055495
VERTEX_POSE A1938 0.130467 0.005051 -0.723870 0.717462 -0.641271 0.100031 -0.149642 -0.786090 -0.464448 0.616873 0.190805 -0.190734 0.169572 -0.511096 0.491188 0.752172 -0.182444 -0.704724 0.050573 -0.226164
VERTEX_POSE A1939 -0.261748 0.453042 0.583920 0.144122 -0.648846 -0.045801 0.133966 -0.540208 0.130382 0.626723 0.204928 0.813712 -0.000849 -0.506549 0.476070 -0.518319 0.518633 0.303533 0.566230 0.374978
VERTEX_POSE A1940 0.576299 -0.387128 0.777916 0.185561 -0.329106 0.201479 0.325291 0.647336 0.539134 0.668650 -0.467396 0.672433 -0.501695 0.262096 -0.241528 0.439827 0.513282 -0.397792 -0.044133 -0.174199
VERTEX_POSE A1941 0.722062 -0.705470 0.326170 -0.047134 -0.600984 -0.629176 -0.448727 0.484020 -0.748196 0.252866 -0.297912 -0.109412 0.508516 -0.234653 0.011345 -0.669615 -0.703619 0.179557 -0.166525 0.356134
VERTEX_POSE A1942 -0.345945 0.499793 0.450432 -0.060973 0.981729 0.672011 -0.531866 -0.010970 -0.524109 -0.395858 -0.465595 -0.230516 0.092048 0.806605 0.157147 -0.488130 0.291434 -0.442582 -0.560064 0.218070
VERTEX_POSE A1943 0.106547 0.916009 0.716864 0.927247 -0.262579 -0.864891 0.127059 0.395325 -0.034231 -0.477516 0.419262 0.258512 0.788332 0.489547 -0.373887 0.096006 -0.282575 -0.210170 0.353766 -0.590282
VERTEX_POSE A1944 0.803651 -0.185857 -0.029119 0.981983 -0.064694 0.785625 0.328115 0.423614 0.237919 -0.158486 -0.509251 -0.553575 0.514736 0.376812 0.004535 -0.608539 0.646078 -0.140437 -0.481612 0.042561
VERTEX_POSE A1945 0.738382 0.208704 -0.119687 0.086602 0.488726 0.340278 -0.602026 -0.032597 -0.291589 -0.376735 -0.586650 -0.244309 0.346916 0.451566 -0.580094 -0.566098 0.532791 0.634816 -0.234131 0.408658
VERTEX_POSE A1946 0.472868 0.908786 -0.199267 0.871293 0.045813 -0.533569 -0.226130 -0.710007 0.271715 -0.093846 -0.502125 -0.721918 -0.235418 0.289716 -0.245188 0.927998 -0.206762 -0.245343 0.153152 0.342164
VERTEX_POSE A1947 -0.708948 0.951368 -0.844850 -0.370846 0.805482 -0.263609 -0.367825 -0.759494 0.344833 0.478194 0.069416 0.643433 0.176468 -0.585522 0.596436 -0.725525 0.271153 0.204593 0.280192 -0.044614
VERTEX_POSE A1948 0.055967 -0.753284 0.340384 -0.073080 0.043296 0.536649 0.257787 -0.004213 0.742302 -0.431033 -0.361092 -0.361533 -0.519027 -0.579575 -0.093237 -0.564726 0.354820 -0.146961 0.399315 -0.638585
VERTEX_POSE A1949 -0.443499 0.277911 -0.237431 0.068966 -0.223284 0.806690 0.532847 -0.184760 -0.183099 0.512525 0.127237 -0.290812 0.574219 0.455841 0.480746 -0.351377 0.626667 -0.006156 0.014078 -0.590907
VERTEX_POSE A1950 -0.083092 0.797502 -0.990929 0.199207 -0.702343 -0.644720 0.014465 0.700731 -0.498255 0.040977 -0.227429 0.493959 0.294921 0.333768 0.298986 -0.226970 0.586949 0.051853 -0.927156 -0.036636
VERTEX_POSE A1951 -0.435174 -0.041207 0.118102 0.758958 0.424349 0.674545 0.185018 -0.435006 -0.142534 0.210970 -0.314899 -0.372903 0.761129 0.305282 0.014049 0.505978 -0.513779 0.620821 0.293138 0.595350
VERTEX_POSE A1952 -0.148140 0.239378 -0.988280 -0.472545 -0.697579 0.984825 -0.039175 0.103178 -0.026012 0.668144 0.057791 -0.034973 -0.486150 -0.604790 0.132382 -0.132321 -0.374935 0.103419 0.546076 -0.692580
VERTEX_POSE A1953 -0.590321 0.905301 -0.165611 -0.393377 0.698309 -0.252472 0.404003 -0.290024 0.860567 0.367774 -0.176082 0.099915 0.179897 -0.527646 -0.420792 0.394173 -0.451499 0.092920 -0.716790 -0.634523
VERTEX_POSE A1954 -0.724885 0.109235 -0.506201 0.154281 0.246813 0.915464 -0.024064 -0.163471 0.155656 -0.134004 0.523380 -0.296095 0.352603 -0.450669 -0.007626 -0.672810 -0.630869 0.223533 0.635973 -0.313452
VERTEX_POSE A1955 0.809847 0.591487 0.560656 0.662221 0.365165 0.063834 -0.483263 0.589187 0.661879 -0.013222 -0.566521 0.427636 -0.684260 0.009522 -0.215990 -0.134180 -0.368495 0.572990 0.529212 0.442757
VERTEX_POSE A1956 0.480639 0.735341 -0.131152 -0.947982 -0.918573 -0.663771 -0.702465 -0.062000 0.535597 -0.374297 0.486045 0.215799 -0.218924 -0.633965 -0.134824 0.444267 -0.369583 0.455849 -0.348057 -0.470546
VERTEX_POSE A1957 -0.316101 0.387947 0.728083 -0.838161 -0.679702 -0.866469 -0.021525 -0.266780 -0.043521 -0.651583 0.302055 -0.283488 -0.424473 0.528497 0.308528 0.003243 0.351539 -0.267924 0.628321 0.659320
VERTEX_POSE A1958 -0.485970 -0.165185 0.912197 0.036600 0.741282 -0.219624 -0.548583 -0.709615 0.719966 -0.634050 0.146853 0.038174 -0.154684 0.520497 -0.397280 -0.274924 0.373143 -0.523571 -0.444439 0.254416
VERTEX_POSE A1959 -0.754222 -0.352930 0.695674 0.548093 0.352924 0.566957 -0.460052 -0.663711 -0.148977 -0.299563 0.286682 0.229657 0.057398 0.232101 0.606577 0.698816 0.086738 -0.485477 0.454946 -0.644908
VERTEX_POSE A1960 -0.332538 -0.495693 0.887013 0.304987 -0.291654 -0.581377 -0.466688 -0.175620 0.420025 -0.020969 -0.523325 -0.595100 0.190226 -0.540890 0.312934 0.027698 -0.633807 0.183053 -0.863023 -0.031880
VERTEX_POSE A1961 0.765494 0.163266 0.969879 -0.332201 0.082143 0.377719 -0.467652 -0.295895 -0.490610 -0.619607 0.077351 0.450231 0.355990 -0.294691 0.525709 -0.211913 0.815110 0.370881 -0.475134 -0.393974
VERTEX_POSE A1962 0.598715 -0.998849 0.146885 -0.580284 -0.844566 -0.096572 -0.627611 0.418066 -0.317936 0.485268 0.419255 0.146331 -0.497483 -0.417483 0.904434 0.100819 0.398813 0.224001 0.336103 -0.562230
VERTEX_POSE A1963 0.243424 0.469419 0.734295 0.183969 -0.121200 0.026933 -0.623656 0.433553 0.549433 -0.038651 -0.178202 0.268785 -0.058620 0.767020 -0.454896 -0.673486 -0.248925 0.646701 -0.390562 -0.360545
VERTEX_POSE A1964 0.840034 -0.168146 0.568771 0.090482 0.990327 0.256656 -0.497658 0.502655 -0.192710 -0.330490 0.500427 0.253801 0.703833 0.233028 -0.842875 0.255147 0.344738 0.349481 0.287459 0.569003
VERTEX_POSE A1965 0.896753 -0.182267 -0.872449 -0.975956 0.212051 -0.220460 0.326019 0.526726 -0.203621 -0.721738 0.203411 0.720960 0.312597 0.295505 -0.241284 -0.007020 0.740392 -0.576137 0.524442 -0.213731
VERTEX_POSE A1966 0.664753 -0.502413 -0.002043 0.845459 0.587388 -0.419140 -0.652552 -0.402723 0.427681 -0.403043 -0.056655 -0.260534 -0.058466 0.834986 0.205349 -0.638673 0.370655 0.728948 0.020279 -0.004306
VERTEX_POSE A1967 0.590770 -0.461671 -0.721380 -0.235005 -0.920761 -0.123385 -0.574932 -0.459902 -0.045599 0.042253 0.448197 0.174200 0.285231 -0.756717 0.761600 0.377762 0.030391 0.610177 -0.666039 0.118599
VERTEX_POSE A1968 0.205602 -0.409883 0.662788 -0.091969 0.737026 0.640607 -0.057751 0.100371 -0.501231 -0.162035 0.792934 -0.107872 -0.496886 -0.183266 0.297114 0.622862 0.425454 0.488341 -0.579273 0.382862
VERTEX_POSE A1969 -0.204779 0.502638 0.274087 0.562920 0.946117 -0.737960 -0.310135 -0.116738 0.401455 0.465905 -0.390597 -0.418729 0.551949 -0.482812 -0.311940 0.353391 0.057346 0.147000 -0.507164 -0.772923
VERTEX_POSE A1970 -0.670978 0.991370 0.862540 0.909116 -0.569607 -0.476432 -0.339695 0.059970 -0.260452 0.291358 0.461480 0.487733 -0.752104 -0.014285 -0.501898 -0.128256 -0.747867 0.464104 0.466485 -0.473213
VERTEX_POSE A1971 -0.218099 0.202988 0.440704 -0.906409 -0.592080 -0.093543 -0.337731 0.285482 -0.442913 0.361228 0.770973 -0.495793 0.548185 -0.329364 -0.734663 -0.588523 -0.224878 -0.097653 0.329524 -0.406264
VERTEX_POSE A1972 -0.482717 0.797168 -0.399743 -0.484214 -0.654867 0.379493 -0.206498 -0.003957 -0.557977 -0.741285 -0.237493 -0.534289 0.031722 0.360198 -0.468570 0.624811 -0.460632 0.199058 -0.128296 -0.775666
VERTEX_POSE A1973 -0.016923 0.491163 0.312972 -0.151857 -0.587878 0.158502 0.582329 0.614753 0.782020 -0.329045 0.367746 0.256048 -0.429975 -0.317717 0.431616 0.604967 -0.609076 0.333869 0.041935 -0.122164
VERTEX_POSE A1974 0.888448 0.118998 0.157567 -0.979161 0.145342 -0.634027 0.003488 -0.418881 -0.354241 0.176215 -0.500861 -0.071776 -0.682957 -0.302135 0.048555 -0.705097 0.094058 0.681920 0.073102 -0.688146
VERTEX_POSE A1975 -0.679066 -0.388689 0.571138 -0.502230 0.280439 -0.303101 0.278328 -0.452559 -0.654541 0.514912 0.416246 0.047442 0.530501 -0.605645 -0.673476 -0.510325 -0.131623 0.154551 0.339907 0.487646
VERTEX_POSE A1976 -0.278541 -0.300133 -0.806715 0.934745 0.900848 -0.398086 -0.185294 -0.770409 -0.319755 0.172233 0.396145 0.800035 -0.230257 -0.262988 -0.204073 -0.933855 0.252601 -0.239964 0.104397 -0.341423
VERTEX_POSE A1977 0.361316 0.027784 0.958301 0.892132 -0.808846 -0.444193 0.265780 -0.386859 0.381699 0.663344 -0.554377 0.437974 -0.339441 -0.390989 0.365837 0.526582 0.623889 0.575622 -0.311171 -0.029939
VERTEX_POSE A1978 -0.388014 -0.437321 0.726288 0.126924 0.085921 0.111848 0.178572 0.575710 0.027715 -0.780526 0.137037 -0.877196 0.096754 -0.291301 -0.403829 0.119440 0.745214 -0.232747 -0.579020 0.097870
VERTEX_POSE A1979 0.777426 -0.053417 0.533668 -0.138335 -0.055856 0.318140 0.234222 -0.629696 -0.511735 0.480706 -0.522800 -0.185327 -0.519567 -0.470339 0.466057 0.585432 0.091271 -0.620772 0.318403 0.317197
VERTEX_POSE A1980 0.917817 -0.694306 -0.279130 -0.038903 -0.032129 -0.404698 0.286097 -0.378415 -0.101563 -0.618946 -0.748430 0.038290 0.541680 -0.272743 -0.302358 -0.474106 0.462352 -0.856164 0.129846 0.092175
VERTEX_POSE A1981 0.528894 -0.639819 0.735359 -0.673870 0.383579 0.694451 -0.348953 0.074717 -0.187952 -0.048661 0.614794 -0.579245 -0.607910 -0.402443 -0.235678 -0.314091 0.673209 -0.302231 0.638480 0.035693
VERTEX_POSE A1982 -0.657747 0.905376 -0.348230 -0.379377 -0.631507 0.090111 -0.725660 0.378464 -0.763919 -0.141247 -0.373455 -0.517764 -0.335530 0.194418 0.096998 -0.232889 0.410496 0.361689 -0.535396 -0.714836
VERTEX_POSE A1983 -0.230324 0.545073 -0.267410 0.488553 0.270292 -0.675674 0.231522 0.492437 0.328189 -0.259041 -0.115171 0.628262 0.083512 0.649597 0.054537 0.206231 0.466746 0.195112 0.910928 -0.323132
VERTEX_POSE A1984 0.938573 -0.734518 -0.430253 -0.067246 0.081887 -0.555609 0.478711 -0.027959 0.222188 0.678595 0.620269 -0.717364 -0.363851 0.504213 0.167252 -0.099041 0.396399 -0.315194 0.410058 -0.450690
VERTEX_POSE A1985 -0.382632 0.014611 0.145569 0.774904 0.615305 -0.216008 0.875707 -0.358891 0.331322 0.460940 0.499246 -0.384418 0.108896 0.734032 -0.759571 -0.085206 -0.160412 -0.344733 -0.039398 0.239618
VERTEX_POSE A1986 -0.420477 0.136559 -0.706754 0.150774 -0.364543 -0.351099 0.588585 -0.476147 -0.708671 -0.668462 -0.056999 0.003522 -0.049106 0.038289 -0.325739 0.131591 -0.503635 -0.518070 0.432433 0.717580
VERTEX_POSE A1987 0.419212 -0.999177 0.438596 -0.015229 0.163314 0.047605 0.626730 0.561176 0.359982 -0.527436 0.039972 0.749019 -0.069868 0.452922 0.471222 0.104238 -0.538623 0.291662 0.559709 -0.433856
VERTEX_POSE A1988 0.301267 -0.597442 -0.126347 0.936743 0.935603 0.305118 -0.034343 -0.165201 0.547974 0.570652 -0.151667 -0.440215 -0.260635 0.226766 0.145138 0.271420 0.934847 0.625918 -0.729094 0.156026
VERTEX_POSE A1989 0.093553 0.971374 -0.794558 -0.812626 -0.623261 -0.614049 0.114698 -0.662374 0.528926 -0.570107 -0.227534 0.438621 0.749212 -0.045713 -0.377093 -0.179249 0.620106 0.092699 -0.261483 -0.350526
VERTEX_POSE A1990 0.664990 -0.352107 0.134270 -0.467135 -0.483761 -0.290758 0.762196 0.370065 0.607336 0.444346 -0.432216 0.505649 -0.303658 0.107751 0.539292 0.190005 0.594796 -0.009244 -0.305456 0.557538
VERTEX_POSE A1991 0.968729 -0.093135 -0.239334 0.241730 -0.356051 0.030272 0.500217 -0.740959 -0.570340 -0.498120 0.033799 -0.731494 0.101152 -0.287299 0.149120 -0.566977 -0.550744 -0.341285 0.412268 0.252937
VERTEX_POSE A1992 -0.140953 0.134641 -0.824679 -0.144827 0.458883 -0.386317 0.067833 -0.671707 0.787323 -0.274277 -0.073471 -0.123045 0.659899 0.382260 0.458471 0.688605 -0.242748 0.074470 0.102603 -0.581689
VERTEX_POSE A1993 0.263705 -0.350955 -0.718845 -0.047420 -0.328328 0.019300 -0.160445 0.681592 -0.255099 0.827518 -0.248811 -0.961329 -0.170915 0.149740 -0.080948 -0.300483 -0.449037 -0.062015 -0.412273 -0.499470
VERTEX_POSE A1994 0.212153 -0.623715 -0.505040 -0.574301 0.522749 -0.727808 0.469377 -0.079573 -0.137439 -0.002956 -0.495240 0.668996 0.565626 -0.205072 -0.054408 0.677967 0.236146 0.029831 -0.010191 0.806589
VERTEX_POSE A1995 -0.300918 0.966495 0.744092 0.945655 0.449209 0.089259 -0.577614 -0.073650 -0.279845 -0.418715 0.797840 0.886892 -0.034711 0.121272 -0.157301 -0.578851 -0.577646 -0.319997 0.393402 -0.098209
VERTEX_POSE A1996 0.160458 0.466778 -0.591294 -0.023375 0.883723 0.394616 -0.062895 -0.260468 -0.402845 -0.095889 -0.843178 0.560134 0.700245 -0.326699 0.285445 -0.119821 0.246332 0.535504 -0.694370 -0.231939
VERTEX_POSE A1997 -0.123094 -0.126128 0.492917 -0.728842 0.110137 -0.323999 0.542530 -0.425834 0.590657 0.015578 -0.481645 0.150651 0.742494 -0.079611 0.362892 -0.295331 -0.521314 0.625909 0.258653 0.555498
VERTEX_POSE A1998 -0.710148 -0.495176 -0.977288 -0.289350 0.528448 0.641726 0.216495 0.446293 -0.023405 -0.352096 0.442605 -0.352710 -0.586559 0.492561 -0.561316 0.690945 0.453595 -0.384916 -0.087765 -0.395676
VERTEX_POSE A1999 -0.633940 -0.943105 -0.928506 0.884655 0.620749 -0.110748 -0.527334 -0.396897 0.376302 0.392745 -0.672813 0.488876 -0.092155 0.602397 0.734092 -0.435760 -0.144078 0.261231 0.607693 0.078455
VERTEX_POSE A2000 0.672127 -0.623490 -0.232995 0.834078 0.056254 -0.051099 -0.037170 -0.528150 -0.262203 0.498950 0.310947 -0.474509 -0.632126 -0.315567 0.438693 -0.580051 0.550441 0.714863 0.116725 -0.470958
VERTEX_POSE A2001 -0.381126 -0.503806 0.885252 -0.380234 0.958842 -0.232891 -0.174405 0.429689 -0.222518 0.664161 0.623604 0.703046 -0.290989 0.321962 0.370072 0.651964 -0.449578 0.514801 0.136899 0.347427
VERTEX_POSE A2002 0.147960 0.259883 0.512198 0.978247 -0.971331 0.156502 0.472377 -0.577245 -0.445034 0.512250 -0.361236 -0.123994 0.447497 0.280324 0.801811 0.420771 0.229531 0.345220 -0.370347 -0.636420
VERTEX_POSE A2003 -0.810590 -0.826322 0.367262 -0.650135 0.401388 0.527643 -0.451847 0.233315 -0.078149 0.477691 -0.277554 -0.361457 0.382135 0.019559 -0.000673 -0.359271 -0.914013 0.764744 0.540873 -0.180901
VERTEX_POSE A2004 0.601951 0.987357 0.198224 0.467909 -0.629036 -0.052876 -0.362924 0.046361 -0.757829 -0.235419 0.585888 -0.378664 0.435362 -0.273511 0.190559 0.711850 0.605888 0.493154 -0.341457 0.461171
VERTEX_POSE A2005 0.036409 -0.621119 -0.330235 0.999086 0.174011 -0.634803 0.624435 -0.140773 -0.294844 -0.572405 -0.600528 -0.208846 0.189397 0.317175 -0.416803 -0.481008 0.700182 0.541065 0.123261 0.169394
VERTEX_POSE A2006 -0.489656 -0.215011 -0.061600 -0.152366 -0.318174 0.165229 0.410882 0.865225 -0.394240 -0.164080 -0.090438 -0.746516 -0.137544 0.284785 -0.299436 0.883352 -0.360524 -0.412706 -0.070879 0.179235
VERTEX_POSE A2007 -0.676589 -0.312775 0.391509 0.402654 -0.728188 0.440109 0.308543 0.558731 -0.350446 -0.194281 0.461676 -0.587518 0.806971 -0.012807 0.581279 0.464260 -0.181330 -0.020719 -0.017789 -0.664553
VERTEX_POSE A2008 -0.602276 0.406664 -0.371934 0.891217 0.365165 0.713567 0.248235 0.015010 -0.056566 0.471572 0.809963 0.560618 -0.640913 0.363449 0.415227 0.517143 -0.388175 -0.030254 0.194405 0.246902
VERTEX_POSE A2009 0.122330 0.347669 -0.335312 0.974558 0.767747 0.401684 -0.471571 0.037308 -0.369344 0.434616 0.437702 0.412435 0.470336 -0.680130 0.298545 0.605094 0.275126 0.665585 -0.037088 0.518414
VERTEX_POSE A2010 -0.899163 0.633808 -0.074822 -0.735680 0.215956 0.685922 0.073135 -0.674780 -0.196117 -0.672681 -0.120965 0.368607 -0.715089 0.126997 0.468790 0.175485 0.342518 -0.367987 0.002085 -0.629756
VERTEX_POSE A2011 -0.684459 0.712359 0.348936 -0.147686 -0.666964 0.624664 -0.561037 -0.298780 -0.502219 0.146997 -0.438905 0.337653 0.567704 0.493850 0.274385 -0.024954 0.236192 -0.410212 -0.583711 0.646853
VERTEX_POSE A2012 -0.348775 0.707850 -0.599953 -0.699312 0.151326 0.299724 0.467744 -0.678748 0.653713 0.439075 0.465567 0.227698 -0.364869 0.412261 0.465112 -0.071571 -0.030894 -0.463303 0.670952 0.389404
VERTEX_POSE A2013 -0.556911 0.539184 0.576948 -0.115057 0.584449 0.722650 -0.354377 -0.182724 -0.350980 -0.551804 0.458595 -0.347080 0.545308 -0.172254 0.480509 0.521817 0.561311 -0.056892 -0.016630 0.641531
VERTEX_POSE A2014 0.085218 0.257431 -0.918474 -0.659133 0.603328 0.701709 0.465511 -0.125525 -0.200387 -0.312009 -0.293045 0.402875 -0.789671 -0.236152 0.433651 -0.233569 0.728139 0.342181 0.088403 -0.558940
VERTEX_POSE A2015 -0.410202 0.973332 -0.030206 0.233442 -0.766787 -0.208160 0.922598 0.101931 -0.619781 0.017571 -0.307551 -0.744226 -0.244168 0.364536 -0.136588 -0.148954 -0.756857 -0.003394 -0.258260 0.435089
VERTEX_POSE A2016 0.060457 -0.446205 -0.277483 -0.340153 0.199754 0.411400 0.357940 -0.819471 -0.243847 0.721085 0.128658 0.459959 0.003890 0.050505 0.195137 0.580974 0.420076 -0.722252 0.119877 -0.364555
VERTEX_POSE A2017 0.664740 -0.606009 -0.625228 0.491641 -0.761215 0.382899 -0.409654 0.381769 0.528403 -0.411129 -0.731866 0.058199 0.253726 -0.167287 0.754511 0.506329 0.308995 0.038791 -0.585159 0.441772
VERTEX_POSE A2018 -0.990990 0.974155 -0.591610 -0.781787 0.396528 0.092969 -0.948026 -0.095273 -0.135456 0.167807 -0.932634 -0.781049 -0.189876 -0.059771 -0.316085 0.187657 0.320107 0.512895 0.042661 -0.122786
VERTEX_POSE A2019 -0.638275 -0.043646 0.596170 -0.403410 0.135357 -0.984346 0.143717 -0.018209 0.109428 0.500675 0.647320 0.040624 -0.362178 -0.265267 -0.083706 -0.555710 0.063454 -0.102135 -0.537293 0.711514
VERTEX_POSE A2020 -0.241706 -0.634635 -0.419786 0.679015 -0.384475 0.230602 0.272028 -0.292830 0.337321 -0.081230 0.748464 0.651839 0.391157 -0.380549 -0.454318 0.849221 0.243751 -0.449153 -0.212655 -0.387067
VERTEX_POSE A2021 0.674000 -0.377951 0.542660 -0.248922 0.912767 0.311782 0.294251 -0.660718 -0.318481 -0.565572 0.155416 -0.110799 0.116114 -0.403078 0.599191 0.322757 0.578034 -0.655787 0.689848 0.206647
VERTEX_POSE A2022 -0.669546 0.863219 -0.643165 0.838320 0.779306 0.741689 -0.016622 0.557297 -0.034891 -0.519828 -0.355137 -0.452400 -0.611620 0.533162 0.116061 0.029307 -0.450798 0.480151 -0.595453 -0.275350
VERTEX_POSE A2023 0.617341 0.500006 -0.244465 -0.465813 -0.925593 0.498112 0.117681 -0.425802 -0.167881 -0.368537 -0.052124 -0.592222 -0.415049 0.179475 0.271711 -0.772140 -0.424395 0.546943 -0.286121 0.776952
VERTEX_POSE A2024 -0.062296 0.271094 0.823815 0.703658 -0.415561 -0.530413 -0.438441 0.472201 -0.164693 0.444300 0.483445 0.375679 -0.376732 0.639873 0.632570 0.336869 0.283517 0.387632 -0.595784 -0.231275
VERTEX_POSE A2025 0.542607 -0.760496 -0.148204 -0.735981 0.302055 0.257844 -0.194411 0.481031 0.110295 -0.904912 0.158606 0.436247 -0.208915 -0.535464 -0.169736 -0.195255 -0.675284 -0.837992 -0.248131 0.026909
VERTEX_POSE A2026 -0.683577 0.466500 -0.500372 -0.520158 0.523617 0.468802 -0.171777 0.572103 -0.558292 -0.547676 -0.297415 0.351353 -0.750764 -0.123788 0.171445 0.325505 -0.534254 0.561865 -0.030714 -0.532439
VERTEX_POSE A2027 -0.901838 -0.262128 -0.767480 -0.319717 -0.531838 -0.567507 -0.300126 -0.371276 0.444046 0.613200 -0.319677 -0.551163 0.544841 -0.431166 -0.398333 0.207698 0.622450 0.135307 -0.440363 -0.431987
VERTEX_POSE A2028 -0.580487 0.113376 -0.655287 -0.464823 -0.587808 0.486840 0.044692 -0.596150 -0.432338 -0.301093 -0.561054 0.237304 0.093504 0.513889 -0.579768 0.739075 -0.056695 -0.428516 -0.593609 0.250055
VERTEX_POSE A2029 -0.393725 0.971324 -0.477660 0.190492 0.052065 -0.278042 0.453049 -0.418576 -0.426507 0.135179 -0.358291 -0.580974 -0.596683 0.375194 0.632899 -0.304536 -0.140938 0.051890 0.572451 0.731975
VERTEX_POSE A2030 -0.535778 -0.205233 -0.695985 -0.435062 -0.911089 -0.725465 -0.058997 0.678771 -0.561975 -0.010994 -0.661225 -0.006672 -0.988274 -0.075198 -0.388832 0.134417 -0.310442 -0.081545 0.040560 0.004649
VERTEX_POSE A2031 -0.908360 0.489885 0.111718 -0.630745 0.468447 -0.352055 0.621518 -0.311982 -0.509948 -0.697093 -0.040590 0.680989 -0.306287 -0.358320 -0.160750 -0.078405 -0.875637 0.355562 0.166785 -0.076724
VERTEX_POSE A2032 0.225149 -0.532482 -0.592407 0.810258 0.010907 0.338837 0.331631 0.561604 0.065560 0.044893 0.739659 -0.604255 0.598178 0.029323 -0.427070 -0.720312 0.347604 -0.577390 0.106486 0.125762
VERTEX_POSE A2033 0.612182 -0.945350 0.816213 -0.456815 -0.882420 0.404442 0.464583 -0.443123 0.464067 -0.428633 -0.224516 -0.491164 0.257959 0.368840 0.352720 0.698362 0.249937 0.505387 -0.214903 0.744797
VERTEX_POSE A2034 -0.718950 0.663563 -0.521020 -0.280881 -0.130166 0.755317 0.520069 0.157174 0.082935 0.059585 0.791536 0.575434 -0.309140 -0.428206 -0.279232 0.548210 -0.054331 0.116290 -0.574349 0.403058
VERTEX_POSE A2035 -0.172900 -0.545125 0.605817 0.278167 0.381870 0.097633 0.004542 0.354770 -0.112841 0.628491 -0.710678 0.102468 -0.258925 -0.319817 0.955918 0.266730 0.038733 0.231204 -0.683221 -0.515065
VERTEX_POSE A2036 -0.351409 -0.566469 -0.514022 -0.457729 0.291590 -0.276266 -0.105488 0.633667 -0.386361 -0.645156 -0.571484 0.343463 -0.336080 -0.080048 -0.760047 0.412983 -0.157177 -0.280651 -0.537718 0.490672
VERTEX_POSE A2037 -0.208606 -0.551447 0.417380 0.566753 0.551660 -0.419338 -0.088045 -0.531257 0.324776 0.835748 -0.368136 -0.553888 0.232364 0.470724 -0.599671 0.118414 -0.424601 0.228646 -0.475140 -0.424705
VERTEX_POSE A2038 0.150511 0.142100 -0.002674 -0.319179 0.653682 -0.294973 -0.440157 0.306237 -0.178112 -0.696506 -0.096402 0.126533 -0.529893 -0.160556 -0.764934 0.163488 -0.610626 0.529276 -0.116732 -0.705892
VERTEX_POSE A2039 0.046315 0.840195 0.114045 -0.566512 -0.343245 0.229838 0.100998 -0.105464 0.078837 -0.313125 -0.933780 -0.702567 -0.189019 0.074035 -0.660171 0.048630 -0.181432 0.107391 -0.923937 0.280237
VERTEX_POSE A2040 0.913724 0.796221 -0.917932 0.541311 0.319408 0.157609 0.309961 0.353803 0.513897 0.037787 0.334173 -0.464502 0.791266 0.251137 0.615053 0.521886 -0.537054 -0.342076 0.063478 -0.641603
VERTEX_POSE A2041 0.251348 -0.224092 0.922504 -0.054860 -0.130362 -0.274090 -0.763040 -0.168736 -0.459500 0.387435 0.334799 0.469039 0.091878 -0.658851 -0.295839 -0.407304 -0.003206 0.637351 -0.305493 0.652183
VERTEX_POSE A2042 0.361856 0.552554 -0.537019 0.285802 -0.010209 0.319087 0.740522 -0.430061 0.268455 -0.233770 -0.359826 -0.417620 0.603495 0.429563 -0.346407 -0.179650 0.221982 -0.729185 -0.022306 -0.672140
VERTEX_POSE A2043 -0.435051 0.504072 -0.517886 0.841999 -0.529266 0.035205 0.044515 -0.856136 0.143958 -0.422911 -0.470188 0.524405 -0.666613 0.211136 0.768416 0.298814 -0.000586 0.335520 0.534324 -0.037086
VERTEX_POSE A2044 0.694437 -0.684908 0.499452 0.830083 -0.545913 0.090499 -0.013328 0.789702 0.529223 0.093062 0.308675 0.559015 0.609846 -0.372957 0.262947 -0.701923 -0.357883 0.574538 -0.355745 0.117952
VERTEX_POSE A2045 -0.552926 -0.190015 -0.455493 0.626669 -0.406881 0.443310 0.634563 -0.230389 -0.117284 0.446830 0.714889 0.586471 -0.285883 -0.247806 0.655172 -0.196770 0.555875 -0.128539 -0.526522 0.255832
VERTEX_POSE A2046 0.154746 0.477404 0.451909 0.075441 -0.296053 -0.058746 -0.254723 0.315095 0.316246 -0.880525 -0.198445 -0.699194 -0.378046 0.437028 0.125698 0.127090 0.659200 0.625991 -0.026843 0.485590
VERTEX_POSE A2047 -0.245106 -0.131112 -0.778031 -0.510070 0.653841 -0.027137 -0.077652 -0.608362 0.348570 0.653173 0.209113 0.315769 -0.393679 -0.490358 -0.814988 0.351817 -0.291663 0.337411 0.537194 -0.510539
VERTEX_POSE A2048 -0.888186 0.203976 -0.080721 0.118310 -0.168096 -0.013169 0.570375 -0.403177 0.697320 -0.168197 0.321859 0.083550 0.659582 -0.063142 -0.415630 0.307448 0.828710 0.577792 0.341774 0.207624
VERTEX_POSE A2049 0.163756 0.451559 0.860298 0.293654 -0.899525 -0.554746 -0.217326 0.604166 -0.058361 0.426326 0.636695 0.489072 -0.296547 0.393670 -0.460143 -0.649310 -0.145865 0.487779 -0.511343 0.230977
VERTEX_POSE A2050 0.116619 0.825242 0.818138 0.086520 -0.210802 0.496716 -0.722260 -0.038512 0.034137 0.358800 0.104865 0.626069 -0.004968 0.281959 0.562692 0.511184 -0.569372 -0.208620 -0.297102 -0.764091
VERTEX_POSE A2051 -0.129892 0.569341 0.499493 -0.202675 0.447428 -0.569546 -0.432926 0.108354 -0.214312 0.591686 -0.632137 -0.500778 -0.245415 -0.518761 0.608685 -0.315791 -0.511818 0.091717 -0.550028 -0.239981
VERTEX_POSE A2052 -0.162244 -0.926392 0.402958 -0.955268 -0.986758 0.349678 -0.858255 -0.282779 0.868752 0.379355 0.029227 -0.279465 0.267735 -0.637859 0.042305 0.086063 0.408368 -0.207617 -0.200995 0.587838
VERTEX_POSE A2053 0.447073 0.688461 -0.825026 -0.075161 -0.431495 -0.439168 -0.139655 0.611715 -0.382525 0.703691 0.280184 -0.573824 -0.318479 -0.558632 -0.542286 -0.248795 0.069402 0.193539 -0.567440 0.480016
VERTEX_POSE A2054 -0.512551 0.069347 -0.744971 0.331512 0.521836 -0.524373 0.594707 -0.112057 0.003791 -0.087000 -0.422702 0.615753 0.433519 -0.609988 0.269055 0.628302 0.584550 -0.522949 0.236755 -0.308192
VERTEX_POSE A2055 0.775460 0.344701 0.226772 0.748390 -0.402319 -0.438506 0.066217 -0.392719 -0.608893 -0.668752 0.351435 -0.519915 0.259876 -0.041533 -0.311461 0.224426 -0.585527 0.263901 -0.656112 -0.614572
VERTEX_POSE A2056 -0.010321 0.927965 0.026769 0.188858 0.870560 -0.039890 -0.568989 0.211546 0.301069 -0.040197 0.883690 0.048699 0.591704 -0.057849 -0.938998 -0.051008 0.213296 -0.153876 0.567379 0.354257
VERTEX_POSE A2057 -0.196128 -0.464153 -0.245344 0.811354 0.045452 -0.734073 -0.094488 -0.634500 -0.320334 -0.732879 0.326730 -0.245414 0.003262 0.546301 0.378392 -0.109702 -0.388469 -0.393847 0.664767 0.203235
VERTEX_POSE A2058 0.873622 -0.917427 0.459293 -0.571327 0.065843 -0.246669 -0.678026 0.609033 0.619924 -0.321005 -0.417016 -0.009892 0.655041 0.384743 0.662376 0.079631 0.484110 -0.340600 0.042616 -0.269791
VERTEX_POSE A2059 0.409192 0.041340 0.371482 0.724035 -0.717248 0.167167 -0.576332 -0.044386 -0.175902 0.365853 -0.636498 0.565440 0.390451 -0.417659 0.339739 0.520271 0.635905 0.711315 -0.332953 -0.118684
VERTEX_POSE A2060 0.410147 -0.492829 0.276997 0.001846 -0.902482 -0.256420 0.326859 0.183765 0.190909 -0.238798 0.537210 0.642151 0.272141 0.555355 -0.678933 0.258982 0.544967 -0.156510 -0.833670 0.268754
VERTEX_POSE A2061 -0.662156 -0.122660 0.763308 -0.006389 0.154753 0.215250 0.751408 0.398136 -0.841656 -0.036187 0.374925 -0.141348 0.597136 -0.507094 -0.466893 0.194364 -0.431728 -0.085521 0.199319 0.507331
VERTEX_POSE A2062 0.500832 -0.468774 -0.516800 -0.906711 0.751199 -0.206911 0.268837 -0.608295 -0.400481 -0.250128 -0.596048 -0.166429 -0.508296 0.345441 -0.388875 -0.620317 -0.006988 0.786053 -0.471173 -0.394114
VERTEX_POSE A2063 -0.364705 -0.025311 0.684589 -0.187897 0.108424 -0.087039 0.780170 -0.067356 0.014848 0.133271 -0.688802 0.244329 -0.529636 -0.460302 -0.480330 -0.298709 0.410604 0.837729 0.061897 0.374888
VERTEX_POSE A2064 0.950026 -0.068010 0.579520 0.536796 0.272333 0.171802 -0.291090 -0.095396 -0.137710 -0.508511 0.162263 0.730082 -0.435377 -0.410651 0.643571 0.406716 0.594002 0.065709 0.549284 -0.665655
VERTEX_POSE A2065 0.781881 -0.805211 -0.037820 -0.187591 -0.378967 0.384780 -0.331251 -0.777881 0.069128 -0.538876 0.026502 0.624077 -0.322366 0.613114 -0.152057 -0.561085 -0.019937 0.659221 0.425615 -0.133764
VERTEX_POSE A2066 0.462395 0.429564 0.290406 -0.909730 -0.509705 -0.531554 0.333628 -0.237898 0.011457 0.421399 -0.355087 -0.577103 0.383162 0.599531 -0.004692 -0.406130 0.569763 -0.619878 -0.631950 -0.365035
VERTEX_POSE A2067 -0.401383 0.365521 -0.934501 -0.920934 -0.436076 0.330837 0.482295 0.309755 -0.566507 -0.567597 0.359518 0.473165 -0.462221 -0.498433 -0.451087 0.457859 -0.154446 0.377164 -0.148127 0.708879
VERTEX_POSE A2068 -0.426725 -0.356658 -0.620440 -0.620838 -0.827307 0.419971 -0.716785 -0.037836 -0.766109 -0.595820 0.161108 0.254442 -0.309728 -0.650476 -0.344192 0.134529 -0.663478 -0.231284 0.131105 -0.330592
VERTEX_POSE A2069 -0.387094 -0.428336 -0.712267 -0.228909 -0.856023 0.358045 0.392572 0.419413 -0.724359 0.462253 0.376453 0.291533 0.325892 -0.500228 -0.265779 0.496658 -0.611206 0.437582 0.528521 0.242024
VERTEX_POSE A2070 0.644932 0.205716 0.179543 -0.487446 0.220679 -0.427266 0.570812 0.158669 -0.189161 -0.236564 0.712957 0.439129 -0.197684 0.590560 -0.450379 0.318504 0.314669 -0.621278 -0.691149 -0.136889
VERTEX_POSE A2071 -0.513001 -0.560437 -0.538372 0.920473 0.492101 0.485880 0.392997 0.539738 0.541776 -0.802461 -0.106639 -0.385383 0.020058 -0.321268 0.409224 0.366996 -0.770049 0.392958 0.257917 -0.033496
VERTEX_POSE A2072 0.864253 0.347573 -0.789764 0.716231 0.013615 0.404077 0.524441 -0.237465 0.245865 -0.027068 0.924153 -0.253618 -0.614321 0.029449 0.711736 -0.578283 -0.262946 0.453192 0.111480 0.139796
VERTEX_POSE A2073 0.006789 -0.241730 0.642524 0.798357 -0.789530 0.474934 0.227920 -0.417866 0.135492 -0.579045 0.031644 -0.542969 0.188991 0.544459 -0.002385 -0.752399 0.086113 -0.679160 -0.104586 -0.721481
VERTEX_POSE A2074 0.051948 0.943635 -0.056258 0.762472 0.962835 -0.525341 -0.509457 0.038407 0.463560 0.128595 0.152273 -0.413477 -0.151734 0.628103 -0.566681 0.541027 -0.501522 0.130536 -0.638892 -0.573847
VERTEX_POSE A2075 0.558690 0.662665 0.709688 0.546315 0.467701 -0.204907 0.813792 0.433921 -0.627003 -0.117953 0.223913 0.086515 -0.535463 0.726804 -0.545769 -0.102894 0.129457 0.509443 0.162852 0.465374
VERTEX_POSE A2076 0.453863 0.568255 -0.812969 0.425026 -0.196412 0.270148 -0.561866 0.053019 0.522984 0.211432 -0.271931 -0.598158 0.073345 0.517062 0.367001 0.681808 0.470342 -0.401280 0.411535 -0.659293
VERTEX_POSE A2077 -0.793306 0.421038 -0.604349 -0.162088 -0.333218 0.557451 0.258487 -0.441090 0.388693 0.681679 0.574429 0.608702 -0.328097 -0.103497 0.221353 -0.541692 0.658916 -0.344457 0.259653 0.174897
VERTEX_POSE A2078 -0.686415 -0.468447 0.931657 -0.963755 0.121542 0.114480 -0.067901 0.181109 -0.127119 -0.539206 0.373038 -0.401134 0.601460 -0.357834 -0.793749 0.082305 0.503971 -0.424015 -0.579757 -0.667841
VERTEX_POSE A2079 0.565677 -0.227769 0.106310 -0.456664 0.635492 -0.546430 -0.518512 -0.346259 -0.270830 -0.469754 -0.189386 -0.274947 -0.014471 0.395837 -0.175721 0.565549 -0.745206 -0.722213 0.436373 0.363621
VERTEX_POSE A2080 0.370450 -0.127403 -0.744051 -0.868434 -0.232742 -0.422689 -0.254988 0.590501 -0.732391 -0.321250 -0.214716 0.302699 -0.401536 0.654157 0.018375 0.623910 0.335372 -0.439286 0.530363 0.254578
VERTEX_POSE A2081 0.430204 -0.643205 0.749795 0.122765 0.910740 0.239753 -0.664973 0.022627 -0.665183 -0.401379 0.081252 -0.247376 -0.401461 -0.658233 -0.538352 0.470269 -0.284100 0.386046 0.119926 -0.692028
VERTEX_POSE A2082 -0.564215 -0.658428 -0.394197 0.340661 0.082921 -0.407883 0.639628 0.152448 -0.156751 0.334217 -0.655461 0.783770 0.550112 0.241983 -0.284918 0.420147 -0.018499 -0.337027 -0.005424 0.698736
VERTEX_POSE A2083 -0.791794 -0.053795 0.658907 -0.823702 -0.219501 0.119828 0.192946 -0.639262 -0.618289 -0.490563 -0.555129 -0.138826 0.707970 -0.321349 0.293563 -0.449838 -0.046943 0.705626 -0.136177 -0.421554
VERTEX_POSE A2084 -0.122724 -0.954744 0.924769 -0.952396 -0.520755 0.240682 -0.542122 -0.495729 0.202622 -0.435556 0.733401 -0.601626 -0.644779 0.070415 -0.563571 0.037100 -0.308153 0.470585 -0.315085 -0.341262
VERTEX_POSE A2085 -0.076766 0.410919 -0.139169 -0.327827 -0.395244 -0.074331 0.273556 -0.376551 -0.405762 -0.485226 -0.445723 -0.741585 -0.030508 0.633336 0.084274 0.670211 0.200891 -0.522285 0.489500 -0.466978
VERTEX_POSE A2086 0.983666 -0.709094 -0.114321 0.924688 0.378180 -0.339405 -0.500326 -0.687042 0.397042 -0.458009 0.380669 -0.515683 0.209415 -0.060476 -0.395990 0.450835 0.298823 0.551747 0.541105 -0.538621
VERTEX_POSE A2087 0.866955 0.973220 -0.048462 0.236462 -0.650195 0.583112 0.110662 -0.766375 0.000365 0.745834 0.260485 0.293840 0.385875 0.257294 0.506435 0.197144 0.181924 0.563172 -0.493681 0.495500
VERTEX_POSE A2088 0.727107 0.946766 0.615488 -0.516472 0.650209 0.069223 0.611671 0.006244 0.846269 0.118888 0.456876 -0.419448 0.626794 0.470489 0.100271 0.384165 -0.630841 -0.305033 -0.266968 0.414614
VERTEX_POSE A2089 0.857287 -0.626521 -0.655028 -0.646639 -0.555978 -0.624974 -0.413264 0.067122 0.261045 0.376585 -0.663328 -0.013037 -0.453511 -0.640790 0.735360 -0.504881 0.274558 0.018419 0.476256 0.263623
VERTEX_POSE A2090 0.276148 0.014561 -0.676980 -0.039504 -0.367443 -0.153484 -0.051359 0.870709 0.441538 0.564699 -0.001769 -0.391734 -0.527999 -0.292475 -0.605114 0.293220 0.235668 -0.511731 0.560104 -0.317461
VERTEX_POSE A2091 0.137253 -0.546063 -0.107516 0.485374 0.747726 -0.556212 -0.276669 -0.686109 -0.409674 0.884017 -0.008743 -0.451747 -0.007116 0.403508 0.384192 0.173950 0.112231 0.413663 0.334153 -0.594781
VERTEX_POSE A2092 -0.804869 0.250819 -0.891720 0.346972 0.598776 0.391377 -0.091386 -0.832870 -0.641369 -0.122300 -0.000237 0.219440 -0.261398 0.399296 -0.464483 -0.651756 -0.299061 -0.414212 0.695397 -0.239692
VERTEX_POSE A2093 -0.223021 0.545786 -0.193780 0.053786 -0.616244 0.151171 0.801813 0.259287 -0.628116 -0.111229 0.648827 -0.484087 0.401050 0.010330 0.351533 0.347509 0.108652 -0.474027 0.251238 -0.707023
VERTEX_POSE A2094 0.772549 0.428626 -0.422927 -0.702523 -0.143850 -0.103461 0.587583 0.510864 -0.066174 -0.001320 0.681634 -0.532947 -0.706550 0.221096 -0.824511 0.351648 -0.184713 -0.145138 0.178535 -0.437482
VERTEX_POSE A2095 -0.854843 -0.817192 0.687800 -0.116232 -0.128891 0.415666 -0.395614 0.162551 -0.325591 0.209808 -0.584469 0.565242 -0.423675 -0.280201 -0.353607 -0.627000 -0.515937 0.526000 0.476277 -0.535975
VERTEX_POSE A2096 -0.441139 0.740575 0.768400 0.866194 0.004789 0.530625 -0.045666 0.385548 0.232065 0.117343 -0.328274 0.348762 -0.724016 0.344754 -0.294782 -0.674004 -0.520072 0.675316 0.075262 -0.595196
VERTEX_POSE A2097 0.234944 -0.141810 0.867480 -0.612253 0.346445 -0.558500 -0.334129 -0.634880 -0.036839 0.574811 -0.529575 -0.415509 0.446499 0.469150 0.206601 -0.564723 0.104415 0.686578 0.199192 -0.292357
VERTEX_POSE A2098 -0.256226 0.548329 0.753298 -0.037165 0.435033 -0.105323 0.333955 -0.693244 -0.318744 0.502598 0.674587 0.640950 -0.281707 0.155233 -0.583746 -0.188452 -0.153983 -0.368419 -0.721800 0.128598
VERTEX_POSE A2099 0.132136 -0.616083 -0.852040 -0.754644 0.177482 0.338123 0.940439 -0.024639 -0.821102 0.300562 0.023181 0.133209 -0.076629 -0.860825 -0.208477 0.054295 0.192418 -0.387629 0.128127 -0.469905
VERTEX_POSE A2100 0.847850 0.429855 -0.844788 0.158838 0.490422 -0.011455 -0.713734 0.253107 -0.655491 0.352971 -0.018735 0.440620 -0.232373 -0.524161 -0.497911 -0.329782 -0.718454 0.357966 0.450824 -0.380348
VERTEX_POSE A2101 -0.611294 -0.245955 -0.067158 0.475389 -0.344289 -0.194406 -0.095149 -0.693939 0.405476 0.879153 -0.226335 -0.407527 0.354070 0.299796 0.628233 -0.173152 0.449929 -0.486868 0.250377 0.418220
VERTEX_POSE A2102 0.619135 -0.176520 -0.390413 -0.834172 -0.330417 -0.190467 -0.292585 -0.078558 -0.444749 0.448799 0.366572 -0.774206 -0.172330 -0.547600 -0.367208 -0.383443 0.748026 -0.178000 0.732289 0.006767
VERTEX_POSE A2103 0.712103 -0.222573 -0.634551 -0.124930 -0.495964 0.383721 0.547038 -0.559139 0.309089 -0.503841 -0.028543 0.652401 0.257096 0.709082 0.159187 -0.569715 -0.013334 0.553403 -0.237109 -0.428455
VERTEX_POSE A2104 0.395495 0.512315 -0.424635 0.273746 -0.133819 -0.376931 -0.755724 -0.127160 0.281535 -0.411892 0.563713 -0.703436 0.189546 0.655305 -0.122258 -0.440006 -0.200560 0.518548 -0.172318 0.443179
VERTEX_POSE A2105 -0.328917 -0.232886 0.553329 0.928300 -0.367582 -0.491209 0.551847 -0.207007 0.201698 0.744914 0.394469 -0.419932 0.059344 -0.647193 0.300292 0.366359 -0.307512 -0.671948 -0.053175 0.536769
VERTEX_POSE A2106 0.270794 -0.559908 -0.924863 -0.578616 0.971738 -0.189276 0.731682 0.183602 0.645544 -0.049796 -0.616914 -0.381253 0.244452 -0.665674 0.379951 0.632670 -0.031162 -0.507673 -0.046190 -0.376317
VERTEX_POSE A2107 -0.150643 0.080570 -0.237604 -0.301229 0.669770 0.162994 -0.529155 -0.429564 -0.389135 -0.546403 -0.333034 -0.407396 0.254577 -0.602698 -0.718973 0.299532 0.128752 -0.372980 -0.516633 0.569861
VERTEX_POSE A2108 -0.122223 -0.811848 0.948980 -0.233788 0.299201 0.597193 -0.213017 0.559597 -0.222107 -0.351462 -0.397839 0.741966 -0.090515 -0.428779 0.190173 0.802385 -0.330137 -0.085738 0.423182 0.485523
VERTEX_POSE A2109 0.584378 -0.028355 -0.993207 -0.542371 0.093280 -0.190359 -0.237735 0.794980 -0.544192 0.107877 0.215636 0.431225 -0.766598 0.159142 -0.443964 -0.075929 0.170416 -0.533442 -0.581728 -0.516856
VERTEX_POSE A2110 -0.584966 0.852801 0.868706 0.242108 0.305262 -0.096870 -0.211796 -0.650285 0.000797 -0.194051 -0.543322 0.602670 0.725236 -0.142345 0.424066 -0.105777 -0.415640 -0.669008 0.616710 -0.298181
VERTEX_POSE A2111 -0.751773 0.060750 -0.795071 -0.102221 -0.933542 -0.322107 0.539058 0.366912 -0.521841 -0.604959 -0.403159 0.418992 -0.441289 0.471787 0.570404 -0.144688 -0.085316 -0.350733 -0.357451 0.687733
VERTEX_POSE A2112 0.014582 0.328440 0.756588 0.580394 0.004020 0.192519 -0.332751 0.541561 -0.419154 -0.424813 -0.637561 0.087663 -0.521739 -0.176791 0.158565 0.631664 -0.393297 -0.868573 0.193908 0.338067
VERTEX_POSE A2113 -0.149181 -0.805627 -0.525491 -0.417231 -0.611818 0.517813 0.309495 0.219455 -0.450370 -0.464778 -0.444857 0.226781 -0.710670 0.499866 0.213552 0.195587 -0.522860 0.657269 -0.380642 -0.480305
VERTEX_POSE A2114 -0.543567 -0.993046 0.863835 0.074077 -0.153043 -0.162793 -0.486351 0.657222 -0.121208 0.677819 0.452141 0.375427 -0.456072 0.279905 -0.584497 -0.309716 -0.445281 -0.690090 0.009889 0.294969
VERTEX_POSE A2115 0.891858 0.373695 0.681357 0.627997 0.483265 -0.638495 -0.392329 0.618155 0.049145 0.222084 0.259612 0.006076 -0.200942 -0.434082 -0.647842 0.715994 -0.243142 -0.412520 -0.493691 -0.550400
VERTEX_POSE A2116 0.774054 0.605292 0.335340 0.254942 -0.007061 -0.294499 0.400818 0.296217 -0.763323 -0.010718 -0.555684 0.114337 0.508582 0.297821 0.383651 0.616499 -0.657129 0.412732 -0.447776 -0.288019
VERTEX_POSE A2117 -0.559901 -0.702140 -0.250486 -0.001235 -0.774863 -0.519921 -0.222672 0.258169 -0.210417 0.364706 -0.427037 0.113629 0.666665 -0.356612 -0.326440 0.601041 0.677087 -0.752285 -0.108231 -0.406656
VERTEX_POSE A2118 0.758814 0.346916 -0.367106 -0.135541 0.833070 -0.307224 -0.387721 -0.551046 0.430657 -0.617880 0.153056 0.162374 0.554111 0.310566 0.493988 -0.277598 0.342032 0.670641 0.289476 -0.677854
VERTEX_POSE A2119 0.501160 0.552058 -0.049173 0.738470 -0.356853 -0.357245 -0.410324 -0.124213 0.509320 -0.602160 -0.591500 0.402826 -0.019581 0.286993 -0.534129 0.186933 -0.599234 0.406702 0.658566 -0.439605
VERTEX_POSE A2120 -0.702614 -0.328661 0.094486 0.352126 -0.330840 -0.732642 0.135250 0.540234 0.199904 0.376368 -0.018189 -0.152958 -0.514574 0.362611 0.433058 -0.608476 0.315882 -0.460802 -0.452796 -0.690325
VERTEX_POSE A2121 0.034961 -0.638524 -0.044086 0.824955 -0.534373 -0.326294 -0.404347 0.441711 0.472805 0.129526 -0.057342 0.528187 -0.721005 0.291187 0.394860 0.544683 0.673747 0.484863 -0.056562 -0.512717
VERTEX_POSE A2122 -0.361586 -0.994005 0.843312 0.223843 -0.609126 0.641595 0.090283 -0.517173 0.619568 -0.619744 0.416381 0.247363 0.233497 -0.486875 0.190859 0.552266 0.468043 0.326918 0.498244 0.321009
VERTEX_POSE A2123 -0.507482 0.922158 0.202766 -0.300901 -0.732064 0.487819 -0.433931 0.199309 0.460951 -0.285612 0.435613 -0.498832 -0.759750 -0.293264 0.119614 -0.390490 -0.013273 0.535179 0.020656 -0.827247
VERTEX_POSE A2124 0.811941 0.907263 0.762134 -0.121259 -0.150618 0.394230 -0.158961 0.647126 -0.354783 -0.814924 0.234511 0.641101 0.115545 0.124360 0.412069 -0.361461 0.032697 0.371348 -0.408198 -0.713932
VERTEX_POSE A2125 -0.589038 0.434620 -0.579615 0.521321 0.247024 -0.079458 -0.150797 0.700916 0.647394 0.420431 -0.193783 -0.056905 0.808023 0.456367 -0.741581 0.351683 -0.352685 0.146242 0.154645 -0.372165
VERTEX_POSE A2126 -0.362325 -0.895034 -0.109434 0.582867 0.139045 -0.206106 0.693550 0.492765 -0.059258 0.533495 -0.516899 0.856515 0.222170 0.346785 -0.358770 -0.250958 0.607464 0.302778 -0.349330 -0.026934
VERTEX_POSE A2127 -0.629198 0.647838 0.530534 -0.255065 0.854171 0.461830 0.521451 0.550226 0.446696 -0.315357 0.422527 0.128143 -0.731974 0.048520 0.110175 -0.302541 0.312781 -0.747407 -0.036362 0.646944
VERTEX_POSE A2128 0.645906 -0.707189 -0.712136 0.909068 -0.406531 -0.015977 0.523366 -0.464235 -0.863636 -0.037653 0.416847 -0.093285 0.658956 0.166314 -0.350437 -0.430336 -0.649321 0.349812 -0.324435 0.401803
VERTEX_POSE A2129 0.381449 0.653295 -0.356136 -0.454298 -0.425923 0.438716 -0.635840 -0.597582 0.209381 0.501366 -0.411482 -0.327681 0.196204 -0.628756 -0.739885 -0.459368 -0.071742 0.329974 -0.307937 0.270364
VERTEX_POSE A2130 0.502938 -0.968246 0.678494 -0.009709 0.031653 -0.353990 -0.522042 0.665507 0.145968 -0.014062 0.395925 -0.509892 -0.373989 -0.156690 -0.553310 0.761227 0.325959 0.535951 0.089104 0.519175
VERTEX_POSE A2131 0.493756 0.722665 -0.556923 0.067906 -0.916109 -0.542741 0.225728 -0.748404 -0.555233 -0.121263 0.237317 0.144948 0.627175 -0.216930 -0.210224 0.708760 0.533866 -0.576146 -0.196604 0.226935
VERTEX_POSE A2132 0.770155 -0.592660 0.576706 -0.978909 0.229789 0.839440 0.197616 0.143999 0.453108 -0.447131 0.045944 0.111098 -0.182927 -0.961767 0.274816 0.063470 -0.091343 0.046546 0.850607 -0.209320
VERTEX_POSE A2133 0.122073 -0.144766 -0.711919 0.156119 0.701236 0.623479 -0.055131 0.539962 0.102887 -0.575423 -0.649597 0.094029 0.337246 -0.336150 -0.192225 -0.735343 0.347082 -0.744914 0.106704 0.230221
VERTEX_POSE A2134 0.205859 -0.499907 -0.191475 0.942976 -0.412073 0.348271 -0.838266 -0.195040 0.088416 -0.181273 -0.487367 0.206691 0.031267 0.498964 0.642446 0.511565 -0.482216 -0.644540 0.042115 -0.492885
VERTEX_POSE A2135 0.165649 0.919655 -0.847929 0.294836 -0.904030 -0.010940 0.056870 0.376849 0.214623 -0.466042 0.687355 -0.810442 -0.394248 0.205950 0.170818 0.520166 0.568252 -0.517516 0.594615 0.142134
VERTEX_POSE A2136 0.793156 0.622348 0.841411 0.084419 -0.666346 -0.381083 0.663519 0.011197 0.639854 0.124970 0.517493 0.551721 0.587873 -0.254522 0.375454 -0.403300 -0.496790 -0.000145 0.189419 -0.648455
VERTEX_POSE A2137 -0.523347 -0.059815 -0.116338 -0.635640 -0.440335 0.555137 0.505689 -0.126555 0.555000 -0.407239 -0.613061 0.001176 -0.453058 -0.198083 0.201938 0.543062 -0.123876 -0.585677 0.279746 -0.744015
VERTEX_POSE A2138 -0.984993 0.000224 -0.085533 0.993608 0.765740 0.461584 -0.054691 -0.444748 0.248292 -0.254910 -0.600855 -0.630243 0.507280 -0.315353 -0.072605 -0.495344 0.478865 -0.568166 -0.655234 -0.335281
VERTEX_POSE A2139 -0.329067 0.810501 0.790390 0.850632 0.632854 0.687325 -0.109845 -0.040919 0.310542 -0.600346 -0.209368 0.116822 -0.337945 -0.536751 -0.025200 -0.561571 0.769880 0.645651 0.444915 0.271428
VERTEX_POSE A2140 -0.938969 0.911830 -0.109545 -0.178011 0.652945 -0.668791 0.396018 0.374177 0.578446 0.267799 0.770335 0.259423 -0.473393 -0.012412 -0.378907 -0.489676 0.450437 0.085132 0.554590 -0.252048
VERTEX_POSE A2141 -0.569959 -0.146974 -0.216827 0.235715 0.071001 -0.655420 0.429831 -0.185482 0.174865 0.327724 -0.662628 0.558652 0.415319 -0.290724 0.430323 0.301909 0.546040 -0.206343 0.666486 0.379263
VERTEX_POSE A2142 -0.080840 -0.128750 0.995319 -0.251590 0.699313 -0.431752 -0.051654 0.438146 -0.579424 0.432936 -0.180962 -0.222988 0.027290 -0.838452 0.271134 -0.602209 -0.263710 -0.595500 -0.668205 0.052304
VERTEX_POSE A2143 0.075613 0.240270 -0.352957 -0.597617 -0.343034 0.683300 0.067428 -0.648064 0.202331 -0.538821 0.355008 0.229360 0.776760 0.267394 -0.510763 0.304443 -0.101373 -0.422704 -0.095306 -0.610086
VERTEX_POSE A2144 0.280861 0.047399 0.257682 0.818484 0.459184 -0.169912 0.928576 -0.232949 0.234127 -0.193741 -0.858177 0.219104 -0.126103 -0.271041 0.555971 0.269411 -0.085217 0.747800 0.108292 0.358527
VERTEX_POSE A2145 0.375594 -0.121795 0.859154 0.822487 -0.453730 0.417693 -0.204686 0.515659 0.613759 -0.298828 -0.701871 0.163037 0.291589 -0.218817 -0.613304 -0.591553 -0.295106 -0.214732 0.658670 -0.326350
VERTEX_POSE A2146 -0.032529 -0.386035 -0.671600 -0.969619 -0.859769 0.238577 0.109095 0.091354 -0.138579 0.733393 0.624904 -0.383145 0.284947 -0.126774 0.728815 0.494050 -0.414940 0.495888 -0.353487 0.642575
VERTEX_POSE A2147 0.054915 -0.347309 -0.406979 0.073426 -0.547877 -0.359668 0.194732 -0.059096 0.414708 0.376204 -0.777470 0.024716 0.822979 0.494819 -0.653764 0.321526 -0.374060 0.520229 0.199691 0.085330
VERTEX_POSE A2148 0.815692 0.176065 -0.391331 -0.178747 -0.228592 0.124068 -0.150099 0.887512 0.732144 0.272941 0.119657 -0.390140 0.676104 -0.007856 -0.202540 -0.660019 -0.093744 -0.505312 0.101155 0.434919
VERTEX_POSE A2149 -0.273715 0.960881 -0.038706 -0.105160 0.973301 -0.619245 -0.295051 -0.414519 -0.158390 -0.688583 0.454062 -0.140114 0.121222 0.774318 -0.674968 0.568011 0.139956 0.340931 0.318540 0.053350
VERTEX_POSE A2150 -0.443925 -0.795252 0.543849 -0.188104 0.095270 0.386977 -0.256101 0.739287 0.296483 0.629696 -0.348485 0.530031 -0.589025 -0.533551 0.693799 0.326893 0.145932 0.007538 -0.289976 -0.161369
VERTEX_POSE A2151 -0.886921 0.847404 0.703155 -0.826621 0.440568 -0.206810 0.478637 0.422199 0.596755 -0.361012 -0.369965 0.103483 -0.609498 0.723334 0.712751 0.393522 0.380070 0.287036 0.337979 -0.131184
VERTEX_POSE A2152 0.761246 -0.677642 0.917209 -0.280205 -0.561073 0.411565 0.572798 -0.625259 0.766760 0.166295 0.440830 0.218552 -0.203978 -0.151659 0.117586 0.083235 0.565607 -0.425562 0.771825 0.267970
VERTEX_POSE A2153 0.194489 -0.789257 0.387160 -0.964261 0.486143 -0.030677 0.135380 0.017939 0.023377 -0.259899 0.784486 0.196288 0.651229 -0.272373 0.798380 0.301968 0.351764 0.567955 -0.631538 -0.431666
VERTEX_POSE A2154 -0.394403 0.769562 -0.094079 -0.127522 0.708503 0.166030 -0.435078 -0.236503 -0.769366 -0.617051 0.053429 -0.172914 0.201290 0.884887 -0.254142 0.210676 -0.121066 0.534810 -0.587413 0.378853
VERTEX_POSE A2155 0.573187 -0.770380 0.679343 0.598536 0.288310 0.592551 -0.250543 0.504346 -0.641035 -0.367561 0.281619 0.396004 -0.613263 -0.132306 0.109133 0.538948 0.623975 -0.263112 -0.368198 0.509388
VERTEX_POSE A2156 0.605451 0.645363 0.807545 0.557060 -0.266832 -0.071604 0.540234 -0.082936 0.371751 -0.752233 -0.165504 -0.485645 -0.053823 -0.736268 0.425162 0.236595 0.236109 0.663371 0.288822 -0.606542
VERTEX_POSE A2157 0.243271 0.874528 0.796487 -0.544655 -0.152452 -0.194265 -0.395979 -0.591838 -0.546827 0.306777 -0.041407 0.409391 0.575231 -0.691526 -0.610345 0.483748 -0.001475 0.350882 0.429169 0.412071
VERTEX_POSE A2158 0.943989 0.877458 0.209877 -0.656529 0.142480 0.463842 0.578153 -0.421730 -0.190780 0.061948 0.703452 -0.605348 -0.330694 -0.568558 0.131008 -0.237937 0.052910 -0.604023 0.704222 0.035240
VERTEX_POSE A2159 0.251357 0.938174 -0.904590 0.466128 0.326637 0.039284 -0.731458 0.498202 -0.341077 -0.627035 -0.628254 0.285344 0.014039 0.030410 0.665341 -0.047449 -0.557070 -0.598351 0.263339 -0.214106
VERTEX_POSE A2160 -0.375280 0.527823 -0.559649 0.001046 0.421625 0.880856 0.095744 -0.348863 0.330931 0.486812 0.641505 0.041018 -0.544261 0.346644 -0.103806 0.082275 -0.585389 0.319563 -0.671459 0.062644
VERTEX_POSE A2161 0.446926 0.909212 -0.111629 0.333762 -0.825867 0.545278 -0.511749 -0.516760 -0.354105 0.340222 -0.021939 0.026766 -0.334964 0.341179 -0.609686 -0.151890 -0.699201 0.452602 0.697919 -0.356641
VERTEX_POSE A2162 -0.254887 0.660839 -0.461514 -0.465966 0.410528 -0.112867 0.512296 0.544437 0.032486 0.177167 -0.470412 0.090741 0.577389 -0.625075 -0.387020 0.561993 0.196456 -0.910048 -0.238642 -0.230189
VERTEX_POSE A2163 -0.605126 0.935163 -0.982944 0.022137 -0.348586 0.477699 -0.134421 -0.220878 -0.499193 -0.684134 0.334483 0.502914 0.160009 0.747184 -0.216120 0.392984 -0.364073 0.472208 -0.577799 -0.385357
VERTEX_POSE A2164 -0.431001 -0.235554 0.176452 -0.510119 0.875369 -0.069843 -0.489215 0.063636 -0.529916 -0.014804 0.680752 -0.050702 -0.684233 -0.439376 0.656418 -0.405513 0.578488 0.529958 0.357539 -0.069480
VERTEX_POSE A2165 0.950973 -0.839068 0.347011 -0.522991 0.998455 0.604322 0.695112 0.372944 0.382529 0.090970 -0.769875 -0.426884 0.594882 -0.237985 -0.318360 0.085287 0.406910 0.452641 -0.383909 0.214459
VERTEX_POSE A2166 0.560524 0.854818 -0.830873 -0.683027 -0.252616 -0.138270 -0.016031 0.541870 -0.082340 0.410188 -0.675195 0.316579 0.651646 0.473756 0.934151 -0.163803 -0.142705 0.035238 -0.616453 0.075355
VERTEX_POSE A2167 -0.637845 -0.613206 0.017863 0.574300 -0.790977 0.630440 0.041349 -0.716540 0.246118 0.675716 0.467606 0.726252 -0.369615 0.490557 0.041204 0.293893 -0.081863 0.113276 0.564544 -0.143415
VERTEX_POSE A2168 -0.572375 0.101117 -0.769327 -0.158631 -0.441880 0.294238 -0.118168 0.546706 -0.672624 -0.293689 0.484597 0.473672 0.488349 0.407412 0.358134 -0.644219 0.326606 0.329205 -0.496267 -0.440025
VERTEX_POSE A2169 0.575531 -0.144958 0.083595 -0.689419 -0.486876 -0.145471 -0.710591 0.639222 -0.607410 0.232670 0.172285 0.686070 -0.189266 -0.107119 -0.103534 -0.557470 -0.344631 -0.358441 -0.307133 -0.656862
VERTEX_POSE A2170 0.033087 -0.802705 -0.191747 0.424932 0.841877 -0.287769 -0.688745 0.048412 -0.897052 0.230580 0.241294 0.018607 0.548256 0.402318 0.330108 0.065102 0.558919 -0.056294 0.409438 -0.682043
VERTEX_POSE A2171 -0.511343 0.012947 0.121128 0.663359 -0.788934 0.302465 0.837037 0.384609 -0.496892 0.402783 -0.187201 -0.417203 -0.249355 0.516493 0.415318 -0.008333 -0.591049 -0.561308 0.273656 -0.448249
VERTEX_POSE A2172 -0.994428 0.708068 0.866768 0.546296 0.584125 0.675132 0.056370 -0.155228 -0.331750 -0.166691 0.785975 0.464673 0.573858 0.547898 0.412239 -0.579473 0.228069 -0.219719 0.551303 -0.077073
VERTEX_POSE A2173 0.952248 0.068545 -0.196428 -0.826657 0.541190 0.184927 -0.343106 -0.710712 0.507991 0.066741 0.603118 -0.751391 0.370267 0.055930 -0.319653 -0.536697 0.260543 0.202439 0.672817 -0.245207
VERTEX_POSE A2174 0.564270 -0.746783 0.768171 -0.934258 -0.131969 -0.589869 0.351251 -0.440323 0.101487 -0.133203 -0.681814 0.415608 0.819486 0.184629 0.259917 -0.432648 0.215962 0.633614 -0.011714 -0.510410
VERTEX_POSE A2175 0.286433 -0.244533 0.124449 0.364780 0.043309 0.458813 -0.367345 0.807527 -0.425193 -0.499017 -0.004691 0.105370 -0.773571 -0.407610 0.320163 0.132606 -0.177510 -0.703630 0.006509 0.387585
VERTEX_POSE A2176 0.327841 0.946750 -0.337273 0.995830 -0.912540 0.094066 -0.590886 0.041085 -0.270817 0.295636 -0.653855 0.702201 -0.397103 -0.342331 -0.166146 -0.127909 0.621985 0.630173 0.624020 0.258320
VERTEX_POSE A2177 -0.468259 -0.132818 -0.903429 -0.903878 0.008262 0.053968 0.565070 -0.518548 -0.032823 -0.005147 -0.711362 0.595013 0.638759 0.251765 0.717595 -0.414931 -0.002588 -0.356410 0.317000 0.402094
VERTEX_POSE A2178 -0.658653 0.408157 0.717471 -0.561794 0.495432 -0.065184 0.612238 0.368306 -0.666358 0.421968 0.236490 0.527281 0.461530 -0.201430 -0.185379 -0.483230 0.442864 0.489211 -0.024217 0.756122
VERTEX_POSE A2179 0.143534 0.122815 0.271395 -0.182918 -0.141132 -0.207031 -0.348525 0.265367 0.252746 0.575677 -0.248725 0.190140 0.638183 0.302107 -0.470483 0.251501 0.723683 -0.797340 0.276761 -0.502723
VERTEX_POSE A2180 0.258026 -0.171937 0.057866 -0.009038 -0.018437 -0.411673 -0.038997 0.490453 -0.363828 0.658453 0.307655 -0.631349 -0.178250 0.095121 -0.051821 -0.717498 0.368189 -0.544856 -0.135432 -0.721244
VERTEX_POSE A2181 -0.102578 0.612906 0.261320 0.250102 -0.409299 0.471405 -0.240534 0.133388 0.568089 -0.626645 0.087756 0.129864 0.089660 0.370512 -0.346054 -0.575909 -0.624976 -0.564300 -0.457984 0.668306
VERTEX_POSE A2182 0.256613 -0.029781 -0.025450 -0.009539 -0.700565 -0.155905 -0.881236 -0.387018 -0.635118 -0.002159 0.508264 0.265781 0.110326 0.089934 -0.530949 0.438411 -0.706410 -0.468800 -0.137994 0.291173
VERTEX_POSE A2183 0.019273 0.150420 -0.024926 0.710757 0.420490 -0.486109 0.358495 0.343381 -0.595178 0.063657 -0.389575 0.137790 0.163577 -0.850306 -0.605826 -0.506224 -0.085387 0.153137 -0.764466 0.003186
VERTEX_POSE A2184 -0.908089 0.823649 -0.351520 0.285841 -0.923155 -0.335566 0.335053 -0.365969 -0.502171 0.547404 0.595334 -0.629358 -0.021332 -0.469814 0.316854 0.453609 0.207839 0.372467 0.617959 -0.497717
VERTEX_POSE A2185 0.862209 -0.260219 0.880471 0.862939 -0.992061 -0.424101 0.062747 0.508948 -0.644992 -0.263517 -0.515494 -0.357390 0.899372 -0.111787 0.048514 -0.023531 -0.636449 -0.523491 -0.342342 0.240155
VERTEX_POSE A2186 -0.407540 0.380041 -0.345583 0.309293 -0.291200 -0.342453 -0.355649 0.602588 -0.007747 0.032076 0.720460 0.065880 0.512249 0.067033 0.927548 -0.054783 0.255434 -0.134090 0.779156 0.219283
VERTEX_POSE A2187 0.697362 0.469012 -0.543975 -0.157099 -0.189988 0.157822 -0.093944 0.553623 -0.017059 0.799850 -0.335771 0.794886 0.093532 -0.315124 0.466448 0.288365 0.600854 0.354095 -0.509422 -0.347031
VERTEX_POSE A2188 0.105480 -0.385691 0.676958 -0.681716 -0.144513 0.730897 0.643467 0.225683 0.431325 -0.397370 -0.347947 0.104010 0.001213 -0.360009 0.114444 -0.428716 0.823595 -0.505800 0.494216 0.141724
VERTEX_POSE A2189 -0.463551 0.257499 0.864294 0.652764 0.851280 -0.256539 -0.318366 0.458143 -0.097015 0.352273 -0.596043 0.300113 -0.600557 -0.600880 -0.720988 -0.499580 -0.164992 -0.561145 0.405337 -0.215775
VERTEX_POSE A2190 -0.051280 0.407186 -0.448565 -0.690972 -0.863351 -0.737014 0.018150 0.050239 0.275992 -0.373269 0.844494 -0.002565 -0.462718 -0.108273 -0.420384 0.445047 0.519778 -0.451563 -0.669452 -0.049124
VERTEX_POSE A2191 0.730200 -0.857867 -0.882692 0.319331 -0.722888 0.604910 -0.160542 0.401759 0.229774 -0.535088 0.475654 0.735573 0.093572 -0.556578 0.150548 0.785689 0.524637 -0.132495 -0.248687 0.165289
VERTEX_POSE A2192 0.983375 0.166711 -0.247335 -0.013474 -0.974587 -0.107889 -0.537698 0.641925 -0.601584 -0.393929 0.115314 0.420847 -0.125074 -0.005670 0.457498 -0.714376 -0.388699 -0.489939 -0.172410 -0.650781
VERTEX_POSE A2193 0.693833 0.068025 0.089921 -0.156938 0.547177 0.220972 -0.276696 0.072529 -0.709046 -0.496279 -0.476743 0.098448 0.613093 -0.638462 0.251415 -0.332986 0.210677 0.612800 -0.436330 -0.561638
VERTEX_POSE A2194 -0.874926 -0.922704 -0.865635 -0.658532 -0.071474 -0.493243 -0.134071 -0.329067 -0.369362 -0.175506 0.793725 0.424745 0.691494 0.296189 -0.608433 0.487427 0.158998 -0.263977 0.485256 -0.385626
VERTEX_POSE A2195 -0.447626 0.931157 0.929118 0.476407 0.900782 0.019976 0.527932 0.393067 -0.325480 0.029286 -0.465291 0.921629 -0.065887 -0.301601 0.179466 -0.173962 0.725865 -0.109799 -0.828146 0.105639
VERTEX_POSE A2196 0.644806 0.228957 -0.563068 0.320071 0.545632 -0.343251 0.302964 0.795164 0.213146 0.703192 -0.124967 -0.472518 -0.493025 0.128171 0.502865 -0.067923 0.565454 -0.600501 0.407488 -0.126217
VERTEX_POSE A2197 0.685598 0.932114 -0.696508 -0.341559 0.675911 -0.780464 -0.251828 -0.147641 -0.048189 0.487405 -0.002952 0.423741 -0.529290 -0.650308 -0.110865 -0.645574 0.553047 0.443516 -0.045872 0.499431
VERTEX_POSE A2198 -0.085471 -0.682049 -0.053020 0.050707 -0.890195 0.621788 0.043657 -0.071150 0.360848 -0.267396 0.557223 -0.077767 0.779748 -0.252018 0.035164 0.541031 0.731474 -0.689844 -0.160845 0.293041
VERTEX_POSE A2199 -0.927569 -0.669926 -0.332395 -0.838559 -0.896248 -0.157230 0.424833 0.653782 0.881407 0.218653 -0.184471 0.273976 -0.175481 0.698042 0.180955 -0.827040 0.178973 0.300985 0.238579 0.138728
VERTEX_POSE A2200 0.261129 -0.212844 0.387086 -0.030978 -0.810966 -0.112223 0.635073 -0.117915 0.644769 0.078264 0.369986 0.264642 -0.381740 0.519893 0.480376 -0.356859 -0.759400 -0.520463 -0.563456 0.047220
VERTEX_POSE A2201 0.947616 -0.484754 0.755234 -0.524361 0.951682 0.573317 0.369627 0.296871 0.585669 -0.633698 0.249996 -0.536583 -0.464504 0.330405 0.194374 -0.487348 -0.541529 -0.050958 -0.092362 0.668542
VERTEX_POSE A2202 -0.438912 0.343021 0.788733 0.824800 -0.685182 0.383027 -0.089437 0.210053 0.417833 0.104064 0.623065 0.074173 0.458536 -0.614102 -0.130509 0.873660 0.301198 -0.810044 -0.087383 0.315952
VERTEX_POSE A2203 0.266701 -0.504776 0.253854 -0.484682 0.773160 0.410985 0.536507 -0.554471 0.225229 -0.707629 -0.644475 0.592830 -0.381605 0.503545 0.632335 0.255736 0.136800 -0.170496 -0.019930 0.070300
VERTEX_POSE A2204 0.899864 0.583790 -0.441194 -0.351018 0.492872 -0.547493 -0.276152 0.436501 -0.158433 0.230817 0.258854 0.511773 0.164733 0.818162 -0.449606 0.834397 0.034568 0.459449 0.383548 -0.268100
VERTEX_POSE A2205 -0.874643 0.596237 0.556904 0.890541 0.182849 0.324335 0.689936 -0.077167 0.199724 0.377412 -0.651621 -0.081522 0.153085 -0.146079 -0.500192 -0.260132 -0.692243 0.773356 -0.538930 -0.262481
VERTEX_POSE A2206 -0.446866 0.250691 -0.621696 0.880099 -0.183531 0.077164 -0.366133 -0.234233 0.101839 -0.072207 -0.940634 0.417975 0.745540 -0.025169 -0.897879 0.279412 -0.126239 0.052770 -0.476269 0.209218
VERTEX_POSE A2207 0.227705 0.530540 0.221533 -0.355188 0.580332 -0.168130 -0.447605 0.856170 -0.525705 0.303182 0.212080 -0.518680 0.588984 0.072356 0.524398 0.438140 0.286329 0.389029 0.410928 0.367117
VERTEX_POSE A2208 -0.342901 -0.536581 0.653476 0.986664 -0.808889 0.705141 -0.105992 -0.205671 0.441824 -0.006493 -0.586678 -0.248766 -0.546810 -0.072321 0.488289 -0.257397 0.762072 0.085187 0.789600 0.165907
VERTEX_POSE A2209 -0.105519 -0.341152 -0.904226 -0.681695 -0.688100 -0.180873 -0.719397 -0.349086 -0.070950 0.075683 -0.575303 0.687459 0.349036 -0.483457 0.078517 0.228286 0.488611 -0.695332 0.550272 -0.273301
VERTEX_POSE A2210 -0.628761 -0.346646 -0.507072 0.461894 -0.560801 -0.428097 -0.010542 -0.800563 0.597605 -0.257444 0.013591 0.185755 -0.411853 -0.428597 0.587187 -0.036849 -0.354408 0.283386 0.873287 -0.222743
VERTEX_POSE A2211 0.915125 0.291482 -0.288659 -0.022374 0.172674 -0.257397 0.197042 0.710497 0.635555 -0.447396 0.260830 -0.457490 0.287029 -0.047468 -0.548624 -0.797156 -0.153009 -0.139752 -0.207770 0.633638
VERTEX_POSE A2212 0.791904 -0.728246 0.357094 0.568407 -0.097398 -0.381313 -0.599821 -0.615675 -0.372719 -0.458079 0.783639 -0.746157 0.566803 -0.044576 -0.180477 -0.316471 -0.058552 -0.355470 0.094649 -0.037934
VERTEX_POSE A2213 0.627851 0.623573 0.467478 -0.547644 -0.261365 0.461666 0.530279 -0.482719 -0.417412 0.441224 -0.541536 -0.653666 0.096050 0.011654 0.330705 -0.455607 -0.432675 0.275659 0.554367 0.535142
VERTEX_POSE A2214 -0.065602 -0.558097 0.686416 -0.311617 -0.406836 0.558605 -0.443733 -0.042340 0.056451 -0.604900 0.605903 -0.757114 -0.538789 -0.212832 -0.161083 0.242474 0.744662 -0.292582 0.296833 0.176834
VERTEX_POSE A2215 0.883815 -0.904597 -0.994426 -0.145752 -0.020553 0.049657 0.703352 -0.441109 -0.683479 0.541135 0.329148 0.429595 0.252919 0.630581 0.547596 0.366049 -0.237009 0.214423 0.120456 0.493233
VERTEX_POSE A2216 0.490060 -0.636645 0.347950 -0.684705 -0.253427 0.666160 -0.459365 0.228295 -0.323398 -0.411153 0.670238 -0.364742 0.165838 0.518321 0.558221 0.312975 0.419768 -0.083652 -0.703194 -0.231952
VERTEX_POSE A2217 0.526857 0.821943 -0.659167 0.997676 0.301963 -0.567533 0.514708 -0.521563 -0.401250 0.255658 0.241155 0.428889 0.543116 0.399739 -0.212851 0.402411 0.526956 0.536332 0.461307 -0.482018
VERTEX_POSE A2218 0.581177 0.564415 -0.538401 0.697149 0.789459 -0.502539 0.421524 0.093386 -0.657604 -0.369779 -0.400522 0.035659 -0.655488 0.655433 -0.192739 -0.469911 -0.291001 0.525920 -0.187350 -0.562661
VERTEX_POSE A2219 -0.404459 -0.022336 0.024908 -0.366421 0.602060 -0.041274 0.617964 -0.140879 -0.533981 0.464506 -0.176714 -0.767397 -0.493739 0.147679 -0.262410 0.398200 0.614673 0.235378 -0.003650 0.741143
VERTEX_POSE A2220 -0.936694 0.079442 -0.794873 0.650440 0.153244 -0.166885 -0.751159 -0.606087 -0.045191 0.477069 -0.551619 -0.102694 0.422079 -0.528796 -0.797759 0.144202 0.220661 0.568456 0.096024 -0.007644
VERTEX_POSE A2221 -0.470103 -0.028399 0.013034 -0.993823 0.926108 0.319405 -0.081373 0.095942 0.824431 0.064950 0.352157 0.105991 -0.464229 0.408803 -0.208866 -0.802136 0.152219 -0.404272 0.360871 0.822490
VERTEX_POSE A2222 -0.674259 0.119797 0.142216 0.952910 0.879172 -0.106337 0.080836 0.395930 -0.166968 0.444181 0.458239 0.603931 -0.389301 -0.237977 0.493517 -0.266896 0.739438 -0.593736 -0.757219 0.172788
VERTEX_POSE A2223 -0.953319 -0.753847 -0.042208 -0.363034 0.178657 0.399670 -0.054243 0.321477 -0.510488 -0.494637 0.091589 -0.362833 -0.312325 0.662723 -0.031598 -0.599919 -0.637255 -0.668596 0.543086 -0.207288
VERTEX_POSE A2224 -0.776270 -0.960374 -0.897046 -0.150760 0.473285 0.421406 0.194786 0.498495 0.106999 0.529436 0.480645 0.893476 -0.108499 -0.364758 0.101872 -0.025904 0.413768 -0.047857 0.818116 -0.465006
VERTEX_POSE A2225 -0.549185 0.197093 0.276581 -0.705623 -0.192302 -0.467241 -0.498518 0.289449 -0.512097 0.758905 0.308422 -0.134927 -0.239233 0.717862 0.079532 -0.275049 0.109062 0.703499 0.206540 0.542103
VERTEX_POSE A2226 -0.400945 -0.822691 -0.113090 -0.886627 0.079439 0.112423 0.644532 -0.398690 0.080917 -0.590963 -0.793967 -0.468789 -0.258527 0.115862 0.797041 -0.000319 0.007401 0.354649 -0.410494 0.444054
VERTEX_POSE A2227 0.868535 0.268584 -0.460114 -0.830689 0.018917 0.520699 -0.597197 0.493313 0.376111 -0.105576 0.136323 -0.280004 -0.171838 0.180686 0.583568 -0.027221 -0.731542 0.410438 0.775848 0.412623
VERTEX_POSE A2228 -0.863587 0.129207 0.580073 -0.047182 -0.516391 -0.584658 -0.332121 0.088232 -0.010717 0.003483 -0.633859 -0.497100 0.526357 0.500371 0.407918 0.665322 0.012782 -0.494524 0.412284 -0.583012
VERTEX_POSE A2229 0.513584 -0.504740 0.833890 0.164080 0.189243 0.084271 0.300092 0.057491 0.042100 0.364537 0.832833 -0.654557 0.686683 -0.280289 -0.587332 -0.483992 0.003889 -0.466607 -0.266976 0.473822
VERTEX_POSE A2230 0.940967 0.598657 0.207492 -0.669248 0.122669 -0.566911 -0.315231 0.150395 -0.372825 0.553865 0.651915 0.154992 -0.275039 0.623649 -0.593477 -0.482501 -0.129482 -0.404198 0.534237 -0.382996
VERTEX_POSE A2231 0.397543 0.916364 -0.032841 0.921841 -0.327357 -0.292056 0.679275 0.658204 -0.256867 0.133086 -0.408054 0.779281 0.498348 -0.214200 0.186509 0.263368 -0.075560 0.454597 -0.450733 0.590482
VERTEX_POSE A2232 0.461200 0.010506 0.589124 0.639720 0.140925 0.415694 -0.054791 0.240970 0.224340 -0.680547 -0.584671 0.385325 0.518997 0.025731 -0.735747 -0.162371 0.263347 0.295080 -0.487988 0.728066
VERTEX_POSE A2233 -0.497946 -0.058322 -0.003775 -0.844449 0.437487 -0.235339 0.258063 -0.591609 0.071026 -0.561117 -0.731597 0.479091 -0.515391 0.153279 -0.579420 -0.594050 0.301260 -0.611813 -0.005395 -0.022646
VERTEX_POSE A2234 -0.335756 -0.588412 -0.778987 -0.562841 -0.554197 -0.812829 0.096808 -0.119499 -0.071561 0.512560 0.742432 0.291834 0.609993 -0.601746 -0.498967 0.133984 -0.262928 0.007234 0.581263 0.057317
VERTEX_POSE A2235 0.361064 -0.405704 -0.852070 -0.711298 -0.366203 0.625901 -0.083360 0.150231 -0.351095 -0.242656 0.607759 -0.356363 -0.488883 -0.680100 -0.491907 -0.146974 0.351955 -0.340606 0.820707 -0.147143
VERTEX_POSE A2236 -0.372588 -0.462085 -0.446871 -0.953907 -0.379664 0.148890 -0.818155 -0.337976 0.494947 0.530472 -0.338563 -0.683448 0.104097 0.297384 0.363446 -0.195873 0.663794 -0.365603 -0.004359 -0.492024
VERTEX_POSE A2237 0.217378 0.662279 -0.400683 -0.682742 0.262271 0.162555 0.673867 0.459087 0.406202 0.155508 -0.013415 0.314523 0.141643 -0.835232 -0.370687 -0.478874 0.075508 -0.756467 0.521860 -0.292825
VERTEX_POSE A2238 -0.411231 -0.875164 0.369462 -0.066487 -0.785872 0.368437 -0.470365 0.286799 -0.476196 -0.240803 0.629731 -0.184243 0.389903 -0.411585 -0.547162 0.403649 0.299601 0.551507 0.637035 0.511882
VERTEX_POSE A2239 0.284510 0.001334 -0.793395 -0.967243 -0.188554 -0.204331 0.087663 0.264890 0.156972 0.531116 0.168069 -0.351837 0.500526 -0.779844 0.614272 0.571201 0.154376 0.657639 -0.365287 -0.519227
VERTEX_POSE A2240 -0.888141 -0.678873 -0.304909 -0.364437 0.574172 0.762053 0.351785 0.404607 -0.269493 -0.505926 0.247460 -0.152397 0.549907 -0.642169 -0.457662 0.457951 0.433375 0.337593 -0.328890 -0.418164
VERTEX_POSE A2241 -0.039993 -0.221809 0.862390 -0.604592 -0.346672 -0.116138 0.699546 0.454228 -0.666881 0.349294 -0.634329 -0.414077 0.093461 0.575235 0.274352 0.074981 0.005096 0.543188 0.611777 -0.245727
VERTEX_POSE A2242 0.199635 -0.707183 -0.082054 0.010382 0.984120 -0.034453 -0.089257 -0.596672 0.324257 0.058568 -0.702896 -0.220530 -0.956116 -0.012803 -0.864805 0.204049 -0.316678 0.311688 -0.181131 -0.222422
VERTEX_POSE A2243 0.903763 -0.407118 -0.947815 -0.796031 -0.523226 0.410360 0.329255 -0.446545 0.668056 -0.681555 0.071760 0.382300 0.631650 0.373991 0.436144 0.164675 -0.380163 -0.221203 -0.031204 -0.714881
VERTEX_POSE A2244 -0.412142 -0.598236 0.329869 -0.152237 0.391962 0.626153 0.535783 0.267154 0.396237 0.196754 -0.229232 0.159233 0.336164 0.044457 0.395310 -0.609531 0.659135 -0.518945 0.435534 0.663058
VERTEX_POSE A2245 -0.865967 -0.265281 -0.395638 0.698766 -0.422716 -0.382213 0.784357 -0.157593 0.811179 0.118140 -0.007944 0.123128 0.502032 0.567481 -0.387159 -0.339053 0.576379 0.175637 0.061926 0.566439
VERTEX_POSE A2246 0.787578 -0.311716 -0.942241 0.058217 0.456220 -0.759836 0.487733 -0.363480 0.276608 -0.058941 -0.225619 0.396833 0.403956 0.023977 0.388486 0.212301 -0.792132 0.194265 0.741883 0.434661
VERTEX_POSE A2247 -0.922081 -0.234881 -0.322182 0.163058 -0.861465 0.668174 -0.279469 0.157590 0.407864 -0.503432 -0.517633 -0.193897 -0.130364 -0.640791 0.065167 0.581589 -0.543847 0.587663 0.559654 0.028962
VERTEX_POSE A2248 0.660890 -0.443338 -0.054805 0.696442 0.879247 -0.256788 -0.554278 -0.306026 -0.363528 0.721564 0.162432 0.527071 0.149240 -0.613250 -0.259402 -0.377899 0.384307 -0.675880 0.083908 -0.596823
VERTEX_POSE A2249 0.368755 -0.747301 -0.480642 -0.244634 0.245679 -0.154225 0.141132 -0.501087 -0.430599 -0.358657 -0.291353 0.457971 0.621700 -0.472411 -0.561900 0.678210 0.435345 -0.515102 0.070481 -0.501326
VERTEX_POSE A2250 -0.326541 0.742783 0.702726 0.796637 0.740595 -0.690289 0.223674 0.606807 0.583984 0.610797 0.168203 0.266926 -0.580389 0.395859 0.250674 -0.416037 0.368003 -0.219948 -0.258764 -0.557999
VERTEX_POSE A2251 0.724196 0.636104 0.150322 0.346882 0.032491 0.677478 0.404031 0.220526 0.024534 -0.481116 -0.243793 0.707450 -0.160459 -0.238051 -0.160913 0.697328 -0.637545 0.118505 -0.305406 -0.654829
VERTEX_POSE A2252 0.898652 0.224301 0.532391 -0.238456 0.171788 0.365971 -0.201234 -0.171647 0.406429 -0.142022 0.865083 0.348747 0.711801 -0.216058 -0.565638 0.542066 0.416630 0.509225 0.372610 0.043663
VERTEX_POSE A2253 -0.000800 -0.137420 -0.155058 0.749547 0.619767 0.825460 -0.072987 -0.015169 -0.248788 -0.660810 -0.656348 -0.195285 0.434393 -0.272477 -0.438287 0.249808 0.216946 -0.162755 -0.553987 0.669080
VERTEX_POSE A2254 0.770877 0.882257 -0.891886 0.983849 -0.788853 -0.685922 -0.312177 -0.523413 -0.250515 0.746704 0.227061 0.647338 -0.061522 -0.284159 -0.214434 0.053165 0.426946 -0.041530 -0.581694 0.641446
VERTEX_POSE A2255 -0.877619 0.263927 0.635346 0.610783 -0.354927 0.623982 0.180697 -0.594374 0.285903 0.668973 0.400214 0.015108 -0.422844 0.449166 -0.669022 0.213515 -0.475940 -0.284759 0.543542 0.241410
VERTEX_POSE A2256 0.450015 -0.940327 -0.878478 -0.956076 -0.572535 -0.436417 -0.675507 0.533813 -0.439450 0.163489 -0.468904 -0.458683 0.657823 0.545211 0.500382 0.259655 0.399976 -0.394527 0.129655 -0.194775
VERTEX_POSE A2257 -0.630067 -0.940434 -0.004976 -0.902778 0.290586 -0.244389 0.425939 -0.817289 -0.451226 -0.827727 -0.324415 0.287711 0.030128 -0.335909 -0.747171 0.363446 0.232662 0.309237 -0.021049 -0.244597
VERTEX_POSE A2258 0.990917 -0.467490 -0.824768 0.780094 0.663990 0.412705 -0.786494 -0.302525 0.080680 0.150129 -0.005615 0.608216 -0.033748 0.784364 -0.509942 -0.594217 0.302918 0.439542 0.068223 -0.448844
VERTEX_POSE A2259 0.586429 0.188880 0.701595 -0.003257 -0.088926 0.472057 -0.057764 -0.846512 0.238799 0.466793 0.299512 0.438534 0.377003 0.201724 0.522862 -0.747212 0.383397 0.504421 0.279842 0.077617
VERTEX_POSE A2260 0.883516 -0.445173 -0.171086 0.261302 -0.520170 -0.148317 0.084965 0.409975 -0.586108 0.578222 0.379526 -0.536422 0.185436 -0.574195 0.307139 0.564688 -0.531291 -0.502391 -0.552431 -0.275520
VERTEX_POSE A2261 0.931883 -0.868832 0.382724 -0.889154 -0.213341 -0.581044 -0.205933 0.544488 0.279407 -0.697954 0.402545 0.578044 -0.060911 -0.169297 -0.294312 -0.652753 -0.666952 -0.404432 0.201633 -0.260777
VERTEX_POSE A2262 -0.016029 0.105244 -0.331246 -0.081416 0.583717 -0.474808 -0.273391 -0.380013 -0.566006 0.671705 -0.184881 -0.514816 -0.657513 0.104002 0.418809 -0.187973 -0.708445 -0.117292 0.080079 -0.555607
VERTEX_POSE A2263 0.344716 0.565333 -0.581962 -0.098978 0.620755 -0.197450 -0.651618 -0.429590 0.894995 -0.328986 -0.146393 0.020420 0.048553 -0.577271 0.274233 -0.111518 0.581820 0.290475 0.672584 -0.349664
VERTEX_POSE A2264 -0.566062 0.072846 -0.621052 -0.733603 -0.775855 -0.152990 -0.235657 0.494069 -0.593217 0.443228 0.093261 0.752896 0.401594 0.383995 0.115664 0.461661 -0.674701 0.210850 -0.611234 -0.380164
VERTEX_POSE A2265 0.648215 0.516832 -0.110233 0.355743 -0.970481 0.195223 -0.619353 -0.354135 0.498202 -0.082481 -0.489340 -0.629762 -0.646894 0.031918 -0.559863 0.429519 -0.645113 0.060297 -0.081483 -0.466845
VERTEX_POSE A2266 -0.294220 -0.840371 -0.434032 0.189724 -0.745448 0.205338 -0.366821 -0.205050 0.135587 0.477979 0.415703 -0.773088 -0.451342 0.008553 -0.285698 0.556276 -0.766561 -0.510062 0.351890 0.444361
VERTEX_POSE A2267 0.061349 0.610761 -0.067923 -0.687510 -0.155519 -0.000315 0.538429 -0.383673 0.056325 -0.501025 0.549043 0.544467 -0.263823 -0.461069 -0.480810 0.364191 0.274010 -0.684985 -0.506784 -0.513498
VERTEX_POSE A2268 -0.134407 0.179111 0.489084 0.673000 0.291791 0.059688 0.594971 -0.401107 -0.825482 0.413275 0.369834 -0.381835 -0.417307 -0.171396 0.389235 0.471700 0.441227 0.133096 -0.280299 0.691577
VERTEX_POSE A2269 0.294549 -0.715535 0.935431 -0.876763 -0.531320 -0.560389 -0.041567 0.389516 0.105039 0.038558 -0.124112 -0.368116 -0.669828 -0.644141 0.346117 0.388319 -0.573885 0.647784 -0.630337 0.297676
VERTEX_POSE A2270 -0.654141 -0.387904 0.138682 -0.654753 0.655927 -0.306507 0.524444 0.111443 0.258871 0.542761 -0.553564 0.662953 -0.436217 -0.125525 0.622771 0.478769 0.526710 -0.108117 -0.104228 0.622871
VERTEX_POSE A2271 -0.022548 0.500238 -0.815825 -0.691437 -0.134038 0.270079 -0.145550 0.582510 -0.666568 0.002700 0.300709 -0.240425 0.140968 -0.699417 -0.267778 0.839371 0.270650 0.594336 0.504373 -0.088442
VERTEX_POSE A2272 -0.745444 0.062656 0.797821 -0.481355 0.122008 0.178827 -0.499581 -0.131930 0.377829 0.522032 -0.699928 -0.367694 -0.546641 -0.456608 -0.635281 0.154206 -0.441225 -0.535243 0.394088 0.299207
VERTEX_POSE A2273 0.545495 -0.095088 -0.943371 0.355629 0.640047 0.382378 -0.190264 0.066484 -0.474067 0.082167 0.305942 0.624906 0.372885 0.627749 -0.161109 -0.739049 0.602340 -0.461068 0.521355 0.380915
VERTEX_POSE A2274 -0.118785 -0.906880 -0.763640 -0.487468 0.342736 -0.351997 0.763013 0.465279 0.198280 0.179804 0.102717 -0.760028 -0.160802 -0.450598 -0.500286 -0.110440 0.264928 -0.094094 -0.589429 0.706923
VERTEX_POSE A2275 -0.157586 0.464420 0.127689 0.366408 -0.486030 0.328125 -0.041951 -0.735113 -0.720326 0.119717 -0.596404 0.301463 0.061022 -0.141008 -0.262208 0.775087 0.216565 0.462419 0.615974 -0.192688
VERTEX_POSE A2276 0.679527 0.639632 -0.339010 0.054395 -0.782669 -0.709132 -0.286054 0.075448 -0.403807 0.515543 0.030184 -0.206937 -0.126263 0.870533 0.347146 -0.634899 0.164750 -0.413205 -0.483063 -0.456538
VERTEX_POSE A2277 -0.331207 -0.218596 -0.705881 0.570750 -0.201044 0.146529 0.789193 -0.431228 0.469470 0.205057 0.329879 -0.469284 0.104459 -0.545367 0.341681 -0.567394 -0.599494 0.648963 0.047739 -0.220007
VERTEX_POSE A2278 -0.079667 -0.770462 0.805508 -0.470533 -0.347494 0.069075 -0.363649 -0.459398 0.616259 0.194725 -0.108752 -0.711294 0.418699 -0.375798 -0.012467 -0.550438 -0.593966 -0.330694 -0.592917 0.532077
VERTEX_POSE A2279 0.340417 -0.803706 0.606185 -0.249163 -0.903422 0.663109 -0.168722 -0.027580 -0.120132 0.002321 0.726164 0.075369 0.822748 0.359974 -0.370028 -0.499607 0.443366 -0.635023 0.212147 -0.381799
VERTEX_POSE A2280 -0.962452 0.034104 -0.186523 -0.673884 -0.955364 0.532051 0.104986 -0.772271 0.497029 0.254810 0.545411 0.066479 0.585619 0.205978 -0.203863 0.755221 -0.219225 0.651079 -0.103637 0.125050
VERTEX_POSE A2281 0.593793 0.972321 0.508234 -0.673896 -0.606899 -0.538305 0.083968 -0.390993 0.541411 0.460169 -0.557453 -0.473548 0.669695 -0.141354 -0.394562 -0.458135 -0.364477 0.192809 -0.350451 -0.619312
VERTEX_POSE A2282 0.064614 0.832398 -0.243493 -0.902281 0.129069 -0.440438 -0.671574 0.100262 -0.444812 0.629608 0.500171 -0.456265 0.046225 0.142259 -0.067515 -0.386470 0.607092 -0.628825 0.032968 -0.592434
VERTEX_POSE A2283 0.936200 -0.741596 -0.654132 0.087660 0.216424 -0.230647 0.664464 0.442141 -0.095882 0.547730 -0.284691 -0.402549 -0.229564 -0.596740 0.271707 0.453478 -0.606105 -0.837698 0.011758 0.001018
VERTEX_POSE A2284 -0.407007 -0.165099 -0.646824 -0.924349 -0.987133 0.260577 0.605956 0.538770 -0.382724 0.033965 0.546691 -0.745632 0.221775 0.138093 0.453046 0.288775 0.171667 -0.156222 0.706462 -0.601927
VERTEX_POSE A2285 -0.164509 0.714655 -0.135379 -0.918433 0.340217 0.586345 0.224098 0.130742 0.808358 -0.198543 -0.066614 -0.024517 -0.794226 -0.444471 0.033337 -0.189748 -0.170632 0.032317 0.493519 -0.867064
VERTEX_POSE A2286 -0.941419 0.522331 0.981213 -0.301557 0.861496 0.324123 0.149452 0.387035 0.427397 0.285565 -0.366357 0.493245 -0.262672 0.683867 -0.459763 -0.632452 0.137078 0.507547 -0.653548 -0.479083
VERTEX_POSE A2287 -0.956992 -0.105426 -0.525302 -0.880424 -0.559668 -0.291727 -0.549375 0.334112 0.092690 -0.105290 0.725970 0.731506 -0.315800 0.245986 -0.308473 0.584118 0.547277 -0.525402 -0.496164 -0.036275
VERTEX_POSE A2288 0.205423 0.774222 0.859645 -0.821211 -0.369197 -0.109016 0.251339 0.675172 -0.365780 -0.449835 -0.025348 -0.915079 0.060482 0.020059 0.113150 -0.259248 0.736874 0.064399 -0.814622 -0.010704
VERTEX_POSE A2289 -0.950502 -0.945159 -0.843555 -0.521463 0.525486 0.713393 -0.062942 -0.671765 0.361071 0.416530 0.152394 -0.346431 0.825463 -0.402022 0.488483 0.359204 0.563187 -0.045470 -0.110110 -0.216115
VERTEX_POSE A2290 0.629437 -0.916546 -0.823707 0.116319 0.351406 -0.491603 -0.798449 -0.071369 0.361957 0.165687 -0.151492 0.486017 -0.340026 -0.761936 0.558091 -0.368374 0.534565 0.282198 -0.289326 0.325040
VERTEX_POSE A2291 0.088940 -0.670951 -0.311441 0.440092 0.110633 0.216130 -0.220113 -0.358058 -0.072739 0.280020 -0.410757 -0.017021 0.620518 -0.600132 -0.818428 -0.443575 -0.348620 -0.527146 0.539757 0.470509
VERTEX_POSE A2292 0.981381 -0.813991 0.539169 -0.410617 -0.687855 0.862726 -0.376954 -0.076966 0.317730 0.321994 0.748357 0.392450 0.610589 -0.438361 -0.017735 0.384165 -0.387404 0.020499 -0.483554 -0.302978
VERTEX_POSE A2293 -0.386592 0.188698 -0.154953 -0.965098 -0.064878 0.340849 0.102299 -0.522323 0.876615 0.261532 0.198753 -0.144183 -0.074470 0.438215 -0.052950 -0.182719 -0.696982 0.302945 -0.939257 0.099297
VERTEX_POSE A2294 -0.566344 0.894382 0.106597 -0.658886 -0.268613 -0.034721 0.008762 -0.343322 0.756696 0.394213 0.413512 0.382079 0.373025 -0.625692 0.120400 -0.078852 -0.564316 -0.515486 0.836154 0.034561
VERTEX_POSE A2295 -0.584681 0.258855 0.918117 -0.144219 -0.463710 -0.237499 -0.479564 0.621636 0.637295 0.214193 -0.233561 -0.265688 -0.572907 -0.725050 -0.656062 0.627441 -0.117688 -0.190898 -0.047282 -0.139537
VERTEX_POSE A2296 -0.738377 -0.294470 0.734814 0.390645 -0.035359 0.725842 0.512674 0.114049 -0.324906 0.054082 0.912773 0.525079 -0.565934 0.324608 -0.089432 0.643396 0.117774 -0.289626 -0.000522 -0.186003
VERTEX_POSE A2297 0.139436 -0.945990 0.672566 0.530838 -0.014061 0.248353 -0.563617 0.383190 -0.022279 -0.658702 0.234299 0.091794 -0.451129 -0.874440 -0.952244 -0.189937 0.038485 -0.150429 0.094097 -0.179284
VERTEX_POSE A2298 0.476668 -0.130383 -0.149805 0.168271 0.380771 -0.368727 0.131729 -0.437294 -0.498321 0.147251 0.707293 -0.559855 -0.788788 -0.103054 0.256030 -0.246551 0.545645 0.486547 -0.527249 -0.012701
VERTEX_POSE A2299 0.127216 0.884640 0.223898 0.063645 -0.743568 -0.923720 -0.098045 0.307104 0.248298 -0.489534 0.082230 0.089962 -0.203905 0.023333 0.031380 -0.797759 0.217718 -0.275701 -0.269716 -0.922486
VERTEX_POSE A2300 -0.566015 -0.661524 0.607996 0.654075 0.454619 -0.588662 0.151253 0.255651 -0.049450 0.718017 -0.629324 0.479569 -0.258960 -0.473139 0.626656 0.499304 0.560278 0.168369 -0.381064 -0.028669
VERTEX_POSE A2301 0.822528 0.481713 0.988877 0.513517 0.036698 0.643808 0.005935 -0.689863 0.257154 -0.497392 0.506913 0.709690 0.050535 0.380401 -0.094027 -0.861671 -0.250439 -0.082956 -0.086799 -0.244343
VERTEX_POSE A2302 -0.895331 0.384879 0.408073 0.372208 0.122394 0.708091 -0.149893 -0.339924 0.436679 0.640782 0.268524 0.549812 -0.271659 0.311622 -0.070807 0.100640 0.785718 -0.024736 0.694985 -0.312867
VERTEX_POSE A2303 -0.311459 0.401131 0.405817 -0.827280 -0.423373 -0.301638 0.372078 -0.639104 0.472196 -0.335378 -0.567992 -0.130334 0.463000 -0.383083 -0.674121 -0.678429 -0.222872 0.463270 -0.272845 -0.269271
VERTEX_POSE A2304 0.368022 -0.613375 -0.954494 -0.130853 -0.323254 -0.010455 -0.475434 -0.023383 -0.650384 -0.149418 -0.669365 -0.637584 -0.012858 0.295308 -0.412602 0.243701 0.608146 -0.011775 0.831914 -0.307172
VERTEX_POSE A2305 -0.014116 0.477998 0.644433 0.884740 -0.534870 0.764753 0.073209 0.598088 -0.129396 -0.275535 0.506893 -0.348699 0.653157 0.344557 -0.317263 0.364165 0.316736 -0.419717 -0.599576 0.407810
VERTEX_POSE A2306 0.530955 -0.134449 -0.466494 0.539128 0.090597 0.398782 0.156048 0.133894 0.639336 0.531257 -0.219062 -0.086741 -0.341442 -0.840332 0.577369 -0.759159 0.239911 0.302232 0.022555 -0.412758
VERTEX_POSE A2307 0.047549 -0.973743 -0.293504 0.923541 -0.105923 -0.286233 -0.563359 0.613334 0.240545 -0.541609 0.210359 0.626775 -0.481693 -0.459055 -0.313195 -0.169486 -0.335795 0.607676 0.358514 0.506044
VERTEX_POSE A2308 0.654677 -0.740598 0.938552 0.455490 0.264087 0.521123 -0.395426 0.457967 -0.478956 -0.069613 0.425057 0.605788 -0.223075 -0.281078 0.285204 0.830382 -0.096071 0.225191 0.315428 0.722052
VERTEX_POSE A2309 -0.548712 0.095089 -0.660986 -0.931405 0.743103 0.122032 0.027534 -0.791001 0.520394 -0.455977 -0.386625 -0.157370 0.772321 -0.369735 0.430896 0.130083 0.089722 -0.709832 -0.421812 -0.282994
VERTEX_POSE A2310 -0.612033 -0.777449 -0.687319 -0.325622 -0.009344 -0.302887 -0.136444 0.561267 0.080808 -0.153087 0.790860 -0.754625 0.289699 -0.070620 -0.446673 -0.808086 -0.206756 -0.364354 0.470126 0.108553
VERTEX_POSE A2311 0.692224 0.293506 -0.247972 0.781606 0.308722 -0.764857 -0.370475 -0.230847 0.535137 -0.219827 -0.482648 -0.309530 0.429676 -0.606864 0.075859 0.626089 -0.288469 0.164498 -0.487663 -0.512115
VERTEX_POSE A2312 -0.954919 0.067411 0.847248 -0.605301 -0.863796 -0.433995 0.013391 0.040222 0.147407 -0.808762 -0.507873 0.633441 0.327880 0.016746 0.448664 -0.421562 0.684698 0.432865 0.245979 -0.520918
VERTEX_POSE A2313 0.452580 -0.945051 0.069188 -0.227903 -0.880275 0.320158 0.535213 -0.129550 -0.066131 0.646664 0.072221 0.594565 -0.490316 -0.122632 0.016967 0.081023 -0.963800 -0.734391 -0.219994 -0.184531
VERTEX_POSE A2314 0.628424 0.551910 0.097896 -0.130735 -0.474854 0.174444 -0.271134 0.487119 0.272602 -0.606718 -0.588566 0.644131 -0.175371 0.519983 -0.441856 0.127217 0.297192 0.533962 0.715151 -0.240002
VERTEX_POSE A2315 -0.361927 0.902312 -0.799576 -0.529650 -0.850929 -0.602123 -0.683339 0.142549 0.537126 -0.037486 -0.099247 0.098343 0.154948 0.980801 -0.432299 0.422205 -0.020954 -0.390371 0.573913 -0.086140
VERTEX_POSE A2316 -0.711929 0.769605 0.933808 -0.146336 0.459941 0.383895 0.229647 -0.616456 0.346135 -0.702039 -0.441722 0.130659 0.667560 -0.291795 0.623575 0.091875 0.176534 0.571749 0.018061 0.555477
VERTEX_POSE A2317 0.687005 0.074241 0.079110 0.567708 -0.613358 -0.271604 0.442191 -0.399753 -0.675454 0.214683 -0.105986 0.067288 0.697410 -0.110312 0.377492 0.520115 0.582582 -0.568300 -0.038435 0.690937
VERTEX_POSE A2318 -0.318919 -0.203114 -0.324878 -0.410074 -0.410597 -0.508384 -0.335460 0.096897 0.315812 -0.067866 0.725819 0.259123 0.669278 0.293784 -0.439297 -0.164096 0.614004 -0.617804 0.638749 -0.022081
VERTEX_POSE A2319 0.493495 0.543827 0.793453 0.032453 -0.909256 0.335394 -0.636302 0.501879 0.574984 -0.173602 -0.771741 0.313713 -0.173043 0.212013 0.194686 -0.313588 -0.017957 0.648526 0.660833 0.327507
VERTEX_POSE A2320 0.736503 0.129083 0.235555 -0.953754 0.912128 0.287093 -0.003317 0.203444 0.272459 -0.762036 0.114242 -0.712024 0.182032 0.395210 0.537678 0.460071 0.615802 -0.217412 -0.417719 0.640435
VERTEX_POSE A2321 -0.689482 -0.119660 -0.148585 0.706244 0.940808 -0.145056 0.379413 -0.664460 0.345614 0.418141 0.561997 0.153331 0.469012 -0.360890 -0.502412 -0.450930 -0.038175 -0.763925 0.507833 0.333098
VERTEX_POSE A2322 -0.417566 0.872876 -0.517988 -0.527455 0.201377 0.445007 0.619949 -0.185089 0.462916 0.043687 -0.597543 0.391496 0.009581 0.710725 0.078486 0.579003 0.310043 -0.654406 0.527654 -0.086182
VERTEX_POSE A2323 0.717885 0.315092 -0.225276 -0.364371 -0.775727 -0.012588 -0.057143 -0.261541 0.439556 0.296917 0.330963 -0.751899 0.405288 -0.307061 0.491061 0.372029 -0.763998 0.011799 -0.778403 -0.379578
VERTEX_POSE A2324 -0.076074 -0.930962 0.696461 0.741146 -0.124069 0.659768 -0.726015 0.145670 0.452562 0.320073 -0.757472 -0.418792 -0.244821 -0.006085 0.137262 0.305499 0.452835 0.407022 0.466034 0.447123
VERTEX_POSE A2325 0.016091 0.767257 0.588610 -0.186341 0.932764 0.427527 -0.558929 0.172159 0.320982 -0.053489 0.156463 -0.442847 -0.441880 0.729203 -0.409190 0.523676 0.320774 0.592150 0.463943 0.557896
VERTEX_POSE A2326 -0.866797 -0.426052 -0.307158 0.491410 -0.239436 -0.533493 0.566341 -0.044371 -0.462900 -0.303076 0.232162 0.443017 0.367493 0.791108 0.508931 0.259185 -0.558255 -0.214087 0.620624 -0.081440
VERTEX_POSE A2327 0.185549 -0.225432 0.431275 0.131791 0.840572 -0.527297 -0.295879 -0.563974 -0.086289 -0.193342 -0.319678 -0.715729 -0.265518 0.358085 -0.303347 0.254389 0.586089 0.332000 -0.860151 0.328654
VERTEX_POSE A2328 -0.844473 0.821268 0.261175 -0.655503 -0.081297 -0.070195 -0.303487 0.010571 0.568892 0.338041 0.654419 -0.189598 0.306246 0.416955 -0.764102 0.418912 0.205475 -0.227232 -0.724120 0.596282
VERTEX_POSE A2329 0.609872 0.443564 0.543036 -0.340320 -0.858665 0.536814 0.424821 0.219814 0.728816 -0.610254 -0.273537 -0.284487 -0.038246 -0.609828 -0.119218 -0.379654 0.710153 -0.292423 -0.549105 0.025532
VERTEX_POSE A2330 -0.687234 -0.340792 -0.344827 -0.804564 -0.902996 0.541569 0.307901 -0.550801 0.125062 -0.832611 -0.380662 -0.463990 -0.035694 0.265945 0.338338 -0.443587 0.450901 0.601085 0.117952 0.526950
VERTEX_POSE A2331 -0.410488 -0.840257 -0.130829 0.998572 -0.626677 0.072393 -0.490324 0.381528 -0.546642 0.168519 -0.446701 0.029029 -0.804566 -0.196461 0.342313 -0.131705 -0.785038 0.760211 0.257896 0.003455
VERTEX_POSE A2332 0.432399 -0.074723 0.531914 -0.826802 0.178033 0.405740 -0.540430 0.363149 -0.736952 -0.189341 -0.290991 0.485725 0.447204 -0.385114 -0.234475 0.629712 0.679464 0.037009 0.274876 -0.416489
VERTEX_POSE A2333 -0.582566 -0.955913 -0.936754 0.567643 0.219399 -0.391986 -0.014302 0.859162 -0.289983 -0.271835 -0.266993 0.400774 0.622239 0.288948 0.641459 -0.021631 0.001348 -0.436083 0.733656 -0.327205
VERTEX_POSE A2334 0.278052 0.560874 -0.725012 -0.828708 -0.050050 -0.277119 -0.353393 0.581753 -0.463393 0.537513 0.571121 0.504158 -0.367792 0.413663 -0.606853 -0.644966 -0.183426 -0.293302 0.186929 -0.361416
VERTEX_POSE A2335 -0.199578 0.311902 0.577419 0.042344 0.854779 -0.290977 0.820132 -0.281340 0.054306 0.228694 -0.079824 0.259261 -0.331072 -0.857199 -0.884181 -0.387855 -0.043598 -0.251776 0.122646 -0.421647
VERTEX_POSE A2336 0.403318 0.522085 0.707679 0.452383 0.684529 0.137755 -0.183437 0.515414 -0.542412 0.532508 0.600126 -0.674567 -0.715926 -0.035355 0.059046 -0.258748 0.434566 0.477793 -0.321381 0.429069
VERTEX_POSE A2337 -0.190993 -0.573575 -0.191505 0.710420 -0.959453 -0.624250 0.146917 -0.487205 0.415429 -0.722489 -0.496053 -0.405880 -0.597571 0.420555 0.456019 0.314296 -0.154943 -0.255025 -0.023484 -0.561861
VERTEX_POSE A2338 0.847971 0.338159 -0.716084 -0.034114 -0.251144 -0.475212 0.573257 0.131261 0.477320 -0.289181 0.621302 0.454788 0.651123 0.360384 0.323731 0.403318 -0.370611 0.484464 -0.033519 -0.574043
VERTEX_POSE A2339 0.057994 0.781488 0.646231 -0.092127 -0.051384 -0.066370 0.500240 -0.105148 0.797421 0.279703 -0.069107 0.529520 -0.389587 0.489744 0.105463 -0.644408 -0.676361 0.261152 0.323245 -0.535587
VERTEX_POSE A2340 0.260296 0.521514 0.147509 0.779015 0.783650 -0.416873 0.323421 -0.844820 -0.547544 -0.231901 0.123723 0.445543 -0.246213 -0.389490 -0.349463 -0.806217 -0.108321 -0.453630 0.361958 0.327927
VERTEX_POSE A2341 -0.764062 0.560709 -0.403403 0.640264 0.739512 -0.717928 -0.186563 -0.573458 -0.059912 0.509032 -0.486338 0.024177 0.796719 -0.008572 -0.413443 0.266079 0.519147 0.556300 -0.022821 -0.406245
VERTEX_POSE A2342 -0.249781 0.074994 -0.601740 -0.310522 -0.742662 0.663296 -0.513918 -0.029012 0.475498 0.578003 0.419801 0.529152 0.291255 -0.184759 -0.223530 0.252071 0.563204 0.063034 -0.503420 0.686725
VERTEX_POSE A2343 0.305376 -0.411075 -0.005243 -0.826286 0.919854 0.084742 -0.563699 0.136097 -0.456910 -0.337345 0.689657 -0.621720 -0.445353 -0.566313 -0.610582 0.594792 0.180052 0.157181 -0.127771 0.390797
VERTEX_POSE A2344 0.688518 0.615659 0.665784 -0.587640 0.859237 0.071676 0.438958 -0.690504 0.344865 0.109898 0.633317 0.381056 -0.370019 -0.307456 0.050011 0.810553 0.150847 0.853362 0.036443 -0.069493
VERTEX_POSE A2345 -0.621357 -0.373096 0.496156 0.558744 -0.217516 0.431466 0.324548 -0.766164 0.149143 0.628904 0.003340 0.045329 0.298405 0.277355 0.263877 0.468035 0.542002 -0.848474 0.437089 -0.205641
VERTEX_POSE A2346 0.943450 -0.508763 0.195181 -0.355937 -0.931075 0.228748 0.093543 -0.423663 -0.452069 -0.589063 -0.073598 0.059309 0.609806 0.474091 0.599020 -0.002889 -0.521801 -0.617225 0.521903 -0.563963
VERTEX_POSE A2347 0.976589 0.385263 0.599593 0.266024 0.319178 -0.001688 -0.009757 0.410580 0.531471 0.467014 -0.073776 -0.409246 -0.565944 -0.272805 0.159574 -0.341559 0.820521 -0.724286 0.587237 0.279828
VERTEX_POSE A2348 -0.934352 0.701145 -0.424734 0.126452 0.169126 0.240605 0.207727 -0.032610 0.552979 0.411316 0.441705 0.475533 -0.455139 -0.649168 -0.430748 -0.495378 0.374036 -0.473970 0.578894 -0.492455
VERTEX_POSE A2349 -0.375469 0.288123 0.870302 0.233989 -0.341672 -0.606773 -0.620366 -0.140141 0.539329 -0.081961 -0.147449 -0.159524 0.664364 -0.304125 -0.409009 0.340884 0.704496 -0.384987 0.225490 -0.608123
VERTEX_POSE A2350 0.470084 -0.070910 0.393046 -0.701522 0.409922 -0.583338 -0.593457 -0.441940 -0.500028 0.160775 0.446985 -0.583810 0.160578 0.080915 0.167830 -0.732821 0.624963 -0.201712 0.243205 0.455815
VERTEX_POSE A2351 0.802151 -0.169772 0.810821 0.172698 0.081254 -0.137344 -0.083497 0.325338 0.390553 -0.469888 0.455437 0.149379 -0.766438 -0.564442 -0.638444 -0.429445 0.463629 -0.631412 -0.019577 -0.391390
VERTEX_POSE A2352 -0.064951 -0.831537 -0.278283 -0.059767 -0.400864 0.206484 -0.136413 0.425138 -0.455164 0.539944 0.042000 -0.548203 -0.536416 -0.557157 0.603674 0.248752 -0.694907 -0.291961 0.583295 -0.155481
VERTEX_POSE A2353 -0.947481 -0.198034 0.875058 -0.228977 -0.388701 -0.447122 -0.567002 0.370063 0.367985 -0.342478 0.378645 -0.058351 -0.534281 0.115773 0.495249 0.267853 0.690422 -0.644975 0.451680 0.479162
VERTEX_POSE A2354 0.520036 -0.854680 -0.414455 0.808327 0.305528 0.470565 0.243065 0.536478 0.008493 0.900118 0.097623 -0.088715 0.273357 -0.666995 -0.480974 -0.113612 0.497900 0.734364 -0.207547 -0.099368
VERTEX_POSE A2355 0.858975 -0.762498 -0.581822 -0.318621 0.475067 0.516862 -0.487083 -0.264965 0.496496 0.346822 -0.585459 0.670213 0.236043 0.486350 0.107675 -0.765626 0.071536 -0.159894 -0.023755 -0.587689
VERTEX_POSE A2356 0.068609 -0.430777 0.463668 0.584682 -0.455937 0.464894 0.278036 -0.414229 -0.828066 0.233155 -0.253617 0.171267 -0.517898 0.228323 0.261975 0.551489 -0.261059 0.014766 0.544036 0.802377
VERTEX_POSE A2357 0.653239 -0.280733 0.278386 0.299736 -0.933909 -0.852006 0.057193 0.173018 -0.193233 0.116210 -0.559461 0.141519 -0.569194 0.580220 0.454808 0.477117 0.029348 -0.099337 0.656964 0.565289
VERTEX_POSE A2358 0.044525 0.012070 0.849454 0.813170 0.315639 0.215843 -0.619820 -0.008927 -0.550274 -0.395680 0.402674 -0.054924 0.016961 -0.841450 0.376283 0.543631 0.354898 -0.711340 0.404275 -0.061504
VERTEX_POSE A2359 0.224136 -0.609510 -0.275157 0.929179 0.462767 -0.454327 -0.485124 -0.000821 0.674796 -0.424919 -0.550690 0.496766 -0.138400 0.818581 -0.284302 -0.213770 0.071271 -0.103117 -0.720588 0.146922
VERTEX_POSE A2360 0.263111 -0.837168 -0.178577 0.959416 -0.792574 -0.201913 -0.152956 0.038431 -0.676878 -0.290296 0.641942 -0.332976 0.642301 -0.063083 -0.310045 0.611758 -0.024601 -0.542278 -0.324860 -0.762790
VERTEX_POSE A2361 0.357290 0.671278 -0.495373 -0.991394 0.412643 0.028271 0.273982 0.639275 -0.597023 -0.124232 -0.361978 0.487089 -0.019468 0.248989 -0.447132 0.753915 0.182280 -0.453411 -0.583724 0.604217
VERTEX_POSE A2362 0.813648 -0.449767 0.594014 0.927751 0.836089 -0.759231 0.256871 -0.419894 0.271478 -0.285725 -0.649361 -0.256279 0.298961 0.511202 0.361872 0.868976 -0.289617 0.391456 0.088777 0.238356
VERTEX_POSE A2363 -0.304490 0.088109 -0.646664 -0.867386 0.385459 0.480113 0.170585 -0.017972 -0.335012 -0.637664 -0.201618 0.000812 -0.615858 0.547993 -0.598572 0.423328 0.599221 -0.546781 0.076140 -0.547416
VERTEX_POSE A2364 0.774724 0.715365 -0.432127 0.576249 -0.367958 0.217034 -0.001465 -0.732648 -0.577414 0.672589 -0.390687 -0.403799 0.022782 0.308288 -0.491046 -0.735410 -0.375688 -0.464015 -0.079221 0.272777
VERTEX_POSE A2365 0.091700 -0.888893 0.869003 -0.900957 -0.213961 0.073042 -0.539365 -0.353675 0.134369 -0.429725 -0.562871 -0.696713 0.102541 -0.492780 0.696074 0.317659 -0.394397 -0.081747 0.642651 -0.399635
VERTEX_POSE A2366 0.495932 -0.599989 0.930756 0.174958 0.240238 0.224497 -0.470980 0.394967 0.722883 0.282595 0.113230 -0.600049 0.420837 0.117587 -0.084763 -0.581283 -0.645841 -0.244538 -0.428165 0.632648
VERTEX_POSE A2367 0.178042 0.237450 -0.724447 0.028632 -0.683429 -0.514117 -0.678187 -0.139071 -0.568498 0.472998 -0.114222 0.615433 -0.267865 -0.256599 -0.049980 -0.292710 0.874989 0.176742 0.398628 0.369003
VERTEX_POSE A2368 0.900707 -0.462467 -0.322503 0.809463 -0.173413 0.476227 0.501261 -0.049352 -0.300415 0.318762 0.194400 0.550335 -0.423576 0.694134 -0.452202 0.346838 0.690722 0.419051 0.589419 0.029216
VERTEX_POSE A2369 0.343903 0.738169 -0.785329 -0.859156 0.989095 0.724138 0.466798 0.385042 -0.344711 -0.124787 0.837509 0.466810 -0.549378 0.252030 0.367398 -0.429188 -0.275660 -0.062490 -0.529632 0.103991
VERTEX_POSE A2370 -0.763963 0.018938 0.921784 0.936505 0.265186 -0.567976 -0.406038 0.680203 -0.315750 0.609330 -0.119824 0.361445 -0.565727 -0.260352 -0.329992 -0.371734 -0.440054 0.581522 0.074950 0.511405
VERTEX_POSE A2371 0.161003 -0.940953 0.825006 0.588478 -0.389763 0.516109 0.381184 0.690133 -0.564290 0.707656 0.116558 -0.117927 -0.497062 0.607345 0.420756 -0.024680 -0.340225 0.473568 0.325947 -0.159717
VERTEX_POSE A2372 0.579841 0.298879 -0.188732 0.781108 0.728606 0.167942 -0.962128 -0.042745 -0.000498 0.177944 -0.660421 0.938680 0.191359 0.120350 0.289543 -0.070987 -0.517560 0.082702 0.031431 0.528833
VERTEX_POSE A2373 -0.013745 -0.906068 -0.679957 -0.374016 0.522524 -0.312072 0.276905 -0.488495 0.407056 0.433980 -0.599165 0.167145 0.723404 0.259023 0.504176 0.158777 0.495733 -0.674378 0.431812 0.299213
VERTEX_POSE A2374 -0.533621 -0.352028 -0.180237 0.762191 -0.469909 0.129690 0.016080 -0.059695 -0.527865 -0.691241 0.452479 0.122570 -0.551948 -0.437669 0.719867 -0.165176 0.654953 -0.413892 0.435886 0.413742
VERTEX_POSE A2375 0.268359 -0.085463 -0.522948 -0.806532 0.587843 0.026220 0.862214 0.236056 -0.006175 0.049315 -0.846630 -0.259853 -0.321539 -0.039263 -0.658076 -0.197736 0.362638 0.706178 -0.334167 0.307321
VERTEX_POSE A2376 0.364898 -0.279164 0.816199 -0.815272 -0.694992 0.424240 0.637080 0.379813 0.218972 -0.453837 -0.311502 -0.009837 -0.245212 -0.195847 -0.549814 0.542846 -0.589092 -0.685332 -0.182619 0.611001
VERTEX_POSE A2377 -0.590171 0.139209 -0.985056 -0.593746 -0.400984 0.632717 0.683508 0.135674 -0.199638 -0.030980 -0.650186 0.046455 -0.469313 0.629535 0.163117 -0.119917 -0.300478 -0.728731 0.545180 0.268791
VERTEX_POSE A2378 0.244948 -0.700199 -0.923355 0.459492 -0.092979 -0.535633 0.150101 0.062255 0.191191 0.607568 0.597578 -0.338375 0.709120 -0.519096 0.085052 -0.144876 -0.538029 0.744857 0.290671 -0.283000
VERTEX_POSE A2379 0.430546 -0.578019 -0.608535 0.311180 0.474134 0.178166 -0.021295 -0.353607 -0.710360 0.503100 -0.443692 0.625244 0.219850 -0.600990 -0.134413 -0.327614 -0.511847 -0.233772 -0.768617 -0.234357
VERTEX_POSE A2380 0.034361 -0.572668 0.885246 0.640243 0.257343 -0.725230 0.641207 0.138817 -0.433489 -0.502309 -0.604342 -0.239920 -0.093361 -0.055958 0.324656 0.079769 0.259765 0.350951 0.566975 -0.738168
VERTEX_POSE A2381 -0.284968 0.228891 0.469691 0.757970 -0.683057 -0.628956 0.171136 -0.056345 0.038210 -0.573915 0.780939 0.292035 0.161042 0.163549 0.662114 -0.198121 -0.371257 0.281558 0.759044 0.471571
VERTEX_POSE A2382 0.232697 0.252209 -0.797715 -0.516123 -0.444612 0.533290 -0.387191 -0.020302 -0.383185 0.611252 -0.118738 0.116925 -0.137097 -0.900027 -0.450941 -0.598783 0.267467 -0.593087 -0.314830 -0.322339
VERTEX_POSE A2383 0.969410 -0.404205 -0.393037 -0.419524 0.856479 -0.274687 -0.049145 -0.333220 -0.545428 0.236956 -0.335199 -0.254736 -0.651934 0.602826 -0.342199 -0.605980 -0.480170 0.667131 -0.386272 -0.427368
VERTEX_POSE A2384 -0.232449 -0.969144 0.344749 -0.471007 -0.071758 0.076670 0.742995 0.149912 -0.219902 0.200787 -0.292354 0.594936 0.198232 0.602030 -0.541700 0.533375 0.070723 -0.546239 -0.289584 0.724302
VERTEX_POSE A2385 -0.247267 0.397529 -0.212170 -0.707796 0.860916 0.615881 -0.187299 0.234642 -0.383624 -0.387383 0.546233 0.242555 0.532673 -0.319210 -0.118623 -0.625545 -0.732788 -0.632944 0.373907 -0.087744
VERTEX_POSE A2386 0.828385 -0.166703 0.025141 0.261855 0.331546 -0.074525 -0.134135 0.301897 -0.315351 0.104467 -0.634815 -0.609971 0.223378 0.638981 0.434959 -0.613901 0.262320 0.577708 0.737782 0.169585
VERTEX_POSE A2387 0.836160 -0.399921 -0.191583 -0.886325 0.472306 -0.520873 -0.180768 0.162679 -0.073866 0.655656 0.449792 0.575547 -0.533020 0.558460 0.534340 0.208940 -0.587313 0.326286 0.457900 0.338243
VERTEX_POSE A2388 -0.594028 -0.883204 -0.933783 0.591940 0.927008 0.630933 -0.330687 -0.375583 0.138196 -0.378228 -0.488253 0.053718 -0.695703 0.375968 -0.638885 -0.509238 0.004139 -0.414446 0.065298 -0.692226
VERTEX_POSE A2389 -0.127090 0.845367 -0.125405 0.075025 -0.352815 -0.247981 -0.477486 0.228185 -0.474538 0.150772 -0.671232 0.500617 -0.413740 0.117170 -0.281222 0.560821 0.660489 0.619367 0.513395 -0.217728
VERTEX_POSE A2390 0.060296 -0.009431 0.533260 -0.957146 -0.064928 0.402398 -0.694648 -0.221458 0.708610 0.466376 -0.470498 0.243082 0.281475 0.706096 0.247779 0.256102 0.170952 -0.464182 0.393880 -0.449213
VERTEX_POSE A2391 0.669083 -0.720372 -0.112361 0.551357 -0.865566 -0.195852 -0.385101 -0.572748 0.674522 -0.484644 0.062345 -0.431462 -0.766187 0.170476 -0.218101 0.147266 -0.670966 -0.522431 0.089928 0.434529
VERTEX_POSE A2392 -0.769800 0.516644 0.379222 0.083631 -0.940172 0.499234 -0.589374 -0.250406 0.456465 0.176291 -0.200939 0.305203 0.590020 0.504254 0.324871 0.479627 -0.650948 -0.586273 0.208313 -0.467884
VERTEX_POSE A2393 -0.126056 0.540803 0.127274 0.970605 -0.228838 -0.279233 0.177967 0.269364 -0.273529 0.542706 0.669152 0.567013 0.683933 -0.321137 -0.640656 0.404832 -0.577762 -0.339510 -0.205293 -0.206741
VERTEX_POSE A2394 -0.635407 0.367736 0.240976 0.683971 0.519893 0.248245 -0.600808 0.282850 0.121172 -0.421899 0.082409 0.919348 0.221163 0.188829 0.110095 -0.594519 -0.575280 0.257622 0.242207 -0.739325
VERTEX_POSE A2395 -0.995076 0.232009 0.947095 -0.340120 -0.308131 0.160549 0.556739 -0.745188 0.778092 -0.246166 -0.218540 0.285288 0.036432 0.376387 -0.474460 -0.511750 -0.474922 -0.249589 0.605168 0.172388
VERTEX_POSE A2396 0.965643 0.651910 -0.003723 -0.930352 0.557201 -0.513269 -0.215590 0.313094 0.146333 -0.181697 -0.551964 -0.604800 0.189416 -0.698775 -0.395950 0.662708 0.296522 0.438842 0.667418 -0.145245
VERTEX_POSE A2397 0.860525 0.767747 0.171732 -0.141071 -0.239868 0.431630 0.037581 0.600858 0.413478 -0.794082 -0.388179 0.407469 0.215491 -0.362534 0.656800 0.452358 -0.115540 -0.212873 0.341990 -0.586094
VERTEX_POSE A2398 0.182967 -0.530540 -0.777352 0.688512 0.008440 -0.226560 0.068560 -0.357852 -0.228342 0.422507 -0.135446 0.212339 -0.698639 0.380974 -0.598266 0.197023 0.756273 0.702510 0.538398 0.369467
VERTEX_POSE A2399 0.866351 -0.810557 0.673774 0.879110 -0.616212 0.402621 0.706398 -0.015790 0.024460 -0.391741 -0.588251 0.036171 0.320376 0.248156 0.431536 -0.485600 0.684382 -0.806081 0.095354 0.351783
VERTEX_POSE A2400 0.204428 0.505916 0.386403 -0.000227 -0.250774 -0.141431 0.061084 0.261913 0.243449 -0.527646 -0.529882 -0.680695 -0.106093 -0.605593 0.455592 0.681807 -0.532763 -0.499821 0.491673 0.006921
VERTEX_POSE A2401 0.419003 0.488398 -0.855568 0.625018 -0.726374 0.446815 0.327264 0.391846 0.454000 -0.638016 -0.041347 -0.590951 0.233316 -0.218746 -0.476562 -0.458138 0.739610 -0.133814 -0.470646 -0.499875
VERTEX_POSE A2402 0.027354 -0.751511 0.498781 0.467588 -0.005975 -0.823745 -0.236994 -0.288483 0.109605 0.490992 -0.587727 0.156876 -0.290044 -0.746661 0.106621 0.597824 -0.072906 0.522928 -0.511118 -0.092388
VERTEX_POSE A2403 -0.215731 -0.195205 -0.802329 -0.219119 -0.522167 -0.240329 -0.547424 0.161426 0.486174 -0.478239 0.317022 0.250109 -0.207286 0.568368 -0.240510 -0.654683 -0.541793 -0.765165 0.006101 0.506811
VERTEX_POSE A2404 -0.594741 0.582329 -0.535525 -0.748999 0.796151 -0.821467 0.117133 0.386597 0.467690 -0.201923 0.799460 0.256147 0.732905 0.126900 0.197987 0.142524 -0.421274 -0.040600 0.622932 0.133532
VERTEX_POSE A2405 0.493733 -0.103539 -0.681456 0.229779 0.524116 0.382045 0.743868 0.310929 -0.359531 -0.100920 -0.464198 -0.316200 0.501376 -0.463595 0.764252 -0.101509 -0.635194 0.201782 -0.418083 0.263535
VERTEX_POSE A2406 -0.947373 0.719332 -0.325277 -0.025651 -0.934324 -0.346099 -0.267626 0.583773 0.527688 -0.557264 0.129496 -0.448970 0.232813 -0.440647 0.465720 -0.032536 -0.522521 -0.428126 -0.750048 -0.418619
VERTEX_POSE A2407 0.770157 -0.696835 -0.719326 -0.564271 -0.898841 0.657095 0.692131 -0.095837 -0.483833 0.676924 0.364820 -0.362475 0.051138 0.188176 -0.046432 -0.017171 0.522457 -0.447871 0.244576 -0.741182
VERTEX_POSE A2408 0.903562 -0.964330 -0.666512 0.636033 -0.876869 0.674539 -0.552427 0.338475 -0.516488 -0.325589 0.377600 -0.181184 -0.463320 0.323576 0.492062 0.306590 0.143037 0.057314 -0.529295 -0.785934
VERTEX_POSE A2409 0.297576 -0.980868 -0.248631 -0.566159 -0.027303 -0.303562 0.647331 0.363150 0.380546 0.415869 0.549950 0.489217 0.229659 -0.153619 0.329216 -0.569491 0.639984 -0.644452 -0.175933 0.364003
VERTEX_POSE A2410 0.200703 -0.274854 -0.327861 0.746909 0.575293 0.648527 -0.451604 -0.215451 -0.559240 -0.052568 -0.651694 -0.148588 0.344266 0.596703 -0.325051 -0.809781 0.415710 0.372728 0.137936 -0.002514
VERTEX_POSE A2411 -0.062077 -0.536998 -0.781266 0.276277 0.380475 0.028233 -0.437844 -0.237135 -0.471960 -0.493236 -0.503017 0.270567 0.504462 -0.309887 0.043167 -0.381132 0.741016 -0.837488 0.406531 0.213556
VERTEX_POSE A2412 -0.987392 0.248023 -0.778940 -0.808189 0.289640 0.009917 -0.323433 -0.644229 0.698412 0.244724 0.342742 -0.043899 -0.772992 0.586343 -0.092449 0.431048 0.234662 -0.708272 0.228436 0.261979
VERTEX_POSE A2413 -0.566600 0.977354 -0.125576 -0.769214 -0.869319 0.621520 0.246149 -0.719684 0.366183 -0.427429 0.348340 0.221836 0.525343 0.441664 0.535217 -0.528933 0.144670 0.379413 0.448285 0.380418
VERTEX_POSE A2414 -0.092667 0.058798 -0.174303 0.856753 0.236954 -0.278856 0.458601 0.410313 0.493587 0.800638 -0.252152 0.140642 0.139375 0.733695 -0.753873 0.303986 0.011240 0.300843 -0.191913 0.479195
VERTEX_POSE A2415 -0.219841 0.278879 0.565809 -0.279197 -0.782118 -0.866047 0.054808 0.027575 0.297550 -0.320639 0.522439 0.193310 0.802727 0.432863 -0.351926 0.055233 0.594019 0.014364 0.496755 -0.431356
VERTEX_POSE A2416 0.186133 0.374883 0.662254 -0.477010 0.991598 0.778096 0.616249 0.043193 0.144609 -0.306215 0.785379 0.454722 -0.571664 -0.557349 0.170998 -0.066209 0.158782 -0.371002 0.441911 -0.213225
VERTEX_POSE A2417 -0.264282 0.892095 0.850839 0.118609 -0.431500 0.544644 0.452837 0.119683 0.447037 -0.309959 0.553572 0.392406 -0.487823 -0.740709 0.486796 0.492950 -0.234612 0.335512 -0.466790 0.274848
VERTEX_POSE A2418 -0.383681 0.878958 -0.625774 -0.165522 0.690188 -0.422830 0.562822 0.122174 0.110051 0.109590 -0.532629 -0.147855 0.675898 -0.363597 0.630373 0.459353 0.574281 0.624398 0.058118 -0.489264
VERTEX_POSE A2419 0.592106 0.491679 0.728471 -0.885070 0.918605 -0.135192 -0.862502 0.005480 -0.140402 -0.319098 0.709975 -0.444423 0.333794 0.478295 -0.479695 -0.164417 -0.508098 0.731021 -0.125755 0.094739
VERTEX_POSE A2420 0.608627 0.737461 -0.274566 -0.806366 0.215685 -0.349174 0.600655 0.469946 -0.668439 -0.277183 -0.256674 0.036254 -0.625797 0.014309 -0.636252 0.028634 -0.192322 -0.158545 -0.412240 0.822239
VERTEX_POSE A2421 0.676615 -0.130472 0.907486 -0.122668 -0.374740 0.195846 0.051407 0.749048 -0.165905 0.883877 0.257821 0.098968 0.345105 -0.304247 0.593082 -0.164657 0.364618 -0.756690 -0.264404 0.383330
VERTEX_POSE A2422 0.261189 0.771306 -0.383890 0.666287 -0.946961 0.523919 0.481954 -0.341400 -0.151742 -0.073018 -0.921555 0.796199 -0.528013 0.021106 0.254075 0.495910 0.043035 0.063219 0.487508 0.178564
VERTEX_POSE A2423 0.838827 0.254106 -0.895345 0.277265 0.275512 0.367950 -0.179639 0.814081 -0.394780 -0.503803 -0.151191 0.305112 -0.829310 -0.136616 -0.377570 -0.028399 0.513191 -0.687829 -0.159220 0.179957
VERTEX_POSE A2424 -0.449441 -0.589670 0.034760 -0.152063 0.396421 -0.611611 0.353411 0.334359 -0.236477 0.628381 -0.521116 0.347550 0.569161 0.660292 -0.328650 0.145442 -0.207907 -0.584130 -0.367615 0.370717
VERTEX_POSE A2425 0.625782 0.139043 0.857086 0.350257 0.572933 0.382358 -0.617076 -0.159074 0.303637 0.096348 -0.252229 0.223049 -0.385843 0.834604 -0.056511 0.559115 0.462374 0.841821 0.385292 -0.026869
VERTEX_POSE A2426 0.843752 -0.513885 -0.948249 0.937145 0.967382 -0.078512 0.553595 -0.604280 0.028403 -0.093985 -0.006101 -0.519641 -0.650698 -0.551076 0.256980 0.257144 -0.519815 -0.810533 0.441779 0.246812
VERTEX_POSE A2427 -0.483798 -0.937760 -0.968963 -0.082415 -0.046378 0.427755 0.258924 0.464507 0.044569 -0.666835 0.315883 0.411990 0.504554 -0.355272 -0.549908 0.010697 -0.484711 -0.585580 0.483323 0.568584
VERTEX_POSE A2428 0.486307 -0.093210 0.028817 -0.790814 -0.666936 -0.146908 -0.681279 0.084832 -0.397336 0.318218 -0.289089 0.488655 -0.339753 -0.779631 -0.210480 -0.555491 0.293198 -0.733114 -0.102927 -0.464156
VERTEX_POSE A2429 0.026718 -0.044425 -0.725602 0.625657 -0.024178 0.545350 -0.282023 0.209070 -0.252880 0.812816 0.313260 0.537535 0.150467 0.219474 -0.238753 -0.076537 -0.684425 -0.541016 -0.480932 0.584424
VERTEX_POSE A2430 -0.617447 -0.748317 0.704811 -0.203305 0.337410 -0.229911 0.169699 0.226144 -0.449871 -0.690535 -0.395793 0.787625 -0.445482 0.225210 -0.193184 0.291454 0.440672 0.295099 0.459308 -0.739794
VERTEX_POSE A2431 -0.309265 -0.587294 -0.584780 0.208959 0.082291 -0.640598 -0.390702 -0.582165 0.119301 0.122008 -0.607470 -0.276797 0.601943 -0.142495 0.700801 -0.054784 -0.502399 -0.087538 0.683468 -0.139123
VERTEX_POSE A2432 -0.554278 -0.556028 -0.581170 0.250675 0.249448 -0.618022 -0.518785 0.470026 -0.607411 0.637026 0.206305 0.274270 0.429164 0.569887 0.196670 -0.370744 0.431451 -0.367692 -0.058538 -0.474967
VERTEX_POSE A2433 0.409907 -0.499828 0.203592 -0.735717 -0.668566 -0.007590 -0.761006 -0.260510 -0.477915 -0.413502 0.666299 -0.302006 -0.029024 -0.644517 -0.730143 0.426629 -0.025706 0.383697 0.258902 0.268545
VERTEX_POSE A2434 0.475004 0.217501 -0.387109 0.989840 0.560123 -0.215635 -0.768139 -0.512762 -0.257516 0.048800 0.532627 0.330435 -0.356935 0.346608 0.564069 0.380313 -0.500893 -0.678104 0.368159 -0.286973
VERTEX_POSE A2435 -0.149020 -0.973698 -0.116695 0.501676 0.045599 -0.609920 0.379204 -0.069036 0.283798 -0.644577 -0.144135 0.554758 0.477518 -0.653262 -0.404190 -0.056530 -0.576076 0.276280 0.457718 0.464590
VERTEX_POSE A2436 -0.096360 0.396634 0.522136 0.494062 0.855550 -0.278393 0.616540 -0.651631 -0.665540 0.025659 0.491959 0.177100 -0.467452 -0.085224 0.669244 0.418015 0.253987 -0.017357 0.475364 0.511449
VERTEX_POSE A2437 0.527631 -0.063167 0.287615 -0.035811 0.625799 0.071392 0.692360 0.690601 -0.145519 -0.431974 0.549591 0.374053 0.416203 -0.233053 -0.511543 0.390785 -0.393172 0.756396 -0.089990 -0.110097
VERTEX_POSE A2438 -0.378863 -0.670534 0.163979 0.937405 0.146757 -0.126457 -0.547830 0.530994 -0.422033 -0.067489 0.354004 0.846393 -0.181380 -0.004635 -0.162299 -0.766671 -0.587005 0.251345 -0.273212 0.498128
VERTEX_POSE A2439 -0.192798 0.432304 0.855624 0.130095 0.978681 0.439812 -0.618913 -0.299680 0.252682 0.663111 0.225874 -0.555668 0.208028 -0.569141 0.459069 0.126194 0.198552 0.472447 0.343555 -0.704150
VERTEX_POSE A2440 -0.174793 -0.044035 -0.961017 0.398030 -0.401504 0.407183 -0.016142 0.507569 -0.513230 0.598168 0.314529 0.507216 -0.226912 0.181552 0.486305 0.632137 -0.580737 0.277554 0.436863 0.522713
VERTEX_POSE A2441 0.821840 0.054612 0.836118 0.684314 -0.277950 -0.568888 0.397744 0.690884 0.108925 0.080904 -0.221163 0.043993 0.695535 -0.383533 0.461758 0.580376 0.132912 0.670333 -0.121034 0.555881
VERTEX_POSE A2442 0.745125 0.895306 -0.925641 -0.593628 0.359156 -0.169983 0.734004 -0.315946 0.168541 0.291882 -0.209021 0.744755 -0.009832 -0.567776 0.468268 0.494755 0.709393 -0.410811 0.362165 -0.175728
VERTEX_POSE A2443 -0.162185 -0.796012 -0.739957 0.589840 0.888136 -0.509451 -0.219236 -0.489521 -0.560850 0.783456 -0.105390 0.554509 0.573925 -0.037973 0.086593 0.093406 0.006594 -0.333059 -0.004133 0.864741
VERTEX_POSE A2444 -0.744759 0.031966 -0.289458 0.915100 -0.147269 -0.052940 0.354898 -0.428345 -0.500924 -0.546545 0.464136 0.637466 0.251165 0.618447 0.468347 -0.528456 -0.049034 -0.347218 0.482687 0.464991
VERTEX_POSE A2445 -0.347543 -0.045896 -0.099944 -0.736875 -0.403890 0.172120 0.121790 0.632835 0.447440 0.526130 0.446644 0.513187 -0.698892 0.146697 -0.504654 -0.416703 0.591036 -0.502132 0.215088 0.170840
VERTEX_POSE A2446 0.617974 0.482868 0.825851 -0.689356 -0.893982 0.491595 -0.203594 0.844158 -0.179943 -0.591051 -0.095745 -0.360512 0.304705 0.251950 -0.636769 -0.509798 0.286387 -0.436476 0.506428 0.364325
VERTEX_POSE A2447 0.441374 -0.593151 -0.627203 -0.561911 -0.155671 -0.672438 0.067531 0.650062 -0.291060 0.071708 0.163562 0.021984 -0.061277 -0.133787 0.364998 -0.780554 0.500126 0.573937 0.614230 0.531641
VERTEX_POSE A2448 0.388175 -0.153801 -0.249105 0.381734 0.164610 -0.641123 -0.674079 -0.232210 -0.367456 0.485383 0.404916 0.504275 -0.014964 -0.586156 0.412519 -0.479020 0.623741 -0.171677 0.283437 -0.222463
VERTEX_POSE A2449 -0.765707 0.361826 -0.799923 0.145122 0.796205 0.276663 -0.845478 -0.234915 -0.761494 -0.406690 0.008554 -0.114228 -0.275769 0.273467 0.574581 -0.189740 0.210142 -0.019809 -0.087871 0.908734
VERTEX_POSE A2450 0.033480 0.898527 -0.898733 -0.446981 -0.237066 -0.581710 0.154717 0.469741 0.752561 0.419317 0.256538 0.187720 -0.490326 -0.477470 -0.028360 -0.446151 -0.009265 0.243357 -0.600637 0.696755
VERTEX_POSE A2451 -0.003197 -0.416340 0.476328 0.575368 -0.619706 -0.700282 0.433019 0.148047 -0.355479 -0.272747 -0.722283 -0.251552 0.091705 0.544816 0.524195 0.658274 -0.175992 -0.212558 0.544397 -0.358597
VERTEX_POSE A2452 0.910908 -0.768646 -0.892437 -0.977546 -0.578535 -0.496248 -0.416887 0.589368 0.490476 0.278219 0.376834 -0.222645 0.598947 -0.315726 -0.588467 0.539733 0.273878 -0.342501 -0.314245 -0.579611
VERTEX_POSE A2453 -0.705332 0.669834 -0.282622 -0.780694 -0.184026 -0.666707 0.153094 -0.620244 -0.226935 -0.765921 0.290302 0.636629 -0.347526 -0.572833 -0.279977 -0.517830 -0.251210 -0.142542 -0.031706 0.373868
VERTEX_POSE A2454 -0.164370 0.837766 0.580984 -0.147367 0.655807 -0.223663 0.620009 0.547320 0.367601 -0.334177 0.778248 -0.830908 -0.436383 0.248866 0.227546 -0.552398 -0.023387 -0.269554 -0.091332 -0.179693
VERTEX_POSE A2455 -0.538534 -0.358316 0.142323 -0.129609 0.817886 0.041057 0.106897 -0.013725 0.037404 -0.467879 0.415235 0.714197 -0.291512 0.449419 -0.623379 -0.626682 0.148344 -0.313426 0.540327 0.776793
VERTEX_POSE A2456 0.920450 -0.191123 -0.425536 0.569563 -0.611094 0.016121 0.128334 0.069095 -0.437998 0.181416 0.759096 -0.288692 -0.526008 0.373281 0.619417 -0.623534 0.295667 0.583847 0.533984 0.438455
VERTEX_POSE A2457 -0.320618 -0.676119 0.632734 -0.210223 0.623188 0.097792 0.231586 -0.425814 -0.587564 0.570261 0.193535 -0.601968 0.131576 -0.427773 0.526416 0.693568 -0.296716 0.075665 0.350458 0.714280
VERTEX_POSE A2458 -0.022332 -0.296076 0.173360 0.787976 -0.228491 -0.376104 0.306096 -0.840582 0.378663 -0.318566 -0.453056 0.100403 0.173422 0.160621 -0.787337 0.048467 0.235221 0.291857 0.878861 0.083876
VERTEX_POSE A2459 0.406758 0.715666 0.603281 0.778750 -0.278030 -0.242519 0.416616 -0.506938 0.274195 -0.420988 0.482935 0.415723 0.774661 0.463689 -0.465431 -0.079784 0.359955 0.690326 -0.206725 -0.406463
VERTEX_POSE A2460 0.706100 0.279456 0.907133 -0.584566 -0.400990 0.532946 0.526998 0.303038 -0.379180 0.543735 0.040153 -0.484342 0.254920 -0.591131 0.385365 -0.389979 -0.533580 0.434854 0.457774 -0.521931
VERTEX_POSE A2461 0.360221 -0.044393 -0.121829 -0.415329 -0.891081 0.490226 0.626749 0.118440 0.448654 -0.275302 0.710875 -0.470544 0.526473 0.050838 -0.576257 -0.050081 0.643456 -0.070031 -0.501710 -0.253001
VERTEX_POSE A2462 -0.902507 -0.871628 -0.981499 -0.012291 0.804261 0.133112 0.547622 -0.637941 0.553994 0.063056 0.478626 -0.598717 -0.116996 -0.208939 -0.091278 -0.701956 -0.071518 0.555499 -0.435551 -0.561408
VERTEX_POSE A2463 -0.848178 0.723428 -0.674037 0.666109 0.848458 -0.093421 -0.710090 -0.184756 -0.086289 0.330383 0.715944 0.289072 -0.585915 0.482338 -0.492723 -0.204671 0.444161 0.810856 0.037857 0.152845
VERTEX_POSE A2464 -0.229872 0.455779 -0.918237 -0.151046 -0.559647 -0.334234 -0.224555 -0.190297 -0.484200 0.141363 -0.784250 0.712639 0.192971 -0.558306 0.108730 0.722908 0.111120 0.366281 -0.608077 -0.157117
VERTEX_POSE A2465 0.572497 0.345873 -0.368607 -0.022451 0.364384 -0.328268 0.661041 0.572256 -0.642769 0.279535 -0.691341 -0.030237 -0.180751 -0.221306 -0.478393 -0.653882 0.282582 -0.499313 -0.157009 0.256403
VERTEX_POSE A2466 0.002802 0.749729 0.209268 0.167785 -0.105944 0.113535 -0.271425 -0.210122 -0.446782 -0.061002 0.309490 -0.248132 0.751172 0.421617 0.160280 0.587578 -0.691842 -0.836801 -0.114453 -0.451285
VERTEX_POSE A2467 0.673767 -0.147588 0.603899 -0.656984 -0.704097 -0.463083 0.474895 -0.312303 -0.489624 -0.124546 0.253410 -0.337629 -0.847992 -0.227709 0.454226 -0.099296 -0.734296 -0.474877 0.173243 -0.497201
VERTEX_POSE A2468 0.100128 -0.717294 0.919007 0.941738 -0.009816 -0.469547 -0.277412 0.533188 -0.130209 0.612026 0.584568 -0.097387 0.035414 -0.460193 0.571570 0.519361 0.034320 0.652990 -0.526760 0.401292
VERTEX_POSE A2469 0.623939 -0.920804 -0.626753 0.105190 -0.959186 -0.085491 0.237566 -0.010843 0.872751 0.203553 -0.069570 0.363991 -0.518339 -0.496506 -0.302537 -0.306396 -0.631769 -0.083542 0.734557 -0.591095
VERTEX_POSE A2470 -0.519031 -0.715284 0.459523 0.473111 -0.725415 0.206662 -0.081113 -0.123569 0.636533 0.373132 -0.451104 0.711932 -0.524127 0.374209 -0.210027 -0.748269 -0.337917 -0.034028 0.139923 0.725958
VERTEX_POSE A2471 0.925335 0.238671 0.957990 0.339768 0.588679 -0.277725 -0.591527 -0.208998 -0.261954 -0.094316 0.369608 0.872100 -0.080479 0.291938 -0.084304 -0.561948 0.662514 0.294251 -0.564746 -0.543652
VERTEX_POSE A2472 0.445779 0.133808 -0.790635 -0.210497 -0.237136 -0.625869 0.510121 -0.171523 -0.306772 -0.323984 -0.426303 0.415797 -0.318656 -0.613909 -0.168319 0.220401 -0.622432 0.559429 0.696199 -0.156649
VERTEX_POSE A2473 -0.773906 -0.819977 0.533882 0.879483 0.633741 -0.153604 0.405664 -0.230411 -0.252384 0.494353 0.571870 0.437623 -0.357486 -0.251219 0.715688 0.635560 -0.159740 -0.457149 0.243554 -0.728868
VERTEX_POSE A2474 -0.236850 0.442659 -0.781967 -0.070392 0.476815 0.401716 -0.523862 0.418694 0.607462 -0.453884 -0.278977 0.579392 0.666957 0.422009 0.105856 0.099263 -0.533383 0.350305 0.254703 -0.533178
VERTEX_POSE A2475 0.701020 -0.834226 -0.080093 -0.295397 0.615595 -0.525328 -0.571336 -0.043815 0.468483 -0.142186 -0.688739 -0.498145 -0.215471 -0.531174 -0.054006 0.461720 -0.491210 -0.503477 0.627491 -0.016914
VERTEX_POSE A2476 -0.121448 0.134127 -0.566062 -0.857392 -0.770150 0.272062 0.627781 0.417875 -0.828480 0.363188 0.150292 0.019752 0.632542 -0.643790 0.132376 -0.056911 -0.585080 0.470839 0.265776 0.214496
VERTEX_POSE A2477 -0.618876 -0.074473 -0.956116 0.240251 0.582832 -0.449402 -0.520613 0.499887 0.540858 0.100791 0.226627 -0.258924 -0.513349 -0.607372 0.089212 -0.307937 0.551840 -0.656132 0.600375 0.159140
VERTEX_POSE A2478 0.142394 -0.427378 0.292703 0.142692 -0.540076 -0.603787 -0.364325 0.585683 -0.046820 -0.318911 0.225758 0.663850 -0.039687 0.328759 0.426076 -0.286084 0.471780 -0.104933 0.825920 0.524738
VERTEX_POSE A2479 -0.733273 0.980326 0.184832 0.524342 0.394460 -0.725026 0.213238 0.327485 -0.118770 -0.587179 -0.616487 0.373326 -0.294878 0.204159 -0.262114 0.404450 -0.664503 -0.502149 -0.599347 0.171620
VERTEX_POSE A2480 -0.384583 -0.712647 -0.756038 -0.614627 0.379037 0.488704 -0.271755 -0.594239 0.265986 -0.517658 0.378388 0.519936 -0.342758 0.356688 -0.324531 -0.561158 -0.534416 0.561040 0.475183 -0.301456
VERTEX_POSE A2481 -0.824126 -0.528850 0.393971 0.695712 0.222859 -0.504087 0.330081 -0.651624 0.763395 -0.047650 -0.179125 -0.060613 -0.849024 -0.485626 0.325843 0.399415 -0.436737 0.230818 0.091658 -0.341656
VERTEX_POSE A2482 0.263529 -0.436014 -0.338839 0.099710 0.774755 0.134082 0.654238 0.456856 0.603927 0.291697 0.285453 -0.612985 0.192954 0.329753 0.180951 -0.668387 0.694742 0.456947 -0.053971 -0.344087
VERTEX_POSE A2483 -0.473676 -0.481294 -0.648476 -0.592172 0.800502 0.280046 -0.351223 0.317807 0.631813 0.497547 0.160512 -0.465507 0.432486 0.767378 0.037870 -0.664593 0.459342 -0.551594 -0.019027 -0.270871
VERTEX_POSE A2484 -0.529458 -0.859016 -0.888652 0.915018 -0.961168 -0.456141 0.801244 -0.370641 0.312972 0.532313 0.711590 0.150571 0.089962 0.259590 0.537921 0.242083 -0.261435 -0.618024 -0.089178 0.469606
VERTEX_POSE A2485 -0.900841 -0.598249 -0.757856 0.952342 0.430561 0.203014 0.808196 0.172159 -0.734431 0.496986 -0.075995 -0.171791 -0.040894 -0.681923 -0.469249 -0.260731 0.661540 -0.411934 -0.173701 -0.248862
VERTEX_POSE A2486 -0.012209 0.160390 0.493847 0.278219 0.618389 -0.364652 0.356370 -0.028228 -0.675692 -0.025552 -0.553420 -0.349653 -0.773947 0.469316 -0.417835 -0.042432 -0.027351 0.337084 -0.521107 -0.686967
VERTEX_POSE A2487 -0.609008 -0.050140 -0.314188 0.484581 -0.572262 -0.858570 -0.458311 -0.156367 -0.000825 0.084961 0.294315 0.470483 -0.529323 -0.499483 0.203194 -0.708018 0.539547 -0.014645 0.035498 0.590198
VERTEX_POSE A2488 -0.221459 -0.274368 0.874879 -0.257881 0.053750 0.332732 -0.067040 0.065427 -0.253973 -0.592160 -0.619613 0.646479 0.417500 -0.318631 -0.037094 0.320798 -0.714334 0.636770 -0.606328 0.000558
VERTEX_POSE A2489 0.965459 0.864314 -0.332793 0.066195 -0.610102 0.243661 0.414109 -0.270565 0.792196 0.383488 -0.102357 0.031296 -0.030450 0.369010 -0.452169 0.818546 0.302479 0.328053 -0.102501 0.829853
VERTEX_POSE A2490 0.797750 -0.334473 -0.710907 0.263331 0.149709 -0.551604 0.288646 0.216510 -0.407049 -0.303109 -0.239654 -0.535389 0.099594 0.572532 -0.480878 0.021527 -0.727770 -0.110267 -0.902456 0.195567
VERTEX_POSE A2491 -0.515359 -0.994912 0.782011 0.157554 0.652760 -0.386983 0.004125 -0.335739 0.559037 -0.201935 0.425971 -0.468728 0.528938 0.699811 -0.541170 -0.761879 0.197330 -0.158593 0.314595 -0.420896
VERTEX_POSE A2492 0.325680 -0.180079 0.545377 0.650866 -0.501184 -0.201688 -0.375842 -0.491429 -0.054827 -0.638986 0.027043 -0.527826 -0.486305 0.404000 -0.397369 0.321465 0.596216 0.720980 -0.332577 0.488955
VERTEX_POSE A2493 0.895243 -0.206101 -0.692405 -0.748960 -0.046031 -0.414093 0.738816 -0.236567 -0.549546 -0.616435 -0.518123 0.571916 -0.091458 -0.249191 -0.036854 -0.255506 0.611871 0.445062 0.022626 -0.488981
VERTEX_POSE A2494 -0.363537 0.728516 -0.892026 -0.176337 0.501217 -0.528879 -0.510740 0.140665 0.126668 0.495424 0.785510 0.408086 -0.667569 0.511310 -0.339120 -0.141966 0.157299 -0.650158 0.167023 0.277501
VERTEX_POSE A2495 -0.904192 -0.724300 0.627140 -0.500180 -0.060831 -0.800145 0.572992 0.154382 0.508356 0.771396 -0.216066 0.061271 0.052842 -0.351600 0.030616 -0.161107 0.452351 0.310888 0.218816 0.775395
VERTEX_POSE A2496 0.467739 -0.860228 -0.061012 0.228589 -0.681646 0.384269 -0.553656 -0.406458 -0.705354 -0.468411 -0.019075 0.300508 -0.542647 -0.141993 0.191176 0.417609 -0.633953 -0.477452 0.072069 -0.642161
VERTEX_POSE A2497 0.639265 0.478245 0.317241 0.991447 -0.604726 0.585854 -0.609832 0.086110 -0.247872 -0.181175 0.899903 0.100697 0.432027 -0.111325 -0.762742 -0.391252 -0.265250 -0.058481 0.505525 0.316242
VERTEX_POSE A2498 0.769576 0.128112 0.231039 -0.157164 0.235073 -0.391367 0.583658 0.125707 0.769066 0.544826 -0.232008 -0.457995 0.160805 -0.713861 0.050220 0.057820 -0.548895 -0.207575 0.577327 0.345669
VERTEX_POSE A2499 -0.432133 -0.577522 -0.142005 0.170327 0.308537 0.555260 -0.279591 0.021989 0.584587 0.265319 0.574347 -0.274366 -0.810470 0.348069 0.111828 0.028317 -0.652354 0.512018 -0.440196 -0.350605
VERTEX_POSE A2500 0.263204 0.557441 0.690488 0.096637 -0.563913 -0.124328 -0.271997 0.688061 -0.120395 0.219299 0.586246 0.242175 -0.615698 -0.282875 0.137745 0.704705 -0.181725 0.944683 0.047236 0.264282
VERTEX_POSE A2501 -0.749455 0.412828 -0.309438 -0.684053 0.509657 0.830315 0.282018 -0.040867 0.172944 0.180002 -0.435850 0.486045 -0.395745 0.536390 -0.145584 0.804604 0.545748 0.152422 0.289936 -0.472027
VERTEX_POSE A2502 -0.506798 0.661148 -0.184015 -0.489905 -0.102783 -0.478833 -0.536438 0.219672 0.004104 -0.687424 -0.402533 0.061818 0.110567 -0.869260 -0.416606 -0.185873 -0.068019 0.770273 -0.439213 0.171675
VERTEX_POSE A2503 -0.291017 -0.308751 0.899853 0.886141 0.198951 -0.182164 -0.276729 -0.055172 0.254343 -0.740476 -0.179929 -0.670897 -0.511421 -0.009715 -0.631958 0.238088 0.294031 -0.229459 0.238492 -0.937034
VERTEX_POSE A2504 -0.523361 0.592851 -0.775556 -0.804570 0.143398 0.795909 -0.015388 0.415325 0.383338 -0.622410 -0.657577 -0.154866 -0.442549 0.099922 0.293107 0.645060 -0.546728 0.331188 -0.020431 0.293601
VERTEX_POSE A2505 0.256352 0.103807 0.034018 0.439702 -0.625968 -0.206710 0.274980 -0.232236 0.598315 0.341587 -0.631362 -0.551088 0.382030 -0.474050 -0.378073 0.498060 0.310460 -0.390709 -0.643190 -0.475752
VERTEX_POSE A2506 -0.589997 -0.142978 -0.180241 -0.409256 -0.185454 0.441505 -0.422718 -0.230247 -0.117726 0.649528 -0.714580 0.044638 -0.375331 -0.546916 -0.685978 -0.496867 -0.269939 -0.564496 0.108039 0.253728
VERTEX_POSE A2507 0.355191 -0.273022 -0.341618 -0.661962 0.373248 -0.560501 -0.402935 0.112925 0.407326 -0.507919 0.298326 0.365780 0.261064 0.762814 -0.374997 -0.439899 0.445299 -0.495486 0.563911 0.343618
VERTEX_POSE A2508 0.637476 -0.970666 0.077903 -0.320046 0.956864 -0.021739 -0.217080 -0.620878 0.025046 0.869481 0.169174 0.033181 -0.196011 -0.099529 0.177066 0.387721 -0.749343 -0.983080 0.090170 -0.120287
VERTEX_POSE A2509 0.552397 0.429645 -0.887537 0.733436 0.274471 -0.483123 0.079182 0.430218 0.420963 0.542483 -0.460031 0.361646 -0.236370 -0.147356 0.422060 0.519325 0.701115 0.529584 -0.611451 0.300013
VERTEX_POSE A2510 0.621917 -0.292697 0.843214 0.862380 -0.232291 0.314665 -0.064742 -0.516412 0.024128 -0.443319 0.718666 0.400484 -0.636030 0.003354 -0.803055 -0.118947 -0.000252 -0.308414 -0.616923 -0.465646
VERTEX_POSE A2511 -0.747107 -0.683314 0.321864 0.065327 0.335901 -0.401055 -0.006887 -0.502326 -0.618550 0.480870 0.313397 0.246962 0.639052 0.407217 0.567956 0.436816 -0.444765 -0.270162 0.411729 -0.534611
VERTEX_POSE A2512 0.728270 0.900795 0.506433 0.429148 -0.502671 0.890923 0.330976 -0.201259 0.205251 -0.518078 0.635393 -0.116892 -0.321562 -0.665940 -0.344371 0.712163 0.216621 0.178529 0.107108 0.255676
VERTEX_POSE A2513 -0.114553 0.271289 -0.495625 -0.037910 -0.457537 -0.265581 -0.549830 0.329392 0.546400 0.270241 0.708363 0.274126 -0.081419 0.275939 0.200121 0.573511 -0.371587 -0.718137 0.537693 0.418931
VERTEX_POSE A2514 -0.220783 -0.164608 0.673388 0.473155 0.136404 0.242281 0.584122 -0.201475 0.438315 0.331797 -0.447328 -0.306191 0.672349 0.612736 -0.156297 0.308125 -0.411027 -0.794354 0.041451 -0.463592
VERTEX_POSE A2515 -0.801188 -0.958222 0.617782 0.344166 -0.463839 -0.595685 -0.186057 0.647322 0.679499 0.248556 0.372074 0.336473 -0.665088 -0.110284 0.225482 -0.518759 0.472263 0.139227 0.438349 0.455346
VERTEX_POSE A2516 -0.015394 0.673040 -0.253481 -0.085568 0.973025 0.367900 -0.583486 0.480335 -0.822026 0.159400 0.368397 0.251942 0.431393 0.570799 -0.122548 -0.216701 0.535657 0.332309 0.633306 0.144298
VERTEX_POSE A2517 0.767008 0.995782 0.167235 -0.248626 -0.245207 0.267645 -0.113080 -0.480455 -0.346443 0.660336 0.150291 0.898463 0.263752 0.220341 0.022133 0.288886 -0.834188 -0.024832 -0.630990 -0.046431
VERTEX_POSE A2518 -0.410195 -0.008362 -0.696406 -0.171253 -0.036100 -0.487850 0.309694 0.232059 0.341533 0.509086 0.639360 0.533956 -0.612025 0.339221 -0.419104 -0.269589 0.648992 -0.429652 -0.444599 0.033252
VERTEX_POSE A2519 0.763147 -0.601328 -0.378602 0.656551 0.026775 -0.088098 0.264828 0.663045 -0.617138 0.136152 0.398374 -0.632797 0.436367 -0.450309 -0.319509 -0.691579 0.289699 0.329941 0.492577 0.339068
VERTEX_POSE A2520 0.732467 0.860096 0.834442 0.817568 0.144690 -0.564327 -0.100105 -0.046091 0.103332 -0.377377 0.690753 0.567452 -0.339063 0.233521 -0.569020 -0.500578 0.224599 -0.158342 0.694279 0.644794
VERTEX_POSE A2521 -0.612446 0.657165 -0.407313 -0.907922 -0.886392 -0.162186 0.236623 -0.903093 -0.506733 0.189152 0.401959 0.248581 0.908514 0.145349 -0.221647 0.285496 0.023971 0.778459 -0.036397 0.033911
VERTEX_POSE A2522 -0.752212 -0.596240 -0.596591 -0.185895 -0.320466 0.261903 0.037803 0.379418 -0.902341 -0.161944 -0.014189 -0.320441 0.282307 0.600308 -0.002260 0.782264 0.215859 -0.120416 0.529822 -0.669982
VERTEX_POSE A2523 0.058148 -0.319983 0.379819 0.468434 0.643506 0.494216 0.277510 0.022368 0.598783 0.505965 -0.307816 0.333479 -0.627717 -0.096710 -0.534779 0.433511 -0.378454 -0.003600 -0.291596 -0.867277
VERTEX_POSE A2524 -0.717203 -0.548936 -0.099718 -0.656883 0.067578 0.114256 -0.069331 0.241746 0.753683 0.203111 -0.197957 -0.490453 -0.224108 -0.651846 0.419718 -0.681771 -0.409867 -0.046908 -0.662497 0.556307
VERTEX_POSE A2525 -0.115749 -0.867724 -0.488617 0.637767 -0.819248 0.175958 0.438325 0.768583 0.558965 0.251515 -0.562733 -0.711656 0.627741 -0.270937 0.262889 0.426612 -0.122179 0.284662 0.410554 0.065395
VERTEX_POSE A2526 0.153956 -0.044283 0.006960 0.968254 -0.417324 0.063856 -0.480276 -0.626077 0.782782 0.435066 -0.386983 0.400663 0.085936 0.617770 0.460142 -0.667254 0.155263 -0.104466 0.356985 -0.229184
VERTEX_POSE A2527 0.750536 -0.409164 0.839270 0.571706 0.385931 0.113653 0.664468 -0.165292 0.026983 0.623018 -0.399760 -0.568958 -0.043813 -0.190959 -0.078278 0.396339 0.881050 0.810256 -0.106427 -0.012475
VERTEX_POSE A2528 -0.476484 0.610521 0.828624 0.629215 -0.423974 0.075354 -0.380981 -0.530552 -0.347023 0.587782 -0.707791 0.506723 -0.055305 -0.163425 -0.182008 -0.689184 -0.360587 -0.764200 -0.177009 0.246610
VERTEX_POSE A2529 -0.076468 -0.916171 -0.762001 -0.188910 0.817749 -0.520020 0.332687 0.504166 -0.609045 -0.644452 0.067848 0.019317 0.268094 -0.535697 -0.354600 -0.189389 -0.651774 0.482213 -0.605193 0.171559
VERTEX_POSE A2530 -0.681597 0.013313 -0.302736 -0.257967 -0.305531 -0.443531 0.843419 -0.287864 0.441307 0.461357 0.714295 0.554078 0.271735 -0.228308 0.549113 0.036254 -0.576073 -0.000464 -0.025295 0.151433
VERTEX_POSE A2531 0.786719 0.167961 0.519112 -0.274148 0.012113 0.249932 -0.311597 -0.529108 0.709405 0.353444 -0.043047 0.473334 -0.620578 -0.148778 0.455163 0.330316 0.425109 0.055312 -0.532690 0.717871
VERTEX_POSE A2532 0.174077 0.496657 -0.071439 0.127037 0.327406 0.023567 0.332049 -0.012029 0.189370 -0.827696 0.367646 -0.635235 -0.151336 0.363922 -0.534352 0.244016 0.425253 0.523954 0.349595 0.742571
VERTEX_POSE A2533 -0.188394 -0.325539 0.513250 0.252128 0.591686 -0.411205 0.029814 -0.100177 -0.584248 0.550902 0.408924 0.391869 0.600722 0.362896 0.419630 0.504752 -0.500344 0.399892 -0.282801 0.663859
VERTEX_POSE A2534 -0.504297 0.859210 0.418965 -0.388007 -0.788936 0.494719 -0.854511 0.009271 0.352376 0.305087 -0.218428 -0.431759 -0.261743 0.576678 -0.525116 -0.160237 0.004105 -0.410999 -0.287311 -0.787165
VERTEX_POSE A2535 0.650716 0.089508 0.153004 0.322466 -0.529196 -0.327448 0.565452 0.288784 -0.395703 0.222084 -0.540947 -0.666284 -0.282775 0.596494 -0.304825 -0.687511 -0.341149 0.446480 -0.279839 0.389607
VERTEX_POSE A2536 -0.932042 0.778269 -0.452732 -0.308170 0.965717 -0.240313 -0.412456 0.285773 0.004225 -0.016764 0.919994 0.146277 0.520847 -0.063345 0.662838 0.397783 0.233323 -0.693888 0.632524 0.116159
VERTEX_POSE A2537 -0.094295 -0.283768 -0.761276 0.202736 0.025611 0.061155 0.253683 0.150343 0.267353 -0.009339 0.591025 -0.660094 0.652704 0.322130 -0.661575 -0.691817 0.172294 0.226665 -0.175855 0.703302
VERTEX_POSE A2538 0.005906 0.816486 0.811386 0.660504 0.844052 0.420772 0.083002 0.748522 0.385503 -0.628307 -0.104050 0.619173 0.464241 -0.576471 -0.435502 -0.234420 -0.282738 -0.318279 0.572598 0.128953
VERTEX_POSE A2539 0.705434 0.807603 0.625170 0.371784 0.922581 -0.653668 -0.305864 0.354051 0.444813 -0.576739 0.413609 -0.366237 -0.211655 -0.683961 -0.253552 0.643641 0.431322 0.420048 0.338743 -0.223012
VERTEX_POSE A2540 -0.541898 -0.854123 -0.648814 -0.063828 -0.699919 0.768460 -0.062033 -0.064965 0.154231 -0.710902 -0.525099 -0.608604 -0.357240 -0.149763 -0.123608 0.491682 -0.333616 -0.001925 -0.348422 0.765717
VERTEX_POSE A2541 -0.372176 -0.476211 0.654600 0.522884 -0.388239 -0.496791 -0.591329 -0.236369 -0.335799 0.598153 -0.622512 0.168112 0.486761 0.325989 0.093899 0.048338 -0.516540 0.776762 -0.230801 -0.428400
VERTEX_POSE A2542 0.958327 -0.875711 -0.052966 -0.562889 0.258483 -0.431526 0.622480 -0.478409 -0.541729 -0.038435 -0.270102 0.342405 0.648768 0.323036 -0.039572 0.430814 0.292227 0.633646 0.067391 -0.713036
VERTEX_POSE A2543 -0.813627 -0.953328 0.857620 -0.634680 -0.202589 0.446025 0.464802 0.467759 0.107717 0.399979 -0.642321 0.131106 0.352147 0.461838 -0.199073 -0.528753 0.364964 0.855944 -0.469455 -0.148769
VERTEX_POSE A2544 0.513270 0.795078 -0.841025 -0.515026 0.154224 -0.570584 0.109312 0.256887 -0.464805 -0.553977 0.455864 -0.026880 0.764719 0.352104 0.091923 -0.206036 -0.474534 0.670237 -0.232193 0.614034
VERTEX_POSE A2545 -0.262455 -0.040319 -0.379577 0.910266 -0.605114 0.352887 -0.631438 0.338236 -0.074665 0.214019 0.114640 -0.564548 -0.701063 -0.310387 -0.275558 0.207431 -0.592674 0.689383 -0.144794 -0.651806
VERTEX_POSE A2546 -0.614815 -0.911550 0.475401 0.709485 0.333572 0.006307 0.234299 0.548140 -0.105206 -0.783080 0.336608 -0.827535 0.234539 0.386749 -0.018385 -0.493143 0.149439 0.551126 0.183552 0.643685
VERTEX_POSE A2547 -0.502124 0.468118 -0.094506 0.399405 0.127249 -0.454417 -0.468514 0.308428 -0.132496 0.246822 0.377847 -0.222828 0.609545 0.602540 0.808386 -0.235447 0.520752 -0.269834 -0.540918 0.357584
VERTEX_POSE A2548 -0.495447 -0.044536 0.787658 -0.338361 0.149679 0.407031 -0.533848 0.618458 -0.359542 0.357868 0.635634 -0.302298 0.407949 0.314850 -0.376601 -0.070278 -0.329533 -0.686908 -0.644652 0.075874
VERTEX_POSE A2549 -0.025010 0.080088 0.778995 -0.461768 -0.702528 0.607183 -0.517301 -0.294198 0.735062 0.135813 0.464753 0.018687 0.380091 0.588090 0.264221 0.455044 -0.443145 0.144400 0.602013 -0.393987
VERTEX_POSE A2550 -0.738977 0.866790 0.526892 0.055957 -0.845977 -0.240954 -0.733553 0.498438 0.195003 -0.172912 -0.581619 0.138764 -0.616168 -0.279569 -0.438803 -0.166450 -0.578469 0.831932 -0.156948 0.022211
VERTEX_POSE A2551 -0.762979 -0.184440 0.622100 -0.520792 -0.705631 -0.189514 -0.308413 0.584732 0.489305 0.607897 0.396275 0.087417 0.040035 -0.703653 0.158686 -0.663646 0.066583 0.831771 -0.305474 -0.038638
VERTEX_POSE A2552 0.362544 -0.262747 -0.628317 -0.369690 -0.588920 -0.443047 -0.168107 0.023448 -0.379494 0.879020 -0.139126 0.152843 0.071815 0.867272 0.586111 0.017107 -0.448812 -0.541117 -0.440017 -0.162790
VERTEX_POSE A2553 -0.491189 -0.729450 0.930300 0.870061 -0.166442 -0.073150 -0.424832 -0.459679 -0.053158 0.092182 0.590888 0.615501 -0.689401 0.352191 0.218247 0.408483 0.389829 -0.751897 -0.410961 0.404402
VERTEX_POSE A2554 0.295168 0.495577 0.001920 0.947642 0.937875 -0.690728 -0.299848 0.438402 0.295475 0.300380 -0.255593 0.204527 -0.381896 -0.232796 -0.433442 -0.298308 -0.813781 -0.453748 0.764873 -0.161376
VERTEX_POSE A2555 0.645341 0.188317 0.271965 -0.026573 0.478657 -0.701816 -0.557728 0.338995 0.227925 -0.231707 0.657598 0.075311 0.298165 0.338858 -0.154333 0.616778 0.536862 -0.652698 0.407350 -0.222714
VERTEX_POSE A2556 0.393062 -0.597174 -0.558317 0.507829 0.014310 0.870332 0.299282 0.260241 -0.400052 0.595997 0.579464 0.202630 0.443280 -0.250217 0.156854 -0.575215 0.643428 -0.129687 0.166877 0.346248
VERTEX_POSE A2557 -0.550876 -0.548706 -0.991121 0.915896 -0.479449 0.368090 0.141723 0.123781 -0.607494 -0.391798 0.286203 -0.256329 0.711560 -0.486642 -0.528604 -0.187600 -0.487028 -0.387729 0.533759 0.654789
VERTEX_POSE A2558 0.395877 0.779152 0.111234 -0.454867 -0.135411 -0.109512 -0.032522 0.117083 0.393798 -0.027349 -0.202958 -0.237541 -0.667711 0.650877 0.781109 0.182399 0.556791 -0.407888 0.720477 0.459829
VERTEX_POSE A2559 0.916578 -0.986653 -0.729693 0.137044 0.590335 -0.114088 -0.296306 0.255720 0.672866 -0.640233 0.286370 0.386394 0.631043 0.388450 -0.612857 -0.276200 0.395236 -0.096653 0.166740 0.738576
VERTEX_POSE A2560 0.372656 -0.464877 -0.753122 -0.273014 -0.661700 0.467446 0.117470 0.242064 0.087674 -0.968134 -0.183259 0.536036 -0.049408 0.375464 0.042790 0.204403 -0.788921 0.696162 0.068529 -0.380068
VERTEX_POSE A2561 0.714281 -0.207535 0.808499 0.287167 0.559058 0.048752 -0.495764 0.684767 -0.015757 -0.528701 -0.430150 -0.793458 0.239861 -0.180975 0.001270 -0.548472 -0.471277 -0.606463 -0.341084 0.302012
VERTEX_POSE A2562 0.703297 0.181308 0.789419 0.862896 -0.397552 -0.256644 -0.086116 -0.341162 -0.424046 -0.382035 -0.701895 -0.593115 0.026776 0.320941 -0.408418 0.844631 -0.139062 -0.485519 -0.364027 0.518276
VERTEX_POSE A2563 -0.453268 -0.968220 0.175438 0.854023 0.665706 0.297884 0.755834 -0.003606 0.323271 0.421976 0.368493 -0.653518 0.089093 0.541991 0.559316 -0.438878 0.074816 -0.258536 0.223830 -0.751564
VERTEX_POSE A2564 -0.474114 0.466927 0.321749 -0.460705 0.150743 -0.672441 -0.479822 -0.010031 0.399167 -0.573463 -0.506431 0.297466 0.494509 -0.133531 0.023018 0.036436 -0.717051 -0.547241 0.441639 -0.459819
VERTEX_POSE A2565 -0.801000 0.040518 0.208384 -0.525112 -0.186488 0.668094 -0.404218 0.147468 0.519752 0.667996 0.453408 -0.492896 0.143741 0.676756 0.151720 -0.422871 0.366618 -0.132449 -0.436929 0.424578
VERTEX_POSE A2566 -0.802552 0.121287 -0.671557 0.176489 -0.863491 0.338391 -0.367888 -0.465028 0.237780 -0.465851 -0.227565 0.066941 -0.704077 0.223197 -0.509954 0.019718 -0.781039 0.751277 0.389267 -0.268560
VERTEX_POSE A2567 -0.406156 0.245195 0.869016 0.231125 0.116460 -0.153855 0.356891 0.740597 0.244890 -0.600594 -0.146309 -0.825758 -0.351075 -0.126672 -0.471824 0.311053 -0.234110 0.108921 0.540285 -0.599380
VERTEX_POSE A2568 0.104705 0.756750 0.447107 0.677624 0.839123 0.870634 -0.135743 -0.148632 0.404359 0.722447 0.249967 -0.215008 0.303887 0.321202 -0.025555 0.126559 0.635444 -0.177789 0.592688 -0.639113
VERTEX_POSE A2569 0.203354 -0.062227 -0.860171 -0.163007 0.980562 0.003763 0.221712 0.309225 0.524582 0.053339 -0.453268 -0.073111 0.683381 0.509946 -0.429768 0.584901 -0.662320 -0.731269 -0.372667 0.014699
VERTEX_POSE A2570 -0.700721 0.052798 0.494187 -0.397091 0.039041 -0.410871 -0.218174 -0.245256 0.234379 -0.824217 -0.268630 -0.445045 0.380003 -0.447881 -0.752067 -0.353265 0.419804 -0.112168 -0.062204 -0.700610
VERTEX_POSE A2571 0.562808 0.902627 0.798294 -0.386204 -0.860796 0.560670 0.682869 0.315877 0.389352 0.128098 -0.244249 0.204922 0.113507 -0.903665 -0.684581 0.696800 -0.133042 0.153005 0.137360 0.079074
VERTEX_POSE A2572 0.831178 0.461562 0.794429 -0.640123 -0.407678 0.280163 -0.156155 0.660407 0.424940 -0.596861 0.183788 -0.303366 0.379843 0.131975 -0.719876 -0.664721 -0.048828 -0.361500 0.182314 0.714341
VERTEX_POSE A2573 -0.742394 0.177087 -0.558779 0.040020 -0.702476 -0.249083 -0.340975 0.511008 0.297446 0.539215 -0.406280 -0.662504 0.690052 0.225987 0.474222 0.302948 0.708642 -0.430912 -0.158220 -0.143401
VERTEX_POSE A2574 0.749180 0.949299 0.655913 -0.020884 -0.063385 -0.092899 -0.647808 0.678536 0.280317 -0.320905 0.145469 0.545828 0.571804 0.551896 -0.613554 0.371459 0.462326 -0.488278 0.111457 -0.009585
VERTEX_POSE A2575 0.344448 0.256640 0.953403 -0.155149 0.746546 -0.373093 -0.396560 -0.763899 -0.646743 -0.095566 0.244653 -0.353839 0.369132 -0.320408 -0.315859 -0.602809 0.461521 -0.466429 0.577901 0.202336
VERTEX_POSE A2576 -0.004849 -0.863232 0.061643 -0.049714 -0.307590 0.301638 -0.544607 -0.437656 0.188764 -0.632491 0.289247 -0.535483 0.160960 -0.486190 -0.589090 -0.505866 -0.236057 -0.489503 -0.146795 0.657792
VERTEX_POSE A2577 -0.865635 -0.962251 0.131315 -0.311398 -0.729813 -0.723648 0.079449 0.598443 0.531263 0.542938 0.242644 0.058906 0.228238 0.367095 -0.333216 0.054066 -0.604821 0.282118 -0.802428 0.287093
VERTEX_POSE A2578 0.842324 -0.275242 -0.141103 -0.755744 -0.126205 0.523403 -0.334459 -0.602123 -0.033290 -0.193975 0.271305 -0.438593 -0.724230 0.278912 0.402623 0.332027 0.616298 0.608664 -0.464500 0.325923
VERTEX_POSE A2579 0.499704 0.092232 -0.150698 0.611925 0.842089 -0.448064 0.245286 0.230932 -0.323898 -0.576037 -0.387597 0.660011 -0.186646 -0.449738 0.038564 -0.742446 0.589252 0.507175 0.148166 0.496947
VERTEX_POSE A2580 0.109355 0.117837 -0.089690 0.226834 -0.432341 0.697332 0.428012 0.467285 -0.165935 0.431323 -0.396331 0.012707 -0.172752 0.517213 0.670393 -0.503413 -0.501041 0.191325 0.589491 -0.325599
VERTEX_POSE A2581 -0.896652 -0.408452 -0.614211 0.300213 0.027818 -0.689686 0.022185 0.652390 0.228671 0.183269 0.362867 0.391332 -0.764519 0.224224 -0.524517 -0.591084 -0.316723 0.209246 -0.179028 0.540486
VERTEX_POSE A2582 0.736725 0.907792 -0.528598 -0.908867 -0.863542 0.145580 -0.172467 -0.333659 0.613046 0.151256 0.745750 0.634266 0.440056 -0.565393 0.302603 -0.232807 -0.090227 -0.330333 0.836378 0.068695
VERTEX_POSE A2583 -0.528101 0.855090 0.281993 0.857144 -0.021261 0.085538 -0.181479 0.369121 0.086312 -0.129975 0.531750 -0.224276 0.222875 -0.653185 -0.731973 -0.677938 -0.031988 -0.631783 0.664002 0.391557
VERTEX_POSE A2584 -0.387841 -0.137901 -0.683911 0.170274 0.861376 0.006149 0.670536 -0.572842 0.497791 -0.345348 -0.454365 -0.306041 -0.090418 0.422752 0.811250 0.187643 0.449597 0.019447 -0.622681 -0.290771
VERTEX_POSE A2585 0.031893 0.403369 0.473321 -0.961225 -0.925667 -0.393662 -0.651483 0.003575 -0.095471 -0.535526 0.419756 -0.546349 0.499526 0.127938 -0.207042 0.197929 0.806666 -0.703244 -0.008963 -0.395872
VERTEX_POSE A2586 -0.882759 0.043407 -0.446043 -0.169429 -0.542604 0.151016 0.677100 0.077148 -0.687586 0.418305 0.448608 0.388950 0.571638 -0.405475 -0.540127 0.135571 -0.608326 0.247790 0.146312 0.508260
VERTEX_POSE A2587 -0.994779 0.264925 -0.242227 -0.321897 -0.124314 -0.198847 0.343620 0.505940 0.420503 0.589150 0.084847 0.770092 -0.118216 0.429081 -0.100018 -0.627930 0.555571 -0.424961 0.355747 0.494020
VERTEX_POSE A2588 0.481017 0.854664 0.482201 0.954671 -0.405115 0.028677 0.475035 -0.559709 -0.252232 -0.361984 -0.469989 -0.269213 0.215604 0.674622 0.449638 0.650164 -0.010316 -0.812961 0.417266 -0.103030
VERTEX_POSE A2589 0.513118 -0.177441 0.665192 0.375704 0.321985 0.004721 -0.892968 0.359374 0.765569 -0.038930 -0.371937 -0.636130 -0.118727 -0.531417 -0.004495 0.008029 0.375705 -0.095918 0.432356 0.555837
VERTEX_POSE A2590 0.921799 0.278271 0.028080 0.815147 -0.533979 0.801003 0.461400 0.344777 0.577368 -0.550560 -0.434948 -0.108848 0.500318 -0.014741 -0.079077 -0.366647 0.738984 0.083300 -0.315033 0.381621
VERTEX_POSE A2591 -0.146327 -0.610214 0.729078 -0.318343 -0.066815 0.555947 -0.552601 -0.186326 -0.576711 0.092936 0.102806 0.000073 0.318845 0.390926 -0.454780 -0.152187 -0.761436 0.389232 0.749114 -0.471281
VERTEX_POSE A2592 0.227399 0.615024 0.473691 -0.337129 -0.118957 0.601478 0.478014 0.520707 0.551733 0.056002 -0.296716 0.489509 -0.108087 -0.545752 0.212293 -0.664252 -0.054531 0.221646 -0.561653 0.583099
VERTEX_POSE A2593 0.625096 -0.540421 -0.182501 0.678042 0.068469 -0.420489 -0.414933 -0.668744 0.474766 -0.503489 0.403388 -0.372283 0.614055 0.281950 -0.537466 -0.281951 0.353285 -0.412700 -0.343176 0.430991
VERTEX_POSE A2594 0.400406 -0.578434 -0.095483 -0.464320 -0.401110 0.455351 0.441058 -0.632582 0.362731 0.499396 0.458679 -0.263772 0.152726 -0.586813 -0.055501 -0.545528 -0.204319 -0.767089 0.484918 0.057954
VERTEX_POSE A2595 0.753285 0.081951 -0.204561 0.202166 -0.968214 0.739344 0.448227 -0.234402 0.445455 -0.256385 -0.217028 -0.190962 0.270214 0.479130 0.240886 0.444159 0.625796 -0.400560 0.680490 -0.526089
VERTEX_POSE A2596 0.824095 0.500097 -0.974117 -0.847070 0.881981 -0.006874 0.606339 -0.618224 -0.466946 -0.417849 -0.373270 0.807030 -0.128313 0.082646 -0.260104 0.603606 0.561752 -0.250925 -0.277400 0.395061
VERTEX_POSE A2597 0.597854 0.542853 0.232960 0.712169 -0.264600 0.125313 -0.185697 -0.624266 -0.622236 0.567904 -0.394759 0.716637 0.626306 -0.247402 0.144393 0.251210 0.559533 -0.250402 0.433170 0.283145
VERTEX_POSE A2598 -0.652870 -0.672854 -0.335544 -0.566709 0.148246 0.052416 0.539548 0.755536 0.517060 -0.434946 0.165547 0.403700 0.102957 0.313532 -0.635234 -0.540497 0.517134 -0.404234 0.465803 -0.189813
VERTEX_POSE A2599 -0.071199 0.256848 0.472990 0.830555 0.721104 0.552133 -0.661614 0.349702 -0.436841 -0.627483 -0.354276 0.566699 -0.123131 -0.614320 0.328040 0.358387 -0.392690 -0.274884 -0.157891 -0.469683
VERTEX_POSE A2600 -0.198792 -0.519374 0.372788 -0.450838 -0.284039 -0.551786 -0.311979 0.568849 -0.062980 -0.633786 -0.526879 0.284403 -0.401098 0.590034 -0.261333 -0.494822 -0.210994 -0.736468 0.308636 -0.078419
VERTEX_POSE A2601 -0.353591 0.379944 -0.841358 0.036200 -0.812712 0.688170 -0.233835 0.538798 -0.012199 -0.652013 0.286665 -0.438969 -0.249630 0.223400 -0.121785 0.641531 0.685069 0.564577 0.215229 -0.329078
VERTEX_POSE A2602 -0.508392 0.159475 0.271284 -0.555649 0.860308 -0.414920 -0.567240 0.086950 -0.157977 -0.515718 -0.093318 -0.573645 -0.127764 -0.415577 0.068209 -0.328201 0.808160 0.684956 -0.536875 -0.397372
VERTEX_POSE A2603 -0.367614 0.942188 0.167217 -0.090960 0.308283 0.133859 -0.541128 0.396724 0.165137 0.764971 0.007627 -0.322550 0.125085 -0.416742 -0.453699 -0.276428 -0.588736 0.803075 -0.173034 -0.567686
VERTEX_POSE A2604 -0.095985 -0.442969 -0.400137 -0.923779 -0.515188 0.242500 -0.542718 -0.662024 -0.336669 -0.114897 -0.250977 0.635499 -0.494774 0.492572 0.624525 0.667042 -0.249559 0.184276 -0.050083 -0.440259
VERTEX_POSE A2605 -0.759212 0.108774 -0.072803 0.423467 -0.203076 0.339625 0.595492 0.416365 -0.122171 -0.431108 0.360144 -0.650284 -0.047184 -0.339777 0.662486 -0.353385 -0.551531 -0.089293 0.576566 -0.526594
VERTEX_POSE A2606 0.976834 0.198828 0.120621 0.753891 0.054830 -0.563245 -0.565426 0.417555 0.035064 0.180242 -0.530273 0.561377 -0.669169 -0.074565 0.438905 0.363426 0.731555 0.416824 -0.260654 -0.061044
VERTEX_POSE A2607 0.899166 -0.306201 0.661506 0.026506 0.177222 -0.818542 0.195918 -0.412895 0.563179 0.349720 -0.612908 -0.012918 -0.793301 -0.488272 0.112472 -0.414635 0.003739 -0.001029 0.195101 -0.464154
VERTEX_POSE A2608 -0.624846 0.146523 -0.941488 -0.887931 0.067111 -0.361606 -0.271609 -0.392841 0.769076 0.170567 -0.447264 0.111328 0.677745 0.465634 -0.151322 -0.109082 0.474996 -0.492413 0.652609 -0.450772
VERTEX_POSE A2609 0.819159 0.923586 0.979518 0.998147 0.928624 -0.787651 0.355847 -0.396790 0.092420 0.365711 -0.470782 -0.125671 0.127208 0.201916 -0.590632 -0.534220 0.318620 0.080164 -0.661857 -0.691833
VERTEX_POSE A2610 0.398870 0.786031 -0.489192 -0.361569 0.019311 0.842038 -0.303790 0.377024 0.292898 -0.267803 -0.330450 -0.314261 -0.610121 0.181656 -0.314899 -0.285202 0.662027 -0.085214 -0.618389 -0.526665
VERTEX_POSE A2611 0.484509 -0.735639 -0.031178 0.338903 0.634770 0.336362 -0.489771 0.082452 0.666485 0.549380 -0.029365 0.127991 -0.155063 -0.977018 0.294849 0.407453 0.013351 0.582529 -0.517922 0.193897
VERTEX_POSE A2612 0.922506 -0.484865 -0.634693 0.298360 -0.043557 0.050768 -0.469993 0.131923 0.446850 -0.651328 -0.525256 -0.804463 -0.333434 -0.298772 -0.350517 -0.314072 0.365601 -0.166506 0.380866 -0.695538
VERTEX_POSE A2613 0.135595 0.693823 -0.017790 -0.270436 0.155769 -0.603508 0.265977 0.499382 -0.604176 0.312646 -0.242242 0.134803 0.421906 0.485183 -0.387560 -0.091742 -0.552428 0.319960 0.803174 -0.389045
VERTEX_POSE A2614 0.956408 -0.880550 -0.749185 0.196046 -0.386490 0.526679 0.287929 0.310323 0.117504 -0.859440 0.495677 0.064671 0.276862 0.492529 0.473221 -0.300803 -0.640550 0.693311 0.106421 0.071519
VERTEX_POSE A2615 -0.465335 0.377234 -0.318604 -0.531366 -0.182181 -0.521843 0.037477 0.623986 -0.483255 -0.207610 -0.720800 -0.252698 0.388577 -0.259097 0.531805 -0.503335 -0.064072 -0.384021 -0.742399 0.140896
VERTEX_POSE A2616 -0.832512 0.097193 -0.544469 -0.231661 0.230103 0.445639 0.032314 -0.527937 0.661382 0.609844 0.320541 0.150105 0.138101 0.053374 0.499788 -0.531997 -0.383987 -0.302755 0.570046 -0.684281
VERTEX_POSE A2617 -0.926351 0.162857 -0.195228 -0.973383 0.070906 0.180872 0.343308 0.783868 -0.579226 0.691371 0.089860 -0.508922 -0.521969 0.349579 0.491863 0.299048 -0.170503 0.361734 -0.205583 0.475605
VERTEX_POSE A2618 -0.460114 -0.357841 0.439169 0.146737 0.693504 0.599301 0.210661 -0.569727 -0.481104 0.254802 -0.457818 -0.097982 0.820185 0.475502 0.042821 -0.441613 0.428493 0.630827 0.151564 0.236867
VERTEX_POSE A2619 0.648506 -0.048144 0.937732 -0.276990 0.824987 -0.568270 0.262392 0.529029 -0.316584 -0.492725 -0.478335 -0.263961 -0.315029 -0.324565 -0.315602 -0.622636 0.511634 0.638407 -0.448836 0.352437
VERTEX_POSE A2620 0.586767 0.985416 -0.530036 0.402321 -0.607109 -0.133931 0.409090 -0.605460 0.232020 -0.642189 -0.104918 0.732775 0.507570 -0.096468 -0.600500 0.173904 -0.240529 -0.175126 0.363824 0.745151
VERTEX_POSE A2621 -0.538315 0.920430 -0.532751 -0.038117 -0.840475 0.593519 -0.099339 -0.074129 0.510189 0.645704 -0.060914 -0.148636 -0.410949 -0.634758 0.573122 -0.417927 -0.273626 -0.192040 0.479224 -0.716244
VERTEX_POSE A2622 -0.497821 0.341642 0.666810 0.404667 -0.241828 0.911818 -0.280944 -0.131204 -0.021302 0.483271 -0.244736 -0.198862 -0.307240 0.647356 -0.007931 0.502122 -0.224755 -0.358504 -0.583949 -0.673279
VERTEX_POSE A2623 -0.185834 0.600439 0.943654 -0.934808 0.273934 -0.209852 -0.106518 -0.299598 0.662274 -0.723776 -0.193078 0.620546 0.477334 0.309340 -0.346456 -0.483112 0.578856 0.110662 -0.059647 0.664979
VERTEX_POSE A2624 -0.913220 -0.619991 0.284748 -0.360075 0.227994 -0.236458 -0.564680 -0.750416 -0.110487 0.619010 -0.191239 0.644751 0.182195 -0.321253 -0.304336 0.512944 -0.498678 0.650812 -0.040710 -0.220046
VERTEX_POSE A2625 0.902585 0.763208 -0.428673 0.940347 0.357062 -0.355679 -0.163104 -0.164217 -0.183294 -0.797943 -0.056622 0.441354 0.075218 -0.874061 -0.752499 0.449558 -0.291511 0.280798 0.359061 0.347658
VERTEX_POSE A2626 -0.432549 -0.317610 -0.260906 0.267358 0.305720 -0.416953 -0.229079 -0.808005 -0.206890 0.604498 0.240681 -0.678373 -0.127208 0.360716 0.509696 0.240674 -0.240385 -0.251726 0.712741 -0.318276
VERTEX_POSE A2627 0.910876 0.880107 0.310630 -0.207144 0.109975 -0.344344 0.754969 -0.043439 -0.636938 -0.529554 -0.087077 0.428368 -0.127731 0.705561 0.493252 0.110256 -0.574860 -0.221223 0.348028 0.402802
VERTEX_POSE A2628 0.500439 0.306062 0.804286 0.652516 -0.907538 -0.480578 0.450383 -0.135451 0.084157 -0.276420 -0.655952 -0.347566 -0.568964 0.609962 -0.362295 -0.583676 -0.417434 -0.714075 0.237382 -0.071247
VERTEX_POSE A2629 -0.085419 0.009536 0.403549 0.700649 -0.546033 -0.231651 0.812751 -0.387606 0.437381 0.114688 -0.349218 -0.523998 -0.209708 -0.616405 -0.684942 0.041065 0.440559 0.106380 0.529735 0.392124
VERTEX_POSE A2630 -0.160323 0.136954 -0.216380 -0.376590 -0.168922 -0.229735 -0.158266 0.528938 0.433281 -0.469699 -0.109646 -0.395441 -0.171964 0.637671 -0.771081 -0.026550 -0.528210 -0.092464 -0.850916 -0.150243
VERTEX_POSE A2631 -0.698353 0.786688 0.177075 -0.798321 -0.191577 0.297428 -0.593816 -0.618854 -0.735782 -0.302637 -0.376464 0.377347 0.491837 -0.607415 -0.288282 0.070201 -0.046959 -0.380347 0.555843 -0.322701
VERTEX_POSE A2632 0.560990 -0.610520 0.562191 -0.263151 -0.358746 0.368736 0.658416 0.208624 -0.087893 0.199084 -0.642789 0.879028 -0.207712 0.084391 0.158790 0.486914 -0.514596 0.241670 -0.496613 -0.520930
VERTEX_POSE A2633 0.331285 -0.703571 -0.945096 0.067761 -0.308613 -0.158415 -0.173119 0.703462 0.460259 0.074125 -0.299468 0.612272 -0.655297 0.292843 -0.618187 -0.601748 -0.181642 -0.077686 0.415957 0.544711
VERTEX_POSE A2634 -0.065967 0.728876 -0.655708 0.110718 -0.883294 0.095047 0.670436 -0.622331 -0.485241 -0.486071 -0.441610 -0.211083 -0.324906 -0.408579 0.802057 -0.373921 -0.399052 -0.260108 0.262431 -0.302497
VERTEX_POSE A2635 -0.534995 -0.053489 -0.837946 -0.186930 0.126066 0.158089 -0.562347 0.163362 -0.144800 -0.276916 -0.473052 0.217611 0.640655 -0.523813 0.793020 0.160493 0.398584 0.527073 -0.413384 -0.562392
VERTEX_POSE A2636 0.572073 0.405204 -0.017898 -0.508771 0.488311 -0.696834 -0.221769 0.587195 -0.545513 0.175871 -0.505662 0.223296 -0.894269 -0.112211 -0.292602 -0.268801 0.062037 -0.285238 -0.218898 -0.618925
VERTEX_POSE A2637 -0.089132 -0.072295 0.464912 -0.135391 0.171536 -0.487796 0.243323 0.357782 0.473594 0.397972 -0.387010 -0.482924 0.561093 -0.586740 0.264953 -0.332462 -0.461361 0.484095 0.597542 0.406321
VERTEX_POSE A2638 -0.635829 0.640310 0.823561 0.839576 -0.696712 0.295897 0.374677 0.358046 -0.282697 -0.321166 -0.101408 -0.544090 -0.099676 -0.514385 0.628671 0.105647 -0.755625 -0.375854 0.857539 -0.161115
VERTEX_POSE A2639 0.947227 -0.448273 0.040614 -0.396703 -0.444578 -0.518403 -0.702186 -0.032188 -0.245490 0.164308 -0.940044 0.475216 -0.452610 -0.074373 -0.381075 0.502224 0.258049 0.547673 0.151172 -0.207750
VERTEX_POSE A2640 -0.269973 -0.148709 0.444430 -0.137244 0.100160 -0.506273 -0.003547 -0.625396 0.576775 0.300224 -0.037778 -0.621885 0.054433 0.427122 -0.005152 0.324314 -0.617858 0.155727 -0.895383 -0.208016
VERTEX_POSE A2641 0.763041 0.426341 -0.665631 -0.521992 0.322599 -0.248539 -0.601044 -0.087807 -0.335010 0.516232 0.259035 -0.506754 -0.365049 0.681429 0.436596 -0.482297 -0.016707 -0.615290 -0.079863 -0.678650
VERTEX_POSE A2642 0.431736 -0.183912 -0.990564 0.942200 -0.809808 0.509923 0.450976 -0.203152 0.483102 -0.214163 -0.711285 -0.369912 -0.581494 -0.447493 -0.501231 0.286708 -0.271520 -0.344273 0.574820 -0.422883
VERTEX_POSE A2643 -0.347467 0.366426 0.809737 -0.838884 -0.943397 -0.434499 -0.691829 0.310030 0.597457 -0.325887 0.586170 -0.631798 0.201050 0.224755 0.183817 0.447003 0.153691 0.145939 -0.418255 -0.697245
VERTEX_POSE A2644 -0.101363 0.120164 0.316579 0.207572 -0.521632 -0.456447 0.321152 -0.013268 -0.223899 -0.644546 0.717517 0.334075 0.553348 0.620555 -0.766683 0.312654 0.144066 0.205221 0.278344 0.281336
VERTEX_POSE A2645 0.388144 -0.064462 -0.739750 0.138246 -0.196298 -0.221363 -0.861118 0.429371 -0.527942 -0.067654 -0.231072 0.007517 0.255414 0.739405 -0.564636 0.433465 0.362685 0.594479 0.027743 0.289803
VERTEX_POSE A2646 0.187198 -0.256341 -0.508867 -0.370250 -0.125578 -0.454865 -0.269911 -0.551556 -0.433759 0.133250 0.420284 0.317433 -0.571834 0.577032 -0.279277 0.620668 0.365552 0.652834 0.444037 -0.229246
VERTEX_POSE A2647 0.066125 -0.782643 0.772110 0.975911 0.708470 -0.534289 0.098142 0.065336 -0.725541 -0.345214 -0.446762 -0.044063 -0.307482 0.457669 0.105023 0.590894 -0.583170 0.418514 -0.653830 -0.496575
VERTEX_POSE A2648 0.461793 -0.901605 0.065022 0.164863 0.874608 -0.695061 -0.256597 -0.015288 -0.345830 0.583971 0.366133 -0.085226 0.265951 0.672402 0.616954 -0.038402 0.364176 0.096933 0.721756 -0.530060
VERTEX_POSE A2649 0.727085 0.385818 0.930302 0.776487 -0.432074 0.473489 0.114527 0.587732 0.149361 -0.724497 0.323737 0.115673 -0.087587 -0.652536 0.781594 0.347632 -0.182995 -0.359486 0.577467 0.300791
VERTEX_POSE A2650 -0.285369 0.169213 0.709841 -0.301079 0.533458 0.049249 0.592548 -0.403930 0.285561 0.621942 -0.098068 -0.920694 0.273900 0.190105 -0.211382 -0.373480 -0.838304 0.153846 -0.218097 0.297203
VERTEX_POSE A2651 0.048561 -0.916189 0.534986 -0.432816 -0.732501 0.360424 -0.633361 0.162629 -0.711630 -0.335369 -0.517560 -0.488229 0.167078 0.309534 -0.030796 -0.661589 0.014765 0.352648 0.144105 -0.780803
VERTEX_POSE A2652 -0.811231 0.306248 -0.602449 -0.261630 -0.272549 -0.308725 0.331308 -0.446312 0.488782 0.756200 0.234348 0.438455 -0.463764 0.438155 0.633736 0.034265 -0.450677 -0.268173 0.319603 0.592282
VERTEX_POSE A2653 0.216810 -0.489144 0.376651 -0.896412 -0.708370 0.500058 -0.485684 -0.309708 0.723070 0.017567 0.545878 -0.446211 -0.700754 0.383934 -0.166905 0.504321 0.368978 0.012213 0.135668 -0.567933
VERTEX_POSE A2654 0.862727 0.684250 0.478640 -0.367624 0.541433 0.417742 -0.401764 0.675069 0.405167 0.265783 0.414493 0.463768 0.170077 -0.190018 0.496856 0.553466 -0.264227 0.446525 -0.657795 -0.516289
VERTEX_POSE A2655 -0.724450 0.686257 0.682298 0.378296 0.955445 -0.296824 0.403152 -0.350459 0.748326 0.609544 -0.222903 0.168249 0.106824 0.547409 0.277730 -0.079536 0.607286 -0.496449 0.669467 0.398798
VERTEX_POSE A2656 0.119395 -0.725936 0.947978 -0.956064 0.648692 0.534064 -0.298583 -0.125587 0.390749 -0.336117 0.477482 -0.274910 -0.698754 -0.612788 -0.650946 -0.325384 0.550025 -0.250570 0.451377 -0.279647
VERTEX_POSE A2657 -0.569822 -0.633360 -0.782266 0.899734 -0.152846 -0.500375 -0.442174 0.718874 0.351294 -0.344181 -0.175892 -0.181675 -0.114223 -0.292402 0.762392 -0.270004 0.420657 0.109409 0.774643 0.435695
VERTEX_POSE A2658 -0.813574 0.566363 -0.007071 -0.828849 0.065419 0.458559 -0.232474 -0.268414 -0.160496 0.601471 -0.782359 -0.485299 0.476273 0.467732 -0.720145 -0.594775 -0.311598 0.099195 0.059960 0.001130
VERTEX_POSE A2659 -0.380166 0.580125 0.752265 0.696452 0.741153 -0.399437 -0.433413 0.572545 -0.392310 -0.444214 -0.765034 -0.521179 -0.056687 0.022383 0.618312 -0.707156 -0.010875 0.180571 0.333983 -0.293764
VERTEX_POSE A2660 0.344759 0.376176 0.621283 0.600382 0.301120 -0.627660 0.556490 0.170960 0.298503 0.748947 -0.355827 -0.076873 0.267507 0.626639 -0.514653 -0.059642 -0.654605 -0.496147 -0.232981 0.151573
VERTEX_POSE A2661 0.026102 -0.296682 0.776549 -0.205438 0.896498 0.109023 0.139251 0.473144 -0.376652 0.500627 -0.357045 -0.905058 -0.190551 0.062235 0.105218 0.644235 -0.384156 0.126671 -0.527857 -0.705127
VERTEX_POSE A2662 -0.078519 0.366813 -0.070661 0.898131 -0.450424 0.418012 0.348900 0.119777 0.342426 -0.091170 -0.908746 0.621342 -0.301499 0.098139 0.267638 0.830479 0.024763 0.500314 -0.298931 0.386768
VERTEX_POSE A2663 -0.094251 0.765657 0.183475 -0.662768 0.942375 -0.572893 0.157803 0.265493 -0.462722 0.046432 0.383433 0.413113 0.216681 0.847249 0.499422 -0.309019 0.055338 0.193902 0.911317 -0.248192
VERTEX_POSE A2664 -0.642613 -0.000253 0.831453 0.862323 -0.412115 -0.250975 -0.568836 -0.674992 0.184791 -0.652381 0.397925 -0.751266 -0.286361 0.390979 0.324338 -0.268018 -0.345605 -0.482979 0.311430 -0.337246
VERTEX_POSE A2665 0.855514 0.095690 0.273631 0.008849 -0.333717 -0.422690 -0.192592 -0.680156 -0.195825 0.636700 0.375877 -0.060816 -0.374655 0.537992 -0.733947 -0.377951 0.311804 -0.490519 0.523744 -0.097196
VERTEX_POSE A2666 0.370754 -0.287832 0.345529 0.150302 0.068440 -0.370225 0.094021 -0.376525 0.361424 0.614972 -0.026949 0.016367 0.392567 -0.765122 -0.642061 -0.251878 -0.229942 0.565505 -0.628823 -0.468207
VERTEX_POSE A2667 0.929460 -0.595049 -0.186445 -0.646449 -0.923805 0.218183 -0.027753 -0.068273 0.454415 0.402378 -0.701021 -0.047592 0.810658 0.146611 0.573415 -0.400120 -0.164318 0.644076 0.141635 0.674843
VERTEX_POSE A2668 -0.233618 -0.976606 -0.261457 0.873458 0.837819 0.351181 -0.211701 0.879593 -0.731732 -0.523661 0.210195 0.579571 -0.448718 -0.225739 0.005050 -0.230073 0.121346 0.072883 -0.653208 -0.341249
VERTEX_POSE A2669 0.734925 -0.647522 0.169090 -0.010122 0.371728 0.409611 0.364282 0.522375 -0.586775 -0.311438 0.692909 0.257715 -0.029843 0.465920 0.212918 -0.844997 -0.088101 -0.613320 0.235361 -0.148853
VERTEX_POSE A2670 0.876687 -0.043322 0.854169 -0.043151 -0.368383 0.568344 0.623774 -0.201570 -0.374722 0.357967 0.762788 -0.595374 0.470727 -0.306739 -0.426349 -0.119465 -0.516267 0.018000 0.496901 -0.130015
VERTEX_POSE A2671 0.496409 -0.125315 -0.817026 -0.263786 -0.062021 -0.578036 -0.477322 -0.535136 -0.192983 -0.532185 0.515054 -0.447733 0.500090 0.453585 -0.327532 0.488635 -0.421075 -0.566472 -0.009425 0.255549
VERTEX_POSE A2672 0.497967 0.778819 0.503459 0.467886 -0.305673 -0.557154 -0.501511 0.391450 -0.298512 0.746555 0.296885 0.621660 -0.027575 -0.141646 -0.347415 0.346561 -0.573764 -0.305470 -0.265100 -0.639810
VERTEX_POSE A2673 0.308423 0.772766 0.863605 -0.100951 -0.178190 0.325278 -0.731939 -0.172066 0.191780 0.514622 -0.676696 0.118519 -0.118625 -0.604607 0.707987 -0.123901 0.049554 -0.584912 -0.412318 -0.380092
VERTEX_POSE A2674 -0.851058 -0.758889 0.992711 -0.102670 -0.005418 -0.043445 -0.643174 -0.364228 -0.248425 -0.296441 -0.613625 -0.897222 0.280364 -0.074383 -0.173907 -0.636030 0.534652 -0.318035 -0.123738 0.446561
VERTEX_POSE A2675 -0.603396 -0.101016 -0.179963 -0.324542 0.172695 -0.314176 -0.157666 0.664619 -0.717119 0.203571 -0.187677 0.194387 -0.774401 -0.354144 -0.000910 -0.399818 0.581897 0.590971 0.417311 0.242975
VERTEX_POSE A2676 -0.303433 -0.291696 -0.876145 -0.962704 0.625511 0.142436 0.133081 -0.279643 0.251967 0.473782 -0.520173 0.361623 -0.118319 -0.604941 -0.316838 -0.760594 -0.440391 0.827688 -0.406592 0.302197
VERTEX_POSE A2677 0.336140 -0.015230 -0.516155 0.527080 0.869004 0.544118 -0.482315 0.344843 -0.326816 0.012037 0.455811 0.420293 0.302005 -0.647953 0.187156 -0.697749 -0.232646 -0.620849 -0.434933 -0.446489
VERTEX_POSE A2678 0.462729 0.116341 -0.407853 -0.348631 -0.118835 -0.273590 0.603107 0.575820 -0.274440 -0.127229 0.570062 -0.102838 0.351535 -0.438156 0.790205 0.500999 0.123916 -0.463499 0.495478 -0.368951
VERTEX_POSE A2679 -0.841640 -0.193301 0.188877 0.202159 0.500119 0.732838 0.356251 -0.100343 -0.501944 0.317237 -0.472001 0.418174 -0.268226 -0.012345 -0.141079 -0.600044 0.435339 -0.127387 0.583479 0.759917
VERTEX_POSE A2680 0.063225 -0.629412 -0.585853 0.303567 -0.563069 0.646405 -0.184958 -0.556813 -0.527333 -0.644710 -0.390045 0.360827 0.073035 -0.321622 -0.279266 0.068732 -0.522695 0.309670 -0.734903 0.401464
VERTEX_POSE A2681 -0.822641 -0.714446 -0.698012 0.350290 -0.585377 -0.140294 0.131287 0.040936 -0.789133 -0.392245 -0.112124 -0.384738 0.755935 -0.488726 -0.410618 0.224864 0.809108 -0.202377 -0.454869 -0.303716
VERTEX_POSE A2682 0.206920 -0.109490 -0.276137 0.769343 0.767618 0.052586 0.295529 0.234694 0.609996 -0.430374 0.581782 -0.528044 0.041210 0.757235 -0.299941 -0.851497 -0.177203 -0.506305 -0.026361 0.040536
VERTEX_POSE A2683 0.251994 0.676836 -0.188302 -0.958063 0.164382 -0.664690 -0.470806 0.279702 0.548347 -0.037342 0.586182 0.179745 -0.779496 0.162811 0.107574 -0.323485 -0.718187 -0.462193 0.254342 0.189361
VERTEX_POSE A2684 0.394169 -0.203591 0.678640 0.453878 -0.293747 -0.051232 -0.024073 0.507407 0.282029 -0.641790 -0.298545 -0.270652 -0.577606 0.647525 -0.918061 -0.002594 -0.293410 -0.041793 -0.503875 -0.384748
VERTEX_POSE A2685 0.069647 -0.425240 -0.797497 -0.598281 0.309052 0.488594 -0.230277 -0.301754 0.292872 -0.346240 -0.629218 0.326076 -0.529913 0.702645 -0.722221 -0.644636 -0.138487 -0.218114 0.361562 -0.011837
VERTEX_POSE A2686 0.527544 0.363093 -0.506004 0.420232 0.119827 0.347238 0.246403 0.517446 -0.603503 0.324941 0.461035 -0.158375 0.791844 -0.541319 0.591420 0.121443 -0.239103 0.374632 0.438102 0.411704
VERTEX_POSE A2687 -0.486436 0.070473 0.626618 0.497814 -0.645056 -0.443125 -0.046032 -0.452304 -0.529893 0.638114 -0.201711 0.237134 0.202807 -0.656606 -0.677083 -0.474342 0.150637 -0.090445 0.569702 0.548553
VERTEX_POSE A2688 0.499825 -0.058600 -0.579763 -0.698548 -0.843795 0.423444 0.188377 0.380071 0.743796 -0.313421 0.125862 -0.242207 0.640565 0.353489 -0.252183 -0.382448 0.838071 0.381055 0.556499 0.111298
VERTEX_POSE A2689 0.713970 -0.070544 0.486924 0.591384 -0.814754 0.588787 0.444110 -0.254853 0.531508 -0.396220 -0.085135 0.108343 0.642869 0.651229 -0.203891 0.480510 -0.708852 -0.563488 0.040056 0.035104
VERTEX_POSE A2690 0.133398 -0.349401 0.378883 0.194266 -0.903902 -0.176477 0.058309 0.970018 0.544127 -0.413130 0.125788 -0.212613 -0.078483 -0.186009 0.556972 0.807108 0.022124 0.563347 -0.410293 0.090300
VERTEX_POSE A2691 -0.155415 -0.682424 -0.958479 0.901835 0.457326 0.117718 0.745723 -0.278974 0.774760 -0.465501 -0.324188 0.132337 0.261349 -0.579781 -0.528938 -0.376019 -0.342726 0.297659 0.132332 0.602884
VERTEX_POSE A2692 -0.259928 0.632774 0.263473 -0.614055 -0.918256 -0.286903 -0.334828 0.730811 -0.321664 -0.313434 -0.674253 -0.649698 0.392146 0.079214 -0.509782 0.384685 -0.060640 0.363639 0.698490 0.036688
VERTEX_POSE A2693 -0.945122 -0.982588 -0.691778 0.092397 -0.354326 0.540146 0.420348 -0.687528 -0.314376 0.509397 0.301199 0.616942 -0.390336 0.306143 0.245366 -0.267128 0.225173 -0.410594 -0.583183 -0.540516
VERTEX_POSE A2694 0.750334 -0.916767 0.224995 -0.760934 0.399700 -0.141084 -0.849952 0.314823 0.588441 0.120668 0.373107 -0.122793 0.470819 0.578422 0.421055 0.004668 -0.611429 -0.664430 0.203292 -0.230779
VERTEX_POSE A2695 0.097459 -0.367479 0.094927 -0.751732 -0.330371 -0.288666 -0.665385 0.336032 0.507181 -0.080529 0.282156 -0.337563 -0.368092 -0.735164 0.645076 -0.069861 -0.508223 -0.359677 0.640630 -0.093346
VERTEX_POSE A2696 0.910392 0.113102 0.581853 -0.898754 0.311956 0.109854 0.590078 0.193499 0.770770 -0.417587 0.072094 -0.367137 -0.615926 0.546629 -0.351065 0.180542 0.392681 0.368524 0.255869 0.710183
VERTEX_POSE A2697 0.121089 -0.204599 -0.429476 0.389368 -0.531859 0.076112 -0.804617 -0.337094 0.679341 0.042745 -0.204831 -0.640881 0.043616 0.086198 0.349182 0.183183 0.617065 0.006783 -0.561521 0.675435
VERTEX_POSE A2698 0.026919 0.037472 0.908482 -0.398180 -0.254176 -0.146940 0.538308 0.401948 0.663847 -0.030393 0.101966 -0.323388 0.637675 0.070065 -0.571008 -0.255900 -0.469488 -0.327239 -0.487018 0.776346
VERTEX_POSE A2699 -0.323226 0.136496 -0.679604 0.974704 0.149775 -0.329797 0.838464 -0.022755 0.265869 -0.110237 0.827685 0.507442 0.239424 -0.221410 -0.564817 0.084238 0.439312 -0.493995 -0.469474 -0.269078
VERTEX_POSE A2700 -0.143986 0.147879 0.739614 -0.620754 0.839869 0.475408 -0.527273 0.490805 -0.306367 -0.163070 -0.205253 0.252389 0.748524 0.510297 -0.768374 0.060769 0.446671 -0.161333 -0.362506 0.507014
VERTEX_POSE A2701 -0.096394 0.994150 0.762651 0.558668 0.377441 -0.260836 -0.816932 0.463720 0.587997 0.071963 0.281526 -0.193795 0.239787 -0.116142 0.195364 0.346490 0.773878 -0.714493 0.387157 0.305500
VERTEX_POSE A2702 -0.826817 -0.988819 -0.496630 -0.289082 -0.912246 0.545958 -0.607398 -0.502545 0.476588 0.157889 0.643936 -0.189308 0.555171 -0.536145 0.420467 0.358985 -0.076966 0.512020 0.411162 -0.198544
VERTEX_POSE A2703 -0.646019 -0.073302 0.243073 0.847132 -0.465804 0.582121 -0.564247 0.128906 0.520459 0.354499 0.684111 0.576361 0.264775 -0.563051 -0.232602 -0.147185 0.440624 0.062943 -0.681313 -0.064807
VERTEX_POSE A2704 -0.787972 0.766915 0.626255 -0.542283 -0.800749 -0.732301 -0.076941 0.054782 0.428973 0.208897 -0.020972 0.079539 -0.645046 0.734131 0.500360 -0.378783 -0.213251 -0.151756 -0.625205 -0.641977
VERTEX_POSE A2705 -0.677875 -0.747708 -0.503919 0.608248 0.082336 0.391379 -0.584623 0.239327 -0.505576 -0.080865 0.617797 -0.466122 -0.415151 0.256368 0.472221 -0.446893 0.150468 -0.388528 -0.528784 -0.687520
VERTEX_POSE A2706 -0.249415 0.825682 -0.936890 -0.477410 0.706891 0.614111 0.027234 0.229043 -0.005072 -0.375118 -0.862959 0.135590 -0.445404 -0.029511 -0.760869 0.114064 0.093015 -0.159801 -0.804456 0.439680
VERTEX_POSE A2707 -0.091405 -0.524781 0.750110 -0.504987 0.824762 0.145839 -0.477331 0.288416 0.389219 -0.772673 -0.256785 -0.250995 -0.033211 -0.650737 0.768917 0.388225 -0.411814 -0.415942 -0.152675 -0.507769
VERTEX_POSE A2708 0.658265 0.237062 -0.020074 0.135328 -0.048660 0.418981 0.263416 0.587111 0.291486 -0.434518 -0.566100 0.546383 0.673226 -0.442784 0.450450 -0.426066 -0.043434 -0.487905 0.327171 -0.369983
VERTEX_POSE A2709 -0.786687 -0.057977 -0.344743 0.173960 -0.411944 -0.453163 0.647344 0.016839 0.135411 0.265484 -0.171990 -0.206087 0.499323 0.450203 -0.395587 -0.451659 0.699730 0.759833 0.239049 0.527097
VERTEX_POSE A2710 0.066955 0.281918 -0.061013 0.697172 0.324881 0.471755 0.148493 0.435900 0.129725 0.639109 0.181253 0.479592 0.303029 0.183382 0.716641 -0.502629 -0.294909 -0.130518 -0.474371 0.810270
VERTEX_POSE A2711 -0.278511 0.607650 0.394072 -0.561105 0.388271 0.549324 -0.159724 0.775486 0.614670 0.460713 -0.350236 0.251248 -0.678208 -0.100419 -0.065307 0.549365 0.407591 -0.503024 -0.021528 0.315820
VERTEX_POSE A2712 -0.609327 0.227577 -0.042754 -0.475750 0.002679 0.296202 0.067703 -0.936449 0.319338 0.807739 0.088559 -0.717530 -0.054269 -0.313594 -0.519111 0.555218 -0.078524 0.161128 -0.178218 -0.103508
VERTEX_POSE A2713 -0.726125 -0.827573 0.662850 0.466515 0.092500 -0.065469 -0.277354 -0.528451 0.173331 0.262615 -0.059883 -0.659310 0.106084 0.622766 0.439605 -0.726965 0.494908 0.581143 0.560692 0.290486
VERTEX_POSE A2714 0.973483 0.284486 -0.794230 -0.519169 -0.447347 -0.879521 -0.354440 0.314044 0.435617 -0.386250 0.797192 -0.035611 0.489151 0.408090 -0.143696 0.635999 0.290932 -0.121507 0.285341 0.121172
VERTEX_POSE A2715 0.784842 -0.976014 -0.364114 0.978128 0.708932 0.650818 -0.287017 0.344067 0.658201 0.315262 -0.211024 -0.295642 -0.343228 -0.292906 0.033773 0.577249 -0.571731 -0.233801 0.605978 0.651473
VERTEX_POSE A2716 0.343522 -0.252813 0.865354 0.868233 -0.598449 0.536786 -0.274045 0.129845 0.116804 -0.648538 0.611797 0.636691 0.215356 0.035275 -0.425348 -0.531252 -0.206508 0.334546 -0.419156 -0.751635
VERTEX_POSE A2717 0.501027 -0.352421 -0.300234 0.901064 0.672480 -0.058174 0.373441 0.166064 0.026046 -0.216597 0.938740 -0.648152 -0.598193 -0.195741 0.724145 -0.596607 -0.138014 -0.226826 -0.315995 0.183920
VERTEX_POSE A2718 -0.701594 0.094460 -0.737496 0.475942 -0.936124 -0.408291 -0.255632 -0.192742 -0.625608 -0.052540 -0.606658 0.227192 0.714954 -0.542633 0.487724 -0.647335 -0.489601 0.390412 0.041103 -0.246285
VERTEX_POSE A2719 -0.156652 0.688587 -0.714409 -0.830314 -0.442243 -0.564950 0.650633 -0.229314 -0.496249 -0.264921 0.527313 0.049685 -0.185437 -0.771282 -0.346503 -0.686977 -0.209008 -0.558602 -0.013037 -0.175486
VERTEX_POSE A2720 0.214997 0.577035 -0.813310 0.492448 0.857726 -0.018535 0.258763 -0.725128 -0.414845 0.856947 0.212798 -0.350028 -0.266097 0.511047 0.770446 0.227038 0.167333 0.333847 0.276277 0.373815
VERTEX_POSE A2721 0.431803 0.745058 0.641386 -0.329792 -0.840027 0.149141 -0.325540 -0.090392 -0.476675 0.638330 0.247551 0.423048 0.353537 0.654143 -0.698159 -0.041921 -0.084419 0.290071 0.599844 -0.703930
VERTEX_POSE A2722 0.687933 -0.993837 -0.672889 -0.928479 -0.984918 0.336252 0.516686 0.754009 -0.106527 0.151307 -0.333982 -0.467924 0.793581 -0.251281 0.783225 0.281586 -0.503038 -0.207828 0.032856 0.061128
VERTEX_POSE A2723 0.955069 0.209809 0.450163 0.878393 0.939470 0.097991 -0.429572 -0.182748 -0.168442 0.288324 -0.941530 -0.208058 0.633567 0.199484 -0.476408 -0.572106 -0.097918 0.831728 -0.060209 -0.175334
VERTEX_POSE A2724 0.486681 0.762471 0.949608 0.762605 -0.194353 0.605916 -0.219913 0.458778 0.482939 0.654339 0.189337 -0.280523 -0.401774 0.258228 0.527208 -0.375524 -0.722830 -0.207351 0.470146 -0.405598
VERTEX_POSE A2725 0.438267 -0.910604 0.552107 -0.689413 0.414782 0.561814 -0.604914 -0.467423 0.347843 0.406445 -0.497156 -0.227531 0.353376 -0.592580 0.467298 0.586454 0.213854 -0.541509 -0.008910 -0.370766
VERTEX_POSE A2726 0.052527 0.842330 -0.454910 -0.873339 -0.390902 0.267912 0.438397 -0.235677 -0.545852 -0.577869 -0.393924 -0.378592 -0.108391 0.610158 0.221291 -0.187297 0.638856 -0.661790 0.653488 0.094072
VERTEX_POSE A2727 0.397074 -0.124427 0.531461 0.863850 -0.882396 -0.427656 0.254711 -0.648975 0.442068 0.245968 0.443549 -0.542365 -0.182191 0.494364 -0.339195 0.827798 0.288259 -0.460949 -0.395196 0.233680
VERTEX_POSE A2728 -0.440644 -0.115203 -0.877369 0.699955 0.882923 0.588305 0.075972 0.139065 0.523232 0.322271 0.031903 -0.346760 -0.529578 0.216332 -0.304411 0.513058 0.801372 0.408921 -0.588802 0.539116
VERTEX_POSE A2729 -0.920554 -0.120198 -0.546428 -0.271519 0.354923 -0.433791 0.357728 -0.106560 0.442673 0.629618 0.440871 -0.183290 -0.033822 -0.577349 0.385760 0.489975 -0.664787 0.658377 -0.484141 -0.137855
VERTEX_POSE A2730 -0.926152 -0.987931 0.851857 0.838554 0.267378 0.420261 -0.228225 -0.864564 0.530319 0.451652 0.252743 -0.187601 0.204256 -0.085798 -0.702144 0.282612 -0.345503 0.118075 0.788881 -0.248831
VERTEX_POSE A2731 0.415370 -0.967324 0.862246 -0.920799 0.722791 0.102120 0.570942 -0.426396 -0.400941 0.657911 0.611515 -0.351384 0.017112 -0.474922 0.419605 0.490740 -0.312616 -0.727516 -0.007663 -0.347787
VERTEX_POSE A2732 -0.016948 -0.126049 -0.783777 -0.712851 -0.267636 0.415381 -0.147386 0.534273 -0.667079 -0.382079 -0.208157 -0.080419 0.601277 -0.461998 -0.597504 0.086215 0.589371 -0.137785 0.680680 0.332298
VERTEX_POSE A2733 -0.752969 -0.976750 -0.644773 -0.450528 0.355132 0.492541 0.427456 -0.305687 -0.192379 0.365719 0.070518 0.151201 -0.592957 -0.719240 -0.679530 0.382328 -0.572113 0.485562 0.430997 -0.238670
VERTEX_POSE A2734 0.769351 -0.040626 0.105319 0.926333 -0.743013 -0.758680 -0.067742 -0.155848 -0.248431 -0.496144 -0.632866 0.143490 0.251395 -0.127308 -0.478000 0.724247 0.010907 -0.337067 -0.401894 0.747573
VERTEX_POSE A2735 0.195080 -0.359133 0.842478 -0.255134 -0.068385 0.245103 -0.273295 0.055029 -0.090012 -0.764244 0.590513 -0.202879 0.514479 0.734591 -0.942803 -0.119966 -0.211475 0.042246 -0.249320 -0.252824
VERTEX_POSE A2736 -0.430844 -0.724457 -0.148692 -0.842280 -0.562531 0.385596 0.652090 -0.488215 -0.394364 -0.515624 -0.583695 -0.114466 0.032039 -0.537459 -0.764590 0.542736 -0.013462 0.313196 -0.115420 -0.363184
VERTEX_POSE A2737 -0.480064 -0.214944 0.168429 -0.551076 0.963878 -0.226873 0.488272 0.347566 -0.056415 0.602667 0.327638 -0.662715 -0.470281 0.561261 -0.539306 0.405803 -0.403905 0.464009 0.111992 0.541940
VERTEX_POSE A2738 -0.896325 0.116086 0.592589 0.239879 -0.243623 -0.188013 0.410636 -0.097760 -0.432952 0.455775 0.085483 0.627713 0.354290 0.685756 0.561632 -0.218225 -0.492171 -0.260286 -0.671196 0.520232
VERTEX_POSE A2739 -0.772579 0.512605 0.831234 0.293048 0.388809 0.727894 0.349554 -0.499053 0.146377 0.220408 0.181841 -0.060579 0.557559 -0.163455 0.659513 -0.467067 0.382875 -0.100586 -0.547912 -0.737949
VERTEX_POSE A2740 -0.266751 0.727079 0.823686 0.622883 -0.448066 -0.167196 -0.299232 0.188952 0.167090 -0.802544 -0.531537 0.317204 -0.405756 0.545864 -0.829280 -0.303418 0.316961 0.394720 -0.098410 0.532291
VERTEX_POSE A2741 0.170630 -0.601997 -0.468424 -0.062949 -0.918741 0.013450 0.595003 0.256257 -0.339421 0.293941 -0.883619 0.654179 0.309411 -0.086235 -0.333731 0.655697 0.277951 0.587611 0.184107 -0.262405
VERTEX_POSE A2742 -0.051090 0.120255 0.225307 0.731942 -0.222920 0.002026 0.473343 0.870425 0.693265 0.294638 -0.060927 -0.435038 0.431803 -0.180610 0.265007 0.614564 -0.429001 -0.509797 0.353541 -0.148277
VERTEX_POSE A2743 0.123921 -0.045344 -0.219068 -0.852867 0.554612 0.545899 -0.132424 0.622296 -0.491035 -0.475616 -0.220341 -0.315247 0.092180 0.055841 0.244736 -0.853388 -0.089379 0.549184 0.139590 -0.743700
VERTEX_POSE A2744 0.444505 -0.429569 -0.805574 -0.596434 0.173758 0.760456 0.352598 -0.493730 0.158646 -0.113742 0.453685 -0.163723 -0.575817 -0.386114 -0.012634 -0.446866 -0.503259 -0.607926 0.575746 -0.384768
VERTEX_POSE A2745 -0.077607 -0.595259 0.431076 -0.787226 0.329733 -0.453725 -0.653073 -0.047239 0.359277 -0.458554 0.334757 0.383467 -0.464162 -0.715074 0.406663 -0.276234 0.585460 -0.593828 -0.267344 0.177798
VERTEX_POSE A2746 -0.091237 -0.021358 0.416817 -0.874739 0.263544 0.539486 -0.507725 -0.189878 0.307886 -0.465595 0.706882 0.402188 0.404909 -0.075185 -0.669255 -0.329727 0.192073 -0.067110 -0.502757 -0.649399
VERTEX_POSE A2747 -0.211972 0.317618 -0.940220 -0.728201 0.575310 -0.180962 -0.167848 -0.346393 0.204464 -0.118061 0.528656 0.487775 0.091901 0.556319 0.697796 -0.577106 -0.404473 0.447889 0.785106 -0.356995
VERTEX_POSE A2748 -0.576579 0.052320 -0.869158 -0.886163 0.002213 -0.551476 0.201822 0.772479 0.175429 0.616423 0.195543 0.459446 0.239517 0.176050 0.673252 -0.130040 0.446848 0.027206 -0.710642 0.366569
VERTEX_POSE A2749 0.207169 -0.926898 0.679321 0.601203 0.327420 0.067852 0.258566 0.616515 -0.616828 -0.151559 -0.370735 0.281805 -0.928017 0.093504 -0.729138 -0.211840 0.451427 0.062152 -0.063891 0.519553
VERTEX_POSE A2750 0.631375 0.006205 -0.654629 -0.558515 -0.866934 0.323376 -0.672128 -0.104173 0.380896 0.528855 -0.011672 0.593615 -0.054974 0.752657 0.628941 0.116291 -0.641659 0.048994 -0.502006 -0.103885
VERTEX_POSE A2751 0.638417 -0.370645 -0.682468 0.606285 -0.140062 -0.326285 -0.212520 -0.600537 0.602133 -0.652233 -0.230883 0.679444 0.316510 0.200908 0.225093 0.087214 -0.587774 -0.136611 -0.649340 0.447443
VERTEX_POSE A2752 -0.361028 0.818160 0.320707 -0.728588 0.487393 -0.714287 -0.345661 0.577402 -0.445673 0.466087 -0.433688 -0.239970 0.373702 -0.096075 -0.246795 -0.668999 -0.681765 0.415543 -0.275804 0.066988
VERTEX_POSE A2753 0.319308 0.012368 -0.327518 -0.486995 -0.851852 0.581171 0.439856 0.098182 0.524702 -0.597065 -0.448020 0.216992 -0.588696 0.528420 0.227454 0.168632 -0.607749 -0.536756 -0.273935 -0.375568
VERTEX_POSE A2754 0.593486 0.839164 0.767695 0.484678 -0.200592 0.249921 0.648002 -0.398079 -0.487076 0.264188 -0.028302 -0.387449 -0.147481 0.573864 0.429975 -0.631474 -0.233643 -0.604401 -0.299647 -0.675887
VERTEX_POSE A2755 -0.874347 0.580631 0.270315 -0.965984 -0.706959 0.170418 -0.752152 0.395788 0.580559 0.328807 0.542296 -0.207699 -0.317566 -0.374707 -0.670557 0.363133 0.412407 -0.375663 -0.305679 0.488652
VERTEX_POSE A2756 -0.242425 0.101765 -0.775411 -0.176408 0.562931 0.073704 0.305742 0.374399 0.150228 -0.232434 -0.375532 -0.255934 -0.319747 -0.671540 -0.586810 -0.634720 0.482595 -0.749767 0.589397 -0.186914
VERTEX_POSE A2757 -0.353987 0.681494 -0.687215 0.611339 0.408507 0.324179 -0.467410 -0.450051 0.179555 0.504293 0.440695 -0.612336 -0.572911 0.313582 -0.166189 0.257602 -0.677060 -0.678302 0.364185 -0.215635
VERTEX_POSE A2758 0.522727 -0.543797 -0.198224 0.897867 -0.589356 -0.498952 -0.068432 0.710134 -0.158791 -0.158852 -0.224376 0.282357 0.899025 0.214188 0.682632 -0.278123 -0.014589 0.424407 -0.290662 0.631883
VERTEX_POSE A2759 0.316931 0.986562 -0.652780 -0.476453 0.445853 -0.783023 0.353582 0.209755 0.557239 0.282531 0.408446 0.178495 -0.238348 -0.392198 0.149670 0.272941 0.583623 0.148653 0.814770 -0.542900
VERTEX_POSE A2760 -0.274540 -0.438705 -0.233643 -0.660181 -0.236571 0.783970 -0.595888 0.077941 -0.306202 -0.281780 0.198932 -0.372706 -0.350414 0.653579 -0.027943 0.134253 -0.416750 -0.389795 -0.651693 -0.594563
VERTEX_POSE A2761 0.596575 -0.531728 -0.346367 0.736421 0.678023 -0.437406 0.510953 0.706514 0.488977 -0.257653 0.396636 -0.674477 -0.532161 0.068120 0.290204 -0.345102 0.580564 0.174470 0.519857 -0.042696
VERTEX_POSE A2762 -0.267700 -0.980762 -0.790534 -0.397252 0.168645 -0.170338 0.790900 -0.496885 -0.835817 -0.088854 0.368804 0.180694 -0.205539 -0.266119 0.481881 0.290735 0.632660 -0.086799 0.489702 0.382114
VERTEX_POSE A2763 0.708512 0.435247 -0.017420 -0.373032 0.495793 -0.314654 0.159193 -0.745469 -0.686073 -0.678895 0.164955 0.378148 -0.569776 -0.032013 0.445243 -0.186323 0.171335 -0.298427 0.392936 0.621840
VERTEX_POSE A2764 0.843606 -0.508477 0.008861 -0.714107 0.033155 0.728067 0.131530 0.321950 -0.394812 -0.400012 -0.013977 0.369843 -0.350584 -0.850729 0.419900 -0.350896 0.204364 0.030697 0.759377 -0.361453
VERTEX_POSE A2765 -0.498349 -0.021388 0.314785 -0.470918 0.425632 -0.385705 -0.107160 0.444051 0.619683 -0.502521 0.593881 0.290188 -0.043742 -0.244512 -0.560098 -0.721810 -0.067358 -0.263260 0.461591 0.621128
VERTEX_POSE A2766 -0.096408 -0.923887 -0.174942 0.371835 -0.572592 0.472432 0.445052 0.331161 0.336024 0.459440 -0.676519 0.624553 -0.688638 -0.297187 0.082970 -0.293916 0.396270 0.516667 0.173879 0.432786
VERTEX_POSE A2767 -0.587238 -0.232935 0.860169 -0.556387 0.470624 0.353355 0.083716 0.532299 0.633598 -0.321518 -0.668472 -0.604089 -0.580803 -0.173785 -0.323431 0.626233 -0.444353 0.064522 0.400148 -0.205309
VERTEX_POSE A2768 0.021587 0.763668 -0.516787 -0.021995 0.389510 0.557525 -0.044877 0.570852 0.311064 0.443271 0.039748 0.470686 -0.762722 -0.067213 0.134636 0.320953 0.528721 -0.593913 -0.341674 0.623285
VERTEX_POSE A2769 0.007267 0.192199 -0.582353 -0.388286 0.183785 0.154835 0.242588 0.081341 -0.448053 0.509376 -0.703797 -0.537757 0.164887 0.624090 -0.500881 0.201068 0.221163 0.484985 0.783626 0.244239
VERTEX_POSE A2770 -0.359817 -0.720330 0.691403 0.736661 -0.140567 -0.399374 -0.094685 0.524237 0.516142 0.729869 -0.005340 0.000611 -0.051228 0.544078 0.624840 -0.674849 -0.104594 -0.428570 -0.016736 -0.646674
VERTEX_POSE A2771 0.754836 0.490747 -0.693101 -0.399112 0.941443 0.028279 0.372131 0.280817 0.359876 0.324742 0.471889 0.283123 0.507956 -0.794295 -0.854855 0.467223 0.018395 0.242394 0.528908 0.259269
VERTEX_POSE A2772 -0.822104 0.590202 -0.050777 0.548765 0.265044 -0.049030 -0.524587 0.210760 -0.005866 0.699266 -0.057736 0.608389 -0.332549 0.209986 -0.300131 0.163948 0.927445 -0.733039 -0.313635 -0.219085
VERTEX_POSE A2773 0.589093 0.399926 -0.083290 0.468603 0.636513 0.155909 -0.079521 -0.330701 -0.394618 -0.514815 0.370357 -0.136947 -0.758146 -0.071684 -0.657745 0.097080 -0.723448 0.607113 -0.380043 -0.474297
VERTEX_POSE A2774 -0.121243 -0.554597 0.087831 -0.251979 0.496056 0.474785 -0.233363 0.622253 0.555326 -0.068796 -0.648537 0.374957 0.642129 0.361831 0.486162 -0.508192 0.006112 0.298741 0.519827 -0.247472
VERTEX_POSE A2775 0.622402 -0.839367 0.143649 0.952331 -0.561198 -0.529755 0.644086 -0.490060 -0.231245 -0.515573 -0.673845 0.437831 -0.258795 -0.451967 -0.261808 -0.070783 0.158147 -0.636903 -0.497345 0.276566
VERTEX_POSE A2776 -0.488514 0.804667 -0.652214 0.681377 -0.033754 -0.590136 -0.074756 0.747243 -0.149005 -0.261607 -0.451985 -0.463690 0.283432 -0.374874 0.524253 0.593157 0.265721 0.373747 -0.702712 0.161864
VERTEX_POSE A2777 0.787520 0.424045 -0.495351 -0.126718 -0.240400 0.803986 -0.127225 -0.107511 -0.050044 -0.942622 -0.247470 0.478464 0.154070 -0.331181 0.345958 -0.015281 0.571032 -0.049866 0.267033 -0.701029
VERTEX_POSE A2778 -0.589571 0.478251 0.203429 -0.775870 -0.985888 0.153374 -0.364808 -0.739327 0.214504 0.440939 -0.588717 -0.876171 0.371860 -0.243782 0.349023 0.532404 -0.048356 0.202414 0.500754 0.212227
VERTEX_POSE A2779 -0.065093 -0.143013 -0.521372 0.795214 0.968458 -0.338521 0.391441 0.242274 -0.269336 0.502621 -0.709282 -0.254041 -0.116244 0.492724 0.539789 -0.383221 -0.333505 0.675983 0.658616 0.290206
VERTEX_POSE A2780 -0.005311 0.497147 -0.816030 -0.525514 -0.912980 0.065226 0.559772 -0.307884 0.131563 0.370926 0.676947 0.928828 -0.014671 0.141471 0.253709 -0.630289 -0.251001 -0.226598 -0.389344 0.603270
VERTEX_POSE A2781 -0.958195 -0.515544 0.548800 -0.334385 -0.852822 0.379332 0.667978 -0.613674 -0.036356 0.135147 0.361039 0.690845 -0.376081 -0.047930 -0.476990 -0.409871 -0.688776 -0.387297 0.475509 0.127847
VERTEX_POSE A2782 -0.426676 0.486342 -0.203839 0.401499 -0.171603 0.258461 -0.692708 -0.669681 -0.269705 -0.503614 0.471207 -0.651384 -0.368862 0.097567 0.449336 -0.053835 0.280166 -0.483997 0.357171 -0.491404
VERTEX_POSE A2783 0.633660 0.315307 0.504677 -0.254103 0.574413 -0.409295 0.324935 0.517810 0.528940 -0.549702 0.611552 -0.039536 -0.251895 0.076125 0.646236 0.255328 -0.410303 0.365398 0.680883 0.428641
VERTEX_POSE A2784 0.361113 0.496825 -0.778718 0.178620 -0.704674 0.021065 -0.193198 -0.976905 0.182400 -0.738474 0.113214 -0.554143 -0.444999 0.138441 -0.460977 -0.294276 0.003207 0.668365 -0.364291 0.116886
VERTEX_POSE A2785 -0.833190 0.325506 -0.436144 -0.113823 0.627805 -0.530647 0.001593 -0.580949 0.050291 -0.141903 0.351173 0.299366 0.797576 -0.391478 -0.167149 0.558735 0.605469 -0.773515 0.177622 0.139028
VERTEX_POSE A2786 0.759313 -0.104063 -0.225008 -0.220086 0.867453 -0.318922 0.462187 0.171595 0.491738 -0.107659 0.850512 0.296890 0.750803 0.028836 -0.626571 0.279823 0.380875 -0.419222 -0.364398 0.318256
VERTEX_POSE A2787 -0.881312 -0.401410 -0.554128 -0.997787 0.858257 -0.158104 -0.064448 -0.561122 0.680192 -0.349665 -0.573215 -0.370861 0.448363 -0.533509 -0.609160 -0.690950 -0.147142 -0.061051 0.441746 -0.224242
VERTEX_POSE A2788 -0.187177 0.007000 -0.123359 -0.502484 0.036311 0.765274 0.346389 0.006400 0.152281 -0.552621 0.792890 0.413086 0.219614 0.277405 0.364056 -0.725068 -0.510693 0.296631 -0.025899 -0.183094
VERTEX_POSE A2789 0.282040 0.352141 0.576769 -0.322219 -0.721902 0.578845 -0.572877 -0.312320 0.383515 0.019905 0.536422 0.561196 0.528195 -0.515090 -0.326874 0.384592 -0.374041 -0.309949 -0.494485 -0.457693
VERTEX_POSE A2790 0.435618 -0.414849 -0.206908 -0.474240 0.304110 0.327537 0.454456 -0.633839 0.298579 -0.470373 0.413875 0.492784 0.552857 0.561174 0.017018 -0.363262 -0.220145 0.748628 -0.366891 -0.252141
VERTEX_POSE A2791 0.538283 0.568296 0.642999 -0.162665 0.799740 -0.668518 0.147567 0.162475 0.226229 0.131059 -0.185400 -0.192162 0.794995 -0.515961 0.550991 0.541163 0.542191 0.401730 -0.190193 -0.615664
VERTEX_POSE A2792 -0.121385 0.820413 -0.769598 -0.585799 0.956120 -0.452685 -0.441026 0.134977 -0.391491 0.710628 -0.073115 0.207974 0.528383 -0.046462 0.624428 -0.115502 -0.537916 0.456780 0.089301 0.827601
VERTEX_POSE A2793 -0.832081 -0.395611 0.002558 0.128508 -0.527245 -0.292239 -0.525691 -0.566715 -0.552447 0.327741 0.005608 -0.648938 -0.360428 0.585154 0.282772 0.076612 0.548410 0.329117 -0.693150 0.188796
VERTEX_POSE A2794 0.246794 0.003543 -0.374421 0.464304 0.295534 -0.340850 0.490686 -0.058733 -0.793505 -0.474473 0.346867 0.302348 -0.272752 0.606520 0.338666 0.062672 0.524663 -0.219230 0.675116 0.482801
VERTEX_POSE A2795 -0.277779 -0.688064 0.239262 -0.299906 -0.010725 0.134108 -0.525043 -0.588553 -0.335215 0.377040 -0.724502 -0.479160 -0.455776 0.313195 -0.502111 -0.458992 -0.124665 0.622845 -0.404680 -0.122758
VERTEX_POSE A2796 -0.330430 0.583001 -0.682658 0.657590 0.898387 0.631750 0.063845 0.753766 -0.587703 0.339570 0.317221 -0.117862 -0.803236 0.132391 -0.490823 -0.106031 0.559685 -0.026440 -0.473482 -0.020786
VERTEX_POSE A2797 -0.849614 0.079656 0.450637 -0.163861 0.722942 -0.002890 0.693523 -0.506658 -0.559371 -0.582217 -0.509989 0.443716 -0.116051 -0.230799 0.539370 -0.220187 -0.585711 -0.446421 0.343655 -0.294760
VERTEX_POSE A2798 0.134984 0.079001 0.099432 0.143707 -0.540101 -0.095699 0.138409 0.355718 -0.219381 0.555174 -0.644469 -0.715308 0.423966 0.439552 -0.654946 -0.650840 -0.342974 -0.045748 -0.263221 0.383779
VERTEX_POSE A2799 0.691157 0.346669 -0.199444 -0.364405 0.287897 0.475376 -0.082050 0.455098 -0.588288 -0.114338 0.278147 -0.268055 0.851615 0.381314 -0.191354 -0.465158 0.684258 0.565212 0.196405 0.319235
VERTEX_POSE A2800 0.157653 -0.728145 0.868283 0.447853 -0.093273 0.583161 -0.207145 0.106527 -0.593626 -0.433283 0.375602 -0.007976 0.712987 0.693090 0.142775 0.377259 -0.431466 -0.535802 0.344503 -0.425485
VERTEX_POSE A2801 0.775167 0.358672 -0.209165 -0.119632 0.319331 -0.507854 -0.014536 -0.364608 0.331253 0.645636 -0.220042 -0.252325 -0.170623 0.768162 0.634171 0.060506 0.342936 -0.408063 0.741735 0.333115
VERTEX_POSE A2802 0.445992 -0.162584 0.107455 0.236483 0.229340 0.553002 0.155121 -0.356254 -0.676694 -0.440561 -0.213353 0.398766 -0.786979 0.452810 0.247510 -0.081402 -0.118214 0.126486 -0.394818 -0.780098
VERTEX_POSE A2803 0.335549 0.862057 -0.182494 -0.003382 -0.828229 0.024874 -0.498080 0.109436 0.281241 -0.136969 -0.592620 -0.907226 -0.325751 -0.116282 0.260634 -0.596689 0.577670 0.171158 -0.520580 -0.538146
VERTEX_POSE A2804 0.364259 -0.241403 0.707544 -0.651029 -0.044156 0.447068 -0.255215 -0.144927 -0.680719 0.003641 -0.529650 0.322590 0.729427 0.101761 -0.196594 0.634509 -0.154708 0.440498 0.013648 -0.814970
VERTEX_POSE A2805 -0.675251 0.282819 -0.804713 0.984505 -0.274605 -0.135094 0.581982 0.088105 0.162147 0.157312 -0.699045 0.517358 -0.229262 0.591639 -0.553505 -0.685995 -0.096913 0.617601 -0.336749 -0.379664
VERTEX_POSE A2806 -0.042049 -0.977309 0.961155 -0.051052 -0.389427 -0.240393 0.212639 0.662361 0.505558 0.791739 0.207748 -0.203485 -0.157937 0.447063 0.506795 -0.515706 0.528640 -0.623197 0.192450 0.196958
VERTEX_POSE A2807 0.875746 -0.436736 -0.944669 -0.969653 0.922090 -0.532881 0.497478 0.296030 -0.037224 -0.547613 0.725413 -0.627044 -0.285425 -0.524072 0.212290 -0.511183 -0.296260 0.525738 0.331453 -0.154016
VERTEX_POSE A2808 -0.887730 -0.293136 -0.300065 -0.142213 0.484995 -0.666265 -0.048410 -0.218497 0.155081 -0.224444 0.376410 -0.200405 -0.335903 -0.714899 0.478813 -0.727095 -0.167589 -0.512462 -0.552977 0.520969
VERTEX_POSE A2809 0.368380 0.500942 0.164584 0.173078 -0.375315 -0.645769 -0.550910 -0.404890 0.361236 0.080907 -0.755268 0.006255 0.430001 -0.492683 0.328444 0.081426 0.141205 0.587007 -0.705989 -0.054398
VERTEX_POSE A2810 -0.189348 0.420251 -0.466041 0.825562 0.890548 0.859327 -0.307354 -0.106932 -0.348238 0.144187 -0.551463 0.101270 -0.055924 -0.812622 -0.331850 -0.696587 0.103141 -0.141092 -0.629589 -0.116028
VERTEX_POSE A2811 0.106958 -0.795990 -0.116095 0.332273 0.572015 0.268387 -0.343523 0.610070 -0.899083 -0.250222 0.140219 -0.290174 0.582921 -0.152776 -0.018683 -0.680903 -0.582110 0.187267 0.126314 -0.495944
VERTEX_POSE A2812 0.410184 0.985398 -0.286616 0.838693 -0.228138 0.368518 -0.732239 0.184417 0.271943 0.059098 -0.931732 -0.663944 0.101844 -0.006128 0.032319 0.422016 0.077574 -0.590233 -0.521406 -0.303002
VERTEX_POSE A2813 0.383976 -0.093406 0.330120 0.227061 -0.281056 0.479583 0.100013 0.384806 0.417575 -0.824166 -0.367313 0.556904 0.363918 -0.032944 0.532760 0.203791 -0.088348 -0.040701 0.369840 -0.841496
VERTEX_POSE A2814 -0.259382 0.519317 -0.611418 -0.921830 0.146428 -0.106229 -0.188134 -0.849910 -0.375655 -0.546126 0.333805 -0.850591 0.349022 -0.169531 0.230868 0.669176 -0.048934 -0.266071 0.311029 0.367549
VERTEX_POSE A2815 -0.228703 0.482223 -0.065334 0.017313 0.067189 0.748842 0.365363 -0.439028 -0.175388 0.423139 0.110206 0.567497 -0.627061 0.277602 -0.254657 -0.513382 -0.288812 0.146873 0.175204 0.796639
VERTEX_POSE A2816 0.550786 -0.767900 0.893976 -0.886762 -0.653251 -0.056878 -0.547676 0.266068 0.589598 -0.605449 -0.189855 0.004929 -0.030743 -0.917921 -0.504847 -0.573753 0.018149 0.627889 0.057836 0.224177
VERTEX_POSE A2817 -0.500069 -0.584746 0.163574 -0.141916 0.013881 -0.574209 -0.703516 0.155005 -0.325245 0.562573 0.440932 -0.296773 0.368760 -0.622075 -0.631911 0.213418 0.187776 -0.277695 -0.083935 -0.599428
VERTEX_POSE A2818 -0.110015 -0.919188 0.380538 0.019526 -0.074554 -0.611543 0.158628 0.610058 -0.613541 -0.280937 -0.625350 0.188687 -0.912391 0.208350 -0.251650 -0.231507 0.416382 0.388138 0.099291 0.141363
VERTEX_POSE A2819 -0.636391 0.239100 -0.229383 -0.389246 0.383060 0.355124 0.073368 -0.804858 0.667107 0.490974 0.360710 0.267479 0.345405 -0.239411 0.421825 -0.723891 -0.127865 0.423525 -0.332023 0.385260
VERTEX_POSE A2820 0.781971 0.767395 -0.259657 0.535865 0.291979 0.242620 -0.289018 -0.612303 0.246858 -0.508730 -0.297676 0.507665 -0.269162 0.704367 -0.495704 0.232123 0.026984 -0.613799 -0.728926 0.199030
VERTEX_POSE A2821 -0.674397 -0.334037 -0.826370 0.545286 -0.770444 -0.262802 0.798954 0.203784 0.637734 -0.275910 0.286657 0.322446 0.224827 0.543269 -0.005111 0.031456 0.604211 0.648254 0.483745 -0.464852
VERTEX_POSE A2822 0.901892 -0.192604 -0.586384 0.448089 0.182801 -0.292209 0.117307 -0.298927 0.476102 0.262783 -0.708305 -0.757354 0.346845 -0.362016 0.336054 0.586884 -0.013149 -0.037722 0.672644 0.526990
VERTEX_POSE A2823 -0.339414 0.587808 -0.029255 0.950066 0.248099 0.643967 0.245888 0.431146 0.529200 0.393005 -0.270735 0.024007 0.263975 0.527684 -0.137698 0.661816 -0.539390 0.534525 -0.526690 -0.414035
VERTEX_POSE A2824 -0.506478 0.270353 0.176188 -0.326206 -0.297689 0.172556 -0.642889 -0.198208 -0.356100 0.331049 -0.227120 -0.338048 0.486731 -0.265842 0.539083 0.420554 0.598262 -0.662217 -0.251649 0.693210
VERTEX_POSE A2825 0.148687 0.810938 0.039194 -0.087607 -0.521665 0.022709 0.537467 -0.640094 0.609499 -0.582979 -0.433949 0.459691 -0.074660 0.164388 -0.474673 -0.325436 -0.587546 0.437453 0.509689 -0.172436
VERTEX_POSE A2826 0.382808 0.899744 -0.789993 -0.349840 -0.762626 0.606785 -0.301559 -0.403625 -0.006983 0.204922 -0.064031 0.016033 0.744503 -0.635128 0.433558 -0.313557 -0.304344 0.665984 0.463106 0.580494
VERTEX_POSE A2827 0.163092 -0.146646 0.493530 -0.668616 -0.399302 -0.106209 0.176303 0.062030 0.873305 0.239139 -0.407264 0.252243 -0.544979 0.393720 -0.343501 -0.293021 -0.817385 0.210804 -0.727232 -0.084587
VERTEX_POSE A2828 0.299073 -0.109406 -0.510169 0.748532 -0.798724 -0.673438 0.197769 -0.646858 -0.020623 0.829562 0.307488 0.482075 -0.074593 -0.611738 0.460622 0.048454 -0.063645 0.318572 0.514590 -0.329776
VERTEX_POSE A2829 -0.482209 -0.021254 0.309439 0.793867 -0.302727 -0.809596 -0.427937 -0.204368 0.344034 0.138055 -0.270269 0.012867 -0.224909 0.922951 0.447714 -0.864019 -0.181634 -0.159943 0.026405 0.018940
VERTEX_POSE A2830 -0.145752 -0.799978 -0.705914 -0.033021 0.888595 -0.450918 -0.462357 0.596636 -0.115216 -0.148090 0.076704 0.448853 -0.571766 0.327442 -0.513561 -0.515537 -0.639157 -0.564078 0.414248 0.349859
VERTEX_POSE A2831 -0.543275 0.162449 -0.641886 0.196384 0.108003 -0.184804 -0.202346 0.408262 0.585374 -0.338245 0.642896 0.405323 0.454382 -0.269464 0.244981 0.731508 0.379738 0.631571 -0.321059 -0.450772
VERTEX_POSE A2832 -0.707042 -0.662583 -0.899727 -0.325765 -0.983396 0.667203 0.224289 -0.246123 0.283183 0.768927 0.398504 -0.085757 0.330103 -0.673833 -0.560967 0.373609 0.334240 -0.390653 0.331503 -0.463521
VERTEX_POSE A2833 -0.699759 0.037438 0.401542 -0.796537 0.117935 -0.370569 0.405836 0.640123 0.384130 0.318999 -0.348330 0.666724 -0.314907 0.651520 0.184988 0.772149 0.117452 0.486190 0.195337 -0.175031
VERTEX_POSE A2834 0.792275 0.024506 0.175620 -0.806998 0.279774 -0.253693 -0.320720 0.630574 0.075620 0.531999 0.657574 0.654030 0.115333 0.278053 0.258799 0.572024 -0.304208 -0.659689 0.523071 -0.010794
VERTEX_POSE A2835 0.657217 0.096014 0.807818 0.023206 -0.027552 -0.029109 -0.460327 0.451055 0.037559 0.458541 -0.468073 -0.584652 0.061803 0.431334 0.500131 -0.591695 -0.192550 0.637019 0.473198 0.595258
VERTEX_POSE A2836 -0.375010 -0.679743 0.596828 -0.812033 0.843330 0.114487 0.728120 -0.613197 0.348752 -0.075892 0.355938 0.411644 0.561329 0.602197 -0.665807 0.379571 0.325627 -0.502508 0.070126 0.169185
VERTEX_POSE A2837 -0.249775 0.047197 0.136775 0.141950 0.890347 0.492522 -0.499685 0.473378 -0.651214 0.010953 -0.097647 0.323503 -0.284495 -0.581705 -0.144086 -0.584324 -0.516661 -0.455990 -0.572559 0.401321
VERTEX_POSE A2838 0.532963 0.659279 0.863148 0.053553 -0.105462 -0.746680 -0.168452 -0.238333 -0.241539 0.588326 -0.041754 -0.186571 0.101611 0.959505 -0.454372 -0.546029 0.103466 0.377975 -0.563049 0.100495
VERTEX_POSE A2839 -0.262740 0.027121 -0.703236 0.045754 0.328325 -0.540870 0.128819 0.369781 0.586677 0.327982 0.436318 -0.110130 0.795524 -0.585476 0.265706 0.410809 0.389192 0.529661 -0.272417 -0.422653
VERTEX_POSE A2840 -0.881395 -0.451861 -0.698641 -0.684972 -0.484969 0.331606 0.382282 0.309992 -0.210541 -0.774682 -0.207931 -0.493860 0.293750 -0.462890 -0.323980 0.408818 -0.381608 -0.704875 0.017520 0.707657
VERTEX_POSE A2841 -0.656385 0.079530 -0.602893 -0.120885 -0.214915 0.424343 -0.871884 -0.018426 0.659910 0.387825 0.240086 -0.478068 -0.288387 0.481298 -0.275730 0.005602 -0.726392 0.282623 -0.078818 -0.427465
VERTEX_POSE A2842 0.844218 0.231132 0.180669 -0.621973 -0.099660 -0.262534 0.574197 0.305532 0.346015 0.021231 0.012895 -0.233230 0.690194 0.058324 -0.480076 -0.415402 0.731227 0.725590 0.144640 0.606951
VERTEX_POSE A2843 0.528790 -0.466463 0.014743 -0.846279 0.286894 -0.076139 -0.941876 0.023559 -0.370932 -0.264653 -0.312716 -0.120291 0.106496 -0.562445 0.490348 -0.131027 0.518719 -0.775694 0.119663 0.562352
VERTEX_POSE A2844 0.727592 0.986123 0.727227 -0.893825 0.504030 -0.084633 -0.426886 0.510187 0.202653 0.106805 -0.439665 0.887146 -0.082650 0.387196 -0.342146 -0.512882 0.247972 -0.218351 0.732449 0.578787
VERTEX_POSE A2845 -0.415164 -0.249551 0.569251 -0.543803 -0.953232 -0.478246 -0.359060 0.743445 0.112690 -0.285087 -0.372951 -0.343155 -0.056695 -0.369401 0.376180 0.669610 0.370257 -0.706622 0.581558 -0.186143
VERTEX_POSE A2846 -0.699913 -0.984241 0.949410 0.171035 -0.645917 -0.046594 0.355181 0.339205 0.183250 0.544329 -0.038476 -0.461576 -0.491704 -0.415766 -0.795592 0.147677 0.504393 -0.343846 0.560331 -0.675416
VERTEX_POSE A2847 0.278378 -0.781777 0.621202 -0.780587 0.850779 0.229598 0.203501 -0.309175 -0.370497 -0.627012 0.517529 -0.874181 0.138191 -0.449119 0.130616 -0.454107 -0.574880 0.169600 -0.583209 -0.323078
VERTEX_POSE A2848 0.084767 0.165703 -0.267175 0.314281 0.060649 -0.018177 0.572834 0.244535 0.390287 0.022950 0.727058 -0.526027 -0.592709 0.103890 0.699925 -0.234327 -0.485798 -0.284160 0.514899 -0.405951
VERTEX_POSE A2849 0.190071 -0.903429 0.329947 -0.809440 0.279528 -0.390684 -0.740526 -0.498730 0.523475 -0.240795 0.263057 0.574839 -0.110591 -0.289311 0.079559 -0.608518 0.632546 -0.486384 0.105423 0.445258
VERTEX_POSE A2850 0.641987 0.457323 -0.608181 -0.169833 0.233840 0.354241 0.397283 0.500399 0.342797 0.494313 0.343629 0.770226 -0.008555 -0.630413 -0.157898 0.120719 -0.080837 -0.372591 0.763659 -0.477038
VERTEX_POSE A2851 -0.133261 -0.066902 0.473168 -0.149855 -0.647373 0.180515 -0.026381 0.887036 -0.515465 0.445658 0.376249 0.785769 0.436039 0.053993 0.091258 -0.769155 0.237882 -0.275588 0.137711 0.109999
VERTEX_POSE A2852 0.515674 -0.237465 0.503577 0.735846 0.509084 0.732918 0.451739 0.474319 0.345512 0.263847 -0.658016 0.434972 -0.777383 -0.077109 0.386987 -0.163915 -0.309115 -0.067040 0.308422 -0.490447
VERTEX_POSE A2853 0.543879 -0.735281 -0.194565 -0.721743 -0.583359 0.279894 -0.208401 0.430901 -0.906590 0.162484 0.180120 0.145421 -0.218587 0.533133 -0.280367 -0.846299 0.125168 0.000365 0.407634 0.694250
VERTEX_POSE A2854 0.527325 -0.479094 -0.556087 -0.199789 0.600726 -0.509726 0.587254 0.294788 -0.511115 -0.202974 -0.679826 0.478632 -0.257532 -0.194206 0.197719 -0.092165 0.475953 -0.459086 -0.734245 0.432077
VERTEX_POSE A2855 -0.990804 -0.967113 -0.320235 -0.590360 -0.788604 -0.707652 0.037040 -0.282322 0.177162 0.494048 0.248396 -0.206278 0.457874 0.705961 -0.422163 -0.594187 0.540277 0.497062 -0.437993 0.261369
VERTEX_POSE A2856 -0.307434 -0.924342 0.844630 0.190650 -0.105025 0.456280 0.326942 -0.739249 0.626637 -0.484911 0.402869 0.136856 0.666139 0.446176 -0.368815 -0.423265 -0.264382 -0.494347 0.187288 0.149122
VERTEX_POSE A2857 -0.089868 -0.579350 -0.346080 0.450372 0.838100 0.450816 -0.162522 0.711932 0.052874 -0.071232 0.427767 0.512664 -0.744602 -0.330357 0.525739 0.546579 0.090273 -0.504721 -0.339606 0.439185
VERTEX_POSE A2858 0.172288 -0.113759 -0.826704 -0.258976 -0.187906 -0.453916 -0.423509 0.258704 0.186379 -0.623754 -0.432416 -0.523340 -0.261014 -0.546690 0.423456 0.227382 -0.598299 -0.553194 0.558337 -0.298759
VERTEX_POSE A2859 0.991639 -0.033748 -0.665539 -0.060819 0.096251 0.092540 -0.449921 0.403618 0.041423 0.488944 0.269087 0.369793 -0.516215 0.462941 -0.918213 -0.281092 0.160944 -0.099293 0.461535 0.724201
VERTEX_POSE A2860 0.427924 0.399396 0.963359 0.244239 -0.464627 0.496006 0.551211 -0.075090 -0.517178 0.423335 -0.004133 -0.340407 0.648373 -0.148311 0.347771 0.277724 0.794655 -0.499683 -0.139411 0.583842
VERTEX_POSE A2861 -0.973464 0.086263 -0.532618 0.708004 -0.299311 0.399988 0.236350 0.647131 0.623918 0.544595 -0.083327 -0.290230 0.670366 -0.290299 -0.469784 0.179118 0.694003 -0.381844 0.407531 -0.091457
VERTEX_POSE A2862 -0.551636 -0.871299 -0.307425 -0.864434 -0.795745 0.200679 -0.319220 0.057885 0.250493 0.277806 0.400083 0.678472 0.584558 -0.380518 0.413292 -0.638075 -0.487048 0.515603 -0.268467 0.674220
VERTEX_POSE A2863 0.720882 0.736813 -0.936368 0.918474 -0.448023 0.025618 0.526880 0.802239 0.380307 0.588357 -0.293292 -0.542955 -0.248172 0.113166 -0.551527 0.542000 -0.464306 -0.505696 0.144500 0.204954
VERTEX_POSE A2864 -0.673223 -0.876298 0.868923 0.911466 0.818624 -0.257543 -0.579142 0.065713 -0.078023 -0.204657 0.314607 -0.652824 -0.378570 0.213719 0.578680 -0.259834 0.719725 -0.408085 0.641779 0.577083
VERTEX_POSE A2865 -0.759361 0.153207 0.868195 -0.671432 0.484029 -0.502270 -0.459383 -0.455480 0.227052 -0.802485 0.324625 -0.430427 0.336486 0.055501 -0.126570 -0.138677 -0.648948 0.703481 0.111945 -0.512778
VERTEX_POSE A2866 0.378099 -0.167173 0.871450 -0.058320 0.524424 0.073119 -0.681954 0.649429 -0.086816 0.713846 0.538953 0.698993 0.115174 0.255744 0.678334 0.014704 -0.354406 0.195929 0.109004 0.311066
VERTEX_POSE A2867 -0.048233 -0.556041 0.465752 -0.900567 0.661954 0.345417 0.772063 -0.212593 0.601677 -0.058376 0.028142 0.163075 -0.496250 0.279300 -0.404534 -0.144815 -0.773540 -0.573088 0.365069 0.526916
VERTEX_POSE A2868 -0.009136 -0.799596 0.004971 0.470518 0.374376 0.659663 0.598791 -0.422562 0.256103 -0.590359 -0.483619 0.200281 0.070218 0.606045 0.562585 -0.105071 0.466715 0.377679 -0.526265 0.049404
VERTEX_POSE A2869 -0.088938 -0.507894 0.734599 0.995233 -0.581038 -0.328141 0.738515 -0.018670 0.507992 0.032345 -0.001406 -0.364836 -0.497770 0.641065 -0.572391 -0.314974 -0.670543 -0.416570 0.326444 0.372905
VERTEX_POSE A2870 0.689027 0.471080 0.762515 0.145187 -0.009721 -0.586720 0.027657 0.076475 0.234530 0.547556 -0.498881 0.701022 0.185563 0.189755 0.177751 -0.695678 -0.659400 -0.278799 0.425461 -0.523883
VERTEX_POSE A2871 0.109469 -0.251457 0.306330 0.785547 0.889407 0.194297 -0.079855 0.676398 -0.653543 0.266801 -0.356449 0.014158 -0.637688 -0.019899 0.075241 -0.633199 -0.457963 -0.727508 -0.338900 0.453105
VERTEX_POSE A2872 0.254678 0.571636 -0.868294 -0.125653 0.204048 -0.006518 0.469538 -0.229843 -0.849847 0.039054 0.495001 0.236124 0.530160 0.198250 -0.057097 -0.651312 -0.289693 -0.467657 0.269687 -0.760869
VERTEX_POSE A2873 0.533245 -0.297788 -0.056816 0.523214 0.890619 -0.477723 -0.120312 -0.510786 -0.606564 -0.410210 0.031194 0.342071 -0.563793 0.464531 0.486061 -0.475358 -0.688916 -0.224929 -0.522901 0.218474
VERTEX_POSE A2874 -0.361741 0.282080 -0.678927 0.939268 0.176301 -0.519409 0.186768 -0.304109 -0.215141 -0.225269 0.580200 -0.379506 -0.694116 -0.519811 -0.192830 0.645211 -0.351786 0.709028 -0.127584 -0.420629
VERTEX_POSE A2875 -0.017731 0.557760 0.858933 -0.019477 -0.291922 0.276395 0.822249 0.460209 -0.181720 -0.311382 0.358629 -0.406295 -0.115376 0.400251 -0.659275 0.141770 0.349751 0.539319 -0.439928 0.614057
VERTEX_POSE A2876 -0.881919 0.452661 -0.487566 0.979411 0.937387 0.454527 -0.107955 -0.065167 0.366690 -0.294898 0.461531 0.354356 -0.739228 -0.361398 -0.435809 -0.214267 -0.638443 0.586043 0.555889 -0.494494
VERTEX_POSE A2877 -0.061654 0.297839 -0.729517 0.110302 0.530384 0.242610 -0.528506 -0.134638 0.286993 -0.551697 -0.558706 -0.428792 -0.055317 -0.121446 -0.760292 -0.084845 -0.458400 0.311237 0.637224 -0.666963
VERTEX_POSE A2878 -0.739353 0.775983 0.480135 0.199936 -0.441143 -0.322282 0.691284 0.115233 -0.123541 0.576500 -0.151773 0.768551 0.305202 0.557721 -0.392812 0.118399 0.370823 0.368647 0.287416 -0.717721
VERTEX_POSE A2879 0.202849 -0.381636 0.245259 0.293691 -0.001965 -0.041431 -0.069868 -0.455729 0.631288 0.273772 0.616898 0.456900 0.487810 -0.483485 -0.533197 0.269193 0.410679 -0.326653 0.780861 -0.096603
VERTEX_POSE A2880 -0.871583 0.394410 0.600430 0.300863 -0.190088 -0.604750 -0.075073 0.085410 -0.538639 -0.583439 0.094765 0.274251 0.126597 0.710331 -0.016063 -0.220420 0.674213 0.518337 -0.767692 -0.156815
VERTEX_POSE A2881 0.902634 0.233306 0.871955 -0.969897 0.792696 0.104946 -0.439539 0.592580 -0.155310 -0.215788 -0.043716 -0.524174 0.607003 0.591046 -0.251153 0.339954 -0.528143 -0.791851 -0.525565 -0.136627
VERTEX_POSE A2882 -0.930412 0.551461 -0.281572 -0.856164 0.350663 0.090308 0.225513 0.498965 0.119908 0.373944 0.360468 0.635717 -0.322946 0.541466 0.320897 -0.663410 -0.278826 0.685825 0.514686 -0.500168
VERTEX_POSE A2883 0.644091 -0.843055 0.104007 0.036709 -0.681004 0.384614 0.333692 -0.180699 -0.187651 0.505661 0.797323 0.075596 -0.320590 0.471457 -0.527885 0.595891 -0.330453 0.729714 0.418441 0.012383
VERTEX_POSE A2884 0.446513 0.498026 -0.322610 -0.691640 -0.790663 0.666876 0.168798 0.682657 0.481806 -0.370026 -0.096058 -0.507244 -0.112113 0.660748 0.151837 -0.709963 -0.110777 0.206854 0.563889 -0.275487
VERTEX_POSE A2885 0.596912 -0.927632 0.162340 -0.055952 -0.048611 -0.325286 0.176107 0.632866 0.074551 0.264108 0.189064 -0.299984 0.067364 -0.741056 0.283579 -0.874374 0.098950 -0.847481 -0.360785 0.069143
VERTEX_POSE A2886 0.653287 -0.810168 0.783773 0.446349 -0.469608 0.261468 -0.235530 -0.300821 -0.242367 -0.280633 -0.573369 -0.640326 -0.226305 -0.384729 -0.023171 -0.866602 0.494206 0.679955 -0.252106 -0.434163
VERTEX_POSE A2887 -0.860921 0.573683 -0.477981 0.499009 0.104312 -0.477552 -0.525506 0.449111 -0.660036 -0.111564 -0.243972 -0.515146 0.481424 0.250942 0.249659 -0.488894 0.485582 -0.092691 -0.490520 -0.663337
VERTEX_POSE A2888 -0.492955 -0.506982 0.816260 -0.605580 -0.210511 0.152726 -0.737471 -0.139304 -0.308857 -0.370026 -0.673301 0.478705 0.483619 -0.657247 -0.780829 0.267885 -0.220777 -0.205987 0.116476 0.215740
VERTEX_POSE A2889 -0.174425 0.076073 0.957068 -0.812626 0.342486 -0.487296 0.549479 0.597504 0.448528 -0.308222 0.581387 0.603537 0.127859 0.298363 0.376233 0.524019 -0.455505 0.235704 0.558684 0.092048
VERTEX_POSE A2890 -0.869282 -0.460065 -0.143520 -0.561809 -0.799437 -0.497477 0.472947 -0.261277 -0.109832 -0.353238 -0.813089 0.613198 0.565215 -0.456188 0.015771 -0.526175 -0.226405 -0.603484 0.234980 -0.106088
VERTEX_POSE A2891 0.934969 0.892414 0.779619 0.638659 0.324861 0.911389 0.092684 -0.151197 -0.162833 0.514475 -0.076324 0.291472 -0.398408 0.628290 0.173497 -0.056886 -0.672226 0.166728 0.751506 0.353099
VERTEX_POSE A2892 -0.147889 -0.837664 -0.575550 0.895377 -0.956825 0.367492 0.637463 -0.222506 -0.043726 -0.289328 -0.920734 0.613111 -0.573714 0.252506 0.170974 -0.348854 -0.148711 0.676683 0.243070 -0.129868
VERTEX_POSE A2893 -0.420918 -0.331364 0.549055 -0.426243 -0.595182 0.467373 0.500403 -0.486758 0.250739 0.579743 0.595697 -0.204113 0.448770 0.270673 0.571248 -0.026903 -0.287325 -0.592205 0.459757 -0.502386
VERTEX_POSE A2894 0.655851 0.629227 0.843252 0.557133 0.876838 -0.676915 0.309652 0.430567 0.102338 -0.216761 -0.519560 -0.361466 0.560772 -0.521158 -0.631713 -0.701925 -0.217305 0.039923 -0.223530 0.475229
VERTEX_POSE A2895 0.178888 -0.713963 -0.706627 0.806843 0.861799 -0.487451 -0.607064 -0.185158 -0.614978 0.367146 0.681799 0.406755 -0.368211 0.640061 0.007831 0.579051 -0.261359 -0.467635 -0.160617 -0.151260
VERTEX_POSE A2896 -0.180279 0.821843 0.417251 -0.097676 0.888847 0.470354 0.078980 0.367692 0.306433 -0.615274 -0.589536 -0.605370 -0.444844 -0.070233 -0.559716 0.129821 0.151539 0.071490 -0.632820 0.699538
VERTEX_POSE A2897 0.033950 -0.537946 0.714702 -0.501188 0.401263 -0.385037 0.419250 0.561534 0.152362 -0.701863 -0.102523 -0.513325 0.039510 -0.541699 -0.527641 -0.573897 0.480458 0.535373 -0.026460 0.387158
VERTEX_POSE A2898 -0.869344 -0.270003 0.759125 0.906277 0.523753 0.388682 -0.320424 -0.591556 0.463991 -0.021324 0.612688 0.353196 -0.324822 0.430040 0.324655 -0.569555 -0.201431 0.635209 0.683353 -0.221735
VERTEX_POSE A2899 0.810585 -0.977752 -0.577779 -0.627157 0.263222 -0.386750 -0.107375 -0.555959 0.502050 -0.501999 -0.483736 0.556373 0.751013 -0.308740 -0.537325 0.388614 -0.362535 -0.010043 -0.146376 -0.479747
VERTEX_POSE A2900 0.945012 -0.045840 0.449300 -0.505955 0.820225 -0.274825 0.471733 0.667480 0.430111 0.409674 -0.024349 -0.248097 0.724376 -0.586219 -0.564087 -0.287376 -0.371563 -0.599775 0.048270 0.268635
VERTEX_POSE A2901 0.819683 -0.798923 0.521640 0.051464 -0.485968 0.060521 0.257057 -0.264205 0.799059 -0.390743 -0.440901 -0.189544 0.273980 -0.370629 0.553214 0.471780 0.638282 -0.125976 -0.695414 0.437073
VERTEX_POSE A2902 -0.079945 -0.229209 0.728551 -0.841611 0.152630 -0.661895 0.115566 -0.275940 -0.449912 0.638424 -0.152541 -0.214170 -0.301392 0.148826 0.396331 0.059942 -0.878802 -0.395634 -0.696153 -0.325800
VERTEX_POSE A2903 0.199690 -0.474204 0.581006 0.368392 0.024272 -0.188635 -0.535706 -0.343844 -0.557781 0.388138 -0.525376 0.185255 0.516390 -0.479980 -0.784193 0.018707 0.381747 -0.063389 -0.543469 -0.479208
VERTEX_POSE A2904 0.352929 -0.096711 -0.535176 -0.425322 -0.595349 -0.485028 -0.102343 0.590567 -0.599470 -0.680201 -0.325883 -0.412858 0.483308 -0.525481 -0.156669 0.076230 0.508694 -0.458678 0.536147 0.100655
VERTEX_POSE A2905 0.558314 -0.947130 -0.950376 -0.902343 -0.671070 -0.553247 -0.240462 0.530438 -0.323436 -0.457657 -0.347722 -0.244462 0.608512 -0.545427 0.422346 0.361852 0.481021 -0.592595 0.481149 0.262399
VERTEX_POSE A2906 -0.818041 -0.916444 0.439939 -0.651086 0.732350 -0.029157 -0.359243 0.177875 0.744239 0.002984 -0.361555 -0.459638 0.689459 -0.232586 -0.481960 -0.625773 -0.275169 -0.041296 -0.063168 -0.841323
VERTEX_POSE A2907 0.471010 -0.644050 -0.022742 -0.445912 -0.657962 -0.497932 -0.091869 -0.218537 -0.581622 -0.475922 -0.364046 0.092968 -0.533368 0.652558 0.325136 -0.687310 -0.144740 -0.547196 0.090454 0.610679
VERTEX_POSE A2908 -0.503341 0.350709 -0.679893 0.207959 0.859314 -0.516713 -0.239201 0.241365 0.290123 -0.548604 0.404762 0.104999 0.362925 -0.559764 -0.106287 0.708277 0.659533 -0.791527 -0.091897 -0.172022
VERTEX_POSE A2909 -0.557394 0.859539 -0.079926 0.548850 -0.708794 -0.166979 0.061585 -0.371191 -0.148703 -0.502571 0.457822 -0.205147 0.313973 -0.585343 0.832235 0.391075 0.160316 -0.464010 0.701507 0.533187
VERTEX_POSE A2910 -0.326141 -0.025687 -0.777483 0.847779 0.340073 -0.447296 0.169853 0.692025 -0.469526 0.503810 0.129813 0.186250 -0.512773 0.556949 -0.714682 -0.438903 -0.412884 0.184423 0.511619 -0.153574
VERTEX_POSE A2911 -0.374924 -0.254881 0.920537 -0.491178 -0.330774 0.073951 -0.835161 0.246703 0.488872 0.427100 -0.084449 0.772800 -0.204601 0.094935 -0.012793 0.277269 0.955938 -0.397684 -0.036780 0.095793
VERTEX_POSE A2912 -0.654760 0.092845 -0.207971 0.578953 -0.916097 0.286359 -0.330533 -0.616881 0.360273 0.840251 -0.391142 -0.344979 0.422836 0.395991 0.024754 -0.014721 0.054331 0.817667 -0.075624 0.553809
VERTEX_POSE A2913 -0.256554 -0.474225 -0.059055 0.991616 -0.309264 -0.524277 -0.071740 -0.312724 -0.332263 -0.617832 0.705644 0.446218 0.057927 0.145770 0.429991 0.213954 0.466726 -0.480346 0.751002 0.406434
VERTEX_POSE A2914 -0.730833 -0.097937 0.024545 0.545531 -0.011778 -0.333323 0.381302 0.045864 0.004299 -0.129568 0.836505 0.905542 0.326574 0.126844 0.260925 -0.697385 -0.352680 -0.028076 -0.494798 0.397094
VERTEX_POSE A2915 0.791753 -0.409129 0.469419 0.887313 -0.706761 -0.200007 0.319825 0.561097 0.508943 0.530255 0.490322 0.598517 -0.158031 -0.176117 0.017258 0.739332 -0.642238 0.585196 -0.212026 -0.035594
VERTEX_POSE A2916 -0.659641 -0.401858 -0.896715 -0.064336 0.642125 -0.190329 -0.604267 -0.675432 -0.577891 0.388714 0.156926 0.662297 0.270706 -0.075356 -0.355702 0.490497 -0.438816 0.254275 0.412182 -0.566506
VERTEX_POSE A2917 0.922455 0.091895 -0.191683 -0.008119 0.518614 -0.774136 -0.312955 0.066612 -0.107329 0.539288 0.638907 -0.302513 -0.370697 -0.160176 0.163546 0.240069 -0.664550 0.520512 -0.645118 0.346522
VERTEX_POSE A2918 0.930833 -0.835446 0.991438 0.386322 0.397551 -0.326151 0.218673 0.569509 0.551464 0.353244 0.655974 -0.511818 0.534306 -0.055751 -0.102402 0.629935 -0.269022 -0.563090 -0.380921 0.412160
VERTEX_POSE A2919 -0.152596 0.091160 0.919546 0.330083 -0.568387 -0.390051 0.655813 0.055346 0.153812 0.264189 -0.517470 -0.446028 0.026507 0.677562 -0.424797 0.390449 -0.357641 0.666940 0.589033 0.377047
VERTEX_POSE A2920 -0.251970 -0.832032 -0.234615 0.179254 -0.138900 -0.209364 -0.109989 0.528457 -0.288151 -0.536436 0.567973 -0.448171 -0.587281 -0.507739 0.451698 -0.510919 -0.277596 0.684286 -0.306924 0.251558
VERTEX_POSE A2921 -0.938449 -0.295511 -0.152082 0.824513 0.598114 -0.109702 0.560093 -0.523368 0.614803 0.581541 0.056609 -0.706336 0.516092 0.419743 0.320873 0.251493 0.478310 -0.090070 0.136037 -0.563841
VERTEX_POSE A2922 -0.217628 -0.016426 0.699165 -0.031258 0.756475 0.574093 0.577201 -0.572714 -0.019793 0.412038 0.459837 0.370066 -0.591445 -0.106319 0.424629 -0.372826 -0.046826 0.593942 0.090876 0.668619
VERTEX_POSE A2923 0.600141 -0.669696 0.189836 0.074632 -0.095725 0.467030 -0.483700 0.244927 0.559842 -0.195698 -0.655691 0.668736 0.543504 0.440346 0.043812 0.542057 -0.547542 -0.139039 0.372173 0.127957
VERTEX_POSE A2924 -0.359367 0.373125 -0.603027 -0.601730 -0.997068 -0.635723 0.222742 -0.146370 0.086090 0.340237 -0.015168 -0.456579 0.519443 0.543214 -0.514777 -0.202074 -0.644508 -0.339093 -0.723857 0.517565
VERTEX_POSE A2925 -0.561777 -0.387200 0.542417 -0.474126 0.633313 0.320995 0.744724 -0.448148 -0.283462 -0.049185 -0.431187 0.605617 -0.023513 -0.238884 0.357751 0.285384 0.727192 0.567322 -0.600808 -0.165432
VERTEX_POSE A2926 -0.220970 -0.383659 0.483209 -0.118525 -0.233926 0.403774 -0.319424 -0.082492 -0.503512 0.343026 -0.734832 -0.626666 -0.312018 0.399976 0.279284 0.762683 0.261807 -0.335757 0.318216 0.474019
VERTEX_POSE A2927 0.460354 0.194968 0.814224 0.300594 0.891779 0.514590 -0.139482 0.384431 -0.506132 0.629947 0.558172 0.268883 0.627848 -0.455737 0.533360 0.434414 0.010309 -0.349652 0.028326 -0.576935
VERTEX_POSE A2928 0.472173 0.074854 0.257118 0.024686 0.034575 -0.094668 0.218926 -0.398537 0.815799 0.450597 -0.210901 -0.281970 0.268258 -0.733900 -0.469853 0.321098 -0.017132 0.158871 -0.757606 -0.507727
VERTEX_POSE A2929 -0.090314 0.346338 0.242334 -0.212248 -0.710174 -0.548657 0.441913 -0.447350 0.499215 -0.496902 -0.548423 -0.243466 -0.268000 -0.085387 -0.534281 -0.503528 -0.373986 0.324081 0.482117 -0.593256
VERTEX_POSE A2930 0.270940 0.217216 -0.763555 0.673437 0.155002 -0.192673 -0.338998 0.594076 0.649867 -0.203658 -0.483376 -0.457277 -0.053654 -0.154283 -0.528763 0.293703 -0.550087 0.227722 0.868599 0.294995
VERTEX_POSE A2931 0.417184 -0.970986 -0.293581 0.518731 -0.145200 -0.232253 0.088165 0.197532 0.720943 -0.337876 -0.383024 -0.223992 0.580366 -0.264909 0.007785 0.366439 -0.743267 -0.613243 -0.637938 -0.437779
VERTEX_POSE A2932 -0.270631 0.547414 -0.236026 0.839216 -0.196142 -0.042380 -0.232313 -0.252387 0.168017 0.263428 -0.750812 0.707068 0.424992 -0.120435 -0.437219 -0.174355 -0.588662 -0.528080 0.815854 0.107494
VERTEX_POSE A2933 -0.809005 0.988007 0.964996 0.831826 -0.692369 0.431571 -0.407057 -0.149078 -0.327466 -0.280170 -0.333753 -0.471963 -0.313220 -0.623632 0.382314 0.622623 -0.676969 0.581033 -0.519657 -0.138498
VERTEX_POSE A2934 -0.383126 -0.445189 -0.712575 -0.112877 0.879072 0.302659 -0.318311 0.797285 -0.230287 0.596615 0.527203 -0.703364 0.209081 0.151296 0.596973 0.664194 -0.049618 0.065324 -0.240543 0.247066
VERTEX_POSE A2935 -0.917703 -0.549297 0.228797 -0.586107 0.208509 0.610410 -0.410800 0.653558 0.376106 0.072406 -0.079453 0.419214 -0.038733 -0.548397 0.346277 -0.358544 -0.508564 -0.436229 -0.834234 -0.084690
VERTEX_POSE A2936 0.749308 -0.959123 -0.985379 0.929483 -0.363438 -0.580566 0.137893 -0.717908 -0.339847 0.607929 0.583601 -0.445777 0.289874 0.041687 0.587879 0.717866 -0.352714 -0.055933 0.109775 -0.133693
VERTEX_POSE A2937 -0.201167 -0.361634 0.727364 0.236037 0.611422 -0.157964 -0.055450 -0.065982 -0.454996 -0.605189 0.039434 0.790417 -0.425932 -0.387392 0.358689 0.340951 0.658895 0.120869 -0.577066 0.640216
VERTEX_POSE A2938 0.553307 -0.193347 -0.793945 -0.032019 0.550547 -0.366603 0.286479 -0.270647 -0.198125 0.676039 -0.486291 -0.664341 -0.213981 -0.081156 -0.605673 -0.016533 0.549394 0.134757 0.644081 0.617941
VERTEX_POSE A2939 -0.754033 0.391586 -0.665272 0.137442 -0.504124 -0.227986 0.422941 -0.464527 0.028853 0.419142 -0.426856 -0.605949 0.362553 -0.040629 0.394572 0.716180 0.568882 -0.651405 -0.032906 0.526053
VERTEX_POSE A2940 0.241439 -0.502095 -0.352562 -0.215113 0.902628 0.145797 -0.310024 0.019850 0.389758 0.211609 0.132863 -0.077290 -0.444822 -0.843176 0.664257 -0.608359 0.245420 -0.616134 -0.539574 0.459105
VERTEX_POSE A2941 -0.772834 0.780966 -0.571428 -0.184240 -0.109380 -0.161219 0.164694 -0.475980 -0.742750 0.239566 0.605409 0.515023 0.085811 0.473693 -0.396332 -0.400748 -0.326581 -0.001695 -0.864594 0.275469
VERTEX_POSE A2942 -0.128957 -0.863295 -0.744735 0.646265 0.165102 0.572071 -0.513539 0.081528 -0.491677 -0.636148 -0.440494 -0.358223 -0.446190 0.407820 -0.496584 0.222899 0.522126 0.236789 -0.287793 0.600321
VERTEX_POSE A2943 0.586679 0.590750 0.439467 -0.636159 0.986531 -0.494015 0.787329 0.329478 -0.075342 0.000463 0.337263 0.646301 0.056490 0.708242 -0.172162 -0.127303 -0.089510 -0.550388 -0.600597 0.517764
VERTEX_POSE A2944 -0.029388 -0.693259 0.369517 -0.192624 0.581356 0.339020 -0.126904 -0.637113 0.346770 0.499886 0.331623 0.808870 0.071356 0.220950 0.326608 -0.675285 -0.114141 0.062237 0.522405 -0.649820
VERTEX_POSE A2945 0.140210 0.038768 0.279809 0.191796 -0.846676 0.148227 -0.357185 -0.323046 0.123514 0.114534 -0.507572 -0.239993 0.308671 -0.764871 -0.948370 -0.049112 0.093800 -0.075971 -0.872703 -0.210206
VERTEX_POSE A2946 0.378432 -0.818379 -0.091114 -0.748846 -0.720230 -0.219148 -0.069722 -0.514978 -0.605697 0.439272 -0.360849 0.293440 0.413987 0.424975 -0.318276 -0.772427 0.215999 0.630634 -0.184797 -0.614269
VERTEX_POSE A2947 0.310971 -0.095117 0.472802 0.743040 0.223480 -0.126471 0.795586 0.475182 0.819373 0.341413 -0.434452 -0.346720 0.043028 -0.351866 -0.121940 0.420466 -0.080261 -0.421365 0.268025 -0.674687
VERTEX_POSE A2948 0.062665 -0.869336 -0.911873 -0.816323 0.671938 0.643295 0.504781 -0.124809 -0.204760 0.565711 -0.548551 0.541392 0.144174 0.512814 -0.441792 0.635361 0.451880 -0.236559 0.026405 0.465125
VERTEX_POSE A2949 0.309265 -0.653826 -0.099676 0.637476 0.677321 -0.122087 -0.575300 -0.659121 0.125276 -0.484890 0.575205 0.583083 0.501153 -0.107390 0.613365 -0.417874 0.203254 -0.503187 0.090217 0.426443
VERTEX_POSE A2950 -0.841625 0.996043 0.392348 0.073123 0.655094 -0.038200 0.454376 -0.212549 0.526715 -0.523622 -0.272666 -0.475368 -0.645576 0.406538 0.611109 0.141545 0.755213 -0.348831 0.287330 0.380599
VERTEX_POSE A2951 0.810695 -0.701369 -0.146488 0.362931 -0.466962 0.021837 -0.718632 0.693477 -0.012488 -0.525985 -0.531185 0.210737 -0.378342 -0.374594 -0.230926 -0.250394 -0.310448 0.949542 0.032681 -0.015298
VERTEX_POSE A2952 0.370816 0.050663 0.748242 0.461989 0.275436 0.605966 0.312481 -0.385945 -0.792249 0.230627 -0.334484 0.054740 0.135981 0.144973 -0.043983 0.559788 0.770722 0.014652 0.719245 -0.352332
VERTEX_POSE A2953 -0.059253 -0.020384 0.091513 -0.958136 0.411569 -0.460152 -0.395083 0.783916 0.103470 0.508669 0.344533 -0.645616 -0.209885 -0.391318 -0.599695 0.637203 -0.103023 -0.033172 -0.367540 -0.320981
VERTEX_POSE A2954 0.410836 -0.371065 -0.956652 -0.562437 0.437313 -0.593967 0.565150 -0.376780 -0.214564 0.255243 0.131549 -0.647583 -0.592336 0.403443 0.422042 0.089099 0.267624 -0.060686 0.506612 0.778681
VERTEX_POSE A2955 -0.988551 -0.576212 -0.854785 0.860259 0.278368 -0.174452 -0.047878 0.466328 -0.635018 -0.280450 -0.485292 0.250412 0.619066 0.107323 -0.695354 0.361284 0.477830 0.141756 -0.636621 0.554248
VERTEX_POSE A2956 0.378970 0.592417 -0.366070 -0.432262 0.044881 -0.219085 0.607121 -0.448181 -0.363868 0.171815 0.613558 0.633451 -0.262308 -0.278967 0.544405 0.217210 0.585262 0.349234 0.697064 -0.048229
VERTEX_POSE A2957 -0.810135 0.245276 0.526557 0.319038 -0.796614 0.546549 -0.551233 -0.427985 -0.144121 -0.427001 0.690480 0.266219 0.472433 0.386712 0.044103 -0.509882 0.337699 -0.779548 -0.175041 -0.276550
VERTEX_POSE A2958 0.471804 0.618756 0.959439 0.160854 0.170147 -0.256394 0.563692 -0.702626 0.159742 0.822082 0.511900 -0.666465 0.046776 -0.003912 0.406201 0.040626 0.014428 -0.547329 -0.050935 0.494015
VERTEX_POSE A2959 -0.148858 -0.332729 0.891048 0.592424 -0.920543 -0.112355 -0.845581 -0.325142 0.191847 0.314448 -0.528279 0.620003 0.130319 -0.478999 0.410381 0.051633 0.591771 -0.630678 0.408003 -0.188602
VERTEX_POSE A2960 0.099551 -0.408386 -0.231109 -0.893210 -0.506787 0.166498 0.097779 -0.521372 -0.724694 0.280115 -0.571550 -0.495684 -0.819255 0.103568 0.212129 -0.193277 -0.388827 0.395469 -0.451044 -0.489478
VERTEX_POSE A2961 -0.257256 -0.164028 -0.804116 -0.165709 -0.674851 0.361317 -0.205531 -0.625842 0.234781 -0.536214 -0.417729 -0.692992 -0.271109 -0.166961 -0.557684 -0.223447 -0.210006 -0.151915 0.739461 -0.601536
VERTEX_POSE A2962 -0.731673 -0.303715 -0.402533 0.111155 -0.065743 0.323341 -0.421757 -0.284439 0.680088 -0.374576 0.568800 0.036613 -0.376217 -0.447468 0.028101 -0.373811 -0.482084 0.656355 0.632882 -0.403643
VERTEX_POSE A2963 0.828920 -0.860972 0.532864 0.946005 0.297071 0.530555 0.350020 -0.259445 -0.205294 0.710852 0.200853 -0.562733 -0.410380 -0.105346 -0.035475 0.032342 -0.927512 0.598698 -0.450242 0.144812
VERTEX_POSE A2964 -0.066262 -0.176021 -0.839119 -0.333883 -0.367220 0.435261 0.378248 -0.607723 -0.570479 -0.426870 -0.445337 -0.342143 0.031510 0.443021 0.520406 -0.816109 0.020518 -0.311799 -0.087658 -0.485447
VERTEX_POSE A2965 -0.114799 0.251096 -0.115108 0.998278 -0.186671 -0.256897 -0.418781 0.391605 0.515755 -0.509859 0.528385 -0.755132 -0.132252 0.114177 0.180813 -0.483213 -0.723314 -0.255115 -0.560072 -0.176735
VERTEX_POSE A2966 0.911217 -0.410269 -0.238338 -0.640102 -0.494420 -0.558742 0.255164 -0.373973 0.661956 0.357153 -0.471807 -0.279984 -0.621566 -0.429459 -0.262888 0.377460 0.544797 -0.319564 0.527743 -0.395353
VERTEX_POSE A2967 -0.316954 -0.135144 -0.824498 -0.404400 0.269342 -0.474322 0.165817 -0.432286 0.598425 0.561167 0.262112 0.100554 0.274660 -0.722725 0.612716 -0.257120 -0.471262 0.177128 -0.718364 -0.002678
VERTEX_POSE A2968 0.684034 0.889462 -0.387744 0.234315 -0.575249 0.030367 0.511253 -0.204403 0.752758 -0.088981 -0.417240 0.067935 0.605451 0.595150 -0.328892 -0.529356 0.214324 0.565374 -0.289678 0.619671
VERTEX_POSE A2969 0.464524 0.396384 -0.032283 0.327879 -0.943873 0.015067 -0.636785 -0.676628 0.262586 0.539949 -0.553790 -0.749231 -0.185631 -0.139681 -0.604259 0.472205 -0.132914 -0.065919 -0.213362 0.445325
VERTEX_POSE A2970 -0.070987 -0.743558 -0.489771 0.733042 0.765218 0.164849 0.390730 0.396023 0.154296 -0.573396 0.707015 -0.091367 -0.642606 -0.106037 0.840773 -0.191990 -0.435752 0.483497 0.262191 0.377058
VERTEX_POSE A2971 -0.074527 -0.612633 0.259694 -0.980798 -0.672620 0.726176 0.555234 -0.394419 0.269315 -0.219907 0.389331 0.269293 0.077356 0.532599 -0.230909 0.697050 0.555254 0.523737 -0.389222 0.317627
VERTEX_POSE A2972 0.691690 0.177350 0.396289 -0.856360 -0.053253 -0.602172 0.321593 -0.348153 -0.617440 -0.077739 -0.260256 -0.072518 -0.633087 -0.414474 0.476413 -0.017788 -0.754997 -0.154691 -0.699585 0.263150
VERTEX_POSE A2973 0.800056 -0.606853 -0.234506 0.379307 -0.069680 -0.259572 -0.181795 0.441655 0.450548 -0.113257 -0.672780 -0.705215 -0.541409 -0.446524 0.434780 -0.614855 0.051112 0.208004 -0.531934 0.387701
VERTEX_POSE A2974 -0.487848 0.978117 -0.300838 -0.616957 -0.686089 0.606733 -0.721529 -0.173424 0.118580 0.002826 -0.278707 -0.035943 -0.204754 0.905756 0.411101 0.602637 -0.019504 -0.668967 -0.272564 -0.267344
VERTEX_POSE A2975 -0.337697 0.484091 -0.234194 -0.048984 -0.471897 0.768597 0.008764 0.096631 0.409017 -0.757174 0.091802 -0.094983 -0.296801 -0.688428 -0.470989 -0.529342 0.491776 -0.105412 -0.241489 -0.516195
VERTEX_POSE A2976 -0.059734 0.431916 -0.954696 -0.428898 0.083643 0.596804 -0.157682 0.318933 0.214488 -0.786241 -0.467561 0.501494 0.586139 -0.402342 0.452408 -0.106577 0.589833 0.376364 0.045210 -0.412174
VERTEX_POSE A2977 0.890584 -0.840262 0.608047 -0.365803 -0.406319 0.362597 0.307421 -0.422377 0.016504 0.693699 -0.424557 -0.681901 0.528012 0.319455 -0.125585 -0.149993 -0.539319 -0.622487 -0.350685 -0.498431
VERTEX_POSE A2978 0.973274 -0.611026 -0.761391 -0.305945 0.751583 -0.042486 -0.303754 0.867423 -0.618165 0.256007 0.065697 -0.775472 -0.223883 -0.169774 0.083352 0.463789 -0.218655 0.088105 -0.759585 -0.408202
VERTEX_POSE A2979 -0.997069 0.562579 -0.866570 -0.245221 -0.244419 0.124144 0.182280 -0.481235 0.486838 0.770027 0.276106 0.675973 -0.206500 -0.578559 -0.523304 0.541272 -0.542338 0.129580 0.195486 0.251630
VERTEX_POSE A2980 0.199849 -0.494088 -0.491629 -0.728327 -0.728998 0.735684 0.183876 -0.586105 0.347424 -0.161501 0.675893 -0.510796 0.131440 -0.342453 0.019882 0.954104 0.281249 -0.277051 0.111878 -0.057217
VERTEX_POSE A2981 -0.868351 -0.614983 0.630957 0.767178 0.406677 0.411097 -0.418457 0.552153 0.132701 -0.405516 -0.508685 -0.127064 -0.532205 0.442041 0.314611 0.612777 0.405684 -0.835622 0.041373 0.276382
VERTEX_POSE A2982 0.813626 0.861211 -0.013058 -0.882290 0.288619 0.654046 -0.478718 -0.373144 -0.132982 -0.624555 -0.085059 0.048120 -0.512386 0.601434 0.221282 0.128077 -0.534495 0.709407 0.319089 0.454005
VERTEX_POSE A2983 -0.429335 0.556576 -0.743387 0.733662 0.546438 0.803420 0.370145 0.240421 0.110620 -0.673595 0.599428 -0.008615 0.295673 0.623015 0.553560 -0.493576 -0.385869 -0.189149 -0.279685 0.214109
VERTEX_POSE A2984 0.072396 0.364633 -0.277530 0.809042 -0.181755 0.483567 -0.257560 0.545041 0.177528 0.076788 -0.086746 0.682587 -0.415460 -0.134157 -0.290498 -0.773933 -0.464819 -0.429339 -0.395205 0.679228
VERTEX_POSE A2985 0.224462 -0.509854 0.030290 -0.444727 -0.274068 -0.181329 -0.028263 -0.758967 -0.625183 -0.370903 0.372223 0.392838 0.429401 0.441155 0.589622 -0.342052 -0.225207 -0.272561 0.748497 -0.200210
VERTEX_POSE A2986 -0.417886 0.980364 -0.598172 0.593922 -0.175194 0.625231 -0.588048 0.108004 0.406289 0.651840 -0.089797 0.601234 0.006379 0.173838 0.154563 0.465626 0.465046 0.242163 0.111604 -0.856612
VERTEX_POSE A2987 -0.548634 -0.042950 0.356399 -0.623220 0.863127 0.115123 0.922354 -0.267320 -0.695322 0.252114 0.096619 -0.643741 -0.040355 -0.212834 -0.196237 -0.284402 -0.610551 0.224417 -0.056467 -0.707908
VERTEX_POSE A2988 0.414327 0.735422 -0.443153 0.874310 -0.070682 0.267399 -0.307435 -0.003181 -0.420525 0.462405 -0.478599 0.620716 0.139564 0.310363 0.167760 -0.640690 -0.663185 0.581571 0.511569 -0.484555
VERTEX_POSE A2989 -0.946082 0.599120 -0.638733 -0.245225 0.994953 0.099840 0.846804 -0.357567 0.689110 0.141396 -0.124758 -0.486100 -0.141516 -0.775752 0.485065 -0.488335 -0.387209 -0.208754 0.066580 0.323821
VERTEX_POSE A2990 0.302508 0.624320 0.247447 0.969205 0.942584 0.538428 0.371061 0.200718 0.256359 -0.589952 0.633471 0.402436 0.058110 0.342609 -0.532049 0.533954 0.648901 0.446480 0.475170 -0.141326
VERTEX_POSE A2991 -0.486122 -0.672965 0.325737 0.981100 0.422531 -0.566672 -0.117094 0.296483 0.070292 0.404568 0.500729 0.556982 -0.606956 0.550911 -0.598500 -0.333852 0.350883 0.074234 0.585458 0.484507
VERTEX_POSE A2992 -0.203339 -0.564908 -0.442848 0.589066 -0.679898 0.398216 -0.104741 -0.364796 0.081033 -0.459695 -0.411571 0.130602 0.275123 -0.774975 0.414873 -0.721461 0.172675 0.803543 0.426042 0.259095
VERTEX_POSE A2993 0.570835 -0.679394 0.844914 0.080360 -0.123159 -0.604794 -0.356780 0.468242 -0.641984 -0.023267 -0.513851 0.028524 0.696587 0.398252 -0.465516 0.481075 0.206221 0.067547 -0.394334 0.561760
VERTEX_POSE A2994 -0.657202 -0.533937 -0.141398 0.927105 -0.280398 0.306825 -0.709156 -0.355579 -0.748615 -0.194201 0.376290 -0.392045 0.412028 -0.705201 -0.213925 -0.320438 0.228466 -0.382061 -0.432361 -0.427159
VERTEX_POSE A2995 0.730399 0.259070 -0.281967 -0.744818 -0.047117 -0.482013 -0.595745 0.602829 -0.016408 -0.235457 -0.422579 -0.061898 0.500297 0.149005 0.234984 -0.562364 -0.457690 -0.841633 0.151974 -0.475754
VERTEX_POSE A2996 -0.543964 0.571702 -0.270194 0.078638 0.690170 -0.405662 -0.207235 0.851044 -0.503498 -0.370405 -0.283476 -0.663249 0.520071 -0.056494 0.370594 0.323859 0.434273 -0.068471 0.666704 -0.059843
VERTEX_POSE A2997 -0.745985 0.055795 0.620263 -0.712997 0.225182 -0.433010 0.325952 0.540817 0.152918 -0.735071 0.531069 0.713646 0.513155 0.179146 0.495216 -0.273747 -0.175420 0.185980 0.123125 0.602176
VERTEX_POSE A2998 -0.586555 -0.876074 -0.106466 -0.149218 -0.777775 0.256667 -0.084825 -0.646429 -0.597669 -0.405689 0.325317 -0.027334 0.591647 -0.169961 -0.581185 0.615949 -0.051787 0.488252 0.314297 0.666880
VERTEX_POSE A2999 -0.859930 0.461164 0.342062 -0.687048 -0.885079 -0.482601 -0.425201 -0.553896 -0.110393 -0.380161 -0.379774 -0.526068 -0.433493 0.683976 -0.333236 0.225765 0.205983 -0.605900 0.660148 -0.196771
