VERTEX_POSE A0 -0.405861 -0.342200 -0.015945 -0.119117 0.784752 0.550333 0.552617 0.499436 -0.667050 -0.137213 0.672912 0.361749 -0.444296 0.367902 0.102096 -0.344131 -0.334114 -0.333006 0.599969 -0.225322
VERTEX_POSE A1 -0.122505 0.903304 0.561368 -0.638163 -0.370117 -0.445598 0.248760 -0.460705 0.447181 0.009207 -0.209900 0.509417 -0.422462 -0.615924 0.568452 0.693696 0.220292 -0.137217 0.527585 -0.561963
VERTEX_POSE A2 0.371206 0.715227 -0.210284 0.374020 -0.632271 -0.006343 -0.016603 -0.638358 -0.819811 0.525192 -0.168035 0.290306 0.459031 0.217119 0.159194 0.561554 0.422006 0.467172 0.444799 -0.582266
VERTEX_POSE A3 0.036574 0.762867 -0.531682 -0.071680 0.533494 -0.158006 -0.614670 0.495431 -0.052191 -0.242476 -0.094597 0.306320 0.428540 -0.282925 -0.657791 0.579412 0.448474 -0.667675 -0.209810 -0.681487
VERTEX_POSE A4 -0.977923 0.440506 -0.684076 0.681196 -0.916518 -0.430250 0.272204 -0.326405 -0.678269 -0.390295 -0.425714 -0.521996 0.213721 0.785858 0.212068 -0.661371 0.153593 0.193347 0.538969 -0.266578
VERTEX_POSE A5 0.802866 0.331635 -0.965921 -0.881441 0.116329 -0.405968 0.682040 -0.273178 -0.341882 -0.297321 0.581119 -0.580760 0.299786 0.416782 0.329395 0.463042 -0.017987 0.522037 0.377019 0.643151
VERTEX_POSE A6 -0.798395 -0.161043 -0.031506 -0.732728 -0.890306 -0.263493 0.410862 0.548725 0.464604 0.777092 -0.086332 -0.697829 0.039174 -0.099588 -0.449284 0.462004 -0.493449 0.160912 -0.111075 -0.661844
VERTEX_POSE A7 -0.014465 0.334093 0.783499 0.239227 0.584785 -0.596073 -0.119940 0.433425 -0.352034 0.129892 0.310656 0.081128 0.301799 -0.569944 -0.536265 -0.567775 -0.590973 -0.476032 0.745178 -0.203841
VERTEX_POSE A8 -0.342243 0.283264 -0.617756 -0.968426 0.025226 0.409110 0.405140 -0.607002 -0.427060 0.787541 0.177005 0.482393 0.455675 0.341796 -0.636703 0.083071 -0.353460 -0.110247 -0.033177 0.598715
VERTEX_POSE A9 0.823819 0.781983 -0.356837 -0.679713 0.059115 -0.674281 0.479390 0.419048 0.291830 0.255619 0.011659 0.418731 0.444421 0.600689 0.286682 0.655560 -0.544745 -0.450176 0.278522 -0.408274
VERTEX_POSE A10 -0.197175 -0.274738 -0.959719 0.131094 0.624115 -0.234429 0.596012 0.183781 0.430736 0.138992 0.570312 -0.412908 0.223894 -0.560116 -0.644852 -0.581492 0.427440 0.416152 -0.487021 -0.380177
VERTEX_POSE A11 0.428609 -0.622353 0.670265 0.175712 -0.068501 -0.314666 0.632163 -0.114464 0.394669 0.035533 -0.305947 0.568442 -0.387501 -0.226919 -0.474690 -0.622937 0.344432 -0.443581 -0.246779 -0.850394
VERTEX_POSE A12 -0.494590 -0.270623 -0.154732 0.025956 -0.244401 -0.286395 -0.608477 -0.617174 -0.474599 -0.262892 -0.067100 -0.248762 0.376032 -0.315121 -0.785798 0.342380 0.267174 0.115639 0.549563 -0.666266
VERTEX_POSE A13 0.066485 -0.982084 -0.411407 -0.075806 -0.347259 -0.356922 0.154486 -0.352383 -0.250072 0.558472 0.265863 0.650446 0.251444 -0.664928 0.510774 0.482853 0.524328 -0.355107 0.606525 -0.296806
VERTEX_POSE A14 -0.214009 -0.095371 -0.733949 -0.050880 -0.773820 -0.027450 0.672156 0.509926 0.247953 -0.706712 0.521716 -0.925544 -0.173179 0.123936 0.180615 0.019525 -0.521570 -0.220256 -0.135617 -0.424727
VERTEX_POSE A15 -0.065894 0.749773 0.929101 -0.804390 0.800649 0.446117 -0.642846 -0.105937 -0.197537 -0.508499 -0.657837 0.505097 0.440981 -0.388699 -0.465323 -0.240609 0.361873 0.538804 -0.275356 0.523439
VERTEX_POSE A16 0.767109 -0.526969 -0.940178 -0.294419 0.799809 0.741017 -0.427701 -0.493359 -0.410330 0.046641 -0.581176 0.174559 -0.234491 0.631374 0.142228 -0.211858 0.141958 0.481481 0.845592 -0.006833
VERTEX_POSE A17 -0.267187 -0.886769 -0.289403 0.666904 -0.718659 0.325958 -0.076117 0.518571 -0.278418 -0.825732 0.313910 -0.534198 -0.072711 0.231941 0.570421 0.012634 0.517347 0.453307 -0.554009 -0.557763
VERTEX_POSE A18 0.918795 0.599184 0.327492 0.030878 -0.163318 -0.031254 0.911051 0.051229 -0.213503 -0.322570 0.595059 -0.338205 -0.214983 -0.454704 0.819697 -0.080654 0.270085 -0.408844 0.114940 0.602975
VERTEX_POSE A19 -0.325923 -0.363206 0.414540 0.617854 -0.031349 0.354823 -0.516409 -0.155531 0.630929 0.422395 -0.539747 -0.287029 0.456309 -0.449844 -0.332018 -0.535655 -0.690818 -0.532360 0.244459 -0.069962
VERTEX_POSE A20 -0.549445 0.313970 0.266310 -0.242090 0.651967 0.349269 -0.401508 -0.154872 -0.200461 0.228434 -0.922465 -0.825062 -0.388342 0.170327 0.081804 -0.776138 -0.297266 -0.387824 0.182785 -0.087725
VERTEX_POSE A21 0.985371 -0.742207 -0.636865 -0.640540 0.309843 -0.282411 0.138457 -0.125918 -0.217302 0.092595 -0.111024 -0.051819 -0.699167 0.673948 -0.932913 -0.027199 0.023901 -0.003429 0.694753 0.719056
VERTEX_POSE A22 -0.017471 0.801971 0.645141 0.642877 0.968505 0.704193 0.352079 0.200019 0.146182 0.261594 0.722075 0.366095 -0.493214 0.171102 0.576909 -0.018952 -0.589843 0.126067 -0.750993 0.247808
VERTEX_POSE A23 0.019758 -0.415618 0.425287 -0.621927 -0.280197 -0.717288 -0.459672 -0.468231 -0.160673 -0.546144 0.811476 0.365705 -0.600411 -0.232491 0.569745 -0.339594 -0.200705 0.036503 -0.120875 -0.167131
VERTEX_POSE A24 0.411023 -0.216153 -0.780605 -0.093170 -0.713142 -0.059452 -0.163421 -0.339333 0.610761 -0.558732 0.026360 0.092478 -0.481955 0.615021 0.781452 0.441069 -0.176459 0.064937 0.484035 0.689035
VERTEX_POSE A25 -0.961721 0.391358 0.211137 -0.936457 -0.564943 -0.270874 -0.472575 0.007957 0.640982 -0.300953 -0.576862 0.009369 -0.588000 0.596098 0.413722 0.526552 0.479574 -0.586955 0.251195 -0.286083
VERTEX_POSE A26 -0.393255 -0.484306 -0.810431 0.101092 0.900314 0.638167 -0.518392 0.447886 0.029024 0.418260 0.699098 0.333563 0.393227 -0.407559 0.623489 0.493882 -0.093785 0.303147 -0.397217 -0.368456
VERTEX_POSE A27 0.967906 -0.923373 0.618052 0.516660 -0.559620 -0.568214 0.558461 -0.229673 -0.386448 -0.297490 0.821839 -0.008807 0.662082 0.311028 -0.277342 0.150582 0.202284 -0.671413 -0.372281 -0.366297
VERTEX_POSE A28 -0.083218 -0.855349 -0.206598 0.600093 0.592185 -0.230592 -0.540029 -0.499915 -0.685373 0.087393 -0.203491 -0.075436 -0.803891 0.494792 -0.103403 -0.116466 -0.548408 -0.678756 0.202303 0.403864
VERTEX_POSE A29 -0.756462 -0.070166 0.157479 -0.636761 0.694874 0.216815 -0.720534 -0.384793 0.292824 -0.263312 -0.295947 0.465619 -0.101592 0.755465 0.597616 0.613230 -0.420742 0.541571 -0.158514 0.128832
VERTEX_POSE A30 0.677812 -0.628483 -0.093454 0.843851 -0.561810 -0.248867 0.459426 0.151346 -0.460095 0.431555 -0.434080 0.642680 0.012438 -0.686397 -0.509465 -0.724868 -0.344964 -0.231917 0.277669 -0.445564
VERTEX_POSE A31 0.510921 -0.197549 0.777457 -0.519024 0.376938 0.308724 -0.617519 -0.679285 -0.810786 -0.356637 -0.046521 0.211711 0.474557 -0.429973 0.193526 -0.430296 0.161612 0.406253 -0.284819 0.570449
VERTEX_POSE A32 0.121033 -0.166863 -0.281153 -0.274924 -0.675243 -0.648268 -0.540683 0.432695 -0.007171 -0.597212 -0.197369 -0.026677 0.014378 -0.173756 -0.728316 0.339878 -0.572037 -0.220321 0.485053 0.645293
VERTEX_POSE A33 0.049018 -0.913257 0.696262 0.217871 -0.194082 -0.408829 -0.393112 -0.753644 0.019683 -0.512478 0.286023 -0.548300 -0.144218 0.009659 0.089548 0.636485 -0.462604 0.723754 -0.396128 -0.368938
VERTEX_POSE A34 -0.452504 -0.434682 -0.754225 0.409296 -0.089569 0.088734 -0.075915 -0.115641 0.023373 -0.623482 0.334777 0.175782 -0.718008 0.057182 0.823272 -0.014377 -0.513044 -0.531888 -0.299608 -0.779787
VERTEX_POSE A35 0.143110 -0.726357 0.034772 -0.593728 -0.591761 0.509578 0.144835 -0.037158 -0.406618 -0.510388 -0.680093 -0.634504 0.644128 0.084536 -0.020251 0.442240 -0.511715 -0.414712 -0.328709 0.516811
VERTEX_POSE A36 -0.148117 0.418379 0.730340 0.336431 0.922247 -0.641852 0.103954 0.078791 -0.467258 -0.269450 0.266466 -0.591162 0.013510 -0.486678 -0.096570 -0.406674 0.715673 0.104390 -0.866616 -0.416827
VERTEX_POSE A37 -0.250900 0.404275 0.214269 0.676568 0.020125 -0.669625 0.345984 -0.350794 -0.394859 0.223045 0.374219 -0.419631 -0.518641 -0.531203 0.374532 0.605083 -0.607111 0.281647 -0.442078 -0.293502
VERTEX_POSE A38 -0.871354 0.607737 -0.181729 0.645498 0.993024 -0.034721 0.783187 0.530853 -0.307479 0.271065 -0.680061 0.514171 -0.134442 -0.173866 -0.592042 -0.498833 0.401469 0.537927 -0.215018 0.253586
VERTEX_POSE A39 0.509640 -0.298357 -0.887416 0.368005 -0.052527 -0.092715 0.199552 0.543571 0.242351 0.143873 -0.137997 0.599425 -0.564760 0.544295 -0.708390 -0.632218 0.110364 0.267476 -0.469922 -0.614044
VERTEX_POSE A40 -0.427080 0.186258 0.857432 0.996855 -0.920760 0.212949 0.637874 0.623781 0.717196 -0.132185 -0.198545 0.271784 0.510323 -0.098587 0.453792 -0.537945 0.539463 -0.400611 -0.160718 0.520325
VERTEX_POSE A41 -0.068529 -0.667002 -0.141448 -0.223408 0.617138 -0.480421 0.424328 0.491485 0.552927 0.255885 0.108591 0.501771 0.188543 -0.359020 0.348685 0.498208 0.498408 -0.300188 0.686082 -0.607738
VERTEX_POSE A42 -0.061751 0.079290 0.782849 -0.456284 0.878972 -0.194975 0.573196 0.728406 -0.057311 -0.374768 0.209663 0.785710 -0.289665 0.501242 -0.275960 -0.599582 0.126861 -0.514982 -0.295957 0.397654
VERTEX_POSE A43 0.078329 0.915636 -0.297300 0.022811 -0.165161 -0.357647 -0.651846 -0.059794 0.538389 -0.372522 0.611117 0.474584 -0.404358 -0.746591 -0.086493 0.405783 -0.254221 -0.591197 -0.328876 0.030569
VERTEX_POSE A44 0.997956 -0.649086 0.447145 0.700786 -0.730121 -0.679510 0.079876 0.005339 -0.143438 0.812684 -0.516321 0.661898 0.343344 0.069389 0.209196 -0.429176 -0.807219 -0.189262 -0.176318 -0.277429
VERTEX_POSE A45 0.724240 0.983919 -0.951100 0.492837 -0.894848 0.684161 -0.349973 -0.589291 -0.403834 -0.384298 -0.117025 -0.263513 0.669103 -0.689639 0.545790 0.458241 0.299789 0.038937 0.268609 0.271231
VERTEX_POSE A46 -0.987565 0.665408 -0.368199 0.218421 -0.364512 -0.422319 0.235457 0.578147 -0.466585 -0.283848 0.213851 0.394790 -0.605209 -0.118703 -0.669015 -0.286143 -0.600780 -0.022478 -0.644852 0.494961
VERTEX_POSE A47 0.765064 -0.176054 0.506967 -0.593633 -0.930311 0.221394 0.408684 0.013505 0.341065 0.652519 -0.560364 -0.629623 0.073582 -0.345424 0.618166 -0.551301 -0.310249 0.236867 0.312809 0.685739
VERTEX_POSE A48 -0.542947 -0.902851 -0.240503 0.159741 -0.613506 -0.608687 -0.532990 -0.259525 -0.516464 0.791131 -0.321532 -0.315086 0.003584 0.372779 -0.287537 -0.300025 -0.376705 0.425217 -0.002286 -0.740536
VERTEX_POSE A49 0.931230 0.264592 0.959293 -0.750701 0.472170 0.479464 -0.018696 -0.276424 0.162632 0.220824 0.572615 0.074522 -0.923762 0.369465 -0.858737 -0.058114 -0.034410 0.026114 -0.306876 -0.676766
VERTEX_POSE A50 -0.560859 0.460739 -0.078493 -0.975779 0.038340 0.052947 -0.493992 -0.416669 0.951078 0.008874 -0.018070 0.111727 0.563645 0.489867 0.149067 -0.630295 0.620416 0.240716 0.202301 -0.448525
VERTEX_POSE A51 -0.092391 0.411119 -0.974193 0.917650 -0.961540 -0.176197 -0.340890 -0.620247 -0.302669 -0.281031 -0.536918 0.720148 0.385690 -0.436357 -0.560696 0.521375 0.061203 -0.210602 0.619861 -0.364498
VERTEX_POSE A52 0.916601 0.522385 -0.677572 -0.391241 -0.217987 -0.364455 -0.096932 -0.847978 0.469655 0.265104 -0.521696 -0.669901 0.513735 0.092167 -0.444752 -0.422175 0.004972 0.004984 -0.691497 -0.015701
VERTEX_POSE A53 0.421671 0.262711 -0.433351 0.667098 0.006844 -0.613696 -0.024593 -0.528305 -0.043932 0.416940 0.614707 0.484291 -0.643523 0.093439 0.495235 0.164682 -0.545176 -0.376365 -0.619930 0.192566
VERTEX_POSE A54 0.927366 0.995501 0.451094 -0.704277 -0.241737 -0.473135 0.660614 0.487967 0.128349 -0.472983 0.569723 0.661385 0.581700 -0.046994 -0.531769 0.007341 -0.112290 -0.198649 0.038044 -0.649989
VERTEX_POSE A55 0.327624 -0.693768 -0.458178 0.515589 0.068870 0.651069 -0.276471 -0.613079 -0.013789 -0.513495 0.546727 -0.445852 -0.736456 -0.350750 -0.205702 -0.133083 0.042398 0.578638 -0.315923 0.447661
VERTEX_POSE A56 0.459949 -0.345932 0.777786 0.730641 0.441901 -0.458332 -0.060234 0.155546 0.748212 -0.223418 0.042932 -0.390909 -0.715230 -0.325277 -0.252827 0.280904 0.652358 -0.115667 0.596654 -0.665271
VERTEX_POSE A57 -0.465889 -0.488804 0.640663 0.396815 -0.341423 -0.781091 -0.543828 -0.135336 0.233765 -0.522341 -0.527187 0.533204 -0.635498 0.351136 0.123779 0.123987 -0.515368 -0.188741 -0.110361 0.561122
VERTEX_POSE A58 0.295530 -0.617141 -0.840126 0.032249 0.509250 0.363653 -0.749231 -0.363358 -0.552763 0.225012 -0.555984 -0.401506 -0.219476 -0.469418 0.393136 0.553257 -0.283423 -0.496434 -0.183735 0.508106
VERTEX_POSE A59 -0.623269 -0.201281 -0.428812 0.330734 0.034087 -0.175085 0.390278 0.595343 -0.465431 -0.404718 -0.112160 0.436505 -0.548207 -0.233285 -0.506618 -0.548592 0.401288 -0.552740 0.287058 -0.646168
VERTEX_POSE A60 -0.222351 0.441029 -0.201857 0.760054 -0.646549 0.399422 -0.361473 0.552864 -0.504930 -0.639152 0.403027 0.471034 -0.468863 -0.274609 0.396102 0.412612 0.611838 -0.454685 0.265971 0.286628
VERTEX_POSE A61 -0.026658 -0.245624 0.066420 -0.123900 0.947440 0.646306 0.329621 -0.479124 0.133397 -0.058871 -0.443030 -0.515847 -0.031661 -0.748735 -0.474379 0.773596 0.083296 0.270852 0.537058 0.081378
VERTEX_POSE A62 0.887653 0.601170 -0.651356 0.811711 -0.588975 0.574311 0.738123 0.259506 -0.082930 -0.193305 0.699100 0.006250 -0.007203 0.570390 0.371837 -0.562420 0.235338 0.724560 -0.318496 -0.251371
VERTEX_POSE A63 0.898682 -0.725834 0.516990 -0.514870 -0.321792 0.412284 0.476823 -0.217280 0.734071 0.132623 0.424218 -0.257784 -0.282115 0.669232 -0.474021 0.775570 0.108232 0.003567 0.271944 0.559681
VERTEX_POSE A64 -0.977641 -0.158880 -0.237319 -0.906029 -0.246642 -0.653294 -0.277483 0.547823 0.481028 -0.439397 0.198267 0.419888 -0.435712 0.446444 -0.035137 -0.558942 -0.667119 -0.405312 -0.477151 -0.127359
VERTEX_POSE A65 -0.564851 -0.833512 -0.405581 0.221007 0.321456 0.373604 -0.617823 -0.310927 0.156802 0.213265 0.677453 -0.560093 -0.101284 -0.401775 0.684445 -0.047839 -0.140627 -0.231655 -0.748509 0.513014
VERTEX_POSE A66 0.041792 -0.452190 -0.448238 -0.108598 0.086446 0.406158 -0.441916 0.142411 0.560458 0.529575 0.020436 -0.540112 -0.101675 -0.517889 0.227013 0.375347 -0.718838 -0.421505 0.610768 0.440868
VERTEX_POSE A67 -0.125758 -0.740501 -0.506978 0.430402 -0.324394 -0.014977 -0.040559 0.520073 -0.922981 -0.376699 -0.077455 0.329322 -0.685087 -0.524379 0.009702 -0.103643 0.410143 0.198331 -0.613487 0.529466
VERTEX_POSE A68 0.184249 0.570763 0.808688 -0.102426 -0.658419 0.318645 0.486807 0.439076 -0.784289 -0.178385 -0.018362 -0.371177 -0.079121 0.648344 0.367197 -0.805686 0.375121 0.103678 -0.275331 -0.495792
VERTEX_POSE A69 0.170438 -0.844454 0.370033 -0.463100 0.079470 -0.405652 -0.614842 0.170379 -0.652191 0.016232 0.316505 -0.004570 -0.351143 0.441872 0.528568 -0.647417 -0.036479 -0.361509 -0.281525 -0.821105
VERTEX_POSE A70 -0.616117 -0.038858 -0.394394 -0.201594 0.623079 -0.558902 0.257923 -0.655068 0.212086 0.219237 0.461785 0.592905 0.373690 -0.397756 0.318699 0.536090 -0.134301 -0.435366 0.677034 0.425904
VERTEX_POSE A71 0.757168 -0.242978 0.666120 -0.105571 -0.579179 -0.506244 0.127454 0.326466 0.016991 -0.473156 -0.630172 -0.462171 -0.772505 0.288474 0.183409 -0.197084 -0.359574 -0.704405 0.352525 -0.532722
VERTEX_POSE A72 -0.898091 -0.511455 -0.771415 0.313492 -0.303392 -0.410360 0.058630 0.040726 0.529625 0.632239 -0.386440 -0.455351 0.605830 0.504979 -0.202530 -0.425810 -0.230109 0.550218 -0.220211 0.735562
VERTEX_POSE A73 0.322132 -0.959568 -0.611545 0.342122 0.502051 0.691025 -0.186652 -0.095676 0.429205 0.342024 -0.704752 -0.417131 -0.583159 -0.592710 -0.221065 0.095473 -0.356653 -0.339705 0.706393 -0.125156
VERTEX_POSE A74 -0.164502 -0.327342 -0.631180 0.917240 0.255660 -0.540977 0.233877 0.554864 -0.104784 0.006109 -0.653233 -0.611103 0.532972 -0.366352 0.449795 0.532059 -0.210276 -0.347278 -0.614913 -0.294929
VERTEX_POSE A75 -0.900136 -0.160541 0.675730 0.014278 -0.033513 -0.039698 -0.625755 0.487191 -0.635045 0.202922 0.575626 0.395216 0.474874 0.083722 0.468558 0.314246 0.642260 0.468402 -0.492947 0.108593
VERTEX_POSE A76 0.046372 -0.975650 -0.562645 -0.165041 0.607203 0.124489 0.441748 -0.688689 -0.723709 0.599447 0.295035 -0.610766 -0.590214 -0.454587 -0.272785 -0.176035 0.118213 -0.115332 0.257256 -0.466946
VERTEX_POSE A77 -0.152067 -0.661934 0.000621 0.135661 0.891147 -0.788534 -0.264100 -0.264916 -0.003254 -0.765476 0.483365 -0.191047 0.394494 -0.143261 0.090684 0.327101 0.646291 0.577478 -0.285792 -0.507899
VERTEX_POSE A78 0.864928 0.663405 0.182697 0.420645 0.036176 0.437579 -0.691726 -0.404826 -0.474871 -0.632047 0.123279 0.546942 -0.240415 0.663534 -0.284153 -0.108166 0.608573 0.450703 0.229201 0.101393
VERTEX_POSE A79 0.503426 -0.878500 0.196852 0.994700 0.993697 0.304031 -0.148236 0.095911 0.134818 -0.350968 -0.326262 0.230944 0.699249 -0.668464 0.601635 -0.501663 -0.356437 0.688541 0.337984 0.557191
VERTEX_POSE A80 -0.220837 0.602658 -0.040086 0.384959 0.363317 -0.334610 0.017553 -0.303052 -0.483798 0.695328 0.502092 -0.468880 0.037040 -0.665816 -0.020398 0.448611 -0.373436 -0.658567 -0.559989 0.270737
VERTEX_POSE A81 -0.695931 0.124144 -0.895796 0.444866 -0.925485 -0.314659 0.158650 0.717831 0.546773 0.003274 0.635016 0.180010 0.582051 -0.265384 0.721139 0.162540 -0.081544 0.222673 -0.780779 -0.066291
VERTEX_POSE A82 -0.588966 0.532619 0.222659 0.912350 -0.967843 -0.168983 0.483868 -0.032598 0.750521 0.237408 0.532169 -0.130717 0.622332 -0.384288 -0.101354 0.563532 0.311189 -0.617092 -0.068144 0.686453
VERTEX_POSE A83 -0.304236 0.125044 0.282341 0.993718 -0.854670 0.332341 0.470181 0.649829 -0.499551 -0.607270 0.405034 0.718716 -0.405420 -0.229719 0.048712 -0.193584 -0.354560 0.347955 -0.456413 0.484961
VERTEX_POSE A84 0.725740 -0.613145 -0.329148 0.111964 0.081360 -0.217580 -0.626374 0.016712 -0.305467 0.173050 -0.459006 -0.667472 -0.272709 -0.401024 0.568768 -0.634472 -0.329920 -0.300553 -0.317467 0.720670
VERTEX_POSE A85 -0.661599 0.528120 -0.326247 -0.791927 -0.209580 0.768060 -0.621352 0.022798 -0.085112 0.105462 0.268748 -0.255597 -0.400520 -0.410369 -0.406720 -0.407914 -0.489950 0.414837 0.525347 -0.720279
VERTEX_POSE A86 -0.976612 0.431276 0.824164 0.509307 0.214201 0.297471 0.344873 -0.275289 -0.161366 0.509826 -0.010935 0.365110 -0.721571 0.079609 0.761974 0.175649 -0.404939 -0.414202 -0.263860 -0.868207
VERTEX_POSE A87 0.185689 0.040923 -0.551362 -0.157395 -0.476739 0.197182 0.209337 0.653130 0.665155 -0.384255 0.175334 0.627363 0.170729 -0.613683 -0.137980 0.645236 -0.247459 -0.325677 -0.602535 -0.323784
VERTEX_POSE A88 -0.127488 -0.960685 -0.685583 0.604887 0.448997 0.794599 -0.032843 -0.439360 0.388088 -0.357135 0.552305 -0.435731 -0.066087 -0.362987 -0.163250 -0.682879 0.271919 0.038579 0.632996 0.544264
VERTEX_POSE A89 0.318918 0.814135 0.984038 -0.458444 -0.276549 -0.245318 -0.261815 -0.016806 0.066419 -0.622530 -0.728072 -0.495199 0.621974 -0.468980 -0.452203 -0.353054 0.496904 0.696920 0.180032 0.052659
VERTEX_POSE A90 0.562421 0.839642 0.019826 -0.826661 0.557348 0.665902 -0.127477 -0.643354 0.342697 -0.616017 0.543393 0.069983 -0.386057 0.211505 -0.064013 0.413825 0.321179 0.655849 0.532900 0.378059
VERTEX_POSE A91 0.650161 0.480344 0.112560 0.364941 0.802448 -0.533998 0.592941 0.315076 -0.291951 -0.639839 0.007017 0.260300 0.469195 -0.131938 0.410784 0.120247 -0.602608 0.626985 -0.066507 0.721203
VERTEX_POSE A92 -0.707741 -0.431489 0.050457 0.417656 -0.329110 -0.256704 -0.492718 -0.128144 -0.027211 -0.442114 0.637660 0.525038 0.538762 0.206774 -0.505106 0.293119 -0.463836 -0.634480 0.430791 0.564863
VERTEX_POSE A93 0.450073 0.440812 0.368470 0.985050 0.968373 0.392110 0.602089 0.217769 -0.132554 -0.081735 0.922708 -0.225849 0.676999 0.102389 0.664139 -0.344364 0.244284 -0.580164 -0.232152 0.176148
VERTEX_POSE A94 0.548843 0.754511 -0.370450 0.850071 -0.519344 0.392491 -0.578378 0.271052 0.652129 0.234600 0.171906 0.431270 0.516016 0.306836 -0.369827 0.557121 0.212025 0.312909 0.183806 -0.870561
VERTEX_POSE A95 -0.685382 0.409631 0.813139 0.511626 0.424249 -0.481630 0.491674 0.462412 -0.489676 -0.497412 -0.518615 0.592815 -0.318699 0.172697 -0.390863 -0.576272 0.524604 0.155068 -0.277812 0.460630
VERTEX_POSE A96 0.885222 0.607300 0.962889 0.206057 0.289828 0.764214 -0.107921 -0.609326 0.257891 0.294384 0.341841 -0.405568 0.547044 -0.429488 0.121571 0.693055 -0.175652 -0.412557 -0.349440 -0.544567
VERTEX_POSE A97 -0.409365 -0.697679 0.181311 -0.258527 0.567102 -0.208944 -0.592615 0.477296 -0.461907 0.366869 0.680634 0.104070 0.493610 0.266981 -0.644445 -0.337105 -0.219126 -0.562889 0.396136 -0.435466
VERTEX_POSE A98 0.188861 0.669130 -0.693840 -0.057972 -0.900146 -0.666995 -0.515309 -0.200988 0.710107 -0.339656 0.009510 0.221603 -0.503345 -0.635957 0.041748 0.160749 0.073389 -0.003972 -0.583004 0.741408
VERTEX_POSE A99 0.069471 0.178063 0.771577 -0.896369 0.631409 -0.468226 -0.205834 0.506602 0.425013 0.050742 -0.227319 -0.554049 -0.135259 -0.802724 -0.538092 0.453975 0.195499 0.060128 0.854792 -0.095365
VERTEX_POSE A100 0.761073 -0.542133 -0.448656 0.278373 -0.353428 0.209465 -0.119643 -0.717592 -0.126819 -0.900729 -0.067382 -0.435483 0.096920 -0.634416 0.722439 0.176908 -0.257637 -0.477993 0.365627 -0.107983
VERTEX_POSE A101 0.572744 -0.369728 -0.088234 0.740434 0.722933 0.457402 0.313320 -0.289901 0.296356 -0.131837 0.138237 0.667816 -0.275328 -0.472744 0.201934 -0.749571 0.472698 0.464975 0.496777 0.670759
VERTEX_POSE A102 -0.173361 0.935085 0.437697 -0.001940 -0.947770 0.093434 0.633607 -0.297423 -0.610374 0.307851 0.346165 -0.232660 -0.300065 -0.844155 0.704754 -0.147900 0.148811 0.260587 0.625985 -0.238680
VERTEX_POSE A103 0.862982 -0.053588 -0.220071 -0.408135 0.343180 0.724668 0.089110 0.164592 -0.396484 -0.570176 0.204498 -0.176383 0.017276 -0.885057 -0.248954 -0.294426 0.280822 -0.473885 0.761560 0.262493
VERTEX_POSE A104 -0.105124 -0.329297 0.300220 0.082557 0.224984 -0.212829 -0.399349 -0.406327 -0.658500 0.685195 0.126513 -0.224460 -0.237928 0.665203 0.404985 0.005655 0.590154 0.553793 0.560701 -0.167682
VERTEX_POSE A105 0.662137 -0.392258 0.806517 -0.084700 0.307890 0.634448 0.103167 -0.172751 0.172847 -0.735184 0.616738 0.493819 -0.164409 -0.431693 0.174849 0.647172 0.601124 0.541452 0.054763 0.205139
VERTEX_POSE A106 0.962846 0.785871 -0.544342 0.606143 -0.690332 0.305638 -0.480350 0.412380 0.131695 0.832489 -0.033173 0.389160 0.120826 0.529842 -0.808674 0.094383 0.573205 0.289554 0.229606 0.468557
VERTEX_POSE A107 0.941248 -0.304946 0.737575 0.917516 -0.167813 0.567852 0.221773 -0.530799 -0.274309 -0.496459 -0.652635 0.682219 -0.652778 0.177120 -0.000432 0.181003 -0.510818 0.369968 0.495443 0.003613
VERTEX_POSE A108 -0.489930 -0.054192 -0.192862 -0.949039 0.199037 0.556307 0.529305 -0.547030 -0.182901 -0.432753 -0.721877 -0.090477 0.565411 0.234614 0.564522 -0.444189 0.352860 0.574628 -0.124770 -0.009895
VERTEX_POSE A109 0.827775 0.449275 0.638355 0.026788 0.345844 -0.767418 0.061063 0.634585 0.307039 0.584039 0.377602 0.451747 -0.564445 0.609987 0.053004 -0.387717 0.086025 0.331528 0.431563 0.274289
VERTEX_POSE A110 0.444674 -0.183447 -0.065573 0.912215 -0.174116 0.539868 0.692819 0.105948 -0.605569 0.272323 -0.037447 0.393488 -0.097047 0.526720 -0.316461 -0.071451 0.839418 -0.294702 0.656748 0.072918
VERTEX_POSE A111 0.289233 -0.451533 0.767052 0.435920 -0.437645 -0.290108 0.439241 0.396836 0.628635 -0.019683 0.645745 0.323973 -0.439773 -0.457194 -0.019232 0.635962 -0.402517 0.644459 0.456982 -0.233428
VERTEX_POSE A112 -0.868156 -0.426580 0.742559 -0.528347 0.420359 -0.417741 -0.764013 0.094804 -0.263531 0.357425 0.797277 -0.772072 0.019781 -0.075476 -0.234434 0.400531 0.000703 0.324022 -0.357373 0.591325
VERTEX_POSE A113 0.855708 -0.650828 -0.842914 0.824565 -0.141959 0.490402 -0.724561 -0.325620 0.551789 -0.140780 0.373559 -0.271784 -0.069640 -0.636304 0.455460 0.510027 0.056867 -0.416802 -0.436137 0.588480
VERTEX_POSE A114 0.984998 0.673510 0.049393 0.429638 -0.292315 0.529924 0.040889 0.269177 0.466776 -0.148517 0.354270 -0.411717 0.594528 -0.089498 0.430638 -0.021709 -0.885916 0.382545 0.788883 0.095813
VERTEX_POSE A115 0.857584 -0.039725 -0.586589 0.583617 -0.498281 -0.427978 0.019424 -0.313656 -0.150652 -0.658096 0.426951 -0.766474 0.205999 0.493897 0.274652 0.653904 0.505947 -0.362246 0.310653 -0.468419
VERTEX_POSE A116 -0.805891 0.877292 -0.169161 -0.967362 0.648461 -0.167010 -0.754714 0.349317 -0.531690 0.135434 0.671419 -0.590134 -0.145857 -0.279616 0.102727 -0.610467 -0.324890 0.574981 -0.134613 0.493392
VERTEX_POSE A117 -0.991614 0.104786 -0.126443 -0.061055 0.921885 -0.183419 -0.450562 -0.213170 0.561765 0.309255 0.414929 -0.465599 -0.384185 0.256803 -0.472772 0.235668 0.733214 0.458782 -0.705845 0.422897
VERTEX_POSE A118 0.043273 -0.998802 -0.137950 -0.573778 0.024980 -0.395275 0.829432 0.059644 0.546646 -0.068862 0.553233 0.274119 0.342936 0.156525 0.002646 -0.179584 -0.669275 -0.685410 -0.396794 0.466848
VERTEX_POSE A119 0.066620 0.916607 0.145256 0.637525 0.097458 0.554108 -0.754503 -0.039096 -0.536634 -0.336130 0.645880 -0.051158 -0.379982 0.281751 -0.619411 -0.285444 -0.509016 0.136753 0.303112 0.492777
VERTEX_POSE A120 0.327303 -0.081079 -0.142406 0.480501 -0.354664 -0.198835 0.572469 -0.331010 0.151712 -0.316205 0.010546 -0.227355 0.301699 0.913438 0.508291 -0.414093 0.235087 -0.792085 -0.556596 -0.026217
VERTEX_POSE A121 -0.394306 0.840840 0.881876 -0.400439 -0.417672 0.081722 -0.500092 -0.519216 -0.003337 -0.710778 0.698445 0.803359 0.051017 -0.012968 0.589798 0.002410 0.100053 0.007947 -0.492031 -0.482091
VERTEX_POSE A122 -0.283219 0.396951 -0.742185 0.002466 -0.100093 0.450112 -0.618362 -0.511150 -0.632550 0.164404 -0.294156 0.508486 0.290812 0.525426 0.359188 0.519421 -0.543234 0.098516 0.486035 -0.284646
VERTEX_POSE A123 0.619562 0.487433 0.908052 -0.101843 0.316226 -0.412041 -0.424596 -0.158013 0.704017 -0.102176 0.391374 -0.209643 0.529318 -0.382596 -0.459353 0.368096 0.799705 0.282183 0.627381 -0.189607
VERTEX_POSE A124 -0.944233 0.281652 0.250346 -0.415389 -0.449299 0.253953 -0.294781 -0.579772 0.517577 -0.172218 -0.336195 -0.416515 -0.336391 -0.552847 0.678828 0.260577 0.000843 -0.182563 0.838084 -0.495173
VERTEX_POSE A125 -0.734376 0.151462 -0.112635 -0.147462 0.380563 -0.311183 -0.099385 0.238265 0.152432 0.551778 -0.639316 0.448248 -0.310062 0.360566 0.637156 -0.464061 -0.393872 -0.522528 -0.611696 -0.499362
VERTEX_POSE A126 0.934180 -0.102936 0.721191 -0.590217 -0.259525 0.250719 0.506758 0.467454 -0.331245 -0.449893 0.580818 0.110576 0.206100 -0.570285 0.451742 0.374220 0.344133 -0.781741 0.598561 0.022010
VERTEX_POSE A127 0.940989 -0.111048 0.213235 0.790668 0.840529 -0.451889 -0.148797 0.669578 0.603320 -0.736480 0.137563 0.453551 0.256265 -0.159142 -0.364860 -0.589172 -0.238814 0.304909 0.150533 0.671106
VERTEX_POSE A128 -0.143741 0.453782 -0.931324 0.594010 -0.052335 -0.302196 -0.106283 0.232770 0.251536 -0.908176 -0.306468 0.103089 0.344200 -0.637684 -0.874288 -0.133531 -0.404804 -0.265330 -0.166178 0.530460
VERTEX_POSE A129 0.123041 -0.433806 -0.972649 0.351811 -0.159671 0.127786 -0.434954 0.303748 0.298397 -0.680100 -0.635693 0.655409 0.408126 -0.290458 -0.642118 0.155882 -0.609558 -0.229681 -0.396753 0.218413
VERTEX_POSE A130 0.010460 -0.932985 -0.015188 0.894299 0.471939 0.676474 0.270302 0.352589 0.165754 0.364877 0.052937 0.281188 -0.735865 0.528683 -0.048331 -0.493884 -0.438180 -0.658412 0.091562 0.633539
VERTEX_POSE A131 -0.382667 0.911649 -0.379980 -0.127617 0.594237 -0.494415 -0.456724 0.418616 -0.681939 0.288407 0.199337 0.231675 0.597062 0.118367 0.486518 -0.355743 0.633663 0.011836 0.474540 0.607853
VERTEX_POSE A132 -0.304215 0.196465 -0.060883 0.092245 -0.436738 -0.136462 0.431163 -0.703336 0.483232 0.382590 0.386352 0.495971 0.481350 -0.295799 -0.523887 0.659054 0.465968 0.476885 -0.040907 0.226776
VERTEX_POSE A133 0.837100 -0.997900 -0.577491 -0.107641 0.524169 0.286567 0.577625 -0.225370 -0.654694 0.368763 -0.423874 0.257337 -0.586769 -0.725087 -0.005843 -0.256834 0.492430 -0.650384 -0.346557 0.036062
VERTEX_POSE A134 -0.519685 -0.141939 0.399949 0.464248 -0.062583 -0.463481 0.158734 -0.526572 0.490856 0.339614 0.077207 -0.719559 0.154876 0.208562 0.080873 0.843060 -0.291568 -0.141206 0.353170 0.766975
VERTEX_POSE A135 0.590661 0.867168 -0.760663 -0.825198 0.788246 -0.312531 -0.653165 0.527206 0.600081 -0.663296 -0.111235 -0.404676 0.048143 0.476728 0.474266 0.201222 0.480867 0.391837 0.301009 0.501177
VERTEX_POSE A136 0.499237 -0.390157 -0.770974 0.807658 -0.167941 0.456516 0.153424 0.852866 -0.595683 -0.498728 0.344459 0.418945 -0.549788 0.028426 -0.260872 -0.374926 0.262432 -0.439530 0.533756 0.290325
VERTEX_POSE A137 -0.556839 -0.356068 0.855607 0.070391 0.247084 -0.127770 0.283924 0.608817 0.604693 -0.444454 0.342915 -0.341933 -0.638662 -0.415998 -0.696988 -0.024956 0.301624 0.123734 0.559764 -0.497715
VERTEX_POSE A138 0.531909 -0.437778 0.976912 -0.907682 -0.379567 -0.626445 -0.650045 -0.130003 0.708665 -0.634555 0.140483 0.192058 0.085151 0.305517 0.173201 -0.231495 -0.738486 -0.196151 -0.337551 0.569791
VERTEX_POSE A139 -0.990693 0.555651 0.036164 0.858619 -0.968904 0.908739 -0.140893 0.168395 0.098658 0.970854 0.173928 0.272660 -0.067579 -0.019759 0.121662 0.006935 0.508655 -0.274435 -0.181594 0.825997
VERTEX_POSE A140 -0.729064 -0.906793 0.493962 -0.902821 -0.407072 0.242641 0.297361 -0.714166 0.567049 0.284063 -0.197761 0.350608 -0.551345 0.219418 0.189199 -0.712309 -0.461378 -0.678866 -0.139710 -0.435710
VERTEX_POSE A141 -0.023417 0.378775 -0.088661 -0.995467 0.446316 -0.330992 0.551925 -0.353631 -0.271487 0.196646 -0.679687 0.506643 0.348552 0.023953 -0.475147 -0.612329 -0.109701 0.578175 -0.400343 -0.632741
VERTEX_POSE A142 0.298540 -0.895882 -0.196784 0.294539 -0.406549 0.554456 -0.193554 -0.544599 0.239489 0.242655 -0.589598 -0.239394 0.564891 -0.322241 -0.649835 0.168865 -0.337932 0.394499 0.745680 0.371145
VERTEX_POSE A143 -0.597220 -0.333373 0.236521 -0.431168 -0.986713 0.288967 -0.529022 -0.555354 0.142161 0.119312 -0.527405 0.801201 0.169110 0.455632 -0.456512 0.349084 0.073657 0.214386 0.745281 -0.447661
VERTEX_POSE A144 -0.167709 0.727947 0.068424 0.829099 -0.695643 -0.451446 -0.497707 0.321357 0.494560 -0.242004 0.449628 -0.434275 -0.452383 -0.511166 0.471782 -0.695684 -0.120320 -0.374745 -0.071382 0.647145
VERTEX_POSE A145 0.283538 0.777628 0.852609 -0.275823 0.301135 -0.166949 -0.181924 0.411305 -0.325382 -0.488339 0.500432 0.242577 0.070194 0.670341 -0.333168 -0.675514 -0.356991 0.834512 -0.516896 -0.059974
VERTEX_POSE A146 -0.739636 0.626901 0.649933 -0.847551 -0.484994 -0.368175 -0.715763 -0.212844 0.578116 -0.213570 -0.460575 -0.289219 0.252806 -0.854145 -0.661087 0.010389 0.098053 0.097702 -0.614860 0.058220
VERTEX_POSE A147 0.026399 0.605239 0.899263 0.861737 0.952818 0.655810 0.146594 -0.349074 -0.257100 -0.693545 -0.287022 0.345750 0.243827 -0.380240 -0.036235 -0.286754 -0.687277 -0.618835 0.596511 -0.422887
VERTEX_POSE A148 0.291923 -0.117586 -0.273834 0.663122 0.223021 0.509613 0.472799 -0.690574 -0.310533 0.524111 0.333642 0.778955 -0.134582 0.522655 -0.041499 0.635741 0.214065 -0.188069 -0.281941 -0.304629
VERTEX_POSE A149 0.303637 0.628099 -0.488018 -0.421328 0.539986 -0.169508 0.617561 0.239424 0.921901 0.201525 0.221567 0.076521 0.654810 -0.522906 -0.100813 0.101640 -0.559032 -0.324571 0.372693 0.554650
VERTEX_POSE A150 -0.906980 0.521845 0.044519 0.499262 0.050276 -0.752443 -0.298000 -0.163426 0.415283 0.150015 -0.802874 -0.423166 0.505315 -0.315750 -0.170440 -0.456286 -0.478102 -0.230759 0.652037 0.020158
VERTEX_POSE A151 -0.380773 0.801336 0.583760 0.143623 0.868357 -0.327762 0.528851 -0.425861 -0.727330 0.361857 0.309844 0.321085 0.284367 0.686331 0.383315 0.358998 -0.479765 0.336953 0.616143 0.146333
VERTEX_POSE A152 0.909331 0.468939 -0.606142 0.178233 -0.877686 0.079292 0.203240 0.296774 -0.326815 0.004558 -0.843484 -0.435263 -0.842181 0.258001 -0.691273 0.491518 0.347687 0.468608 -0.088395 0.114061
VERTEX_POSE A153 -0.190199 -0.081203 0.302335 -0.498272 0.950183 0.611565 -0.131875 0.309552 -0.345181 -0.422462 0.566922 0.043521 0.496254 0.751070 -0.552022 0.558854 -0.054062 0.447455 0.495528 -0.125490
VERTEX_POSE A154 -0.761211 0.288768 0.491812 -0.958220 0.184583 0.340740 0.222819 -0.627876 -0.194788 -0.585154 -0.495190 -0.317664 -0.541238 -0.172692 -0.789393 0.232416 0.164410 0.349145 -0.510873 0.551094
VERTEX_POSE A155 0.965098 -0.249408 0.644203 0.762844 -0.326986 0.002139 -0.636954 -0.231911 -0.939015 0.125854 0.159794 0.296917 0.414887 0.635454 0.111834 -0.500545 0.381511 0.132593 0.394681 -0.609368
VERTEX_POSE A156 0.075425 -0.929742 -0.810300 0.354266 0.330746 -0.598644 -0.529016 0.118713 0.494572 -0.244745 0.809531 0.101077 -0.728061 -0.122749 0.290045 -0.359330 -0.446729 0.550166 -0.032419 -0.340490
VERTEX_POSE A157 -0.827031 -0.814168 0.213003 -0.548437 0.925058 -0.410333 -0.137925 -0.525314 -0.767995 0.346296 0.361889 0.306928 0.690297 -0.486752 0.092789 0.600146 0.355092 -0.372822 0.156109 -0.479649
VERTEX_POSE A158 0.906087 0.639544 -0.142562 0.553512 -0.486456 -0.178312 -0.179556 -0.639659 -0.020347 0.512132 0.519113 0.768794 0.487992 -0.303803 0.053358 -0.277845 0.445935 0.611473 -0.624617 0.173795
VERTEX_POSE A159 0.931684 0.524041 -0.741624 -0.051724 -0.721590 -0.106514 0.177605 0.731173 -0.421453 0.484009 0.093106 0.097420 0.214665 -0.636997 -0.521008 0.517866 -0.201365 -0.728074 -0.648017 -0.101999
VERTEX_POSE A160 0.296010 -0.247974 0.240354 0.803374 -0.234613 -0.457051 0.560972 -0.005302 0.079260 0.032529 0.591750 -0.153426 0.495645 0.564333 -0.677381 -0.636228 0.328657 -0.549944 0.183854 -0.472565
VERTEX_POSE A161 -0.083452 0.706559 0.842250 0.447811 0.985482 0.337008 0.473478 -0.589706 0.514670 0.447625 0.672061 0.671269 -0.336311 -0.367137 -0.413209 0.415594 -0.243075 -0.014006 -0.538170 0.081888
VERTEX_POSE A162 -0.450983 0.435690 -0.121604 0.820659 0.872647 0.484594 0.064919 0.224216 0.038877 0.420990 -0.330661 0.826826 0.225375 -0.156086 -0.117226 0.604372 0.766404 -0.257436 0.634424 -0.478176
VERTEX_POSE A163 0.991795 0.948491 -0.820530 -0.104380 0.328649 -0.423961 -0.481250 -0.574884 0.457423 -0.645633 0.141185 -0.103041 -0.521722 -0.051716 -0.764773 -0.003187 0.287737 0.124602 0.281695 -0.751071
VERTEX_POSE A164 -0.246353 0.708659 -0.735241 -0.659830 0.509651 -0.708648 0.243972 0.573933 -0.141593 0.773434 -0.398081 -0.332862 0.030453 0.046767 -0.062646 -0.377030 0.316384 -0.602534 -0.446316 -0.640193
VERTEX_POSE A165 0.029332 -0.706249 -0.721655 0.284907 -0.189936 -0.560997 -0.317183 0.412099 -0.094516 0.589506 0.615434 0.261265 -0.268103 -0.277095 -0.375859 -0.571945 0.126251 -0.683243 0.390996 -0.598912
VERTEX_POSE A166 0.582456 0.815659 -0.581192 0.070422 0.116895 0.103464 -0.298593 -0.294004 0.619991 0.361033 -0.673262 0.279763 -0.645431 -0.070943 0.581811 0.346745 0.636099 -0.433745 0.493644 -0.225001
VERTEX_POSE A167 -0.747116 -0.681499 -0.506214 -0.852172 -0.658291 -0.275903 0.731418 0.565782 0.169286 0.394276 -0.374020 -0.786135 0.105696 -0.270328 -0.480015 -0.524009 0.268749 0.216326 -0.154328 0.628248
VERTEX_POSE A168 0.472494 -0.062317 -0.866047 -0.644702 -0.942852 -0.377114 -0.431533 0.411084 -0.028621 -0.677224 -0.725621 -0.618258 0.167551 -0.248830 -0.574448 0.404472 -0.247793 0.380437 0.404322 -0.425637
VERTEX_POSE A169 0.114365 -0.622118 -0.604280 0.162739 0.737327 -0.403704 0.383267 0.308941 0.304789 0.213813 0.873021 -0.096829 -0.510927 0.286516 0.764879 0.374711 -0.211589 -0.386925 0.637131 -0.124615
VERTEX_POSE A170 -0.737809 0.874152 0.529950 -0.993553 -0.627195 -0.621953 0.085057 -0.337345 0.440019 -0.561804 -0.592200 0.568645 0.502454 0.240104 -0.238090 0.380990 -0.193774 -0.198783 -0.528704 0.663551
VERTEX_POSE A171 0.743430 0.030890 0.627915 -0.547523 -0.349924 0.059237 -0.157352 -0.327217 0.736911 0.446749 0.468899 -0.016375 -0.461356 0.438164 0.644854 -0.629901 -0.308477 0.193257 0.407469 -0.621222
VERTEX_POSE A172 -0.909052 0.756657 0.307058 0.167273 0.183644 -0.136414 -0.625977 0.143376 0.030509 -0.524000 0.125642 0.700960 -0.377123 -0.536456 -0.699248 -0.284923 -0.548951 -0.012920 0.331925 -0.611984
VERTEX_POSE A173 0.560731 0.978270 -0.666834 0.300986 -0.033744 -0.218431 -0.590128 0.539632 -0.573414 0.228593 0.565483 -0.212032 -0.352611 -0.150508 -0.701146 0.352591 -0.390653 0.294824 0.592318 0.462346
VERTEX_POSE A174 -0.853790 0.697517 -0.135564 0.021310 -0.336637 0.173384 -0.036740 0.049989 -0.082809 -0.650834 0.042850 0.681089 0.304210 -0.549438 0.706375 -0.373272 0.508249 0.015279 0.585824 0.659898
VERTEX_POSE A175 -0.076761 0.484604 -0.624517 -0.003629 0.488001 -0.076078 0.184171 0.411515 0.969018 0.172811 -0.081086 -0.115233 -0.246338 -0.248050 0.048493 0.076556 0.849672 0.198962 -0.932563 0.201518
VERTEX_POSE A176 -0.155731 0.755898 -0.814225 -0.974837 -0.732609 -0.072588 -0.537622 0.598319 0.112372 -0.458545 -0.715270 0.249731 -0.632388 -0.080348 -0.697694 -0.309775 0.109386 0.657997 -0.069451 0.334638
VERTEX_POSE A177 -0.593426 0.324418 -0.485631 0.173759 0.178369 0.148000 -0.553480 0.408839 -0.419865 0.275055 0.613605 -0.619855 -0.697104 -0.153787 -0.386854 0.207999 -0.605871 -0.517622 0.297973 0.256144
VERTEX_POSE A178 0.949638 0.089842 -0.725254 -0.141892 0.440819 -0.207872 -0.733263 0.579112 -0.499673 -0.114332 -0.478248 -0.078678 -0.586106 -0.450289 -0.478895 0.266303 0.471416 -0.686720 0.186591 -0.104474
VERTEX_POSE A179 -0.863808 -0.361688 -0.088059 0.688285 0.490412 -0.230856 0.064215 -0.097720 -0.583386 0.712792 -0.311525 0.363879 0.038692 -0.746841 -0.110914 0.244631 0.547744 -0.679453 -0.653041 -0.188701
VERTEX_POSE A180 0.710211 -0.047483 0.026351 0.752431 -0.281645 -0.824355 -0.060165 -0.146111 -0.513753 0.270952 0.290468 -0.037184 -0.705930 0.705062 0.131027 0.642772 0.616203 -0.194797 0.107108 0.132138
VERTEX_POSE A181 -0.957342 -0.388312 0.319266 -0.642630 -0.508905 -0.572096 -0.338071 0.594927 0.074096 0.461215 -0.292237 -0.801374 0.405904 -0.341342 0.155435 0.541195 0.482656 -0.029258 -0.464046 -0.459552
VERTEX_POSE A182 -0.244581 -0.560352 -0.504299 -0.168091 0.358769 0.090522 0.507677 0.460915 -0.319124 0.288743 -0.287255 0.813144 -0.306516 -0.261938 0.468722 0.690563 0.007798 0.095202 -0.296751 0.797727
VERTEX_POSE A183 0.619542 -0.578543 0.420209 -0.069336 -0.159332 -0.152761 -0.247721 -0.265010 -0.443457 0.154963 -0.710052 -0.430657 -0.542985 0.508120 -0.503443 -0.390117 -0.163769 -0.584029 0.683810 0.374952
VERTEX_POSE A184 -0.147542 0.530484 -0.378400 -0.140902 -0.558722 -0.381686 0.490668 0.596293 0.443089 0.417570 -0.472243 0.203411 0.496068 -0.191352 0.162850 -0.582041 -0.004557 -0.768175 0.005024 -0.620311
VERTEX_POSE A185 -0.005792 0.728416 0.987513 -0.126311 -0.456648 0.382393 -0.470067 -0.310289 -0.030913 0.664544 0.191378 0.493663 -0.337212 0.482444 -0.062676 -0.091140 0.792204 -0.777939 -0.464112 0.082197
VERTEX_POSE A186 0.584640 0.172048 0.064412 -0.306492 0.513683 -0.475301 0.534131 -0.067788 0.584420 0.124839 0.580068 -0.645505 -0.220169 0.665412 -0.074712 0.417486 -0.309441 0.101402 0.690182 0.346985
VERTEX_POSE A187 0.927883 0.600743 -0.188700 -0.786636 0.772024 -0.643120 -0.390835 -0.087297 -0.697959 0.140163 0.362709 0.307255 -0.306642 0.657305 -0.027112 0.411222 0.627208 -0.064101 0.751312 -0.188100
VERTEX_POSE A188 0.167177 0.914248 0.200516 0.325252 -0.531590 -0.477781 0.192358 0.077731 -0.689401 -0.495139 -0.472917 -0.378991 0.270641 0.493886 -0.016599 -0.692931 0.687701 0.390565 -0.405506 -0.231196
VERTEX_POSE A189 0.490728 -0.188408 0.921850 -0.752980 -0.972774 0.645329 -0.049756 -0.701883 -0.471573 -0.104655 -0.660385 -0.540314 0.459728 -0.256576 -0.095769 -0.265306 0.063804 -0.245069 -0.839544 -0.036743
VERTEX_POSE A190 0.859567 0.124784 0.069676 0.161640 -0.949566 -0.400451 -0.508355 0.543266 0.095100 0.289953 0.686624 -0.594479 0.007264 0.169964 -0.311839 0.809761 0.070680 0.616397 0.041673 0.446684
VERTEX_POSE A191 -0.536813 -0.333726 -0.559130 0.128627 0.233797 0.307884 -0.164019 -0.618009 -0.281938 -0.924641 -0.133348 0.404123 0.048452 -0.490630 -0.810727 0.264516 -0.392892 -0.071583 0.214057 -0.452992
VERTEX_POSE A192 -0.592725 -0.481849 0.764100 0.694831 -0.987292 0.135258 -0.363948 0.515127 -0.042256 -0.230220 -0.659260 0.640507 0.353500 0.312169 0.690039 0.094728 -0.448387 0.305806 -0.824988 0.038997
VERTEX_POSE A193 -0.591416 -0.439526 0.948073 -0.017700 0.923081 0.160768 -0.131580 -0.838071 0.831124 -0.188034 -0.062463 0.426682 0.768498 0.214270 -0.114699 0.510901 -0.478974 0.296940 -0.309389 0.135673
VERTEX_POSE A194 -0.545018 -0.385235 -0.379660 -0.975754 -0.437554 0.288831 0.038828 0.690770 -0.751318 -0.002920 0.209865 0.139876 0.954744 -0.142621 0.456729 -0.292401 -0.442769 -0.352038 0.038082 -0.512258
VERTEX_POSE A195 0.160923 -0.773191 -0.971141 -0.964999 0.522359 0.109399 -0.470727 -0.162719 -0.763528 -0.466315 -0.382231 0.302799 0.224327 -0.851018 -0.544206 0.707921 -0.046564 0.131185 0.097427 -0.317841
VERTEX_POSE A196 0.437916 -0.145775 -0.773582 -0.732793 -0.266855 0.475504 -0.207369 0.617683 0.537809 -0.648273 -0.516315 0.171856 0.499809 -0.536622 -0.447168 -0.351429 0.094514 -0.505137 -0.404263 -0.234498
VERTEX_POSE A197 -0.962562 -0.569575 0.039148 0.094668 0.679340 -0.323160 0.689506 0.004388 0.588842 0.012239 0.714365 -0.366565 -0.594145 -0.061531 -0.047594 0.413137 -0.071273 0.642025 0.027232 -0.693396
VERTEX_POSE A198 0.413807 -0.454689 -0.477355 -0.817171 0.864069 0.411000 0.404402 -0.501114 0.243477 -0.236110 0.605387 -0.728097 -0.161299 0.041004 0.210109 -0.862844 -0.456732 -0.444439 0.100963 -0.414856
VERTEX_POSE A199 -0.089590 0.791908 -0.639629 -0.377495 -0.209707 -0.250522 0.556046 -0.635897 0.481306 0.091875 -0.398467 -0.674263 -0.244238 -0.380735 -0.499138 0.204465 0.471722 -0.042585 -0.762177 -0.263399
VERTEX_POSE A200 0.151803 -0.191694 0.434867 -0.742592 0.416668 -0.418979 -0.677904 -0.109103 0.694914 -0.175177 0.389950 -0.342778 0.073302 0.906778 -0.098928 -0.573506 0.116785 0.462891 -0.418899 0.012277
VERTEX_POSE A201 0.675998 -0.580537 -0.947405 -0.810724 -0.763126 -0.136139 0.375764 -0.642132 0.222199 -0.166068 0.580038 -0.787237 -0.571040 -0.073400 0.532954 -0.705484 -0.445688 0.168261 0.086190 -0.217250
VERTEX_POSE A202 -0.346160 -0.177202 0.988285 0.074983 0.440369 -0.267163 -0.226116 -0.212559 -0.137931 0.705976 -0.589778 -0.684808 -0.456596 -0.396560 -0.605578 0.270975 0.670475 0.271868 -0.410562 -0.013534
VERTEX_POSE A203 0.242751 -0.435037 -0.258074 0.424680 -0.399688 -0.660003 0.222514 0.115812 0.470297 0.063824 0.823269 0.186903 -0.556480 -0.300390 -0.494092 -0.669536 0.449653 -0.253294 0.434126 0.128036
VERTEX_POSE A204 0.236729 -0.602267 -0.614238 0.490262 0.203130 -0.515917 -0.314511 -0.309081 -0.788332 0.084399 -0.150887 -0.199919 0.037320 0.347641 -0.136407 -0.597360 0.736250 0.231920 -0.731935 -0.467743
VERTEX_POSE A205 -0.199950 -0.479686 -0.147279 -0.903708 -0.896267 -0.327055 -0.684533 0.044434 0.058272 -0.676618 0.216082 0.500870 -0.165608 -0.507347 0.589470 0.023385 0.755565 -0.539716 0.213609 0.350791
VERTEX_POSE A206 -0.834011 -0.950433 0.117409 -0.578949 -0.911688 0.325004 -0.507412 -0.484638 0.741797 0.571265 0.236761 0.546868 -0.560190 0.248088 0.182043 0.074403 -0.441636 0.109109 0.311192 -0.672666
VERTEX_POSE A207 -0.919002 -0.846369 -0.428463 0.515425 0.470521 0.373307 -0.475825 -0.484149 0.570476 0.360851 -0.551828 -0.589472 0.361173 -0.568481 0.365715 0.668392 0.327696 0.232324 -0.257262 0.174729
VERTEX_POSE A208 0.206624 0.844732 0.367090 0.270051 0.282102 0.457202 0.581046 0.492020 0.771780 -0.606904 -0.040513 0.288616 0.111270 -0.290548 -0.146521 -0.090473 -0.531670 0.300923 0.522959 -0.623846
VERTEX_POSE A209 -0.884373 0.139409 0.392155 0.279159 0.529131 -0.629298 -0.548015 0.085771 0.290685 -0.635429 0.560930 -0.301028 0.408921 0.331999 0.377098 0.257038 0.607909 0.535412 -0.250251 -0.445225
VERTEX_POSE A210 -0.782809 -0.208057 0.483478 0.203711 -0.039067 -0.389823 0.403669 0.338143 -0.540768 0.478117 -0.463905 0.213675 -0.333797 -0.565422 -0.230674 -0.388382 0.559687 -0.675826 -0.588383 -0.193648
VERTEX_POSE A211 -0.083165 -0.202751 -0.606559 0.022482 -0.999543 0.578790 -0.741588 -0.183455 0.526314 0.150247 -0.185910 -0.258202 -0.311322 -0.143035 -0.263249 -0.506719 0.667236 0.502023 0.271639 0.682729
VERTEX_POSE A212 -0.841715 0.751097 -0.288579 0.636529 -0.979774 0.768244 -0.030616 0.392056 0.274094 0.899386 -0.091967 0.432153 -0.291656 0.081762 0.004927 -0.207057 0.409021 -0.384569 0.249461 0.814771
VERTEX_POSE A213 -0.027390 0.231591 0.979179 -0.964381 -0.680299 -0.518765 0.269194 0.169283 -0.510250 -0.296703 -0.540702 0.499526 -0.632693 0.034970 0.379131 0.437997 -0.765059 0.277960 0.497352 0.304051
VERTEX_POSE A214 -0.463623 0.218706 0.813650 0.953146 -0.158875 -0.085975 -0.750268 0.630664 -0.474975 0.168066 0.341459 0.552358 -0.396161 -0.209447 -0.678631 -0.363865 -0.512431 -0.036981 0.345702 0.423337
VERTEX_POSE A215 0.010743 0.281581 0.333021 -0.504373 -0.538496 0.372954 -0.323474 -0.830225 0.313006 -0.697202 0.483040 0.328788 -0.325044 0.066681 0.723589 0.486107 0.245286 0.362284 0.259460 -0.113084
VERTEX_POSE A216 0.966817 -0.039993 0.966693 -0.090692 -0.136947 -0.592662 -0.450076 -0.385724 -0.353383 0.551253 0.261316 0.412511 -0.572707 0.504521 0.591138 0.241811 -0.623790 -0.065290 -0.327240 -0.373197
VERTEX_POSE A217 -0.878983 -0.609245 -0.121938 -0.353347 -0.645192 -0.135754 0.360406 -0.194445 -0.444577 0.705650 0.016751 0.305807 0.110280 -0.924773 -0.822715 -0.328799 -0.303689 0.116381 0.501891 0.120325
VERTEX_POSE A218 -0.061373 -0.117676 -0.855679 -0.291008 -0.766473 -0.200404 0.262393 -0.296838 -0.308110 0.429715 0.841839 0.133811 -0.721130 0.410822 0.709202 0.468044 0.058820 -0.586544 0.086027 -0.175952
VERTEX_POSE A219 0.133994 -0.125744 0.167209 -0.765439 0.331463 -0.243586 0.572535 0.213895 0.358809 0.449252 0.523489 0.591446 -0.334685 -0.219650 -0.461172 0.220582 -0.578206 -0.499433 -0.556512 0.545564
VERTEX_POSE A220 0.611745 0.202346 -0.200088 -0.106327 -0.617966 0.350624 -0.651417 0.370073 0.286465 0.276736 0.629212 0.467279 0.656171 -0.142112 0.754678 -0.223841 -0.383940 0.084330 0.135676 0.547295
VERTEX_POSE A221 -0.201806 -0.992893 0.213997 0.870632 -0.716038 0.072535 0.678541 0.437052 0.296243 0.360958 0.186197 0.268707 -0.570127 0.774608 0.694060 -0.191205 -0.417395 0.594186 0.218375 -0.008932
VERTEX_POSE A222 0.597181 0.540530 0.608078 0.363188 -0.434741 0.466026 0.578646 -0.517524 0.706196 -0.116638 0.097659 -0.445986 0.539587 -0.299874 0.286695 0.287017 0.276911 -0.054870 0.527287 0.745672
VERTEX_POSE A223 -0.980980 0.720497 -0.435988 -0.411496 -0.605258 -0.027590 -0.409721 0.578397 -0.516214 0.157381 -0.588357 0.838994 0.252989 -0.262154 0.160900 -0.858833 -0.474947 0.054427 -0.075913 0.158093
VERTEX_POSE A224 0.206778 -0.432419 0.162070 -0.147068 -0.792957 -0.720539 -0.403437 -0.504572 -0.529449 0.264719 0.162489 -0.286995 -0.078254 0.693382 0.341404 -0.582459 -0.176993 0.039816 0.649446 -0.454862
VERTEX_POSE A225 -0.947837 -0.844705 -0.771582 0.387434 0.127705 0.483011 0.372266 -0.166734 -0.499963 -0.100982 0.133308 0.434851 -0.617387 -0.547077 -0.372863 -0.561168 -0.096759 -0.434298 0.393884 -0.803600
VERTEX_POSE A226 0.179943 0.947307 -0.407128 -0.376495 0.917102 -0.538317 0.512152 -0.047969 0.742442 0.311685 -0.257886 -0.085110 0.614667 -0.508765 0.369866 0.376266 0.535931 0.122273 -0.348081 -0.620589
VERTEX_POSE A227 -0.355306 0.421806 0.388488 0.120139 -0.059812 -0.178712 -0.405731 -0.416530 0.247090 0.390105 -0.058148 0.792530 -0.579693 0.180032 0.524095 0.519948 -0.479757 0.065029 0.277146 0.748694
VERTEX_POSE A228 -0.910399 -0.414280 0.267566 -0.517898 -0.192955 -0.267821 0.250242 0.756927 -0.570070 -0.774938 -0.097844 0.726958 -0.381757 0.144133 -0.133249 0.395412 -0.608430 -0.238889 0.186444 0.162872
VERTEX_POSE A229 -0.406250 -0.507383 0.115517 -0.193666 0.781170 -0.797417 0.439860 -0.084837 -0.148052 0.317475 0.654748 -0.043079 0.441941 -0.422742 0.463999 0.570863 0.391230 0.353634 0.429578 -0.482012
VERTEX_POSE A230 0.555104 0.213714 0.748858 0.742644 0.730481 0.119407 0.469070 0.270479 -0.746268 -0.079761 0.647890 0.624551 -0.184761 0.604634 0.034570 0.846441 0.107731 0.193820 -0.151698 0.360404
VERTEX_POSE A231 0.241403 0.394027 -0.297567 -0.260490 -0.776287 -0.419707 -0.335662 0.377245 -0.609752 0.725872 -0.020779 -0.149446 -0.202659 0.762900 0.649887 0.460849 0.437746 0.085801 -0.327090 -0.289166
VERTEX_POSE A232 -0.730252 -0.087920 0.168112 -0.004391 -0.981956 0.631847 -0.337003 0.005445 0.464939 0.767474 0.421011 -0.374436 0.023189 0.594270 -0.404677 -0.046799 0.354038 -0.283964 0.542849 -0.586704
VERTEX_POSE A233 -0.791056 -0.963488 0.737144 -0.182373 0.170850 -0.265684 0.393948 0.851966 -0.381846 -0.810700 0.182118 0.245960 0.048169 -0.177255 0.567506 -0.428389 0.433262 0.633283 0.041639 0.147823
VERTEX_POSE A234 -0.515846 0.958990 0.444359 -0.835810 -0.175975 -0.557589 0.340628 -0.716608 -0.453247 -0.449990 -0.119349 -0.527966 0.374836 0.577196 -0.157723 0.433222 0.279226 0.424308 0.594388 -0.247195
VERTEX_POSE A235 0.506477 0.309813 0.553874 -0.514129 0.221174 -0.398723 0.456312 0.467490 0.702218 -0.359947 0.441325 0.393404 0.234842 -0.383066 0.342167 0.594365 0.462606 0.275800 0.503783 -0.475333
VERTEX_POSE A236 0.008994 -0.443174 -0.410135 -0.086081 0.274583 0.149013 0.193748 0.525764 -0.068443 -0.369550 -0.028594 -0.499283 -0.487649 -0.428226 -0.694502 0.679756 -0.092084 0.491420 0.354999 -0.728627
VERTEX_POSE A237 -0.349857 -0.991443 -0.438233 -0.414759 -0.087663 -0.417532 0.542263 -0.550583 0.404466 -0.405430 -0.729945 -0.083411 -0.582360 -0.055100 0.598791 0.208018 0.320738 -0.544578 -0.398952 0.241102
VERTEX_POSE A238 0.587475 0.463445 -0.874589 -0.998704 -0.308305 -0.250025 -0.046423 0.776529 -0.179660 -0.121133 -0.610584 0.035604 0.942086 -0.067404 -0.521700 0.290383 0.038749 -0.794841 -0.106413 -0.134705
VERTEX_POSE A239 -0.784382 -0.598442 0.956955 -0.816029 -0.443315 -0.286484 -0.096236 0.770028 0.319020 0.615036 0.467484 -0.617469 0.701573 -0.194979 -0.651438 -0.292038 0.014092 0.102530 0.187027 -0.387686
VERTEX_POSE A240 -0.234229 0.147966 0.953923 0.864400 -0.558532 0.819637 -0.102927 0.183399 0.408260 0.512562 -0.459892 -0.205381 -0.329146 -0.739719 0.345285 -0.574201 -0.321539 -0.010735 -0.537254 0.322945
VERTEX_POSE A241 0.804665 -0.744612 0.608889 0.205007 0.652628 -0.098974 -0.037317 0.737305 -0.401397 -0.586361 -0.257481 -0.734712 0.609940 0.104884 -0.530809 -0.442148 0.012647 -0.086739 0.295408 -0.615569
VERTEX_POSE A242 0.132453 0.198808 -0.649604 0.206453 -0.442858 -0.511475 0.461850 -0.383601 0.365327 0.621722 -0.482978 -0.413398 -0.232312 -0.425422 -0.642996 0.253684 0.418737 0.143485 0.530879 0.513086
VERTEX_POSE A243 -0.075945 -0.100937 -0.334657 0.500929 -0.538307 0.733619 0.065974 0.654626 0.416327 -0.704677 -0.263205 -0.310614 -0.670552 0.272263 0.395114 -0.013527 -0.606786 0.189419 0.221934 -0.244687
VERTEX_POSE A244 -0.222725 0.486979 0.588068 0.240626 0.972329 0.649582 0.522936 -0.100699 -0.579612 0.165645 0.027369 0.265730 -0.753673 0.366308 -0.293361 0.318839 0.679491 -0.292267 -0.171518 -0.627073
VERTEX_POSE A245 0.668830 -0.582486 -0.835954 0.159598 0.398266 0.746723 -0.359294 -0.244207 0.317855 -0.056757 0.458320 -0.397617 -0.800560 -0.341149 -0.399762 -0.098525 0.483751 0.153178 -0.465921 0.616367
VERTEX_POSE A246 0.934799 -0.819356 0.998364 0.996557 -0.076803 0.675047 0.345626 -0.425704 -0.272878 0.266227 -0.782548 -0.062405 -0.575134 -0.348463 -0.637478 0.043906 -0.171852 0.244082 -0.690622 -0.235444
VERTEX_POSE A247 -0.255908 -0.553013 0.554761 -0.850065 -0.164618 0.641299 0.698159 -0.038406 0.249019 0.133524 -0.364657 -0.029387 0.108092 -0.211551 0.155325 -0.357190 -0.840377 0.708333 -0.596219 0.338472
VERTEX_POSE A248 0.789847 -0.191731 0.042108 0.806252 0.753074 -0.655261 -0.424036 0.413267 0.310682 -0.564784 0.265603 -0.639746 0.358976 -0.204338 -0.082782 0.168520 0.698159 -0.240792 -0.586472 -0.479046
VERTEX_POSE A249 -0.126575 0.062967 -0.857315 -0.294452 0.156724 -0.560031 0.469662 -0.104468 0.589811 0.031925 -0.370891 0.122285 -0.538680 0.598267 0.501822 0.275148 -0.187730 0.267787 0.642273 0.677023
VERTEX_POSE A250 0.878086 0.321242 -0.278031 -0.615504 -0.833156 -0.554638 0.417652 0.027711 0.176125 -0.587660 -0.609692 -0.736040 -0.143870 -0.461743 -0.113414 -0.083496 0.071656 -0.326709 -0.672720 0.639661
VERTEX_POSE A251 0.401592 -0.989385 0.842020 -0.300075 -0.864892 0.311469 -0.403614 -0.453826 0.390696 0.281856 -0.657965 -0.537855 0.639233 -0.382145 0.448768 0.546765 0.462863 0.509572 0.223790 -0.029121
VERTEX_POSE A252 0.671619 0.070075 0.356682 -0.423820 0.440686 0.272097 0.109238 0.369068 -0.728984 -0.003460 0.674216 0.318554 -0.800518 0.374248 -0.229926 -0.556620 -0.331276 -0.490105 -0.193389 -0.399269
VERTEX_POSE A253 0.475267 -0.138227 -0.669952 0.747683 -0.267896 0.480290 0.114738 -0.029365 -0.319664 -0.386425 -0.498723 0.124414 -0.589304 0.751752 -0.668738 0.493385 0.420220 0.452159 0.496792 0.093260
VERTEX_POSE A254 0.420612 0.731112 -0.593967 0.288429 -0.470150 0.537020 -0.466381 -0.094301 -0.369377 -0.677051 -0.181660 -0.156576 -0.146097 -0.801864 -0.697415 0.216191 -0.000425 -0.253509 -0.505972 0.561356
VERTEX_POSE A255 -0.121603 0.637656 -0.481248 0.429112 0.647729 -0.102443 -0.076797 0.193620 0.119321 -0.518412 0.446881 0.683956 -0.425134 -0.571533 0.710654 0.521456 0.470720 -0.049429 0.522203 -0.463229
VERTEX_POSE A256 0.527430 0.017068 -0.441534 0.135117 0.859808 0.783393 -0.370176 -0.411490 -0.117123 0.043060 0.338007 -0.297766 0.227234 -0.499115 0.470011 0.877585 0.092140 -0.251003 0.198304 -0.677364
VERTEX_POSE A257 -0.399445 0.678419 -0.001096 0.911934 -0.553048 0.899004 0.059056 -0.029634 -0.133143 -0.634899 -0.241183 0.261312 -0.648093 0.561481 -0.042139 0.388760 0.693000 0.322497 0.149186 -0.381369
VERTEX_POSE A258 0.523092 0.059462 0.907240 -0.450749 -0.412084 -0.383377 0.062925 0.448871 0.285747 -0.604579 -0.543844 -0.729295 -0.454059 -0.032429 -0.168986 -0.459764 0.105582 -0.459286 0.461490 -0.700392
VERTEX_POSE A259 0.617030 0.602788 0.826032 0.617219 -0.333146 0.893867 0.058539 -0.118417 -0.224958 0.584055 -0.535946 -0.241502 0.448404 0.525977 -0.303365 -0.623153 -0.358461 -0.006577 0.257035 -0.541843
VERTEX_POSE A260 0.194305 -0.828964 -0.885579 -0.281732 -0.771878 -0.330054 0.143695 -0.643036 0.819992 0.481414 -0.268057 -0.107071 0.295463 -0.306877 0.149898 0.171486 0.591730 -0.429819 0.794284 0.265201
VERTEX_POSE A261 0.078196 -0.726824 0.656098 -0.708105 -0.681603 0.590827 -0.001073 -0.445885 0.455890 0.210236 0.432262 0.136948 0.605261 0.529598 -0.479449 -0.284438 0.398050 -0.440977 0.713130 -0.418830
VERTEX_POSE A262 -0.141566 -0.003185 -0.471535 -0.643271 -0.109433 -0.633352 -0.138277 0.656975 -0.465982 0.414800 -0.087195 -0.310654 -0.266585 -0.677745 0.533753 0.013756 0.311273 0.018110 0.858815 -0.067471
VERTEX_POSE A263 0.464053 0.083116 0.282534 0.713877 -0.753833 0.460475 -0.440527 0.040738 -0.454831 0.406695 -0.126112 -0.509880 -0.516448 -0.652341 -0.510349 0.050108 0.566431 0.246288 0.609348 -0.485843
VERTEX_POSE A264 0.287140 -0.690312 0.393241 0.109522 0.489247 -0.034419 -0.451514 -0.542061 -0.527058 0.562591 0.162239 0.680788 0.017657 0.552720 0.478953 0.352871 -0.558624 -0.167797 -0.595647 0.249576
VERTEX_POSE A265 0.342588 -0.044196 0.972824 -0.479081 0.714591 -0.877862 0.113759 0.351314 0.086337 0.593123 0.391452 0.427870 0.404724 0.428718 -0.116258 0.589760 -0.733605 -0.159112 0.351632 -0.036987
VERTEX_POSE A266 -0.029471 -0.607070 -0.163592 -0.800252 0.467340 0.448698 -0.238107 0.501057 0.299638 -0.685013 -0.374877 0.638496 0.515120 0.223328 -0.536444 -0.066345 0.577920 -0.115923 0.452010 -0.473859
VERTEX_POSE A267 -0.703866 -0.133486 0.983106 -0.976559 -0.236170 -0.597318 -0.367742 -0.517128 -0.380905 0.881880 -0.226853 -0.641637 -0.071042 0.759777 0.257174 0.134897 0.310262 0.142431 0.252605 0.087135
VERTEX_POSE A268 0.992731 -0.035639 -0.465409 0.106160 -0.373072 -0.327293 -0.075937 0.600356 0.148861 -0.036505 0.144823 0.734647 -0.137384 0.601455 -0.270067 0.795913 0.397892 0.508013 0.583565 -0.313900
VERTEX_POSE A269 -0.441996 0.856374 -0.038181 -0.798955 -0.840965 -0.510441 -0.343301 -0.255688 0.543422 -0.676492 -0.084810 0.074305 -0.547314 0.223663 -0.434653 -0.205677 0.797439 -0.499698 -0.287486 -0.491424
VERTEX_POSE A270 -0.488248 0.268072 0.940061 -0.792588 0.320515 0.153400 -0.113080 -0.837286 -0.774547 0.474243 0.044314 -0.194316 -0.160239 -0.214096 0.461582 0.851081 -0.112639 -0.354582 0.110863 -0.488328
VERTEX_POSE A271 -0.241498 -0.887673 -0.511486 -0.029440 0.068396 0.252556 0.072824 0.355801 -0.565478 0.302826 -0.655966 0.340886 -0.575372 -0.506413 -0.121987 -0.649644 -0.071326 0.696682 0.387174 -0.426114
VERTEX_POSE A272 -0.637331 -0.888238 -0.429292 0.406052 0.811663 0.758786 -0.152440 -0.608888 -0.097979 -0.713642 0.226276 0.170784 -0.052180 0.302798 -0.382388 -0.586810 -0.455972 0.489139 -0.346998 0.527691
VERTEX_POSE A273 0.644205 -0.533120 -0.709542 0.413865 0.877657 0.318871 -0.152959 -0.318603 0.197634 -0.576339 -0.157194 -0.053805 -0.158275 -0.850430 0.701662 -0.375186 0.316662 -0.603355 -0.691825 0.224226
VERTEX_POSE A274 0.682557 0.011389 0.153857 -0.528510 0.530089 -0.325151 0.685706 -0.056530 -0.675595 -0.294890 -0.107341 0.600331 -0.229256 0.012944 0.276356 0.548305 -0.461475 -0.032844 -0.299417 -0.878724
VERTEX_POSE A275 0.139944 0.598742 -0.841224 -0.353322 0.783992 -0.023747 -0.497673 0.319288 0.399674 0.339934 -0.578349 0.268418 -0.501706 -0.588951 0.674679 -0.407216 0.280114 0.558978 0.468222 0.371806
VERTEX_POSE A276 0.313035 -0.115606 -0.545496 -0.426537 0.275923 0.396529 0.635270 -0.363460 -0.174381 0.294791 -0.668513 0.072662 -0.512880 -0.400238 0.622107 -0.459145 -0.321957 -0.648120 -0.188865 -0.396409
VERTEX_POSE A277 0.617356 0.192033 0.152221 -0.531954 -0.546714 0.319799 0.486154 0.019066 0.587186 0.397355 0.473102 -0.528201 0.030941 0.526327 0.521066 -0.678850 -0.077780 -0.049346 0.379432 -0.701956
VERTEX_POSE A278 0.884036 -0.954272 0.713536 -0.203387 -0.380626 0.276025 -0.539701 0.772185 0.129283 -0.185187 -0.300572 0.757311 -0.222816 -0.448096 -0.094270 0.420681 0.126827 0.569815 0.669185 0.310662
VERTEX_POSE A279 0.102882 0.692663 0.496612 -0.620285 0.028997 0.277525 0.093462 -0.334730 -0.591897 -0.004804 -0.405872 0.590266 0.534170 0.080147 -0.447566 0.549091 0.630217 -0.154624 0.635927 -0.565355
VERTEX_POSE A280 -0.509219 -0.744999 0.294906 0.173594 0.610010 -0.276963 -0.736086 0.500095 0.288028 -0.175688 -0.166081 -0.335272 -0.183019 -0.790794 -0.779501 -0.003888 -0.036528 0.346845 -0.627535 -0.309246
VERTEX_POSE A281 0.762122 0.366971 -0.564495 0.181108 -0.213782 -0.214082 0.086460 -0.115503 -0.625624 -0.083562 -0.609546 -0.420523 0.485398 -0.113771 -0.472803 -0.741526 0.386605 -0.402965 0.447292 0.672834
VERTEX_POSE A282 -0.495526 0.703278 0.338632 0.079640 0.164105 -0.449384 -0.326067 0.554231 -0.504467 -0.668274 -0.362697 -0.081166 -0.039590 0.374551 0.546804 -0.538370 -0.324699 -0.487836 0.394562 -0.561748
VERTEX_POSE A283 -0.837599 0.325075 -0.348411 0.749774 0.050696 -0.563707 -0.044511 -0.066724 0.495254 0.297004 -0.755091 -0.204902 -0.423960 -0.266410 -0.162741 -0.616171 -0.494414 -0.607033 0.591945 -0.331612
VERTEX_POSE A284 0.237388 -0.771257 -0.234447 -0.071208 0.518322 -0.440013 0.021604 -0.633049 -0.317673 0.440028 -0.016533 -0.615977 -0.676574 -0.000669 0.130014 0.242737 -0.690409 -0.556005 0.537805 0.349730
VERTEX_POSE A285 0.925086 0.434390 0.744665 -0.631931 0.693956 0.167226 -0.717969 -0.152910 0.276516 0.418064 -0.260066 0.368102 0.192650 0.849567 0.590803 0.328198 -0.428614 -0.641114 0.406097 -0.059244
VERTEX_POSE A286 0.040798 -0.037269 0.170341 0.178886 -0.301575 0.039527 0.557653 -0.368263 -0.125033 0.195291 0.845634 -0.935971 -0.267898 -0.136247 -0.063336 0.111698 0.358323 0.320549 -0.752754 0.048230
VERTEX_POSE A287 -0.235182 0.245811 0.324019 -0.936091 0.378130 0.105494 0.184451 -0.685655 0.538060 0.152196 0.644951 -0.474088 0.194002 0.247041 0.032424 -0.950897 0.013100 -0.688151 -0.031180 0.229595
VERTEX_POSE A288 -0.474358 0.112809 -0.256431 -0.719997 -0.859092 -0.566220 0.387200 0.224847 0.274502 0.780404 -0.456928 0.308594 0.340446 0.857121 -0.366917 0.350648 -0.056444 -0.611707 -0.046783 0.053084
VERTEX_POSE A289 -0.436110 -0.977807 0.077580 0.728137 0.286341 -0.587746 -0.248284 -0.644340 0.431272 -0.517781 0.110229 -0.181716 -0.068432 0.579495 0.474096 0.634080 -0.362579 0.459098 -0.513340 -0.324650
VERTEX_POSE A290 -0.618152 -0.151400 0.150051 0.681128 -0.955017 -0.138039 0.169826 -0.635396 -0.282129 0.195181 0.588155 0.736047 -0.285367 -0.185887 0.561740 0.726328 0.232627 -0.209836 0.569277 -0.402089
VERTEX_POSE A291 0.719947 0.283845 -0.142009 -0.001729 -0.630970 -0.019382 0.497617 0.408895 0.399981 0.591115 0.386563 0.898350 -0.176853 -0.234346 -0.092778 -0.218412 0.427139 -0.154918 0.569193 -0.667838
VERTEX_POSE A292 0.642086 -0.704631 -0.266322 -0.979968 0.604738 0.545387 0.497374 -0.098305 0.552291 -0.633923 0.338601 -0.393501 0.371403 0.587792 0.047662 -0.020511 0.716434 -0.490319 -0.460869 -0.130033
VERTEX_POSE A293 0.240282 0.845414 0.678516 -0.962143 -0.064450 0.353039 0.691593 -0.087565 0.453161 0.454476 -0.034278 -0.751550 0.469761 -0.419257 0.127195 -0.181818 -0.655560 0.298334 -0.247825 -0.620985
VERTEX_POSE A294 0.184000 -0.633039 -0.859475 -0.287852 -0.384803 -0.714223 -0.504760 -0.459556 0.593478 -0.469254 -0.202462 -0.043151 0.480127 -0.424163 0.010034 -0.520889 0.419661 0.368385 -0.152217 -0.625930
VERTEX_POSE A295 -0.070774 -0.394943 -0.873081 0.129554 0.093986 -0.305718 0.538677 -0.404857 -0.190693 0.232189 -0.555193 -0.695123 0.344777 0.473231 0.614924 0.732568 0.237583 -0.094050 0.019685 0.497452
VERTEX_POSE A296 -0.417130 -0.198781 0.651339 -0.441224 -0.349859 0.074870 -0.538611 -0.610062 0.522072 0.090968 0.036443 -0.595273 -0.095827 -0.455257 -0.568012 -0.189085 0.554706 0.211772 -0.810362 0.333975
VERTEX_POSE A297 -0.845471 -0.240109 -0.023067 -0.088103 -0.917463 0.695582 0.676423 0.175610 0.330138 -0.489038 0.776316 -0.281951 0.291222 0.290018 0.528419 -0.270771 -0.523566 0.220117 -0.381008 -0.090903
VERTEX_POSE A298 0.225361 0.471571 -0.889974 0.152995 0.857816 0.602378 -0.663630 -0.134087 0.350758 0.495369 0.622525 0.705444 0.325164 -0.242587 0.114531 -0.228910 0.541415 -0.057796 -0.395061 0.492449
VERTEX_POSE A299 -0.424399 0.765580 -0.814070 0.664936 0.277069 -0.572898 -0.333035 0.631022 0.455190 0.592246 0.625849 0.562023 -0.395189 -0.060662 0.335153 -0.527028 0.075329 0.190768 -0.323110 0.448073
VERTEX_POSE A300 -0.287467 -0.383735 0.938751 0.112941 -0.758427 -0.288759 0.034195 -0.238046 0.191592 0.835918 0.371688 0.493811 -0.435564 0.667693 -0.460951 0.215894 0.431859 -0.650835 -0.252478 0.415771
VERTEX_POSE A301 0.737113 -0.260356 -0.949913 0.360407 0.178331 -0.154348 0.757296 -0.622229 -0.225257 0.033140 -0.034859 -0.672342 -0.527318 -0.475187 0.637997 -0.239771 -0.538914 -0.257589 0.299751 0.308844
VERTEX_POSE A302 0.334102 0.877907 -0.325556 -0.364503 -0.654535 -0.733056 0.544825 -0.143051 -0.564119 -0.714780 -0.349618 0.011002 -0.349551 0.160341 0.301088 -0.161352 -0.367201 -0.231568 -0.209847 0.834721
VERTEX_POSE A303 0.075202 -0.271972 -0.490541 -0.481007 -0.946765 -0.130928 0.008013 -0.643964 0.549399 0.566147 -0.489730 -0.192752 -0.209702 -0.065639 -0.094442 0.713646 0.514276 -0.796835 0.355173 -0.276923
VERTEX_POSE A304 0.381317 0.206524 -0.659455 -0.225728 0.055988 0.729776 -0.028456 -0.164544 -0.164578 0.832871 -0.105006 -0.150728 0.404572 -0.260837 0.335089 0.316555 0.854976 -0.552573 -0.204036 0.403583
VERTEX_POSE A305 0.016659 -0.110704 0.828301 0.106987 0.875554 -0.639780 0.350904 -0.151008 0.330354 -0.499895 -0.668743 0.487950 0.789401 -0.344014 0.107165 -0.057696 0.369690 -0.481632 -0.022089 -0.524370
VERTEX_POSE A306 -0.784855 -0.673230 -0.331765 0.165671 0.837227 -0.369926 0.102471 0.519265 -0.616319 -0.605750 0.234424 -0.216648 0.677145 0.467299 -0.492680 0.021841 -0.405466 -0.440040 0.404431 -0.540961
VERTEX_POSE A307 -0.305648 -0.909082 -0.204951 0.347735 -0.668089 -0.166913 -0.129753 0.542518 0.043395 -0.628248 0.341387 0.072534 -0.562332 0.184676 -0.699814 -0.398314 -0.566137 0.689388 -0.337041 -0.484265
VERTEX_POSE A308 -0.365985 -0.918671 -0.019478 0.575033 -0.671160 -0.455264 -0.329411 0.753635 -0.272038 0.399025 -0.305465 -0.567595 -0.593881 -0.559909 -0.574175 0.492452 0.136921 -0.258627 0.370222 -0.080499
VERTEX_POSE A309 -0.900819 -0.627502 -0.618229 0.962284 -0.543400 0.132618 0.124256 0.728205 -0.417149 0.194997 -0.572226 -0.216655 -0.955686 0.039740 -0.762853 0.182043 0.315819 -0.423692 0.007831 0.202372
VERTEX_POSE A310 0.797234 0.783582 -0.708339 0.727450 0.360909 -0.074645 0.445956 0.078892 -0.507023 -0.459173 -0.446723 -0.546863 0.647252 0.153823 0.613845 0.344373 -0.510756 -0.247976 0.229686 -0.713920
VERTEX_POSE A311 0.124796 -0.663670 -0.724571 -0.251373 0.938850 0.646107 -0.716195 0.105652 0.165412 -0.132712 0.215414 -0.618994 -0.455849 0.597841 0.161347 0.049522 -0.133770 0.382098 0.509118 0.753078
VERTEX_POSE A312 0.861303 0.739469 -0.182723 0.143393 0.242818 -0.588902 -0.459982 -0.195416 -0.511502 -0.138992 0.303247 -0.485973 0.118964 0.373071 0.118412 -0.679203 -0.446097 0.375991 -0.541875 0.729156
VERTEX_POSE A313 -0.698293 0.486860 0.630293 -0.192910 -0.474986 -0.517346 -0.003956 0.527931 -0.039075 -0.271767 0.331954 0.075190 -0.873040 -0.351718 -0.496117 0.288921 -0.696502 0.692128 0.283642 -0.047690
VERTEX_POSE A314 0.287197 0.661406 -0.072982 -0.501598 -0.010453 -0.146041 0.345381 -0.374261 0.514614 0.790610 0.237090 -0.198005 -0.171548 0.601799 0.624400 -0.349737 0.376087 -0.533631 0.322340 0.547826
VERTEX_POSE A315 0.098691 0.968212 0.582830 -0.927816 -0.238860 0.595347 0.236399 -0.496125 -0.410761 0.229451 0.466338 -0.282659 0.858645 -0.190915 0.566044 0.174781 0.690485 0.276650 0.351635 0.152219
VERTEX_POSE A316 -0.773207 -0.078750 0.374958 0.175159 -0.781030 -0.462878 0.517133 0.462179 -0.382456 0.249798 -0.856017 0.298804 -0.150833 0.070074 0.051505 -0.583416 -0.138322 0.739956 0.554120 -0.171997
VERTEX_POSE A317 -0.672005 -0.375863 -0.902642 0.677288 0.687971 0.536355 0.046567 -0.490369 0.520745 -0.047015 -0.281896 0.419088 0.773595 0.392917 0.392834 -0.474004 0.716767 -0.333459 0.415321 0.109248
VERTEX_POSE A318 0.863509 0.214023 -0.093152 -0.863907 -0.860730 0.321876 -0.061986 -0.288264 0.006871 0.279132 0.874254 0.643435 -0.670271 0.303527 -0.681571 -0.591754 0.189815 -0.133420 -0.344684 -0.156284
VERTEX_POSE A319 -0.247565 -0.965941 -0.881473 0.455162 -0.640122 -0.163714 -0.777686 0.550139 -0.647073 0.444677 0.160564 -0.173851 0.146460 0.397999 0.256481 -0.219378 -0.448547 0.677117 0.357617 0.558541
VERTEX_POSE A320 -0.108115 -0.353670 0.174939 0.405425 -0.025687 -0.001285 0.081101 0.426513 -0.680949 0.555318 0.290614 0.696514 0.394817 0.504203 -0.224670 -0.519501 0.688494 -0.026442 0.509198 -0.073387
VERTEX_POSE A321 -0.754643 -0.937377 -0.943101 0.817221 -0.815747 -0.647807 -0.062483 0.571276 -0.729133 0.127522 -0.537114 -0.022084 0.511309 0.576981 0.201408 0.583762 -0.126467 -0.087517 0.614507 -0.190397
VERTEX_POSE A322 -0.527618 0.317904 -0.023482 -0.546567 -0.271092 0.289366 0.428649 -0.477272 0.512969 0.359471 0.612082 -0.521795 0.805677 -0.003588 -0.594953 -0.193710 0.128623 -0.163984 0.020028 0.617261
VERTEX_POSE A323 -0.466029 -0.058301 0.908617 0.425457 -0.420949 0.485363 0.550714 -0.612512 0.157395 -0.584915 -0.505352 0.553574 0.122640 0.172360 -0.628361 0.486769 -0.290297 -0.195878 -0.320316 -0.505439
VERTEX_POSE A324 0.485639 0.908037 0.735415 0.855079 0.119803 0.342365 -0.106859 0.079098 -0.351275 -0.720392 -0.578078 -0.258015 0.637284 -0.503345 -0.711862 -0.073021 0.612509 0.431362 -0.241150 0.176200
VERTEX_POSE A325 0.656381 0.684865 0.117043 0.165581 0.344105 -0.581316 -0.525119 -0.362065 0.318656 0.016959 0.360272 0.598384 0.014825 -0.788973 0.353160 -0.267080 0.318545 0.278826 -0.807719 0.123141
VERTEX_POSE A326 0.463197 0.546757 -0.964464 -0.444990 0.673036 -0.397283 0.171475 -0.661286 0.502156 0.544034 -0.523193 0.560952 -0.539758 -0.311804 0.501517 0.351638 0.402116 -0.154334 0.509544 0.173353
VERTEX_POSE A327 -0.931492 -0.290744 0.386754 -0.586145 0.769945 -0.647602 0.180206 0.017973 0.318991 0.433068 0.307261 -0.494417 0.279426 -0.548480 -0.417702 0.197745 0.760010 0.244814 0.814123 -0.163774
VERTEX_POSE A328 0.810910 -0.555244 -0.906025 -0.922522 0.426642 -0.180034 -0.748805 0.324352 -0.629095 -0.351808 -0.546872 0.536912 -0.540628 -0.096290 0.517524 -0.099216 -0.574674 0.125387 -0.115756 0.506166
VERTEX_POSE A329 -0.311442 0.018328 -0.854438 0.708005 0.530852 0.190230 0.131381 -0.642711 -0.695733 -0.377021 -0.501500 0.178799 0.638491 -0.472790 -0.035770 -0.237742 -0.246714 0.668221 -0.613516 -0.225881
VERTEX_POSE A330 -0.355891 -0.525164 0.572685 -0.921209 0.047014 0.334487 -0.746885 0.348541 0.064385 0.050070 -0.775293 -0.290877 0.444696 0.477961 0.370918 0.406576 0.221027 0.813501 0.276761 -0.011826
VERTEX_POSE A331 -0.476557 0.061021 -0.967274 0.190419 0.668215 -0.375326 -0.255949 -0.608298 -0.595673 0.778468 -0.095814 -0.680830 -0.478068 0.544140 0.080207 -0.134865 -0.184702 -0.185316 -0.285904 -0.539065
VERTEX_POSE A332 -0.574329 0.757972 -0.804351 0.068412 -0.290816 -0.508401 0.771627 0.153016 0.193759 -0.062918 -0.639752 -0.625200 -0.617787 0.296706 0.511735 -0.024313 0.625616 0.226361 0.135574 0.296436
VERTEX_POSE A333 0.978211 -0.647258 -0.752871 -0.285712 0.392479 0.475423 0.559465 -0.035203 -0.478517 0.553377 -0.512326 0.673584 -0.225432 -0.340815 0.299136 0.453775 -0.106697 0.042378 0.352195 0.780221
VERTEX_POSE A334 0.598644 0.789049 -0.457815 0.709413 0.721450 0.013789 0.216781 0.662815 0.496947 -0.769649 -0.093730 -0.683454 -0.198979 -0.474841 0.533367 0.432090 -0.522925 0.035550 0.366541 -0.230144
VERTEX_POSE A335 0.806988 -0.035504 -0.463806 0.842684 0.765172 -0.718838 0.318287 -0.323572 -0.104783 0.603227 0.775171 -0.611082 -0.489856 0.363452 0.086452 0.515178 -0.259520 -0.302321 0.171591 -0.308161
VERTEX_POSE A336 -0.005130 0.242038 -0.924570 0.821275 0.268034 0.302307 0.706388 0.235823 -0.469291 -0.364477 0.535417 -0.099483 0.444188 0.284827 -0.513951 0.250695 -0.717309 0.643688 -0.328665 -0.249112
VERTEX_POSE A337 0.813790 -0.884181 0.210420 -0.124916 0.558677 0.349703 0.481831 -0.326793 0.272439 -0.219430 0.167119 0.537337 -0.670923 -0.453011 0.711438 0.298523 0.520183 0.092789 0.424777 -0.624074
VERTEX_POSE A338 -0.498660 0.055414 0.331243 0.190419 -0.902917 -0.290493 -0.682073 0.093530 -0.310416 0.112526 -0.919018 -0.665111 0.550844 0.370879 0.309482 0.452179 -0.090225 -0.530192 -0.119248 -0.031104
VERTEX_POSE A339 0.628885 0.323368 0.055952 0.396308 0.596874 -0.310652 -0.153233 -0.737559 0.225218 -0.509274 -0.375985 0.084359 -0.555965 -0.087101 0.352025 -0.531468 0.435972 -0.849549 -0.354407 0.342030
VERTEX_POSE A340 0.912971 -0.511683 0.592191 -0.162632 -0.984722 -0.452122 -0.530076 -0.409996 0.317002 -0.424526 0.749834 0.355991 0.305639 -0.264959 -0.749851 0.344714 0.443699 -0.078040 -0.571450 -0.050797
VERTEX_POSE A341 -0.701426 -0.161004 0.622904 -0.082131 0.457992 0.668823 -0.154639 -0.187092 0.467937 0.277080 0.255617 0.217119 0.860625 -0.080829 0.297533 -0.209755 -0.760869 0.445023 -0.338588 0.560537
VERTEX_POSE A342 -0.246319 0.659698 0.331381 -0.855065 0.535724 0.512384 0.092138 -0.254154 -0.480312 -0.256812 -0.803420 -0.284161 0.421080 0.278706 -0.433680 -0.592006 0.458419 0.487788 -0.630697 0.045793
VERTEX_POSE A343 0.774274 -0.772215 -0.590532 0.980760 0.258096 0.035553 0.901848 -0.361154 -0.308071 0.317658 0.586729 0.437878 0.060305 0.612850 0.782982 0.148756 0.058268 0.314690 -0.244945 -0.382541
VERTEX_POSE A344 -0.399719 -0.674145 0.253197 0.724959 0.983006 -0.579000 -0.173124 0.307657 -0.018657 -0.691698 0.583453 -0.811078 0.076232 -0.297745 -0.025110 -0.080204 -0.025668 0.077025 -0.692343 -0.689651
VERTEX_POSE A345 -0.959122 0.321103 -0.741601 -0.356663 -0.474729 -0.431301 0.303356 -0.205672 -0.480720 0.180822 0.782791 -0.390812 -0.683929 -0.310228 0.030772 0.629650 -0.416998 0.655139 -0.105169 0.273511
VERTEX_POSE A346 -0.127035 -0.804003 0.992297 -0.947055 -0.980764 -0.242890 -0.826856 -0.419440 -0.474034 0.244463 -0.282902 0.535876 -0.155405 -0.465468 0.422076 -0.370315 0.568384 -0.500984 -0.308648 0.452013
VERTEX_POSE A347 -0.172926 0.247105 -0.371845 -0.099881 -0.798024 -0.304218 0.476025 -0.388410 0.626404 -0.058739 0.428299 0.246454 -0.589297 -0.736282 -0.658334 -0.380659 0.259187 -0.144663 -0.527046 0.237505
VERTEX_POSE A348 -0.631127 0.945240 -0.644243 -0.679375 -0.786757 0.338274 -0.516072 0.001106 -0.049354 0.384480 -0.685601 -0.740711 -0.221348 -0.383245 0.466213 0.473771 -0.275376 0.342238 -0.558919 -0.554294
VERTEX_POSE A349 -0.263526 0.410020 -0.100854 -0.810962 -0.841494 -0.463672 0.204585 -0.815692 0.267335 -0.587629 -0.087509 0.477049 0.256878 -0.359645 -0.418028 0.461517 0.444547 -0.557869 -0.577801 -0.004628
VERTEX_POSE A350 0.579509 0.281164 -0.253318 -0.644719 -0.438146 -0.635838 0.418501 -0.359512 -0.623137 -0.602765 0.273606 0.012874 -0.459717 -0.856166 -0.301817 0.484328 -0.102447 0.340808 0.124970 -0.228855
VERTEX_POSE A351 0.260758 -0.408430 0.530696 0.726049 0.187555 -0.074440 0.727116 0.483522 -0.720621 0.196274 -0.571007 0.335459 0.642183 -0.458347 -0.523865 -0.039807 0.168711 -0.296980 0.137093 0.449012
VERTEX_POSE A352 -0.018169 0.472643 -0.043955 -0.993741 -0.657241 0.324326 0.107268 -0.478014 0.189854 -0.754830 -0.242421 -0.229096 -0.623849 0.375510 -0.353356 0.169101 0.504105 0.825483 0.030708 0.563565
VERTEX_POSE A353 -0.948109 -0.400932 0.723200 -0.191286 0.290763 -0.415892 -0.259080 -0.490959 -0.025245 -0.347477 0.808397 -0.512802 0.524572 0.049873 0.715777 -0.018309 -0.273843 -0.226040 -0.732548 -0.167260
VERTEX_POSE A354 0.794729 0.533270 0.439313 0.151506 0.766606 -0.808191 -0.087190 0.222714 -0.062074 -0.590792 0.587721 -0.584282 0.235101 -0.327433 -0.038725 -0.710649 -0.687867 0.009388 0.288216 -0.156871
VERTEX_POSE A355 -0.532531 0.380680 -0.308540 0.861338 0.462563 0.656553 0.334308 -0.461704 0.228611 -0.476528 -0.116645 -0.233660 0.705160 -0.313395 0.641141 0.207114 0.598477 -0.225869 0.347867 0.562878
VERTEX_POSE A356 0.708272 -0.716068 -0.159758 0.974296 -0.365132 -0.582149 -0.394534 0.243113 0.122543 -0.337927 -0.697875 0.448430 0.520987 -0.061658 -0.194950 -0.046936 -0.639121 -0.637959 0.675660 -0.203933
VERTEX_POSE A357 0.257926 0.080026 0.474849 0.706516 0.439642 0.086929 0.130447 -0.092473 0.159219 -0.843422 0.311549 -0.661865 -0.278761 0.299117 -0.659429 -0.105613 -0.562474 0.306890 -0.427506 -0.698955
VERTEX_POSE A358 -0.464022 -0.910064 -0.921786 -0.724807 0.232507 0.741841 -0.324564 0.335802 -0.185654 0.290023 -0.387453 -0.103851 0.162708 0.624555 0.509205 -0.049652 -0.580058 0.380958 0.884085 0.102861
VERTEX_POSE A359 0.519182 -0.271312 -0.065783 -0.948226 -0.938490 -0.610694 -0.348795 -0.708783 -0.175492 -0.403619 0.305923 0.163059 -0.321964 0.078434 -0.753247 0.260302 0.540946 -0.047816 0.737574 -0.324443
VERTEX_POSE A360 0.946484 -0.901646 0.620411 0.414521 -0.029506 0.002095 -0.361884 0.610002 0.769300 0.155553 0.405547 -0.330351 0.642206 0.579978 0.150685 -0.563518 0.206393 0.525676 0.338913 -0.290615
VERTEX_POSE A361 0.180087 -0.435228 0.650899 -0.646016 -0.720479 0.413956 0.144280 -0.052292 0.191868 0.037606 -0.609829 -0.407397 -0.289689 0.554035 -0.648131 -0.333743 -0.564278 -0.453631 0.884571 0.002998
VERTEX_POSE A362 -0.957375 0.789709 -0.033056 0.242193 0.729725 -0.378103 -0.305712 -0.579750 0.387438 -0.666405 -0.125826 -0.212250 0.535656 0.032394 0.479172 -0.037649 0.510986 0.657476 0.417253 -0.621209
VERTEX_POSE A363 -0.627845 0.856326 0.816060 -0.517067 0.679678 0.006865 -0.304510 -0.013761 -0.793947 0.523959 0.121597 -0.561494 -0.553337 -0.520759 0.109809 -0.081093 -0.476431 0.205590 0.565669 -0.697745
VERTEX_POSE A364 0.158298 -0.082486 0.898027 0.068273 0.672001 -0.153973 -0.188141 -0.653978 -0.540981 -0.312363 0.198881 0.024270 -0.593517 -0.507968 -0.546372 0.658704 -0.408257 -0.620097 -0.284393 0.328716
VERTEX_POSE A365 0.641269 0.578758 0.509129 -0.048394 0.451175 -0.855156 -0.512116 -0.006142 -0.242228 0.483897 0.412093 -0.079717 0.136510 -0.817768 -0.355331 0.468646 0.193157 -0.278241 0.515089 -0.352260
VERTEX_POSE A366 -0.820857 -0.179178 -0.647746 -0.674382 0.444850 -0.257422 -0.115892 -0.739210 0.210359 -0.240050 -0.318987 -0.632180 -0.331870 0.510744 -0.471540 -0.456081 -0.264431 -0.517186 0.781535 -0.145026
VERTEX_POSE A367 -0.846832 -0.840447 0.973457 -0.110452 -0.059966 0.645137 0.593390 0.164860 0.727895 -0.587941 0.078581 0.109276 -0.301416 -0.163462 -0.201923 -0.330705 0.813864 0.035389 0.319369 0.526832
VERTEX_POSE A368 0.455059 0.694577 -0.280451 0.826690 0.009853 -0.218530 0.426712 0.199131 -0.232031 -0.074692 -0.506708 -0.444024 0.213250 0.691819 0.542857 0.780555 -0.111934 0.637617 -0.396983 0.460924
VERTEX_POSE A369 -0.319517 0.876236 0.683497 0.516037 0.541933 -0.385600 -0.606638 0.598256 0.500773 0.437263 0.515506 0.416019 -0.237518 -0.323332 0.373960 -0.557323 -0.312360 -0.536304 0.271601 -0.417410
VERTEX_POSE A370 0.782053 0.482921 0.029410 -0.714145 -0.463092 -0.461607 0.240446 0.371841 -0.156374 0.630953 0.425800 0.297706 -0.558158 0.749733 0.777585 0.482217 0.127420 0.263056 0.003261 -0.319520
VERTEX_POSE A371 0.368030 -0.817107 -0.688259 -0.335942 0.025130 -0.575724 -0.544197 0.372315 0.528291 -0.283172 -0.359311 -0.464355 0.488932 -0.109324 0.013964 0.606030 0.070885 0.416689 0.131670 0.845755
VERTEX_POSE A372 -0.020943 -0.284768 0.306401 -0.566094 -0.000076 0.344349 0.126758 0.549099 -0.611430 -0.515270 -0.087016 0.572715 -0.801861 0.046967 0.397713 0.174877 -0.780530 0.146285 0.211816 0.281932
VERTEX_POSE A373 -0.464266 0.142618 -0.639209 -0.569210 -0.927367 0.660886 -0.427661 -0.457049 -0.095581 -0.102967 -0.687134 -0.619079 -0.363021 -0.241350 -0.099166 -0.817287 0.401152 0.401249 -0.082224 0.315879
VERTEX_POSE A374 0.142304 -0.589321 -0.278792 -0.355182 -0.716773 -0.421570 0.358708 0.076019 -0.703917 -0.054993 0.169831 0.338480 0.802307 -0.171792 0.403483 -0.459071 -0.013092 0.222291 0.117739 0.967313
VERTEX_POSE A375 0.579338 0.041087 -0.440403 -0.841134 -0.017070 -0.212917 0.480807 0.329676 0.676752 0.203123 -0.175576 0.269625 0.375410 0.745433 0.643629 -0.095399 -0.101709 0.098572 -0.759955 0.542653
VERTEX_POSE A376 -0.423388 -0.536278 -0.380811 0.074127 -0.402096 -0.263650 -0.677017 -0.625347 0.625218 -0.653430 0.325767 0.374033 0.265105 -0.521256 0.368672 0.088868 0.160465 -0.513587 -0.191049 0.453166
VERTEX_POSE A377 -0.984731 -0.393324 -0.286494 -0.302237 -0.697537 -0.626228 -0.393053 -0.647617 -0.339952 -0.559152 0.666462 0.378845 -0.335690 0.068630 -0.590403 0.514693 0.349389 -0.013132 0.394033 -0.098175
VERTEX_POSE A378 -0.593588 -0.711807 0.187752 0.058985 0.184906 0.244660 -0.653468 0.546032 0.335633 0.496240 -0.199416 -0.641810 -0.392456 -0.522572 -0.582002 0.315328 0.560946 -0.277211 0.270688 0.272653
VERTEX_POSE A379 -0.054514 -0.591038 -0.025054 0.394752 -0.188853 -0.011550 -0.325571 0.696099 0.595633 -0.698386 -0.281218 -0.634799 -0.176936 -0.248059 0.104651 0.071990 0.604961 0.480798 0.608089 -0.094083
VERTEX_POSE A380 -0.248258 -0.983304 0.612652 -0.113200 -0.539031 -0.910728 -0.250687 -0.014202 0.065259 0.426197 -0.709735 -0.157039 0.795376 0.483781 0.368664 -0.348871 0.199764 0.075767 -0.034308 0.471302
VERTEX_POSE A381 0.985921 0.569357 0.934434 0.414266 0.746761 -0.600685 -0.056151 0.752369 -0.122421 -0.042295 -0.414359 0.108720 0.976691 0.115618 -0.756201 0.158027 -0.492071 0.201324 -0.127122 0.082137
VERTEX_POSE A382 -0.793756 0.000532 -0.494358 0.120801 0.998702 0.384980 -0.548511 0.054096 0.719408 0.183491 -0.238573 0.523730 -0.049938 -0.113426 0.242687 0.334775 0.908743 0.032429 0.742225 -0.318556
VERTEX_POSE A383 0.733573 0.489339 -0.431303 -0.106941 -0.196272 -0.023888 -0.622143 0.568331 -0.361760 -0.288961 0.358865 -0.665729 0.544750 0.226403 0.580336 0.471472 0.648531 -0.297616 0.101986 0.276343
VERTEX_POSE A384 -0.962188 -0.831576 0.657633 -0.777020 0.037523 -0.191819 -0.429606 -0.010844 -0.591987 -0.353349 -0.655138 -0.154478 -0.242544 0.324168 0.081027 0.620231 -0.562971 0.763104 -0.497060 -0.385558
VERTEX_POSE A385 -0.999027 -0.466198 0.944955 -0.727693 0.765308 0.406412 0.421386 -0.282216 0.418910 0.025759 0.902301 0.523094 -0.603149 -0.211543 -0.506360 0.196369 0.219225 0.359605 0.647627 -0.115748
VERTEX_POSE A386 -0.798958 -0.129981 0.260157 -0.245603 -0.733709 0.094920 0.573288 0.056860 -0.496087 -0.170837 -0.677303 0.649188 0.379331 -0.561921 0.053722 -0.260566 -0.463674 0.566177 -0.656024 0.085316
VERTEX_POSE A387 0.746084 -0.547643 -0.502125 -0.802724 0.672391 0.175245 -0.902305 -0.214815 0.691953 0.308591 -0.624040 -0.508771 0.203779 -0.262207 -0.479618 -0.083478 -0.703322 0.040115 0.205237 -0.031844
VERTEX_POSE A388 0.258900 0.613828 0.419804 0.978823 0.204950 0.414257 0.663268 0.291481 0.358058 -0.242649 0.316595 0.050997 0.428847 0.418251 -0.760238 0.019798 0.584461 -0.345865 0.562935 -0.546148
VERTEX_POSE A389 -0.262980 -0.040045 0.338371 0.029590 0.498798 0.209498 -0.389325 -0.371571 -0.494278 -0.177466 -0.532112 0.317256 0.637742 -0.676028 0.696788 -0.501721 -0.123894 0.354450 0.398113 0.326233
VERTEX_POSE A390 0.265266 0.181045 0.432093 -0.750950 0.733901 0.347548 -0.447279 0.244702 -0.241163 0.596988 0.552185 -0.406792 -0.467839 0.681356 0.210786 0.473850 0.198984 -0.781755 -0.011805 -0.362451
VERTEX_POSE A391 0.205384 0.712183 0.040214 0.393344 -0.824556 -0.432726 -0.215721 -0.114180 0.389113 -0.280159 -0.757056 0.499119 -0.331706 0.633666 -0.289317 0.611807 0.054998 0.573162 0.625011 -0.096293
VERTEX_POSE A392 0.917106 0.524728 -0.010731 0.383575 0.778319 -0.466574 0.468236 0.007188 0.534619 -0.192875 -0.580230 0.216207 0.827345 -0.352459 0.578046 0.242920 0.728411 -0.340012 -0.006719 0.092043
VERTEX_POSE A393 0.307890 -0.029246 -0.600964 0.491244 0.463626 0.509495 -0.145090 0.344892 -0.522503 -0.410299 -0.164234 0.606275 -0.582321 -0.349625 0.154266 0.208735 0.657340 0.275750 0.654167 -0.547488
VERTEX_POSE A394 0.577539 0.568509 -0.143726 0.876277 0.855122 0.504526 0.367458 -0.715238 0.644832 0.233327 0.554385 0.253108 0.013648 0.384327 0.114137 -0.744462 -0.053461 -0.502548 0.506086 0.174717
VERTEX_POSE A395 0.075404 -0.557758 -0.112704 -0.548153 0.450320 -0.433247 0.209812 0.474592 -0.847317 -0.219121 -0.305892 0.066130 -0.382936 0.748830 0.225370 -0.729111 -0.290059 0.197955 0.479293 -0.190558
VERTEX_POSE A396 -0.050840 -0.450488 0.908165 -0.557150 -0.085198 -0.154917 -0.728198 0.508858 -0.485467 0.513920 0.533204 0.480015 0.128980 0.675343 -0.077704 0.408018 0.015468 0.709838 0.149997 0.020724
VERTEX_POSE A397 0.756683 -0.610669 0.208528 -0.798105 0.299972 0.343451 -0.700929 -0.582072 -0.632334 -0.029010 -0.232340 0.664539 0.122561 0.281658 0.089882 0.260525 -0.556949 0.180288 0.651892 -0.466569
VERTEX_POSE A398 0.228571 -0.398205 -0.139246 0.341395 -0.609646 -0.110030 0.260763 0.463812 -0.057673 -0.374391 0.670183 -0.441323 -0.731272 0.042511 0.613508 0.016625 0.492889 -0.642969 0.506754 0.301641
VERTEX_POSE A399 -0.595781 -0.755911 -0.372286 -0.730461 0.924654 -0.519453 -0.429489 -0.437786 -0.398570 0.429014 0.521232 -0.397501 0.697480 -0.504943 0.110373 0.207451 0.340330 -0.633341 -0.319330 0.407270
VERTEX_POSE A400 -0.562834 -0.734433 -0.107975 0.717932 -0.158096 -0.252970 -0.800225 -0.511510 -0.303436 -0.303329 0.353527 -0.427512 0.458050 -0.489901 0.508622 -0.237871 0.243663 0.634405 0.035206 -0.560359
VERTEX_POSE A401 0.010624 -0.915285 0.890163 0.627250 -0.072737 -0.778882 -0.440571 0.399092 -0.371153 0.395634 -0.513666 -0.364033 0.606821 -0.003010 -0.187674 0.406539 0.392391 -0.296390 -0.340389 -0.650303
VERTEX_POSE A402 0.772249 -0.573018 -0.060545 -0.066403 -0.050215 -0.180736 -0.094417 0.148808 -0.107551 0.535216 -0.821472 -0.579583 -0.402046 -0.243456 0.719009 -0.506507 -0.406637 0.320746 0.535199 0.280027
VERTEX_POSE A403 0.416223 -0.019202 -0.801574 -0.848161 0.841829 0.742186 -0.418743 0.395184 0.087755 0.515831 -0.067688 0.232065 -0.340650 -0.299018 0.204296 0.530250 0.633259 -0.588106 -0.401702 0.590609
VERTEX_POSE A404 0.546358 0.227334 -0.749046 -0.941959 -0.000104 -0.032458 0.705958 0.132087 0.827024 0.155386 -0.525613 0.173178 0.566564 0.467238 0.530894 -0.368544 0.646553 -0.056022 0.143731 -0.264465
VERTEX_POSE A405 -0.085447 -0.162339 0.660663 0.578415 0.233011 0.725219 -0.152928 -0.480689 0.275853 -0.525980 0.125685 0.210233 -0.107975 -0.313280 -0.552826 -0.688101 -0.410060 0.219427 -0.463482 0.697745
VERTEX_POSE A406 -0.004440 -0.978114 -0.241977 -0.689295 -0.175241 0.805299 0.025201 0.229817 -0.121934 -0.471991 -0.523456 0.063836 -0.655599 0.617150 -0.567636 0.164700 0.528394 -0.101690 -0.565379 -0.114469
VERTEX_POSE A407 -0.877030 0.691055 -0.129857 0.132168 0.597800 0.581009 0.241773 0.697970 -0.453517 -0.221485 0.428905 -0.125764 0.659525 -0.392532 0.474994 -0.612642 -0.381852 0.464021 0.286682 -0.170252
VERTEX_POSE A408 -0.070179 0.444337 -0.625831 -0.723823 0.535474 0.405780 0.423777 0.136188 0.005268 0.312351 -0.442021 -0.626160 -0.134793 -0.563558 0.593501 -0.682870 -0.402322 0.301654 0.488231 -0.553724
VERTEX_POSE A409 0.401972 -0.689922 0.945775 0.369689 -0.990334 0.612801 -0.535316 -0.496883 -0.362019 0.440752 -0.563364 -0.290229 -0.459655 0.520155 0.068887 0.095383 0.144592 0.635955 0.546621 0.379815
VERTEX_POSE A410 0.068456 -0.899983 0.845090 -0.473081 -0.591054 0.828069 -0.283433 -0.345655 -0.523109 -0.602347 -0.393066 0.194354 -0.260628 0.456909 -0.020041 -0.189527 0.708995 -0.049826 0.673051 -0.120756
VERTEX_POSE A411 0.681563 0.461032 0.986821 0.162978 0.996443 -0.657585 -0.101593 0.120843 -0.430882 -0.503924 -0.626183 0.090228 0.151668 0.097744 -0.609535 0.431854 0.378378 0.047410 -0.725423 0.663752
VERTEX_POSE A412 0.387893 0.879435 0.880208 -0.216045 0.756426 -0.029255 0.579744 0.368289 -0.676162 0.319524 0.306020 0.606762 -0.069236 0.366653 0.141327 -0.104671 0.746473 0.392194 0.738953 -0.281174
VERTEX_POSE A413 0.274700 0.100549 -0.649268 0.647720 -0.592352 -0.541143 0.509566 -0.331866 -0.156343 -0.485527 -0.030438 -0.414351 -0.544101 -0.593496 -0.713386 0.065035 0.573764 -0.045983 -0.452030 0.455517
VERTEX_POSE A414 0.415136 -0.049629 -0.444483 -0.943963 -0.199829 -0.274931 0.440082 -0.832933 0.390793 -0.368891 -0.138091 -0.121101 -0.789973 -0.450943 0.601990 0.069213 -0.268474 -0.628201 -0.203470 0.108285
VERTEX_POSE A415 0.425705 -0.952141 0.537841 0.006935 -0.206051 0.304897 -0.006665 -0.700166 -0.323037 -0.894804 -0.103344 0.036795 0.242683 -0.457500 0.821895 -0.233688 0.396663 -0.354710 0.292876 0.363923
VERTEX_POSE A416 0.275673 0.634351 -0.704313 0.920027 -0.827045 -0.643096 -0.348638 0.650726 0.392567 -0.099796 0.143826 0.359072 -0.369117 0.006427 -0.542189 0.243628 -0.579489 0.097039 0.820299 0.469064
VERTEX_POSE A417 0.616178 0.820391 0.815674 -0.189565 0.066461 0.665884 -0.598574 0.413227 -0.454244 0.102041 0.883372 0.165699 0.257918 0.002906 0.413739 0.342566 0.161180 0.389391 0.668897 0.151357
VERTEX_POSE A418 0.171788 -0.499784 -0.964283 0.204211 -0.533660 -0.038289 -0.650366 -0.183236 0.435787 -0.542350 -0.317180 0.461821 0.417571 0.014205 -0.686763 -0.171216 0.273871 -0.351713 0.281425 -0.889165
VERTEX_POSE A419 -0.465427 0.248179 0.715490 0.898850 0.377905 -0.635703 0.295569 0.407782 -0.509457 -0.200113 -0.020727 0.340377 -0.659667 0.406939 -0.459391 -0.643917 -0.391476 0.097156 0.151010 -0.717239
VERTEX_POSE A420 -0.646803 -0.219654 0.154045 0.840025 -0.434741 -0.308243 0.000620 0.612255 -0.486926 0.726944 -0.368221 0.513282 0.150592 -0.474844 0.359435 -0.174054 -0.043110 -0.524631 -0.646977 -0.512076
VERTEX_POSE A421 -0.562946 0.681261 0.467809 0.453262 -0.799759 -0.230911 0.155006 -0.071289 0.427588 0.782357 0.441945 0.521241 -0.542302 0.336170 0.683503 -0.081607 -0.387565 0.158053 0.251277 -0.732384
VERTEX_POSE A422 0.739957 -0.039639 -0.244295 0.292194 0.553350 0.784445 -0.382426 -0.011711 0.143517 -0.575833 -0.348113 -0.590889 -0.557335 -0.193715 -0.112223 -0.458263 0.730290 0.048012 0.039233 0.554825
VERTEX_POSE A423 -0.729696 -0.694926 -0.856686 0.223599 -0.656422 0.579383 -0.343645 -0.467629 -0.458927 0.439340 -0.392485 -0.506003 -0.363793 0.378703 -0.055844 -0.621614 0.201310 -0.441072 -0.412479 -0.665835
VERTEX_POSE A424 0.744944 -0.347985 0.866846 -0.055495 0.663867 -0.554201 -0.184075 0.467930 0.430661 0.087645 0.210314 -0.167280 0.775315 0.529310 -0.414973 -0.469656 0.229090 0.554262 -0.369789 0.635734
VERTEX_POSE A425 0.317497 -0.471130 0.611979 0.168471 0.408472 -0.465681 -0.880299 0.039574 -0.605833 0.315564 0.034759 -0.469910 0.257722 -0.606083 0.423815 -0.240593 -0.693065 -0.125191 -0.034450 -0.386718
VERTEX_POSE A426 0.345708 -0.252684 0.030610 0.675446 0.793898 0.234910 -0.833473 0.232717 0.139438 -0.119196 0.506239 0.172092 -0.375075 -0.209960 -0.293429 -0.332744 -0.729371 0.899810 0.199289 -0.336897
VERTEX_POSE A427 -0.305896 0.201527 0.775011 0.387355 -0.421331 -0.053398 0.575800 0.586633 -0.667391 -0.176575 -0.143110 -0.542208 0.443551 -0.476520 -0.266639 -0.661591 0.275683 0.432033 -0.053252 -0.576462
VERTEX_POSE A428 0.074180 -0.081799 -0.179493 0.370366 -0.291556 0.547982 -0.087516 0.778002 0.507333 -0.051995 -0.141870 0.102163 0.535693 0.212683 0.335182 -0.705357 -0.254756 -0.565282 -0.452926 0.514247
VERTEX_POSE A429 -0.425721 0.349110 0.891364 0.016841 -0.815748 -0.136464 0.102278 0.549135 -0.082170 -0.094813 0.541500 -0.764131 0.219832 0.274504 -0.503469 -0.772292 -0.288329 -0.370471 0.579473 -0.496731
VERTEX_POSE A430 0.098323 0.445616 -0.597275 0.656894 -0.496677 0.615652 0.438691 -0.023515 0.372391 0.253348 0.283595 0.504884 0.039810 -0.495278 -0.195517 0.606570 0.547496 -0.434928 0.611435 -0.611530
VERTEX_POSE A431 0.511345 0.183767 0.712532 0.088298 0.550348 0.571339 -0.635914 -0.472975 -0.602927 -0.089550 -0.276664 -0.498341 -0.507752 -0.185669 0.169494 0.540379 -0.565499 -0.181602 0.194351 -0.587784
VERTEX_POSE A432 0.584903 0.433826 0.781527 -0.355909 0.111515 -0.402518 -0.333395 -0.429428 0.327168 0.676596 -0.451138 0.542007 -0.053861 -0.370439 -0.659347 0.524253 -0.217328 0.049289 0.391564 0.653919
VERTEX_POSE A433 -0.129428 0.872598 0.342180 -0.409509 0.453107 0.183248 -0.539489 0.245240 0.498322 -0.339946 0.589104 -0.464261 -0.097832 0.224927 -0.700648 -0.416707 0.226142 -0.107927 0.640448 0.700772
VERTEX_POSE A434 -0.072432 -0.835434 0.910958 0.240137 0.392177 0.376072 -0.405335 -0.359840 -0.299948 0.725837 -0.415846 0.869990 0.398742 0.068210 0.100575 0.080426 -0.677309 0.040029 0.378682 0.483930
VERTEX_POSE A435 0.131260 -0.338841 -0.967519 -0.297868 -0.888589 0.520115 -0.443538 -0.507466 0.302725 -0.593589 0.522285 0.057740 0.167268 -0.616997 -0.287977 -0.566143 -0.287724 -0.742680 -0.320045 -0.078903
VERTEX_POSE A436 0.785124 -0.289741 0.002844 -0.831094 -0.313881 0.656440 0.545124 -0.328575 -0.657194 0.373277 -0.281772 0.338894 -0.542234 -0.004256 -0.123934 -0.280395 0.312044 -0.083510 -0.436880 -0.845727
VERTEX_POSE A437 0.923128 -0.813549 -0.331019 0.550841 -0.783064 0.294065 -0.371247 -0.419879 0.553917 0.023404 0.740437 -0.663546 -0.261282 0.164926 -0.323929 0.679250 0.196741 0.247950 0.576176 -0.457763
VERTEX_POSE A438 0.254230 -0.647785 -0.097376 0.834300 0.709210 -0.324106 -0.503684 0.509022 -0.210402 0.362981 -0.338180 -0.538243 0.279948 -0.374511 -0.596052 0.372600 0.527672 0.453544 0.630354 0.455889
VERTEX_POSE A439 -0.285055 -0.845404 0.377013 -0.554917 -0.778408 -0.172343 0.109614 -0.134200 0.368209 -0.512404 0.218996 0.501568 0.608170 0.605648 -0.530281 -0.330489 0.752992 0.549501 -0.496320 -0.014997
VERTEX_POSE A440 0.325100 -0.503470 -0.385245 -0.079469 -0.773398 -0.320771 0.043237 -0.423374 -0.237889 0.907517 0.091270 0.002469 0.334041 -0.165032 0.202904 0.079240 0.828187 0.894058 0.238078 -0.315112
VERTEX_POSE A441 -0.677314 -0.547769 -0.252286 -0.638781 -0.881843 0.661843 -0.635734 -0.090562 0.509361 0.571162 0.507923 0.462732 0.075431 0.096538 0.110494 -0.254994 -0.088582 -0.276017 -0.445986 0.846550
VERTEX_POSE A442 -0.603492 0.615628 0.363834 0.608061 -0.781965 0.187038 0.322206 0.444531 -0.438374 -0.336365 0.494288 -0.593449 0.292064 -0.616958 0.648584 -0.054522 -0.359013 0.001162 0.833527 0.220326
VERTEX_POSE A443 -0.287007 -0.624035 -0.505036 0.704486 0.983028 0.534324 -0.141816 0.577841 0.265725 -0.155581 0.523792 0.109373 0.165339 -0.161534 -0.739702 0.234000 0.602395 -0.291147 -0.934660 -0.052625
VERTEX_POSE A444 0.597386 0.552780 0.098446 -0.991061 -0.474196 0.103361 -0.757422 -0.566725 0.289977 -0.026114 0.361836 -0.654598 -0.318285 0.509419 0.466728 -0.518714 0.531508 -0.508818 -0.235074 -0.076743
VERTEX_POSE A445 0.811644 -0.434001 0.919351 0.664098 0.018206 0.450674 0.234047 -0.211044 0.529212 -0.559781 0.617686 0.463060 0.725130 0.219709 0.397453 -0.322652 -0.712900 -0.380045 0.044141 0.132011
VERTEX_POSE A446 -0.861302 -0.576176 -0.967195 -0.288579 -0.223023 -0.062302 0.156882 -0.915692 0.742508 -0.170950 -0.292537 0.588420 0.193699 0.152843 -0.274784 0.396328 -0.171438 0.151839 0.866931 0.152245
VERTEX_POSE A447 -0.126941 0.187131 0.394133 0.928966 -0.301240 0.079863 0.769777 -0.279193 -0.596602 -0.401182 -0.344735 -0.089604 -0.007830 0.880279 0.788653 -0.412952 -0.142456 0.087664 0.275511 0.089578
VERTEX_POSE A448 0.427822 -0.613610 0.735025 -0.525467 -0.915333 0.532294 -0.651279 0.129274 -0.281220 0.088713 -0.612157 0.293064 0.696829 0.155066 0.105479 -0.143953 -0.708235 0.735232 0.248341 -0.287940
VERTEX_POSE A449 0.310486 -0.075960 -0.931478 0.915632 0.243317 0.398050 0.496741 -0.563697 -0.174953 -0.703999 -0.682942 0.628148 -0.059640 -0.193194 -0.310094 0.427929 -0.375229 0.565879 -0.266371 0.194202
VERTEX_POSE A450 0.407632 -0.564691 0.109623 0.827816 -0.923335 -0.586025 -0.497251 0.069744 -0.577200 0.124959 -0.696434 0.182756 0.493396 -0.475418 -0.508107 0.408164 0.428261 0.178444 -0.571917 -0.317309
VERTEX_POSE A451 0.781019 0.166736 -0.110930 -0.685443 -0.350074 -0.133995 0.550518 -0.640401 0.182010 0.069079 0.581471 -0.537870 0.320213 0.451146 -0.540410 -0.722783 -0.198913 -0.606276 0.259243 0.093160
VERTEX_POSE A452 0.747540 -0.394699 0.536331 0.368894 0.443558 0.732068 -0.077447 0.521476 0.061891 0.655679 -0.120525 0.324601 0.463115 -0.550893 0.175357 0.456137 0.428938 0.569325 -0.376233 -0.475464
VERTEX_POSE A453 0.147590 0.395671 0.865328 0.120010 0.630015 0.430255 0.008322 0.602572 -0.388169 0.588598 0.449266 0.527411 -0.325945 0.356142 0.517250 0.738507 -0.177023 0.344232 0.043019 -0.526206
VERTEX_POSE A454 -0.948677 0.471809 0.032383 0.538157 -0.006496 0.078553 -0.469004 0.574377 -0.701754 -0.238221 -0.322169 -0.346891 -0.108929 -0.376371 0.275805 0.592475 -0.319520 -0.552240 0.600328 0.567935
VERTEX_POSE A455 0.492484 0.257316 0.403177 -0.686601 0.107425 0.240007 -0.714442 0.281975 0.688537 0.260976 -0.559672 -0.602105 -0.215516 -0.698019 0.038709 0.387990 0.104652 0.322931 -0.473794 -0.330265
VERTEX_POSE A456 -0.534913 0.924541 0.477307 -0.711519 0.038487 -0.563790 -0.365413 0.556788 0.586717 -0.215957 -0.071171 0.441631 -0.431818 0.102592 0.039397 0.765958 0.072666 -0.375917 -0.216052 -0.817996
VERTEX_POSE A457 0.397031 -0.780875 -0.937006 0.213603 -0.212598 -0.488626 0.548693 0.523085 -0.228255 0.357036 0.101770 -0.201916 0.140999 -0.600639 0.772411 0.246508 0.366871 -0.267871 -0.700581 0.469747
VERTEX_POSE A458 -0.813412 -0.541158 0.178188 0.700754 0.686094 0.267171 0.168359 -0.196055 0.473719 0.444388 -0.562845 0.066529 -0.284803 0.365952 -0.611043 -0.328218 -0.682041 0.571324 -0.765071 -0.213700
VERTEX_POSE A459 0.539266 -0.157258 -0.702185 0.658847 0.746931 -0.382045 -0.251197 -0.401941 0.528518 -0.142953 -0.367665 -0.523733 -0.420768 -0.423063 -0.326674 -0.331733 0.714184 -0.440112 0.793329 -0.119267
VERTEX_POSE A460 0.971309 0.568235 0.954357 -0.769556 -0.028346 -0.021638 -0.487525 -0.434413 -0.724152 0.284404 0.417089 0.133740 0.772988 -0.567717 0.029623 0.261457 0.157696 0.675553 0.124754 0.538657
VERTEX_POSE A461 0.284911 0.904458 0.580913 0.357648 -0.810584 -0.249079 0.099526 -0.771012 -0.579280 -0.615828 -0.128724 0.165860 -0.707478 0.263165 -0.424935 0.302584 0.552510 -0.627945 0.136997 0.120198
VERTEX_POSE A462 0.050612 -0.973491 -0.989653 -0.252854 0.297279 -0.837154 -0.070520 0.450497 -0.471010 0.415565 -0.655422 -0.219506 -0.752660 -0.117279 0.124298 -0.448867 -0.187820 0.117005 0.233138 0.564308
VERTEX_POSE A463 0.556212 0.002061 0.735885 -0.125464 -0.916831 0.581327 -0.231396 0.456897 0.030533 -0.462499 0.599041 0.078160 0.579875 0.442112 -0.470485 -0.575790 -0.004417 0.658530 -0.254484 -0.486737
VERTEX_POSE A464 -0.844517 0.777056 -0.076907 0.948139 0.642524 0.588323 -0.722182 -0.268097 -0.533553 -0.194239 -0.281972 -0.453818 -0.381303 -0.473893 -0.132471 0.258569 -0.397894 0.381705 0.477990 -0.682438
VERTEX_POSE A465 0.978180 -0.808925 0.921305 0.987283 -0.310544 0.345097 0.514037 -0.362807 -0.182786 -0.472023 0.392188 -0.004604 -0.358255 0.042261 0.657270 -0.590264 -0.418959 -0.644572 -0.190269 -0.732972
VERTEX_POSE A466 -0.312527 0.663221 0.768366 0.576667 -0.805420 -0.773113 0.327221 -0.246174 0.226743 -0.470922 -0.505963 -0.031325 -0.539229 0.448924 0.281638 0.090632 -0.653072 0.520176 0.610064 0.235296
VERTEX_POSE A467 0.940607 -0.512685 0.925936 -0.882956 -0.671358 -0.389529 -0.637316 -0.465082 -0.682895 -0.091854 0.715861 -0.333207 0.051092 -0.169916 0.417154 -0.145517 0.445415 0.311251 -0.749403 0.209703
VERTEX_POSE A468 0.901308 -0.622474 -0.409715 0.538124 -0.093608 0.806244 0.208970 0.195291 0.447070 -0.503233 0.374460 -0.158797 -0.625423 0.184873 0.335894 0.054255 -0.702515 -0.109809 0.555870 0.542158
VERTEX_POSE A469 0.941703 -0.984565 -0.329010 0.410967 0.903790 0.294495 -0.504820 0.797891 0.429580 -0.626995 -0.473345 -0.536424 -0.183805 0.177498 0.210228 0.431882 0.328229 -0.629911 -0.362941 0.008610
VERTEX_POSE A470 -0.344448 -0.358089 0.302949 -0.437873 -0.449765 0.015937 0.101522 -0.385042 0.860074 -0.192097 0.386037 -0.274974 0.578370 0.537374 0.031274 -0.176620 -0.520735 0.428287 0.766215 -0.377865
VERTEX_POSE A471 0.226408 -0.125944 0.205041 -0.541346 0.132994 0.571682 0.387878 0.459055 0.407222 -0.134555 0.507328 -0.387878 0.099443 0.445165 -0.578755 0.426521 0.407178 -0.148134 -0.799773 0.409781
VERTEX_POSE A472 -0.735611 -0.532333 0.418704 0.772186 -0.978053 0.481158 0.729482 0.057234 -0.488454 0.156059 0.437363 0.537810 -0.528895 0.627035 0.284283 -0.317987 -0.637639 0.399804 0.250312 0.075381
VERTEX_POSE A473 0.052060 -0.742461 -0.333217 -0.829812 -0.231730 -0.320849 0.647481 0.355795 -0.578307 -0.563032 0.432930 -0.013167 0.424860 0.475306 -0.749960 0.150287 -0.495510 -0.001794 -0.246312 0.463181
VERTEX_POSE A474 0.939402 0.250021 0.700004 -0.836860 0.116022 -0.697431 -0.432958 0.459481 -0.515320 -0.169206 -0.449756 -0.241856 0.680205 0.564330 0.387712 -0.352831 0.471943 0.198043 -0.443563 0.213069
VERTEX_POSE A475 0.861775 -0.979553 -0.482849 0.781125 -0.452248 0.201487 -0.733603 -0.075755 0.159084 0.606590 0.027489 -0.449695 0.001482 -0.878022 -0.446583 -0.287856 0.358344 0.729680 -0.104940 -0.306876
VERTEX_POSE A476 -0.136296 -0.176462 -0.413866 0.834286 0.786475 0.270461 -0.723984 -0.047193 0.497366 0.239770 -0.802779 -0.361070 -0.433834 -0.503552 -0.337875 0.465267 -0.192241 -0.659506 -0.116926 -0.250594
VERTEX_POSE A477 -0.921901 0.673845 0.732809 -0.125439 0.892999 0.297233 -0.585035 0.344802 0.655138 0.511213 0.319009 0.504388 -0.163542 0.190541 -0.428874 -0.109721 0.819572 0.210017 -0.598005 -0.267097
VERTEX_POSE A478 -0.265166 0.207577 0.911283 0.710092 0.246512 0.589816 -0.445857 0.079750 0.078953 -0.291029 -0.755580 -0.614318 0.029905 0.198039 -0.508337 -0.694192 -0.145185 -0.100449 0.483443 -0.602031
VERTEX_POSE A479 -0.708474 0.209928 -0.678841 -0.691181 0.871142 0.293618 -0.016371 0.003558 0.166561 -0.586124 -0.587878 0.335766 0.263719 0.508686 0.502893 0.637217 -0.559432 -0.721392 0.424967 -0.287510
VERTEX_POSE A480 0.388586 -0.402115 0.801331 -0.209807 0.136316 -0.193852 0.549892 -0.631581 -0.026164 0.589348 -0.124341 0.401294 0.559637 0.612868 -0.642888 -0.025316 0.163584 0.622411 -0.190929 -0.428110
VERTEX_POSE A481 -0.857533 0.642887 0.020907 0.537908 0.323177 0.523829 0.471826 0.353987 -0.684501 0.224625 0.668153 -0.317946 -0.531836 -0.144433 -0.124779 0.164473 0.087435 -0.374702 0.645773 -0.632265
VERTEX_POSE A482 -0.927454 -0.623336 0.210228 -0.376624 -0.478932 0.285490 0.198276 0.437598 -0.575079 0.654621 -0.068202 -0.282507 -0.697654 -0.161957 -0.388189 -0.199131 0.857499 0.597728 0.076055 0.205723
VERTEX_POSE A483 0.136126 0.203186 0.337662 -0.840913 -0.420126 -0.492842 -0.640336 0.128673 0.689629 -0.556777 0.368759 -0.491162 -0.014726 0.638564 -0.076488 0.283573 0.003751 -0.185548 -0.446474 -0.663086
VERTEX_POSE A484 0.290057 0.038558 -0.113765 -0.342082 -0.046808 0.538317 -0.144274 -0.526929 0.467275 -0.204724 -0.392420 0.632887 0.547822 0.460021 0.215113 -0.018628 0.320081 -0.212247 0.798008 -0.504264
VERTEX_POSE A485 -0.876131 0.848473 -0.757388 -0.838467 0.514572 0.289351 0.504381 -0.710949 -0.411938 -0.624761 -0.326660 0.570557 -0.499576 -0.033314 -0.297804 0.322837 0.474783 0.576507 -0.038381 0.401643
VERTEX_POSE A486 -0.371390 -0.539498 -0.259161 -0.527514 0.687299 -0.218878 -0.374647 -0.607032 -0.359614 0.212612 0.614981 0.706049 -0.254228 0.019209 -0.374194 -0.811482 0.279736 -0.429236 0.302160 -0.417958
VERTEX_POSE A487 0.755144 -0.036901 -0.636458 -0.053601 0.991679 0.352606 -0.756399 -0.063549 0.556058 -0.250367 -0.046217 -0.458548 -0.505028 0.611916 0.020190 -0.147457 -0.543243 -0.596486 -0.297287 -0.569449
VERTEX_POSE A488 0.520900 -0.932402 -0.694395 0.375136 -0.698026 -0.423335 -0.696312 -0.276119 0.402022 -0.568767 0.089977 0.703765 -0.121917 0.298642 -0.062395 0.405157 -0.006131 0.399984 0.112415 -0.909086
VERTEX_POSE A489 -0.184802 -0.080656 0.919027 -0.826760 0.373393 0.334046 0.361970 -0.766699 0.371603 -0.186915 0.373241 0.017019 -0.677824 -0.072530 0.723824 -0.373621 -0.159387 0.475514 0.484770 0.492138
VERTEX_POSE A490 0.294410 0.805840 -0.338643 -0.394754 0.738609 -0.265769 -0.591194 -0.680316 0.247919 -0.692122 0.236824 -0.245177 0.051337 -0.301678 -0.708157 -0.276051 0.593851 -0.553448 0.304331 -0.193433
VERTEX_POSE A491 0.492209 0.635833 -0.740037 0.605580 0.273628 -0.250572 -0.363378 0.554528 -0.542249 -0.692761 -0.377917 -0.634786 0.327460 0.289989 -0.440737 0.455680 0.062594 -0.214424 0.270488 -0.679460
VERTEX_POSE A492 -0.899891 -0.176198 0.499940 0.530888 0.562809 -0.170970 0.559820 -0.038558 -0.664603 -0.198046 -0.570467 -0.479024 -0.558763 0.362320 0.086708 -0.251821 0.556445 -0.540454 0.521295 0.481844
VERTEX_POSE A493 -0.654979 0.832349 -0.328296 0.352392 0.035888 -0.537150 -0.665291 0.270709 0.056831 -0.246414 -0.619415 0.287146 -0.412912 -0.569896 0.040992 0.480013 -0.147160 0.790005 -0.309450 0.443401
VERTEX_POSE A494 0.048421 -0.362105 0.995847 -0.519884 0.356797 0.289986 -0.518969 0.190025 -0.540239 -0.519874 0.000711 -0.102240 -0.392794 0.668800 -0.395856 -0.328910 -0.628844 -0.675940 0.444896 0.348069
VERTEX_POSE A495 -0.744408 -0.399141 -0.576968 0.479026 0.205333 0.618848 0.146538 -0.218742 -0.645557 -0.237651 0.269445 -0.214938 0.656992 -0.183102 0.070788 0.591475 0.724801 -0.386102 0.374924 -0.566294
VERTEX_POSE A496 -0.676799 -0.976577 -0.406992 0.339675 0.725344 0.598448 0.665360 0.274414 -0.243228 0.178418 -0.621806 -0.654743 0.258580 0.304623 0.098010 -0.587658 0.505437 -0.380008 0.336537 0.435652
VERTEX_POSE A497 0.735894 -0.698885 0.764213 -0.943217 0.551377 -0.630983 -0.021462 0.592153 0.620691 -0.109715 0.013231 0.313758 0.636827 0.407415 -0.315286 0.640610 -0.604641 -0.136942 -0.414212 -0.342931
VERTEX_POSE A498 -0.803801 0.088174 -0.651031 0.596070 0.533975 0.295131 -0.717547 0.503835 -0.349502 -0.477612 0.093724 0.650422 -0.017630 -0.335148 0.256196 -0.412202 -0.629043 0.549601 0.294605 0.478903
VERTEX_POSE A499 -0.775491 -0.599050 0.183294 -0.122201 -0.368263 0.515359 0.300943 0.097536 0.397318 0.321090 -0.754706 -0.105759 -0.584968 -0.133400 0.583457 -0.673575 -0.105345 0.474276 0.102192 0.626109
VERTEX_POSE A500 0.677597 -0.683450 -0.564797 0.467750 0.455167 -0.563704 -0.386861 0.245940 0.027156 0.113456 -0.494636 0.470358 -0.445050 0.613946 -0.615056 0.353169 0.404915 0.286304 0.717405 0.392382
VERTEX_POSE A501 -0.148249 0.730085 0.651918 -0.841803 -0.915790 -0.599769 -0.010085 0.671713 0.034655 0.688772 -0.343617 0.470651 -0.015152 0.448161 0.563918 0.322697 0.451604 -0.315531 0.648944 0.161042
VERTEX_POSE A502 0.450917 0.275005 -0.611666 0.336453 0.764731 0.528681 -0.613091 0.545052 0.229889 0.547835 0.136188 -0.433822 0.263706 0.643039 -0.316577 -0.406564 -0.433195 -0.615813 -0.298599 0.288468
VERTEX_POSE A503 0.941986 -0.215783 0.853908 0.239936 0.477115 -0.225840 -0.312239 -0.339677 0.327136 -0.698679 0.625219 0.569025 -0.094865 -0.485171 0.632868 0.527922 0.235859 0.343025 -0.355884 -0.450222
VERTEX_POSE A504 0.903811 0.987624 -0.681299 -0.671614 -0.147520 0.495059 -0.564409 -0.597531 -0.717616 -0.318425 -0.477804 -0.362327 0.430103 -0.357399 0.219371 0.448123 -0.351820 -0.246048 -0.440732 0.403917
VERTEX_POSE A505 0.390319 -0.474974 -0.911661 0.499593 -0.119247 -0.016741 0.754518 0.438889 0.096650 0.539018 -0.476203 -0.512448 -0.157160 -0.458310 0.182190 0.272141 -0.602626 -0.833416 0.203478 0.086025
VERTEX_POSE A506 0.803761 -0.195336 -0.628942 0.021061 -0.975134 -0.467101 0.069893 0.487969 -0.474946 0.510360 0.233559 -0.133157 -0.447959 0.611766 -0.603562 -0.622050 -0.430823 -0.417404 0.383450 -0.384019
VERTEX_POSE A507 -0.232484 -0.188838 -0.095165 -0.837328 -0.361045 0.468256 0.523068 0.399470 -0.442898 0.415753 -0.453181 -0.373072 -0.594898 0.215871 -0.413653 0.151133 0.766868 0.523724 -0.420482 0.019065
VERTEX_POSE A508 0.468419 -0.801129 0.821148 -0.625846 -0.226248 0.401896 -0.187710 0.067030 -0.026546 -0.555334 -0.710691 -0.894982 -0.204156 0.068332 -0.007684 0.483296 -0.695002 -0.191635 0.617345 -0.052235
VERTEX_POSE A509 -0.461405 -0.987759 -0.717658 -0.268847 0.271378 0.273743 -0.430085 -0.354790 -0.611744 -0.491835 0.578936 -0.045934 0.728871 0.360804 -0.393248 0.079791 -0.251081 -0.627759 0.188428 -0.587993
VERTEX_POSE A510 0.059042 -0.978910 0.225993 -0.528509 -0.489903 -0.420209 -0.704241 0.493306 -0.640833 0.483719 0.187040 0.108130 0.005517 0.568532 -0.075191 0.513014 0.418494 0.628818 0.082746 0.472545
VERTEX_POSE A511 -0.142996 -0.203244 0.622479 0.164347 0.910069 -0.768098 -0.113614 -0.133443 -0.028418 -0.885381 0.037482 0.588664 -0.114558 -0.514648 -0.160735 0.419915 -0.316524 0.191981 0.117219 0.784690
VERTEX_POSE A512 -0.318938 0.655128 0.303249 -0.730939 -0.405446 -0.791383 -0.461477 -0.028213 0.243080 0.315169 -0.344625 -0.130665 0.430126 0.766410 -0.415825 0.503685 0.067438 -0.353045 0.498999 -0.537126
VERTEX_POSE A513 0.131588 -0.602247 -0.563778 0.094867 0.031166 -0.595355 0.062078 0.417521 -0.195497 0.518939 0.594400 -0.312766 0.401859 -0.508436 -0.096908 0.598284 -0.397405 0.707191 0.455429 0.236490
VERTEX_POSE A514 0.993130 0.999942 -0.039859 0.323434 -0.510057 -0.610485 -0.376320 0.310533 -0.547177 -0.323255 -0.615903 -0.047154 0.521926 -0.317617 -0.170771 0.025884 0.643467 0.544536 -0.693407 -0.096456
VERTEX_POSE A515 0.971119 -0.306314 -0.810517 -0.073022 0.547746 -0.282622 0.384430 0.339896 -0.278315 -0.480557 0.734685 0.297511 -0.592599 0.117207 0.798219 0.352917 0.473095 0.342053 -0.381516 -0.327341
VERTEX_POSE A516 0.255457 -0.753774 -0.321166 0.256400 -0.454262 -0.531622 0.597328 0.188895 -0.572431 -0.496152 0.569386 0.073067 -0.023359 0.425954 0.345634 -0.488908 0.165603 -0.514683 -0.396807 -0.656702
VERTEX_POSE A517 -0.378260 -0.539557 0.700980 0.795920 -0.822757 -0.514987 0.517289 -0.514378 -0.661127 -0.634535 0.248771 0.117837 0.142336 0.524076 0.515202 -0.424402 -0.435227 -0.135574 -0.359724 -0.457656
VERTEX_POSE A518 0.726263 0.656785 -0.446975 0.873377 0.539425 0.373068 0.440886 -0.131432 -0.070833 0.816736 0.309663 -0.333761 0.327668 -0.090944 0.493800 0.146626 -0.740712 -0.707509 0.098471 -0.574378
VERTEX_POSE A519 -0.223644 -0.686176 -0.015561 -0.368464 -0.152289 -0.325987 -0.090160 0.222732 0.278886 -0.503021 0.594439 0.436146 0.800873 0.234969 -0.789927 0.305258 0.283629 -0.041800 -0.065272 -0.679247
VERTEX_POSE A520 0.436938 0.379787 0.620007 0.969160 0.550636 -0.165070 0.563794 0.807887 0.000466 -0.446493 0.269193 -0.524794 0.462047 -0.435941 -0.587445 -0.516016 0.270823 0.593508 0.054964 0.107071
VERTEX_POSE A521 0.020672 0.462625 0.214382 -0.521376 0.278034 -0.161559 0.538436 -0.460506 -0.601663 0.221420 0.444654 -0.679717 -0.498007 0.014733 -0.366559 0.107364 -0.677320 0.124577 -0.633658 -0.362269
VERTEX_POSE A522 -0.731435 0.949657 0.244402 -0.762884 -0.878661 0.591646 0.618986 -0.114249 0.011671 -0.520720 -0.449092 -0.335746 0.485990 0.087376 0.487196 -0.322915 0.743158 0.547480 -0.072425 -0.474705
VERTEX_POSE A523 0.537047 -0.796410 0.119947 0.500048 0.113445 -0.457022 -0.725833 0.339119 0.427599 -0.138920 0.574092 0.026226 -0.581068 -0.411782 -0.648096 0.322188 0.425434 0.433097 -0.111457 0.452612
VERTEX_POSE A524 0.365694 0.294974 0.886086 0.831016 -0.686078 0.585179 -0.480447 -0.519215 0.146058 0.325637 0.142101 0.302933 0.256935 -0.468022 -0.063583 0.722390 -0.447694 -0.735133 -0.274350 -0.539212
VERTEX_POSE A525 0.316987 -0.412448 0.240249 -0.282769 0.478136 0.461447 -0.331125 0.636803 0.544998 0.748019 0.148247 0.213055 -0.355792 -0.427121 -0.269203 -0.224135 0.590114 0.610066 -0.392428 -0.204543
VERTEX_POSE A526 0.792639 -0.195551 0.542979 -0.020926 -0.681222 0.139315 0.418901 0.432594 0.102157 -0.505104 0.655957 -0.548433 0.488123 -0.102519 0.378072 -0.277371 -0.606693 -0.725560 -0.504176 -0.063222
VERTEX_POSE A527 0.688895 0.318397 -0.520906 0.170691 -0.960734 0.673940 0.623887 0.078388 -0.346566 0.370312 -0.733357 0.474054 -0.057546 -0.551638 -0.029804 -0.308235 -0.368516 -0.447305 0.612629 0.126229
VERTEX_POSE A528 0.052880 -0.111333 0.004462 -0.225986 0.029513 -0.572973 -0.101536 -0.098704 -0.554620 0.282456 -0.339238 0.253459 0.345546 0.587468 0.390435 -0.609060 -0.431334 0.383949 0.647730 -0.586522
VERTEX_POSE A529 0.988838 0.892623 0.891948 -0.424856 0.852754 0.375900 0.574287 0.346819 0.697885 0.006009 -0.298039 -0.298203 -0.419947 0.377766 0.404731 -0.668435 -0.195351 0.344853 -0.216790 0.781038
VERTEX_POSE A530 0.913404 0.719347 0.662388 -0.951511 -0.328997 -0.351896 0.040468 -0.429392 0.513259 -0.646872 0.332080 0.730428 0.376156 -0.529600 -0.266954 -0.047327 -0.027136 -0.089129 -0.660444 -0.651255
VERTEX_POSE A531 -0.269523 0.205218 0.439666 -0.758236 -0.515320 -0.418138 0.606883 -0.372121 0.027040 -0.423096 -0.609738 0.608767 0.234248 0.403141 0.614423 0.413624 -0.536012 -0.276254 0.476158 0.199784
VERTEX_POSE A532 -0.159411 0.622708 0.543866 -0.266659 0.936963 -0.096841 0.067063 -0.424846 -0.484212 0.359670 -0.201884 -0.055023 -0.875212 0.130221 -0.711669 -0.283834 -0.367404 0.496649 -0.139941 -0.791711
VERTEX_POSE A533 0.364321 -0.005648 -0.949278 0.384942 -0.564266 0.242267 0.303960 -0.259143 -0.188635 0.519933 0.753555 0.594592 -0.469353 0.182111 0.564816 -0.014555 0.463521 -0.482873 -0.645580 0.342030
VERTEX_POSE A534 -0.327537 0.989435 0.293573 0.481700 0.961795 -0.107921 0.059876 -0.102706 -0.239683 0.898466 -0.348122 -0.580839 -0.277599 -0.248351 0.350629 0.325590 0.609511 0.685996 -0.078125 -0.659606
VERTEX_POSE A535 -0.255600 0.610332 0.862567 0.061727 -0.210557 -0.094419 -0.457974 0.804741 -0.550502 -0.094414 -0.417022 -0.219885 0.665754 0.212130 0.221753 -0.537549 -0.363752 0.768445 0.221716 -0.034201
VERTEX_POSE A536 -0.245359 0.519378 -0.860939 -0.115465 0.316487 -0.085350 0.467890 0.563479 0.747597 0.120828 0.506649 -0.156540 0.618372 -0.156800 0.099504 -0.596725 0.214781 -0.631988 -0.167377 0.595887
VERTEX_POSE A537 -0.523776 -0.205901 0.664632 -0.497239 0.986661 -0.640944 0.511821 -0.098397 0.579228 0.166934 -0.683230 0.165356 0.780817 0.110090 0.404888 0.060522 0.705838 0.249816 0.311183 0.114843
VERTEX_POSE A538 0.511916 -0.578506 -0.232598 0.224398 0.428398 0.451401 0.369991 -0.527628 -0.454504 -0.019873 -0.483375 0.467067 -0.032030 -0.481906 0.602512 -0.126721 0.441853 0.092146 -0.919580 -0.245947
VERTEX_POSE A539 -0.776941 0.718249 0.960208 0.258689 -0.909761 -0.668296 -0.019235 0.315829 -0.651849 0.097418 -0.268781 -0.202261 0.689133 -0.285134 -0.199748 -0.670080 -0.585472 0.218322 0.257349 -0.635554
VERTEX_POSE A540 0.014819 -0.193660 0.946974 0.233913 0.258039 0.543306 0.734304 -0.091052 -0.114622 -0.245768 0.243185 -0.372312 0.251436 -0.761436 0.601889 -0.146298 0.084191 0.436801 -0.561937 -0.587960
VERTEX_POSE A541 -0.429043 -0.557416 0.993395 0.695889 0.938496 -0.470091 -0.736385 0.109856 -0.699697 0.483668 0.499153 0.070191 -0.037588 0.406186 -0.233666 -0.419641 -0.041629 -0.479491 0.215153 -0.756345
VERTEX_POSE A542 0.080063 -0.484995 0.582687 -0.576964 -0.999692 -0.094184 0.255384 0.788368 -0.580341 -0.566514 -0.202271 -0.222097 -0.551056 0.440376 0.323935 -0.313292 0.367852 0.707158 -0.460463 -0.091194
VERTEX_POSE A543 0.695881 -0.538532 0.250222 0.502974 0.852593 0.406692 -0.429985 0.099041 0.040437 0.227440 0.748831 0.569067 0.768943 -0.245840 0.508557 -0.386636 -0.351345 0.500500 -0.150408 0.495542
VERTEX_POSE A544 0.702545 -0.159663 -0.570383 -0.209244 -0.030339 -0.649206 0.134351 -0.634893 -0.248103 -0.439585 0.543560 0.457821 0.662388 0.036378 0.493534 -0.557627 -0.409253 0.252586 -0.197509 -0.364201
VERTEX_POSE A545 0.073193 -0.485053 -0.457172 0.746470 -0.509749 0.343688 -0.394706 -0.747912 0.632326 -0.234002 0.011853 -0.581969 -0.533376 -0.184628 0.138500 0.632190 -0.342291 0.352381 -0.324494 0.537808
VERTEX_POSE A546 0.667000 0.155154 0.439706 -0.570048 0.400339 0.204316 -0.138809 -0.707473 -0.162946 -0.517185 0.432350 0.245828 -0.721509 -0.314707 0.737022 0.359987 0.038850 -0.572775 0.251168 -0.460440
VERTEX_POSE A547 -0.041998 0.086563 0.108450 -0.952844 0.515399 -0.460088 0.315255 0.362804 -0.486155 -0.552161 -0.413821 0.399589 0.545882 -0.432863 0.206497 -0.199480 -0.567795 0.591321 -0.507891 0.432854
VERTEX_POSE A548 0.694933 -0.024610 -0.756191 0.542391 -0.332507 0.760283 -0.554478 0.283640 -0.573418 -0.486301 0.651516 0.227995 0.409549 0.433821 0.178235 -0.015380 0.030140 0.097015 0.536748 0.553142
VERTEX_POSE A549 0.393263 -0.188061 0.992731 -0.696670 -0.060236 0.255554 -0.191140 -0.929868 -0.386776 -0.009899 -0.024719 0.233031 -0.536902 0.314123 -0.157189 -0.820182 0.022645 -0.840288 -0.049042 -0.188543
VERTEX_POSE A550 0.734358 0.400388 -0.907111 -0.321309 -0.636890 0.001118 -0.414550 0.565372 0.463690 -0.560415 0.297279 -0.456819 -0.172628 -0.213140 -0.018354 0.647594 0.678162 -0.758927 -0.254766 0.294358
VERTEX_POSE A551 0.131870 -0.644822 0.863816 0.511551 -0.781871 -0.563901 -0.162203 -0.412598 -0.219702 -0.779834 0.566153 -0.674048 0.548906 0.465242 -0.373687 -0.230053 -0.314451 -0.199410 -0.106430 -0.440346
VERTEX_POSE A552 -0.586065 -0.725436 0.207113 -0.218046 -0.782202 -0.105738 0.497764 0.406183 -0.569356 -0.259044 0.686484 0.788920 -0.287933 0.542489 0.192729 0.452542 -0.064599 -0.071512 -0.630419 -0.255513
VERTEX_POSE A553 -0.997076 0.350045 0.337291 -0.084193 -0.515551 -0.228277 0.161688 0.652198 0.400517 0.381706 -0.401475 0.552062 -0.618083 0.424361 -0.313383 0.374949 0.371175 0.620076 0.552760 0.309197
VERTEX_POSE A554 -0.331082 -0.441233 -0.016237 0.011598 0.331574 -0.582679 0.377271 -0.008761 -0.060464 -0.631357 0.117458 -0.353796 0.461687 0.310058 0.599291 0.304336 0.656152 0.415342 0.391509 -0.677831
VERTEX_POSE A555 0.779629 0.569537 0.093199 -0.387030 -0.468280 -0.471327 0.157712 0.305008 0.151252 -0.519937 0.683656 0.146611 0.663732 0.627287 -0.535873 -0.438445 0.198452 0.668071 -0.268363 0.081925
VERTEX_POSE A556 0.319910 0.937597 -0.422460 0.633038 0.962585 -0.142009 -0.651657 -0.351598 -0.756119 0.138672 -0.462876 0.631223 -0.005489 -0.539944 0.017242 -0.688869 -0.008593 0.096841 0.285556 -0.608696
VERTEX_POSE A557 -0.538443 0.363216 -0.473258 0.990672 0.650352 0.051119 -0.582227 0.323104 0.837080 0.327765 0.351078 -0.062784 -0.385338 0.688386 -0.379086 0.631952 0.512746 0.386051 -0.075719 -0.188583
VERTEX_POSE A558 0.468524 -0.112065 0.572293 0.783661 -0.429014 -0.359347 0.419891 0.556670 -0.552842 0.288456 0.055333 -0.037257 0.434706 0.151733 -0.749618 -0.399005 -0.358002 0.043829 0.626347 -0.732030
VERTEX_POSE A559 -0.627209 -0.173736 0.582002 -0.592948 -0.007902 0.186627 0.151253 -0.371632 -0.635904 -0.309153 -0.638455 -0.574994 0.064367 0.645060 0.304368 0.409463 -0.095241 -0.370861 0.842463 -0.170562
VERTEX_POSE A560 -0.549605 0.255838 -0.581310 -0.434185 0.503106 0.310933 -0.628877 -0.491972 0.315281 0.572264 -0.208030 0.495985 0.173576 -0.536783 -0.467222 -0.321086 -0.349203 0.582771 -0.379213 0.551914
VERTEX_POSE A561 0.381928 -0.392719 0.234681 0.832150 0.241988 0.078604 -0.375150 0.400319 -0.185166 -0.428538 -0.376044 -0.452309 0.609647 -0.402258 -0.840005 -0.127043 0.482654 -0.222134 -0.536478 -0.550971
VERTEX_POSE A562 0.103268 -0.968518 0.021667 -0.351185 0.476779 0.270757 0.519722 0.420322 -0.779194 0.589731 0.084765 0.519960 0.450609 0.094609 -0.208414 -0.295062 0.142377 0.075840 0.303308 -0.887087
VERTEX_POSE A563 0.290984 -0.121454 0.962556 0.299157 0.440069 -0.171584 -0.501655 -0.415753 0.642673 -0.309782 -0.500995 0.297654 0.345762 0.313974 0.397631 0.602722 -0.397402 -0.557514 0.411767 -0.565372
VERTEX_POSE A564 -0.253751 0.601633 0.285403 0.217092 0.677722 -0.409952 -0.356961 -0.527018 -0.114958 0.756566 -0.128191 -0.083412 0.512381 0.113135 -0.491964 -0.151750 0.800507 0.754810 -0.120932 0.228492
VERTEX_POSE A565 0.775731 -0.979083 -0.684759 -0.869485 0.438574 0.379006 -0.319246 0.065970 0.600584 -0.575470 -0.146961 -0.501865 -0.267799 0.111031 -0.021650 0.176397 -0.960258 -0.493271 -0.681237 -0.199063
VERTEX_POSE A566 -0.964616 -0.511122 0.825124 -0.639117 -0.770487 -0.097103 0.531271 0.194951 0.376463 -0.109319 -0.539505 0.759499 -0.268318 0.576704 0.520527 0.532684 -0.438783 0.032542 0.591653 0.381851
VERTEX_POSE A567 0.500890 0.121011 0.424463 -0.898373 -0.005791 0.287571 0.230833 0.860708 0.755575 -0.396277 0.056528 0.532785 0.020681 -0.454433 -0.225312 -0.814838 0.124827 0.108554 0.353966 -0.184105
VERTEX_POSE A568 -0.748046 -0.184985 0.979873 -0.366724 0.425235 -0.247315 -0.566080 0.658730 -0.274677 -0.116355 -0.162231 0.376044 -0.790699 -0.289635 -0.666975 -0.201307 -0.594037 0.526426 -0.016887 -0.320918
VERTEX_POSE A569 0.547300 -0.089629 -0.407475 0.585282 0.657911 -0.246879 -0.673694 -0.478845 -0.719710 0.172124 0.034362 -0.006362 -0.526729 -0.140847 0.342545 -0.448167 0.648122 0.551082 0.195479 -0.574131
VERTEX_POSE A570 0.723949 -0.160740 0.384672 0.360317 0.084448 0.164252 0.538384 0.244887 -0.253691 -0.451760 -0.243303 -0.551984 0.673951 -0.185445 -0.740889 -0.186859 -0.015575 0.234647 0.130110 -0.919892
VERTEX_POSE A571 0.266773 0.621355 0.926846 0.867189 -0.316726 -0.804722 0.175490 0.351228 0.293008 0.307723 0.478903 -0.229797 0.781640 -0.431178 0.004130 -0.116477 -0.671917 -0.462326 -0.499982 -0.099517
VERTEX_POSE A572 -0.881743 0.352955 -0.414080 0.281171 0.596407 0.669521 -0.303173 0.157616 0.513034 0.753615 0.318354 0.347687 0.083867 -0.893216 -0.404481 0.474439 -0.060832 -0.063611 0.328671 -0.268837
VERTEX_POSE A573 -0.195988 0.354265 -0.032641 0.783353 0.084756 0.063029 0.101456 0.566957 -0.368576 0.813273 -0.026979 -0.568564 0.181431 0.065814 0.468291 0.384659 -0.638346 0.563575 0.383944 0.515766
VERTEX_POSE A574 -0.037345 -0.917176 0.177068 0.370163 -0.464133 0.173807 0.443515 -0.401619 0.216378 -0.241816 0.555028 0.623287 -0.621976 -0.101038 -0.494001 -0.581634 -0.543373 0.538933 0.140239 -0.474534
VERTEX_POSE A575 0.820802 -0.806708 0.015537 -0.928074 -0.433932 0.521588 0.295361 0.494578 0.584723 -0.609635 -0.376332 0.127548 -0.569779 0.599129 -0.479938 -0.290287 0.436066 0.373411 0.363582 0.254279
VERTEX_POSE A576 0.877205 0.869212 0.510187 0.529824 0.575006 -0.117432 -0.373099 0.297006 0.119544 0.615318 0.244856 0.319505 -0.601265 -0.381601 -0.496868 -0.328725 0.628853 0.789276 -0.112251 0.557457
VERTEX_POSE A577 -0.370345 0.237978 -0.383226 0.800116 0.936206 -0.610911 0.481524 -0.562648 -0.022360 0.513018 0.295545 0.247114 0.483236 0.472952 -0.597171 0.081697 0.533121 0.456739 0.514545 -0.296948
VERTEX_POSE A578 -0.221196 0.279855 -0.876012 -0.880918 -0.918533 -0.483316 -0.568511 -0.138351 -0.378600 -0.329459 -0.475753 0.361334 0.260650 -0.717465 -0.505482 0.557872 -0.352030 -0.486819 0.434847 0.340348
VERTEX_POSE A579 0.572138 -0.155398 0.753996 0.072214 -0.757500 0.559230 0.140569 0.174109 -0.169894 -0.694607 0.672746 0.397391 -0.695798 -0.568991 -0.544093 -0.105763 -0.439632 -0.452151 -0.049405 -0.008493
VERTEX_POSE A580 -0.977082 -0.950083 -0.390495 -0.896554 -0.124030 -0.366198 -0.611724 0.063840 -0.623185 0.156728 0.542161 -0.264890 0.266823 -0.760314 -0.581886 0.376507 -0.126680 -0.262263 -0.623119 -0.328421
VERTEX_POSE A581 -0.486837 -0.319757 -0.783123 -0.202227 -0.555423 0.700011 -0.124834 -0.419865 -0.315353 -0.651095 0.393547 0.236452 -0.679727 -0.217585 -0.591702 -0.036909 -0.783570 -0.067213 -0.311611 -0.086657
VERTEX_POSE A582 -0.295992 0.199779 0.617811 -0.416235 -0.539371 0.382902 -0.580158 -0.352776 -0.622638 -0.588005 0.365728 0.417834 0.283904 0.524402 -0.137723 0.110560 0.540378 -0.521685 0.474174 -0.418075
VERTEX_POSE A583 -0.563146 -0.675519 0.816618 -0.114601 0.093768 -0.377854 0.284933 -0.724231 0.181961 -0.119793 -0.067808 0.500795 0.862796 0.062288 0.693731 -0.373224 -0.128057 -0.303410 0.144051 0.671278
VERTEX_POSE A584 -0.483914 -0.969712 0.554168 0.713580 -0.070973 0.008046 -0.229611 0.849131 -0.016212 -0.733528 0.141071 0.136327 0.614677 0.401537 0.832525 0.001478 0.116034 -0.536646 0.177160 0.290482
VERTEX_POSE A585 0.372926 0.758547 -0.398426 0.595363 0.792203 0.042745 -0.572596 0.130359 0.651270 -0.348444 0.557181 -0.730432 -0.383696 0.375153 -0.183340 0.385689 0.657605 -0.082927 -0.504720 -0.315232
VERTEX_POSE A586 -0.783517 0.894018 -0.090183 0.498369 0.625487 0.345793 -0.231687 0.751575 -0.704701 0.249089 0.020083 -0.530629 -0.507224 0.099142 -0.229400 0.581158 0.604121 -0.222785 -0.537825 0.244828
VERTEX_POSE A587 0.835997 0.967885 -0.868292 0.346617 -0.108388 -0.633221 -0.116416 0.409443 0.163863 -0.607323 0.630175 -0.141702 0.331768 0.475497 -0.512339 0.443504 0.042291 0.538154 0.557530 0.455356
VERTEX_POSE A588 0.834483 0.121762 0.128316 0.586035 0.442556 -0.698490 -0.346203 0.617534 -0.344075 -0.600635 -0.720401 -0.198994 0.184951 -0.086980 -0.450296 0.470404 -0.133534 -0.389050 0.513706 -0.272539
VERTEX_POSE A589 0.685007 -0.218047 -0.517890 0.282030 -0.803527 0.041085 -0.637861 -0.552718 0.339236 0.325495 0.055002 -0.409806 0.288926 0.330181 -0.516363 -0.526874 0.489576 0.669820 -0.355122 0.585469
VERTEX_POSE A590 -0.791213 -0.205851 0.713710 0.753669 0.883710 -0.857951 -0.119244 -0.266426 -0.227350 0.020667 -0.541132 0.052428 0.855105 -0.202241 0.010383 -0.403567 0.183531 -0.457576 0.302131 0.749405
VERTEX_POSE A591 -0.715122 -0.622399 0.547006 -0.848150 -0.054338 0.240460 -0.173605 0.089736 -0.234639 -0.647679 -0.073294 0.579690 0.242181 -0.702220 -0.741181 0.302592 -0.523234 0.041639 -0.632582 -0.468711
VERTEX_POSE A592 0.066935 0.389234 0.716790 0.114179 0.438461 0.283746 -0.708208 0.394494 -0.644386 -0.364700 0.043658 0.332091 0.046690 0.677414 -0.494044 -0.306403 0.155099 0.387158 -0.519011 -0.599603
VERTEX_POSE A593 0.312055 -0.174369 -0.264623 -0.597516 0.360489 0.506311 -0.034826 -0.226403 0.167886 0.723015 -0.583874 0.329997 0.135033 0.573075 0.375441 -0.660640 -0.447797 0.682356 0.146140 0.280884
VERTEX_POSE A594 0.575862 0.256147 0.509562 0.451007 -0.614269 0.536966 0.092411 0.027971 -0.574926 -0.203061 -0.644995 -0.255240 -0.456957 0.251802 -0.442773 0.826915 0.180286 0.346313 0.240059 -0.698063
VERTEX_POSE A595 0.813184 -0.009133 0.002193 -0.668729 0.116183 0.841835 0.179377 -0.003207 0.169213 -0.532621 -0.514682 0.100825 -0.640331 0.756562 0.493545 -0.091247 -0.049278 -0.094495 -0.515547 -0.400348
VERTEX_POSE A596 0.087785 -0.153452 0.050618 -0.467001 -0.200937 -0.019766 0.354189 0.509183 0.198979 -0.790493 0.324235 0.069596 -0.365618 -0.608477 0.094835 0.297348 -0.513755 -0.972718 -0.166070 -0.037645
VERTEX_POSE A597 0.611246 0.745025 0.334686 0.811890 -0.384756 0.175341 0.629805 -0.127548 0.106780 0.598905 0.243041 -0.690415 -0.172252 0.372693 -0.450438 0.129874 -0.851569 0.527528 -0.445107 -0.246155
VERTEX_POSE A598 0.314074 -0.888122 -0.573344 -0.567101 -0.889608 -0.418914 0.540834 0.501916 -0.497228 -0.387395 0.368320 0.500094 0.495238 -0.017491 -0.571522 0.390293 -0.688456 -0.023349 -0.399793 -0.371677
VERTEX_POSE A599 0.339740 0.661563 0.030490 0.166275 -0.775702 0.632946 -0.080342 -0.394132 -0.587142 0.453113 -0.203918 -0.197636 -0.460621 -0.766155 -0.039833 0.538737 -0.456784 0.462599 0.534626 -0.086206
VERTEX_POSE A600 0.158546 -0.344604 0.927211 0.397172 -0.726846 -0.638776 -0.011640 0.498896 0.011535 -0.589962 -0.608158 -0.765221 -0.082046 -0.377108 0.009459 -0.035396 -0.081505 0.078614 -0.802387 0.482072
VERTEX_POSE A601 0.038023 -0.048861 0.811328 0.793216 0.194840 0.431819 -0.668049 -0.452247 0.294578 0.368393 -0.495379 -0.429245 -0.550794 0.287389 -0.596850 0.255359 -0.356485 0.431596 0.222295 0.583437
VERTEX_POSE A602 -0.393487 0.282919 -0.042663 0.033464 -0.092429 -0.230626 0.341088 -0.491547 -0.658760 -0.018606 -0.481880 0.287592 0.857986 0.047204 -0.254659 0.353289 0.028427 0.604389 -0.149530 -0.723281
VERTEX_POSE A603 0.276803 -0.991649 -0.486869 -0.321658 0.869561 0.550958 0.333456 0.200507 0.408478 -0.591375 -0.559542 0.129119 -0.570214 0.794713 0.324600 0.461639 0.117778 -0.638400 0.028790 0.035642
VERTEX_POSE A604 0.842035 -0.694596 -0.221313 0.576569 -0.720404 -0.470598 0.177586 -0.408368 0.450214 0.248643 -0.336198 -0.409195 -0.063073 0.711142 0.558631 -0.533704 0.222026 -0.310379 -0.786016 -0.406434
VERTEX_POSE A605 0.569168 0.365742 -0.865595 -0.596372 0.443438 0.347532 0.030328 0.350439 0.576478 -0.494393 0.045058 0.585662 -0.053403 -0.588582 0.416780 0.416567 0.626449 0.173749 0.760444 -0.369181
VERTEX_POSE A606 0.097605 -0.798357 0.528669 -0.249731 -0.564371 -0.191723 -0.510384 0.044496 0.626257 0.124179 -0.033111 0.173741 0.576524 -0.551217 -0.735398 0.379737 -0.162276 0.006978 0.497502 0.816548
VERTEX_POSE A607 0.719241 -0.825384 -0.711126 0.106393 0.854602 -0.883114 -0.142455 -0.027002 0.205078 -0.747167 -0.550893 0.100074 -0.531533 0.394665 0.238437 0.371936 -0.519162 -0.333445 0.024194 -0.520094
VERTEX_POSE A608 -0.801177 -0.396280 -0.248821 -0.796257 0.379644 -0.303474 0.560281 -0.709268 -0.883178 -0.260941 0.275284 0.137839 0.499157 0.412366 -0.296791 0.555144 0.294622 -0.144274 -0.246277 -0.405352
VERTEX_POSE A609 0.876409 0.481498 0.652656 -0.130649 -0.482904 -0.062651 0.469838 -0.010466 0.741828 -0.146797 -0.094178 -0.588455 -0.223733 -0.554560 -0.234532 -0.578054 0.698168 0.210907 -0.611147 -0.442770
VERTEX_POSE A610 0.291378 0.019217 -0.957130 -0.821393 -0.902898 -0.001108 -0.589414 -0.494018 -0.160097 0.350204 0.532462 -0.473152 -0.170373 0.220502 0.434208 0.597343 -0.421381 -0.749639 0.379609 -0.496234
VERTEX_POSE A611 -0.778259 -0.346363 0.360684 -0.692811 -0.744386 -0.234907 0.442218 -0.090351 -0.274850 0.027839 0.052856 -0.483160 0.522787 0.575420 -0.382408 -0.716809 0.482933 0.699711 0.128636 0.651698
VERTEX_POSE A612 -0.610428 -0.838259 0.869534 0.667124 -0.038327 -0.230106 0.845391 -0.188083 -0.319249 -0.130082 -0.884672 -0.638138 -0.418172 0.075138 -0.116105 -0.218726 0.061456 0.651483 -0.213737 -0.415400
VERTEX_POSE A613 0.995387 -0.781003 0.660681 -0.237628 -0.442270 0.399667 0.711024 -0.482505 0.355892 -0.264436 0.351869 -0.434232 -0.293871 -0.695157 0.355572 -0.548016 -0.364141 -0.631362 0.194518 0.165938
VERTEX_POSE A614 -0.341406 -0.021882 0.177302 0.192588 0.349382 -0.166407 -0.377361 0.271852 0.502102 0.537494 -0.244665 -0.617844 0.476223 0.475171 -0.175962 -0.533791 -0.338833 0.554535 -0.238701 0.725011
VERTEX_POSE A615 -0.094342 -0.807971 0.423701 0.380703 0.890700 0.130694 0.452776 -0.245340 -0.651555 0.621032 0.081339 -0.336502 0.062066 -0.664670 0.596386 0.346227 -0.485863 0.299141 0.534404 0.505315
VERTEX_POSE A616 0.368312 0.977543 -0.737745 -0.642265 -0.650067 -0.563080 -0.746251 -0.237495 -0.062892 0.232755 -0.470919 -0.338600 -0.107492 0.726820 0.729057 -0.528322 0.209617 -0.181140 0.313459 0.386815
VERTEX_POSE A617 -0.124923 -0.127864 -0.912881 -0.309043 -0.025131 0.317207 -0.532246 -0.720977 -0.761012 -0.422761 -0.115911 0.255374 -0.533469 0.661061 -0.435334 -0.226144 0.131030 -0.255947 0.449731 -0.112184
VERTEX_POSE A618 -0.258345 -0.840086 0.555409 -0.272679 -0.217688 0.630772 0.078141 0.412350 -0.159747 -0.033211 0.265404 0.185841 0.332383 0.656637 -0.450461 0.829096 0.013570 -0.582371 -0.441490 0.572863
VERTEX_POSE A619 0.202795 0.099306 0.390571 0.943770 0.792489 -0.720017 -0.471752 -0.278762 -0.397265 0.006161 0.489023 -0.351866 0.611772 -0.624834 -0.426323 0.087073 0.424793 -0.134892 0.628940 0.335085
VERTEX_POSE A620 -0.439916 0.654088 -0.430771 0.972987 0.171341 0.421424 0.236105 -0.038512 -0.129148 0.317796 0.855682 -0.049829 -0.611119 0.482550 0.847855 -0.313663 0.135863 0.290485 0.609434 0.122526
VERTEX_POSE A621 -0.049558 -0.045937 0.269119 -0.519010 -0.333978 0.662369 -0.673668 0.038590 -0.212077 -0.510614 -0.525049 -0.480524 -0.148121 -0.466366 -0.312042 -0.195043 0.573778 0.433609 0.474830 -0.419661
VERTEX_POSE A622 0.487673 0.476906 -0.062423 -0.904380 -0.261849 -0.486113 0.555039 -0.526424 -0.646425 0.270700 0.424375 -0.285486 -0.340903 -0.090554 0.421248 0.431258 -0.430923 0.294749 0.562543 0.590668
VERTEX_POSE A623 0.627019 0.043322 -0.713981 0.087166 -0.390197 0.386725 0.018003 -0.638775 -0.188672 -0.507584 -0.466974 0.617953 0.145726 0.420650 0.388150 0.470626 -0.426794 -0.531339 0.706619 -0.121661
VERTEX_POSE A624 -0.737503 0.779694 -0.995504 -0.116526 -0.973489 0.459047 0.478858 -0.254618 -0.319167 0.363046 -0.704700 -0.530863 0.326499 0.549418 0.245519 -0.623642 -0.102401 0.587634 0.378631 0.355275
VERTEX_POSE A625 0.063535 -0.266947 -0.552861 0.546626 0.123882 -0.364854 -0.330884 -0.810026 -0.357690 -0.371509 0.418418 0.526804 0.409611 -0.348717 -0.496646 0.728609 0.102517 0.463421 -0.232043 0.191495
VERTEX_POSE A626 0.440203 -0.965811 0.288212 0.418438 0.725986 0.348306 -0.005216 -0.735901 0.171346 0.082770 0.229903 -0.877341 -0.132662 -0.062040 0.016467 0.847795 0.297754 -0.281646 0.506722 -0.559542
VERTEX_POSE A627 0.350282 -0.373758 0.055113 0.416474 -0.174426 -0.357363 -0.166984 -0.088418 0.283569 0.070139 0.458816 0.720067 -0.641996 -0.037667 -0.403632 -0.476831 0.735824 -0.332364 -0.572425 -0.488687
VERTEX_POSE A628 -0.325219 -0.521922 0.781824 0.358516 0.739125 -0.277580 -0.187218 0.761294 -0.240102 -0.671142 -0.306592 0.454956 0.388124 -0.216988 0.780000 -0.361224 0.401550 0.223419 -0.483109 -0.343668
VERTEX_POSE A629 -0.245723 -0.853932 0.714869 0.851337 0.836378 -0.473185 -0.621512 -0.583776 0.244573 -0.616432 0.240737 0.705813 0.108423 -0.678526 -0.152728 0.135918 -0.303474 -0.441341 0.451115 -0.220809
VERTEX_POSE A630 -0.309978 -0.712195 -0.914396 -0.417251 0.049871 0.405797 0.627475 0.250438 0.185664 0.592236 -0.284965 0.630515 -0.495479 -0.139178 -0.572418 0.098867 -0.450656 0.275037 0.016057 -0.795999
VERTEX_POSE A631 0.833327 0.133474 0.709035 -0.244312 -0.987720 -0.475426 0.717112 0.372257 -0.170196 -0.448045 -0.009681 0.268802 -0.106254 0.010972 0.788553 0.238618 0.450766 -0.225682 -0.465594 0.811184
VERTEX_POSE A632 0.792300 0.097206 0.526197 0.644553 0.031218 0.330593 -0.705460 -0.504268 -0.091046 -0.285471 0.714369 0.709103 0.230662 0.309590 0.608635 0.163531 -0.038344 0.095683 -0.583853 0.371583
VERTEX_POSE A633 0.296535 0.570724 0.042940 0.616213 0.957442 0.862847 -0.191472 -0.191724 0.005848 0.293298 -0.856573 -0.277745 0.320882 0.078085 -0.421223 -0.642339 -0.444778 0.029842 -0.601456 0.160000
VERTEX_POSE A634 0.110130 0.141825 -0.777833 0.434030 0.881841 -0.783813 -0.454509 -0.186997 -0.143906 0.418996 -0.706500 -0.133550 0.355886 -0.386661 -0.004252 -0.556765 -0.235685 0.589130 -0.425701 -0.510721
VERTEX_POSE A635 0.634335 0.402610 -0.695116 0.221122 0.310813 -0.476602 0.330079 0.570046 0.014706 0.559672 -0.579033 -0.750608 0.177247 -0.088208 -0.417515 -0.396616 -0.564402 0.186823 0.623775 -0.115920
VERTEX_POSE A636 -0.134298 -0.063534 0.177345 -0.980159 0.400880 0.147937 -0.402302 -0.217748 -0.496268 -0.543382 0.634054 -0.521735 0.153684 0.033173 0.205254 -0.720076 -0.324185 -0.646140 -0.027599 -0.666607
VERTEX_POSE A637 -0.792265 0.343468 0.750835 -0.815701 -0.682530 0.436701 -0.261504 0.117111 0.490168 -0.578001 -0.324889 0.264863 -0.344351 0.453737 -0.693523 -0.681925 -0.138802 0.133797 0.118032 -0.809684
VERTEX_POSE A638 0.353576 0.577226 -0.406242 -0.672486 0.165415 -0.373265 0.450131 0.686516 0.144430 -0.116387 -0.407083 -0.133378 -0.267208 0.114715 -0.865471 -0.403751 -0.208984 -0.270155 0.741230 -0.553305
VERTEX_POSE A639 0.064525 0.540186 0.928525 -0.776416 -0.219475 -0.569351 0.492034 -0.573729 -0.596801 -0.349439 -0.096498 0.218146 -0.593744 -0.668410 0.345235 -0.019829 -0.359659 0.391015 0.531855 -0.292226
VERTEX_POSE A640 -0.915856 -0.175034 0.403492 0.053649 -0.165434 -0.486659 0.093876 -0.823642 0.518880 0.778278 -0.253257 0.309731 -0.518379 -0.438890 -0.472574 0.144125 0.252377 -0.417932 0.309810 0.034019
VERTEX_POSE A641 -0.355046 -0.403557 -0.363372 -0.493879 0.262517 0.437456 0.565403 0.666739 -0.333316 -0.302020 0.231260 -0.761286 0.543800 0.119789 -0.164763 0.352228 -0.353089 -0.301380 -0.411486 0.602459
VERTEX_POSE A642 0.286266 -0.806177 0.289209 -0.469227 0.036139 0.097931 -0.236655 0.548522 0.636810 0.464060 0.499928 0.253233 0.525850 -0.323673 -0.212394 -0.187529 0.526950 -0.689670 0.645722 0.258371
VERTEX_POSE A643 -0.526284 -0.013293 0.273025 -0.279227 0.796239 0.468995 -0.073432 0.241280 0.078535 -0.562811 -0.039587 0.250084 -0.362759 0.761743 0.783385 0.450044 -0.152163 0.312478 -0.586274 -0.580354
VERTEX_POSE A644 -0.359659 -0.184561 -0.702691 0.268493 0.820247 -0.168344 -0.341956 0.471080 0.288304 0.286000 -0.682951 0.797697 -0.231432 0.119311 -0.437558 -0.499534 -0.514928 0.246501 -0.705815 -0.179652
VERTEX_POSE A645 0.944860 0.171941 -0.533489 0.723361 -0.614480 0.230429 0.341222 -0.333178 0.487030 -0.677236 -0.544726 -0.694099 0.039547 -0.632284 -0.453833 -0.465563 0.071945 0.148212 0.454540 -0.432790
VERTEX_POSE A646 0.379374 0.178736 -0.303273 -0.898524 0.686939 -0.395107 -0.200966 -0.276467 0.779473 -0.503320 0.207558 0.005049 0.409267 0.554605 0.025779 0.393723 0.474969 0.485410 0.619487 -0.589325
VERTEX_POSE A647 -0.991347 -0.207018 -0.440436 0.626228 -0.829819 -0.162923 -0.517046 0.466181 0.217170 -0.578649 0.226592 -0.591769 0.096622 -0.374609 0.093429 0.620959 0.687469 -0.753242 -0.053886 0.344072
VERTEX_POSE A648 -0.180063 -0.955923 -0.446370 -0.585682 0.360389 -0.653798 -0.172433 -0.140990 0.342430 0.066774 -0.657770 0.391448 0.545957 0.465772 0.079088 0.416781 -0.574863 -0.543878 0.702874 0.006987
VERTEX_POSE A649 -0.878971 0.338649 -0.747864 -0.171203 -0.530750 0.662348 -0.104455 0.054529 -0.442513 0.437946 -0.577075 -0.251747 0.281498 0.373285 -0.153656 0.397501 0.704303 0.527722 0.748361 -0.169192
VERTEX_POSE A650 0.211449 0.892288 0.950135 0.569998 0.962670 0.675946 -0.219570 -0.337490 0.267064 -0.086101 -0.423401 0.267278 0.182121 0.748827 -0.330221 0.696025 -0.381180 0.539713 0.653266 0.028129
VERTEX_POSE A651 0.380021 0.698165 0.122859 -0.612695 -0.468270 -0.596572 -0.182955 -0.504450 -0.738669 0.454738 0.262014 0.288814 0.485754 -0.440675 -0.061435 -0.209934 -0.665925 -0.106214 -0.692612 0.198063
VERTEX_POSE A652 0.071471 -0.707288 0.521255 0.309787 0.135272 0.469435 0.657694 -0.117243 0.776122 -0.371478 -0.415146 -0.395950 0.267113 -0.862553 0.064096 0.313419 0.189964 -0.127985 -0.509767 -0.183913
VERTEX_POSE A653 -0.300878 0.369194 -0.112288 0.665618 -0.299180 0.490122 0.215431 0.740775 0.598645 -0.651071 -0.118414 0.150415 0.619324 -0.334205 0.251599 -0.076788 -0.538117 -0.561674 -0.374483 0.189652
VERTEX_POSE A654 0.007040 -0.258513 0.408878 0.474471 0.141533 -0.458362 0.362862 -0.365160 -0.283966 0.488083 -0.448745 -0.158538 0.534291 0.501805 0.813741 0.400672 -0.361375 0.148187 0.429070 0.531871
VERTEX_POSE A655 0.333967 -0.927593 0.525750 -0.806739 0.161783 0.547372 0.236740 0.727041 0.344834 0.530548 -0.512846 0.544278 -0.313981 -0.452148 0.198919 -0.750765 0.056511 0.495648 0.015531 0.027717
VERTEX_POSE A656 0.762657 -0.897752 0.334851 0.212244 0.824702 -0.321092 0.127589 -0.535975 -0.042151 0.820241 0.516813 -0.539478 0.407331 -0.412081 0.082324 0.065890 -0.264001 -0.772858 -0.375054 0.454013
VERTEX_POSE A657 -0.552757 -0.224324 -0.302909 -0.107091 -0.132481 0.427015 -0.813691 -0.053394 -0.746854 -0.183755 0.263578 0.172781 0.372654 0.345812 -0.460439 -0.367430 -0.086497 -0.134200 0.173969 -0.894767
VERTEX_POSE A658 -0.315750 -0.301351 -0.419136 0.609734 0.987356 -0.190324 -0.671084 0.098421 0.277355 -0.324330 -0.311891 0.655680 0.347783 0.467279 -0.432168 0.567393 -0.398447 -0.519775 0.039620 0.718281
VERTEX_POSE A659 -0.562562 -0.419674 0.116675 -0.429239 0.563827 -0.471641 0.427273 0.394042 0.631811 0.209699 -0.457648 -0.026176 0.766198 -0.158713 -0.557716 -0.302374 -0.631397 0.258141 -0.308180 0.459822
VERTEX_POSE A660 0.201520 -0.078256 -0.588041 -0.255754 -0.296103 0.080469 0.502677 -0.096100 -0.262020 -0.340316 0.131550 -0.628055 -0.027385 -0.773415 -0.577258 0.628167 0.442333 -0.444061 -0.485961 0.423827
VERTEX_POSE A661 0.374272 -0.013546 -0.333533 -0.807517 0.037228 0.817502 0.008721 0.499610 -0.009622 0.061957 -0.351719 0.062676 0.966993 -0.142254 0.141722 -0.239649 -0.497121 -0.554604 0.059820 0.599432
VERTEX_POSE A662 -0.729235 0.713800 -0.174290 0.326448 0.576107 0.398410 0.058705 0.167308 -0.619422 -0.081402 0.429985 -0.614407 -0.101885 -0.585122 -0.267434 0.738241 0.417629 0.092569 0.659202 -0.519942
VERTEX_POSE A663 -0.006180 -0.981050 0.938156 -0.611201 0.735114 -0.076421 0.060408 -0.569317 -0.391248 0.590622 0.614036 -0.414253 0.539880 -0.528422 -0.531313 -0.210780 -0.086886 -0.622243 -0.558227 0.109815
VERTEX_POSE A664 -0.329194 -0.442822 0.709408 0.808696 -0.005330 -0.343107 0.363318 0.452521 0.727553 -0.334552 0.357413 -0.197806 -0.570533 -0.581439 -0.094101 -0.542070 0.478855 0.552234 0.369766 -0.316397
VERTEX_POSE A665 0.380894 -0.144375 0.047877 -0.239522 0.457948 -0.059452 0.256375 -0.249996 -0.772558 0.589653 0.144382 -0.492279 -0.534581 -0.636984 0.328902 0.525530 -0.710716 0.221596 0.156914 0.076093
VERTEX_POSE A666 -0.371845 0.421560 -0.756960 0.609920 0.045928 0.227760 0.526173 0.591649 -0.302412 -0.325495 -0.356141 0.108122 -0.764969 0.634268 -0.362668 -0.034926 0.060390 -0.844662 0.175492 0.342305
VERTEX_POSE A667 0.536509 0.493644 -0.113247 0.828537 -0.604449 0.334682 0.303865 -0.864714 0.634649 -0.291774 0.209389 0.360077 0.573738 0.162890 0.483543 0.225412 0.363431 0.348911 -0.665243 -0.223185
VERTEX_POSE A668 0.588629 -0.800907 -0.201288 -0.055223 0.775417 -0.589177 0.179669 -0.464324 -0.440123 -0.785931 0.207836 0.196795 0.282772 -0.196546 -0.483460 0.506091 0.703679 0.432090 -0.118084 0.455426
VERTEX_POSE A669 0.981731 -0.001214 -0.163201 0.937434 -0.788657 0.621150 -0.673638 -0.303180 0.190054 0.592080 -0.409975 -0.610247 -0.238811 -0.324322 -0.331057 -0.177340 -0.644679 0.309922 0.327373 -0.468196
VERTEX_POSE A670 -0.398966 0.033830 -0.184722 -0.947878 0.176075 0.226875 0.421459 0.711294 0.793739 -0.270519 -0.075882 0.324322 -0.563413 0.132367 -0.153696 -0.282088 0.680102 0.435544 0.593451 -0.090796
VERTEX_POSE A671 0.672773 0.024059 -0.797797 0.998426 -0.390017 -0.762975 -0.163004 0.167803 -0.214177 0.627631 0.572405 0.363621 0.455200 0.274025 -0.478640 0.420307 -0.446702 -0.103346 -0.442316 0.607916
VERTEX_POSE A672 -0.373314 0.595228 0.473427 -0.556444 0.473860 0.799364 -0.577839 0.046641 0.303340 0.374334 -0.405369 0.141986 0.440002 0.467526 -0.310149 -0.307122 -0.637485 -0.390704 -0.487904 0.456654
VERTEX_POSE A673 0.887300 0.227654 -0.895513 -0.417105 -0.787786 -0.324228 -0.201154 0.571017 0.134630 -0.429090 -0.635611 0.270414 -0.838438 0.299352 -0.810154 -0.172982 -0.033711 -0.383768 -0.206198 -0.423308
VERTEX_POSE A674 -0.853511 -0.989234 0.475228 -0.280801 -0.593778 0.011692 0.369772 0.136639 0.343066 -0.516773 -0.618390 0.835816 -0.027299 0.151069 0.391123 0.671007 -0.119743 0.174940 -0.381076 0.749509
VERTEX_POSE A675 0.267027 -0.589332 0.770737 0.712049 0.294107 0.120385 -0.558244 -0.406247 -0.302599 -0.216812 0.796432 0.611298 -0.207166 0.445021 -0.268975 0.632274 0.032273 0.669260 0.445722 0.039664
VERTEX_POSE A676 0.832160 -0.600405 -0.429003 -0.693744 -0.402266 0.338884 0.181065 -0.443287 0.670333 0.302290 -0.195328 0.659348 -0.438960 0.397178 -0.000495 -0.293685 0.501599 -0.032729 -0.772593 -0.596650
VERTEX_POSE A677 0.525863 0.189501 -0.828045 -0.179325 -0.906840 0.298700 0.096718 0.082187 -0.463581 0.203046 0.319252 0.628640 0.495657 0.517616 -0.548206 0.433167 0.383941 -0.012370 0.718407 -0.689918
VERTEX_POSE A678 0.275680 0.203650 -0.669699 0.338277 0.464288 0.653105 0.337723 -0.110258 0.388972 -0.230110 0.866129 -0.102084 -0.509501 -0.199696 0.589608 -0.538915 -0.412991 0.253171 0.531952 -0.164997
VERTEX_POSE A679 -0.347903 -0.556328 0.124628 -0.279426 0.958123 0.537627 -0.588517 -0.238634 -0.194291 -0.762704 0.379142 0.779931 0.157740 -0.032687 0.079363 0.173893 0.244197 -0.242109 -0.129651 -0.859421
VERTEX_POSE A680 0.646892 -0.471849 -0.575910 0.649472 -0.437589 0.588893 0.209913 -0.517502 0.379575 0.442135 0.588694 -0.491043 -0.266945 0.103741 0.496123 -0.738765 0.403743 0.147877 -0.378708 -0.460282
VERTEX_POSE A681 -0.512871 0.095938 -0.719564 -0.091725 0.426958 0.101061 0.628175 0.112671 -0.074142 -0.065654 0.770019 0.438089 0.564297 -0.284791 0.079879 -0.426420 -0.506618 0.886559 -0.317522 0.237927
VERTEX_POSE A682 -0.967882 -0.858163 -0.752513 0.107879 -0.510147 -0.647973 0.657313 -0.037308 -0.287671 -0.626971 0.147407 0.141122 0.000892 -0.946655 0.332973 0.364497 0.263712 0.605466 0.204911 0.105729
VERTEX_POSE A683 -0.281638 -0.179137 0.945345 -0.040741 0.697683 0.503785 -0.178698 -0.484498 -0.323064 0.106147 0.123756 -0.668172 -0.654398 -0.281708 0.323019 -0.404516 -0.380585 0.301719 -0.604095 0.725080
VERTEX_POSE A684 0.186250 -0.534868 0.168148 -0.426108 -0.872222 0.120327 0.281834 0.479668 -0.147524 -0.397133 0.286914 -0.612268 0.706043 0.185228 -0.502211 -0.092172 -0.687051 0.580232 0.505829 -0.425736
VERTEX_POSE A685 0.039158 -0.116676 0.656365 -0.417649 0.631386 -0.479439 0.575484 -0.297745 0.316854 0.036018 -0.506317 0.614529 0.151330 -0.514215 0.199231 -0.568599 0.137490 0.502398 0.566847 0.609648
VERTEX_POSE A686 -0.947670 -0.106730 0.471095 0.152520 -0.140534 -0.188985 0.500971 0.306185 0.528270 -0.134078 0.570793 0.220392 0.671119 -0.525537 -0.766618 0.125564 0.300284 -0.221222 -0.514668 -0.462695
VERTEX_POSE A687 -0.051093 -0.432620 -0.497001 0.786137 0.952480 0.047400 -0.340064 -0.142504 0.622380 0.737997 0.021525 0.208425 -0.279805 0.568474 -0.699622 0.479496 0.447474 0.278361 -0.177509 0.675155
VERTEX_POSE A688 0.486400 0.659000 -0.646545 0.475260 -0.501095 -0.475904 -0.321011 0.433895 0.119545 -0.042900 0.532032 0.235340 -0.813456 -0.460984 0.651853 -0.261788 0.532339 -0.528136 -0.406040 0.181067
VERTEX_POSE A689 -0.263421 0.591918 -0.948041 -0.237746 -0.153178 0.250869 0.294013 -0.653041 -0.635929 0.587444 -0.324512 0.570178 0.407718 0.180621 -0.321675 -0.541116 -0.183454 0.322617 -0.330795 -0.633995
VERTEX_POSE A690 0.386345 0.147706 0.619673 -0.643103 0.516308 -0.531777 0.543816 0.489079 0.309671 0.275325 -0.539150 0.210093 -0.558386 0.547658 0.574215 0.076469 0.284571 0.497448 0.557511 0.298678
VERTEX_POSE A691 -0.312080 -0.419256 -0.234585 -0.780494 0.202801 -0.373664 -0.083481 0.246121 0.034996 -0.838847 -0.484434 0.772790 -0.198244 0.534141 -0.059368 -0.434822 0.325893 0.508352 0.246973 -0.559674
VERTEX_POSE A692 -0.889149 -0.421628 -0.281574 -0.045263 0.884050 0.203842 0.574308 -0.117425 0.190809 -0.478288 0.149031 -0.426913 0.268651 -0.692323 0.600532 0.500830 0.187734 -0.615748 0.344102 0.670407
VERTEX_POSE A693 0.657110 -0.138494 -0.554617 0.683346 0.092414 -0.519583 -0.065878 0.327717 -0.825111 0.044659 0.022076 -0.119769 -0.845145 -0.476471 -0.041105 0.091205 0.247209 0.182184 -0.520652 0.777160
VERTEX_POSE A694 0.681740 -0.400306 -0.296429 -0.391696 -0.062084 -0.503752 -0.471598 -0.441386 0.204127 -0.580282 0.118008 0.251835 -0.383210 -0.571800 0.511060 0.398835 -0.596880 0.616411 -0.367354 0.328682
VERTEX_POSE A695 -0.218343 0.135550 -0.572166 -0.236566 -0.121280 -0.752555 -0.513439 -0.399959 0.065626 0.438598 -0.643432 -0.422523 0.464905 0.368571 0.294055 0.043308 -0.523799 0.405413 -0.570964 0.125773
VERTEX_POSE A696 0.038004 0.717130 0.493260 -0.556176 -0.449638 -0.407694 0.454564 0.595919 -0.183364 -0.769588 0.428342 -0.415216 0.368869 -0.147768 -0.222600 -0.017531 0.460549 0.760400 0.254428 0.476931
VERTEX_POSE A697 -0.690105 -0.978745 -0.053389 -0.781775 0.983844 -0.599943 -0.495902 -0.448450 -0.189352 -0.475751 -0.020958 -0.162633 -0.411161 0.807893 -0.375328 0.325457 -0.197778 0.660979 -0.502758 -0.326567
VERTEX_POSE A698 -0.681834 -0.370806 0.314587 -0.408029 0.274270 -0.338575 -0.566763 -0.278033 -0.476958 0.230718 0.327993 0.116478 0.285371 0.679239 -0.456542 -0.513588 0.500809 0.660212 -0.529471 0.320847
VERTEX_POSE A699 -0.373367 0.916223 -0.708028 0.388601 -0.674221 -0.164250 0.754306 -0.474779 0.470304 0.531800 0.268788 -0.575615 0.190409 0.726762 0.648410 -0.029843 0.326653 0.008221 0.333262 0.259717
VERTEX_POSE A700 -0.708374 0.020040 0.783410 -0.844341 -0.804813 -0.124898 0.360094 -0.628136 -0.512993 0.720965 0.446759 -0.514372 -0.540548 0.378353 -0.097465 -0.159644 -0.112495 0.668701 0.181280 0.500046
VERTEX_POSE A701 -0.080800 0.663024 -0.870135 -0.355907 -0.549655 -0.075145 -0.534964 -0.090327 -0.694147 0.283215 0.604228 0.376618 -0.532696 0.710882 0.601956 0.568198 0.197194 -0.091219 -0.164286 -0.287245
VERTEX_POSE A702 -0.700594 -0.059718 -0.505825 0.387027 -0.064238 -0.734512 0.479441 -0.399857 0.134829 -0.409690 -0.678445 -0.045840 -0.377032 0.222813 0.655094 0.634163 -0.207041 -0.105184 0.240779 0.536017
VERTEX_POSE A703 -0.081688 -0.384731 0.256837 -0.400786 0.669047 0.205104 -0.678222 0.377276 -0.734479 -0.367605 0.337628 0.019807 0.442111 0.276072 0.051740 -0.419442 -0.753111 -0.644518 0.183001 -0.316667
VERTEX_POSE A704 -0.193501 -0.109322 -0.765648 0.226988 -0.337441 -0.163732 0.020579 -0.774524 -0.339608 0.566787 0.467369 0.357570 -0.494472 0.404859 0.521276 0.657152 -0.066389 -0.676958 -0.044472 0.115592
VERTEX_POSE A705 -0.554105 -0.048952 0.969403 -0.893774 0.341984 -0.248064 0.125810 -0.261349 -0.581282 -0.777614 0.103159 0.406684 -0.037294 0.319695 -0.294661 0.275368 -0.697351 0.590219 -0.549791 -0.576673
VERTEX_POSE A706 -0.814661 0.025936 0.027574 -0.688737 -0.036846 -0.480853 0.160101 -0.822213 -0.499281 0.259312 0.275412 0.480083 0.393015 0.012816 -0.297679 0.703593 0.340519 -0.447667 -0.507563 0.363313
VERTEX_POSE A707 -0.361341 0.290273 -0.194651 0.533243 0.260293 -0.279684 0.428640 -0.268358 0.510142 -0.556401 0.294176 -0.660669 -0.281121 0.587906 -0.448227 -0.281797 -0.124023 -0.155374 -0.590125 -0.693130
VERTEX_POSE A708 0.971758 -0.859451 -0.858642 -0.073099 0.435144 -0.012901 -0.399248 -0.463706 -0.080427 -0.634517 0.079772 -0.945283 -0.116593 -0.106022 -0.170728 -0.037931 0.858178 -0.265813 0.650351 -0.175793
VERTEX_POSE A709 0.461019 -0.770414 0.357875 0.649540 -0.572558 0.428907 0.142758 -0.161850 0.309477 -0.937385 0.077217 0.706369 0.132766 -0.300776 -0.467668 -0.288613 -0.462989 -0.050912 -0.002205 -0.814258
VERTEX_POSE A710 0.290756 0.733944 0.929977 -0.746183 0.218417 -0.752333 -0.073320 -0.610863 -0.094963 -0.694297 -0.073238 0.318193 0.512717 -0.637669 -0.563541 0.493176 0.460766 -0.078432 0.080466 0.050554
VERTEX_POSE A711 0.618650 -0.331300 -0.434552 -0.423626 0.997555 -0.549684 0.297767 -0.538216 0.432483 -0.274049 -0.426469 0.429793 0.610737 -0.496110 0.511196 0.333824 0.382679 -0.254485 0.593121 0.368618
VERTEX_POSE A712 0.948148 0.325524 0.638311 -0.442185 0.854400 -0.107743 0.219125 -0.869017 0.528744 0.449237 -0.184509 0.589211 -0.764291 -0.260909 -0.601375 -0.393199 -0.261936 0.000499 -0.106885 0.272181
VERTEX_POSE A713 0.322874 0.875781 -0.822537 0.361696 0.708270 0.747314 -0.247052 -0.594462 0.245324 0.793154 -0.165176 -0.287854 0.417463 -0.397167 0.450499 0.340627 0.583290 -0.309078 0.139893 -0.348372
VERTEX_POSE A714 -0.662988 0.489563 -0.489207 0.535633 0.695237 0.506025 0.186753 -0.188685 -0.119364 0.507905 -0.775161 -0.773643 0.203067 0.218422 0.344706 0.551388 0.544103 -0.111110 0.601573 0.140597
VERTEX_POSE A715 0.134398 0.790656 -0.193541 0.131708 0.982179 0.441062 0.539763 -0.485051 -0.670173 0.215433 -0.253787 0.355481 -0.410873 -0.625933 0.044897 0.701080 0.050071 0.477441 0.043753 0.553190
VERTEX_POSE A716 -0.637969 -0.240895 0.833828 0.944047 0.339656 -0.785834 -0.501301 0.059130 -0.381918 0.288681 -0.675118 0.194455 -0.426146 0.346903 0.050952 -0.577989 -0.241460 -0.442939 0.386896 0.601726
VERTEX_POSE A717 -0.610658 -0.617167 0.981889 -0.311847 -0.445297 -0.385503 -0.006956 0.247363 -0.428537 0.310720 -0.431572 0.517074 -0.273011 0.425857 -0.235390 -0.904934 -0.352319 0.587341 0.099820 -0.668636
VERTEX_POSE A718 -0.916695 -0.641964 0.309458 -0.082156 0.934659 -0.247236 0.560942 0.425958 -0.734832 -0.107668 -0.472791 0.339203 -0.616600 -0.072594 0.171420 -0.025050 0.484535 -0.504434 -0.541228 0.595805
VERTEX_POSE A719 0.848432 -0.581895 -0.812716 0.419307 0.838561 0.489050 0.142240 0.199130 0.495872 0.185550 -0.706107 -0.545081 -0.433316 -0.457136 -0.240408 0.590494 -0.434846 -0.400040 0.639447 0.252380
VERTEX_POSE A720 0.125921 0.974751 -0.966153 0.450407 0.401525 -0.805782 -0.118257 0.431365 -0.102713 0.635096 -0.372246 -0.123496 0.611920 0.486234 0.333016 -0.317979 0.490353 -0.462617 -0.327280 -0.445519
VERTEX_POSE A721 0.469650 0.505742 -0.070869 0.274741 0.450967 -0.694215 0.407125 -0.196987 0.217381 0.602527 -0.209821 -0.374494 0.340931 -0.059225 0.443021 0.594178 0.444293 0.366468 0.043926 -0.846325
VERTEX_POSE A722 -0.463648 -0.001150 -0.047302 0.638813 0.041363 -0.068107 -0.177725 -0.094941 0.692487 -0.294668 -0.529819 -0.088097 0.203903 0.408376 0.392748 -0.562009 0.710303 0.594820 0.723985 0.197426
VERTEX_POSE A723 0.236772 -0.446877 -0.247726 -0.594855 0.285574 -0.000048 -0.248074 0.551551 0.475515 -0.197289 -0.438243 0.656016 0.661352 0.025671 0.583504 -0.610997 0.266078 -0.055241 -0.298049 -0.657479
VERTEX_POSE A724 0.126760 -0.632753 0.374514 -0.041913 -0.456619 0.163262 -0.529881 0.175256 -0.428603 0.317097 0.017075 -0.380579 0.409387 0.663402 0.368772 0.641610 -0.461029 0.713310 0.198532 0.562445
VERTEX_POSE A725 -0.781908 0.598544 0.656269 -0.752883 0.979278 -0.655835 -0.587418 -0.283155 -0.377762 0.648441 -0.317595 0.283607 0.289232 -0.182518 0.561273 -0.332376 -0.645221 -0.178090 0.200837 -0.607728
VERTEX_POSE A726 -0.981570 0.688673 0.180108 0.168579 -0.835706 -0.582289 -0.413684 0.041344 0.389017 -0.343777 -0.422193 0.469170 -0.692652 0.451919 -0.452540 -0.480535 -0.386719 -0.291021 -0.001240 0.682834
VERTEX_POSE A727 -0.835236 -0.915622 -0.132226 0.401911 0.093743 0.723958 -0.120098 0.541539 0.451629 -0.156973 -0.678718 -0.153756 -0.781407 0.323490 -0.217181 -0.561315 -0.300938 -0.448449 0.187789 0.225537
VERTEX_POSE A728 -0.472013 0.619799 -0.397119 -0.534658 0.963122 0.078939 0.558981 -0.094593 0.736938 -0.041727 -0.002494 0.365873 0.616191 0.413306 -0.553968 0.480497 0.093990 -0.099742 -0.274282 0.900772
VERTEX_POSE A729 -0.663404 -0.682133 -0.505305 0.760550 0.438564 -0.116346 -0.013861 -0.293217 0.651122 -0.393030 0.554886 0.224824 -0.674219 -0.675546 -0.633667 -0.380389 0.215901 -0.332301 -0.496052 0.321170
VERTEX_POSE A730 -0.208602 -0.999399 0.159746 -0.209488 0.419522 -0.334416 0.087254 0.425652 -0.536401 -0.506315 0.347512 0.621777 -0.369301 0.656885 -0.040138 0.773355 0.499807 0.460676 0.039627 -0.129426
VERTEX_POSE A731 -0.180386 -0.360161 -0.613709 -0.378999 -0.841691 -0.425327 0.457450 0.106010 -0.073446 0.746473 0.335725 0.664936 -0.059830 0.650252 -0.274127 -0.150928 0.549009 -0.544442 -0.455147 0.389630
VERTEX_POSE A732 0.255795 0.980891 -0.375440 -0.595357 0.888909 0.172031 -0.561174 -0.747447 0.393163 0.252593 0.250607 -0.425894 0.604071 -0.462061 0.162865 0.449830 -0.383585 -0.779691 -0.232448 0.133722
VERTEX_POSE A733 0.090804 -0.059117 0.653921 -0.822461 -0.644716 -0.599604 0.385206 0.312102 0.456913 0.474913 0.661565 -0.477382 0.525170 -0.270912 0.360368 0.516694 -0.243403 0.271933 0.288614 -0.576442
VERTEX_POSE A734 0.737926 0.255108 0.643128 0.220215 0.827356 -0.565976 -0.374562 0.301721 0.565750 0.421701 0.012813 0.321795 -0.668947 -0.546572 -0.497533 0.481779 -0.586559 0.092232 0.047647 0.515759
VERTEX_POSE A735 -0.937705 -0.128431 -0.141088 0.631630 -0.448531 -0.352507 -0.497896 0.681737 0.256491 -0.309442 -0.521790 0.597942 0.521219 0.494524 0.072062 -0.194926 0.081463 -0.668748 0.588795 -0.108537
VERTEX_POSE A736 0.536699 0.891931 0.623324 -0.716235 0.697268 0.358783 -0.468287 0.381854 0.602444 0.696520 -0.245562 -0.573582 0.143823 -0.418453 0.342385 -0.122907 -0.101249 0.249224 -0.509682 -0.780085
VERTEX_POSE A737 0.923265 -0.718956 -0.329298 0.531478 -0.209490 -0.414476 -0.355376 -0.290908 -0.676483 0.333869 0.284886 0.211817 -0.759623 0.181398 0.471103 0.292324 0.552950 -0.322142 -0.315847 0.703955
VERTEX_POSE A738 -0.299046 -0.838159 0.664261 0.164874 0.811762 0.285998 0.227522 0.707306 -0.713246 0.642154 0.009379 -0.176192 -0.065137 -0.490011 -0.555649 -0.395489 0.509413 0.264000 0.612551 0.004243
VERTEX_POSE A739 0.508457 -0.967519 0.764682 0.210667 0.132412 0.361618 0.678683 -0.154007 0.161115 0.065395 -0.660293 -0.569498 -0.357080 -0.312876 0.413221 -0.338972 0.531694 0.590080 -0.541022 -0.399631
VERTEX_POSE A740 0.384284 -0.489370 -0.971423 0.181019 0.217953 0.612088 -0.382914 -0.443588 -0.249045 0.296062 -0.088855 -0.665332 -0.547245 0.087085 0.306180 -0.455443 0.746619 0.164047 0.508743 0.479907
VERTEX_POSE A741 0.991709 0.895786 0.594237 0.418691 0.030179 0.517814 -0.182992 0.772479 -0.430504 0.750910 0.332332 -0.508411 -0.292061 0.521792 0.278241 0.042116 -0.113835 0.458950 0.561760 0.087217
VERTEX_POSE A742 0.127107 -0.298819 -0.669869 0.787041 0.129966 0.477885 0.602326 -0.562970 -0.595903 -0.039041 -0.427153 0.401894 0.179301 0.507537 0.345898 -0.398279 -0.489953 0.367915 -0.667011 -0.054385
VERTEX_POSE A743 0.332432 0.836154 0.666888 0.738834 0.072353 0.521408 -0.315230 0.638339 0.259274 -0.035662 0.410178 -0.557736 0.521374 0.634925 0.588716 0.771354 -0.141067 0.057045 0.180389 -0.035307
VERTEX_POSE A744 0.314583 0.771567 0.771701 -0.219613 -0.261551 -0.659992 -0.086937 -0.695036 0.219920 -0.532442 0.161158 -0.363612 -0.233623 0.400228 -0.489490 -0.463069 0.371783 0.379780 -0.663276 -0.438802
VERTEX_POSE A745 0.464119 -0.809256 -0.159076 0.322674 -0.174797 0.583308 0.390909 -0.348340 0.563555 0.426796 0.284445 -0.437874 0.699566 0.173182 -0.379907 0.404399 -0.465089 0.078063 -0.110017 -0.742598
VERTEX_POSE A746 -0.533170 0.626811 -0.526653 -0.129459 0.054532 0.344316 0.088983 0.414853 -0.272886 0.654103 0.622859 0.414331 0.660042 -0.376642 0.573660 -0.337040 0.509238 0.553375 0.122390 -0.196877
VERTEX_POSE A747 0.676614 -0.469328 0.605529 -0.275566 -0.921895 0.271604 0.292145 0.590471 0.582809 0.320402 0.348005 0.494962 0.056839 -0.408097 -0.075278 -0.674168 0.567358 -0.579579 0.595198 0.204446
VERTEX_POSE A748 0.853461 -0.426424 -0.177187 -0.989174 0.379906 0.310296 0.266989 -0.300274 -0.070724 0.475339 -0.619130 -0.515191 0.730530 0.344088 -0.459682 -0.228865 0.302263 0.649603 0.341638 0.562809
VERTEX_POSE A749 -0.449865 0.984847 0.782804 0.788386 -0.010809 0.264805 -0.246355 -0.357219 0.617788 -0.337982 0.329587 -0.071412 0.479344 -0.593656 0.173054 -0.531981 -0.638816 -0.716358 -0.558841 0.057047
VERTEX_POSE A750 0.525046 -0.051223 0.792812 -0.856259 0.916666 -0.148933 -0.442559 -0.613242 -0.609934 0.001529 -0.227899 0.235508 0.311277 -0.750268 0.413660 0.576790 -0.091929 0.615809 -0.612012 -0.025355
VERTEX_POSE A751 -0.020618 -0.451673 -0.143340 0.461234 -0.218569 0.415527 -0.769473 -0.023784 0.040369 0.223428 -0.365403 0.837593 0.141964 -0.162427 -0.018851 0.174256 -0.817969 0.351838 0.554502 0.412866
VERTEX_POSE A752 -0.980215 0.490589 -0.288065 0.063127 -0.559843 -0.138416 0.697389 -0.550410 -0.472071 0.335466 0.579779 0.411455 0.187736 0.574889 -0.637200 -0.503562 -0.050666 -0.427400 0.335100 0.166856
VERTEX_POSE A753 -0.938602 0.947627 -0.254489 0.782553 -0.041971 -0.020046 -0.257900 0.266423 -0.541076 0.165488 -0.718111 0.358950 0.597248 -0.312468 -0.210717 -0.645563 -0.318438 0.730472 -0.364205 -0.462922
VERTEX_POSE A754 -0.783846 0.101450 0.608934 0.866378 -0.932995 -0.168156 0.143511 0.624490 0.785835 0.555248 -0.156986 -0.074258 0.416061 0.583387 0.101270 -0.391147 -0.100896 -0.581736 0.587368 -0.484610
VERTEX_POSE A755 0.146545 0.857836 -0.913550 -0.978786 -0.016462 -0.193189 0.352020 0.124203 -0.385424 0.709300 -0.250047 -0.420454 -0.527266 0.231013 -0.402819 -0.308098 -0.819886 -0.689261 0.006399 0.443250
VERTEX_POSE A756 -0.720509 0.546171 -0.598220 -0.970330 -0.062693 0.297729 -0.300642 -0.613043 -0.353134 -0.364101 0.613657 0.691264 -0.425718 0.409913 -0.014213 -0.631933 -0.195273 -0.555524 -0.443249 -0.203575
VERTEX_POSE A757 -0.765416 -0.209877 -0.210959 0.034957 -0.768701 -0.246611 0.375237 0.648639 0.575231 -0.642301 0.457417 -0.623117 -0.566248 -0.240017 -0.455894 -0.289269 0.488633 0.110357 -0.205748 -0.271416
VERTEX_POSE A758 0.311309 0.942214 -0.045776 0.423125 -0.922719 -0.618295 0.324414 0.104225 -0.030940 0.496205 -0.038548 -0.455894 -0.437247 0.690310 0.623555 -0.124490 0.487189 -0.141751 -0.664720 -0.523231
VERTEX_POSE A759 -0.192522 0.165970 0.004661 -0.504988 -0.099571 -0.171483 -0.397783 0.738248 0.137465 0.404635 0.210624 0.662285 0.511186 0.265101 0.341597 -0.311977 -0.555668 0.629593 -0.565153 0.177712
VERTEX_POSE A760 -0.428821 0.107990 0.283736 -0.204494 0.669863 0.063581 0.292495 -0.587368 -0.343786 0.316355 -0.535291 -0.861243 -0.430125 -0.050374 0.338099 -0.605647 -0.598987 0.147370 -0.512397 0.084500
VERTEX_POSE A761 -0.897293 0.942815 -0.886030 -0.786363 0.496803 0.449740 -0.298357 -0.417312 0.350729 -0.255850 0.767554 -0.706917 -0.644418 -0.061524 -0.324047 0.206569 0.471160 -0.264545 0.622558 -0.104574
VERTEX_POSE A762 0.627092 0.805809 0.390951 0.116013 0.058739 -0.211020 0.052052 0.498831 0.769727 0.317671 0.405743 0.233809 0.645651 -0.443876 -0.278746 0.343324 -0.421892 0.480234 -0.601364 -0.459915
VERTEX_POSE A763 0.826975 0.088881 0.908296 0.200149 0.558772 0.574173 0.548372 -0.151626 0.125621 0.327195 -0.544841 0.108056 0.216012 0.785558 0.792993 -0.551681 0.052369 0.118450 0.491140 0.245588
VERTEX_POSE A764 0.193511 -0.116301 0.767891 -0.608824 0.852087 -0.041021 -0.020554 0.642713 0.542871 0.226222 -0.519319 0.476651 -0.488916 0.397516 0.597568 0.551189 0.329179 0.345435 -0.636830 -0.225498
VERTEX_POSE A765 0.365018 0.060917 0.034079 -0.663772 -0.113905 -0.540107 0.776233 0.319288 0.026476 -0.240462 0.545038 0.511606 0.090614 0.708199 -0.453543 -0.454707 0.263848 -0.490042 -0.353086 0.172706
VERTEX_POSE A766 0.889270 0.960450 -0.232792 -0.168220 -0.889759 0.347113 0.274701 0.407593 0.444784 -0.058364 -0.360704 -0.286321 -0.701531 0.546670 -0.267053 0.640602 0.479997 -0.726899 0.136444 -0.417751
VERTEX_POSE A767 -0.269790 -0.224370 0.391216 -0.325058 0.549355 0.191324 -0.607098 0.519557 0.548066 0.107169 -0.576845 -0.665442 -0.378820 -0.543736 0.469217 -0.407354 -0.308086 0.006332 -0.557230 -0.082127
VERTEX_POSE A768 0.288282 0.341961 0.704781 0.867706 0.676605 0.162634 -0.699228 -0.465305 -0.035076 0.310057 -0.739469 -0.458259 -0.168113 -0.391214 -0.202305 -0.615210 0.275849 0.849348 -0.090547 -0.086814
VERTEX_POSE A769 -0.409777 -0.877709 -0.568532 0.996653 0.922003 -0.551692 0.197268 0.711962 0.582239 0.303827 0.131699 -0.285530 -0.224493 -0.562647 -0.035690 0.883971 -0.286673 0.523290 -0.192282 0.277513
VERTEX_POSE A770 -0.761333 -0.191890 0.155898 0.885609 -0.318233 -0.583849 -0.498422 0.242397 -0.038637 0.508042 -0.227163 0.732670 -0.178896 -0.061488 -0.345888 0.347576 -0.587196 -0.034404 0.583657 0.735568
VERTEX_POSE A771 -0.327434 0.852591 0.733358 0.048725 -0.105442 -0.442140 0.667401 0.396067 0.638416 0.066775 0.681089 -0.097005 0.451430 0.089161 0.100745 0.418664 -0.516038 -0.614311 -0.413580 0.324044
VERTEX_POSE A772 -0.418068 -0.981923 -0.974294 0.415344 -0.047818 -0.510208 -0.602399 -0.474751 0.272638 -0.376555 -0.332750 0.741571 -0.319159 -0.221752 -0.236660 -0.510544 0.535332 0.243764 -0.364422 0.572830
VERTEX_POSE A773 0.365774 0.509291 0.486029 0.672649 0.811733 -0.542388 -0.390105 -0.383934 -0.182853 -0.520322 -0.396148 0.420915 0.205565 -0.489211 -0.064229 0.520773 -0.654638 -0.700775 0.513441 0.166685
VERTEX_POSE A774 -0.995002 0.688746 0.400245 -0.212442 0.966911 -0.417470 -0.123486 0.025015 0.038463 -0.893261 0.429401 0.446565 -0.091664 -0.273596 -0.594945 0.254813 0.447564 0.520441 0.336904 0.734725
VERTEX_POSE A775 0.896515 0.789643 0.797406 -0.804269 0.690630 -0.582134 0.093028 0.127612 0.116133 -0.174921 -0.704945 0.037698 -0.780070 -0.251096 0.322073 0.582508 -0.483200 -0.736533 0.113687 -0.436160
VERTEX_POSE A776 -0.170107 0.700035 -0.673047 -0.004677 -0.363064 0.682619 -0.472988 -0.502739 0.056010 -0.499450 0.139686 0.125554 -0.075891 0.321798 0.026745 -0.499547 0.689607 0.717227 0.521081 0.385525
VERTEX_POSE A777 -0.528173 0.315556 0.873592 0.658100 0.021443 0.392952 -0.459196 -0.329264 0.292307 0.645453 -0.561182 -0.061779 -0.000700 0.557173 -0.188416 -0.593722 -0.425596 0.849016 -0.141503 0.291696
VERTEX_POSE A778 0.573130 -0.679685 0.402935 -0.079835 0.768735 -0.023147 0.614710 -0.179219 0.625839 -0.144444 0.566123 0.052338 0.700965 0.031600 0.700048 -0.060815 -0.703191 -0.339091 -0.325911 -0.389756
VERTEX_POSE A779 -0.316647 -0.726389 0.149766 0.006150 -0.983158 0.442829 0.446229 0.502361 0.653549 -0.335915 -0.021024 0.341685 0.641464 -0.655244 -0.043838 0.388226 0.558353 0.508041 -0.354747 0.078033
VERTEX_POSE A780 0.021962 0.300403 0.656396 0.446485 -0.989366 0.286410 0.222408 0.867003 0.322963 -0.563023 -0.244436 0.717732 0.385156 -0.269709 0.530952 -0.430994 0.122653 0.128899 0.547210 -0.317444
VERTEX_POSE A781 0.098176 0.269092 0.195747 0.063905 0.685401 -0.170353 -0.536400 0.665630 -0.646442 0.240740 0.399427 -0.422220 -0.381524 -0.201329 -0.577446 0.380282 -0.318211 0.203420 0.603443 0.505572
VERTEX_POSE A782 0.662736 -0.178062 -0.993574 -0.532617 -0.201728 -0.388858 -0.299799 -0.440919 0.568045 -0.023063 -0.604173 0.340231 -0.867695 0.359867 -0.639627 -0.313072 -0.107151 -0.035137 0.242240 0.547339
VERTEX_POSE A783 0.041747 -0.209008 -0.631669 -0.490388 -0.549208 0.469793 -0.172985 -0.613043 -0.284568 0.544001 -0.671261 -0.140370 -0.626207 -0.066180 -0.702614 -0.414255 -0.298224 -0.430053 0.332260 0.283319
VERTEX_POSE A784 0.159575 0.216719 0.941258 -0.153541 -0.356570 0.655666 -0.068976 0.305373 0.201397 -0.435904 -0.376345 -0.356908 0.575329 0.353978 -0.450129 -0.685393 0.561295 -0.446701 -0.066799 -0.569878
VERTEX_POSE A785 0.878890 0.923388 0.615360 -0.666239 -0.134723 -0.096724 0.708245 -0.184632 -0.066982 0.509589 0.383906 0.354288 0.152647 0.776180 -0.685051 0.272320 -0.033429 -0.625573 -0.375831 0.463632
VERTEX_POSE A786 -0.811708 -0.351172 -0.545219 -0.469174 0.434330 0.684382 -0.021392 0.229082 0.156151 -0.410543 0.690990 -0.451515 -0.479004 -0.209150 -0.428588 0.655515 0.529231 -0.345954 -0.414551 0.382393
VERTEX_POSE A787 0.439065 -0.237109 -0.656962 -0.123871 0.580737 -0.396320 -0.286486 0.283238 -0.453978 0.696903 0.500654 0.698900 -0.062059 0.699805 -0.141237 -0.103347 0.299837 0.358364 0.646312 -0.299154
VERTEX_POSE A788 -0.886526 -0.286490 -0.595599 0.368718 0.096576 -0.651202 0.013148 0.531707 -0.362748 0.120418 -0.351015 0.214089 -0.680347 0.533192 -0.394501 -0.704360 -0.518463 0.492833 -0.162270 -0.202433
VERTEX_POSE A789 0.499601 -0.408958 0.409005 0.953951 0.511611 0.508113 0.346527 0.084052 -0.588664 -0.090956 0.336119 0.015236 0.791632 0.431137 0.167161 0.198155 -0.707233 0.605905 -0.453541 0.440343
VERTEX_POSE A790 -0.753457 0.928861 0.347699 0.371141 -0.518834 0.782648 0.071798 -0.192524 0.309553 -0.667676 0.523674 0.154869 0.619465 0.070669 -0.396038 -0.333381 -0.498200 -0.332880 0.232754 0.659926
VERTEX_POSE A791 -0.315347 0.821500 0.688138 -0.835776 -0.233561 0.147818 0.553041 0.347789 0.483513 -0.496343 0.072647 -0.523879 -0.622191 0.262780 0.389639 -0.162499 -0.693107 0.564001 -0.185102 0.569487
VERTEX_POSE A792 0.602308 -0.466143 0.522975 -0.832412 0.008415 0.080800 -0.670920 0.680769 0.394755 0.509463 0.582123 -0.389725 0.479220 0.403283 -0.558379 0.145918 0.025445 0.611528 0.198418 -0.185478
VERTEX_POSE A793 0.873635 0.734671 -0.261350 -0.512846 0.539905 0.019388 0.261995 -0.343827 0.642489 -0.387201 0.409529 -0.610264 -0.568157 0.404929 0.423020 0.056852 0.283105 0.188318 -0.674833 -0.685531
VERTEX_POSE A794 -0.488372 -0.089619 0.596434 0.364373 -0.674789 0.495234 -0.560108 0.643664 0.474703 0.479063 0.226932 -0.610890 0.270121 0.714411 0.380908 0.445086 -0.016400 -0.105466 -0.430942 -0.153450
VERTEX_POSE A795 -0.204181 0.417556 0.290867 -0.441235 -0.139498 0.306787 -0.712977 0.201594 -0.885644 -0.144871 0.201216 -0.227555 -0.554535 -0.703495 -0.080859 0.403751 -0.548775 -0.251389 0.012381 0.350447
VERTEX_POSE A796 0.238652 -0.204412 0.772730 -0.176618 -0.574000 0.551188 -0.749080 -0.126284 0.345819 0.605373 -0.273403 -0.428026 -0.168329 -0.235219 -0.542479 -0.186835 -0.548581 -0.314820 -0.095708 0.743662
VERTEX_POSE A797 -0.599103 -0.129170 -0.636358 -0.803847 -0.564549 -0.050530 -0.566007 -0.149326 0.170640 -0.668593 -0.342444 0.008728 -0.459347 0.806130 0.545959 0.146577 0.404707 -0.818646 -0.011570 0.216333
VERTEX_POSE A798 0.526029 -0.806814 -0.317917 0.233706 -0.590143 -0.695592 0.165035 -0.626135 0.065360 -0.137372 -0.519170 -0.273620 0.642292 0.273145 0.027293 0.597926 0.118506 -0.660504 -0.428764 0.499766
VERTEX_POSE A799 -0.473066 -0.862451 0.477511 -0.308912 -0.897395 0.535657 -0.619455 0.433686 0.573841 0.190010 0.145091 -0.552510 -0.502142 0.415449 0.274302 -0.081075 -0.152833 0.057180 -0.566967 -0.771304
VERTEX_POSE A800 -0.008880 -0.006879 -0.204890 -0.807194 -0.642546 0.167142 0.400644 -0.784477 0.606247 -0.573832 0.137153 0.658019 0.237131 -0.016549 0.332937 0.600783 0.463776 -0.246358 0.305007 0.387844
VERTEX_POSE A801 0.764696 0.001296 0.837981 0.119315 0.091623 0.460524 -0.183952 -0.570743 -0.454891 -0.816078 0.168458 -0.107398 0.399431 0.163279 -0.743973 0.286325 -0.571687 -0.126335 0.242182 0.540729
VERTEX_POSE A802 0.199501 0.990140 0.210869 0.739812 -0.002837 0.013782 0.209810 -0.725698 0.269306 0.646876 0.432558 -0.421536 -0.393612 -0.101357 -0.290420 -0.314586 0.525325 0.815627 -0.532575 0.004108
VERTEX_POSE A803 0.573053 0.011198 -0.179184 0.608150 0.309636 -0.141862 -0.229221 0.478250 0.461485 0.413899 0.747722 0.749403 -0.647093 -0.105006 0.378620 0.395994 -0.313465 -0.248894 -0.447888 0.320783
VERTEX_POSE A804 0.130469 -0.489413 0.324010 -0.208036 -0.096644 0.386334 -0.817950 -0.211205 0.197734 0.346592 0.245063 0.767010 0.382646 -0.464667 -0.350738 0.229358 -0.610636 -0.316742 -0.108669 -0.553665
VERTEX_POSE A805 0.204498 0.678886 -0.388886 -0.472629 -0.035925 0.022385 0.173830 -0.242265 -0.116668 0.481801 0.779765 -0.526834 0.619609 -0.507448 -0.798978 -0.305004 0.251210 0.264514 0.510596 0.112536
VERTEX_POSE A806 0.469568 -0.199159 -0.381778 0.803881 0.000266 -0.396475 0.261380 -0.159724 0.766253 -0.340806 0.225017 0.502024 0.761208 -0.400048 0.000449 -0.393457 -0.659025 0.060306 -0.285106 -0.574023
VERTEX_POSE A807 0.960362 -0.789378 0.650963 0.787288 0.540292 -0.018206 -0.709494 -0.224245 -0.076176 -0.255767 0.648916 -0.607291 -0.112674 0.526120 0.069262 0.620614 0.236769 0.787570 -0.182601 0.442447
VERTEX_POSE A808 0.676326 -0.005558 -0.515294 -0.814529 0.985518 -0.341021 -0.026933 0.460559 0.313665 0.678650 -0.395476 -0.589066 0.642418 0.003573 -0.660656 -0.218459 -0.383319 -0.043055 -0.279791 -0.696087
VERTEX_POSE A809 0.042698 0.121157 -0.978843 -0.275954 -0.230998 -0.133301 0.060150 -0.567778 0.714619 0.364814 -0.189561 0.434604 0.391591 0.368142 0.249767 -0.619146 0.517061 0.469347 -0.571496 -0.488685
VERTEX_POSE A810 -0.356284 -0.515767 -0.199272 -0.206563 0.557134 0.660633 0.622200 0.164712 -0.066554 -0.258823 0.706003 0.298032 0.190097 0.162148 -0.676836 0.681968 0.263208 0.110470 -0.211330 0.615516
VERTEX_POSE A811 -0.301713 -0.705155 -0.858897 0.631956 0.996152 -0.170535 0.270265 -0.721555 -0.310345 0.328389 -0.417390 -0.249697 0.549124 0.186973 0.759240 0.614655 0.059107 -0.485602 0.373872 0.516422
VERTEX_POSE A812 -0.859125 -0.609751 0.216905 0.787951 -0.545597 -0.520156 0.156263 0.154393 -0.014832 0.493069 -0.603576 0.728995 0.408416 0.445085 -0.041329 -0.540712 0.351344 -0.442805 0.522773 0.538809
VERTEX_POSE A813 -0.693549 0.306171 -0.192846 0.260820 -0.644594 -0.297054 0.559842 -0.736317 0.045251 0.247502 0.437104 -0.119745 0.378212 0.196016 0.831185 0.502111 0.001285 0.452222 -0.479751 -0.477864
VERTEX_POSE A814 0.740034 0.085837 -0.490566 -0.858432 -0.553056 -0.587482 0.379112 -0.616634 -0.001491 -0.510621 0.019296 0.787349 0.123159 -0.583628 -0.185646 -0.706805 -0.506432 0.021898 -0.284253 0.149316
VERTEX_POSE A815 0.300449 0.606968 0.158163 -0.365590 0.097833 -0.465233 -0.409588 0.777949 -0.660164 0.384242 -0.237596 -0.406763 -0.436740 -0.501034 -0.254755 -0.361148 -0.238882 0.342615 -0.602848 -0.173907
VERTEX_POSE A816 -0.814659 0.229558 -0.577486 0.594581 0.220683 0.245765 -0.167798 -0.372976 -0.438994 0.348512 0.549824 -0.172717 0.812041 -0.547549 -0.586087 -0.408316 -0.500680 -0.611191 -0.155726 0.089953
VERTEX_POSE A817 0.928326 0.734665 -0.035785 -0.327605 0.881274 -0.456889 -0.439034 -0.204154 0.337415 -0.522098 -0.584550 -0.515823 -0.445399 0.007709 -0.536425 0.563517 -0.561154 -0.351537 -0.136860 0.549244
VERTEX_POSE A818 -0.260485 -0.630141 0.501201 0.510539 -0.321430 0.100681 -0.531281 0.747329 0.343300 0.413868 0.558126 0.475478 -0.335386 -0.134313 0.486649 0.572948 0.021732 0.639611 -0.325115 -0.333890
VERTEX_POSE A819 -0.701185 0.943068 -0.173085 -0.036701 -0.682741 -0.020822 0.034922 -0.464164 0.457037 0.345279 0.518245 -0.086130 -0.652936 -0.228114 -0.820522 0.459041 0.049797 0.331676 0.492461 -0.679307
VERTEX_POSE A820 0.427927 -0.674293 -0.626780 -0.373654 0.392885 0.181287 -0.137411 -0.363540 -0.528004 0.294410 -0.684220 -0.399597 0.701711 0.398762 0.542980 0.458894 0.161915 -0.483572 -0.437560 0.463092
VERTEX_POSE A821 -0.013942 -0.701280 -0.151100 -0.118320 0.159736 -0.148981 0.006961 -0.587509 -0.378696 -0.038579 -0.610066 -0.539667 -0.467530 0.478497 -0.077044 0.839353 0.224147 0.732952 -0.274529 -0.058747
VERTEX_POSE A822 -0.016532 0.764568 -0.484947 0.127523 0.083698 -0.319400 0.463117 0.287899 -0.314346 0.112317 0.799241 0.089210 -0.538092 0.328704 -0.671511 -0.619121 -0.126080 -0.583339 0.316313 -0.392920
VERTEX_POSE A823 0.030236 -0.140435 0.896195 -0.206066 -0.598701 -0.028111 0.713325 -0.251908 0.106838 0.498091 0.513998 0.772971 0.252004 0.082236 -0.619747 0.389167 0.099512 0.078901 0.167678 -0.809743
VERTEX_POSE A824 -0.140308 -0.966609 0.587550 0.368834 -0.300359 -0.407486 -0.471707 -0.515812 -0.167740 -0.128638 -0.574992 0.797851 -0.090867 -0.479444 0.402730 -0.498929 0.256843 -0.084029 -0.709759 0.327853
VERTEX_POSE A825 0.495095 -0.325051 -0.888513 -0.508103 0.408909 -0.074116 -0.317246 -0.486924 0.413878 -0.214500 0.390948 0.581904 0.745190 -0.268779 0.340000 -0.141291 0.608716 -0.607453 0.527327 0.409009
VERTEX_POSE A826 0.826055 -0.722879 0.187062 0.352699 0.261801 -0.411118 -0.325281 0.494691 -0.580692 0.267585 -0.206959 -0.314071 -0.817213 -0.357748 -0.611833 0.391969 -0.129916 0.144215 0.033370 -0.753384
VERTEX_POSE A827 -0.901656 -0.171022 0.360280 -0.807784 0.125641 0.098743 -0.252123 0.614556 0.568240 -0.259296 -0.366858 -0.588586 -0.745405 -0.302297 -0.063876 0.354862 -0.617311 -0.562885 0.433179 0.123611
VERTEX_POSE A828 0.895993 0.545779 -0.524871 -0.311950 0.844360 0.486693 0.323457 0.713912 0.249510 0.725882 -0.498169 0.061638 0.421662 0.036871 0.367544 -0.186193 -0.486772 -0.749658 0.394974 0.062056
VERTEX_POSE A829 0.352084 -0.529693 0.869144 -0.413595 0.671658 0.627364 -0.673629 -0.111802 0.209649 0.443325 -0.597769 -0.580648 -0.546190 -0.039378 -0.084875 0.216748 0.628186 -0.467017 -0.066208 -0.483740
VERTEX_POSE A830 -0.374721 -0.033473 -0.162209 -0.116696 0.228246 -0.532415 -0.476853 0.436693 0.183536 -0.864498 -0.370768 -0.620226 0.156952 -0.634423 -0.520091 -0.011201 0.311467 0.166353 -0.022229 0.415121
VERTEX_POSE A831 -0.112887 -0.461100 0.270239 -0.119144 -0.798186 -0.463244 -0.128095 -0.032335 0.102075 -0.320311 0.822469 -0.755980 0.022161 0.344026 0.217879 -0.832000 -0.069681 -0.394979 -0.433910 -0.446419
VERTEX_POSE A832 0.116780 0.471603 0.707125 0.705720 -0.236719 -0.381454 0.759819 -0.488362 0.720721 -0.043333 -0.421526 -0.462587 -0.414758 0.005839 -0.308169 -0.174282 0.010404 0.161550 0.467331 0.763987
VERTEX_POSE A833 0.824779 -0.043333 -0.951340 -0.376884 -0.774591 -0.636217 -0.624172 -0.443581 0.519225 -0.156599 -0.578400 0.164729 -0.652530 0.663730 0.348904 -0.150115 -0.094010 0.420432 -0.370886 -0.138974
VERTEX_POSE A834 -0.539834 0.550098 -0.908945 -0.510994 0.511450 -0.143564 0.115207 -0.915253 0.525175 0.337685 -0.130206 0.298564 0.431727 -0.206211 -0.269633 0.823314 0.301741 -0.736029 0.091993 -0.108569
VERTEX_POSE A835 -0.752751 0.982191 0.031134 -0.502316 0.666637 -0.182616 0.953606 0.148070 0.381120 -0.146777 0.487888 0.492597 0.100046 0.585481 0.640671 0.227643 -0.372762 0.410228 0.085213 -0.508234
VERTEX_POSE A836 0.029278 -0.364447 -0.340226 0.150487 0.189484 0.646340 -0.642514 -0.018166 0.071877 0.047570 -0.054646 0.159965 -0.007532 -0.935917 0.737440 0.490440 0.252608 -0.087592 -0.586792 0.238604
VERTEX_POSE A837 0.929735 -0.649060 -0.290723 -0.707113 -0.488283 -0.156971 0.120960 -0.566282 0.519913 -0.044784 0.461447 0.279153 0.336894 -0.580701 -0.678558 -0.423629 0.030181 0.408267 -0.830905 -0.358144
VERTEX_POSE A838 -0.792389 -0.807187 -0.317903 -0.715028 0.206929 -0.386839 0.337474 0.458603 -0.456627 -0.157805 0.252505 -0.580618 0.053788 0.229993 0.131938 -0.846806 0.453670 -0.536025 -0.375814 -0.683528
VERTEX_POSE A839 -0.294397 0.629995 0.144481 0.335958 0.175002 -0.634403 -0.236126 -0.174825 0.011252 -0.938103 0.244235 0.125306 -0.192123 -0.948703 -0.057525 -0.055465 -0.098734 0.760523 -0.155629 -0.000604
VERTEX_POSE A840 -0.027567 0.472096 -0.269566 0.016933 0.280718 0.442929 -0.242981 0.388332 0.063436 0.468625 0.373443 -0.729527 0.397613 0.005335 0.013190 0.257320 0.746756 -0.517113 -0.705012 0.389956
VERTEX_POSE A841 -0.148673 -0.322955 0.482825 0.078409 -0.235937 -0.250220 0.260231 -0.472374 0.569223 0.155399 0.631749 0.111090 0.812014 -0.117409 -0.645563 -0.142039 0.461695 0.429281 -0.478110 -0.388340
VERTEX_POSE A842 0.403891 0.924840 0.285583 -0.032086 0.171154 0.229587 -0.538661 -0.630083 0.776873 0.408144 0.107104 -0.278180 0.569541 -0.041946 0.346334 0.297749 -0.500144 0.382658 -0.360876 0.582769
VERTEX_POSE A843 0.113308 0.862345 0.947339 -0.195116 0.735121 0.340100 -0.556090 -0.027674 -0.246495 -0.248704 0.751945 0.255901 0.633153 -0.150268 -0.830582 -0.105291 -0.430306 0.261192 -0.465770 -0.475467
VERTEX_POSE A844 0.157778 0.983216 -0.710020 -0.660771 0.119469 0.789407 -0.091334 0.522990 -0.260545 -0.667571 -0.027741 0.437451 -0.271685 -0.781620 -0.151948 0.592426 -0.123715 -0.307411 -0.348177 0.315400
VERTEX_POSE A845 0.143925 0.010676 0.795017 0.109482 0.618098 0.466856 -0.513009 0.263338 0.326242 0.568516 0.563645 -0.723906 -0.360044 0.424510 -0.185862 0.295896 -0.578618 0.342091 -0.443198 -0.312968
VERTEX_POSE A846 -0.586243 0.469313 0.105502 0.439293 -0.167046 0.114945 0.626200 0.532655 0.251000 -0.205313 0.038554 -0.629126 0.561275 -0.415517 -0.214613 0.058438 0.686378 0.694211 0.497268 -0.266503
VERTEX_POSE A847 0.343119 0.212774 -0.287506 0.933810 -0.659848 -0.108567 -0.645372 -0.065539 -0.676041 -0.150606 0.689682 -0.438278 -0.380703 -0.655368 -0.554723 0.469450 -0.263511 0.177136 -0.442147 0.145251
VERTEX_POSE A848 0.072251 -0.254659 -0.240768 0.781877 0.499371 0.067321 -0.161375 -0.653160 -0.612885 -0.332978 -0.047629 -0.537325 -0.454279 0.248329 0.414944 -0.742948 -0.275458 0.398677 -0.323639 0.658460
VERTEX_POSE A849 0.153272 0.839172 -0.393297 -0.050168 0.511524 -0.085530 -0.003383 -0.286514 0.503352 0.387553 -0.596147 0.389484 0.693498 0.454311 0.220154 -0.185691 0.595125 0.734272 -0.578248 -0.044125
VERTEX_POSE A850 0.641933 0.155843 0.539409 -0.102891 -0.342588 0.405799 0.514875 0.275680 0.116930 -0.408291 -0.717997 -0.682295 -0.330279 0.366013 -0.569578 0.677573 -0.464947 -0.178070 0.003433 0.241538
VERTEX_POSE A851 -0.499821 0.071049 0.132452 -0.591778 -0.107744 -0.175824 -0.224167 -0.381074 -0.528809 -0.581169 0.066739 0.332849 0.420461 0.104734 -0.759940 0.631996 0.128064 0.033897 -0.189170 0.907171
VERTEX_POSE A852 -0.860671 -0.862107 0.455603 0.831513 -0.328740 -0.218039 -0.697208 -0.027389 -0.460651 0.311863 -0.467987 -0.387035 0.490520 -0.133808 0.762472 0.191310 -0.451954 -0.095394 -0.373407 -0.747041
VERTEX_POSE A853 -0.374599 -0.079589 -0.945539 -0.975368 0.741110 0.117780 0.517028 -0.103507 0.379035 0.551824 0.191959 -0.402872 0.486767 -0.681788 -0.819734 0.042160 0.341734 0.090501 -0.435262 -0.608951
VERTEX_POSE A854 0.530414 0.930613 0.028647 0.202156 0.293556 0.671099 0.136813 -0.657027 0.287071 -0.257218 0.467312 0.636563 -0.226897 0.460077 0.188468 0.893033 0.282539 0.162737 -0.257159 -0.241736
VERTEX_POSE A855 -0.000979 -0.828717 0.043154 0.200347 0.370901 0.171285 0.440304 -0.723592 -0.401009 0.722432 0.130872 0.565303 -0.136465 -0.363389 -0.668248 -0.306441 -0.572042 -0.209117 -0.414361 0.002009
VERTEX_POSE A856 -0.879504 0.595360 -0.834052 -0.483471 0.150018 -0.127647 -0.548185 0.450763 -0.558996 0.229717 -0.444131 0.295241 -0.022026 0.429230 -0.763520 -0.119588 0.393610 0.033170 -0.794945 -0.510288
VERTEX_POSE A857 0.356469 -0.792266 -0.784292 -0.445145 -0.444643 -0.035632 0.301531 0.684403 0.322059 0.764061 -0.033335 0.465053 0.216035 -0.569808 -0.539188 0.520341 -0.033990 -0.622904 0.088673 -0.452376
VERTEX_POSE A858 0.097366 0.000262 -0.596566 0.392563 -0.503458 0.210804 0.723546 -0.550085 0.014831 0.579684 0.545829 0.691880 0.045135 -0.062431 -0.591094 0.365929 0.117346 0.356723 0.067131 0.617908
VERTEX_POSE A859 -0.983511 0.141139 -0.358923 0.204579 -0.005622 0.729108 -0.333785 0.232946 0.612681 0.421844 -0.140602 -0.186955 0.532042 -0.216412 -0.049183 -0.612075 -0.661733 0.235908 0.230066 -0.664261
VERTEX_POSE A860 -0.291447 -0.321959 -0.915148 0.141260 -0.772985 -0.199709 -0.312766 0.149572 -0.322149 -0.491523 -0.173369 -0.799745 0.571056 -0.178379 -0.175804 0.066844 0.956949 -0.431089 -0.574464 0.000931
VERTEX_POSE A861 0.722644 0.966789 0.241225 -0.724133 0.724788 -0.644138 0.268195 0.582961 -0.293450 -0.860730 -0.015620 0.482523 0.122414 -0.077270 0.227470 0.164757 0.498654 0.463037 -0.380901 0.636621
VERTEX_POSE A862 -0.096397 0.680040 0.911315 -0.914565 0.196193 0.161657 -0.576442 -0.707537 -0.562437 -0.402356 -0.105052 -0.622709 0.353983 -0.104544 -0.436081 0.181249 -0.359334 0.282131 0.589635 -0.590173
VERTEX_POSE A863 0.825333 -0.850356 0.791977 -0.153020 -0.009704 0.765141 0.430736 0.349566 -0.221166 0.807327 -0.545798 0.308647 -0.359339 -0.629191 0.067870 0.154689 0.161291 0.515534 -0.098170 -0.397507
VERTEX_POSE A864 0.547424 -0.076544 0.289885 -0.101016 0.950197 -0.405684 0.707474 0.329328 0.728275 -0.121287 0.409271 0.368919 0.516706 -0.633332 -0.253169 -0.177778 0.323888 0.323790 0.431485 0.466934
VERTEX_POSE A865 0.363769 0.230138 -0.997630 -0.425560 -0.292357 -0.064853 0.228765 -0.289652 0.455736 0.407897 0.202225 0.077651 0.714555 0.433679 0.709650 -0.475786 0.353681 -0.527699 -0.210534 0.749692
VERTEX_POSE A866 -0.927418 -0.868166 -0.176888 0.344664 -0.343067 0.248372 -0.634116 0.381227 0.102571 -0.660978 -0.205759 0.526537 0.242592 -0.526915 0.664740 -0.067865 -0.180302 0.456804 0.312327 0.708647
VERTEX_POSE A867 -0.423299 0.559009 0.949660 -0.950529 0.139681 -0.319231 0.118869 -0.446128 0.227265 0.429913 -0.554904 0.603971 -0.129866 0.421815 0.594093 -0.434524 -0.542777 0.358768 0.771601 0.143235
VERTEX_POSE A868 0.293504 0.581077 -0.288353 -0.132673 0.219360 -0.258957 -0.470551 -0.500946 -0.538213 -0.469965 0.605059 0.465376 -0.003427 -0.062767 -0.355508 0.714402 0.240381 -0.548003 0.217560 -0.566776
VERTEX_POSE A869 -0.719807 -0.675353 0.505209 0.629636 0.863862 -0.406389 -0.690582 -0.096032 0.660110 -0.377129 -0.519567 0.046286 0.609651 -0.362373 0.298475 -0.034223 0.747356 0.554863 -0.089574 0.175990
VERTEX_POSE A870 0.282305 0.189004 0.094140 0.385429 -0.685317 -0.356914 0.458638 0.611675 -0.297860 -0.019304 0.178363 -0.019454 -0.839261 0.525803 0.556661 -0.088757 -0.161492 0.688217 0.277565 0.539900
VERTEX_POSE A871 -0.734063 0.053174 0.442081 0.884260 -0.499922 0.422874 0.289020 -0.307635 0.318772 0.464469 0.139063 -0.552904 0.729597 -0.340610 0.521158 0.375414 0.376745 0.377165 -0.165795 -0.792509
VERTEX_POSE A872 0.131519 0.001692 -0.011966 -0.291955 -0.372075 0.328945 -0.474739 0.251140 -0.552080 -0.557666 -0.477181 -0.186620 -0.516169 0.690805 0.719787 -0.250566 -0.187909 -0.184618 0.366630 0.443517
VERTEX_POSE A873 -0.313805 0.113844 -0.620277 -0.646658 0.485836 0.060392 0.935189 0.312183 0.582606 -0.315797 0.683658 0.554490 0.085798 -0.403265 0.589831 0.135377 -0.299488 0.039531 0.002128 -0.427596
VERTEX_POSE A874 0.379245 -0.084481 0.389420 -0.310857 -0.764801 0.128834 -0.191735 0.015763 0.605240 -0.174815 0.153029 0.545541 0.253534 0.614067 0.081254 -0.924083 0.035602 0.559347 0.120282 -0.773297
VERTEX_POSE A875 -0.710703 -0.015092 0.278014 0.047274 0.747394 -0.734258 0.239026 -0.623917 -0.132042 -0.663031 -0.203487 -0.567804 -0.254369 0.532280 -0.276222 0.519200 0.478012 0.211497 0.411076 -0.239798
VERTEX_POSE A876 0.830120 -0.875480 -0.825259 0.462824 0.103934 0.056548 -0.062086 -0.385695 -0.299759 0.660925 0.088132 0.633407 -0.394730 0.142420 0.661771 0.586338 -0.386435 -0.260389 -0.244374 -0.820888
VERTEX_POSE A877 0.793002 -0.615168 -0.505078 -0.871563 0.068153 -0.671170 0.681147 0.196826 -0.027418 0.078199 -0.345577 -0.644098 -0.515073 -0.529214 -0.305343 -0.082307 0.247366 -0.201700 -0.507788 0.707516
VERTEX_POSE A878 0.632416 -0.802318 0.990507 -0.018916 -0.912454 0.017704 -0.378315 -0.790735 0.075118 0.161259 0.304748 0.673137 0.578394 -0.113987 -0.216225 0.593976 -0.514827 0.702978 -0.378848 -0.061855
VERTEX_POSE A879 -0.097629 -0.130139 -0.066027 0.244701 -0.396695 0.149518 0.406261 0.023894 -0.133555 0.076219 0.893081 -0.258936 -0.827629 -0.074054 -0.720066 0.047809 0.201321 0.611771 -0.376679 0.394742
VERTEX_POSE A880 -0.053727 -0.775996 0.101625 0.078269 -0.420324 -0.380922 0.561624 -0.462590 0.704971 0.504055 -0.309376 0.048370 0.398778 0.174202 0.479642 0.048178 0.526650 0.354285 -0.518809 -0.618538
VERTEX_POSE A881 0.274349 0.353525 0.529916 0.878193 -0.255042 0.854955 0.124332 0.433446 0.249946 0.007227 -0.317208 -0.047686 0.827955 0.165004 -0.432368 -0.007909 0.757092 -0.131769 0.546733 -0.333301
VERTEX_POSE A882 0.402550 0.940910 -0.933576 0.652923 0.495561 -0.290376 -0.517633 0.660174 -0.239252 0.572573 -0.151394 0.873638 -0.137937 0.088016 -0.294921 -0.483186 -0.444598 0.090659 -0.389514 -0.579514
VERTEX_POSE A883 0.085602 -0.638103 -0.442772 -0.090218 0.250936 -0.238300 0.593307 0.489427 -0.184341 -0.210465 0.450305 0.897057 0.294517 -0.024166 0.321272 -0.439005 0.713516 -0.036125 0.569408 0.219082
VERTEX_POSE A884 0.899750 -0.726064 0.584377 0.902826 -0.513933 0.391678 0.169991 -0.292318 -0.175649 -0.076010 -0.374680 0.713361 -0.311039 -0.456984 0.513534 0.573519 0.503919 -0.207689 0.734613 -0.558029
VERTEX_POSE A885 -0.067036 0.871523 0.095071 -0.144920 -0.210883 -0.442043 0.445303 -0.438634 -0.365629 -0.640574 -0.464928 0.796549 -0.171172 -0.324116 -0.148709 -0.595355 0.166016 -0.119615 -0.087304 0.677371
VERTEX_POSE A886 -0.915376 -0.466820 0.600382 -0.889871 -0.378163 -0.222682 -0.302567 0.328450 0.056646 -0.312523 -0.638433 0.628026 0.363862 0.449415 -0.580916 0.750291 -0.116564 0.464031 0.339779 -0.518616
VERTEX_POSE A887 -0.979753 0.869296 0.750325 -0.580645 0.636085 0.373947 0.021118 0.192876 -0.751780 0.563886 0.005217 0.068021 0.374166 0.627002 -0.230086 -0.424685 0.744482 0.487262 0.601024 0.124043
VERTEX_POSE A888 -0.710566 -0.920743 0.310779 0.409935 0.344474 -0.267071 0.898622 0.115798 -0.253735 0.123388 -0.414282 -0.025401 0.267787 0.285741 0.895084 0.322239 -0.298865 0.249941 -0.041313 0.802492
VERTEX_POSE A889 0.181989 0.533442 -0.996185 0.502692 0.118379 0.476576 -0.268563 -0.305963 0.351800 0.695094 0.574542 -0.568733 -0.356308 0.583623 -0.373824 0.419376 -0.353452 -0.431175 0.376679 -0.332783
VERTEX_POSE A890 -0.963264 0.010435 -0.608598 0.623933 -0.369537 -0.368896 0.406341 -0.721515 0.369558 0.735306 -0.036100 0.204791 0.280384 -0.004247 0.373637 0.268816 0.416693 0.738782 -0.378597 -0.551781
VERTEX_POSE A891 -0.002013 -0.242702 0.395632 -0.448805 0.571489 -0.442899 0.288645 0.535088 -0.339946 -0.174208 -0.604560 -0.195432 -0.587919 -0.232408 0.444583 0.579907 -0.461782 -0.672628 0.452100 -0.284486
VERTEX_POSE A892 -0.095366 0.500231 0.245040 0.778560 -0.156834 -0.367585 0.439263 -0.493590 0.095920 0.561391 0.581026 0.295319 -0.429866 0.383418 0.631595 -0.143747 -0.520064 -0.607911 -0.535202 0.036073
VERTEX_POSE A893 -0.059661 -0.309525 -0.697283 0.709368 0.826656 0.581787 -0.112154 0.739279 0.668987 -0.139370 -0.464544 0.391916 0.776119 -0.184891 0.243850 -0.603017 -0.239704 -0.030315 -0.044807 -0.382130
VERTEX_POSE A894 -0.176680 -0.093059 0.187609 0.398175 -0.438215 0.389153 0.390896 0.004773 0.104076 0.264319 0.489391 0.283360 0.555466 0.396823 0.591229 0.151288 -0.681527 -0.638657 0.667761 -0.372192
VERTEX_POSE A895 -0.547943 -0.576312 -0.465074 -0.322457 -0.206637 -0.385915 -0.352153 -0.162632 0.495346 -0.010547 0.552370 0.498948 0.559213 -0.547400 0.501655 -0.741321 -0.413501 -0.324183 0.116624 -0.444757
VERTEX_POSE A896 -0.695892 0.920612 -0.694912 -0.716192 -0.465701 -0.559154 0.305573 0.209518 -0.232276 -0.415382 -0.520885 -0.371717 0.559266 -0.632788 -0.109596 -0.566551 -0.353133 -0.695133 -0.316739 0.399573
VERTEX_POSE A897 -0.104099 0.038775 -0.989279 -0.257161 0.218718 0.614606 -0.214325 -0.216120 0.193212 -0.336577 0.750988 -0.481192 -0.481175 0.319250 0.594209 -0.081103 0.223715 0.017275 0.776321 0.487176
VERTEX_POSE A898 0.028759 0.982697 -0.515415 -0.272986 0.933044 0.023403 0.498387 -0.671752 -0.499723 0.031336 -0.287375 -0.536057 0.528365 0.072709 0.192952 -0.399209 -0.675889 0.652029 0.558651 0.063652
VERTEX_POSE A899 0.597611 0.501690 0.016735 0.151136 0.753659 -0.549605 -0.051246 0.101149 -0.306795 -0.068543 -0.592417 0.560663 -0.645435 0.176169 -0.176055 0.271152 0.758600 0.508402 0.708918 -0.179729
VERTEX_POSE A900 0.176094 0.363422 0.515929 -0.627526 0.082580 0.352496 0.048286 -0.411716 -0.553741 0.092710 -0.667937 0.106168 0.325058 -0.512394 -0.664985 0.428168 0.323332 0.340060 0.836710 0.131374
VERTEX_POSE A901 -0.688937 0.171701 0.578725 -0.887557 -0.752273 0.288154 0.423577 0.714537 0.407087 0.057320 -0.084738 -0.556098 0.707323 -0.325550 -0.655100 -0.295587 0.574971 -0.113342 -0.479187 -0.213733
VERTEX_POSE A902 0.863548 -0.445137 -0.541184 0.035395 -0.746263 0.290299 -0.478458 0.698607 0.732843 -0.216263 -0.061757 0.578235 0.675261 -0.013945 -0.200253 0.503813 0.694196 -0.064882 -0.120425 0.161345
VERTEX_POSE A903 -0.692387 -0.634886 -0.496037 0.080519 0.710504 0.364846 -0.467880 0.531911 0.458912 -0.510449 0.059471 -0.133143 -0.275818 -0.245958 0.065129 0.517733 0.714525 0.796441 0.420009 -0.377481
VERTEX_POSE A904 -0.002741 -0.714455 0.958449 -0.534215 0.733563 0.046354 0.348396 0.490396 -0.330963 0.671133 -0.540213 0.592173 -0.064966 -0.629403 0.623050 -0.011626 0.129594 -0.386594 -0.651034 -0.233966
VERTEX_POSE A905 0.242792 0.470382 0.848236 0.724539 -0.511064 -0.583028 0.656493 -0.392814 0.288637 0.437536 0.605382 0.120337 -0.452976 -0.427067 -0.563140 -0.324789 0.534945 -0.495136 -0.258661 0.103236
VERTEX_POSE A906 -0.403090 0.350022 0.781977 -0.872207 0.457898 0.217722 -0.539230 0.169354 0.168925 -0.687422 -0.390031 0.832447 0.306729 -0.426042 0.459651 0.066393 0.755394 0.140765 -0.371740 0.258968
VERTEX_POSE A907 -0.172621 -0.589935 -0.866811 0.928610 -0.162503 -0.013167 -0.435842 0.805343 0.575638 0.164111 0.308866 0.494878 0.602963 0.053800 0.637913 -0.558551 -0.211549 -0.128954 0.327972 0.456484
VERTEX_POSE A908 0.035794 0.855214 -0.656842 0.852975 0.557089 0.050012 0.003333 0.310298 0.304749 0.541886 -0.738779 0.038745 -0.600498 -0.486777 -0.405309 0.578123 0.124781 -0.859564 -0.107355 -0.324651
VERTEX_POSE A909 -0.770674 0.547705 0.772484 0.108876 0.545444 0.253793 0.283950 -0.556216 -0.728215 -0.418263 0.111964 -0.566540 0.452404 -0.544994 -0.022186 -0.573201 -0.517282 0.289539 -0.459564 -0.336881
VERTEX_POSE A910 0.729750 0.279926 0.067162 0.173311 0.440802 -0.382668 -0.623243 0.352233 -0.364525 -0.129121 0.572045 0.619178 0.144794 0.661695 0.074234 0.309830 0.295533 0.576016 -0.691329 -0.153350
VERTEX_POSE A911 0.982067 -0.920781 0.444783 -0.068756 -0.863235 0.183762 -0.697776 0.462903 -0.321217 -0.565777 0.090802 0.634680 0.278602 0.576766 -0.677845 0.339668 0.631254 -0.027566 0.003383 -0.215256
VERTEX_POSE A912 0.503676 -0.098771 0.302400 -0.012930 -0.709598 -0.191924 0.366084 0.531913 0.693598 -0.576742 0.354164 -0.520270 -0.455902 0.575090 0.073483 0.339372 0.431703 0.453878 0.458619 0.273022
VERTEX_POSE A913 0.132300 0.220836 0.133587 -0.173766 -0.063637 -0.133842 -0.050447 0.539398 -0.830896 0.487818 0.089951 0.060861 0.312310 -0.751052 0.125681 -0.225288 0.171121 0.521727 0.781790 0.328021
VERTEX_POSE A914 0.067670 -0.558884 -0.997989 0.841026 0.387701 -0.293980 -0.332740 0.456055 0.399770 0.526377 0.164487 -0.775657 0.005351 -0.166203 0.168995 -0.279042 -0.828439 0.351507 -0.730971 0.225884
VERTEX_POSE A915 0.403426 0.175165 -0.113222 -0.110105 -0.223531 -0.707947 -0.393665 0.370503 -0.461781 0.481933 0.095668 -0.094843 0.765454 0.238481 -0.515474 -0.062536 -0.487222 0.104217 -0.151451 0.747875
VERTEX_POSE A916 -0.934735 0.092359 -0.771342 0.681314 0.725480 -0.293472 0.661018 0.624264 -0.477063 -0.224582 -0.000439 0.022665 0.109368 -0.508920 -0.621507 -0.539197 0.183315 -0.547266 0.458175 -0.563640
VERTEX_POSE A917 0.152293 -0.025704 0.602392 0.951155 -0.990462 0.282707 -0.431296 0.554016 -0.528769 -0.807038 -0.243686 0.183443 -0.042606 -0.407303 -0.656130 0.253996 0.566488 0.419907 -0.310393 0.383249
VERTEX_POSE A918 0.423673 0.044461 -0.362897 0.309250 -0.587446 0.690824 0.356822 0.322756 0.394695 0.331937 -0.497906 0.553867 -0.721062 -0.306710 0.077036 -0.431929 0.620846 -0.232970 -0.236648 -0.410362
VERTEX_POSE A919 -0.645301 0.171616 0.539437 0.091249 0.069954 0.003359 -0.215523 -0.405312 0.615905 0.424200 -0.604227 -0.387131 -0.534990 -0.527658 -0.443571 0.325320 -0.435981 0.523473 -0.617703 -0.046140
VERTEX_POSE A920 -0.665717 -0.492262 0.606207 0.453847 0.127916 0.193410 0.186281 0.187752 -0.040313 0.612122 0.740377 -0.845209 0.396024 -0.306167 -0.255858 -0.419983 0.441286 -0.425589 -0.507331 0.357939
VERTEX_POSE A921 0.460409 -0.945104 0.028505 -0.066817 0.043017 -0.432799 -0.656265 0.420396 -0.201262 -0.538513 -0.551277 -0.534628 0.151754 -0.550768 0.674089 -0.492670 -0.223421 0.178763 0.116477 -0.407552
VERTEX_POSE A922 0.352685 0.928913 -0.064932 0.642444 -0.358557 -0.606817 0.404076 -0.403048 0.362770 -0.504015 -0.377210 0.300607 0.568822 -0.463081 0.630590 0.449439 0.167581 0.110284 -0.239033 -0.672858
VERTEX_POSE A923 0.238916 -0.992031 -0.148752 0.232407 0.971082 -0.660599 -0.483105 -0.404312 0.459680 -0.372656 -0.588794 0.191275 0.011563 0.341825 0.499494 -0.578980 0.177344 0.257338 0.540726 -0.584430
VERTEX_POSE A924 -0.599252 -0.254629 0.331222 -0.357449 -0.130327 0.809187 0.045392 -0.162053 -0.014977 -0.639738 -0.526930 0.363683 0.249305 -0.504125 -0.396592 0.593365 -0.576689 -0.235462 -0.417661 -0.330714
VERTEX_POSE A925 -0.823995 -0.164145 -0.877323 0.040618 0.203227 0.160975 0.057210 0.520700 -0.507296 -0.052353 0.562909 0.528464 0.261810 0.584046 -0.553517 0.726811 0.019442 -0.362054 -0.630229 0.265552
VERTEX_POSE A926 0.690974 -0.568343 0.386173 0.909950 -0.235554 -0.435431 0.634103 0.179777 0.101845 0.385703 -0.898627 -0.083798 0.080556 -0.154207 -0.100486 0.571760 0.302602 -0.884821 -0.340217 -0.211666
VERTEX_POSE A927 -0.295145 -0.334017 0.636309 -0.073641 0.403972 -0.397240 0.226401 0.650898 -0.493468 0.338240 -0.485827 0.160723 -0.345768 0.494221 -0.360678 0.451967 0.301374 -0.665409 -0.714498 -0.072271
VERTEX_POSE A928 0.071906 0.874630 -0.866602 0.783457 -0.578055 -0.558413 -0.282760 -0.124855 0.043369 0.547590 0.630288 0.495732 -0.653407 0.517672 -0.484468 -0.418801 0.260672 -0.453690 0.133629 0.501213
VERTEX_POSE A929 -0.280268 -0.585646 0.870759 -0.363036 -0.302511 0.232506 0.651127 0.428221 -0.321335 0.156337 0.303177 0.546967 -0.651514 0.420980 -0.727009 -0.355536 0.199770 0.122354 -0.026775 -0.712445
VERTEX_POSE A930 -0.697534 -0.832327 -0.346956 -0.922505 0.157631 0.510112 -0.046155 0.114937 0.043250 -0.883940 -0.107504 0.671451 0.017748 0.564663 -0.206896 0.384303 0.262513 0.494230 0.261757 -0.766469
VERTEX_POSE A931 -0.752000 0.238052 0.649327 -0.844069 0.504525 -0.190347 0.618034 0.457796 -0.253187 -0.277454 0.802153 -0.078614 -0.139552 -0.208735 0.894845 0.268817 0.229273 0.304527 -0.670311 0.225469
VERTEX_POSE A932 0.030796 0.586055 0.449484 -0.250593 -0.054784 -0.271262 0.761440 0.236586 0.354045 0.193747 -0.784113 -0.410989 -0.518512 -0.260138 -0.528452 -0.179151 0.115549 0.594051 -0.285869 0.498167
VERTEX_POSE A933 -0.833986 -0.277464 0.111860 0.112890 0.411367 0.273397 -0.512885 0.554334 0.171240 -0.349386 -0.161500 0.532974 0.705847 0.394859 0.036992 -0.267168 0.551874 -0.781346 0.212793 0.454041
VERTEX_POSE A934 -0.444387 0.603166 -0.846709 0.236450 0.215029 -0.580398 0.714920 -0.166873 0.519615 0.442889 -0.030479 0.121573 0.359216 -0.423874 -0.568045 -0.084048 0.385081 -0.235973 -0.395775 -0.802040
VERTEX_POSE A935 -0.971946 0.871600 0.407933 0.215193 -0.321221 -0.206762 0.209175 0.590800 0.634909 0.531479 -0.404842 -0.088769 0.145809 -0.249426 -0.604429 0.721268 -0.143248 -0.425355 -0.363714 -0.635865
VERTEX_POSE A936 0.408807 -0.807082 -0.039904 -0.162571 0.900303 -0.061018 0.621413 0.652391 0.386103 -0.112386 0.581192 -0.211320 -0.770017 0.454377 0.699644 -0.067441 0.011917 0.559502 -0.061171 -0.173210
VERTEX_POSE A937 0.152523 -0.046811 0.935268 0.364243 -0.327073 0.502604 -0.719990 0.033061 0.276040 0.119019 0.107705 0.435449 0.536771 0.612726 0.583026 0.332615 -0.725658 -0.376371 0.262094 -0.292051
VERTEX_POSE A938 -0.144567 -0.718336 0.541122 0.143802 0.516276 0.378964 -0.372655 0.524672 0.663275 0.547971 -0.299679 -0.035451 0.094443 0.641869 -0.588198 0.579863 0.160094 0.263097 0.464430 0.444168
VERTEX_POSE A939 -0.555399 -0.951868 0.303254 -0.309596 0.457391 -0.574292 -0.740528 0.281258 0.498090 -0.202287 0.630426 -0.242134 -0.092124 -0.545750 -0.569809 0.456525 0.429171 0.196936 -0.440224 -0.203538
VERTEX_POSE A940 0.381850 -0.499107 0.707752 -0.526881 -0.781629 -0.771990 0.236358 -0.300664 0.128868 0.513207 -0.638028 -0.507693 -0.230625 -0.070626 -0.244408 -0.580352 -0.003233 0.264456 -0.539219 -0.705353
VERTEX_POSE A941 -0.414816 0.561590 -0.391716 -0.682887 -0.042922 0.085512 0.049446 -0.750337 0.600135 -0.352796 0.214126 -0.475059 0.536577 0.294759 -0.546972 -0.496051 -0.378869 0.328125 0.582330 -0.400899
VERTEX_POSE A942 -0.573332 -0.872649 -0.251963 0.621648 0.594156 0.238227 0.480689 -0.797195 0.452981 0.639965 0.393812 0.090739 -0.222292 -0.406688 0.670635 -0.149796 0.169604 -0.529218 0.536218 0.123419
VERTEX_POSE A943 -0.114475 0.402123 0.010153 0.460189 -0.491227 -0.542531 0.010395 -0.564711 0.696887 0.289468 -0.648508 0.207343 -0.709876 -0.192038 -0.237243 -0.455913 -0.390342 -0.347466 0.452018 -0.267007
VERTEX_POSE A944 0.717484 -0.217574 0.741871 0.143347 0.893442 0.600124 -0.318508 0.546489 -0.219343 -0.537358 0.404876 -0.177429 0.115884 0.533139 -0.670192 0.227077 0.379835 0.333318 0.738110 0.330020
VERTEX_POSE A945 0.494337 -0.431533 -0.249953 0.462674 -0.018143 -0.563572 0.555614 -0.319668 0.655524 0.387858 0.370483 0.240907 0.606877 -0.325849 0.140938 0.282850 -0.049409 0.418062 -0.304229 -0.807425
VERTEX_POSE A946 -0.711049 -0.422712 0.896930 -0.649916 0.285241 -0.289682 0.637937 -0.267686 -0.299540 -0.130941 0.727807 -0.692400 -0.574934 -0.428743 -0.385057 0.092487 0.461056 0.445728 -0.486609 0.047418
VERTEX_POSE A947 0.782749 0.874785 0.970529 -0.175339 0.618922 -0.487521 0.283137 0.006887 0.105137 -0.676549 0.299610 0.547473 -0.280138 -0.576169 -0.481507 -0.598812 0.132262 -0.468714 -0.158309 -0.748814
VERTEX_POSE A948 -0.353369 0.542762 -0.647561 0.413829 -0.008605 0.143688 0.198350 0.626464 -0.406242 0.791335 0.076313 0.861252 0.227052 0.165351 0.194172 -0.009636 -0.624676 -0.186719 -0.531790 0.429137
VERTEX_POSE A949 0.712624 0.621749 -0.465967 0.659334 0.697795 0.419295 0.260546 0.549732 0.437319 0.206482 0.246868 0.617108 -0.728309 0.000638 0.496718 0.541146 -0.605298 -0.073436 0.257307 0.520062
VERTEX_POSE A950 -0.862553 0.046401 0.509965 0.915910 -0.311124 0.136161 0.632005 0.346716 0.137174 -0.731690 0.215262 0.824173 0.048815 0.359756 0.477842 -0.152064 -0.426209 0.234628 0.199230 -0.722753
VERTEX_POSE A951 -0.019087 -0.949499 0.958647 -0.132323 -0.880689 0.630406 -0.002212 -0.709300 0.175305 -0.827717 0.208545 -0.261219 0.034434 0.183806 -0.460541 -0.534357 -0.453507 0.539928 -0.167802 0.462547
VERTEX_POSE A952 0.173033 0.676645 0.562537 -0.407483 -0.259187 0.048696 -0.641160 0.358569 -0.346298 0.392619 0.054424 -0.146111 0.507917 0.724278 0.024283 -0.322794 0.577704 -0.925078 -0.269421 -0.100729
VERTEX_POSE A953 0.490133 -0.024686 -0.554966 0.558354 0.330319 0.126623 -0.632685 -0.374841 -0.585514 0.321240 0.385109 -0.210352 0.199997 -0.520140 -0.575670 0.063137 -0.577325 0.515263 0.672703 -0.327621
VERTEX_POSE A954 -0.780171 -0.941530 -0.190105 -0.899917 -0.909606 0.753682 -0.371787 -0.453697 -0.350643 -0.542657 -0.387679 -0.046994 -0.543591 0.131639 0.311535 0.485599 -0.357254 -0.457985 0.189735 -0.706332
VERTEX_POSE A955 0.573780 -0.577985 -0.106241 0.235068 0.610486 0.495067 -0.336437 -0.438586 -0.442803 -0.454051 -0.488122 -0.125543 0.790131 -0.265629 -0.613315 0.049193 -0.354252 0.408555 0.232209 -0.611004
VERTEX_POSE A956 0.666138 0.811169 -0.432289 -0.401027 -0.466454 -0.537271 -0.383359 -0.533362 0.216381 -0.575143 -0.047997 0.394953 -0.670766 0.224121 -0.105401 0.039699 0.702233 0.705282 0.265976 -0.412141
VERTEX_POSE A957 0.910803 -0.509873 -0.803932 -0.989967 -0.145161 0.230257 -0.036474 -0.655310 0.349595 0.635988 0.402765 -0.337194 -0.580745 0.246058 -0.408272 0.361437 -0.560331 -0.737820 0.355369 0.183938
VERTEX_POSE A958 -0.721365 0.087998 -0.469931 -0.838572 0.014458 -0.337134 -0.543866 -0.305148 -0.530091 -0.077682 0.297872 -0.255310 0.769557 0.188303 0.594520 -0.220936 0.627030 -0.432096 -0.239049 0.624126
VERTEX_POSE A959 -0.261956 0.685799 -0.298891 -0.617570 -0.044509 -0.243621 0.495225 -0.769363 -0.166009 -0.765263 -0.403359 -0.408558 0.315856 0.058699 0.550190 -0.080557 -0.488488 0.665928 0.250738 0.057588
VERTEX_POSE A960 -0.369465 -0.095518 -0.933173 -0.353003 0.552329 0.788246 0.375399 -0.246452 -0.339298 0.284357 -0.274499 0.163664 0.593905 0.582461 0.355919 -0.604170 0.502551 0.331785 -0.245912 -0.521626
VERTEX_POSE A961 -0.418898 0.255671 0.183113 -0.761078 -0.827912 0.499914 0.778609 0.226989 0.356007 0.041944 -0.325179 0.664779 -0.252453 -0.390747 -0.179249 0.104058 -0.765231 -0.386372 0.563426 -0.323224
VERTEX_POSE A962 -0.013957 -0.076149 -0.649564 -0.461639 -0.539984 0.791290 -0.095368 0.296537 0.215845 0.441994 -0.791380 0.189600 -0.021641 -0.335670 0.386474 -0.643117 -0.290691 0.376778 0.617639 0.297671
VERTEX_POSE A963 0.661331 -0.509463 0.516311 0.396405 -0.502455 0.242296 0.113814 0.530764 -0.813731 0.195123 -0.300018 0.320219 0.899733 -0.282785 -0.303461 0.273701 0.700803 -0.290700 0.254052 0.239135
VERTEX_POSE A964 -0.252884 0.978207 -0.705027 0.351813 0.583455 0.262299 -0.466938 0.642595 0.914177 -0.152746 -0.304894 0.034881 0.073516 -0.477623 0.306941 0.849696 0.405850 -0.007111 0.176775 -0.318234
VERTEX_POSE A965 0.541656 -0.472983 -0.496273 0.774811 0.675045 -0.315592 0.380425 -0.188054 -0.421981 -0.590931 -0.492672 -0.621687 0.559666 -0.170275 0.541378 0.432633 -0.413195 -0.206760 0.075369 0.722624
VERTEX_POSE A966 0.689385 -0.637863 -0.075757 -0.388403 0.176324 -0.089777 -0.475485 0.321433 -0.394302 0.461641 0.121343 -0.202630 0.235712 -0.814954 -0.891856 -0.209977 0.099027 0.000248 -0.679081 -0.456070
VERTEX_POSE A967 -0.844078 -0.828875 0.255069 -0.810759 0.483758 0.117314 0.516803 -0.651462 0.712530 -0.353145 -0.114801 0.058157 -0.694400 -0.395851 0.467509 0.312527 -0.248004 -0.506549 -0.168340 -0.586698
VERTEX_POSE A968 -0.305820 0.480206 -0.561006 0.139054 -0.652028 0.243243 -0.864966 0.170420 -0.018080 0.258302 0.509820 0.530519 0.260976 -0.621699 0.756124 0.207582 0.500156 0.295519 -0.271873 -0.272718
VERTEX_POSE A969 -0.455182 -0.356199 -0.534635 0.755399 -0.307400 -0.491323 -0.534339 -0.478838 -0.625930 -0.259992 0.324567 -0.227747 0.315353 0.515380 0.219884 0.110483 -0.505131 0.516328 -0.731595 0.380259
VERTEX_POSE A970 -0.399477 -0.780742 -0.441676 -0.120355 -0.058851 0.308539 -0.699993 -0.118995 -0.082748 -0.117868 0.213656 0.404932 0.593938 0.434627 -0.630045 0.284554 -0.475037 -0.580542 -0.249765 0.725004
VERTEX_POSE A971 -0.923971 0.981099 -0.853253 0.612173 -0.433657 0.277391 0.671332 -0.226452 0.608506 -0.636782 -0.393772 0.483986 0.073699 0.633514 0.473030 0.121165 0.335423 -0.307856 -0.351724 0.528975
VERTEX_POSE A972 0.130002 -0.794608 0.073650 -0.927487 0.649678 0.294931 0.466316 -0.487962 -0.444179 0.325436 0.547541 -0.347945 -0.644482 -0.467529 0.766140 -0.328355 0.334473 -0.087663 -0.391748 0.362818
VERTEX_POSE A973 0.027191 -0.653391 0.306360 -0.498706 -0.464695 -0.341608 0.713967 0.205230 0.217389 0.518867 0.410582 0.535300 0.393527 -0.729368 -0.578339 0.229962 -0.441040 -0.463707 -0.115249 -0.250616
VERTEX_POSE A974 -0.038445 0.383222 0.156899 0.072362 0.075115 -0.177846 -0.370014 -0.118476 0.419063 0.367871 0.568824 0.415090 -0.224197 0.483403 -0.412475 0.772029 0.053809 0.671060 0.285425 -0.652556
VERTEX_POSE A975 -0.152514 -0.012182 -0.184479 0.215860 0.543120 -0.203119 -0.018804 -0.122121 -0.593199 0.189163 0.779493 0.324527 -0.480410 0.424005 -0.422166 0.396226 -0.361018 -0.568608 -0.758996 -0.259544
VERTEX_POSE A976 -0.478472 -0.084925 -0.943592 0.963968 0.517162 0.107224 -0.739373 0.514470 -0.064562 0.221393 0.753213 -0.670020 0.218685 0.024221 -0.329359 0.297736 0.359204 -0.653399 -0.517535 -0.195900
VERTEX_POSE A977 0.250506 0.960509 0.053829 0.422446 -0.639643 -0.360518 0.457995 -0.649442 0.632251 0.169328 -0.347269 -0.368586 0.506923 0.570371 0.566427 0.299829 0.358309 -0.116576 -0.643972 0.062614
VERTEX_POSE A978 -0.369765 -0.137397 -0.213951 -0.959479 0.162042 -0.538364 -0.085455 -0.041231 0.146832 0.621543 -0.440136 0.146157 0.285481 -0.569801 -0.815249 0.175499 -0.195847 -0.051099 0.702910 0.664493
VERTEX_POSE A979 0.168159 -0.542162 -0.591153 0.377798 -0.491443 0.590267 0.240618 0.389503 -0.270713 -0.663795 -0.194051 0.437018 -0.679797 0.433733 -0.502304 -0.082808 0.483687 0.367431 -0.180273 -0.623341
VERTEX_POSE A980 -0.036870 0.582258 0.587862 0.081780 -0.941848 -0.551830 -0.268300 0.433608 -0.293520 0.123872 0.581890 0.035000 0.933886 0.185030 -0.771518 0.171686 -0.451861 -0.113420 0.105132 -0.484741
VERTEX_POSE A981 -0.232317 0.909003 -0.703985 0.956432 0.850918 -0.518775 -0.575148 0.628317 0.649257 -0.063329 0.422356 -0.474392 0.464620 -0.052766 -0.186273 -0.423443 -0.553501 -0.222694 0.519633 0.343054
VERTEX_POSE A982 -0.850928 -0.491662 -0.632506 -0.754526 -0.372132 0.393450 0.243857 0.671813 0.670487 -0.175095 -0.327601 0.045996 -0.869681 -0.041070 -0.604382 0.007265 -0.111006 -0.168078 -0.391762 0.653709
VERTEX_POSE A983 -0.863838 0.258903 0.150399 0.674297 -0.201036 -0.571086 -0.514326 -0.019656 0.451199 -0.508768 -0.701118 0.127851 0.630012 -0.443362 0.452485 -0.008500 0.473274 -0.499192 0.282198 -0.295786
VERTEX_POSE A984 -0.742184 -0.115682 -0.258952 0.514786 0.181237 0.051145 0.023502 0.329693 -0.481001 -0.757239 0.161310 0.756285 -0.108935 0.171259 -0.422431 0.626453 0.405243 -0.124934 0.147401 -0.819592
VERTEX_POSE A985 -0.631099 -0.433192 0.177388 -0.654443 -0.281738 -0.526105 0.438449 -0.594541 0.554196 -0.322357 -0.720242 0.342508 -0.014905 0.311622 0.313644 0.728955 0.118745 0.447656 0.415031 -0.128699
VERTEX_POSE A986 0.709942 0.680918 -0.955841 -0.090634 -0.590550 -0.134439 -0.069450 -0.448581 0.295958 0.121207 -0.827147 0.030185 -0.108761 -0.265727 0.430056 -0.895724 0.048075 0.841710 0.407843 0.204156
VERTEX_POSE A987 0.923953 -0.304513 0.308759 -0.886241 0.714783 0.681599 0.157039 -0.575490 0.161963 -0.103024 0.152658 -0.695515 0.326857 -0.512381 -0.080741 -0.734072 -0.565716 -0.137586 -0.564825 0.250873
VERTEX_POSE A988 -0.720296 0.056936 0.373457 -0.644409 0.573101 -0.281123 -0.662349 -0.180667 -0.542660 0.535939 0.269538 0.331168 -0.368318 0.781403 -0.554370 -0.117265 0.482169 0.457704 0.353063 0.227225
VERTEX_POSE A989 0.988578 -0.231084 -0.425773 0.070793 0.423908 0.033138 0.779657 -0.230789 -0.388090 -0.439278 -0.005231 0.687591 -0.037480 -0.359617 -0.599557 0.200621 -0.570015 0.126638 -0.396883 -0.701760
VERTEX_POSE A990 -0.338003 -0.618715 -0.990132 -0.503811 -0.329726 0.178124 0.703648 -0.085550 -0.055600 -0.122857 -0.605442 -0.009388 -0.242426 -0.730375 -0.948528 -0.034997 0.103803 0.255710 -0.655584 0.286180
VERTEX_POSE A991 -0.089761 0.961417 0.440283 0.002588 0.125430 -0.409831 -0.156105 0.001628 0.086618 -0.709308 0.430519 -0.213418 -0.107300 0.692211 0.040396 -0.678966 -0.559020 0.881678 0.002257 0.151630
VERTEX_POSE A992 -0.430321 -0.975413 0.757340 0.309716 0.595996 -0.703816 -0.191647 -0.144972 -0.270171 -0.449910 -0.313788 -0.146540 0.052680 0.876861 0.618065 -0.579004 -0.003620 0.167850 0.650256 -0.334098
VERTEX_POSE A993 0.648041 0.305136 -0.639696 0.034550 0.130289 0.516006 -0.028296 -0.045396 0.522529 0.436346 -0.096069 0.620646 0.032731 0.270168 -0.242227 0.612814 0.723621 -0.129717 0.657411 -0.626173
VERTEX_POSE A994 -0.428430 -0.548046 -0.043406 -0.601007 0.622975 -0.573353 0.671803 -0.421419 0.414710 0.558463 0.170928 -0.256548 -0.422765 -0.559683 -0.629649 -0.133045 0.664398 -0.192372 0.200919 0.196265
VERTEX_POSE A995 0.316795 -0.997206 -0.947686 -0.338472 0.179451 0.620610 0.441315 0.545678 -0.167922 0.201122 0.192377 0.149966 -0.812085 0.551253 -0.734476 0.094686 0.442622 0.157161 -0.310392 -0.406735
VERTEX_POSE A996 0.189697 0.832154 -0.135969 -0.190639 -0.194666 -0.576411 -0.199189 -0.170569 0.370490 -0.702614 -0.596848 -0.319904 0.162048 -0.501015 0.403619 -0.279245 0.437182 -0.515014 -0.602013 0.415373
VERTEX_POSE A997 -0.739045 -0.185909 0.880837 0.010590 -0.200701 -0.420606 -0.180073 -0.578713 0.147415 -0.806636 0.279020 0.538197 0.368405 0.296950 -0.641175 0.356762 0.407626 0.317172 0.232186 -0.576975
VERTEX_POSE A998 0.472717 -0.826081 0.307383 -0.149230 -0.336791 0.005497 0.146433 -0.655071 -0.436168 -0.707990 -0.044071 0.520457 0.106499 0.516045 -0.588067 0.678261 0.076242 -0.439351 -0.076993 0.544817
VERTEX_POSE A999 0.883877 0.312360 0.303025 0.948415 0.153306 0.245167 -0.388944 -0.797050 0.560219 -0.518820 0.379280 0.485879 -0.037163 0.322804 -0.457949 -0.202985 0.338658 0.424561 0.732779 -0.044339
VERTEX_POSE A1000 -0.194226 0.457892 -0.653797 -0.234011 0.491899 -0.281693 0.698440 0.655257 0.013675 0.394991 -0.483185 0.506285 -0.364673 0.557230 -0.463467 -0.178748 -0.034617 0.670325 0.437294 -0.159583
VERTEX_POSE A1001 -0.926760 -0.606824 0.865707 0.730415 0.604358 -0.007433 -0.558477 -0.243761 0.202959 -0.382196 -0.399273 -0.827163 -0.454231 0.176991 0.520111 -0.579150 0.336300 0.063552 -0.017009 0.797958
VERTEX_POSE A1002 0.959906 0.293459 0.449772 0.560588 0.719648 -0.449632 -0.188812 0.665866 -0.483112 -0.223787 -0.737206 0.508552 0.503574 -0.099561 0.405489 -0.618451 -0.046068 0.376016 -0.527448 0.033383
VERTEX_POSE A1003 0.935776 0.663284 0.419853 -0.161498 0.141577 0.344972 -0.732793 -0.523122 -0.338266 0.272935 -0.677313 0.667279 0.249732 0.227062 -0.566404 -0.295890 0.340969 -0.022279 -0.488471 0.315870
VERTEX_POSE A1004 0.100431 -0.260215 0.172067 -0.768291 -0.860337 0.771003 0.133280 0.588318 0.429820 -0.487371 -0.598203 0.148578 0.738506 -0.340744 -0.438662 0.086167 0.273825 0.079430 0.438053 -0.323958
VERTEX_POSE A1005 -0.078539 -0.323319 -0.393329 -0.367050 -0.205236 0.493777 -0.327335 0.520074 -0.171055 0.610919 0.435152 0.435752 0.388523 -0.675098 -0.533931 0.309661 0.058190 -0.501959 -0.522293 -0.284644
VERTEX_POSE A1006 -0.216737 -0.348899 -0.764627 -0.945639 -0.315303 0.709940 0.000275 -0.550841 -0.574216 -0.327285 -0.463559 -0.121403 0.836280 0.171839 0.235497 -0.436771 0.671249 -0.309941 -0.052453 0.039797
VERTEX_POSE A1007 0.621959 0.654860 0.228475 -0.804323 0.656825 -0.601003 0.370142 0.466481 -0.383877 0.627381 -0.451477 0.433722 0.340486 -0.437379 0.056334 -0.098798 0.364844 -0.547855 -0.586256 -0.504135
VERTEX_POSE A1008 -0.828034 -0.362810 0.660500 -0.944605 0.155120 -0.297796 -0.620498 -0.156393 0.442115 -0.594735 -0.314638 -0.378246 -0.347553 0.780910 0.235918 0.327834 0.220009 -0.719114 0.181673 -0.467248
VERTEX_POSE A1009 0.413498 0.513704 0.021423 -0.905117 0.846739 -0.062367 -0.567247 0.450567 -0.304855 0.700179 -0.113753 -0.470449 -0.239235 -0.156154 0.410109 0.345601 0.703659 0.716702 -0.106329 -0.514324
VERTEX_POSE A1010 -0.209882 -0.887302 0.637322 0.573475 -0.834617 0.266106 -0.611085 0.346775 0.559379 -0.138980 -0.412991 0.444189 -0.404601 0.126696 0.627260 0.665828 0.326526 -0.159764 -0.015195 0.765842
VERTEX_POSE A1011 0.135096 -0.780552 0.248362 0.137175 0.213272 -0.183045 0.171291 0.694353 -0.845790 -0.461723 -0.134851 0.184837 -0.413377 0.658420 -0.412628 0.321075 0.256950 -0.216117 0.695342 0.012189
VERTEX_POSE A1012 -0.818819 0.422707 0.317437 -0.948686 0.697656 0.294916 0.272650 -0.536352 -0.020482 -0.242829 0.664868 -0.489266 -0.487003 -0.075779 0.617378 0.156629 0.444588 -0.540433 0.777812 0.258604
VERTEX_POSE A1013 -0.060810 -0.378964 -0.995184 0.818949 -0.206749 -0.219676 -0.509665 -0.423784 0.804749 0.274593 0.033993 -0.135561 0.598745 -0.179102 -0.217357 0.457095 -0.661813 0.488365 -0.312104 -0.590912
VERTEX_POSE A1014 0.271258 0.478351 -0.601239 -0.188528 -0.987764 0.207036 -0.642400 0.409182 0.591574 -0.102451 0.184709 -0.419721 0.033776 -0.330623 -0.609284 -0.550547 0.225529 -0.244507 0.522095 0.798923
VERTEX_POSE A1015 -0.561003 -0.692975 -0.941514 0.566101 -0.121107 -0.051173 -0.511138 -0.628899 0.802695 0.391934 0.024917 -0.134138 -0.298141 0.575550 0.515439 -0.470970 -0.198302 -0.263424 0.523855 -0.482995
VERTEX_POSE A1016 0.308091 0.187844 0.182204 -0.835494 0.511513 -0.142539 -0.583550 -0.011979 0.573845 0.570154 0.049191 -0.331071 0.120624 0.913360 -0.349308 0.465528 -0.034241 0.647117 -0.321134 0.402540
VERTEX_POSE A1017 -0.018799 0.159269 -0.557080 0.720838 -0.578314 0.531531 -0.318278 -0.102015 0.168682 0.817421 0.044252 -0.753165 -0.212309 -0.188009 -0.310112 0.225450 0.671242 0.159981 -0.366907 0.708323
VERTEX_POSE A1018 -0.637050 0.002511 0.367245 0.679859 -0.406324 -0.036438 0.605963 0.018547 0.776615 0.509573 0.004830 0.101447 -0.039614 -0.944686 0.583268 -0.604103 0.040822 -0.212249 0.081457 -0.324860
VERTEX_POSE A1019 0.587795 -0.755220 -0.444339 -0.479903 0.084615 0.460985 -0.074875 0.181139 -0.637837 0.448827 0.283650 -0.470599 -0.050742 0.136301 -0.366351 -0.875969 -0.039394 0.158050 -0.151828 0.930914
VERTEX_POSE A1020 -0.030221 0.928186 0.017147 -0.208369 0.845594 0.005201 0.779363 0.605976 0.125266 0.482536 -0.504862 0.092440 -0.119854 0.382144 0.190049 0.359986 -0.467071 -0.969339 0.125688 -0.117122
VERTEX_POSE A1021 0.024947 0.383797 0.377113 -0.823952 0.263949 -0.513125 -0.416829 -0.230826 0.339397 0.694720 -0.245781 -0.357187 0.318893 -0.485835 0.411075 -0.184588 0.434595 0.570042 -0.455909 -0.679266
VERTEX_POSE A1022 -0.501965 -0.793803 0.995944 0.522685 -0.789955 -0.664627 -0.396715 -0.382881 0.521436 -0.175082 0.033900 0.518623 -0.488467 -0.327784 -0.098828 -0.753565 0.327567 0.087396 0.074180 -0.798442
VERTEX_POSE A1023 0.539458 0.952772 -0.225512 -0.898653 0.441590 -0.436903 0.486960 -0.465649 0.480876 -0.454987 -0.583723 0.012338 0.144940 -0.655425 -0.456820 0.030906 -0.080096 -0.607485 -0.730680 -0.080252
VERTEX_POSE A1024 -0.327012 -0.311067 0.737418 0.210598 -0.605761 -0.023940 -0.312137 -0.228643 -0.421361 -0.766192 0.282499 0.366441 0.238736 0.335341 -0.714690 0.468892 0.450415 -0.420500 0.196638 -0.743364
VERTEX_POSE A1025 0.069605 -0.341849 -0.047462 0.921678 0.833020 -0.351677 0.480619 0.077278 0.618003 0.743068 -0.124877 -0.413932 0.352328 0.699928 0.309821 0.002381 0.303747 0.476515 -0.304489 0.629502
VERTEX_POSE A1026 -0.143747 0.955566 -0.173199 -0.237124 -0.378959 -0.529361 0.328362 0.547023 -0.430798 0.131650 -0.322385 -0.513984 -0.350546 0.381341 0.435805 0.550587 0.516493 -0.282991 0.669939 -0.429705
VERTEX_POSE A1027 0.862685 -0.478913 -0.398551 -0.980041 0.199572 -0.148849 -0.409950 -0.804230 0.122983 -0.245143 -0.331649 -0.669387 -0.534423 0.308425 -0.169353 0.554558 -0.373631 0.697108 -0.422734 0.092178
VERTEX_POSE A1028 0.330560 0.472241 -0.166625 -0.067733 -0.367681 0.351599 0.595753 0.330969 -0.527037 -0.057784 -0.530153 0.363757 0.152827 -0.238584 -0.412557 0.784663 -0.196505 0.544139 0.051836 -0.716841
VERTEX_POSE A1029 -0.671030 -0.870515 -0.865815 0.613645 0.284249 -0.432083 0.701385 -0.537828 0.499997 -0.300760 -0.625888 0.295187 0.448470 0.538274 -0.488364 -0.331484 -0.010075 -0.487516 -0.326489 0.170776
VERTEX_POSE A1030 0.746562 0.833447 0.904474 0.968374 -0.647122 0.640957 -0.222783 -0.348048 0.329003 0.665365 0.525633 -0.388792 -0.025512 -0.370130 -0.054420 0.707169 -0.644059 0.571674 -0.083172 -0.225310
VERTEX_POSE A1031 -0.863666 -0.069867 0.179578 0.698256 -0.875783 0.397312 -0.555627 -0.236311 -0.196940 -0.148709 0.895055 -0.613565 0.429382 -0.263691 0.089421 0.097415 -0.189737 -0.647225 -0.689424 -0.193653
VERTEX_POSE A1032 -0.597790 -0.477339 0.999891 0.344061 -0.111393 -0.685738 -0.277096 0.298521 0.238303 -0.406715 -0.395085 -0.585229 0.168212 -0.763392 -0.137048 -0.795751 0.094122 -0.334216 0.310299 0.403938
VERTEX_POSE A1033 0.706468 0.126906 0.354246 0.528962 -0.927474 -0.720867 0.267160 -0.582100 -0.460449 -0.655810 0.010056 -0.065070 0.634075 0.033926 0.460089 0.006484 -0.664970 -0.228958 0.310558 0.466606
VERTEX_POSE A1034 -0.927890 -0.406583 -0.400569 -0.463242 0.265794 -0.093719 0.530187 0.704646 -0.679889 -0.299414 -0.267464 0.258459 0.423227 -0.462695 -0.514631 -0.064834 0.300746 0.444208 -0.667779 0.356935
VERTEX_POSE A1035 0.502641 0.262446 0.171959 0.575770 0.028270 0.558409 -0.155519 0.527535 0.578350 -0.239665 -0.039415 -0.094215 0.410582 -0.324622 0.414522 -0.206538 -0.782303 -0.415917 -0.840916 -0.052685
VERTEX_POSE A1036 -0.372072 0.803586 0.960917 -0.838089 -0.132710 -0.150654 -0.353409 -0.291968 0.106023 -0.380142 -0.806002 -0.703321 -0.585219 0.291288 0.511041 -0.511024 0.418664 0.458519 -0.356325 0.070624
VERTEX_POSE A1037 -0.144627 0.244518 -0.165196 -0.408881 0.950491 0.622766 0.530936 0.317708 0.361022 0.411352 -0.159182 0.542428 -0.578583 0.055604 -0.421675 0.311829 0.576583 0.098935 -0.341908 0.733610
VERTEX_POSE A1038 0.124600 -0.082694 -0.599566 0.771447 -0.314904 0.632496 0.102755 -0.130736 0.484137 0.361919 0.497396 0.370050 0.406599 -0.524199 0.231863 -0.536005 -0.553614 -0.418167 0.637049 -0.392724
VERTEX_POSE A1039 -0.200105 -0.559223 0.621417 -0.782693 -0.977590 0.131102 -0.529780 -0.574016 0.686571 0.529665 -0.458953 -0.539142 0.107226 -0.666856 0.454879 -0.382580 0.089625 -0.117655 0.530023 0.084491
VERTEX_POSE A1040 -0.731129 -0.241778 0.856226 -0.313998 0.797229 -0.528480 0.497016 -0.014018 0.475929 -0.429804 0.346789 -0.662267 -0.528236 0.454528 0.005694 -0.191365 -0.599584 0.235733 0.502583 0.559861
VERTEX_POSE A1041 0.914718 0.030004 -0.962244 0.344922 -0.149522 -0.459789 0.078456 0.290232 0.673624 0.135178 -0.492929 -0.053196 -0.487391 -0.224313 0.188396 0.755027 0.307642 -0.544520 0.409824 -0.726516
VERTEX_POSE A1042 0.934991 -0.339775 -0.130221 0.354482 0.235682 0.205086 -0.115860 -0.700405 0.460977 -0.456923 -0.038573 0.453934 0.104630 0.670622 -0.727407 -0.136467 0.173184 -0.101306 -0.865002 0.167984
VERTEX_POSE A1043 -0.549949 -0.819071 0.173663 -0.262684 0.494886 -0.067757 0.506463 0.049470 -0.691616 -0.143757 -0.139539 -0.489214 0.577660 0.443789 0.228611 -0.242475 0.869644 -0.474850 -0.574756 0.157644
VERTEX_POSE A1044 -0.146092 0.651040 -0.957429 0.163871 0.643729 0.394173 -0.460113 0.213700 0.264694 0.611244 0.524591 0.507762 -0.116859 0.482153 0.237786 0.624877 -0.358355 -0.678381 0.102714 0.564134
VERTEX_POSE A1045 0.206249 -0.861424 0.268540 -0.834045 0.247918 0.008042 -0.789114 0.272485 0.547026 0.496423 0.487878 -0.534192 0.254003 0.124923 -0.637088 0.174370 0.424643 0.097242 -0.189578 0.701284
VERTEX_POSE A1046 -0.110952 -0.512047 0.232149 -0.696583 -0.626221 -0.348643 -0.021372 0.231718 -0.022310 -0.379259 0.655613 -0.421948 0.786262 -0.008509 -0.632475 -0.083703 0.381888 -0.547618 -0.480096 -0.608742
VERTEX_POSE A1047 -0.838001 -0.161116 0.224775 0.328377 0.155243 0.260609 -0.231690 0.066027 -0.366534 0.731109 0.494204 0.668843 0.223064 0.422393 0.553616 0.099019 0.071007 0.209509 0.593496 -0.753621
VERTEX_POSE A1048 -0.812550 0.297846 0.711460 0.886793 0.669604 -0.445503 0.213408 -0.760802 0.648792 0.488790 0.062425 0.306067 0.228330 -0.258059 -0.122862 -0.464141 0.313483 0.521368 -0.669313 -0.502412
VERTEX_POSE A1049 0.251998 0.490464 -0.400606 0.983276 -0.032545 0.206132 -0.413655 -0.529904 0.436503 0.748481 -0.099955 -0.675809 0.216414 -0.641563 0.034966 -0.448752 0.176815 0.555909 -0.143012 -0.516085
VERTEX_POSE A1050 0.749795 0.083664 0.780436 0.848474 -0.760143 0.519300 -0.423019 -0.721468 0.542775 0.562541 -0.047577 -0.231000 0.576244 -0.339067 -0.612926 -0.130037 -0.476580 0.081748 -0.394507 0.367594
VERTEX_POSE A1051 0.157229 0.226031 -0.271392 -0.321576 0.515198 -0.693478 0.152266 0.491577 0.220326 0.297728 0.556287 -0.620149 0.176812 -0.172014 -0.293147 -0.497153 -0.389722 -0.005003 -0.780865 0.517131
VERTEX_POSE A1052 -0.723055 -0.125739 0.976508 -0.840676 -0.768596 0.455850 -0.345786 -0.573520 -0.638923 0.003204 -0.529458 -0.432622 -0.714252 0.429932 0.395188 -0.530192 0.045910 0.201600 0.298602 0.451443
VERTEX_POSE A1053 -0.752171 0.289860 0.776380 0.371159 -0.550098 0.420216 0.194508 0.519284 0.457655 0.208808 0.151470 -0.455682 -0.506878 0.056589 -0.597503 0.425688 0.639856 -0.222069 0.693130 -0.542940
VERTEX_POSE A1054 -0.303313 0.178804 0.503095 -0.220229 -0.043212 -0.606632 -0.018191 -0.711401 -0.520572 -0.594251 0.195088 -0.334743 0.403924 0.439616 -0.038975 -0.557128 0.385718 -0.497424 0.415920 0.337356
VERTEX_POSE A1055 -0.050067 0.563194 0.713926 0.369922 -0.374358 0.166529 0.507805 -0.602188 -0.563995 -0.581705 -0.520454 0.506728 -0.500868 0.283029 0.464287 -0.387825 -0.416496 0.426430 0.049769 -0.336039
VERTEX_POSE A1056 0.317434 0.948011 -0.271082 0.292837 -0.717078 -0.479586 -0.097287 0.804046 0.783483 -0.359157 0.278675 -0.162003 0.057493 0.020498 0.187390 -0.188043 0.439760 0.307882 0.907125 0.286429
VERTEX_POSE A1057 0.552939 0.134370 -0.670103 0.542647 0.577828 -0.477743 0.551180 -0.645747 0.477181 0.560617 0.294941 0.574010 -0.141147 -0.433558 0.007386 -0.575624 -0.354608 0.463161 0.175053 -0.426968
VERTEX_POSE A1058 -0.187382 -0.915719 -0.684626 0.389882 0.825215 0.062272 -0.606898 -0.204271 0.262181 0.295806 0.177679 0.150908 -0.503627 0.828959 -0.803830 0.255195 0.387133 -0.508397 -0.474773 -0.299429
VERTEX_POSE A1059 -0.352005 0.420252 0.562294 -0.774896 -0.084760 0.018454 0.741849 0.624736 -0.261531 -0.144566 -0.184667 -0.779662 -0.209901 0.345686 0.515113 -0.550933 0.573726 -0.240927 -0.284913 0.356290
VERTEX_POSE A1060 0.881909 0.263855 -0.535919 0.156292 -0.137922 0.054554 0.584279 -0.740138 0.432490 -0.534471 -0.104395 -0.623038 -0.076689 0.163391 -0.637317 -0.336531 -0.393844 -0.125004 0.503810 0.509400
VERTEX_POSE A1061 -0.440821 0.917727 -0.780151 0.358256 -0.821907 0.420013 0.620902 -0.279858 -0.195870 -0.506447 -0.494980 -0.819200 0.520400 -0.226745 -0.327566 -0.244323 0.321908 0.082675 -0.165777 -0.722244
VERTEX_POSE A1062 -0.215671 -0.649614 -0.258128 0.923360 0.039458 -0.197933 0.246314 0.805858 0.778586 -0.421382 0.037545 0.051281 0.439450 -0.226823 -0.096790 -0.551723 0.444844 0.585345 0.514054 0.315988
VERTEX_POSE A1063 -0.715880 0.786516 -0.536027 -0.499647 0.750685 0.425466 -0.345203 -0.670495 -0.321915 0.574673 -0.378035 -0.551837 -0.636218 0.231046 -0.593950 -0.115305 -0.565391 0.240932 -0.364029 -0.185680
VERTEX_POSE A1064 -0.734353 0.044633 0.574095 -0.112783 -0.749381 0.426393 0.317370 0.830242 0.618834 -0.206153 -0.344053 0.064517 -0.300205 0.208331 0.277813 -0.785691 0.177494 0.594888 0.386449 -0.342667
VERTEX_POSE A1065 -0.143561 -0.056197 0.341302 -0.539882 -0.694748 0.909571 -0.020942 0.391778 -0.075641 -0.444806 -0.155215 -0.064366 -0.406203 0.181370 -0.077633 -0.757310 0.264604 0.395967 -0.251373 -0.848238
VERTEX_POSE A1066 0.786761 0.048963 0.635932 -0.923877 -0.221045 -0.362541 0.013867 -0.374462 0.308958 -0.644298 0.004390 -0.546284 -0.426419 -0.547829 0.662887 0.132320 -0.717904 0.187786 -0.620762 0.210371
VERTEX_POSE A1067 -0.106425 -0.151780 0.535012 0.049129 0.117909 0.583941 0.335919 -0.714707 0.252943 -0.495464 0.163821 0.283420 0.194619 0.208860 -0.401050 -0.529454 -0.639078 -0.594865 0.568750 -0.101556
VERTEX_POSE A1068 0.711812 -0.811679 -0.823894 0.051237 -0.744257 0.449841 -0.437305 -0.765528 -0.264702 0.203245 -0.366175 0.604025 -0.017559 0.226718 0.422019 -0.239146 0.443460 -0.429685 -0.842589 0.178394
VERTEX_POSE A1069 -0.088639 0.966269 -0.963635 0.847569 0.464051 0.117618 0.606386 -0.370970 0.467440 -0.674310 -0.271320 0.442704 -0.131745 0.183885 0.335353 0.157339 -0.719314 0.677656 0.368089 0.487381
VERTEX_POSE A1070 0.693470 0.288996 0.156429 0.266435 0.140319 -0.704857 0.019325 0.436667 -0.240028 0.390443 0.366943 0.047749 -0.039410 -0.438834 -0.325129 0.709499 -0.567759 0.581012 0.585012 0.399686
VERTEX_POSE A1071 0.980682 -0.053457 -0.967668 0.737239 -0.947028 -0.724500 -0.333595 0.578863 0.328852 0.372064 0.546498 -0.393466 0.324102 -0.087249 0.458449 -0.570581 0.405270 -0.044327 -0.565401 -0.440909
VERTEX_POSE A1072 -0.173920 -0.003727 -0.925879 0.192491 -0.685470 0.440396 -0.536860 0.071970 0.373949 0.514336 -0.707058 0.033153 -0.350585 -0.060892 -0.692986 0.240038 0.092348 0.429982 0.516442 0.694732
VERTEX_POSE A1073 0.628461 0.949221 -0.973791 -0.379083 -0.623999 -0.011194 0.326245 0.461678 -0.225821 -0.589731 -0.554135 0.738407 -0.391170 0.150298 0.567526 0.482173 -0.580990 -0.285566 0.400347 -0.345903
VERTEX_POSE A1074 -0.569266 0.127472 0.205996 -0.525445 0.547858 -0.766858 0.342801 0.516862 0.143718 0.737834 -0.072633 -0.072047 -0.544687 0.451289 -0.317625 -0.032507 -0.494668 0.534040 0.200868 0.528413
VERTEX_POSE A1075 0.679988 -0.352688 -0.883308 -0.643638 0.958259 0.435211 0.061609 0.556857 0.655896 -0.098183 -0.320026 -0.536026 -0.141878 -0.319321 0.271968 -0.554104 -0.504296 0.138211 0.812037 -0.480847
VERTEX_POSE A1076 -0.165289 -0.912203 0.294749 -0.213128 0.623918 0.943301 -0.150990 0.112162 -0.161915 -0.394632 -0.000628 -0.017100 0.558455 0.791808 -0.255359 -0.572124 0.520728 -0.135889 0.426930 -0.298834
VERTEX_POSE A1077 0.319782 0.615425 -0.561855 -0.222028 0.921637 0.833575 0.142471 -0.036925 -0.321250 0.494858 0.294590 0.328887 -0.371786 -0.096569 -0.242931 -0.079114 -0.893903 0.186468 0.768332 -0.321661
VERTEX_POSE A1078 0.841987 0.486196 0.341467 0.684739 0.113502 0.670509 -0.242868 0.457194 0.221957 -0.562204 -0.271177 -0.300739 -0.754376 0.240434 0.110112 -0.196984 -0.800700 0.631336 0.130597 -0.136042
VERTEX_POSE A1079 0.022161 0.385643 0.006209 -0.326335 0.293523 -0.583524 0.121697 0.286961 0.624838 0.648474 -0.104135 -0.473931 0.478389 -0.609908 -0.176838 0.577654 0.595479 0.114869 -0.046170 0.424531
VERTEX_POSE A1080 -0.428220 0.105889 0.037539 -0.238752 -0.110908 -0.623241 0.023247 -0.563722 0.054400 -0.576460 -0.543113 0.739317 -0.007097 -0.265608 -0.231010 -0.485648 0.560973 0.093034 -0.656696 0.044812
VERTEX_POSE A1081 0.591782 -0.430140 0.121904 0.533213 0.353359 -0.444010 0.590566 0.392981 -0.463174 0.272402 -0.592672 0.763428 0.450254 -0.116071 0.058180 0.403936 -0.540137 0.046028 0.459495 0.434838
VERTEX_POSE A1082 -0.820611 -0.388325 0.734817 0.352089 -0.191279 0.776080 -0.179056 0.270847 -0.250983 -0.206613 -0.680828 0.367655 -0.586420 -0.472409 -0.446666 -0.673530 0.462426 -0.005212 -0.357378 0.161574
VERTEX_POSE A1083 -0.151275 0.980150 0.014047 -0.079427 0.120495 0.113226 -0.698274 -0.115074 -0.252179 0.255352 -0.774310 -0.905405 -0.036207 0.376125 0.254597 0.622388 0.347774 -0.197504 0.241933 -0.353250
VERTEX_POSE A1084 0.839611 0.859720 -0.101716 -0.095628 0.803261 -0.338546 -0.588401 -0.354254 0.010275 0.170027 -0.870947 0.239701 0.670625 -0.186812 0.835515 -0.416828 -0.175786 0.360193 -0.037287 0.223957
VERTEX_POSE A1085 -0.123924 0.790478 0.237912 -0.868140 0.765509 0.714234 0.542568 0.051583 0.094879 -0.336009 -0.291494 -0.069742 0.321321 -0.920004 -0.688984 0.455831 0.093927 -0.036120 0.530743 0.239042
VERTEX_POSE A1086 0.798658 0.543344 -0.272028 -0.709505 0.746138 0.123950 0.610716 0.637847 0.846315 -0.069673 0.020972 0.326705 -0.291421 0.440071 -0.180643 -0.718874 0.449727 0.359193 -0.143054 -0.443616
VERTEX_POSE A1087 0.157046 0.807731 0.627202 -0.802791 -0.913817 -0.069477 0.370693 -0.106929 -0.131856 0.701485 0.447185 0.138694 -0.082439 0.819259 -0.620802 0.370967 -0.220166 0.757070 0.475492 -0.262553
VERTEX_POSE A1088 -0.570985 -0.075152 0.567809 0.674507 0.343337 0.539038 0.522582 0.146291 -0.402568 -0.100599 0.374405 -0.508892 0.284606 -0.727533 -0.289161 -0.433749 0.316806 -0.452539 0.669066 0.456891
VERTEX_POSE A1089 -0.388724 0.627625 0.043347 0.680377 0.571353 0.488593 0.530086 -0.624031 0.132383 -0.118149 0.354552 0.668828 0.256521 0.531589 -0.532203 0.795946 0.262185 -0.114804 -0.075609 -0.365446
VERTEX_POSE A1090 0.805040 0.227984 0.189496 -0.577687 0.001423 -0.551026 0.679417 0.277186 -0.198278 -0.546625 0.651393 0.442856 -0.115287 -0.054544 -0.135263 -0.181904 0.440334 -0.665310 -0.439560 -0.549533
VERTEX_POSE A1091 -0.689075 -0.811297 -0.968110 -0.169201 -0.794585 0.128781 -0.737111 0.077522 0.014240 -0.102624 0.405748 -0.606622 0.050611 -0.659250 -0.543607 -0.577988 0.124005 0.565432 -0.330914 -0.615931
VERTEX_POSE A1092 0.170455 0.545353 0.263195 0.038632 0.749446 -0.597854 0.463099 -0.535643 0.308582 0.034890 -0.562122 -0.266210 -0.690069 -0.485637 -0.684646 -0.187486 0.401298 -0.087978 0.522471 0.014895
VERTEX_POSE A1093 -0.410631 0.578369 0.931368 -0.654326 -0.959120 0.714399 -0.218106 -0.639194 0.268802 -0.523425 0.470937 0.110099 -0.558806 0.173023 0.498151 0.579154 0.184374 -0.396362 -0.175421 -0.552917
VERTEX_POSE A1094 -0.404956 0.975220 -0.504137 0.331152 0.956100 -0.247152 0.311491 -0.541903 0.690965 0.027856 -0.500505 -0.637457 0.244018 -0.208351 0.181724 0.619216 0.606933 -0.148691 -0.677661 0.209901
VERTEX_POSE A1095 0.436102 -0.410014 -0.162709 0.925850 -0.999935 -0.177638 -0.101218 -0.605748 0.169280 -0.683280 -0.238703 0.424168 -0.258600 -0.451292 0.298546 -0.512296 0.606315 -0.818988 -0.439957 0.069336
VERTEX_POSE A1096 0.445808 -0.477828 0.272670 -0.194208 -0.653868 0.641900 -0.121621 0.527957 -0.524426 -0.713318 0.441433 -0.532791 0.479320 0.241548 -0.146638 -0.017420 -0.450694 0.087021 -0.496321 -0.514711
VERTEX_POSE A1097 -0.618195 0.024182 -0.868205 0.407275 -0.264945 0.322899 0.408745 0.132352 0.562670 -0.292227 0.432084 0.414935 0.303567 -0.792014 -0.506918 0.599849 0.192580 0.387301 0.543653 0.362508
VERTEX_POSE A1098 -0.670323 0.438205 -0.627697 -0.025022 0.117974 -0.381257 0.336307 -0.320618 0.322321 0.455643 -0.743441 0.722224 0.169570 0.152072 -0.210523 -0.544611 -0.515879 -0.429912 0.594922 0.235038
VERTEX_POSE A1099 0.157620 -0.289507 0.448776 0.857030 -0.398125 0.272461 -0.371590 -0.433658 -0.175241 -0.781449 0.261672 0.517997 -0.434891 -0.084921 -0.393742 -0.179113 0.577970 -0.686805 -0.173338 -0.634198
VERTEX_POSE A1100 0.293167 -0.009549 -0.831840 0.254844 -0.800893 0.468810 -0.279350 -0.723066 -0.595356 -0.395206 0.029574 0.439261 -0.675993 0.312623 0.300223 0.551027 -0.041994 -0.377737 -0.071956 -0.613844
VERTEX_POSE A1101 -0.976853 -0.272799 0.528732 -0.758586 -0.741707 0.589004 0.368973 -0.662624 -0.737845 0.520695 -0.251117 -0.244002 -0.652800 -0.659553 0.011365 0.407934 -0.142319 0.221343 0.013306 0.206410
VERTEX_POSE A1102 0.138302 0.657036 0.481109 0.594269 -0.345153 0.049358 -0.417143 -0.723137 0.417038 -0.133877 0.471752 -0.285650 0.173376 -0.369683 -0.622369 0.495763 0.120994 0.595571 0.729540 -0.321277
VERTEX_POSE A1103 -0.880753 0.986724 -0.757720 -0.552665 -0.486364 0.151659 -0.660098 -0.110416 -0.477320 -0.162924 0.423722 0.369927 -0.577013 -0.239751 0.768930 0.233485 0.529597 -0.145139 -0.387643 0.685794
VERTEX_POSE A1104 0.651609 -0.323578 0.554941 -0.137669 -0.365707 -0.367495 -0.398132 -0.644355 0.577289 -0.708705 0.000358 0.026658 -0.232521 0.675495 0.013816 -0.378764 -0.084328 -0.728549 -0.376430 0.348427
VERTEX_POSE A1105 0.569036 -0.215492 -0.312896 -0.931176 -0.797295 0.573529 0.586422 0.278577 -0.560158 0.592398 -0.369601 0.440710 -0.207282 -0.845912 -0.042291 -0.484666 0.261570 0.401589 0.165247 0.042474
VERTEX_POSE A1106 0.799234 -0.365964 -0.641028 -0.196303 -0.528105 -0.659837 0.382222 0.588867 -0.087626 -0.600436 -0.067915 -0.648152 -0.196424 -0.465185 -0.250962 0.341634 -0.604081 -0.271760 -0.581452 0.259446
VERTEX_POSE A1107 -0.513681 -0.235780 -0.150310 0.649203 -0.741788 -0.772278 0.141793 0.231589 -0.049399 -0.491469 0.624482 0.537604 -0.248521 0.355647 0.014935 0.528165 0.655153 -0.334522 -0.630581 -0.026060
VERTEX_POSE A1108 -0.111182 -0.600067 0.125249 -0.153204 -0.875658 0.413177 0.515461 0.269947 -0.635019 0.430710 -0.041503 0.289945 -0.488675 -0.487844 -0.161238 -0.514785 0.795267 -0.562112 -0.212090 -0.234445
VERTEX_POSE A1109 0.641222 -0.879768 0.700439 -0.511564 0.585397 -0.731849 0.337650 0.514508 -0.222028 -0.583962 0.434033 -0.010978 -0.506480 0.005786 -0.264190 -0.534750 -0.220600 0.587523 -0.050012 0.705832
VERTEX_POSE A1110 0.508480 -0.850137 0.855899 -0.677132 0.551734 -0.402161 0.115479 -0.095627 -0.372407 -0.548734 -0.559827 0.465830 -0.665425 -0.148601 0.035150 0.451928 -0.780023 0.693792 0.196280 -0.216636
VERTEX_POSE A1111 0.460598 0.505822 -0.837212 0.608045 0.013433 -0.575303 -0.283030 -0.154378 0.554593 -0.575652 -0.572888 0.016184 -0.670849 0.532022 0.033180 -0.231253 0.499669 -0.600076 -0.291554 -0.339485
VERTEX_POSE A1112 0.233003 -0.309908 -0.177657 -0.978351 -0.061244 -0.222217 0.494316 -0.386635 0.389095 0.750513 -0.191667 0.505600 -0.006119 0.012225 0.570090 0.043753 0.553420 0.467537 -0.436383 -0.712287
VERTEX_POSE A1113 0.687870 -0.238462 0.590715 0.674956 -0.639545 0.021286 -0.334285 -0.141806 -0.299661 0.866682 0.063781 -0.808390 -0.354567 0.389267 -0.279477 0.104425 0.147731 -0.422076 -0.022229 -0.895807
VERTEX_POSE A1114 -0.690677 0.485973 0.176835 -0.471383 -0.866071 0.635515 0.565202 0.206855 -0.256115 0.604076 0.399225 0.262941 0.111622 -0.733071 0.571157 -0.522060 0.445998 -0.367651 -0.175022 0.248039
VERTEX_POSE A1115 0.072615 -0.450188 0.720627 -0.073979 -0.257983 -0.847284 0.344923 0.291945 0.430022 0.679826 0.070796 0.073717 -0.154212 -0.356011 -0.184611 0.474772 -0.784413 -0.240156 -0.411917 -0.409522
VERTEX_POSE A1116 -0.436054 -0.447984 -0.171373 0.806816 -0.874036 0.195682 0.447984 -0.245333 -0.417713 -0.046299 0.736268 0.461972 -0.473770 0.419779 0.451578 0.683955 0.464006 0.608180 -0.323904 -0.078768
VERTEX_POSE A1117 -0.892019 0.029317 0.904807 -0.180888 0.880067 0.110883 0.552174 0.684823 0.257020 0.435546 -0.546744 0.482234 -0.503656 0.418735 -0.828277 -0.116719 0.153668 -0.055264 0.487966 0.182031
VERTEX_POSE A1118 -0.770340 -0.642457 0.347829 0.123230 -0.171800 -0.044468 -0.144092 0.466101 0.226336 0.540890 0.383380 0.036978 0.683534 -0.572508 0.791292 0.127203 0.283840 -0.565053 0.450862 0.476905
VERTEX_POSE A1119 -0.007039 0.476864 -0.603564 0.481323 0.469301 0.686341 -0.257530 -0.030458 -0.354347 -0.263328 0.681855 0.458266 -0.295101 -0.078404 0.439316 0.528587 0.666728 -0.019187 0.705583 -0.288915
VERTEX_POSE A1120 -0.280744 -0.343058 -0.051846 -0.500511 0.451419 -0.147453 0.512246 0.692175 -0.900198 0.111846 -0.336069 0.050918 -0.568760 -0.136837 -0.386381 -0.360242 0.326699 0.126561 0.521376 -0.531503
VERTEX_POSE A1121 -0.965299 0.585527 -0.462674 0.545544 0.829623 -0.747420 0.533157 0.020668 -0.125078 -0.520042 -0.486799 0.597096 0.304602 0.046097 0.093697 0.339046 -0.871337 -0.245796 -0.487406 -0.035304
VERTEX_POSE A1122 0.303885 0.665568 -0.571674 -0.687877 0.674715 -0.398885 -0.466742 -0.591000 -0.444379 0.465963 -0.483296 0.717197 0.347059 -0.484463 -0.238070 0.267790 0.427098 -0.269015 0.610630 0.005106
VERTEX_POSE A1123 0.889711 -0.797705 -0.788651 0.538121 0.200865 0.256774 0.224454 -0.180000 0.581543 -0.325425 -0.584948 -0.380002 0.672394 -0.334373 -0.662388 -0.526992 -0.481823 -0.112760 -0.337468 0.530545
VERTEX_POSE A1124 -0.375930 0.163896 -0.531306 0.891218 0.870503 -0.764128 -0.105472 -0.400753 -0.032999 0.379899 -0.447115 -0.608870 -0.180323 0.515171 0.197246 -0.901129 -0.245579 -0.073428 0.001448 -0.560157
VERTEX_POSE A1125 0.898930 0.640788 -0.075811 0.643275 0.630815 0.638587 0.456227 -0.513483 -0.495562 -0.355353 -0.598161 -0.434675 0.464251 -0.169588 0.167682 -0.328113 -0.572279 -0.359951 0.585145 -0.149251
VERTEX_POSE A1126 0.325813 -0.207720 0.048640 0.463971 0.200930 0.177172 -0.449744 0.780482 0.792636 0.534614 0.223827 -0.208236 0.170670 0.186112 0.427780 -0.194882 -0.534449 -0.337610 0.666941 0.143097
VERTEX_POSE A1127 -0.930122 0.686069 0.741364 -0.302990 -0.783365 0.648674 -0.382537 0.638698 0.107096 -0.514381 -0.539713 -0.753020 -0.424716 0.463424 0.007827 -0.325757 -0.006913 0.025525 -0.550070 -0.293199
VERTEX_POSE A1128 -0.719265 -0.335030 0.055984 0.050550 -0.634130 0.655525 -0.240701 -0.669573 0.086018 0.724993 -0.318634 0.301326 0.629049 0.252573 -0.614795 0.142444 -0.620960 -0.306785 0.021354 -0.027575
VERTEX_POSE A1129 0.655490 -0.769515 0.420943 -0.561051 -0.681096 0.661932 -0.124488 -0.326637 0.008066 0.645327 0.442099 -0.602106 0.268411 -0.223178 0.015717 -0.438906 0.791373 -0.446097 -0.550793 -0.147571
VERTEX_POSE A1130 0.227498 -0.603438 0.190140 -0.445960 -0.181490 -0.872904 -0.231765 -0.272074 -0.053176 0.489715 0.510417 0.365243 -0.720501 0.127888 0.206643 -0.079980 -0.518422 0.243119 0.425378 -0.616713
VERTEX_POSE A1131 0.573902 0.655421 0.224143 -0.694606 -0.435023 -0.461317 -0.232407 -0.455057 0.210515 -0.443158 0.570568 -0.527363 -0.479206 -0.157939 -0.675766 0.467664 0.564876 0.089994 0.548863 -0.351207
VERTEX_POSE A1132 0.678637 -0.042313 -0.050325 -0.319637 -0.422803 0.207614 0.098177 -0.519352 0.596102 -0.246988 0.224739 -0.165689 0.552240 0.696898 -0.151405 -0.778506 0.392382 -0.742417 -0.135338 -0.200338
VERTEX_POSE A1133 -0.634200 -0.946401 -0.328751 -0.851692 0.473356 0.064298 -0.530152 0.525355 -0.290416 -0.675490 -0.668464 0.670101 -0.419897 0.162173 -0.678459 -0.158801 0.488483 0.046711 0.247226 -0.110646
VERTEX_POSE A1134 0.693149 0.642144 0.466424 -0.247270 0.078613 -0.688727 -0.416628 0.223112 -0.454385 0.203252 0.564877 -0.416413 0.166613 -0.458789 -0.220022 0.847782 -0.084665 -0.312058 -0.196509 -0.643024
VERTEX_POSE A1135 0.330246 0.634109 -0.495384 0.542694 0.211490 -0.294045 0.626168 -0.214058 -0.123106 0.698835 0.207228 -0.572030 -0.244918 -0.649475 0.745948 0.142062 -0.462897 -0.121351 -0.198439 0.524542
VERTEX_POSE A1136 0.934836 -0.161893 0.358353 -0.782868 0.676061 -0.362579 -0.007808 0.357757 0.106002 0.696263 -0.583364 -0.115508 0.714259 0.528731 -0.856696 0.019451 -0.104736 0.331707 0.067919 0.491092
VERTEX_POSE A1137 0.492383 -0.723820 0.825396 0.556427 0.550509 -0.498835 -0.143975 0.365218 -0.569995 0.234406 0.123804 -0.524672 0.483274 -0.412477 -0.336113 -0.612036 0.330576 -0.194979 -0.562302 -0.756222
VERTEX_POSE A1138 0.816565 -0.601671 0.354305 0.191897 0.469702 0.364217 -0.429188 -0.056036 -0.141538 0.024798 -0.276766 0.384793 0.712472 -0.548097 0.137837 -0.552655 -0.704854 0.824772 -0.046255 0.350758
VERTEX_POSE A1139 -0.176346 0.238040 -0.516398 0.063929 0.800403 0.427421 0.605198 0.629786 0.581565 -0.423885 -0.210020 0.305351 -0.499720 0.492332 0.565356 0.367933 -0.558396 -0.257346 0.262607 -0.071168
VERTEX_POSE A1140 0.133605 -0.603587 0.525835 -0.955137 0.135906 -0.236428 -0.694804 0.551186 0.061593 0.405292 -0.114022 0.633213 0.218474 0.584951 0.666581 -0.268000 -0.082277 0.308252 -0.483148 -0.578148
VERTEX_POSE A1141 0.325046 -0.451808 0.210204 0.514765 0.021436 -0.071201 -0.601772 -0.518365 0.113220 -0.243714 0.129916 -0.323276 0.334912 0.493538 -0.786182 0.284069 -0.464532 0.509433 0.620977 -0.505024
VERTEX_POSE A1142 -0.715748 -0.256138 -0.353609 -0.328027 -0.186164 0.213102 0.294234 0.210546 -0.365943 -0.608212 -0.568711 -0.183021 -0.397058 0.547761 0.792467 -0.147956 -0.401105 -0.398966 0.603290 -0.413897
VERTEX_POSE A1143 -0.633392 0.086505 -0.651822 -0.933488 -0.925338 0.628164 -0.563506 0.504079 -0.465238 -0.534009 -0.215060 0.022739 -0.447632 -0.499633 -0.145195 -0.435215 -0.008459 -0.606106 -0.086653 0.670783
VERTEX_POSE A1144 0.012915 0.309730 -0.199081 0.189721 0.381891 0.319539 -0.200656 0.585632 -0.175746 -0.399126 -0.713050 -0.250830 0.040916 0.095817 -0.702821 0.551340 0.134313 0.556898 0.703410 -0.348387
VERTEX_POSE A1145 -0.406425 -0.770165 0.823226 0.200591 -0.052236 -0.535809 0.086309 0.365262 0.249495 0.567810 0.635484 -0.237122 0.430496 -0.642995 0.590968 0.453773 -0.220036 0.495168 -0.528116 0.029740
VERTEX_POSE A1146 0.439223 0.636317 -0.931195 -0.007467 -0.183321 -0.177513 0.588838 0.000827 0.637983 -0.128738 0.278052 0.127164 -0.414319 0.604647 0.680042 0.532340 -0.058792 -0.287817 0.426203 0.744064
VERTEX_POSE A1147 0.576861 0.861746 0.629546 -0.003463 0.507855 -0.469785 -0.448867 0.400744 -0.838916 0.427879 -0.066346 0.109237 -0.303462 0.376667 -0.162455 -0.399820 0.339499 -0.192867 -0.602904 -0.760174
VERTEX_POSE A1148 -0.298445 0.259152 0.728033 -0.980297 -0.172169 0.359374 0.262456 -0.335352 0.083656 -0.593545 -0.739772 0.752582 -0.423057 0.480242 -0.531279 -0.401858 0.329610 -0.123348 -0.488216 0.031639
VERTEX_POSE A1149 0.668883 0.993861 0.416635 -0.884237 0.644879 -0.406599 0.001920 -0.566008 -0.334915 0.529419 -0.506326 0.541977 0.742733 0.041227 -0.527549 0.409365 0.565620 0.387895 -0.021895 -0.318815
VERTEX_POSE A1150 -0.430179 0.338610 -0.974018 -0.522139 -0.022845 0.627471 0.265314 -0.357787 -0.025728 0.363547 0.810392 -0.067505 0.275586 -0.361263 -0.684137 0.548314 -0.279381 -0.364717 -0.648727 -0.081787
VERTEX_POSE A1151 0.420811 0.916094 -0.323813 -0.480808 -0.720750 0.655768 -0.109343 -0.100338 0.476189 -0.398102 -0.269146 -0.245213 -0.659578 0.632723 0.495913 0.391595 0.718204 -0.192753 0.491090 0.036584
VERTEX_POSE A1152 0.703584 0.579388 0.953960 0.661307 0.474502 -0.557106 0.492838 0.519549 -0.091545 0.190551 -0.138551 -0.707910 0.075343 -0.605428 0.283724 0.372805 -0.585076 -0.315622 -0.759039 -0.044901
VERTEX_POSE A1153 0.873707 0.004178 -0.545692 -0.210017 -0.348130 0.162319 0.182659 -0.579255 -0.263022 0.866947 -0.034898 -0.521020 -0.409480 0.081045 -0.748242 -0.056006 -0.420260 0.270451 -0.210302 -0.692863
VERTEX_POSE A1154 0.310522 -0.881612 -0.112464 -0.942687 0.480116 0.026138 -0.537980 0.104000 0.805209 0.032081 -0.510082 -0.552407 0.291480 -0.687937 0.038848 -0.239085 -0.456666 0.210459 0.753277 0.217253
VERTEX_POSE A1155 -0.672346 -0.256716 -0.577346 0.552525 0.345005 0.033996 -0.271951 -0.584625 0.745072 0.430738 -0.443668 0.238896 -0.514583 0.155794 0.551114 -0.555848 0.248169 0.287948 0.408344 0.612790
VERTEX_POSE A1156 0.772637 -0.355034 0.378497 -0.566742 -0.717315 -0.065055 0.385950 0.465872 0.592062 0.203607 0.028881 0.439346 0.155005 0.646101 -0.577163 0.646112 0.114406 -0.345092 -0.606712 0.592954
VERTEX_POSE A1157 -0.363665 -0.089331 0.936176 0.521284 -0.318954 0.471232 0.561072 -0.173244 -0.184169 0.466546 -0.684337 0.370214 -0.362204 -0.016541 -0.031853 -0.574333 -0.703788 0.778428 -0.080513 -0.077964
VERTEX_POSE A1158 -0.602468 -0.570647 -0.835982 -0.750465 0.561640 0.633565 0.562784 0.214079 -0.021214 0.141079 -0.520353 0.069854 0.610844 -0.024792 0.533296 -0.240744 -0.710834 -0.555753 0.481957 -0.421311
VERTEX_POSE A1159 -0.946628 0.309935 -0.565519 0.483808 -0.351444 0.428008 0.862732 0.115246 -0.180630 0.088465 -0.675394 -0.849191 0.457724 0.161862 -0.015041 -0.144080 0.704085 0.250659 0.132656 -0.092879
VERTEX_POSE A1160 -0.708175 0.141154 0.357119 0.960233 -0.000050 0.502212 0.424188 -0.303621 0.284440 -0.661472 0.270038 0.267862 -0.591147 -0.506956 -0.008757 -0.057942 0.705891 0.771395 0.172357 0.282148
VERTEX_POSE A1161 0.625029 -0.174085 0.354157 -0.196426 -0.619850 -0.695380 0.184608 -0.063835 0.239923 0.699796 0.491646 0.615674 0.182159 -0.548960 0.277048 -0.449170 0.660114 0.055442 -0.491192 -0.130771
VERTEX_POSE A1162 0.627275 -0.034644 0.658624 0.789203 0.213533 -0.131584 0.599587 -0.191588 0.419564 -0.133772 -0.638264 0.487417 0.371407 0.663698 -0.008031 0.694107 -0.321194 -0.754329 0.053602 0.110688
VERTEX_POSE A1163 0.970462 -0.901160 -0.693207 -0.359404 0.577146 -0.512560 0.063050 0.845074 -0.519927 -0.501704 -0.168088 0.485908 0.204067 0.381222 -0.061068 0.570099 -0.017132 0.476574 -0.614542 0.334624
VERTEX_POSE A1164 0.990829 -0.120486 -0.974594 -0.048117 0.853506 0.540269 -0.434601 -0.714330 0.368276 0.556552 -0.142684 0.014866 0.607321 -0.331406 0.527849 -0.240839 0.499547 0.541882 0.273002 0.331657
VERTEX_POSE A1165 0.320424 -0.392500 0.125048 -0.458068 -0.707854 -0.589131 0.282046 0.521402 0.422013 0.816040 -0.119368 -0.055338 0.444930 0.268287 0.620099 -0.236719 0.743152 0.295372 -0.023044 -0.299396
VERTEX_POSE A1166 0.300708 0.732950 -0.188591 -0.816711 -0.211364 -0.496623 0.832728 0.167646 0.560981 0.465055 -0.683914 -0.283899 -0.107797 -0.290151 0.537228 0.098352 0.540149 0.263539 0.262669 0.358061
VERTEX_POSE A1167 0.925666 0.717620 0.383759 0.169015 0.529567 -0.679778 0.553250 -0.003583 -0.013983 0.409003 0.712160 -0.615274 -0.694064 0.212577 0.387677 -0.152407 0.471876 0.094075 0.147237 -0.474299
VERTEX_POSE A1168 -0.187193 -0.116319 -0.049556 -0.901641 0.842654 -0.822842 0.181164 -0.341688 0.138882 -0.850597 -0.250935 0.185996 0.161783 0.163444 0.516043 0.464119 -0.458623 0.052424 -0.045660 -0.763696
VERTEX_POSE A1169 0.117273 -0.868721 -0.834285 0.375186 -0.741662 -0.624477 -0.132154 -0.372313 0.259552 -0.491305 -0.631287 -0.415133 0.228065 -0.482764 0.605254 0.145427 -0.420512 -0.063194 -0.817308 0.230149
VERTEX_POSE A1170 -0.250680 -0.044340 0.867361 -0.767056 0.329970 0.064972 0.123528 -0.710730 0.060854 0.712820 -0.398135 0.357238 -0.553744 -0.302746 0.324271 0.412043 0.494223 -0.871381 -0.014690 -0.020996
VERTEX_POSE A1171 0.946412 0.280094 -0.523721 -0.856778 -0.021440 0.437762 0.225612 0.375932 -0.673948 -0.325325 -0.035001 0.495664 -0.603921 0.218180 -0.325519 -0.048906 0.892563 -0.050134 0.690036 0.114797
VERTEX_POSE A1172 -0.557681 -0.320529 0.375919 -0.110049 0.279773 -0.113761 -0.649644 0.503032 0.566697 0.484888 0.409900 -0.640145 0.344534 -0.278494 -0.197052 0.467060 0.380556 0.466152 -0.077445 -0.597125
VERTEX_POSE A1173 0.033571 0.699522 -0.486248 -0.095083 -0.856194 0.450167 0.088285 -0.458901 0.705490 0.220249 0.464598 0.369498 0.389774 -0.427998 0.227375 -0.229618 0.562321 0.333773 -0.859679 -0.272344
VERTEX_POSE A1174 -0.686980 -0.633401 -0.175543 -0.790266 0.053223 0.299528 -0.391156 -0.101926 -0.553714 -0.548507 0.622317 0.329443 -0.408571 -0.146316 -0.701273 0.023165 -0.638129 -0.058027 0.615362 0.416792
VERTEX_POSE A1175 0.455234 0.989201 -0.823162 -0.920328 -0.338336 0.362657 -0.558966 0.641312 0.385278 0.245952 0.149300 -0.223022 0.636178 0.703578 0.443445 -0.136902 0.090099 -0.688228 -0.451221 0.251572
VERTEX_POSE A1176 0.627146 0.929356 -0.663022 -0.894492 0.091570 0.230778 -0.106557 0.561586 -0.853340 -0.429213 0.061486 0.376639 -0.865102 0.113067 0.264514 -0.122659 -0.618339 -0.082018 -0.202425 -0.534521
VERTEX_POSE A1177 0.752243 -0.997084 -0.106737 0.202267 0.869902 -0.596821 0.062690 0.308126 -0.329670 0.427390 -0.709032 -0.649608 -0.439377 -0.229423 0.036308 0.681794 -0.071264 -0.334385 0.394351 0.587042
VERTEX_POSE A1178 0.032095 0.850947 0.806384 0.076209 -0.830481 -0.108072 0.596156 -0.072189 -0.395526 -0.319185 -0.641526 0.583744 0.321047 -0.695036 -0.617821 0.577669 -0.067869 -0.330786 -0.325493 -0.309115
VERTEX_POSE A1179 -0.671299 0.188508 -0.934989 -0.874789 0.919401 0.579107 0.425184 0.526575 0.575936 -0.518018 0.271786 -0.275992 -0.608130 0.353279 -0.380845 -0.065176 0.599216 -0.334242 0.420483 0.406184
VERTEX_POSE A1180 0.421127 0.996777 -0.690103 0.318030 0.514781 0.551012 -0.309595 -0.156015 -0.574327 0.306710 0.001825 0.221077 0.422494 0.836989 0.317558 -0.288200 0.310817 0.465635 0.740621 -0.422491
VERTEX_POSE A1181 0.601916 0.189557 0.832366 0.554070 0.146674 -0.599619 -0.435780 -0.337692 -0.525188 0.585186 0.478969 0.525555 -0.268007 0.374179 0.295771 0.628125 -0.547428 -0.030759 -0.035840 -0.465689
VERTEX_POSE A1182 0.749513 0.104602 -0.258803 -0.355597 -0.801348 0.535404 0.425380 -0.491956 0.342597 0.079542 0.301060 0.408953 -0.417775 0.604201 0.011458 -0.790590 -0.535807 0.654673 -0.114701 -0.123264
VERTEX_POSE A1183 0.124711 0.576164 -0.736142 -0.020663 -0.010717 0.318338 -0.201275 0.889768 -0.327858 0.334078 0.142313 -0.531663 -0.224531 -0.083618 -0.435271 0.658361 0.367642 0.564840 0.603347 -0.214258
VERTEX_POSE A1184 0.475623 -0.806265 -0.713325 -0.655947 0.798544 0.392962 -0.333259 -0.483638 -0.466215 0.329847 -0.504404 -0.093281 -0.720710 0.356385 -0.357062 0.257279 0.559396 -0.701448 -0.441049 -0.267837
VERTEX_POSE A1185 0.060035 0.222990 0.628733 -0.298284 0.678767 -0.497454 -0.731166 -0.301064 0.626444 -0.259309 0.322679 0.360893 -0.557428 -0.057079 -0.160506 0.278696 -0.305407 -0.451776 -0.098777 0.841848
VERTEX_POSE A1186 0.452364 -0.680552 -0.313489 -0.468138 -0.665712 0.447056 0.449129 0.601561 0.244479 0.083632 -0.672048 0.217376 -0.594918 -0.072216 0.790830 -0.308665 0.027339 0.260206 0.584883 -0.424867
VERTEX_POSE A1187 0.248260 -0.161299 0.665172 -0.222689 -0.918770 0.475644 0.812957 -0.118011 -0.413024 0.226345 0.484138 0.574779 -0.349221 0.674353 -0.501200 0.066654 0.105628 0.146978 -0.401835 -0.534580
VERTEX_POSE A1188 0.696370 -0.866341 0.564909 -0.777000 -0.640187 -0.685925 -0.092459 -0.117188 -0.494288 -0.433658 -0.445059 -0.085885 -0.394843 0.607685 -0.199231 0.728751 -0.233145 0.487973 -0.341193 -0.603781
VERTEX_POSE A1189 0.849896 -0.251199 -0.149471 -0.218603 0.895928 0.233893 -0.504801 -0.338368 0.053363 -0.707467 -0.173211 0.056280 0.153633 0.413115 0.584153 -0.263533 0.698662 0.773333 0.389377 -0.443523
VERTEX_POSE A1190 0.301632 -0.851364 -0.900347 -0.738880 -0.270215 0.160526 -0.658004 0.459479 -0.424926 -0.354080 -0.629488 -0.543374 -0.283433 -0.119003 0.560043 -0.546751 -0.322850 0.429845 0.249772 -0.523670
VERTEX_POSE A1191 0.988195 0.274813 -0.077972 -0.816767 0.359763 0.669041 -0.591181 0.197180 0.236370 -0.049096 0.418299 -0.662368 -0.357100 0.454974 0.051815 0.026100 -0.622329 0.234725 0.721036 0.438008
VERTEX_POSE A1192 0.474925 0.574716 -0.795314 0.584971 -0.723922 -0.516140 0.514694 0.011947 -0.058954 -0.521418 -0.246208 -0.572562 0.161046 -0.577504 -0.008708 -0.420903 -0.558345 0.634210 0.510018 -0.542198
VERTEX_POSE A1193 -0.071093 0.113992 0.758277 -0.949678 0.943318 -0.425368 0.184948 0.443657 -0.514013 0.101456 0.499342 0.416483 0.775902 -0.000471 0.301909 0.289558 0.511792 -0.538744 0.519262 -0.540272
VERTEX_POSE A1194 0.958657 0.373653 0.228821 -0.176171 -0.063091 -0.583137 -0.116510 -0.665597 0.228676 0.311759 0.258887 -0.410065 -0.070893 0.114840 -0.595937 0.624888 0.395891 0.290457 0.702653 -0.565721
VERTEX_POSE A1195 0.465755 -0.545771 -0.769908 -0.463146 -0.870416 -0.472793 -0.300680 -0.294589 0.588320 0.211290 -0.766001 0.455744 -0.394429 0.283329 -0.310652 -0.497700 -0.488718 0.355160 -0.679462 0.085672
VERTEX_POSE A1196 -0.750669 0.721493 -0.116675 -0.407746 -0.764536 0.098781 -0.258119 -0.648750 -0.098198 -0.715250 0.487314 -0.116097 0.409905 0.549427 0.329639 -0.473633 0.143373 0.926531 0.171584 0.138650
VERTEX_POSE A1197 0.259364 0.106603 -0.959770 0.007118 0.725545 -0.104797 0.722449 0.567649 0.014027 -0.391968 0.235807 0.628871 0.449716 -0.540089 -0.349709 -0.087620 -0.462913 0.686328 -0.338389 0.340859
VERTEX_POSE A1198 0.391420 -0.828151 0.613851 0.705869 0.659151 -0.601377 -0.266208 -0.639585 -0.112539 0.303458 0.465885 0.631446 -0.657454 -0.069502 0.262660 0.493590 -0.289598 0.397449 0.401460 -0.534027
VERTEX_POSE A1199 0.062137 -0.394826 0.833769 -0.309386 -0.921882 0.423933 0.683091 -0.072250 0.647553 -0.157282 0.486589 0.218389 0.293656 -0.693572 -0.580216 0.306824 0.115147 -0.128882 0.572953 0.513527
VERTEX_POSE A1200 -0.623362 0.237881 -0.794055 -0.617695 0.983882 0.624720 0.308851 0.301863 -0.329119 0.155371 0.882537 -0.238818 0.920528 -0.217772 -0.648939 -0.082093 -0.136297 0.152479 0.162355 -0.252995
VERTEX_POSE A1201 -0.859260 0.127509 0.481213 0.938813 -0.010879 -0.073501 -0.072131 0.147515 -0.648412 -0.463827 -0.420808 0.215427 -0.612373 -0.351035 -0.220730 0.634214 -0.667424 0.692119 -0.049328 -0.482162
VERTEX_POSE A1202 0.008550 0.885267 -0.689952 -0.166164 0.056679 -0.377813 0.033819 0.059251 0.821154 0.214893 -0.260058 -0.076353 -0.811609 -0.452442 -0.417575 0.542031 -0.562674 0.052585 0.013062 -0.638398
VERTEX_POSE A1203 -0.181043 0.917352 0.581864 0.272256 0.263656 0.730049 0.325668 -0.201721 -0.124900 0.554244 0.371905 -0.551166 0.478796 -0.639014 -0.001220 -0.544760 -0.491165 0.384244 0.246466 -0.414020
VERTEX_POSE A1204 0.174311 -0.172969 0.994965 -0.156270 0.132927 0.598255 0.654595 0.023568 -0.415325 -0.035895 0.234061 0.508224 -0.735704 -0.209907 -0.147821 -0.123628 0.676319 0.435263 -0.116930 0.665726
VERTEX_POSE A1205 0.321570 -0.748134 0.134506 0.043569 -0.890099 0.337730 0.467790 0.620650 0.652179 -0.325977 -0.313498 -0.042315 -0.706159 0.138208 -0.554378 0.210432 -0.406077 -0.389199 -0.363275 0.576639
VERTEX_POSE A1206 -0.725809 0.906553 0.758701 0.351927 0.925320 -0.349931 -0.107638 -0.896987 -0.682913 0.568727 0.235899 -0.440783 0.062110 0.056074 -0.246278 -0.466905 0.355042 0.395267 0.665662 -0.102791
VERTEX_POSE A1207 -0.198543 -0.243613 -0.668058 -0.050762 -0.775503 -0.602769 0.594720 0.060445 0.433567 -0.305391 0.025541 -0.443027 -0.389929 -0.385286 0.258334 0.330296 0.600722 0.430906 0.540282 -0.697411
VERTEX_POSE A1208 0.073813 -0.745218 -0.972232 -0.754164 0.979803 0.620087 0.501838 0.035464 -0.468461 0.457803 -0.582763 -0.328642 -0.200474 -0.317940 -0.335762 -0.307892 0.514947 -0.418682 0.635286 0.541178
VERTEX_POSE A1209 0.306286 0.757500 0.565086 -0.571863 -0.905161 -0.618911 -0.215275 -0.720317 -0.571287 0.335204 0.159523 0.166080 0.752200 -0.323688 -0.375511 0.441515 0.374296 -0.349269 -0.283822 0.459155
VERTEX_POSE A1210 0.130159 0.944896 -0.603047 0.074449 -0.856101 0.445558 -0.425462 0.679301 0.418480 0.088723 -0.535503 0.359396 -0.689431 -0.368927 0.332101 0.164323 -0.256236 0.622009 0.555692 0.223657
VERTEX_POSE A1211 -0.505060 -0.748441 -0.662334 0.563866 0.494585 0.616060 0.314128 -0.181522 0.411570 0.292329 -0.338005 -0.625123 0.160883 -0.564447 -0.138180 0.645001 -0.263841 -0.202998 0.611521 0.681608
VERTEX_POSE A1212 -0.091798 -0.052943 0.397452 0.982207 0.241513 0.052500 -0.740542 0.443199 -0.849412 0.135435 0.421585 -0.379745 -0.595042 -0.449842 0.361838 -0.184605 0.483041 0.024713 -0.212368 -0.436067
VERTEX_POSE A1213 -0.120328 0.049498 0.138150 0.718851 -0.657449 -0.567814 0.357656 -0.042528 0.000139 -0.528314 0.048285 0.125049 0.412911 0.869258 -0.709288 -0.467422 0.368758 0.398572 -0.451651 0.322905
VERTEX_POSE A1214 0.619651 0.827723 -0.398476 -0.456798 -0.516132 -0.383386 -0.058069 -0.493221 -0.064051 -0.438963 -0.372121 0.303192 -0.298705 -0.642017 -0.791148 0.309261 -0.169595 0.362040 0.786811 -0.421083
VERTEX_POSE A1215 -0.616175 0.140792 0.684127 -0.673740 0.040057 0.182724 -0.247841 0.404966 -0.781574 0.073680 0.482378 -0.434360 0.516903 -0.320001 0.298685 0.478516 0.691222 0.279058 0.661045 -0.152070
VERTEX_POSE A1216 0.939707 -0.727512 -0.233116 -0.579433 -0.978682 0.157073 -0.403917 -0.727755 -0.515738 -0.250551 -0.156549 0.348724 -0.565354 -0.126832 -0.462642 0.416468 -0.577689 0.611308 0.530099 -0.309927
VERTEX_POSE A1217 0.072015 -0.852829 0.288035 0.075064 -0.181844 0.675468 -0.072294 -0.692326 0.508949 -0.630948 0.418512 -0.404178 -0.390089 -0.496290 0.229467 0.604909 -0.104054 -0.262104 -0.280348 -0.297326
VERTEX_POSE A1218 0.632085 0.979493 0.349299 0.103571 0.121287 0.837153 -0.280405 0.352920 0.535049 0.509303 -0.433654 0.093298 0.150215 -0.354486 -0.064610 0.798108 0.429397 0.004241 -0.049432 -0.614287
VERTEX_POSE A1219 0.636077 -0.593853 -0.668207 -0.356433 -0.618869 -0.280018 0.393265 -0.391586 0.538247 0.476109 0.498359 0.686045 -0.101799 -0.710607 -0.133574 -0.650128 0.038508 -0.378656 0.430853 -0.303074
VERTEX_POSE A1220 -0.078089 -0.104028 -0.861436 0.856461 -0.285916 0.314515 -0.651837 0.062214 -0.130425 0.544355 0.219405 -0.448908 -0.423231 -0.454719 -0.532242 -0.295019 0.785345 -0.631879 0.112367 -0.352782
VERTEX_POSE A1221 -0.066282 -0.871871 0.448952 0.364690 0.851073 -0.036355 -0.735106 -0.177013 -0.006799 0.353701 -0.252652 -0.566541 -0.314403 -0.521089 -0.787878 0.114071 0.557114 -0.238562 0.471862 -0.568263
VERTEX_POSE A1222 0.624272 0.680959 0.253821 -0.173199 0.740894 0.348114 0.073639 -0.185521 0.457959 0.327124 -0.670768 -0.529633 0.337431 -0.525638 0.194122 -0.834219 -0.395942 -0.592364 -0.278900 -0.287378
VERTEX_POSE A1223 -0.603164 -0.529312 -0.656750 0.441432 -0.009838 -0.400012 0.362770 -0.504603 0.404031 -0.216775 -0.781959 0.233382 -0.410702 0.316429 -0.779394 -0.518360 -0.077659 0.121768 -0.619704 -0.166608
VERTEX_POSE A1224 0.862625 0.242121 0.207229 0.415013 0.794391 0.295733 0.729905 0.606658 -0.579582 0.364255 -0.025754 0.039973 0.331622 -0.453005 -0.633646 -0.240170 0.529274 -0.416560 0.408537 -0.382045
VERTEX_POSE A1225 0.582929 0.054612 -0.517358 0.650629 -0.322197 0.803319 0.155317 0.482661 -0.532129 0.503281 0.527976 0.249006 0.574392 -0.580893 -0.016449 -0.617675 -0.054331 -0.096141 0.105531 -0.384567
VERTEX_POSE A1226 0.862590 -0.075083 -0.426657 0.978286 0.119746 0.128146 -0.328150 -0.417261 -0.701103 0.515429 -0.415022 0.341040 0.447123 -0.450797 -0.562146 -0.578384 -0.136638 0.244372 -0.303648 -0.657087
VERTEX_POSE A1227 -0.888045 -0.036386 -0.909446 -0.992733 -0.970145 0.574973 -0.492488 -0.514612 0.132672 0.462276 0.264475 -0.150888 0.496685 -0.423904 0.261880 0.497613 -0.532640 -0.748636 -0.222358 -0.449251
VERTEX_POSE A1228 -0.157707 -0.838785 -0.477128 -0.342252 -0.596653 0.383640 -0.554464 0.611013 -0.430347 -0.483205 -0.508020 -0.430260 -0.222327 0.404752 0.653818 0.088408 -0.307430 -0.234566 0.633906 0.332026
VERTEX_POSE A1229 0.254010 0.096767 -0.812806 0.684155 -0.221103 0.735473 -0.513669 0.402112 0.362191 -0.215423 -0.667076 0.042009 -0.176017 -0.557961 0.490005 0.680921 -0.190571 -0.293305 -0.441703 -0.213725
VERTEX_POSE A1230 0.174093 0.568788 0.924323 -0.302119 -0.892027 -0.318655 0.497000 0.123517 0.603507 0.598789 0.479490 0.515828 0.082438 -0.562611 -0.496570 0.340187 0.112073 0.146894 -0.521459 0.652489
VERTEX_POSE A1231 0.218931 0.399097 -0.271183 0.040052 -0.612770 0.249148 -0.530652 0.469317 -0.373088 -0.526778 0.420525 -0.601201 0.065404 0.204919 -0.323532 -0.556855 -0.737432 -0.576728 0.355736 0.130776
VERTEX_POSE A1232 0.394750 -0.775724 0.668407 0.622968 0.768018 -0.320880 0.361957 -0.194902 0.422765 0.704977 -0.252350 -0.278020 0.358877 -0.449735 -0.626768 -0.219845 -0.436209 -0.498169 0.441441 0.711191
VERTEX_POSE A1233 -0.817358 0.454055 -0.765628 0.531716 0.164652 -0.055340 -0.636824 -0.673326 0.091822 0.002083 0.275852 -0.881794 -0.080905 -0.033454 -0.286292 0.716252 -0.387308 -0.359142 -0.273657 0.565164
VERTEX_POSE A1234 -0.962113 0.316449 -0.689319 -0.687692 0.650885 0.210683 0.344064 0.729540 0.151422 0.401043 -0.325639 0.756417 -0.522642 -0.218880 0.188603 0.618467 -0.490973 0.570041 0.255201 0.269754
VERTEX_POSE A1235 -0.430939 0.051307 0.663372 -0.533302 -0.099054 -0.593522 0.313055 0.635450 -0.400633 -0.414638 -0.452495 -0.359625 0.590158 -0.623847 0.071697 -0.431210 -0.005856 -0.593931 -0.442541 0.047247
VERTEX_POSE A1236 0.504212 0.705921 0.368877 -0.424714 0.274553 -0.225192 -0.213517 0.498363 0.112462 -0.394646 -0.507736 -0.212829 -0.286672 0.614494 -0.933077 -0.060867 -0.332949 -0.143919 0.844262 0.073348
VERTEX_POSE A1237 -0.687922 0.223002 -0.930618 0.664235 0.576205 -0.365816 -0.140053 -0.617417 -0.722053 0.297650 0.282264 -0.346083 -0.107030 0.583914 0.168942 -0.745436 0.352589 -0.443286 -0.569789 -0.271753
VERTEX_POSE A1238 0.370519 0.807694 0.995314 0.415936 0.125443 0.842099 -0.422378 -0.124764 -0.282995 -0.467523 -0.571956 -0.170355 0.380679 -0.318743 0.389120 0.630262 -0.523221 -0.174204 -0.246722 -0.530983
VERTEX_POSE A1239 -0.421974 0.960703 0.396646 -0.178878 0.254357 0.640899 0.566232 0.035653 0.117069 0.479854 -0.259944 -0.152647 -0.205326 0.228796 -0.440103 0.519293 0.720085 -0.598791 0.370536 -0.600239
VERTEX_POSE A1240 0.618364 -0.019499 0.634467 -0.907628 0.671044 0.152878 -0.639052 -0.264562 0.645900 -0.082478 -0.529264 0.059179 -0.595695 0.646212 0.619615 0.435261 0.460881 0.414749 -0.201259 0.141015
VERTEX_POSE A1241 -0.499323 0.752590 -0.607733 -0.509615 0.269342 -0.689537 0.299134 0.008218 0.447849 0.682961 -0.418820 0.168219 -0.508924 0.136874 -0.187484 0.411975 0.681792 -0.510414 -0.123920 -0.583907
VERTEX_POSE A1242 0.072966 -0.787738 0.734312 -0.615013 -0.251058 0.278586 0.606724 0.007240 -0.541511 -0.128257 -0.459056 -0.404890 -0.250006 -0.242018 -0.460840 0.743572 -0.159802 0.502837 0.005896 -0.839706
VERTEX_POSE A1243 -0.473434 0.927558 0.031920 -0.925422 -0.087443 -0.856068 -0.163674 0.215908 0.099128 0.492671 0.488307 -0.197748 -0.132076 0.613761 -0.231774 -0.386156 -0.433154 0.405583 -0.750950 0.388092
VERTEX_POSE A1244 0.380349 -0.197913 0.530417 -0.790764 0.611892 -0.573989 -0.543984 -0.004995 -0.745891 0.111108 -0.147459 0.165294 -0.406790 -0.797023 0.013085 0.448027 -0.578713 -0.294432 0.570553 -0.089869
VERTEX_POSE A1245 -0.307383 -0.960015 -0.664165 -0.071810 0.232809 -0.591104 -0.552754 0.181092 -0.027760 -0.127388 0.730278 0.463062 -0.232557 0.524260 -0.491728 -0.224999 -0.108595 -0.440003 0.757317 0.383742
VERTEX_POSE A1246 -0.089609 0.068350 -0.283954 -0.599162 0.952615 0.387882 -0.000926 0.352185 0.589127 -0.379559 -0.609806 -0.646889 0.065064 -0.418095 0.017726 -0.039216 0.538506 -0.289306 -0.922043 0.198267
VERTEX_POSE A1247 0.320056 0.074575 -0.702699 -0.370196 0.633211 0.071298 0.371478 -0.437743 0.604244 0.192512 0.679771 -0.389668 0.672161 0.388319 -0.265999 -0.607228 0.398523 -0.638129 0.066462 0.191521
VERTEX_POSE A1248 0.764632 -0.812845 0.623870 -0.996746 -0.949035 0.218213 0.298161 -0.319365 0.580491 -0.684560 0.258257 -0.559908 -0.092041 -0.052742 0.252914 0.604331 0.696438 -0.487803 -0.262278 0.586090
VERTEX_POSE A1249 -0.457524 0.047842 -0.934655 0.504409 0.073902 0.423824 0.442469 -0.658843 0.591215 0.406742 0.388593 -0.004664 0.356453 0.628025 0.661903 -0.692796 0.105614 -0.180831 -0.178206 0.096698
VERTEX_POSE A1250 -0.043867 0.480722 -0.370906 0.273371 -0.985658 -0.691244 0.153746 -0.263416 -0.441653 0.141226 -0.399042 -0.366856 -0.534815 0.650154 0.416847 0.195305 -0.095874 -0.137037 0.795139 0.582654
VERTEX_POSE A1251 -0.313458 0.083127 0.762434 0.859715 -0.234951 0.010915 0.062037 -0.563277 -0.420750 0.433367 0.598679 -0.584816 0.330792 -0.560090 -0.109057 -0.714550 -0.007466 -0.684797 -0.433980 0.102689
VERTEX_POSE A1252 0.476194 0.175971 0.514297 -0.130901 -0.075025 -0.811735 -0.252243 -0.430093 0.535043 -0.599180 -0.464744 0.217495 0.591836 -0.302865 0.085288 -0.226734 -0.288086 -0.015385 -0.419140 0.651393
VERTEX_POSE A1253 -0.419595 0.161681 0.882914 -0.899828 0.755235 0.119479 -0.372300 -0.183041 -0.440599 -0.125792 -0.598166 0.641276 -0.622557 0.044289 0.452021 0.630304 0.117270 0.419571 0.246391 -0.770052
VERTEX_POSE A1254 0.083378 0.553815 -0.894315 0.301147 0.755211 -0.469362 0.410039 0.207888 0.440119 0.474577 0.456625 0.358308 0.677457 -0.382579 -0.675266 0.384237 -0.095858 -0.040323 -0.007706 0.769884
VERTEX_POSE A1255 0.338819 -0.581907 -0.278474 -0.715888 -0.280634 -0.617748 0.153684 0.392437 -0.089116 -0.303800 -0.590595 0.462591 0.805404 -0.062492 -0.266174 0.172937 0.406381 0.570620 -0.453326 0.572835
VERTEX_POSE A1256 -0.836667 -0.783707 -0.634444 0.750801 -0.566962 -0.523149 -0.467469 -0.101301 -0.365556 0.758319 -0.454813 0.595786 -0.048264 -0.636484 0.279536 -0.283264 -0.237763 0.399478 0.351934 0.566780
VERTEX_POSE A1257 -0.054032 -0.521268 -0.320973 0.279433 -0.125044 0.112475 0.718183 -0.478189 -0.369446 0.422374 0.632130 0.816022 0.211361 0.500801 0.372210 0.034006 -0.346045 -0.215470 0.509886 -0.034615
VERTEX_POSE A1258 0.450775 0.381707 -0.187920 -0.708621 -0.250780 -0.093636 -0.095819 0.647311 -0.709884 -0.290880 0.415261 -0.322617 -0.154225 -0.427774 -0.221171 -0.627738 -0.424101 0.578186 -0.698833 0.213760
VERTEX_POSE A1259 0.005626 -0.622492 -0.111572 -0.591452 -0.163615 -0.180689 -0.363543 0.515011 0.852769 0.063432 -0.171792 0.210955 -0.640775 0.393970 0.095697 -0.648861 -0.559900 0.431829 0.179442 0.486365
VERTEX_POSE A1260 -0.800021 0.575499 -0.133778 -0.036411 0.653853 0.189605 -0.677952 -0.632690 0.492520 0.222444 -0.417582 0.198816 -0.245460 0.437868 -0.690748 0.288153 -0.454001 -0.452564 -0.589590 0.165781
VERTEX_POSE A1261 -0.375133 -0.049505 -0.263597 -0.010740 -0.142807 0.828643 0.057233 0.034271 0.171730 0.748647 0.492401 0.184581 -0.577709 0.388036 0.419353 0.040531 -0.682618 -0.271907 0.317586 -0.373935
VERTEX_POSE A1262 -0.775443 0.776605 0.617245 0.448601 0.223615 -0.483439 0.285255 0.450547 0.136512 0.401946 -0.778887 0.116829 0.441292 0.258020 -0.683504 -0.480896 -0.320522 0.516551 -0.575387 0.145033
VERTEX_POSE A1263 0.594729 0.799774 -0.465372 -0.413443 0.421872 -0.468204 -0.003757 -0.202275 0.762980 -0.074821 -0.020231 0.287224 0.238938 0.608251 0.230013 -0.740154 -0.368167 0.251482 0.624074 -0.673171
VERTEX_POSE A1264 -0.192490 -0.595450 -0.029225 -0.479024 -0.978155 0.043783 0.075572 0.488713 -0.801243 -0.183783 -0.017837 0.068960 0.490069 0.680222 0.141109 -0.841028 0.479589 0.575696 -0.114092 -0.261025
VERTEX_POSE A1265 -0.737556 0.093054 0.927926 0.760908 -0.125500 -0.850328 0.075798 0.130517 0.140383 -0.745687 -0.050549 0.173119 0.429798 0.671055 -0.463176 -0.083565 -0.176220 -0.112841 -0.496484 0.706429
VERTEX_POSE A1266 -0.836210 -0.148919 -0.802000 0.053255 -0.677183 0.578253 -0.610424 0.109112 0.221744 -0.387069 -0.030966 -0.175743 -0.041322 -0.853518 -0.748700 -0.633880 0.174538 -0.158162 0.272118 0.477680
VERTEX_POSE A1267 -0.688278 -0.889528 -0.660348 0.096262 0.296399 -0.491030 -0.359689 0.137680 -0.708859 0.084259 -0.447189 -0.276378 -0.402684 -0.152094 -0.374470 0.172805 0.857714 -0.199490 0.819456 -0.149199
VERTEX_POSE A1268 -0.425478 -0.683944 0.997308 0.425143 -0.549294 -0.371359 0.532659 -0.740653 -0.676641 0.114657 0.335680 -0.330281 0.285241 0.328878 0.092923 -0.276468 -0.441023 0.535285 0.738465 0.189974
VERTEX_POSE A1269 0.534309 -0.341225 -0.806686 -0.530808 0.448260 -0.170061 -0.606435 -0.527294 0.796201 -0.124820 -0.256205 0.018552 0.126999 0.571910 0.399439 0.554882 -0.272558 -0.421008 0.540956 -0.504927
VERTEX_POSE A1270 -0.110252 -0.928825 0.736298 0.917383 -0.449244 -0.672271 0.618086 0.121641 -0.042175 -0.463962 0.774418 0.012104 -0.330652 -0.594483 -0.636534 -0.455155 -0.177620 -0.375434 -0.293620 -0.022831
VERTEX_POSE A1271 -0.807114 0.296557 0.631775 0.517515 -0.878250 0.126995 0.855074 0.042529 0.176104 -0.434191 0.602248 -0.538965 -0.189414 -0.492078 -0.705501 0.077465 0.190174 -0.405765 0.196081 0.597646
VERTEX_POSE A1272 -0.965014 -0.588635 -0.414419 -0.040424 -0.282398 0.560488 -0.465154 -0.335428 0.166317 0.673646 -0.122791 -0.588892 -0.485368 -0.245627 -0.495622 0.133761 0.309254 -0.256432 0.276331 -0.846428
VERTEX_POSE A1273 0.962714 -0.716563 0.470610 -0.697630 0.299698 0.670543 -0.186226 -0.096183 0.427466 0.502969 -0.091128 0.232667 -0.573828 -0.639391 -0.263214 -0.578396 0.325647 0.494196 -0.220278 0.683796
VERTEX_POSE A1274 -0.280549 0.224115 -0.336305 0.592093 0.034307 -0.421702 0.379099 0.337828 -0.436094 0.434256 0.259532 0.615590 -0.095443 0.583625 0.223539 0.336029 0.499604 0.450631 0.738701 -0.477801
VERTEX_POSE A1275 0.415335 0.213452 -0.884002 0.168813 -0.670505 -0.646940 0.640681 0.158561 -0.058603 -0.075620 0.925625 0.432746 -0.070305 0.267972 -0.621634 -0.730942 -0.043416 -0.065843 0.211164 -0.210672
VERTEX_POSE A1276 -0.344669 -0.676579 0.806445 0.230560 -0.467493 -0.445145 0.687841 0.073998 -0.761176 -0.248107 -0.348393 0.421535 0.283152 -0.790214 0.154014 -0.432423 0.246467 -0.145070 -0.445145 -0.433547
VERTEX_POSE A1277 0.629842 -0.707536 0.379741 0.992931 -0.013078 0.485363 -0.386613 0.415497 0.014608 -0.357968 0.062819 0.269056 0.787979 -0.126500 0.741854 -0.164195 -0.576607 -0.376126 -0.272982 -0.689157
VERTEX_POSE A1278 -0.264610 -0.711973 -0.586701 0.798616 0.962705 0.048095 0.332685 0.214411 0.317691 -0.529021 -0.502353 -0.687443 -0.613798 0.343731 0.544429 -0.481942 0.229930 0.357462 -0.020992 0.728457
VERTEX_POSE A1279 -0.580038 -0.489423 0.430316 0.233814 -0.416528 -0.147950 0.579329 0.555636 0.464819 -0.532829 0.689730 0.598271 0.211924 -0.065722 0.528049 0.536945 -0.072817 -0.353964 0.217369 0.453783
VERTEX_POSE A1280 -0.827681 0.340307 0.445086 0.497340 -0.939176 0.312998 -0.404868 0.570497 -0.601454 0.210434 0.504961 0.415643 -0.416032 0.256125 -0.603345 -0.665252 0.027307 0.059169 0.419710 0.594308
VERTEX_POSE A1281 0.691523 0.768749 0.042393 0.071987 0.977047 -0.213730 -0.064065 0.379730 0.531388 0.029486 -0.539195 0.409985 0.055292 -0.289704 -0.506824 -0.643094 -0.564372 0.496979 -0.760525 0.403274
VERTEX_POSE A1282 0.106504 0.593704 0.192750 0.093529 0.348522 0.036131 0.047174 0.460379 0.307333 0.777864 0.441790 -0.674329 0.408021 -0.019568 -0.559836 -0.302997 0.607395 0.368925 -0.366623 0.472822
VERTEX_POSE A1283 0.648513 -0.483722 -0.040618 -0.633561 -0.014201 0.417698 0.340422 -0.715727 0.161002 0.254481 0.121522 -0.327594 -0.432934 0.089152 0.716894 0.014873 0.610017 0.422316 -0.794795 -0.304794
VERTEX_POSE A1284 -0.728072 -0.069570 -0.074693 0.172159 0.732282 -0.609847 0.059592 0.443969 0.638371 0.487190 0.010736 -0.166885 -0.357794 -0.430892 0.389889 -0.572769 0.688324 0.201757 -0.550467 -0.378574
VERTEX_POSE A1285 -0.810118 0.147519 0.298435 -0.605324 0.103732 -0.538296 0.006646 0.399791 0.247125 -0.212520 -0.557206 -0.081173 0.959670 -0.154519 0.142350 0.105168 -0.486081 0.788868 0.150881 0.519170
VERTEX_POSE A1286 -0.012668 -0.065630 0.680908 -0.349449 0.705165 0.265719 0.401574 0.553501 0.535877 -0.328079 -0.180705 0.271099 0.477451 -0.771363 -0.549512 -0.424410 -0.254163 -0.516498 0.568348 -0.037193
VERTEX_POSE A1287 -0.564739 0.146723 0.290863 -0.077040 -0.834680 -0.370587 0.568895 -0.148104 0.820395 0.224500 -0.452735 -0.319173 -0.516253 -0.789771 0.292275 -0.521379 0.266663 0.048175 0.295980 -0.279730
VERTEX_POSE A1288 0.135851 0.626251 0.977462 0.674109 0.978689 -0.810454 -0.231514 0.484682 0.088741 0.638343 0.646001 -0.337669 -0.224171 -0.278109 -0.470313 0.677161 -0.511979 0.008627 -0.173552 0.091102
VERTEX_POSE A1289 -0.561894 -0.683923 -0.507012 -0.058070 -0.545615 0.285016 0.622508 0.267918 0.577992 -0.444814 -0.530724 -0.625120 0.057609 -0.557847 0.392057 0.500300 -0.472822 -0.200518 0.401255 -0.334362
VERTEX_POSE A1290 0.440887 0.524231 -0.820709 0.331508 0.001706 0.097492 -0.165484 0.551218 -0.050961 -0.498608 0.668537 0.833020 -0.453501 -0.278943 -0.282711 -0.557078 -0.317490 -0.462657 -0.456076 -0.265720
VERTEX_POSE A1291 0.335829 0.201750 -0.156316 -0.362302 0.632542 -0.193015 0.468824 -0.098549 -0.268909 -0.364154 -0.585092 -0.449943 -0.684383 0.114584 0.635148 -0.171424 -0.618426 -0.533453 0.387077 -0.502370
VERTEX_POSE A1292 0.062974 0.266572 0.229391 0.931190 0.311578 -0.464355 -0.405535 0.754168 -0.127544 -0.435700 -0.417874 0.081085 -0.710783 -0.329677 -0.775874 0.330796 -0.376379 0.399439 0.176264 0.079144
VERTEX_POSE A1293 0.665444 0.300836 0.796537 -0.219891 -0.774679 -0.557439 -0.686174 0.054661 -0.472573 0.555304 0.614517 0.537350 0.088290 -0.018204 0.383960 -0.267211 0.734889 0.172526 -0.376306 0.281048
VERTEX_POSE A1294 -0.069442 0.001524 0.378312 0.224255 0.054414 -0.387705 -0.311869 0.538476 0.649303 0.431076 0.544801 -0.082797 -0.497660 0.307499 0.488566 -0.464197 -0.489902 0.427245 -0.503752 0.280491
VERTEX_POSE A1295 0.870484 0.671122 -0.799835 -0.547834 0.333424 -0.723652 -0.132662 0.028553 -0.297644 0.495620 0.725460 0.370367 -0.520460 0.370623 0.480762 0.335802 0.342130 0.139400 0.594239 -0.467417
VERTEX_POSE A1296 0.927889 -0.606110 0.724462 -0.458983 0.099821 0.713564 0.631104 0.187661 -0.039892 -0.177968 -0.397161 0.520334 -0.382830 -0.406109 0.464588 -0.586947 0.217884 -0.051438 -0.281015 0.771135
VERTEX_POSE A1297 0.094348 0.852605 0.576312 -0.722490 0.377232 0.606862 0.467395 0.211818 -0.164800 0.082553 -0.873362 -0.513178 -0.377284 0.360577 -0.504084 0.709436 0.028181 -0.295139 0.359282 0.248116
VERTEX_POSE A1298 -0.817794 0.781594 -0.460182 0.548427 -0.370177 0.259574 -0.555533 0.662320 -0.684334 0.139033 0.517532 -0.678035 -0.298653 -0.274943 0.063250 0.699068 0.106437 0.024003 -0.306859 -0.454500
VERTEX_POSE A1299 -0.497589 -0.290054 0.721770 0.966160 0.550527 0.554283 0.288064 0.652682 0.479340 0.414962 -0.565849 0.091489 0.549475 0.143891 -0.386132 0.572096 -0.287116 -0.552752 0.340013 0.388177
VERTEX_POSE A1300 -0.371343 -0.488620 0.769626 -0.253298 -0.174508 -0.312379 -0.310588 -0.241561 0.843088 -0.507936 -0.082925 0.242379 0.241145 0.704573 -0.200876 -0.550612 -0.110687 -0.304176 -0.533115 0.652760
VERTEX_POSE A1301 0.071954 0.852769 -0.723884 0.465810 0.180579 -0.609754 0.345509 -0.205414 0.124623 -0.089149 0.508158 0.639539 0.528342 0.236165 -0.409167 0.539609 0.564898 -0.190374 -0.549867 0.569821
VERTEX_POSE A1302 -0.304703 -0.993497 0.353545 0.483675 0.672277 -0.015778 0.457045 0.408085 0.918922 0.128206 -0.332394 -0.373216 0.060337 -0.833693 -0.126146 0.644311 0.009255 -0.011405 0.596570 -0.166886
VERTEX_POSE A1303 -0.336357 -0.077255 -0.644793 0.706278 0.543094 0.135217 0.677820 0.039505 -0.632277 -0.390602 -0.426136 0.264370 -0.546511 0.651019 -0.636942 0.298614 0.530899 -0.326123 0.012083 0.333419
VERTEX_POSE A1304 0.034668 -0.863795 0.746726 0.768181 -0.519724 0.454507 0.755769 0.285577 0.265745 -0.426570 0.489112 -0.538899 0.224773 0.726329 -0.322671 0.439384 -0.389295 0.572952 0.057183 0.010520
VERTEX_POSE A1305 0.414748 0.230617 -0.982761 0.075769 -0.293416 0.582399 -0.517075 -0.617159 0.363948 0.288508 -0.044445 -0.691473 -0.468905 -0.317836 -0.220764 0.508053 -0.654084 0.038484 -0.414014 0.297143
VERTEX_POSE A1306 -0.921022 -0.863803 -0.528795 -0.124909 0.872589 -0.209903 0.616218 0.038478 0.107759 -0.360139 -0.468294 0.588178 -0.388726 -0.014773 0.471270 0.531617 -0.643553 0.613416 0.238434 0.604021
VERTEX_POSE A1307 0.689998 -0.540374 0.553171 -0.001260 0.012783 0.402412 0.583228 0.546532 0.692833 0.047365 -0.376713 -0.338809 -0.253217 0.043004 0.129617 -0.461733 0.741817 0.475872 -0.616673 -0.085136
VERTEX_POSE A1308 0.044590 0.523082 0.396980 0.068700 0.693506 0.122659 0.595124 0.261702 -0.694042 0.421244 -0.395309 0.653983 0.052909 -0.433671 -0.213525 -0.448010 0.544311 0.173128 0.514654 0.539349
VERTEX_POSE A1309 -0.185632 -0.575776 -0.115495 -0.326293 0.835294 -0.109305 0.026948 -0.074431 0.403763 -0.158941 0.783413 -0.568358 0.487382 0.576105 0.670224 0.230003 0.075633 0.229775 0.826782 -0.207621
VERTEX_POSE A1310 -0.890040 -0.029797 -0.016513 -0.767446 0.596256 -0.482741 0.637639 0.554044 -0.671008 -0.126620 -0.605268 0.529232 0.153626 -0.056388 -0.172506 -0.702174 0.515806 -0.082852 -0.246444 0.239689
VERTEX_POSE A1311 0.216909 -0.136611 -0.157934 -0.433960 0.754330 0.147672 -0.587383 -0.018682 -0.017580 -0.667700 0.561229 0.406228 -0.016708 -0.255343 0.876775 0.192589 0.306403 -0.210068 0.414473 0.724976
VERTEX_POSE A1312 -0.494109 -0.807027 0.926898 0.745694 0.812341 0.573617 0.315976 -0.388284 0.047623 -0.666418 0.226017 0.263898 0.554011 0.605831 0.653400 -0.352592 0.406910 -0.414876 0.157471 0.515310
VERTEX_POSE A1313 0.216465 -0.436093 -0.823763 0.326083 -0.055223 0.088277 -0.504592 -0.713495 0.629971 -0.476424 0.566427 0.678360 0.177346 -0.368650 -0.288588 -0.269370 0.181090 0.227789 0.643736 0.037274
VERTEX_POSE A1314 -0.134578 0.379667 0.801448 -0.067521 -0.259871 -0.371073 -0.572291 -0.430704 0.609486 -0.368278 0.450676 0.237256 0.572224 -0.533853 -0.410360 -0.209874 0.033164 -0.515893 0.406653 0.570339
VERTEX_POSE A1315 -0.222181 0.123403 -0.147795 -0.082147 0.544623 -0.380689 0.545140 -0.517022 0.365467 0.506645 0.019920 -0.116931 -0.664501 -0.363009 0.385006 -0.044057 -0.771965 -0.748069 0.051294 -0.067720
VERTEX_POSE A1316 0.406347 0.711426 0.474672 0.720759 -0.951490 -0.698660 -0.449918 -0.496934 -0.382648 -0.150263 0.290023 -0.332047 0.798439 -0.165844 -0.056003 -0.279437 0.616353 0.502059 -0.243731 -0.511418
VERTEX_POSE A1317 0.852754 -0.685963 0.482356 0.583030 -0.554706 0.825896 -0.491817 0.059798 -0.207784 -0.451924 -0.462211 0.136712 -0.251742 0.220099 -0.195348 -0.130786 0.856759 0.466766 0.688042 -0.017462
VERTEX_POSE A1318 0.213080 -0.729874 -0.856932 0.840813 0.709943 0.085906 -0.000285 0.309320 0.750029 -0.166230 -0.478513 -0.515237 -0.730748 -0.197405 0.195548 -0.501188 -0.216452 -0.355484 0.432650 -0.767806
VERTEX_POSE A1319 -0.457802 0.337677 0.452134 0.394868 -0.972801 -0.503881 0.739684 -0.162867 -0.630327 0.024413 0.355807 -0.479600 -0.469991 -0.651968 -0.088009 -0.031252 0.533238 -0.333212 -0.480003 0.370769
VERTEX_POSE A1320 -0.709140 -0.369886 0.975343 -0.475040 -0.100321 0.283477 -0.620676 -0.647320 -0.524591 -0.194174 -0.267855 -0.441947 -0.615329 0.289695 -0.494130 0.443018 -0.593584 0.452728 0.046500 -0.270121
VERTEX_POSE A1321 -0.346032 0.794357 -0.677640 0.172322 -0.288351 -0.207204 0.369917 -0.434913 -0.232735 -0.691443 -0.445650 0.477135 0.057813 -0.746222 0.758996 0.105221 0.133214 -0.314910 0.608814 -0.194041
VERTEX_POSE A1322 0.878028 -0.460573 -0.704182 -0.967434 0.659741 0.330612 0.456175 0.405420 0.697096 -0.219058 -0.241524 -0.573811 0.196166 -0.417447 -0.142911 0.406260 0.570133 -0.234670 -0.735112 0.527245
VERTEX_POSE A1323 0.353834 0.896686 0.204734 -0.543850 -0.788743 -0.507269 -0.483971 -0.574603 -0.237885 -0.352952 0.324126 0.614160 -0.208372 0.150716 -0.033631 0.703581 -0.452586 -0.554766 0.320549 0.580709
VERTEX_POSE A1324 -0.680588 0.095193 -0.881104 0.952431 -0.063030 -0.453777 -0.161706 -0.761976 -0.491448 -0.603622 0.472613 -0.314544 0.501803 0.432714 0.650706 -0.173186 0.009838 0.173808 -0.572443 0.093232
VERTEX_POSE A1325 -0.191414 0.540950 0.674130 0.256821 -0.285845 -0.231425 0.262504 0.455117 -0.542653 0.440513 0.099027 -0.647016 -0.676052 0.269465 -0.482287 0.309549 -0.661886 -0.027195 -0.429153 -0.521880
VERTEX_POSE A1326 0.224318 0.567809 0.404899 -0.091684 0.544681 -0.290667 0.434312 -0.648342 0.539132 -0.491299 -0.577205 0.269504 -0.063643 0.491225 0.187091 -0.359038 -0.071815 0.719176 0.661090 0.005266
VERTEX_POSE A1327 -0.752699 0.489084 0.843358 -0.506552 -0.963209 0.073845 0.272618 -0.500446 0.112519 0.161695 0.148991 -0.559982 0.446462 -0.542837 0.145775 0.829131 0.487872 0.804398 0.112903 -0.441208
VERTEX_POSE A1328 0.902934 0.393555 0.250442 0.534331 -0.908613 -0.382878 -0.434592 0.206082 0.779318 0.097745 -0.319613 0.122881 -0.480057 -0.338499 0.472991 -0.260445 0.825321 -0.085128 0.709429 0.244216
VERTEX_POSE A1329 0.406523 0.349402 0.944717 -0.543257 -0.825496 -0.573307 0.680511 0.306614 -0.432511 -0.342461 -0.505444 -0.638788 -0.144069 -0.262454 0.212909 0.214186 -0.577672 -0.175704 -0.594133 0.497922
VERTEX_POSE A1330 -0.250289 -0.800971 0.565128 -0.540392 0.587317 -0.040159 -0.435666 0.652340 -0.636525 0.129828 0.332650 -0.573297 0.367278 0.142958 0.443956 0.155044 0.656903 -0.259725 -0.796497 -0.108803
VERTEX_POSE A1331 -0.468409 0.904935 0.020068 -0.718967 -0.083121 -0.093373 0.569781 0.402353 -0.310874 -0.084492 0.743337 0.622775 -0.566473 0.247924 0.711535 0.541063 0.146314 -0.022534 0.233602 -0.450209
VERTEX_POSE A1332 -0.521523 0.202171 -0.779167 0.922553 0.355083 -0.009826 0.405715 -0.117222 0.792212 -0.193606 -0.455848 -0.579796 -0.059137 -0.747116 0.048293 -0.428033 -0.357381 0.183869 0.781794 -0.304234
VERTEX_POSE A1333 0.445008 -0.794468 -0.081327 0.943283 0.259594 -0.274427 0.236577 0.523041 -0.422752 0.492338 0.177794 -0.820773 -0.450824 0.002637 -0.268414 0.396056 -0.811499 -0.015987 -0.584408 -0.190473
VERTEX_POSE A1334 0.195234 -0.172320 0.375275 0.987311 -0.540027 -0.283830 -0.860229 -0.399325 0.653493 -0.367468 0.486020 0.643777 0.125713 -0.738719 -0.069359 -0.049097 0.136452 -0.270421 0.326740 -0.199999
VERTEX_POSE A1335 0.513145 0.338376 0.967559 0.690734 0.835359 0.099399 -0.423256 -0.847328 0.459149 -0.186904 0.260244 -0.038258 0.477046 -0.442565 0.623419 0.632519 -0.128302 0.623848 -0.397830 0.044540
VERTEX_POSE A1336 -0.140244 0.436150 -0.064088 0.019052 0.966178 0.095642 0.583909 0.731901 -0.075931 -0.509008 0.665399 -0.303842 -0.354221 0.084259 -0.685825 -0.173700 0.077905 0.649932 -0.494284 0.091632
VERTEX_POSE A1337 0.274212 -0.036123 0.846480 -0.137598 -0.667439 0.076117 -0.423900 0.588250 0.137466 0.487988 -0.332577 -0.932338 0.022434 0.156666 0.207818 -0.613516 -0.144079 -0.250734 -0.453069 -0.705727
VERTEX_POSE A1338 0.203143 0.798003 0.520731 -0.310526 -0.151858 0.004315 0.329720 -0.718348 -0.458379 0.597961 0.012724 -0.524040 -0.545982 0.164382 -0.713351 0.072601 -0.057866 -0.079890 -0.479958 -0.673383
VERTEX_POSE A1339 0.904347 -0.040769 -0.667108 -0.912248 0.659684 -0.353432 0.363492 0.267982 -0.438531 -0.826815 -0.211005 -0.252104 0.390914 -0.846781 0.783056 -0.175573 -0.297574 -0.077737 -0.024696 -0.279419
VERTEX_POSE A1340 -0.911420 0.388101 -0.269015 0.536109 -0.832145 -0.199895 0.670942 -0.639710 0.206678 -0.554254 -0.299222 0.780479 0.044029 -0.414067 -0.431292 -0.490551 -0.573591 -0.349522 -0.007826 -0.027906
VERTEX_POSE A1341 0.313104 -0.231794 -0.495782 -0.077971 -0.555602 -0.745854 -0.026526 0.522950 -0.369611 0.295726 -0.595834 0.264982 -0.345609 0.460714 0.474017 0.545787 0.183246 -0.110369 0.703217 0.354498
VERTEX_POSE A1342 0.121256 0.822620 0.174958 -0.346208 0.414014 0.035637 0.941352 0.232347 -0.525510 -0.220882 0.287139 -0.512839 0.240487 -0.397476 -0.175072 -0.063108 0.830113 0.654916 -0.057016 0.128418
VERTEX_POSE A1343 -0.405529 0.581074 -0.342117 0.281803 0.980196 -0.170002 -0.671356 -0.566974 0.177866 0.007738 -0.229696 -0.723196 0.488764 -0.022427 0.629350 0.267269 0.064712 -0.142721 -0.488773 0.788092
VERTEX_POSE A1344 -0.470432 0.332113 -0.319545 -0.751888 0.389176 -0.684955 0.559515 -0.029799 -0.446391 -0.113055 0.314660 -0.238076 -0.389204 0.745754 -0.460909 -0.669245 -0.569315 0.249909 -0.273481 0.140830
VERTEX_POSE A1345 0.986677 0.202287 -0.023594 0.586271 -0.845857 -0.245780 -0.193636 0.443689 -0.574541 -0.252908 -0.570810 -0.054352 0.777694 0.243392 0.398786 -0.533915 0.371727 -0.668962 -0.093113 0.529051
VERTEX_POSE A1346 0.372291 -0.295524 0.510088 -0.800344 0.524819 -0.366889 0.494910 0.251440 0.348927 0.481543 -0.311352 0.432783 -0.394480 0.686716 -0.679568 -0.453311 -0.126774 0.307455 -0.402586 -0.593454
VERTEX_POSE A1347 0.935916 0.043539 -0.844873 0.968870 0.437685 -0.419325 -0.459573 0.569676 0.219706 -0.575018 -0.678578 -0.376383 -0.116944 -0.129407 0.250281 0.575513 0.010911 -0.756036 0.336534 -0.445125
VERTEX_POSE A1348 0.839431 0.516324 -0.541239 0.169302 -0.400564 0.699764 0.490644 -0.386829 0.089795 0.229392 0.857587 0.276710 0.159269 0.219813 -0.642103 0.711004 -0.172269 -0.115770 -0.419230 -0.192129
VERTEX_POSE A1349 -0.414629 -0.025398 0.653156 -0.959530 0.234762 -0.760650 -0.325542 -0.442049 0.283761 0.121441 -0.583823 -0.073747 0.700127 -0.503773 0.399628 0.073182 -0.041062 -0.419226 0.619468 0.456366
VERTEX_POSE A1350 -0.521886 -0.618784 0.607261 0.363739 0.464884 0.436545 -0.118981 -0.407088 -0.002936 -0.396515 -0.706048 0.295650 0.424389 0.228151 -0.847743 0.142173 -0.162221 0.057821 0.792654 -0.507354
VERTEX_POSE A1351 -0.869709 -0.853562 -0.565895 0.694262 0.499115 0.537979 -0.082187 0.135570 -0.295683 0.611803 0.371497 -0.337382 -0.678414 0.641055 -0.357418 0.347425 0.301744 -0.617718 -0.194921 -0.584474
VERTEX_POSE A1352 0.239339 -0.231041 0.975515 0.212792 0.946411 0.327614 -0.739355 0.245640 -0.255062 0.149711 0.558804 -0.686568 -0.552706 0.150747 0.282737 -0.354193 -0.508378 0.525639 0.002057 0.588410
VERTEX_POSE A1353 -0.643858 -0.079357 0.903079 0.396305 0.124625 -0.321980 -0.168623 0.532691 0.717693 -0.020612 -0.332547 -0.533482 0.095846 -0.375629 0.210973 -0.694444 0.387743 0.228328 0.692606 0.560546
VERTEX_POSE A1354 0.484125 -0.956876 0.638839 -0.849588 0.710372 0.825747 -0.108630 -0.188955 -0.444715 -0.068835 -0.791041 0.045197 -0.896758 -0.137861 -0.343434 -0.306665 0.557256 -0.019521 0.291965 -0.094922
VERTEX_POSE A1355 0.558751 0.864152 -0.905588 0.165222 -0.116619 0.149190 0.688487 0.544878 0.624060 0.398470 -0.126731 -0.276622 0.138144 0.157771 -0.273489 0.532889 -0.772156 -0.661041 0.253284 0.256770
VERTEX_POSE A1356 0.164727 -0.538407 0.577208 -0.346874 0.838780 -0.273938 -0.477731 0.106584 0.666832 -0.157790 -0.694598 0.420113 -0.271600 0.441831 -0.282202 -0.773293 -0.255061 0.473457 -0.274092 0.495885
VERTEX_POSE A1357 -0.291557 0.610933 0.043738 0.058728 0.255053 0.542016 -0.033948 0.430381 -0.352173 0.869674 -0.027870 0.539543 0.383583 -0.281311 0.096837 0.254184 0.796344 -0.530763 -0.175413 0.317325
VERTEX_POSE A1358 0.806052 0.353236 0.937770 0.658670 -0.079828 0.728901 0.307529 0.285906 -0.099323 0.810778 -0.489799 -0.159733 0.024363 0.570981 -0.646613 0.124212 0.146756 -0.123354 0.481708 0.575151
VERTEX_POSE A1359 0.067661 0.855148 -0.172350 -0.812543 0.930167 -0.086319 0.257119 0.700742 -0.368984 0.316609 0.278717 -0.516115 -0.552538 0.421934 -0.680122 -0.157588 -0.478455 0.357016 -0.709589 0.155981
VERTEX_POSE A1360 -0.885034 -0.039665 -0.011545 0.515471 0.429557 0.169601 -0.220833 -0.219776 -0.336845 -0.587203 0.536105 -0.852013 0.289650 0.088272 0.330829 -0.064406 0.706054 0.149656 0.719986 0.397473
VERTEX_POSE A1361 -0.444237 0.552265 0.502898 -0.881722 -0.492511 0.556886 0.083985 0.551505 0.046021 -0.620004 -0.482787 0.248493 0.468726 -0.653228 -0.692369 0.439320 0.082457 0.382931 0.442533 -0.171034
VERTEX_POSE A1362 0.599253 0.760084 0.847717 -0.531510 -0.152954 -0.392162 -0.183959 0.842670 -0.525738 0.359149 -0.244451 0.117342 0.819038 0.091579 0.500566 -0.283094 -0.120641 0.552696 0.293608 0.455203
VERTEX_POSE A1363 -0.406557 -0.837494 0.209289 0.438024 -0.215361 0.395814 0.451826 -0.281954 -0.665699 -0.046388 0.393006 -0.249992 -0.626942 -0.641543 0.486694 -0.498348 0.050310 0.317506 -0.390250 0.593245
VERTEX_POSE A1364 -0.999229 0.757797 -0.578429 -0.938439 0.767083 -0.329027 0.669569 0.628072 0.054186 0.424027 -0.500708 -0.628323 0.270406 -0.428632 0.145125 -0.049194 0.391245 0.687716 0.544370 -0.134234
VERTEX_POSE A1365 -0.205514 -0.412236 0.222992 -0.544199 0.307019 0.601488 -0.335318 0.275570 -0.315361 -0.146656 0.745975 0.656869 0.590565 0.141232 -0.200299 0.525935 0.506560 -0.259157 0.490590 -0.301717
VERTEX_POSE A1366 -0.893412 0.500883 0.176848 0.128758 -0.380002 0.279012 -0.056837 -0.622083 0.607880 -0.436038 -0.321103 -0.198537 0.306480 -0.566045 0.057990 -0.655603 0.275992 0.714041 0.531879 0.336640
VERTEX_POSE A1367 -0.139473 0.193947 0.357483 0.080613 0.733261 -0.446717 0.204748 0.013733 -0.742650 -0.045398 -0.551963 -0.316549 0.673974 0.578745 0.188235 0.267159 -0.120595 0.336570 0.656051 -0.587928
VERTEX_POSE A1368 -0.931302 0.551641 0.069472 0.318202 0.639580 0.823692 -0.153012 0.435357 0.130942 -0.000714 -0.493119 0.363417 0.777401 -0.037609 0.392010 -0.197950 -0.746768 0.136533 -0.577106 0.090664
VERTEX_POSE A1369 0.309731 0.298886 -0.302421 0.818233 0.468140 0.532342 0.631418 -0.410299 0.289916 0.465864 0.439607 0.609360 -0.445492 -0.151932 -0.511093 0.392520 -0.352308 0.004979 0.178178 0.700854
VERTEX_POSE A1370 -0.235126 -0.846822 0.690375 0.168365 0.392944 -0.027546 0.019882 0.538819 -0.228495 -0.644019 -0.562062 0.478592 -0.695915 0.286694 -0.123857 -0.258024 0.511426 -0.838236 -0.184309 0.223627
VERTEX_POSE A1371 -0.842722 -0.060258 0.800457 -0.145689 0.807435 0.660660 0.019265 -0.291846 -0.629277 0.125639 -0.181786 0.115909 0.159356 0.929126 -0.378951 -0.371265 0.101690 0.102473 -0.905876 0.090350
VERTEX_POSE A1372 -0.377165 -0.932908 0.201796 -0.259739 0.912539 0.630475 0.378620 0.253380 0.307127 0.599454 -0.387843 -0.162838 -0.160606 0.298890 0.465363 -0.262987 0.626646 -0.514873 0.634307 0.550778
VERTEX_POSE A1373 0.886130 0.975798 -0.134668 0.822157 -0.193042 0.398145 -0.346179 -0.027712 0.186233 0.481524 0.202362 0.736359 -0.318885 0.376332 -0.059994 -0.554723 -0.610472 0.510856 0.488763 -0.666319
VERTEX_POSE A1374 -0.248251 -0.479184 -0.541660 -0.863886 0.787630 -0.293177 0.653256 -0.244944 -0.139682 -0.281594 -0.284744 -0.533103 0.418470 -0.151344 0.780817 0.470316 -0.274982 0.025737 0.312485 0.872011
VERTEX_POSE A1375 0.152403 0.399205 0.882252 -0.011627 0.301714 -0.634179 0.324700 -0.011281 0.514135 0.770234 0.144069 -0.281202 0.260964 -0.782761 0.066582 -0.450712 0.017626 -0.499975 0.173394 0.605055
VERTEX_POSE A1376 0.872807 0.178085 0.841738 0.408429 -0.038899 0.611139 0.474727 0.451146 0.258731 0.482536 -0.826650 0.704757 -0.522409 -0.025915 -0.249224 0.239063 0.204440 0.027775 0.460142 0.265798
VERTEX_POSE A1377 -0.875960 0.225292 0.968427 -0.664230 0.312449 0.505830 0.616783 -0.285365 0.004926 0.550604 -0.237199 -0.584306 0.314324 -0.200244 -0.305198 -0.267434 -0.815632 -0.556374 0.382222 0.396170
VERTEX_POSE A1378 0.088319 -0.557256 -0.962621 -0.042757 -0.260600 0.084547 0.428655 0.385799 0.423289 -0.162083 -0.425647 0.824990 -0.313343 0.173683 0.260494 0.403738 0.568251 -0.255369 -0.727184 0.562948
VERTEX_POSE A1379 0.712238 -0.305591 -0.699501 -0.422269 0.560537 -0.142687 0.221549 0.293465 0.440356 0.254059 -0.801485 -0.416499 -0.616599 -0.445706 0.360908 -0.701084 0.156293 0.694264 -0.121064 0.220044
VERTEX_POSE A1380 -0.290589 -0.800106 0.621583 -0.623760 -0.452789 0.436314 -0.192687 -0.480075 0.169422 -0.647778 0.022859 -0.060483 0.684626 -0.265590 -0.483652 -0.097945 0.557314 0.737122 0.254851 0.622791
VERTEX_POSE A1381 0.566433 -0.176040 0.644640 -0.679018 -0.795716 0.515941 -0.557564 -0.390678 0.396043 -0.479175 0.670890 -0.261471 -0.329659 -0.168720 -0.658560 -0.592300 -0.085469 -0.273654 -0.004320 0.601254
VERTEX_POSE A1382 0.842529 -0.159153 -0.265396 -0.728007 0.059652 -0.462532 0.268855 0.400173 0.039759 0.262343 0.348796 -0.698218 0.064044 0.267306 0.217217 0.920834 -0.164011 0.499792 -0.082796 0.787306
VERTEX_POSE A1383 0.948749 -0.031147 0.597099 0.589031 -0.506378 0.610484 -0.291466 -0.406077 0.491721 -0.035513 0.440190 0.596926 0.194420 -0.130876 -0.024052 -0.869908 0.366649 0.169175 0.345323 0.699839
VERTEX_POSE A1384 0.922575 0.744603 0.547719 0.717287 0.328909 -0.767377 0.055919 -0.453746 -0.233495 0.413087 0.690639 0.114638 0.338378 -0.515974 0.185305 0.837888 -0.123966 0.555997 -0.098366 -0.188511
VERTEX_POSE A1385 0.326655 -0.116029 -0.626557 -0.577594 -0.229976 0.021948 0.399173 -0.452630 0.267757 -0.328143 0.500206 0.367073 0.726709 0.549985 -0.827255 0.344067 0.217946 0.329743 0.294101 -0.441515
VERTEX_POSE A1386 0.507500 -0.166995 0.691510 -0.245747 0.377003 0.839423 0.168428 0.437705 -0.268102 0.311130 0.214648 0.400029 0.370381 -0.597632 0.248540 -0.764559 -0.370597 0.041168 -0.391277 0.517528
VERTEX_POSE A1387 0.087302 -0.793804 0.124927 -0.629587 0.167689 0.542525 -0.011093 0.816584 0.019920 -0.475671 -0.105917 -0.311417 0.755948 0.233879 -0.534990 -0.449232 0.477310 -0.567517 -0.018633 0.198615
VERTEX_POSE A1388 -0.964903 -0.505096 0.417181 0.481134 -0.974923 -0.543469 -0.534129 0.475323 0.484675 -0.683732 0.195746 0.310019 0.364316 0.811817 -0.488834 0.284482 0.257340 0.366962 0.183195 0.102375
VERTEX_POSE A1389 0.313552 -0.813759 0.629280 -0.587077 -0.702826 -0.423804 0.124501 -0.376039 0.365881 0.838428 0.270937 -0.504733 0.529104 -0.347287 -0.647052 -0.025580 0.566800 0.114409 -0.030559 -0.585933
VERTEX_POSE A1390 -0.845037 -0.938655 0.952577 -0.442130 0.097856 0.344172 -0.188678 -0.283811 0.605350 0.621674 0.492931 0.223792 -0.684100 0.612655 0.436992 -0.330496 -0.136283 -0.523499 0.026499 0.531556
VERTEX_POSE A1391 -0.849936 0.455239 -0.594364 -0.003395 0.454634 0.476251 -0.550512 -0.119044 -0.310594 0.132311 0.685347 -0.536104 -0.093402 -0.666960 0.401974 -0.282614 0.082532 0.477205 0.768658 -0.253929
VERTEX_POSE A1392 0.869315 0.738506 0.132178 -0.468799 -0.195337 -0.774189 -0.353964 -0.376473 -0.156373 0.750091 0.036523 -0.031130 0.013491 0.590488 -0.335580 0.555385 -0.232435 0.512441 0.058651 -0.673967
VERTEX_POSE A1393 0.754216 0.821429 0.800294 0.026359 0.944902 -0.653390 -0.244811 0.452261 0.528949 0.037832 0.837289 -0.233028 -0.296269 0.231531 0.488744 -0.491909 -0.189588 -0.011008 0.780312 0.069688
VERTEX_POSE A1394 -0.256493 0.617745 0.614925 -0.565371 -0.760727 -0.692971 -0.068486 -0.457105 0.309353 -0.657468 0.316296 0.530360 0.498092 -0.215943 0.075382 0.415783 -0.043119 -0.370308 0.376929 0.801575
VERTEX_POSE A1395 0.870086 0.496303 0.553749 -0.407237 -0.428254 0.343364 -0.536733 0.475374 -0.124180 -0.154948 -0.631072 0.371908 -0.369416 -0.605838 0.761437 0.610912 -0.058322 0.385459 -0.422170 0.072981
VERTEX_POSE A1396 -0.451298 -0.590808 0.023286 0.482160 0.251921 0.481603 -0.654361 0.015176 -0.296978 -0.550067 0.384936 0.236786 -0.202928 0.476183 0.395979 -0.223585 -0.687563 0.683371 0.421981 0.390002
VERTEX_POSE A1397 -0.149905 0.118628 -0.208228 0.563387 -0.140729 -0.059607 0.669172 -0.186500 -0.599830 0.045866 -0.640987 0.159693 0.456795 0.438418 0.677750 -0.297354 -0.473455 0.389619 0.503015 -0.371461
VERTEX_POSE A1398 -0.269386 -0.309750 -0.088768 0.673376 -0.694993 -0.541910 -0.751300 0.112530 -0.128480 -0.116620 -0.653210 -0.688248 0.504564 -0.369323 -0.190965 0.409029 0.484220 -0.423879 -0.007681 0.435644
VERTEX_POSE A1399 -0.382599 0.960833 -0.907241 -0.199638 -0.108499 0.376320 -0.232411 -0.607853 -0.093384 -0.233079 0.586728 -0.471883 0.212188 -0.521996 0.607931 0.734873 0.105025 0.507355 -0.553712 -0.052489
VERTEX_POSE A1400 -0.840173 -0.582486 0.489351 0.381620 -0.672588 -0.480190 -0.356759 -0.129935 0.706099 -0.570381 0.303200 -0.125355 -0.221172 -0.448956 0.006225 0.584427 0.497419 -0.505064 -0.396128 0.664981
VERTEX_POSE A1401 0.495488 -0.156572 -0.398394 -0.158259 0.697952 -0.046700 -0.630124 0.395348 -0.324451 -0.347732 -0.659562 0.105512 0.192466 0.542784 0.715907 0.284729 -0.337211 -0.607368 0.603252 0.018755
VERTEX_POSE A1402 -0.225322 -0.099425 0.893216 0.654673 -0.301065 0.915985 -0.172237 -0.231332 -0.300084 0.148748 -0.307756 -0.117321 -0.728736 -0.207943 0.231819 0.370991 0.583050 0.058455 0.528694 -0.684531
VERTEX_POSE A1403 -0.217339 -0.515395 -0.308853 -0.878118 -0.760050 -0.531935 -0.609543 0.107836 0.506942 0.142452 0.649503 0.276124 -0.637797 0.040987 0.614621 -0.387207 -0.378628 -0.077791 -0.226826 0.649213
VERTEX_POSE A1404 0.381617 -0.180773 0.466938 -0.336101 -0.495090 0.421360 0.142018 -0.619321 0.301362 -0.349639 0.597521 -0.331403 0.588917 -0.078772 -0.435978 -0.707223 -0.453685 -0.657063 0.102939 0.217657
VERTEX_POSE A1405 0.526428 0.421390 -0.648444 0.790786 -0.513435 0.614595 -0.339565 -0.305689 0.416617 0.593222 -0.175854 -0.221700 0.077723 0.672758 0.285204 0.631854 0.255966 0.564101 -0.357076 0.597920
VERTEX_POSE A1406 0.935065 0.883810 -0.426601 0.110255 0.541665 0.728581 0.548965 -0.273644 0.599347 -0.500589 0.333593 -0.145837 -0.312101 -0.760751 0.218944 -0.132182 -0.484090 0.201859 -0.577207 -0.027363
VERTEX_POSE A1407 0.254425 0.997312 0.308676 -0.927672 0.466011 0.438176 -0.056967 -0.548404 0.347435 -0.180257 -0.476104 -0.294937 -0.344635 -0.516448 0.732568 -0.316498 0.411624 -0.252282 -0.863318 0.190857
VERTEX_POSE A1408 0.650467 -0.353318 -0.680017 -0.873444 0.799014 0.575150 0.434359 -0.053793 0.121958 0.747257 -0.145860 -0.422695 0.067506 0.165645 -0.689533 0.448612 -0.191914 0.014230 -0.217095 -0.954757
VERTEX_POSE A1409 0.023384 -0.673446 -0.389222 -0.932502 -0.718936 -0.232269 0.228789 0.601814 0.259326 -0.690282 0.406246 0.191265 0.590973 -0.140505 0.911806 0.165714 0.142319 0.104065 -0.307337 -0.657866
VERTEX_POSE A1410 -0.033337 -0.308279 0.609175 -0.349942 0.026548 0.234621 0.081188 -0.879917 0.131361 -0.648509 0.179718 0.442582 -0.364425 0.195722 -0.212490 -0.654739 -0.393586 -0.828653 -0.106562 -0.015184
VERTEX_POSE A1411 -0.640122 -0.153424 0.941567 -0.497204 -0.653775 0.262542 -0.660801 -0.627399 -0.231223 -0.016164 -0.353563 -0.621012 -0.294591 -0.155095 0.316829 -0.623988 0.594486 0.625756 0.294849 -0.322329
VERTEX_POSE A1412 -0.410183 0.150515 -0.744582 -0.611520 -0.514652 0.204976 -0.521806 -0.083559 0.228365 0.609626 0.155212 0.519382 -0.517724 0.186339 0.776278 0.289052 0.078759 -0.182946 -0.066972 0.963329
VERTEX_POSE A1413 -0.190808 0.532568 -0.656221 -0.077948 -0.913800 0.617322 -0.626103 0.459286 0.566957 0.651880 0.074828 -0.260133 0.295244 0.599381 0.456817 0.113507 -0.503612 -0.145338 -0.288087 -0.413007
VERTEX_POSE A1414 -0.691373 0.815429 0.538665 -0.908173 -0.160153 -0.271742 0.363245 0.598845 0.750136 0.306692 -0.037462 0.329414 0.590118 0.107963 -0.493737 0.651302 -0.453583 0.105654 -0.039489 -0.650067
VERTEX_POSE A1415 -0.487608 -0.104882 0.803136 -0.894233 0.814256 0.114161 0.433428 -0.800158 0.419716 -0.217715 -0.042775 -0.508919 -0.484746 0.015607 -0.265648 -0.530472 -0.595152 0.693713 -0.498359 -0.058897
VERTEX_POSE A1416 -0.864153 -0.583461 -0.282778 0.344457 -0.143775 0.486192 0.234842 0.315541 -0.293814 -0.443029 0.490947 -0.441505 0.419681 -0.558249 -0.532336 0.548038 0.578043 0.446074 0.521628 0.116746
VERTEX_POSE A1417 0.816128 -0.351566 0.230176 -0.153919 -0.783151 -0.756844 -0.189590 -0.502178 -0.625533 0.466736 0.531807 -0.156905 -0.607499 -0.106786 0.048483 0.545146 -0.540561 -0.094479 -0.282797 0.401733
VERTEX_POSE A1418 0.599694 0.101314 -0.071937 -0.523820 -0.018055 -0.519058 -0.511916 0.263517 -0.395856 -0.220750 0.283152 0.314468 -0.310885 0.669629 0.269434 0.476223 0.603037 0.634344 -0.604793 -0.195773
VERTEX_POSE A1419 -0.829056 -0.088557 -0.865597 -0.174409 -0.118698 0.098650 0.145000 0.082472 0.235381 -0.540059 0.807684 -0.441529 0.669484 0.571150 0.605624 0.417312 0.117608 0.610848 0.254856 -0.028315
VERTEX_POSE A1420 0.129680 -0.165325 -0.140544 0.259004 -0.485976 -0.116533 0.599684 -0.188150 -0.396286 0.092019 -0.599204 0.286617 0.401199 0.590130 -0.132353 -0.676564 0.182108 -0.854231 0.114941 0.473432
VERTEX_POSE A1421 0.754657 0.162659 -0.119360 0.034050 -0.920198 -0.164254 0.378162 0.069955 -0.641160 0.500376 0.255066 -0.041548 0.530490 -0.206483 0.731400 0.490484 0.411704 0.158942 0.290902 -0.847297
VERTEX_POSE A1422 -0.678992 -0.633319 -0.459961 0.822195 -0.664064 0.041515 -0.276391 0.638801 -0.234752 0.200405 -0.007136 0.568190 0.072580 0.593717 0.613871 0.604052 -0.264714 0.493447 -0.716449 -0.411471
VERTEX_POSE A1423 -0.001005 -0.426820 0.991635 0.790205 0.318687 0.486295 0.133306 0.601676 -0.524841 -0.171354 -0.231341 -0.431428 0.833771 0.287503 0.378216 0.506524 -0.706045 0.398599 0.033560 -0.057538
VERTEX_POSE A1424 0.508873 -0.015913 -0.319066 -0.939591 -0.975296 -0.061274 0.660919 0.120715 0.277166 0.058732 -0.689554 -0.848399 -0.363192 -0.221878 0.281624 -0.520957 0.541153 -0.346888 0.395514 0.409716
VERTEX_POSE A1425 0.064515 0.984427 -0.845037 -0.743175 -0.424790 -0.770902 0.201757 0.366236 -0.228128 -0.631977 0.066543 0.459160 0.427424 0.109713 -0.126374 -0.186368 -0.830741 -0.356187 0.585213 -0.399093
VERTEX_POSE A1426 -0.130919 -0.930516 0.545384 -0.617032 0.890433 -0.573141 -0.204820 -0.371515 0.635321 0.146681 0.233098 -0.304677 0.886701 0.194637 0.020571 0.367145 -0.534550 0.417882 0.124495 -0.695711
VERTEX_POSE A1427 -0.942424 0.393280 0.704221 0.542569 0.276625 0.871251 -0.112790 0.107491 0.065760 0.227640 0.220593 0.251166 -0.623393 0.279004 -0.337891 -0.195811 0.828929 -0.243603 -0.713090 -0.418112
VERTEX_POSE A1428 0.914610 0.103054 -0.053264 0.820212 0.434481 -0.617746 0.394408 0.246533 -0.038403 0.302080 0.691050 0.548311 -0.026523 0.585609 -0.225954 0.469092 -0.112620 -0.514991 -0.729685 0.325655
VERTEX_POSE A1429 0.599695 -0.240267 -0.543385 -0.943656 -0.804559 -0.720612 -0.034218 -0.106456 -0.405573 -0.050907 0.853592 0.355872 0.295568 0.223166 -0.404538 0.649727 -0.353640 -0.161038 -0.697661 -0.291861
VERTEX_POSE A1430 -0.325024 0.354113 0.796980 -0.657069 -0.831875 0.275793 0.396697 -0.441803 0.195418 0.800585 0.431861 0.049300 -0.282346 -0.057780 0.826484 -0.129134 -0.335109 0.447485 -0.324499 0.708992
VERTEX_POSE A1431 -0.925563 0.520568 -0.563913 0.201832 0.761893 0.757739 -0.422283 -0.493440 -0.277599 -0.716661 0.261663 -0.079399 0.407518 -0.382347 -0.570625 -0.315646 -0.651293 -0.129820 0.205842 -0.343043
VERTEX_POSE A1432 0.095183 0.603162 0.058221 -0.101915 0.893392 -0.078210 0.201647 0.008104 0.702112 0.161036 -0.590431 -0.504961 0.369231 -0.702359 -0.297484 -0.807532 -0.375897 0.396787 -0.380745 -0.129301
VERTEX_POSE A1433 0.449655 -0.745312 0.690196 0.997604 -0.132939 -0.638937 -0.200459 0.677309 -0.402515 0.674841 0.078602 0.321714 0.080021 0.480353 0.498837 -0.148591 0.522581 0.278214 0.689871 0.176760
VERTEX_POSE A1434 -0.142902 -0.994827 0.127234 0.323713 -0.998157 0.737775 0.157790 0.647820 0.493791 -0.233944 -0.564802 -0.233647 0.580358 0.144717 0.393267 0.248721 -0.379919 -0.051075 -0.722285 0.309913
VERTEX_POSE A1435 -0.523200 -0.577612 -0.474840 0.561984 -0.601698 0.176072 0.244404 0.048051 -0.743844 0.394911 -0.535488 0.372654 0.110710 -0.445181 -0.027199 0.761673 0.573523 -0.525437 -0.438074 0.428752
VERTEX_POSE A1436 -0.023918 0.676078 -0.958248 0.788390 0.353626 -0.743886 0.080526 0.661792 0.279810 0.159962 0.310218 -0.481102 -0.589997 -0.446345 0.061759 -0.420854 0.059417 -0.364784 0.665366 -0.512876
VERTEX_POSE A1437 -0.207837 0.888984 0.700633 -0.566032 0.543508 -0.765391 0.475640 0.012194 -0.251149 -0.463306 -0.496961 0.507189 0.113868 -0.339717 0.144322 -0.062736 0.772385 -0.270243 -0.736351 0.202222
VERTEX_POSE A1438 0.731225 -0.580300 0.833836 0.634312 0.864313 0.230541 0.485110 -0.241987 0.684649 0.308178 -0.423234 -0.461491 -0.171310 -0.849340 -0.317609 0.620373 0.198171 0.405286 -0.505455 0.040792
VERTEX_POSE A1439 -0.373451 -0.677239 -0.638265 0.914947 0.152640 -0.015816 0.614193 0.346988 0.615650 -0.335946 0.637570 -0.519676 -0.381415 0.560348 0.305371 -0.500581 -0.395826 -0.507356 -0.337416 -0.049357
VERTEX_POSE A1440 0.815547 -0.784462 -0.688589 -0.498534 0.824572 0.059845 -0.240745 -0.487721 0.716255 0.148880 0.580396 0.478257 0.419109 -0.453749 -0.500778 0.654434 0.292993 -0.062367 -0.562086 0.365425
VERTEX_POSE A1441 -0.302112 0.111421 0.443011 -0.715630 -0.109139 0.704546 -0.362447 -0.072324 0.171089 0.886203 0.231714 -0.183055 -0.184666 0.700930 -0.109546 -0.209846 0.593408 -0.654855 -0.071694 -0.312476
VERTEX_POSE A1442 -0.013573 0.169337 -0.696698 -0.582257 0.498865 0.701765 0.266624 -0.569486 -0.517823 0.668509 -0.403723 0.388472 -0.010723 -0.053189 0.283764 0.650983 0.699701 0.089179 -0.241068 0.142419
VERTEX_POSE A1443 -0.594636 0.366053 -0.433171 -0.110054 -0.690080 0.142571 0.810816 -0.313167 -0.373973 -0.181877 0.474742 0.454938 -0.457455 -0.521619 0.477969 0.270382 0.559793 0.635920 -0.164701 0.301815
VERTEX_POSE A1444 0.507080 -0.356011 0.786791 0.206422 -0.022939 -0.004765 0.416540 0.432596 0.562178 -0.141290 -0.363919 0.262786 0.436574 -0.660107 0.518258 -0.616179 0.246490 0.588460 0.486064 0.428865
VERTEX_POSE A1445 0.295054 -0.015234 0.841967 -0.490430 -0.661289 -0.349573 -0.406526 -0.359671 -0.576887 0.333041 0.700858 0.022176 -0.303847 0.270888 0.584331 0.543917 0.041014 0.450628 -0.579354 0.551699
VERTEX_POSE A1446 -0.082245 -0.738829 -0.630035 -0.004287 -0.875824 0.650883 -0.492176 -0.523155 -0.444290 -0.783424 0.150167 0.582194 -0.017447 0.741375 0.173838 -0.258708 0.078572 -0.098931 -0.277085 0.384641
VERTEX_POSE A1447 0.642926 0.060528 -0.495987 -0.449121 0.833286 0.281827 0.149343 0.594376 0.436524 -0.158336 0.358987 0.626850 -0.638253 -0.291656 0.477268 0.641010 -0.548185 0.330599 0.366558 0.363697
VERTEX_POSE A1448 0.111182 0.633200 0.072143 0.355651 -0.444439 -0.321850 -0.661504 0.228135 -0.662590 -0.327546 -0.059699 -0.354787 0.525655 0.571058 0.566046 -0.414343 0.526494 -0.105384 0.084461 0.584027
VERTEX_POSE A1449 -0.482551 0.362485 0.298028 0.471893 0.106122 0.105719 0.063240 0.262968 -0.244329 -0.416270 0.383128 -0.470739 0.573362 -0.505234 -0.163994 -0.700559 -0.644572 0.825007 0.056514 -0.336640
VERTEX_POSE A1450 0.813871 0.971970 -0.361584 0.376470 -0.285412 -0.309058 -0.270108 -0.393749 -0.692038 -0.465366 0.063072 -0.430347 0.451896 -0.590921 0.459860 -0.207356 -0.698120 0.169991 -0.680640 -0.066514
VERTEX_POSE A1451 -0.759139 -0.532126 0.931600 -0.385345 0.069584 0.088643 -0.642316 -0.410757 0.099309 0.095647 -0.533160 -0.363938 -0.610125 -0.151474 -0.831475 0.348970 -0.345701 -0.398094 -0.290257 0.636056
VERTEX_POSE A1452 -0.727894 -0.474856 -0.821331 -0.494057 0.185924 0.445752 0.572330 0.343306 -0.379417 0.414977 -0.387345 -0.622642 0.398038 0.589846 -0.476747 -0.064059 -0.359211 0.205859 0.581115 -0.505127
VERTEX_POSE A1453 -0.865122 -0.661349 0.178454 0.198665 0.050525 0.641468 -0.045265 0.643064 -0.316493 0.680519 0.350146 0.255718 0.223454 -0.648178 -0.576136 -0.549231 0.188198 -0.301708 0.428087 0.091173
VERTEX_POSE A1454 0.239856 0.041055 0.923234 -0.595139 -0.611729 -0.409302 0.664027 0.001863 0.428429 0.472230 -0.616478 0.588302 -0.148846 0.388200 0.253530 0.559413 0.635689 0.488409 0.031141 -0.255249
VERTEX_POSE A1455 0.780979 0.509231 -0.140397 -0.433648 0.210628 -0.724490 -0.602791 0.320536 -0.424863 0.447276 0.111304 -0.524031 0.314004 -0.701759 -0.118479 0.500281 0.553306 0.077205 -0.296155 -0.293693
VERTEX_POSE A1456 0.199393 -0.676922 0.333418 0.455490 0.625734 -0.249844 0.778973 -0.530070 -0.754996 -0.313674 0.107876 0.557888 0.132457 0.245903 0.212909 -0.352836 -0.651769 -0.104833 0.390860 0.471293
VERTEX_POSE A1457 -0.891063 0.110538 0.468618 -0.212171 -0.721295 0.340490 0.404008 0.270202 0.146462 0.736447 -0.610956 -0.216226 0.424981 0.668805 -0.618100 -0.096183 -0.316046 -0.658645 0.323362 0.080856
VERTEX_POSE A1458 0.838555 -0.097489 -0.436176 -0.891079 -0.512747 0.401204 -0.600429 0.603056 0.243277 -0.584197 -0.369230 0.697690 0.180821 -0.401013 -0.470307 -0.312649 0.058888 0.268126 0.409577 0.579408
VERTEX_POSE A1459 0.114003 0.426132 -0.719847 0.275702 0.060215 0.108023 0.206449 -0.035549 -0.501326 -0.247787 0.377815 0.272516 -0.525567 -0.713794 0.708610 -0.391071 0.584861 0.400762 0.683245 -0.066546
VERTEX_POSE A1460 0.708632 0.870272 0.925233 -0.155827 -0.525855 -0.388156 0.691331 0.583708 0.268488 -0.073533 0.509885 0.591152 -0.217662 0.493411 -0.529555 -0.663525 0.394374 -0.383876 -0.170329 -0.017801
VERTEX_POSE A1461 -0.486469 -0.743376 -0.639197 -0.548147 -0.344622 -0.207345 -0.353167 0.402037 -0.529486 0.701578 -0.328705 -0.472198 0.179176 0.642754 -0.668340 -0.543257 -0.255594 0.083686 0.236282 0.501855
VERTEX_POSE A1462 0.188439 -0.053299 -0.283760 -0.522466 -0.177892 0.553831 -0.521183 0.258614 -0.438778 -0.355376 -0.656087 -0.252309 0.636559 0.238948 -0.371797 -0.253221 0.614683 -0.546674 -0.364346 0.260263
VERTEX_POSE A1463 -0.196185 0.473433 -0.016546 0.742258 -0.632462 0.112002 -0.896464 -0.412183 -0.559020 -0.329408 0.597028 -0.308300 0.213155 -0.296465 0.609762 -0.141495 0.598196 0.456173 0.149623 -0.167133
VERTEX_POSE A1464 0.963186 -0.488688 -0.949001 -0.550544 0.522439 -0.439517 0.024033 -0.658026 -0.587582 0.209299 0.337593 0.386155 0.187355 0.461324 -0.201791 -0.928413 0.260398 -0.521284 0.241999 0.415218
VERTEX_POSE A1465 -0.954463 -0.048126 0.843474 0.801247 -0.176048 0.256900 0.392756 -0.556682 -0.414071 -0.040344 0.454894 0.222618 0.084714 0.606325 -0.830448 0.321880 -0.183890 -0.152790 -0.856348 -0.285887
VERTEX_POSE A1466 0.280615 0.895822 0.508614 0.304242 -0.234161 0.114508 -0.513399 -0.245150 0.006840 -0.557110 0.788026 -0.162645 -0.259108 0.082493 0.649075 -0.434752 -0.393256 0.734227 0.412193 0.396814
VERTEX_POSE A1467 -0.060732 -0.812610 -0.907249 -0.762153 -0.123935 0.576653 -0.621581 0.334841 -0.520242 -0.223956 0.697418 -0.294905 -0.534233 -0.629755 -0.523015 -0.315315 0.005123 -0.190543 0.422672 0.069796
VERTEX_POSE A1468 -0.162300 -0.159142 0.544107 -0.764785 -0.632540 0.057590 0.534920 0.591851 -0.352842 0.129188 0.600943 0.622106 -0.605107 0.495760 -0.386831 -0.415645 0.030950 0.579251 0.397813 -0.204558
VERTEX_POSE A1469 0.011840 -0.684478 0.342450 -0.061446 -0.369848 -0.019093 -0.199278 -0.047601 0.636427 -0.027410 -0.331275 -0.010204 0.978551 0.002176 0.577421 0.001615 0.801753 0.510958 0.044411 -0.495154
VERTEX_POSE A1470 0.565817 -0.489849 -0.545514 -0.847207 -0.971295 0.750667 0.287188 0.084223 0.043663 -0.217705 0.466933 0.250432 0.613853 0.336612 -0.141265 -0.233990 0.808314 -0.593229 0.662239 0.090560
VERTEX_POSE A1471 -0.346753 0.056396 0.855517 -0.263319 -0.807968 0.214653 -0.590988 0.204414 -0.687956 -0.420791 0.010930 -0.181550 0.471254 -0.575795 0.648625 -0.231481 -0.391406 -0.164215 -0.444977 -0.688009
VERTEX_POSE A1472 0.709728 0.426943 -0.214539 0.222925 0.521013 -0.683590 0.148224 0.593393 0.085169 0.050047 0.583994 -0.673162 -0.218434 -0.500886 0.089492 0.829385 -0.189997 -0.253563 0.489829 -0.140891
VERTEX_POSE A1473 -0.447756 0.679487 -0.242212 -0.429464 0.527570 -0.394889 -0.213978 -0.476633 0.296754 -0.725277 -0.259832 0.498824 0.471109 0.063237 -0.528186 -0.179770 0.693990 0.477697 -0.417044 0.468708
VERTEX_POSE A1474 0.058611 -0.577551 -0.577654 0.626627 -0.498048 -0.715428 0.439520 0.537178 -0.061225 -0.771783 0.497400 -0.282052 -0.004460 -0.487243 -0.496517 -0.206708 -0.459836 -0.397909 -0.410397 -0.123197
VERTEX_POSE A1475 0.216807 -0.929068 -0.427748 -0.570654 -0.501926 -0.326402 0.031447 -0.572431 0.183997 -0.627929 -0.480425 -0.539326 -0.588811 0.554575 0.626201 0.033904 0.360983 -0.420245 0.506822 0.060435
VERTEX_POSE A1476 0.847298 -0.335747 -0.400245 0.080107 0.866281 -0.249081 -0.662815 -0.072069 -0.202065 0.669787 0.381523 0.797243 0.112524 -0.267286 0.511394 -0.232312 0.528057 -0.003099 0.213143 -0.706371
VERTEX_POSE A1477 0.976366 -0.316381 -0.207689 -0.377659 -0.373872 0.233707 -0.590468 -0.094039 -0.485576 -0.529040 0.668013 -0.522377 0.108047 -0.136496 0.644228 0.039881 0.538155 -0.147276 0.598498 0.486491
VERTEX_POSE A1478 -0.140266 0.131460 0.076265 -0.019775 -0.668641 0.194144 0.022896 -0.679818 -0.662996 0.052946 0.439211 -0.173615 0.105412 -0.109514 -0.494897 0.653017 -0.432049 0.497674 0.747750 0.382468
VERTEX_POSE A1479 -0.041520 -0.702547 0.671899 -0.564242 -0.578158 -0.247052 -0.475719 0.427687 -0.447166 -0.511447 -0.647009 -0.323971 0.699234 -0.271434 0.692746 -0.142735 -0.521859 -0.392624 0.053023 -0.229022
VERTEX_POSE A1480 -0.506185 -0.953896 -0.909660 -0.905766 0.732250 0.795091 -0.582496 -0.146084 -0.068823 0.042260 -0.139910 0.076669 0.196304 -0.689282 0.594629 0.727974 0.330075 0.060262 0.300718 -0.612393
VERTEX_POSE A1481 -0.326396 0.103430 0.714681 -0.643305 0.045948 -0.330998 0.746461 -0.287868 -0.538769 0.351673 0.363037 -0.517246 -0.404425 -0.524938 -0.048463 -0.045489 0.671993 -0.574696 -0.391783 0.241251
VERTEX_POSE A1482 0.199341 -0.234673 0.603498 0.050413 0.491426 0.438059 -0.433818 -0.534880 0.560152 -0.081206 -0.221785 -0.644159 -0.478353 -0.230362 0.021871 -0.731977 0.292499 -0.280917 0.201486 -0.725322
VERTEX_POSE A1483 -0.234079 -0.428752 -0.730992 -0.399823 -0.081826 0.670794 -0.667902 0.075656 0.379790 0.673533 0.005142 -0.432950 -0.274556 -0.563841 -0.313606 -0.116741 0.813543 0.346411 0.106070 -0.120337
VERTEX_POSE A1484 -0.191518 0.442081 -0.106865 0.555360 -0.903528 0.591925 -0.009626 -0.682536 -0.396734 0.221819 -0.086386 0.458699 -0.148942 0.713879 -0.511122 -0.046883 -0.048716 0.143443 0.962456 0.121184
VERTEX_POSE A1485 -0.560803 0.806382 0.526732 0.455273 0.879697 -0.085544 0.331021 0.355549 -0.423989 -0.603720 0.130967 -0.695508 0.549075 0.251363 0.138127 -0.313940 0.852840 -0.556871 -0.354832 -0.256735
VERTEX_POSE A1486 -0.453099 -0.919521 0.128611 0.166530 -0.871199 0.230029 -0.670237 0.620415 -0.250960 0.000838 0.017621 0.711893 -0.259165 -0.252722 -0.613074 -0.576910 -0.113508 -0.038131 0.388316 0.733500
VERTEX_POSE A1487 -0.992125 0.765159 -0.773447 0.010850 0.722206 0.605736 0.299179 -0.466241 -0.457952 0.458220 0.032776 -0.290201 0.339048 0.435906 0.528651 0.505661 0.556673 0.244286 -0.574352 0.530703
VERTEX_POSE A1488 -0.451866 -0.083080 -0.004650 -0.756898 -0.841598 -0.410996 -0.330124 0.353988 -0.422498 -0.530755 -0.691325 0.498164 -0.425142 -0.225123 0.562999 -0.490711 0.224433 -0.295706 -0.433329 0.543794
VERTEX_POSE A1489 -0.614544 -0.017009 0.692435 0.275451 -0.383946 0.253091 0.013973 0.490553 0.324235 -0.700890 -0.503205 -0.651832 0.177421 -0.117204 0.416101 0.680869 -0.567867 -0.482486 -0.116179 -0.412229
VERTEX_POSE A1490 0.121878 0.191292 -0.493294 -0.713448 -0.217578 -0.185548 -0.066943 0.447710 0.855300 -0.197350 0.368925 -0.261602 -0.673738 -0.274953 -0.306528 -0.428407 0.674124 -0.267653 0.564904 0.365250
VERTEX_POSE A1491 -0.743233 -0.212808 -0.079417 0.087275 -0.367453 0.474545 0.296393 0.150355 -0.686621 0.518633 -0.095447 0.128186 -0.468425 -0.695969 0.515643 0.387052 0.101149 0.145049 0.523393 -0.688244
VERTEX_POSE A1492 -0.101013 0.239615 -0.946762 0.727303 0.271432 -0.428019 0.747005 0.359508 0.712104 0.170163 0.449282 0.033090 -0.482887 0.201190 0.355051 0.112043 0.362141 -0.427261 -0.409016 0.705178
VERTEX_POSE A1493 -0.689682 -0.862008 0.222946 -0.235915 0.604530 -0.127786 -0.141962 0.651991 -0.505280 -0.203929 0.300902 0.792388 0.183658 0.426622 -0.230494 0.307384 0.540580 -0.217617 0.900025 -0.100661
VERTEX_POSE A1494 0.060581 -0.739375 0.904037 -0.170467 0.000085 -0.707374 -0.091554 -0.384375 0.270984 0.265599 -0.885157 -0.565408 -0.084990 0.050367 -0.282329 0.876178 0.138378 0.163688 0.382313 0.216950
VERTEX_POSE A1495 -0.137828 0.750926 -0.895763 -0.823240 -0.206130 -0.104160 0.536142 -0.399074 -0.373925 0.267150 -0.266787 0.838301 0.218531 -0.418744 0.382766 -0.088747 0.535545 0.008511 0.765213 0.554445
VERTEX_POSE A1496 -0.644145 0.089866 0.066419 -0.434668 -0.571518 -0.627831 -0.395219 -0.325777 0.222556 -0.717506 0.163325 0.562067 0.195268 0.074888 0.025483 -0.377510 0.695978 0.489621 -0.385154 -0.614167
VERTEX_POSE A1497 -0.658803 -0.843553 0.412650 -0.866225 0.765924 -0.549304 0.269708 0.693006 -0.219884 -0.271233 -0.091143 -0.693713 0.365408 -0.483802 -0.196825 -0.542613 0.429957 0.360469 0.652486 0.304152
VERTEX_POSE A1498 0.801440 0.938316 -0.803012 -0.585393 0.669935 -0.374236 0.581864 -0.659344 0.626064 0.167719 0.064197 -0.550252 -0.568028 0.070104 -0.336884 0.554403 0.745703 0.227427 -0.057325 0.012525
VERTEX_POSE A1499 0.193556 0.930724 -0.389474 -0.199453 -0.204058 0.262788 0.180644 0.183464 0.536717 -0.758452 0.345202 0.342929 -0.175192 -0.716768 0.715390 0.597477 0.109276 -0.116161 0.066695 0.566991
VERTEX_POSE A1500 0.353037 -0.528031 -0.244900 0.072329 -0.603924 0.436186 0.588233 -0.336378 -0.730455 0.413201 0.339584 -0.493494 -0.316956 -0.716493 -0.078998 0.327001 -0.508063 0.162480 -0.525221 0.006487
VERTEX_POSE A1501 0.367257 -0.551533 -0.348526 -0.432600 0.698640 -0.111051 0.387272 -0.522263 0.718845 -0.328505 -0.559279 -0.424006 -0.703869 -0.329276 -0.306098 0.428235 -0.546886 0.444356 0.251572 0.083315
VERTEX_POSE A1502 0.846802 -0.012881 -0.533957 0.537228 -0.012025 0.575132 -0.782424 0.153630 -0.557020 -0.315920 0.735119 0.072604 -0.112882 -0.204898 0.361531 0.110816 0.126264 0.472203 0.512820 0.614876
VERTEX_POSE A1503 0.062764 0.898912 0.540561 -0.704746 0.917089 0.223815 0.117145 -0.089778 0.664417 -0.198744 -0.003922 -0.435004 -0.197892 0.760873 -0.247532 0.840507 -0.143539 0.507895 0.448513 0.626413
VERTEX_POSE A1504 0.919501 -0.872046 0.409262 0.137937 0.226209 0.165545 -0.056271 0.918661 0.346108 -0.550769 -0.348668 -0.913453 -0.184057 0.038440 -0.040189 -0.812139 0.163470 0.129589 -0.006370 0.079328
VERTEX_POSE A1505 -0.094587 0.409568 -0.111610 0.163856 0.489927 -0.042989 0.752692 0.448573 0.672042 0.406374 -0.601906 0.332771 0.113239 0.551256 0.367235 -0.466119 0.208213 -0.548556 0.195513 -0.298757
VERTEX_POSE A1506 -0.720429 0.969844 -0.887187 -0.275400 -0.584838 -0.216144 -0.913674 0.316769 -0.523251 0.042167 -0.520664 0.752044 -0.316766 -0.499678 0.207636 0.247466 0.585993 0.266094 0.042907 0.188414
VERTEX_POSE A1507 0.766799 -0.207793 -0.990983 -0.781957 0.092490 -0.028058 -0.552244 0.267592 0.508376 0.271298 0.084729 0.071571 -0.373108 -0.908356 0.366609 -0.676560 0.293213 -0.775398 -0.156463 0.100657
VERTEX_POSE A1508 -0.118221 -0.906812 0.680701 0.786197 -0.883945 -0.131376 -0.468330 0.140367 -0.231581 0.509944 0.801531 0.903552 0.302895 0.039116 0.254434 -0.422909 0.192091 0.219015 -0.500026 0.547190
VERTEX_POSE A1509 0.139305 0.101304 0.189078 0.704826 -0.253478 -0.200906 0.652123 -0.403067 0.480696 -0.019551 -0.678142 0.017567 -0.020227 0.466349 -0.203610 -0.757417 -0.346283 -0.828736 0.016228 -0.200670
VERTEX_POSE A1510 -0.274721 0.089660 0.680916 -0.346199 0.514332 -0.452435 -0.566990 -0.433956 0.325678 0.221304 -0.869351 -0.070873 0.334403 -0.205946 -0.553463 -0.212601 -0.115385 0.614729 -0.687403 0.013558
VERTEX_POSE A1511 0.375594 -0.860708 0.771040 0.880431 0.848305 0.077417 -0.160998 -0.852223 -0.758499 -0.031697 -0.147306 -0.169726 0.771145 0.177710 -0.544048 0.120464 -0.208319 0.306417 0.603240 -0.420761
VERTEX_POSE A1512 0.812909 -0.795266 -0.096241 -0.938479 0.792469 -0.259342 -0.002427 -0.538982 -0.498138 0.251667 -0.183893 0.280301 -0.168431 0.584689 -0.741269 -0.493521 0.399260 -0.237806 0.815307 0.417627
VERTEX_POSE A1513 0.924620 0.854988 0.284414 0.704214 0.005757 -0.303587 -0.583966 0.415081 -0.400059 0.045027 0.596079 -0.656316 0.205534 -0.544658 0.416025 0.495535 0.291571 -0.379422 0.607583 0.301218
VERTEX_POSE A1514 -0.858484 -0.289460 -0.959951 -0.519391 -0.233521 0.241274 0.798499 -0.377267 0.372522 -0.535741 -0.515787 0.629520 0.186252 0.088601 -0.173677 -0.052703 -0.747320 -0.613640 0.194714 -0.159048
VERTEX_POSE A1515 -0.378608 0.646815 0.796894 0.616881 0.888941 0.405412 0.728882 -0.165739 0.727599 -0.549094 0.200941 -0.405031 -0.301679 -0.541928 0.255722 -0.232448 -0.616643 0.277123 0.148943 -0.508153
VERTEX_POSE A1516 -0.636182 0.661370 -0.188853 0.159487 -0.114546 0.025983 -0.510839 -0.362285 0.543863 -0.422801 0.364981 -0.315466 -0.657503 -0.348513 -0.545607 -0.284975 0.756274 0.553473 -0.216243 0.205247
VERTEX_POSE A1517 -0.311584 -0.208980 0.168660 0.647138 -0.104720 0.730522 0.589718 0.147647 -0.484984 0.599201 -0.097685 -0.032052 0.377042 -0.738756 -0.473686 0.308256 0.452318 -0.075643 -0.236661 -0.467232
VERTEX_POSE A1518 -0.370733 0.411974 -0.976554 -0.372269 0.611148 -0.001991 -0.671968 0.320010 0.471106 -0.310946 -0.715192 -0.043755 0.065842 0.442566 -0.787255 -0.440766 -0.289553 -0.395435 0.503151 -0.326174
VERTEX_POSE A1519 -0.088048 -0.421710 0.806497 0.402589 0.043856 -0.198222 0.181117 0.060383 0.513345 -0.281807 0.792658 0.623445 0.600977 -0.113530 0.305039 0.339554 -0.219726 -0.464168 0.641335 0.553966
VERTEX_POSE A1520 0.073872 0.774010 -0.138905 -0.077411 0.511334 0.316512 0.274814 0.352839 0.456601 0.695386 -0.383841 0.177452 -0.244585 0.536280 -0.752298 0.573273 0.285959 0.306421 0.229025 0.599001
VERTEX_POSE A1521 0.751145 -0.396735 -0.469848 -0.085717 -0.606430 0.537395 -0.440950 0.075549 0.574742 0.505222 0.439494 -0.576519 0.310774 0.226774 -0.060529 -0.500483 -0.233227 -0.211754 -0.450833 0.833856
VERTEX_POSE A1522 0.168719 0.365481 -0.272921 -0.510136 0.676403 0.778479 0.331572 0.338720 0.594278 -0.408393 -0.222101 0.166274 0.333266 -0.493511 0.072553 -0.762747 0.219252 -0.088843 0.174428 0.737777
VERTEX_POSE A1523 0.972859 0.013625 -0.085667 -0.350108 -0.217234 -0.721587 0.273540 -0.524237 -0.149795 -0.250663 -0.483463 -0.489356 0.049419 0.479210 0.352120 0.848102 -0.208361 -0.305641 0.374999 0.467316
VERTEX_POSE A1524 -0.938537 -0.258743 0.753098 0.678368 0.998100 0.559403 0.211323 0.768535 -0.211383 0.659651 -0.058725 0.222143 0.243304 0.050480 -0.628618 -0.356635 0.618050 -0.444834 0.577769 0.146192
VERTEX_POSE A1525 -0.770700 0.626107 -0.368884 0.319397 -0.323513 -0.506525 0.389311 0.400159 0.622656 0.709122 -0.238516 -0.254997 0.474173 0.326533 -0.416060 0.342920 -0.517217 0.342933 0.056117 0.639411
VERTEX_POSE A1526 -0.164969 -0.235449 0.018570 -0.173348 0.576636 0.126532 -0.156285 -0.538399 -0.810120 0.371506 -0.203726 -0.218832 -0.583006 0.613552 -0.364117 -0.689189 -0.437332 0.383701 -0.150602 -0.317676
VERTEX_POSE A1527 -0.582681 0.831123 -0.180483 -0.756300 -0.573418 -0.605638 -0.357279 0.612208 -0.624646 0.570011 -0.255658 0.437055 0.221445 0.133887 -0.219840 -0.362155 -0.726586 -0.060605 0.606008 0.118270
VERTEX_POSE A1528 -0.429503 0.782554 -0.956234 0.453172 -0.557589 0.030846 0.543913 -0.767951 0.369876 0.092236 0.269073 0.595909 -0.361252 -0.457255 -0.677187 -0.440869 -0.333493 0.220342 -0.608919 -0.132479
VERTEX_POSE A1529 -0.363529 -0.297133 0.215558 0.241259 0.246571 -0.604789 -0.506983 0.075897 0.537339 -0.288024 0.484551 -0.017593 -0.506790 -0.644607 -0.038556 0.589695 -0.416789 0.586260 -0.235444 -0.412576
VERTEX_POSE A1530 0.610874 0.761847 0.430043 0.044248 0.222525 0.189347 0.729550 -0.583751 -0.214333 0.468879 0.099662 0.825360 0.082895 0.222617 0.431916 -0.396268 -0.448369 0.224585 0.289844 0.631435
VERTEX_POSE A1531 0.923533 -0.745477 -0.201134 -0.474499 -0.161513 0.261912 0.549226 -0.187231 0.773988 0.007837 0.187538 0.371455 0.437982 -0.107124 -0.247871 0.348418 -0.713578 0.364591 -0.620537 -0.639613
VERTEX_POSE A1532 -0.996272 0.151334 0.867032 0.808659 -0.054789 -0.810432 0.417081 0.230558 0.459374 0.222673 0.457760 -0.064581 -0.615127 0.651710 0.278038 0.228752 -0.309799 0.225166 0.588007 0.465401
VERTEX_POSE A1533 0.457677 -0.251034 0.896086 -0.418524 -0.789501 0.617513 0.402255 -0.319097 -0.652548 0.600229 -0.349155 0.353130 0.086631 0.110227 -0.048137 -0.603457 -0.768839 -0.256596 -0.325960 0.415938
VERTEX_POSE A1534 -0.013703 -0.846565 -0.660573 -0.179245 -0.244424 0.518038 0.176996 0.272599 -0.395396 -0.040726 -0.730946 0.339020 -0.783672 -0.237177 0.495586 -0.203333 -0.196748 -0.463420 -0.558147 0.544467
VERTEX_POSE A1535 0.923229 0.279288 0.276293 -0.053404 -0.828580 0.270506 0.591306 0.037254 -0.383511 0.218851 0.530609 -0.859398 0.214791 -0.363798 0.202605 0.563506 -0.558978 -0.011458 0.488659 0.521787
VERTEX_POSE A1536 -0.636910 -0.841466 -0.215524 0.745332 0.700426 -0.056876 0.056303 -0.821819 0.506628 0.466698 0.403925 0.527728 0.433915 -0.340438 0.663397 -0.741485 -0.063039 0.146632 0.202336 -0.203926
VERTEX_POSE A1537 0.265869 -0.876721 -0.547759 0.545355 0.170738 0.464593 0.455961 -0.519109 -0.278686 0.672540 -0.046930 0.346068 0.197698 0.831301 0.672342 0.149861 0.016354 0.366988 -0.527491 -0.192341
VERTEX_POSE A1538 0.690028 -0.928505 0.285311 0.164639 0.263910 0.331857 -0.660067 -0.454938 0.163570 0.293016 -0.745088 -0.141420 0.093929 -0.404136 0.912696 0.271343 0.218263 -0.100511 0.629289 -0.164044
VERTEX_POSE A1539 0.244869 -0.748278 -0.534823 0.531529 0.816481 0.276432 -0.116886 -0.301117 -0.638338 -0.173994 -0.396637 0.335696 -0.776876 -0.400133 -0.286812 -0.593372 0.709947 0.566707 0.020915 0.296440
VERTEX_POSE A1540 -0.594826 0.224583 0.641319 0.250181 0.917260 -0.562352 -0.030272 -0.351025 0.509402 0.171573 -0.474433 -0.329457 0.782955 -0.350845 -0.034965 0.512981 0.722398 -0.560808 -0.305743 0.082119
VERTEX_POSE A1541 -0.584693 0.161156 -0.033773 0.818439 -0.221759 0.484796 0.515777 -0.658126 -0.135991 0.420604 0.509517 -0.570298 0.184791 -0.333089 0.345131 -0.673346 -0.109101 0.549658 0.263675 0.429432
VERTEX_POSE A1542 -0.379537 -0.608986 -0.763783 0.411960 0.664786 0.663032 -0.546070 -0.380619 -0.606821 -0.123776 -0.648472 -0.054147 -0.418808 -0.267341 0.034243 0.423477 -0.511588 -0.433650 -0.575981 0.318463
VERTEX_POSE A1543 -0.781917 0.429317 -0.454923 0.311702 0.709729 0.167063 0.348968 0.513703 -0.643858 0.232563 -0.552594 -0.138106 0.513050 0.345370 0.296641 0.743876 -0.356619 -0.671169 0.086969 0.429291
VERTEX_POSE A1544 -0.660073 0.016143 -0.749359 0.522653 0.783999 -0.453191 0.469371 0.190758 -0.260737 0.070133 -0.230016 -0.541661 -0.142301 -0.755051 -0.498678 0.368840 0.405212 0.429602 0.786435 -0.420006
VERTEX_POSE A1545 -0.238021 0.101554 -0.723734 0.892569 -0.568736 0.913475 -0.080182 -0.170780 -0.043681 0.747497 -0.580166 -0.359890 -0.023878 0.045109 -0.021371 -0.454343 -0.097774 -0.183512 -0.477307 -0.789080
VERTEX_POSE A1546 -0.160525 0.076131 -0.658029 -0.071417 0.598670 -0.103282 -0.520508 -0.566533 -0.431916 0.157279 0.508532 -0.201251 -0.212595 -0.333963 0.713139 -0.494770 0.402448 -0.503698 -0.643693 0.383328
VERTEX_POSE A1547 -0.296255 -0.322487 0.061788 -0.317860 -0.330547 0.550358 0.273506 -0.119246 0.649989 0.421031 0.109637 0.126675 -0.456743 0.507019 -0.440375 0.552637 -0.298699 -0.254252 0.483637 0.792130
VERTEX_POSE A1548 0.450395 0.892573 0.444926 0.539707 0.326544 -0.278132 -0.439454 0.754305 -0.095443 -0.247441 -0.260460 0.686087 -0.480603 0.231502 0.224643 0.716472 0.535687 -0.626381 -0.036627 0.150438
VERTEX_POSE A1549 0.468742 -0.511895 -0.634583 0.556315 0.209818 -0.173778 0.489827 -0.349689 -0.095797 -0.154675 0.415686 -0.877355 0.316077 0.119258 -0.186016 -0.287886 0.650187 -0.395310 -0.743883 -0.517646
VERTEX_POSE A1550 0.615697 0.255803 -0.131715 -0.915271 0.713309 0.093517 -0.645294 0.690692 0.629463 -0.132246 -0.173061 -0.089227 0.088431 -0.326318 -0.378142 0.529118 0.530627 -0.666392 -0.527561 -0.323953
VERTEX_POSE A1551 -0.475733 0.666584 -0.693980 -0.537704 -0.162122 -0.908870 -0.125511 -0.235434 0.164911 -0.752010 -0.239494 0.005496 0.482476 -0.744725 -0.320113 -0.252495 0.170145 0.210373 -0.349558 -0.551043
VERTEX_POSE A1552 0.219887 0.091370 -0.104431 -0.529402 0.603387 -0.580535 -0.372341 0.145951 -0.121216 -0.333291 -0.021500 -0.161064 -0.608983 -0.604414 0.703679 -0.591353 0.336589 0.356622 0.172396 -0.706844
VERTEX_POSE A1553 -0.215584 -0.378716 0.595364 -0.425407 0.389712 -0.322491 -0.567686 -0.073982 0.454328 0.156361 0.751785 0.665547 0.195063 -0.614307 -0.494882 0.781469 -0.069548 0.041528 0.067386 0.217110
VERTEX_POSE A1554 -0.502874 -0.319792 0.220353 0.112188 0.620643 -0.573922 0.078380 -0.693434 0.403283 0.536198 -0.502056 0.469385 0.373505 -0.077437 0.500201 -0.742071 -0.426856 -0.193529 -0.127173 -0.280867
VERTEX_POSE A1555 0.281351 0.832627 -0.351334 -0.851034 0.601487 0.489100 -0.649379 0.508685 -0.580513 -0.688114 -0.083696 0.579426 -0.244345 -0.734079 -0.132223 -0.029113 -0.105343 0.265646 0.210366 0.429262
VERTEX_POSE A1556 0.013716 -0.752609 -0.773520 0.893990 -0.933801 -0.138477 0.278127 0.440597 -0.083746 0.162388 -0.767169 -0.113891 0.481686 -0.394076 0.823195 -0.346832 -0.173784 0.532155 0.737537 0.178411
VERTEX_POSE A1557 0.332157 0.444759 -0.761077 0.938840 0.197279 0.274459 -0.238937 0.053911 -0.351559 -0.464309 0.802217 0.551249 -0.223108 -0.016181 0.463160 -0.596471 -0.079885 0.531682 0.567249 0.588980
VERTEX_POSE A1558 0.698669 0.663750 0.468183 -0.607334 -0.971930 -0.593296 -0.041262 0.381097 -0.778862 0.081815 -0.362594 0.086075 -0.275742 0.507150 -0.016908 -0.921339 -0.363111 0.183521 0.258272 -0.578135
VERTEX_POSE A1559 0.584212 -0.970056 -0.729754 0.347162 -0.491390 -0.709365 0.266247 0.446396 -0.189864 -0.534023 0.399320 0.490108 -0.392482 0.579617 -0.096521 0.236887 0.443877 -0.459598 -0.658615 -0.329077
VERTEX_POSE A1560 0.968628 -0.852374 0.454480 0.180099 -0.556150 -0.545110 -0.314256 0.695309 -0.605641 -0.444910 -0.653516 -0.012932 0.370713 -0.264756 -0.579332 0.752013 0.031082 0.016164 -0.018600 -0.135645
VERTEX_POSE A1561 0.309543 0.425597 -0.101774 0.436914 0.250594 0.628164 0.051748 0.073224 0.234550 0.811372 -0.485604 0.303709 -0.322317 -0.479108 0.159573 -0.479255 -0.562839 0.657794 -0.073652 0.460972
VERTEX_POSE A1562 0.507746 -0.715533 0.069112 0.872662 0.347098 0.337405 0.175477 0.569753 0.725213 0.325703 -0.106604 0.399093 -0.877119 0.217852 -0.172517 -0.306217 -0.420393 0.413747 0.004384 -0.663195
VERTEX_POSE A1563 0.972357 0.298960 0.321512 -0.011242 0.389061 -0.257986 0.488374 0.412324 -0.009067 -0.620532 0.651950 -0.488990 -0.527531 -0.508479 0.528687 0.100989 -0.371156 -0.644004 0.296553 -0.092964
VERTEX_POSE A1564 -0.232780 -0.825437 -0.205687 -0.981610 0.461094 0.526908 -0.329811 -0.232518 -0.490031 -0.573949 0.367813 -0.382238 0.372757 0.412001 -0.463687 -0.436964 -0.572686 0.348031 -0.481582 0.559407
VERTEX_POSE A1565 -0.505957 -0.562098 0.408540 -0.306583 -0.897326 -0.467513 -0.555190 -0.231114 0.389898 -0.559850 -0.580877 0.011254 0.610198 -0.741731 0.077464 0.041875 0.197654 0.789483 -0.065087 0.141195
VERTEX_POSE A1566 0.895586 -0.421752 -0.402195 0.935354 0.560481 0.452457 0.074676 -0.686633 -0.513755 0.224353 0.102400 0.234408 -0.868093 0.258884 0.585815 0.425289 0.641125 0.364982 0.098148 -0.199968
VERTEX_POSE A1567 0.130310 -0.666903 0.578788 0.763722 0.161519 -0.136395 -0.641974 0.335632 -0.660510 0.225765 0.453181 -0.587889 0.331798 -0.490431 -0.446237 -0.587589 -0.155577 0.019559 -0.285568 -0.645950
VERTEX_POSE A1568 0.759912 -0.438819 0.860780 -0.761228 0.273412 -0.559463 -0.033036 -0.803476 -0.367450 -0.652824 0.269800 0.279857 -0.366735 0.037725 0.408736 0.366141 -0.253581 -0.553712 0.551522 0.464659
VERTEX_POSE A1569 0.585614 -0.350257 0.883116 0.099993 -0.175610 0.638971 -0.302110 0.440783 -0.448301 -0.198368 0.535870 -0.177349 -0.494414 0.433231 -0.496870 -0.464630 -0.369016 -0.335276 0.639573 0.441238
VERTEX_POSE A1570 -0.624821 -0.415181 -0.956035 0.295251 -0.022000 0.229140 0.498188 -0.307590 -0.650323 0.295634 0.644072 0.016976 0.801373 -0.137248 -0.723457 -0.084059 -0.674176 -0.029948 -0.123067 -0.131186
VERTEX_POSE A1571 -0.834914 0.785765 0.502099 0.488953 0.190672 -0.201428 0.221991 0.420874 -0.596839 -0.212276 0.581381 0.486503 0.670721 0.410707 0.240397 -0.296555 -0.225593 0.555638 -0.606504 0.515062
VERTEX_POSE A1572 -0.999079 0.810899 -0.150657 -0.081568 0.602632 0.568422 -0.635724 -0.341804 -0.557642 -0.023280 -0.169345 0.512061 0.222922 0.367482 0.292580 0.606674 0.086384 -0.134621 -0.421385 0.843793
VERTEX_POSE A1573 -0.004358 -0.024167 -0.719818 -0.292789 -0.357214 -0.109293 -0.109093 -0.330023 -0.057137 0.443995 -0.105055 -0.228733 0.621800 0.649345 0.785383 0.488986 -0.298997 0.561824 -0.406478 0.607454
VERTEX_POSE A1574 -0.616831 0.215081 -0.952824 -0.199345 -0.099600 0.089595 -0.395358 0.199870 0.023974 -0.575710 0.021023 -0.359578 -0.512515 0.523404 -0.690084 -0.211639 -0.676228 -0.621197 0.452535 0.477885
VERTEX_POSE A1575 -0.659152 -0.172958 0.099984 -0.558915 0.386630 0.377888 -0.278956 0.440624 -0.129565 0.302699 0.562665 -0.451663 0.558655 -0.323121 -0.234543 0.351150 0.607141 0.762499 0.628613 -0.127404
VERTEX_POSE A1576 0.757621 -0.922613 -0.443552 -0.400220 0.074050 -0.487761 -0.516336 -0.474565 -0.344321 0.596799 -0.241303 -0.608755 0.436405 0.088579 0.516540 0.430440 -0.391566 -0.078333 0.038730 0.745245
VERTEX_POSE A1577 0.222644 -0.708787 -0.610853 0.729238 -0.500930 -0.539024 0.275056 -0.667874 0.352400 0.580718 -0.231852 0.578219 0.442829 -0.043152 0.346368 -0.398979 0.006085 0.361882 -0.481487 -0.705897
VERTEX_POSE A1578 0.044593 0.504555 -0.838227 0.123225 -0.943917 0.570952 0.540830 0.078507 0.094636 -0.633079 -0.104744 -0.394524 -0.232388 0.523558 0.514869 -0.453782 -0.385252 0.494286 -0.216313 0.748554
VERTEX_POSE A1579 0.208016 0.969960 -0.998626 -0.860513 -0.599406 0.768084 0.010920 0.555381 -0.418860 -0.460462 0.703160 0.405985 -0.775790 -0.374999 -0.183771 -0.318930 0.108498 0.189758 0.290325 0.211476
VERTEX_POSE A1580 -0.308615 -0.220682 -0.245436 0.285552 0.708888 0.606951 -0.539947 0.193327 -0.777087 -0.344991 0.222746 -0.081021 -0.343942 0.560030 -0.145042 -0.163737 -0.664248 -0.012029 -0.666583 -0.397680
VERTEX_POSE A1581 -0.339710 -0.239642 0.030058 0.207954 0.769392 -0.171794 0.104383 -0.638080 -0.338560 -0.072929 -0.659683 0.556941 -0.192438 -0.090181 -0.343895 -0.915981 0.129342 0.653771 -0.328225 -0.364431
VERTEX_POSE A1582 0.732283 0.636544 -0.692606 -0.398218 0.238472 0.580006 -0.436569 -0.099867 0.574111 0.127311 0.226371 0.275751 -0.503478 -0.413517 0.351082 0.709576 -0.573200 0.367004 0.190291 0.662743
VERTEX_POSE A1583 0.911273 0.870688 0.650133 0.756150 0.312276 -0.420937 0.476886 0.541394 -0.743204 -0.563197 -0.150558 0.270266 -0.135987 -0.496277 -0.033468 0.549609 -0.389310 0.443054 -0.367188 0.535137
VERTEX_POSE A1584 0.444706 0.381642 -0.374578 0.782547 0.159103 0.461179 -0.310098 -0.702924 0.485914 0.218140 0.025609 -0.657494 0.328906 -0.595499 0.240389 0.839488 0.062008 -0.247218 -0.208170 0.383115
VERTEX_POSE A1585 -0.770591 -0.683248 0.527746 0.713970 -0.140885 -0.300835 -0.658105 -0.344645 -0.258384 0.494813 -0.537646 -0.436620 0.258289 -0.428474 0.428190 -0.398080 -0.582430 -0.684655 -0.311250 0.263330
VERTEX_POSE A1586 0.192623 0.703315 -0.701201 0.905116 -0.086237 0.771657 -0.168749 0.123157 0.564207 -0.034182 -0.458936 0.291631 0.513471 0.482435 -0.026196 -0.534179 -0.339270 -0.021930 0.649119 -0.652965
VERTEX_POSE A1587 -0.541579 0.629033 -0.148098 0.676537 0.225302 -0.469043 0.209962 -0.550352 -0.261645 -0.491368 -0.528412 -0.547627 0.539819 0.369769 0.635906 0.476876 -0.357431 -0.085256 0.442332 -0.391674
VERTEX_POSE A1588 0.561567 0.761511 0.766669 0.652811 -0.943606 -0.109328 -0.046923 0.598903 0.408216 0.422067 -0.578896 -0.235027 -0.756117 -0.364892 -0.873265 0.424500 -0.223346 0.059814 0.260278 0.350949
VERTEX_POSE A1589 -0.108708 0.367065 0.766983 -0.702218 -0.058167 -0.682617 -0.296968 0.127709 0.540144 -0.531319 -0.283504 -0.340368 0.361376 -0.206236 -0.032417 -0.450358 0.747986 -0.354087 -0.544146 -0.548907
VERTEX_POSE A1590 -0.957366 0.658977 0.122148 0.023699 0.733913 0.425199 -0.284922 0.184972 0.234573 -0.284095 0.585035 -0.575669 -0.554354 0.426682 -0.463171 -0.357029 -0.502580 -0.467182 0.635084 0.434598
VERTEX_POSE A1591 0.530195 0.909137 0.221149 -0.167090 -0.499755 0.207875 0.022615 -0.437751 0.050386 -0.479900 0.208432 -0.490057 0.048495 -0.776483 -0.492141 -0.740445 0.052641 -0.686943 0.467519 0.399041
VERTEX_POSE A1592 -0.799164 -0.207338 -0.334791 0.734696 -0.807573 0.797555 -0.066629 0.291646 0.097993 -0.299738 -0.613459 0.128278 -0.660660 -0.391954 0.128769 0.669946 -0.615834 0.566804 0.142893 -0.075703
VERTEX_POSE A1593 0.550379 0.943444 -0.808740 -0.103639 0.081011 -0.412920 0.606862 -0.214585 -0.416737 -0.134288 -0.434302 0.637520 0.249236 0.233018 0.461517 -0.216285 -0.811905 -0.190784 -0.710484 0.227701
VERTEX_POSE A1594 0.502552 0.208097 -0.457339 0.821668 0.889306 0.790573 0.359953 0.205114 -0.180326 -0.579594 0.451677 -0.295402 0.523453 -0.215195 -0.451209 0.510039 0.610937 -0.227212 0.019021 -0.578241
VERTEX_POSE A1595 -0.031944 -0.032775 0.459521 0.753086 0.653521 -0.531106 0.341138 0.404898 0.525060 -0.214674 0.438299 -0.214394 -0.700927 -0.476309 0.286415 0.586804 -0.635395 -0.560571 0.043610 -0.115560
VERTEX_POSE A1596 -0.955578 -0.618654 0.599799 0.589778 0.183685 -0.238464 0.652287 -0.550181 -0.619218 -0.453680 -0.505336 0.329791 0.081810 -0.500524 0.655170 -0.099140 -0.375395 0.147288 -0.593442 -0.224700
VERTEX_POSE A1597 0.398137 0.786345 0.140466 0.757022 0.449786 0.081553 -0.979118 0.153209 -0.474521 -0.139869 -0.184648 -0.134387 0.136482 0.704770 0.864531 0.039213 0.033864 -0.052010 0.039994 0.666771
VERTEX_POSE A1598 -0.901634 0.300323 0.038310 0.516809 -0.184960 0.490933 -0.168828 -0.418335 0.027971 -0.528645 0.707020 -0.017263 -0.563268 -0.532216 -0.493628 0.440063 -0.138246 -0.717102 -0.425565 -0.150841
VERTEX_POSE A1599 0.804334 -0.057473 0.460579 0.828551 -0.542903 0.833713 0.141083 -0.450242 -0.216688 -0.756408 -0.610516 0.441725 -0.451312 0.443812 0.249640 -0.297901 0.146671 0.022961 -0.339875 0.453951
VERTEX_POSE A1600 -0.016249 -0.563912 0.023582 -0.142985 -0.725823 -0.284348 -0.209363 0.381194 0.428131 -0.870335 -0.224279 -0.458863 -0.000625 -0.600342 -0.176669 0.002883 -0.615285 -0.702910 -0.445730 0.255741
VERTEX_POSE A1601 -0.526455 0.885142 0.082275 -0.187940 0.793041 -0.370101 -0.760019 -0.528760 0.473932 -0.214954 0.098591 -0.751898 0.361461 0.082338 0.126424 0.476959 -0.761253 0.238916 0.134245 -0.352715
VERTEX_POSE A1602 0.969420 -0.271708 -0.037322 0.317504 0.647768 -0.294755 0.369531 -0.106148 -0.240991 -0.390117 0.368659 -0.772311 -0.462612 -0.289413 0.504858 -0.643407 -0.421353 0.060801 -0.288572 0.769106
VERTEX_POSE A1603 -0.015328 -0.753013 0.872925 0.775447 0.876808 0.497353 0.563524 -0.380973 -0.223266 -0.138542 -0.405432 -0.335297 -0.397300 -0.661746 -0.720972 0.685638 -0.014600 0.265645 0.187882 -0.502357
VERTEX_POSE A1604 0.469187 -0.139025 0.362457 0.519271 -0.564174 -0.223664 0.414333 0.290237 -0.222104 0.655160 -0.617716 0.409377 -0.113861 -0.645291 -0.850137 -0.392568 -0.253377 -0.101601 0.481683 0.231493
VERTEX_POSE A1605 -0.647411 0.943373 0.009854 -0.881842 -0.451831 0.584466 0.452757 0.273752 -0.189634 0.522384 0.439712 -0.257729 0.346070 -0.746285 0.725567 0.044701 -0.399710 -0.171951 0.632743 -0.122494
VERTEX_POSE A1606 0.325520 0.074029 -0.027091 -0.783468 0.263438 0.524096 -0.427383 0.154137 -0.214530 -0.740102 0.503495 -0.188596 0.033977 0.069460 -0.428390 0.383860 0.688309 0.678390 0.347979 0.494106
VERTEX_POSE A1607 0.226808 -0.061638 0.918905 -0.880949 0.509876 0.636793 -0.628465 -0.032920 -0.578688 -0.599431 0.294313 0.122932 -0.384231 -0.515519 -0.047342 0.217611 -0.663975 -0.492201 -0.225223 -0.453512
VERTEX_POSE A1608 0.575233 -0.765414 0.399002 0.847396 0.047239 0.111585 0.678931 -0.566449 -0.061882 -0.147085 0.085758 -0.098373 0.281708 -0.333188 -0.665765 0.525775 0.527726 -0.728560 -0.402019 -0.531293
VERTEX_POSE A1609 -0.629887 -0.421416 0.134682 0.339757 0.319521 -0.226914 0.490838 -0.079957 0.028483 0.316359 0.579727 -0.660634 0.347087 -0.477006 0.527604 -0.041537 -0.655687 0.482593 0.732667 -0.007956
VERTEX_POSE A1610 -0.565176 -0.091678 0.920279 -0.741462 0.910470 0.806374 -0.332199 0.458136 -0.235323 0.017566 0.410787 -0.210814 0.527319 0.706782 -0.445969 -0.613918 0.109620 -0.225952 -0.484122 0.331373
VERTEX_POSE A1611 -0.733382 0.013904 -0.846434 0.132949 -0.243872 0.231215 -0.385781 0.583323 0.357884 -0.469334 -0.518152 0.511237 0.768947 0.049413 0.276601 0.007047 -0.565730 -0.693244 0.198917 -0.262223
VERTEX_POSE A1612 0.030404 0.338942 -0.835261 -0.452289 0.088913 0.470354 -0.061943 0.727799 -0.475109 0.126198 -0.221671 -0.340651 -0.693783 0.063053 0.651741 -0.107473 -0.642271 0.110586 -0.698106 -0.068435
VERTEX_POSE A1613 -0.832893 -0.455134 -0.772328 -0.139680 0.148942 -0.489382 -0.316838 0.210187 -0.513373 0.661597 0.497350 0.431822 -0.037807 0.344332 -0.545371 -0.235044 -0.505313 0.114253 0.636575 -0.578411
VERTEX_POSE A1614 -0.822109 -0.115409 0.803699 -0.110901 -0.931597 -0.243761 0.882830 -0.351855 -0.406462 0.002647 0.111452 0.605551 -0.087917 -0.388873 0.524284 0.238497 -0.200183 -0.365792 -0.394961 -0.820049
VERTEX_POSE A1615 -0.524890 -0.279417 -0.209839 -0.669742 -0.751983 -0.445161 0.287523 0.027849 0.221140 -0.836944 -0.043986 0.761299 0.393056 0.370537 -0.416279 -0.038002 0.637456 -0.008009 0.246817 -0.673529
VERTEX_POSE A1616 -0.603484 -0.138382 0.755419 -0.425710 -0.991943 0.655030 -0.205573 0.532196 -0.001677 -0.484469 0.014179 0.441912 0.742281 -0.261568 0.517443 -0.410959 -0.701285 0.328480 0.056225 0.395410
VERTEX_POSE A1617 0.370514 -0.412094 -0.897502 -0.205785 -0.017834 0.208453 -0.692558 0.635945 -0.662230 0.043375 0.237808 0.156077 -0.227255 0.096328 0.422791 0.670137 0.589664 -0.561148 0.133243 0.426661
VERTEX_POSE A1618 -0.066469 -0.650384 0.642063 -0.993204 0.473319 -0.721468 0.277654 0.225047 0.157635 -0.442897 -0.381013 0.364739 0.542298 -0.520808 0.380032 0.564436 0.439509 -0.420923 0.337751 -0.582902
VERTEX_POSE A1619 0.958083 -0.376871 0.522088 -0.772899 -0.935548 -0.666773 -0.481104 0.042790 -0.440684 0.196535 0.724794 0.577368 -0.404590 0.455874 -0.082341 0.656242 -0.176058 -0.145181 -0.368194 -0.483761
VERTEX_POSE A1620 -0.738193 0.954971 0.869481 0.091997 0.923999 0.457566 -0.302126 0.508330 0.805712 0.376568 0.074438 -0.228423 0.418357 0.586690 0.258856 -0.568053 -0.293808 0.149259 0.518854 -0.552749
VERTEX_POSE A1621 -0.023835 -0.991407 -0.235790 0.030494 0.207232 -0.048995 0.943855 -0.233652 0.615458 -0.016193 0.442064 -0.508195 -0.059849 0.224414 -0.565028 0.068423 0.532051 -0.203207 -0.317195 -0.645404
VERTEX_POSE A1622 0.488278 -0.467733 -0.256763 0.060011 -0.435303 -0.248155 0.422687 -0.538895 0.630219 0.464228 -0.201260 0.145780 0.634898 0.612507 -0.615714 0.450186 -0.159636 0.375350 -0.008107 -0.518110
VERTEX_POSE A1623 -0.537358 -0.252366 -0.465310 -0.173307 -0.883574 -0.402349 0.569996 0.158618 -0.140049 0.449419 -0.359976 -0.705547 -0.006855 -0.403996 0.049094 0.506423 0.628180 -0.564177 -0.465421 0.536130
VERTEX_POSE A1624 -0.473456 0.952037 -0.044530 0.926856 -0.711757 0.514228 -0.524613 -0.664505 -0.397436 -0.718632 0.157505 0.637376 0.115485 0.345292 0.253817 0.171758 -0.094582 -0.327020 0.406831 -0.636752
VERTEX_POSE A1625 -0.009170 0.740364 0.285898 -0.118320 -0.545998 -0.125912 0.144905 0.517558 0.469819 0.345745 0.240466 0.746479 -0.335184 -0.386350 0.437043 0.450524 0.375868 0.123203 -0.737661 0.619489
VERTEX_POSE A1626 0.430699 0.714859 0.994211 -0.420221 0.769947 0.717085 0.032749 -0.003919 -0.169751 -0.325582 -0.794570 0.329701 -0.040840 -0.528414 0.531644 0.307321 -0.061707 -0.256175 0.892642 -0.292598
VERTEX_POSE A1627 -0.429034 -0.666617 -0.444731 0.516634 0.471928 0.007984 -0.653082 0.639110 -0.587045 -0.032591 0.394351 -0.575297 0.531926 0.221275 -0.289230 -0.400500 -0.283673 -0.490605 -0.359272 -0.553708
VERTEX_POSE A1628 -0.611033 0.526709 -0.573636 -0.361298 0.903789 -0.430605 -0.741064 0.255331 0.666424 -0.528028 -0.276416 0.286798 0.212076 -0.350169 -0.387425 0.281756 -0.224308 0.371628 0.218284 0.827930
VERTEX_POSE A1629 0.529065 0.015181 0.032521 -0.903412 -0.415012 -0.615301 -0.355810 0.689990 -0.427583 -0.355130 -0.451427 0.226717 0.393840 0.460378 0.486866 -0.445712 0.320382 -0.387477 0.627306 0.074402
VERTEX_POSE A1630 -0.624699 0.275910 -0.984152 0.345184 0.929024 0.267133 0.351098 -0.188799 0.802756 -0.216091 -0.489138 0.264498 0.854233 0.253588 -0.415723 0.293360 -0.716391 -0.203560 0.119415 -0.384157
VERTEX_POSE A1631 0.372718 0.962798 0.449945 0.495717 -0.822035 -0.575250 -0.181278 -0.207091 -0.268144 -0.606497 0.702483 -0.217822 -0.283534 -0.592755 0.226791 0.405007 0.284904 0.705908 -0.595716 -0.176357
VERTEX_POSE A1632 -0.997391 -0.099677 -0.885204 -0.091352 -0.621972 0.490409 0.472520 -0.554029 0.583180 -0.517073 0.381174 -0.473485 0.240803 0.420276 0.098526 -0.421432 -0.103332 0.430703 0.523230 0.600374
VERTEX_POSE A1633 -0.655279 -0.995798 -0.021474 -0.337312 0.576793 -0.429548 -0.435985 -0.511976 -0.368185 -0.048828 0.208850 0.362228 0.663689 -0.285481 -0.511307 0.466900 -0.528169 0.535988 -0.386076 -0.577754
VERTEX_POSE A1634 -0.642610 -0.790215 0.322870 0.271164 -0.945227 0.288234 0.903900 -0.262843 -0.123089 0.219169 0.374919 -0.550272 0.295158 0.635881 0.624089 -0.191453 0.420760 0.457694 0.105623 0.457127
VERTEX_POSE A1635 0.471796 0.761298 0.477253 -0.572081 -0.186146 0.119055 0.060891 -0.739312 -0.918824 -0.028896 -0.301974 0.209615 0.514914 -0.086008 -0.090793 -0.561272 0.381603 -0.299011 0.644433 0.457396
VERTEX_POSE A1636 -0.302690 0.947575 0.988381 -0.219154 -0.875038 0.640825 -0.265831 -0.416811 0.155553 -0.536635 0.515697 -0.021627 0.088286 0.698395 -0.406103 -0.789337 -0.160236 0.632265 -0.102514 0.216549
VERTEX_POSE A1637 0.682910 0.283814 -0.704221 0.487695 0.318212 -0.163805 0.773874 -0.069132 0.506829 -0.329109 -0.194184 0.811637 0.414078 0.274761 0.181767 -0.329989 0.059347 0.156516 0.111596 -0.937282
VERTEX_POSE A1638 -0.301396 -0.300340 0.396158 -0.453030 -0.676269 0.751926 -0.180360 0.592769 -0.098357 -0.687272 0.180070 -0.156062 -0.645563 -0.232363 0.631749 -0.034937 -0.722781 0.038366 -0.277770 -0.199487
VERTEX_POSE A1639 -0.727458 -0.817839 0.387382 -0.371757 0.172201 0.318853 -0.378137 0.309808 -0.209169 -0.733141 -0.631001 0.549731 0.431533 -0.640902 -0.718392 0.341866 -0.091074 -0.190502 0.128152 -0.294630
VERTEX_POSE A1640 -0.946976 0.862398 0.430461 -0.172548 -0.362267 0.302854 -0.552686 -0.162006 -0.507585 -0.555460 0.169461 -0.222764 -0.099289 0.835783 -0.716795 0.386782 -0.278981 0.295327 0.475966 0.410700
VERTEX_POSE A1641 0.133428 0.607982 0.316437 -0.194492 -0.765799 0.459603 -0.433686 0.134784 -0.033484 -0.342064 -0.000460 -0.319418 0.597952 -0.306571 -0.410223 -0.537469 -0.705456 0.719259 0.220204 -0.624644
VERTEX_POSE A1642 -0.460839 0.196065 0.540948 0.761192 0.928329 -0.659375 -0.505035 -0.196964 -0.281684 -0.287240 0.158527 -0.039939 0.394370 0.568490 0.695735 -0.581377 -0.072630 -0.015371 -0.410981 0.779499
VERTEX_POSE A1643 0.083427 0.201339 0.595201 0.375163 0.726646 -0.309842 -0.450312 0.060286 -0.691460 0.222692 -0.470485 -0.568303 0.403423 0.525877 -0.238303 -0.622999 0.490402 -0.214763 -0.443564 -0.507907
VERTEX_POSE A1644 0.300535 -0.847152 0.544110 0.665827 0.383143 -0.758154 0.479501 -0.172094 0.197719 0.423973 0.429400 0.447811 0.198365 0.269552 0.189907 -0.339197 -0.634342 -0.386665 -0.660244 0.557630
VERTEX_POSE A1645 -0.282949 -0.919344 0.344647 -0.349709 0.996732 0.252433 0.024306 0.901512 0.037573 -0.728952 -0.133282 0.516736 -0.389497 -0.206378 -0.540086 0.189386 -0.151518 -0.613317 -0.529588 0.322433
VERTEX_POSE A1646 0.558537 0.921923 -0.614638 0.705421 0.974663 0.113606 -0.364262 -0.622921 -0.677026 0.622706 -0.064638 -0.312738 -0.436047 0.376025 0.615362 0.395128 0.431598 -0.228592 -0.365087 0.529264
VERTEX_POSE A1647 0.697051 0.014466 0.299528 -0.759882 0.391201 -0.444702 0.353865 -0.625130 0.477527 0.285656 0.305043 0.322547 0.816970 -0.096534 -0.186573 0.119986 0.563040 0.659819 -0.333682 -0.435693
VERTEX_POSE A1648 -0.912434 -0.331438 0.447145 0.444506 -0.021102 0.496971 0.334364 0.248166 -0.374420 -0.736926 0.097402 0.325112 -0.111672 0.030346 0.351188 -0.203279 -0.896656 0.619515 -0.539766 0.352157
VERTEX_POSE A1649 -0.507932 -0.728461 -0.972575 0.712217 0.447982 -0.250323 -0.656800 0.513472 0.634004 -0.238090 0.332185 -0.429176 -0.552510 -0.290725 -0.590241 0.436069 0.405503 -0.052927 -0.128465 -0.614041
VERTEX_POSE A1650 0.655134 0.637595 -0.178384 -0.532781 0.455652 -0.471610 -0.026759 0.543944 0.824038 0.142843 0.519151 -0.228076 0.566690 0.185554 0.046773 0.790615 -0.331552 0.210568 -0.180746 -0.538749
VERTEX_POSE A1651 -0.650628 -0.376466 0.316625 -0.463497 -0.097103 0.327704 -0.055660 -0.513649 -0.050444 -0.589803 -0.648519 -0.741796 -0.488101 0.199695 0.457637 -0.508372 0.504112 0.361072 -0.390319 0.146906
VERTEX_POSE A1652 0.468233 -0.719868 -0.208365 -0.257289 -0.344785 -0.354051 0.427842 0.022236 0.892661 0.281756 0.114181 -0.162864 -0.285171 -0.133085 0.119753 -0.755975 0.443667 0.192192 -0.291108 -0.878588
VERTEX_POSE A1653 0.143413 -0.830138 0.564853 0.527230 -0.979651 0.444496 0.775936 0.253842 0.073627 -0.031262 -0.545227 -0.467674 0.235753 -0.522140 0.754838 -0.242893 -0.466761 -0.092209 0.531385 -0.384443
VERTEX_POSE A1654 -0.187985 0.371167 0.851315 0.363196 0.019324 -0.889486 -0.169672 -0.399214 0.246169 -0.531632 -0.536620 -0.262831 -0.298566 0.548282 0.055829 0.607253 -0.463796 0.275715 -0.480293 -0.192217
VERTEX_POSE A1655 0.994777 -0.767832 0.747105 -0.330433 -0.056543 0.195301 0.428713 -0.458843 0.007815 -0.336253 -0.785210 0.529256 0.486669 -0.211682 0.746820 -0.603818 0.119122 -0.352057 -0.318898 -0.337503
VERTEX_POSE A1656 -0.865758 0.910226 -0.149249 -0.591090 -0.525649 0.196822 0.148411 -0.134061 0.489041 -0.214091 0.806964 -0.070591 -0.787634 -0.327961 -0.366525 -0.513075 0.288600 0.763398 -0.220286 -0.374149
VERTEX_POSE A1657 -0.757287 0.086026 0.845526 0.942975 -0.210729 0.571988 0.548193 -0.283488 -0.326118 -0.022440 0.088905 -0.500555 0.766614 -0.195906 0.331916 -0.187602 -0.644454 0.453601 0.275843 0.676780
VERTEX_POSE A1658 -0.434257 -0.434449 -0.697626 -0.813799 -0.584615 -0.685370 0.486333 -0.120167 0.571742 0.527830 0.493644 -0.002086 0.617261 -0.088404 0.108602 -0.287186 0.079349 0.437700 0.146248 -0.853091
VERTEX_POSE A1659 -0.476790 0.436935 0.277115 0.047612 -0.621860 0.311050 0.579973 0.460877 -0.156277 0.427973 -0.782713 -0.754809 0.456862 0.171046 0.438051 0.134465 -0.373452 0.342344 0.503653 0.078935
VERTEX_POSE A1660 0.771778 -0.898793 -0.121953 -0.960437 0.374258 -0.260704 -0.588781 0.045473 -0.552134 0.316815 0.330223 -0.172021 -0.567788 0.590271 0.060792 -0.476253 -0.595767 0.770646 -0.061368 0.430729
VERTEX_POSE A1661 -0.058957 0.841461 -0.681778 0.531385 -0.655591 -0.084046 0.600263 0.645330 -0.368908 -0.549172 0.256235 -0.315395 0.183939 0.383282 0.603198 0.314918 -0.163234 0.627313 -0.452867 0.586808
VERTEX_POSE A1662 0.895928 0.399733 -0.272940 -0.456672 -0.443895 0.242693 0.424022 0.530924 -0.340651 -0.391197 -0.397456 0.378325 0.547902 -0.502587 0.623892 -0.222045 -0.426333 -0.541004 0.563622 -0.354677
VERTEX_POSE A1663 0.774387 0.001530 -0.007157 -0.051789 0.752286 0.672512 0.026075 0.092644 0.395327 0.452366 0.538471 -0.385657 -0.399668 0.782622 0.492331 -0.697880 0.064758 0.017980 -0.384597 -0.291163
VERTEX_POSE A1664 0.285764 0.845663 0.296748 -0.805927 0.921202 0.279492 0.230620 0.657486 -0.798758 0.122072 0.496275 -0.293390 0.233115 -0.538997 0.419409 0.517358 0.073650 -0.147946 0.780968 -0.159629
VERTEX_POSE A1665 -0.746682 0.609517 -0.950070 0.814492 -0.389122 -0.707935 -0.481744 0.464165 -0.350044 0.525903 -0.045124 -0.307709 -0.402755 -0.599964 -0.303533 0.484281 0.356862 0.435294 -0.307586 0.543330
VERTEX_POSE A1666 0.246183 -0.237172 -0.529904 0.376130 -0.433859 -0.587372 -0.621997 -0.126636 -0.383000 0.017650 -0.585871 0.517324 0.031618 -0.706948 0.322090 -0.376191 0.353406 -0.370053 0.685776 0.126680
VERTEX_POSE A1667 0.983074 0.793238 0.285129 -0.025080 -0.953836 0.119400 0.445240 -0.346183 -0.675662 0.537199 0.026280 0.522827 0.385097 -0.541034 -0.200616 0.433364 0.062561 0.464360 0.420802 0.763436
VERTEX_POSE A1668 0.936228 -0.106669 -0.654291 0.302187 0.929090 0.402963 0.611184 0.578539 -0.133601 0.694468 -0.262334 -0.897614 0.178208 0.237414 -0.117498 -0.098442 0.536789 -0.015936 0.320499 -0.501962
VERTEX_POSE A1669 0.944788 0.462488 0.866255 0.923100 -0.110128 -0.596494 -0.575494 0.446705 -0.342258 0.012808 -0.554471 0.486120 0.177333 0.340384 0.511444 -0.708177 0.031214 0.170783 -0.368349 -0.613336
VERTEX_POSE A1670 -0.744384 0.975399 -0.327489 0.603162 0.218365 -0.626057 0.440006 0.209717 0.034672 0.288945 0.454014 0.128628 0.275095 0.660525 0.732782 0.061142 0.205879 -0.230948 -0.802178 0.520779
VERTEX_POSE A1671 0.989252 -0.244271 0.776171 -0.870361 -0.433177 0.000583 -0.551824 0.240085 0.105635 -0.455733 -0.833463 -0.497931 -0.494986 0.378774 -0.725247 0.428507 -0.253319 0.463598 0.243246 0.200147
VERTEX_POSE A1672 0.078215 0.070469 0.182692 -0.271393 0.124073 0.096472 0.403413 -0.245752 -0.473336 -0.410473 -0.773595 -0.369697 0.681886 -0.079294 -0.685265 -0.248006 0.575862 0.400478 -0.377219 0.057034
VERTEX_POSE A1673 -0.205223 0.171464 -0.786541 0.364354 0.146693 -0.728003 0.392610 0.389157 0.445718 -0.256780 0.575064 -0.477798 -0.542071 0.011496 -0.149235 -0.594000 0.375365 0.144172 0.365027 0.613862
VERTEX_POSE A1674 0.072680 0.957068 0.371371 0.504802 -0.706531 0.432313 -0.230412 0.267661 0.026376 -0.701714 -0.640831 -0.366700 0.482408 -0.230803 -0.777603 -0.438866 0.422149 0.270694 -0.170843 0.534989
VERTEX_POSE A1675 -0.621250 0.223317 -0.273199 -0.605565 -0.492784 0.734871 -0.235032 -0.531109 -0.047205 -0.146043 -0.540302 -0.007474 -0.553725 0.263017 0.153888 -0.674155 0.367581 -0.658786 -0.402908 -0.470854
VERTEX_POSE A1676 0.511828 0.252120 0.558106 -0.985355 0.143425 0.158193 0.005142 -0.323842 0.459547 -0.070121 0.450786 0.434498 0.689983 -0.505032 -0.421425 0.718340 0.498506 -0.630399 -0.054474 -0.433996
VERTEX_POSE A1677 -0.368783 0.878990 0.756733 0.210224 -0.731867 0.531858 -0.739115 -0.400263 0.638368 0.073844 0.735701 0.366321 0.360544 -0.358344 -0.357579 -0.311162 0.108220 -0.218083 -0.470577 0.398009
VERTEX_POSE A1678 -0.924198 -0.762217 -0.973670 -0.365447 0.898417 -0.328180 0.286161 -0.398850 -0.127702 -0.563628 0.308783 0.595202 0.585676 0.391043 0.277152 0.038853 -0.749801 -0.667017 0.505875 0.174513
VERTEX_POSE A1679 0.599394 0.920682 0.005250 0.459151 -0.877677 -0.425640 -0.886476 0.039702 0.574730 -0.416361 -0.043988 0.251745 -0.110319 -0.499977 -0.390440 0.096104 -0.814805 -0.522205 0.139275 0.287409
VERTEX_POSE A1680 0.123285 -0.849471 0.784158 -0.077559 0.716115 0.641978 -0.382344 0.183631 0.612354 0.681955 0.080793 -0.211111 0.485271 -0.536560 -0.390902 0.054781 0.514640 -0.124554 0.387635 0.637966
VERTEX_POSE A1681 0.730936 0.875377 -0.152054 0.101772 0.354069 0.679968 0.443641 0.026310 0.471135 -0.446380 -0.598256 -0.066048 -0.528017 -0.268049 -0.006231 -0.520835 0.607191 0.557919 -0.232070 0.448182
VERTEX_POSE A1682 0.948766 -0.455785 -0.678124 0.995654 0.025220 -0.468199 -0.798811 -0.348374 0.430320 -0.364985 0.215076 0.678219 -0.339871 -0.268865 0.293658 0.231173 -0.670971 0.222257 -0.244406 0.556675
VERTEX_POSE A1683 -0.408483 -0.569339 -0.424208 0.665152 -0.628670 0.464869 -0.079924 -0.831181 0.586372 0.343781 0.429220 -0.359570 0.290311 0.043875 -0.248323 -0.742509 0.080183 -0.499109 0.489720 -0.341399
VERTEX_POSE A1684 -0.125651 -0.954761 -0.587201 -0.370998 0.374418 -0.234676 0.702398 -0.517711 0.412800 -0.401149 -0.556768 0.471699 0.477849 -0.158035 -0.450131 -0.333930 -0.610581 -0.591105 0.076607 0.155567
VERTEX_POSE A1685 -0.239219 0.915382 -0.826810 0.358850 -0.955456 0.194547 0.541258 0.644652 -0.497642 0.537186 -0.197505 -0.551641 -0.471833 0.033928 -0.470264 0.394447 -0.216246 -0.434796 -0.200641 0.705339
VERTEX_POSE A1686 -0.413706 -0.337171 -0.677103 -0.665281 0.314787 0.358303 -0.398489 -0.491796 -0.281127 0.153251 -0.820731 0.372786 -0.510864 -0.147781 0.596909 0.736976 -0.168355 -0.545268 0.116642 -0.185350
VERTEX_POSE A1687 0.008591 0.955465 0.263550 0.037912 0.848770 -0.591407 -0.569532 -0.365718 -0.577385 -0.033617 0.252744 -0.426001 0.490178 -0.380145 -0.130376 -0.347267 0.699858 -0.344078 0.560030 0.409950
VERTEX_POSE A1688 0.003494 0.001408 -0.981284 0.301825 -0.166185 -0.117936 -0.257043 -0.707675 0.695014 0.609882 0.001412 -0.052438 0.433690 -0.672658 -0.440081 0.412825 0.210570 -0.553738 0.451067 0.048844
VERTEX_POSE A1689 0.152037 0.228380 -0.374730 -0.479080 0.730172 -0.129697 -0.171558 -0.528705 0.263396 0.024501 -0.584780 0.806274 0.384881 0.249024 -0.383582 0.080005 0.510697 0.341451 -0.903014 0.235964
VERTEX_POSE A1690 0.531801 0.392400 -0.459335 -0.914477 -0.773090 -0.466351 -0.123605 -0.147638 0.512184 -0.272094 0.703167 -0.660865 -0.382549 0.400783 0.249756 -0.189043 -0.499247 0.145129 -0.853584 -0.271817
VERTEX_POSE A1691 -0.224729 0.102615 -0.103237 0.341388 -0.791927 0.051253 -0.619134 0.747400 -0.741642 -0.365646 -0.378998 -0.512065 0.171103 0.284113 0.024234 0.552956 0.208552 -0.429584 0.384629 0.416582
VERTEX_POSE A1692 -0.906919 0.069841 -0.056508 -0.947695 -0.925419 -0.438664 -0.414530 -0.677272 -0.132496 0.785135 -0.043426 0.089221 0.294396 -0.607100 -0.600995 0.324617 -0.031121 0.648740 0.140295 -0.412163
VERTEX_POSE A1693 0.427729 -0.207867 0.267725 -0.371148 -0.216985 0.550638 -0.708474 -0.201610 0.475225 0.355164 -0.503765 0.197823 0.501315 0.287083 -0.522255 -0.325780 0.039868 0.398842 -0.120304 0.788396
VERTEX_POSE A1694 -0.450342 -0.895854 0.889606 -0.710401 0.960360 0.413332 0.494075 -0.640125 0.518156 0.196956 0.118406 -0.122387 0.738956 0.626115 -0.185491 -0.209962 0.100087 -0.715043 0.356312 -0.417352
VERTEX_POSE A1695 0.378845 -0.084496 -0.759760 -0.753622 0.995783 -0.245944 -0.541943 0.479959 0.583227 0.091112 -0.277310 0.407737 -0.796656 -0.113087 0.335656 -0.011650 -0.314582 0.566077 0.251396 0.762226
VERTEX_POSE A1696 0.681047 -0.598350 0.317655 -0.556656 0.393893 0.641133 0.338208 -0.634551 0.014551 0.450912 0.390540 -0.673694 0.528654 -0.264460 -0.351062 -0.192370 -0.603577 0.107833 0.604824 0.102854
VERTEX_POSE A1697 0.795842 -0.133026 -0.640298 0.665729 -0.473500 -0.511613 0.146845 -0.791018 0.109645 0.483948 -0.277190 0.309476 0.524273 0.101498 0.501636 0.401583 -0.197663 0.615480 -0.555067 -0.498081
VERTEX_POSE A1698 0.361918 -0.291258 0.525370 0.221298 -0.958053 -0.430287 -0.698929 0.312798 -0.580021 0.337532 -0.630435 0.664914 -0.192170 -0.347496 0.064917 -0.512512 -0.582615 -0.179175 -0.313006 -0.210987
VERTEX_POSE A1699 0.617275 0.294981 0.663364 0.745531 0.322983 0.322000 -0.140753 -0.735642 0.114809 0.375775 0.555106 0.613323 -0.682878 0.373074 -0.502630 -0.309891 0.003185 0.504313 0.525953 -0.107212
VERTEX_POSE A1700 0.740629 -0.670539 -0.774043 0.588829 0.416372 0.517879 0.447842 0.052794 0.192104 0.299229 -0.498680 -0.340739 -0.521540 -0.452743 -0.602655 0.335760 0.534022 0.464328 -0.570228 0.508306
VERTEX_POSE A1701 0.617534 -0.315859 -0.802119 -0.175540 0.260311 -0.551553 -0.225753 0.188229 0.120783 0.853945 0.218911 0.490799 -0.076584 0.676783 -0.181634 -0.270907 0.641633 -0.638221 0.374910 0.216610
VERTEX_POSE A1702 0.606527 -0.949290 0.439535 0.875170 0.889806 -0.548662 0.203156 -0.409241 0.296004 0.699918 -0.168469 -0.028185 0.665387 0.418579 -0.660809 0.014949 0.584623 0.417000 -0.160867 0.535862
VERTEX_POSE A1703 -0.181155 0.399930 0.408649 -0.682564 -0.459555 -0.363047 -0.468224 -0.554146 -0.628061 0.712569 -0.183923 0.349626 0.017023 0.089203 -0.171153 0.107799 0.699731 -0.567630 -0.510980 0.401886
VERTEX_POSE A1704 -0.587689 0.855605 -0.588660 -0.811185 -0.592995 -0.321656 0.447151 0.706811 -0.149786 0.060372 0.391122 0.093688 0.483280 -0.005686 -0.604476 0.488269 -0.582111 -0.707059 -0.569600 0.092502
VERTEX_POSE A1705 -0.320793 -0.992223 -0.189094 0.379972 -0.816725 -0.071923 -0.558007 -0.656129 0.822799 0.105483 -0.250209 -0.452982 0.085074 0.138424 0.290868 0.158459 0.457290 -0.167425 0.803215 -0.527841
VERTEX_POSE A1706 0.197595 -0.376753 -0.864550 -0.288129 0.047661 -0.039018 -0.483379 0.437567 -0.564710 -0.441708 -0.621400 -0.549793 0.720550 0.102233 0.596830 0.224328 -0.546928 -0.145268 0.041504 -0.335879
VERTEX_POSE A1707 0.924139 0.107724 0.969446 -0.796540 0.550430 -0.007497 -0.584937 0.414856 0.320405 0.320888 -0.554238 0.505454 -0.216101 -0.313287 0.442909 0.595411 0.645127 -0.667557 0.392002 -0.079859
VERTEX_POSE A1708 0.310423 0.886768 -0.432361 -0.409804 -0.548592 0.365168 0.342141 0.568551 -0.572902 0.398267 0.402901 -0.623144 -0.180893 -0.295946 -0.386279 -0.040480 0.454130 0.030254 -0.830640 0.469684
VERTEX_POSE A1709 0.273397 -0.138970 -0.838220 0.346424 -0.053922 -0.614813 -0.164640 0.274009 -0.547786 0.100655 0.327157 0.215857 -0.444859 -0.338115 -0.382595 0.525584 -0.753398 0.359114 0.699017 0.368723
VERTEX_POSE A1710 0.523533 0.028406 -0.025303 0.662611 0.672753 -0.070725 -0.668568 -0.200973 -0.770643 -0.112390 -0.528367 -0.175566 0.506786 -0.038711 0.232621 0.459079 -0.665138 -0.562292 0.269814 0.486345
VERTEX_POSE A1711 -0.566292 -0.962703 -0.648203 0.512637 -0.832477 0.247090 -0.686421 0.524180 -0.307943 0.350857 0.515016 0.586632 0.324795 0.535589 0.412516 -0.361754 -0.318654 0.574292 0.411543 -0.267578
VERTEX_POSE A1712 0.004333 -0.263593 0.009726 -0.551804 -0.699853 -0.174010 -0.744686 -0.305493 0.375226 0.259561 0.498943 0.448609 -0.390626 0.336629 0.448577 -0.424660 0.172028 -0.653035 -0.212476 0.717508
VERTEX_POSE A1713 0.472299 0.572621 0.296573 0.658264 -0.302027 -0.172077 -0.398254 -0.023447 -0.790942 0.286999 0.088048 -0.417880 -0.644965 -0.471950 -0.092866 0.567422 -0.724020 -0.401936 0.145184 0.494728
VERTEX_POSE A1714 0.025225 -0.532043 -0.072411 0.177789 -0.461148 0.161190 0.031386 -0.044574 -0.410636 -0.392526 -0.274928 -0.666895 0.273322 -0.548417 -0.299662 0.746889 0.455282 0.520433 0.460859 -0.643727
VERTEX_POSE A1715 0.878682 -0.218354 0.422525 0.077198 0.674565 -0.026846 -0.682528 -0.055162 0.780053 -0.365798 0.412398 0.263091 0.593974 0.376258 0.184588 0.155250 0.100043 -0.536196 -0.153102 0.821770
VERTEX_POSE A1716 -0.766921 0.488004 0.469763 0.017114 -0.257483 0.456391 -0.639070 0.160909 -0.412949 -0.154296 0.885270 -0.697602 -0.177190 -0.365244 -0.355741 -0.111532 -0.046134 0.089336 0.723841 0.234254
VERTEX_POSE A1717 0.611519 0.130786 0.250486 0.512509 0.853640 -0.061359 0.537699 0.564686 -0.110969 -0.690921 0.106421 0.634041 -0.348285 0.601990 -0.181820 -0.289800 -0.223587 0.740847 0.167993 -0.507367
VERTEX_POSE A1718 -0.112727 -0.262889 -0.313924 -0.884891 0.523335 -0.208667 -0.634047 0.245527 0.180766 -0.684613 0.198376 0.854475 -0.121345 -0.078649 -0.246935 0.094258 0.661840 -0.364249 -0.325087 -0.675386
VERTEX_POSE A1719 0.236573 -0.510588 0.488479 -0.681061 0.576332 -0.357057 0.012668 0.423083 0.394379 0.112601 0.825466 -0.367709 -0.507950 -0.064777 -0.639845 0.685026 0.076348 -0.415167 -0.509791 0.359975
VERTEX_POSE A1720 -0.236444 -0.640834 0.875756 -0.966571 0.583812 0.420725 0.220803 -0.777827 -0.746778 -0.213275 -0.586312 0.286200 0.248774 -0.164934 -0.004137 0.530462 -0.044506 0.428236 -0.749987 -0.148457
VERTEX_POSE A1721 -0.580926 -0.870489 0.226741 -0.799367 0.750244 -0.648131 -0.012929 -0.191463 -0.525140 0.617408 -0.245105 -0.093172 -0.572699 -0.742140 -0.102161 0.144711 0.151637 0.533888 0.519341 -0.574021
VERTEX_POSE A1722 -0.988156 0.592027 -0.614758 0.660327 0.784405 0.131712 0.558444 -0.145269 -0.746295 0.365342 0.544197 -0.421216 -0.476712 -0.358765 0.400068 -0.343816 0.740593 -0.297015 -0.457385 0.074541
VERTEX_POSE A1723 -0.143363 0.429007 -0.180752 -0.914266 0.658393 0.545348 -0.571703 0.341278 0.454181 0.372392 -0.347009 0.349480 0.443139 -0.315714 -0.265000 0.532421 0.666198 -0.551320 -0.233743 -0.468634
VERTEX_POSE A1724 0.846802 -0.078356 -0.505534 -0.170515 -0.466741 -0.367774 0.536159 -0.580932 0.286962 0.460525 0.472440 0.816291 0.222021 -0.166772 -0.057460 -0.512819 0.245876 0.335801 -0.433790 -0.592495
VERTEX_POSE A1725 -0.438497 0.696173 -0.725152 0.949926 0.744765 0.515077 -0.289459 -0.379862 0.469332 0.522497 0.666598 -0.333706 -0.437790 0.538254 -0.434856 0.664356 -0.311142 0.462562 0.100906 -0.157560
VERTEX_POSE A1726 -0.764519 -0.655489 0.059488 -0.667888 0.654177 -0.241169 -0.655188 -0.206091 0.279171 0.490644 -0.464834 0.506299 0.185087 -0.076347 0.706286 -0.360076 0.495066 0.329731 -0.407536 -0.700383
VERTEX_POSE A1727 0.527849 0.323294 0.812121 0.272828 0.927152 -0.672590 0.134509 -0.505138 0.396457 -0.591162 -0.525096 -0.579938 -0.299385 0.259724 -0.143452 -0.127828 -0.545236 -0.183134 -0.725578 0.323066
VERTEX_POSE A1728 -0.642655 -0.436854 -0.365450 0.615655 -0.728735 0.620728 0.277268 -0.291196 -0.612205 0.754705 -0.076930 -0.385981 -0.432056 -0.410570 0.260314 0.349696 0.361298 -0.152171 -0.211146 0.781142
VERTEX_POSE A1729 0.597400 0.053253 -0.415142 0.553410 0.696124 -0.365341 -0.761726 0.175853 0.744865 -0.091162 0.499923 -0.141152 -0.228330 -0.300965 0.320142 -0.585943 -0.018006 -0.435071 0.126487 0.792621
VERTEX_POSE A1730 0.145124 -0.381725 0.475485 0.018359 0.250135 -0.079924 0.441729 -0.072795 0.671607 -0.574619 0.007952 -0.574059 -0.523551 0.574961 -0.373972 0.001233 -0.306714 -0.270474 -0.447863 -0.754973
VERTEX_POSE A1731 -0.902026 -0.107392 -0.139493 0.204484 0.687637 0.325774 0.474682 0.522936 0.778780 0.159862 -0.215502 -0.190999 -0.315383 -0.221934 0.220668 -0.690413 0.668958 0.449665 -0.415914 -0.428179
VERTEX_POSE A1732 0.214934 0.737394 -0.217261 -0.622130 -0.043565 0.235980 0.035682 0.476030 -0.761245 0.040098 0.612235 0.115302 -0.381700 -0.068318 -0.330328 0.698503 -0.462755 -0.492350 -0.602924 -0.423974
VERTEX_POSE A1733 -0.248349 -0.331015 -0.084980 -0.106471 0.139940 -0.742621 -0.103413 -0.631734 0.195712 -0.375302 -0.190189 0.432747 -0.526727 -0.507616 -0.448693 -0.634850 0.528070 0.147026 -0.409851 0.167956
VERTEX_POSE A1734 -0.083181 -0.707462 -0.730844 0.521920 -0.771918 0.331120 0.665856 -0.151553 -0.526305 -0.039740 -0.577757 -0.197229 -0.575574 0.042697 0.571293 -0.308877 -0.725469 0.498084 -0.358281 0.339265
VERTEX_POSE A1735 0.627245 0.592998 0.194079 -0.433315 0.363440 0.333183 0.491021 -0.026617 0.740515 -0.412396 0.485106 0.346726 -0.441127 -0.748757 0.202786 0.280417 0.283934 0.423421 0.561784 -0.350297
VERTEX_POSE A1736 0.430858 -0.323238 0.725926 -0.726499 0.323216 0.740864 0.182738 0.398892 0.126589 -0.623095 0.577344 0.126151 0.661087 0.299977 -0.539003 0.009471 0.607495 -0.358689 0.375812 0.220277
VERTEX_POSE A1737 -0.885586 -0.084215 -0.595394 -0.766209 0.275743 -0.031251 0.148535 -0.460913 0.435086 0.322754 0.558794 0.342347 -0.506466 0.448100 0.539166 -0.568191 -0.453340 -0.633895 -0.542602 0.262674
VERTEX_POSE A1738 0.551384 -0.299278 0.163526 -0.229856 -0.086131 0.291432 0.042408 0.582457 -0.472941 0.748692 -0.143889 -0.383830 -0.461885 -0.528154 -0.492162 0.162500 0.348986 0.549405 0.444879 -0.489186
VERTEX_POSE A1739 -0.258719 -0.436470 -0.706435 -0.136303 0.774623 0.634225 -0.546753 0.539548 -0.097551 0.489664 0.495188 0.269531 0.226623 -0.076091 0.445361 -0.057719 -0.674946 0.563248 0.637652 0.048318
VERTEX_POSE A1740 0.387811 0.776815 -0.433615 0.580215 -0.778180 0.075299 0.347165 0.376307 0.141481 0.113424 -0.789957 0.781505 0.433951 -0.117933 -0.297704 0.771041 0.176492 0.524343 -0.289470 0.435090
VERTEX_POSE A1741 0.074917 0.729128 -0.861777 -0.567245 -0.413378 -0.367771 -0.784163 -0.248211 0.479424 0.021076 -0.063720 0.565581 -0.565211 0.524518 0.274529 0.238690 0.127897 -0.489540 0.090600 0.801782
VERTEX_POSE A1742 0.174989 -0.399173 -0.354638 -0.623666 0.942146 0.528640 0.391479 -0.441278 -0.449453 0.429939 0.522428 -0.483199 0.481452 -0.311228 0.125602 0.593924 -0.137295 -0.518916 -0.278128 -0.645469
VERTEX_POSE A1743 -0.607856 -0.486777 0.576111 -0.971589 -0.478033 0.578809 0.639589 0.405834 0.479716 -0.181348 -0.672794 0.317505 0.276761 -0.246801 0.500108 -0.423670 0.003764 -0.289715 0.549496 -0.567206
VERTEX_POSE A1744 -0.452784 0.301750 0.434795 -0.908980 0.284595 0.502191 0.323019 0.197409 -0.232400 0.097315 0.636294 0.407033 -0.646912 -0.352293 0.377010 -0.477934 0.651632 0.621274 0.489155 -0.086177
VERTEX_POSE A1745 -0.799785 0.068784 0.572951 0.554124 -0.519001 -0.853254 0.500862 -0.072121 0.001472 -0.274743 -0.556473 0.085017 0.114163 0.258012 0.353907 0.544098 0.448348 0.373467 0.603802 -0.646181
VERTEX_POSE A1746 -0.729174 0.294869 -0.001364 0.105608 -0.803468 -0.060242 0.084687 0.879572 -0.667893 -0.556236 -0.090332 0.495193 -0.576634 -0.207202 0.259217 0.438168 -0.255904 -0.487730 0.398663 -0.331320
VERTEX_POSE A1747 -0.219705 -0.210247 -0.095442 0.108134 -0.972888 -0.122171 0.533385 0.302352 0.673693 0.543389 -0.489294 -0.137364 0.390563 0.174547 -0.617327 0.102982 -0.766137 0.362285 -0.507034 -0.227468
VERTEX_POSE A1748 0.811734 -0.800429 -0.176564 0.066632 -0.665362 -0.463899 0.067706 -0.492102 0.530926 0.315615 -0.412395 -0.620153 -0.124866 0.231473 -0.337745 0.476343 -0.500270 -0.065217 0.808275 0.532838
VERTEX_POSE A1749 0.158099 -0.968019 0.684712 0.220718 0.719867 -0.557447 -0.296484 -0.104455 -0.214990 -0.381190 0.813274 -0.730327 0.609750 -0.011495 -0.106882 -0.010670 0.339189 0.313417 0.628396 0.460969
VERTEX_POSE A1750 -0.983132 0.279165 -0.606963 0.427072 0.603444 -0.153870 -0.542692 -0.703663 -0.260068 0.324294 0.066270 0.529128 0.518446 -0.633351 -0.050168 0.481947 0.048000 -0.791325 0.315056 -0.311495
VERTEX_POSE A1751 -0.424710 -0.441263 -0.300808 0.100061 0.918450 -0.420374 -0.574641 -0.365618 0.162887 0.214896 -0.771955 -0.504801 0.643153 0.234442 -0.475828 0.303828 -0.420917 0.561709 0.343001 -0.195640
VERTEX_POSE A1752 0.577172 -0.838508 -0.088548 0.421351 0.470112 0.490663 -0.794888 -0.207221 0.482800 0.400597 -0.039855 -0.647199 -0.099728 -0.168154 0.090141 0.291212 -0.914892 0.314900 0.336044 0.300279
VERTEX_POSE A1753 -0.971288 -0.128807 -0.221720 0.087399 0.387849 0.071274 0.391378 -0.374186 0.437548 0.600493 -0.422473 -0.181557 0.596617 0.535645 0.336812 -0.352294 -0.345622 0.810596 -0.078538 0.524530
VERTEX_POSE A1754 0.431927 0.987744 0.518440 0.185795 0.576843 -0.505942 0.273588 0.416575 0.619161 -0.465541 0.093713 -0.021258 0.408818 -0.725183 -0.498077 -0.670571 -0.462894 -0.334857 -0.302694 0.278427
VERTEX_POSE A1755 0.423975 0.083136 0.405918 -0.749165 -0.996629 0.563711 0.422755 -0.423735 0.260011 0.454126 0.553471 0.703672 -0.139019 0.004837 -0.279274 0.492471 -0.606592 0.203654 -0.594301 -0.382284
VERTEX_POSE A1756 -0.409785 -0.432635 0.053128 0.037325 0.132614 -0.398735 -0.459148 0.544943 -0.573521 0.495026 0.408911 0.131179 0.715302 0.151008 0.382530 -0.145598 0.643324 -0.590378 -0.106189 -0.314896
VERTEX_POSE A1757 0.667409 -0.667745 -0.422072 0.517907 0.231020 -0.314802 -0.143889 0.689126 -0.168959 0.623679 0.089811 -0.595083 -0.516574 0.127076 -0.498361 0.564920 0.111098 -0.519485 -0.065851 -0.698962
VERTEX_POSE A1758 -0.048176 -0.593570 0.218038 0.523663 0.930522 0.749959 0.416521 -0.349311 -0.177798 0.458415 0.210843 0.529025 -0.011192 0.786962 0.352900 -0.578331 -0.363109 -0.039287 0.530824 -0.287002
VERTEX_POSE A1759 -0.052440 0.130512 0.687679 -0.347020 0.403879 -0.867423 -0.277349 0.250753 0.373282 -0.773710 0.449266 -0.262428 0.197977 0.374558 0.180410 0.531564 0.597626 -0.082599 -0.051914 -0.487680
VERTEX_POSE A1760 0.264808 0.385508 0.162786 0.071317 -0.072857 -0.062300 0.200732 0.266357 0.294580 0.702468 0.347211 0.778885 -0.372958 0.442750 -0.349163 -0.531732 0.490415 -0.425164 0.210736 0.609890
VERTEX_POSE A1761 -0.903052 0.024705 -0.306477 -0.457978 0.180657 0.063842 0.076949 0.618271 0.445724 -0.688422 -0.324660 -0.686706 -0.666359 0.199407 0.565076 -0.275883 0.495857 -0.079864 -0.002947 0.476129
VERTEX_POSE A1762 0.045535 -0.976881 -0.451814 0.857464 0.091516 0.169462 -0.654326 0.467303 -0.629900 -0.619370 -0.314174 0.049166 -0.220369 0.438888 -0.590139 0.350190 0.669784 0.473105 -0.130547 0.204180
VERTEX_POSE A1763 -0.520257 0.122901 0.945525 0.449187 0.883578 0.391734 0.315905 0.098435 0.424773 0.511860 -0.529801 0.312805 0.448731 0.380330 -0.740732 0.659185 0.050527 0.139934 0.048158 0.749945
VERTEX_POSE A1764 -0.151401 0.693690 0.608543 0.435551 -0.679402 0.645476 0.400704 -0.248838 0.410116 0.467129 -0.018657 0.338068 -0.675529 -0.497922 -0.548233 0.405408 -0.595176 -0.017793 -0.023053 -0.579285
VERTEX_POSE A1765 0.962354 -0.684342 -0.182659 0.379383 0.319598 0.190649 0.110432 0.579243 -0.159093 -0.196584 -0.702590 0.782873 -0.538023 -0.151852 0.198617 0.685894 -0.380932 -0.534793 -0.435018 0.051736
VERTEX_POSE A1766 -0.893012 -0.284101 0.139604 -0.984129 0.247018 -0.635588 0.222472 -0.384479 -0.720052 -0.078900 0.602822 0.163720 0.490762 0.273713 0.111337 0.738237 0.304025 0.195838 -0.398045 0.566950
VERTEX_POSE A1767 -0.720543 -0.629547 0.334469 0.709052 0.643813 0.515257 0.298518 0.417392 0.480869 0.356137 0.278062 -0.367095 0.271452 0.564770 -0.274350 0.842765 -0.441110 0.541524 0.010695 -0.484687
VERTEX_POSE A1768 -0.923232 0.231443 0.221947 0.613174 -0.404660 0.303252 0.106122 0.376156 0.312150 -0.706893 0.308957 0.576469 -0.341781 -0.173049 -0.546490 -0.288482 0.642015 -0.423832 -0.537591 -0.566501
VERTEX_POSE A1769 0.658372 0.416621 -0.696870 -0.213984 -0.839113 0.618148 0.294533 0.530647 -0.752216 0.481424 0.297967 0.047145 0.294526 0.529113 -0.207837 -0.766587 0.584365 -0.081519 -0.084144 0.090471
VERTEX_POSE A1770 0.020738 -0.066017 0.628034 -0.427251 0.418437 0.018190 -0.812357 -0.116523 0.852684 -0.091771 -0.256543 -0.377536 0.247609 -0.602175 0.253661 0.401990 0.518217 0.256364 0.329768 -0.538000
VERTEX_POSE A1771 0.464580 0.008258 0.788332 0.193389 -0.182840 -0.453955 -0.027465 -0.667814 -0.109582 -0.138248 -0.089208 -0.800757 0.363935 0.141270 0.230366 -0.037041 -0.715664 -0.296036 -0.919952 0.118045
VERTEX_POSE A1772 -0.266711 0.145750 -0.558647 0.218771 -0.252491 0.602190 0.087548 -0.491613 0.491650 0.347936 -0.052258 0.110572 -0.534578 0.462722 -0.587157 0.024328 -0.602365 -0.196642 0.764794 0.422647
VERTEX_POSE A1773 -0.804273 0.534810 -0.726604 -0.050917 0.360583 0.250946 -0.494484 0.739361 0.602714 -0.269068 -0.074146 -0.238519 -0.707418 -0.549994 -0.536826 0.140592 0.313587 0.478213 0.403587 -0.216835
VERTEX_POSE A1774 0.856724 0.521481 0.364443 0.221800 0.339128 -0.512111 -0.496683 0.310277 -0.492541 -0.493090 -0.389869 -0.566845 0.513330 0.272340 -0.352768 0.394957 0.164407 0.222232 -0.301114 0.806556
VERTEX_POSE A1775 0.280504 -0.552501 0.876148 0.309791 -0.967896 0.127545 0.396169 -0.744931 -0.302987 -0.367452 0.320303 -0.087626 0.763362 0.505491 0.236938 -0.353777 -0.085924 -0.910007 0.012252 -0.282099
VERTEX_POSE A1776 -0.604058 -0.396405 0.846347 -0.496793 0.841581 -0.434639 0.629388 0.261431 -0.231609 -0.133742 -0.771030 -0.661981 -0.014689 -0.309266 0.545876 0.564560 -0.491346 0.145760 -0.516760 -0.010045
VERTEX_POSE A1777 -0.872450 -0.183650 -0.636921 -0.672592 0.535660 0.035188 0.486105 0.131435 -0.342623 -0.380938 -0.641072 0.913264 -0.026010 -0.397512 -0.057288 -0.372819 -0.247730 0.209855 -0.692039 0.593604
VERTEX_POSE A1778 -0.939201 0.237252 -0.219294 -0.582076 -0.940783 -0.233469 -0.435016 -0.351592 -0.601316 0.675423 0.236656 0.537436 0.163906 -0.041479 0.502046 0.211432 0.480976 -0.207421 -0.531973 0.766367
VERTEX_POSE A1779 -0.792324 -0.196834 -0.330217 0.569839 -0.823781 -0.547071 0.125891 -0.715548 -0.176006 0.501724 -0.200317 -0.613903 -0.508482 0.122982 0.462628 -0.569603 -0.610556 0.280773 0.386552 -0.244870
VERTEX_POSE A1780 0.285649 -0.151669 -0.952209 0.548126 0.255527 -0.367881 0.780016 -0.494984 -0.338256 0.239920 0.480767 0.428934 -0.014613 -0.491243 -0.448288 -0.060444 0.223572 -0.604400 -0.574584 -0.482235
VERTEX_POSE A1781 -0.922333 -0.483582 0.173744 0.844997 0.662661 -0.160742 -0.567246 0.473389 -0.281611 -0.532502 -0.217954 0.679687 0.144255 0.488571 0.632935 -0.406167 -0.602459 -0.179653 0.457047 -0.356005
VERTEX_POSE A1782 -0.217034 0.361902 0.368975 -0.330100 -0.905331 -0.034524 0.575640 -0.596313 0.500586 0.340386 0.515914 -0.177738 -0.324149 -0.432298 -0.532243 -0.329334 0.358859 0.658292 -0.582445 -0.250166
VERTEX_POSE A1783 -0.137179 0.009823 -0.040757 -0.030524 -0.274361 0.490693 0.023872 -0.632042 -0.193610 0.609147 -0.466904 -0.572239 0.397077 -0.147408 -0.574814 -0.311295 0.028257 0.252720 0.611388 0.599997
VERTEX_POSE A1784 -0.893620 0.387610 0.952023 -0.067604 0.050510 -0.097142 0.300336 -0.333281 0.468160 0.629713 -0.179208 0.006325 0.573196 -0.080358 0.535883 -0.425689 -0.692938 -0.695829 0.059119 -0.608431
VERTEX_POSE A1785 -0.785107 0.349646 -0.112586 0.855695 0.671512 -0.424416 -0.349128 -0.555566 0.583541 -0.242054 -0.155258 -0.347897 0.020662 -0.544009 -0.253403 -0.820127 0.456812 -0.542315 0.382732 0.403259
VERTEX_POSE A1786 -0.713204 -0.907041 -0.634839 0.220311 -0.270991 -0.714383 0.398077 0.426510 0.280114 0.436390 0.492939 0.580030 0.019541 0.263790 0.269981 0.637688 -0.063004 0.043231 -0.494035 0.708199
VERTEX_POSE A1787 -0.303405 0.954976 0.005151 0.969721 -0.816876 0.294577 -0.720835 -0.043396 0.439377 -0.418732 0.407802 -0.429508 -0.344592 -0.518962 -0.604010 -0.430696 0.140310 0.413361 -0.028612 -0.736753
VERTEX_POSE A1788 0.882302 0.681901 0.465343 0.373602 -0.097468 -0.253295 0.036032 -0.455069 0.686822 -0.475323 0.332781 -0.641172 -0.595015 0.455645 -0.018416 -0.597672 -0.631250 0.229516 -0.248021 -0.275824
VERTEX_POSE A1789 0.238620 -0.500611 0.583199 -0.256025 -0.340468 0.303721 0.259099 0.053622 -0.249012 0.133708 0.160034 0.911680 0.011253 0.136612 0.052692 0.553089 -0.818038 0.108671 -0.780356 -0.532602
VERTEX_POSE A1790 0.644155 0.085488 -0.307170 -0.377299 0.587003 0.118611 0.268291 -0.076059 0.467649 0.269170 -0.419814 -0.427898 0.004253 -0.871450 -0.399896 0.875557 0.201982 -0.651323 -0.298242 0.133226
VERTEX_POSE A1791 0.147110 0.067409 -0.371871 -0.555081 0.829675 0.477654 -0.444514 0.459171 0.255235 -0.603937 -0.001581 -0.479389 -0.560106 0.049309 -0.306852 0.225629 0.878791 -0.618652 -0.270258 -0.120223
VERTEX_POSE A1792 0.335567 0.524094 -0.723277 0.285997 0.840189 0.415072 0.574815 -0.150031 -0.559289 0.563760 -0.441779 -0.702318 0.009963 0.340419 0.097629 0.502817 0.789629 -0.110132 -0.314385 0.207176
VERTEX_POSE A1793 -0.310310 0.108607 0.241016 -0.519836 -0.321481 0.452381 -0.005372 -0.808091 -0.774708 -0.467338 -0.425283 -0.151929 0.422909 -0.149118 -0.207675 0.624336 -0.343390 0.359120 -0.461432 -0.161154
VERTEX_POSE A1794 0.626853 -0.809690 -0.426347 0.894105 0.713253 0.194963 0.968478 -0.146985 -0.571382 0.002936 -0.630595 0.466213 -0.134993 -0.478147 0.370107 -0.041689 0.370408 0.530262 -0.205134 -0.463594
VERTEX_POSE A1795 -0.815834 0.217785 0.885266 -0.278452 -0.839214 -0.278355 -0.572043 -0.573928 -0.230267 -0.534211 0.132576 0.813108 0.000931 -0.417313 0.439231 -0.611482 0.302287 0.124207 -0.116075 0.622497
VERTEX_POSE A1796 -0.347956 0.424265 -0.941643 0.859548 0.998117 -0.358542 -0.529277 0.098403 0.466380 0.172065 -0.471723 -0.747588 0.035215 -0.500479 -0.306699 0.760543 0.445339 -0.031368 0.332557 -0.564791
VERTEX_POSE A1797 0.733840 -0.093791 0.713258 0.909976 -0.039729 -0.715077 0.164705 0.041824 0.464019 0.580729 -0.143906 0.425299 0.130829 0.530405 0.303330 -0.652362 -0.473677 0.021520 -0.439243 0.686908
VERTEX_POSE A1798 -0.536377 0.588238 0.219735 -0.569401 0.804600 0.433699 -0.617466 -0.455032 0.534410 0.136762 0.399967 0.682707 0.494375 -0.211850 -0.024334 -0.071977 -0.610334 -0.244192 0.591983 -0.464310
VERTEX_POSE A1799 -0.271188 -0.344292 0.280304 0.472722 -0.406543 0.611400 0.223144 0.340356 -0.261806 0.680418 -0.499914 -0.185565 0.452252 0.038310 0.152282 0.527836 0.538676 0.707123 0.063991 -0.585324
VERTEX_POSE A1800 0.392212 -0.677170 -0.983612 -0.304008 0.121158 0.138820 -0.293654 -0.078225 0.324790 0.544184 0.688926 -0.502079 -0.570784 0.622287 0.425728 -0.227358 0.354965 -0.664766 0.490046 0.077589
VERTEX_POSE A1801 0.484361 -0.477779 -0.152230 0.003348 0.223036 -0.514635 -0.528200 0.292831 -0.462005 0.060968 0.612070 -0.722042 0.355798 -0.589036 -0.001684 0.253289 0.038039 0.018833 0.725630 0.437275
VERTEX_POSE A1802 -0.806609 0.663966 0.068636 -0.333889 0.410617 0.048572 0.535962 -0.153277 -0.233910 0.153165 0.813211 0.021780 0.185147 0.499898 -0.198702 -0.793384 0.125232 -0.950247 0.159837 -0.222741
VERTEX_POSE A1803 -0.874499 0.468580 -0.542260 0.914763 0.868667 -0.570865 -0.047164 -0.767500 0.594395 0.153330 -0.515589 -0.187039 -0.721641 0.222934 -0.261280 -0.186632 -0.143720 0.466430 -0.647046 -0.273415
VERTEX_POSE A1804 0.680088 -0.942969 0.121166 0.952432 -0.416381 -0.622138 -0.413952 -0.301327 -0.456065 0.628396 -0.317637 -0.078303 -0.137344 0.730283 -0.112288 -0.638373 -0.209721 -0.621458 0.085898 0.480638
VERTEX_POSE A1805 -0.949885 0.185447 -0.566921 0.887911 -0.250255 0.462026 -0.400453 -0.738026 -0.635441 -0.526619 -0.189630 0.492940 0.215636 -0.025875 -0.320139 0.698411 -0.445713 -0.193047 0.167432 -0.469072
VERTEX_POSE A1806 0.406005 0.916079 -0.666112 0.224553 0.900771 0.681872 -0.189878 -0.148583 -0.283054 -0.698805 -0.502616 0.173897 0.170881 0.405788 -0.637465 0.011925 0.318823 0.135383 -0.668038 0.677486
VERTEX_POSE A1807 -0.923970 -0.339374 -0.032488 -0.544361 -0.574800 0.005613 -0.190847 0.527376 0.765434 0.397923 0.435652 0.366477 -0.657837 -0.271145 0.511719 0.037350 -0.562053 -0.133860 0.609172 -0.377701
VERTEX_POSE A1808 -0.822335 -0.998202 -0.203842 -0.784681 -0.714595 -0.372510 -0.381502 -0.582521 -0.542053 -0.233363 -0.053273 0.169852 0.666378 -0.673681 0.733722 -0.514289 -0.170766 0.014712 -0.302398 -0.418119
VERTEX_POSE A1809 0.466804 0.153331 0.114595 0.642478 0.959988 -0.064729 -0.379160 0.331541 0.583596 -0.190432 -0.506587 0.064766 0.120229 0.714660 0.657081 0.597318 0.215135 0.468269 -0.669873 0.276456
VERTEX_POSE A1810 -0.716295 0.463791 0.637295 -0.974522 -0.398581 0.014343 0.647872 -0.507478 0.340649 0.066573 0.446140 -0.228725 0.052277 -0.528579 0.508706 0.615761 0.188801 0.756740 -0.440382 -0.477895
VERTEX_POSE A1811 0.463314 -0.149871 -0.156051 0.763445 0.540932 0.303046 0.328749 -0.761640 0.441885 0.454735 0.516809 0.664817 0.179846 0.004326 0.310281 -0.509778 -0.314339 -0.417904 0.626835 -0.232348
VERTEX_POSE A1812 0.544472 0.669749 -0.711662 0.487474 0.622649 -0.090456 0.235196 -0.748586 0.471635 0.003050 -0.536784 -0.705596 -0.452987 -0.356795 -0.409692 0.057450 0.155276 -0.321970 0.858007 0.008342
VERTEX_POSE A1813 0.066671 -0.174306 0.006269 -0.304622 -0.303911 0.616615 -0.099171 0.025277 0.363434 -0.676779 0.503155 0.624478 0.215515 -0.454702 0.287259 0.675021 0.520243 -0.123337 0.173309 0.518448
VERTEX_POSE A1814 -0.673864 0.859951 0.803192 -0.267079 -0.733430 0.613915 -0.181852 0.387938 -0.465528 -0.411129 0.224480 0.256726 -0.621403 0.370702 -0.526255 0.147526 0.661546 0.252069 0.624498 0.473338
VERTEX_POSE A1815 0.650851 0.057359 -0.759639 -0.580130 -0.326841 0.637375 0.004764 -0.428309 -0.621526 -0.110234 -0.766573 0.032207 -0.827650 0.058106 -0.446112 -0.005508 0.471388 0.086051 -0.550264 0.057744
VERTEX_POSE A1816 0.281564 -0.824660 0.893684 -0.448927 -0.632399 0.602356 -0.544462 -0.338695 0.480304 0.728774 -0.473347 0.527687 0.135421 0.766496 -0.256610 0.391578 0.127897 0.249343 0.027874 0.239489
VERTEX_POSE A1817 -0.387069 0.952910 -0.831648 0.953233 -0.004420 -0.557151 0.210410 0.263670 -0.590922 0.035916 0.358635 0.073207 -0.507936 -0.291193 -0.542884 -0.014940 -0.801400 0.200777 0.834395 -0.273540
VERTEX_POSE A1818 -0.652553 0.012335 0.245513 -0.610409 -0.143716 0.345506 0.468894 -0.419811 0.228965 0.496995 -0.242939 0.552909 -0.245742 -0.406781 -0.230299 -0.563694 -0.664004 0.685168 -0.393693 0.397954
VERTEX_POSE A1819 0.163866 0.857241 0.359026 0.924675 0.270133 0.636363 -0.291993 0.273045 -0.050825 -0.088396 0.737737 -0.640804 -0.706472 0.017960 0.153571 -0.180167 -0.612294 -0.397802 0.612670 0.077225
VERTEX_POSE A1820 0.851551 -0.547701 0.751551 -0.302792 0.655111 0.025413 -0.076027 -0.625911 -0.529254 0.038209 -0.446297 0.456632 -0.605371 -0.457087 0.120234 -0.592233 0.437962 0.704468 0.524925 -0.091184
VERTEX_POSE A1821 0.991602 -0.902178 0.938343 0.012291 -0.556713 0.568312 -0.118467 0.304547 -0.058589 -0.533838 -0.761510 0.587628 -0.479886 -0.018330 -0.151540 0.242024 -0.332074 -0.552555 -0.641963 0.465557
VERTEX_POSE A1822 -0.689024 -0.075350 0.987155 -0.630406 0.099809 -0.350380 0.248797 -0.275711 0.682956 -0.420085 -0.335517 -0.276320 -0.314671 0.679561 0.506344 0.746348 0.384958 0.279406 -0.324925 0.448793
VERTEX_POSE A1823 0.187118 0.976393 -0.971726 0.983205 0.495300 -0.317706 0.018955 0.600564 -0.820574 0.494343 -0.179540 -0.391725 -0.744318 0.205730 0.138036 0.264586 0.745919 0.230693 0.362284 0.091476
VERTEX_POSE A1824 -0.318708 0.206429 0.179358 0.492455 0.121806 0.703362 0.155288 -0.518933 0.514548 -0.756092 0.132105 0.457892 0.567887 0.493592 -0.042413 0.227747 -0.634592 -0.170464 -0.172761 -0.258684
VERTEX_POSE A1825 0.937829 0.114960 -0.439192 -0.736301 -0.186938 0.234705 -0.026118 0.142080 0.384140 -0.023438 0.743163 -0.545954 -0.590186 0.496863 0.125454 0.591444 0.401047 -0.695374 0.548309 0.140750
VERTEX_POSE A1826 0.371284 0.194177 0.913540 -0.295248 0.656086 0.276400 -0.096337 0.536321 0.334770 -0.403026 0.338843 0.668572 -0.463904 -0.369781 -0.536257 -0.717858 -0.290478 0.277438 0.312669 -0.613539
VERTEX_POSE A1827 0.333335 -0.369306 0.237716 0.352003 0.119923 -0.583224 -0.068607 0.148306 0.421565 -0.718720 -0.226029 0.308531 0.662547 -0.031704 0.587379 0.031023 0.590881 -0.204762 -0.196986 0.759455
VERTEX_POSE A1828 0.671669 -0.978831 -0.725934 -0.826325 0.773333 0.559925 -0.125099 -0.100730 0.336219 -0.584151 -0.163762 0.730462 0.495390 -0.048298 0.144961 -0.063964 0.979545 0.137302 -0.627387 0.034557
VERTEX_POSE A1829 0.834907 -0.217585 0.133275 0.135351 0.460686 0.426017 -0.125727 0.359716 0.291471 -0.402460 0.483049 -0.626176 0.237969 0.734328 -0.383616 0.155528 -0.286164 -0.440790 -0.861046 -0.127047
VERTEX_POSE A1830 -0.937853 0.286401 -0.481980 -0.175275 0.713380 -0.147713 -0.604359 0.147295 0.875283 -0.372713 0.146265 0.308453 0.315467 -0.763776 -0.337922 -0.330478 -0.300465 -0.052211 -0.535817 -0.532239
VERTEX_POSE A1831 0.063881 -0.656001 -0.709546 -0.130332 -0.105509 -0.394332 0.621663 0.435576 -0.181492 0.652362 -0.562233 0.652826 0.251836 -0.411139 -0.588216 -0.256915 -0.462144 -0.198451 -0.241936 -0.333999
VERTEX_POSE A1832 0.319268 0.304636 0.981044 -0.861300 -0.316278 -0.562480 -0.272727 -0.234534 -0.584548 0.522477 -0.392898 -0.108936 0.637908 0.268573 -0.467481 -0.132642 0.830843 -0.333937 -0.477616 -0.167911
VERTEX_POSE A1833 -0.744462 -0.049633 0.586656 0.490836 0.123997 -0.359105 0.349287 0.770002 0.014923 0.849746 -0.279874 -0.066480 0.090164 0.368236 0.733887 0.323661 0.078444 -0.572548 0.207470 -0.432453
VERTEX_POSE A1834 0.189382 0.812579 -0.251806 -0.215569 -0.236842 -0.581773 -0.138968 0.176869 -0.466837 0.393830 -0.618631 -0.594492 -0.494957 -0.020594 0.278832 -0.435929 -0.756567 0.111513 -0.624956 0.114870
VERTEX_POSE A1835 -0.000644 0.361667 0.102210 -0.908868 0.267341 0.025707 -0.812364 0.479227 0.362593 -0.151213 0.208203 0.480601 0.161396 0.411838 0.502221 -0.420799 -0.734454 -0.620212 -0.337754 -0.134013
VERTEX_POSE A1836 -0.694346 -0.864186 -0.980265 0.378747 0.873742 0.894750 0.017941 -0.351929 0.266125 -0.391835 0.381541 0.329005 0.285845 0.787097 -0.053050 0.825918 0.031477 0.132444 0.286870 -0.331752
VERTEX_POSE A1837 -0.404613 0.728658 0.082082 -0.991016 -0.336071 0.280262 0.202895 0.337892 0.138310 0.448280 -0.862208 0.758151 -0.332840 -0.108504 0.524685 0.521274 0.294731 0.228552 -0.612674 -0.209253
VERTEX_POSE A1838 0.075386 -0.977707 -0.930278 -0.453230 0.692541 -0.475467 0.175078 -0.710662 0.646141 0.068481 -0.655383 -0.553564 -0.422437 -0.184703 -0.215448 0.795744 0.028885 -0.059847 0.391147 0.174594
VERTEX_POSE A1839 -0.516681 -0.862388 -0.184107 0.594067 -0.840854 0.668538 -0.132526 -0.496680 -0.368332 0.059724 -0.343428 -0.451274 -0.514455 -0.607558 0.245800 0.540442 -0.497457 0.391563 -0.649714 0.137024
VERTEX_POSE A1840 -0.937808 -0.118011 -0.803323 0.651462 -0.376083 0.843095 0.233850 0.483334 -0.256930 -0.252315 0.583425 -0.388803 0.618298 0.342543 0.203396 -0.518935 -0.151731 -0.175045 -0.479651 0.534458
VERTEX_POSE A1841 0.359091 0.486084 0.707016 -0.427752 -0.706039 0.207115 0.864131 -0.182922 0.322648 0.324811 0.570516 -0.391931 0.304890 0.175026 0.830890 -0.209628 -0.004115 0.094937 0.104275 -0.781281
VERTEX_POSE A1842 0.946634 -0.012259 0.659842 0.357512 0.700078 -0.675014 -0.423285 0.369112 0.045061 0.585720 0.554267 0.337353 -0.503513 -0.283554 0.650005 -0.265619 0.542869 0.077543 0.392024 -0.425951
VERTEX_POSE A1843 0.606663 -0.448263 -0.514985 0.138936 -0.753434 0.010042 0.102447 -0.443961 0.474571 -0.353586 0.311300 -0.464182 0.238784 0.771929 0.484866 -0.382297 0.312530 0.569317 0.813211 0.111544
VERTEX_POSE A1844 -0.574238 -0.688222 -0.286714 0.267627 -0.009951 0.063461 0.251659 0.467369 -0.553900 -0.238944 -0.254992 0.595547 0.497720 -0.186778 0.371769 -0.648518 0.561182 -0.443034 0.459644 0.605586
VERTEX_POSE A1845 -0.727231 -0.152308 0.463034 -0.909567 0.966648 0.820884 0.029960 0.303379 0.147635 -0.686482 -0.444696 -0.334084 0.382785 0.261053 0.437295 0.428384 -0.149880 0.038914 0.444755 -0.787143
VERTEX_POSE A1846 0.257515 0.609096 -0.274623 0.558806 -0.080275 0.447621 0.089059 -0.400503 -0.464235 0.291803 -0.488714 -0.419939 -0.510824 -0.574972 0.563156 -0.532822 -0.278776 -0.301044 -0.601730 0.438687
VERTEX_POSE A1847 0.707327 -0.512882 -0.393031 0.818700 0.357651 -0.326340 -0.444783 0.739158 0.414037 -0.519099 -0.313711 0.601944 -0.448315 0.221364 -0.587077 -0.532735 -0.309148 0.122799 0.218889 0.458973
VERTEX_POSE A1848 -0.114299 -0.199398 0.631386 -0.956334 -0.037772 0.440289 0.279318 -0.098481 0.397177 0.509620 0.702914 0.115513 -0.367592 0.307153 0.444420 0.327692 -0.633739 0.661470 -0.647892 0.015640
VERTEX_POSE A1849 0.604961 -0.378569 0.970889 0.948396 0.776009 -0.636697 0.244189 0.487547 0.507474 0.727621 -0.126315 0.566277 -0.262402 0.653085 -0.005577 -0.266179 -0.565400 0.128009 -0.520801 0.012041
VERTEX_POSE A1850 -0.128807 -0.655641 0.965995 0.743376 -0.372216 -0.797482 0.139913 -0.486094 -0.206793 -0.600353 0.526409 -0.525531 0.019078 0.402299 0.043481 -0.772850 -0.528307 -0.207811 -0.149462 0.213667
VERTEX_POSE A1851 -0.262748 0.252901 0.382937 -0.259126 -0.382661 0.342021 0.510127 0.085047 -0.489483 0.393873 -0.087257 -0.456313 0.397716 0.661414 0.472894 0.620502 -0.205218 -0.459976 0.203552 -0.711035
VERTEX_POSE A1852 0.596563 -0.280747 0.909232 -0.039313 -0.780704 -0.499498 0.636105 -0.004005 0.699210 0.050236 -0.390334 -0.019794 -0.324290 0.725286 0.255841 0.653434 0.192761 -0.442449 -0.246388 -0.533317
VERTEX_POSE A1853 0.182169 0.269009 0.953150 -0.887030 0.727592 0.583298 -0.284948 -0.536097 0.195910 -0.027483 0.144532 0.769251 0.016410 0.360933 0.121931 0.834104 -0.500502 -0.121530 -0.471222 -0.557616
VERTEX_POSE A1854 0.924370 0.229293 0.411211 -0.275921 -0.887360 -0.449096 0.798347 0.261193 -0.111169 0.284080 -0.684882 0.696910 0.163109 0.067628 -0.173455 -0.132362 -0.638526 -0.519793 -0.487663 0.224558
VERTEX_POSE A1855 -0.722145 0.925682 0.088591 -0.546858 0.341102 0.332707 0.381317 -0.269930 0.404711 -0.468964 -0.503885 -0.551047 0.551203 -0.450313 -0.323651 -0.185732 0.556576 -0.563127 -0.544380 -0.400847
VERTEX_POSE A1856 0.119998 -0.616031 -0.486042 -0.623331 -0.459346 -0.135546 0.228192 0.712232 0.573040 -0.671235 0.410787 0.476781 0.606298 -0.015310 0.297375 -0.181972 -0.565486 -0.580948 -0.310902 -0.063007
VERTEX_POSE A1857 0.295654 -0.576529 0.324750 0.428831 0.768726 0.261475 0.469344 -0.165068 -0.403787 -0.585284 0.139626 -0.442735 0.639043 0.473689 -0.722899 0.136476 -0.611933 0.223586 0.100783 -0.595326
VERTEX_POSE A1858 0.611190 -0.443624 -0.673694 0.805145 -0.538975 0.600639 0.486512 0.430413 -0.652485 0.628385 0.100037 0.228230 -0.184026 -0.524250 -0.055137 0.361411 -0.672704 0.397954 0.451613 -0.278150
VERTEX_POSE A1859 -0.208333 -0.594862 -0.211976 -0.449656 -0.686012 -0.393895 0.418639 0.060371 -0.577646 0.529010 -0.331689 -0.429777 -0.418272 0.048164 -0.067170 -0.390752 -0.867738 -0.567408 -0.466102 0.362006
VERTEX_POSE A1860 0.130561 0.205886 -0.541975 -0.435818 0.229412 -0.713712 -0.321842 -0.445925 0.328047 -0.838752 0.226289 -0.600917 0.019830 0.598587 0.147956 0.383635 -0.232746 0.002827 0.212942 0.580919
VERTEX_POSE A1861 0.673337 0.842777 -0.155674 -0.370130 -0.825595 -0.186944 -0.450943 -0.867580 0.128961 -0.719280 0.325602 -0.698757 -0.071896 0.114871 0.406681 0.379208 -0.355844 -0.542928 0.360999 -0.038316
VERTEX_POSE A1862 0.855548 -0.250864 0.078477 0.420012 0.208479 -0.589279 -0.010588 0.353300 0.269470 0.426142 -0.369667 0.016274 0.498385 -0.439084 -0.757773 0.096194 -0.472005 -0.075176 0.748766 0.568279
VERTEX_POSE A1863 -0.550171 -0.489478 -0.560931 -0.297118 0.913134 0.011815 -0.463896 -0.098071 -0.635689 0.060103 -0.185085 0.537330 0.668547 -0.047564 0.553631 -0.564828 -0.203947 -0.023003 0.123299 -0.955128
VERTEX_POSE A1864 0.928876 -0.206856 -0.569018 -0.879294 0.298402 0.209163 -0.651164 -0.670361 0.475581 0.521483 -0.300136 0.024006 0.432452 -0.579226 0.827085 -0.216080 0.320338 0.213139 0.265210 0.149720
VERTEX_POSE A1865 0.044930 -0.438285 0.826671 -0.795558 0.971637 -0.088804 -0.551534 0.727713 0.438421 0.318271 0.053224 -0.129897 0.721057 0.631385 0.709230 0.064306 -0.021415 -0.529170 0.265435 -0.261717
VERTEX_POSE A1866 0.449185 0.872188 0.541279 -0.205986 0.180475 -0.122406 0.094317 0.287389 0.806148 0.507230 -0.253775 -0.032431 0.489546 0.479778 0.577068 -0.672705 0.403766 0.032913 0.204045 0.678079
VERTEX_POSE A1867 -0.765471 -0.071042 -0.549283 0.499453 0.172144 -0.284913 -0.309917 0.405553 0.263080 0.472001 -0.343118 -0.603242 0.749091 0.147008 -0.457099 -0.259258 -0.820249 0.526092 0.229816 -0.152898
VERTEX_POSE A1868 0.640317 -0.709627 -0.091246 -0.786574 -0.364434 -0.044172 -0.551142 -0.152885 0.155926 0.796304 -0.323500 0.533158 0.048930 0.735061 -0.155020 0.161707 0.466063 0.815749 -0.183302 -0.338297
VERTEX_POSE A1869 -0.475429 0.894481 0.611001 0.340784 -0.126983 -0.068115 -0.500472 -0.691193 -0.734152 0.579176 -0.291599 0.536046 0.288455 -0.413016 -0.179286 -0.254853 0.498641 -0.369989 -0.515681 -0.134155
VERTEX_POSE A1870 -0.282151 0.066571 0.266610 0.093520 0.331290 -0.632038 -0.065097 -0.449417 0.188523 0.002835 -0.454328 -0.525030 0.694675 -0.046059 0.248243 0.623595 0.382766 0.477185 0.352575 -0.665567
VERTEX_POSE A1871 0.702508 0.172361 0.105431 0.864888 0.259484 -0.104212 0.439479 -0.108231 -0.103865 0.463043 -0.206417 -0.213865 0.501057 0.802849 0.870867 0.423692 -0.099078 0.417378 -0.402339 0.539718
VERTEX_POSE A1872 0.883662 0.380565 0.318017 0.913032 0.166977 -0.204776 0.609842 0.129329 0.509650 0.550577 -0.514085 0.730438 0.095535 0.586289 -0.405923 0.554838 0.348207 0.003143 -0.089358 0.503992
VERTEX_POSE A1873 -0.335518 -0.945689 -0.073547 -0.548968 0.031368 -0.162258 -0.057669 0.494155 0.510280 -0.666632 0.486506 -0.804548 -0.181484 0.399024 0.167885 0.437851 0.444498 -0.194433 -0.572386 -0.402895
VERTEX_POSE A1874 0.309172 0.724099 0.590446 0.003824 0.506050 0.448386 -0.469211 -0.415701 -0.065547 0.343358 0.221053 0.230325 -0.672857 0.395833 0.649989 0.392219 -0.414246 0.564906 0.235316 0.670854
VERTEX_POSE A1875 -0.690575 0.692343 -0.968697 0.180659 -0.842973 0.721441 -0.164542 -0.454144 0.332384 0.275962 -0.324782 -0.083092 -0.583902 0.237989 0.470381 0.436497 0.743025 -0.375341 0.604400 -0.282039
VERTEX_POSE A1876 -0.062748 -0.097997 -0.610514 -0.458534 -0.001983 0.519549 0.385661 0.273680 0.505752 -0.587589 0.465932 0.046682 0.472238 -0.200211 0.135257 0.531957 0.499052 0.673654 0.004169 -0.647201
VERTEX_POSE A1877 -0.433314 0.333195 -0.684178 -0.437371 -0.574225 0.268252 0.638101 -0.176993 -0.093009 -0.720098 -0.056808 -0.751771 0.148486 -0.039132 -0.549098 0.163732 -0.398484 -0.229614 0.159466 0.897288
VERTEX_POSE A1878 -0.983249 -0.820539 -0.361728 -0.000641 0.514677 -0.499696 0.070651 -0.010528 0.567264 0.155037 0.168267 0.481883 -0.039159 0.544117 -0.052368 -0.965755 0.164056 -0.439957 0.191718 0.805355
VERTEX_POSE A1879 0.822952 0.702606 -0.979128 -0.414868 0.960245 -0.394901 -0.642007 0.489450 -0.378082 0.091001 0.135807 0.624766 -0.654882 -0.228380 -0.551298 -0.364654 -0.619527 -0.082739 0.133052 -0.553194
VERTEX_POSE A1880 -0.828353 0.954626 -0.713288 -0.488974 -0.798216 0.242949 -0.296355 -0.329630 0.286416 -0.221453 -0.574023 0.629422 -0.071210 -0.222125 -0.482144 -0.813967 -0.090181 0.479903 -0.442176 0.710190
VERTEX_POSE A1881 -0.112056 -0.476180 -0.395733 -0.257265 -0.857539 0.763837 0.556327 0.062082 0.159257 -0.376940 -0.752899 -0.075815 0.363037 -0.110831 0.517517 -0.645386 0.438174 -0.342956 0.009890 0.474350
VERTEX_POSE A1882 -0.439796 -0.044494 0.403809 0.326006 -0.422416 0.022420 -0.749712 -0.481560 -0.384178 -0.000647 0.444999 -0.471663 0.511702 -0.698878 -0.518927 -0.011907 0.285736 0.600127 0.419465 0.000660
VERTEX_POSE A1883 0.768211 -0.326121 -0.804056 0.471713 -0.578920 -0.646146 0.082664 0.230994 0.014547 -0.230881 0.924326 -0.366036 0.351644 0.114331 0.503464 0.775195 0.261312 0.441389 -0.463982 0.104437
VERTEX_POSE A1884 -0.929887 0.792830 -0.442583 -0.144296 0.870054 0.649755 -0.478727 0.482397 -0.266712 0.570500 0.710406 -0.514351 -0.371151 -0.193053 0.276026 0.280207 -0.370055 0.407351 0.478624 -0.297331
VERTEX_POSE A1885 -0.515427 -0.815200 -0.184980 -0.949915 -0.309776 -0.453278 -0.554267 0.553759 0.557758 -0.207629 -0.277452 0.152811 0.413807 0.207072 -0.597457 -0.038708 -0.731504 0.321152 -0.690611 -0.195943
VERTEX_POSE A1886 -0.953935 -0.400439 0.284535 0.924855 0.762182 -0.347277 -0.573662 -0.084657 -0.322676 -0.312958 0.544976 -0.530763 -0.309088 -0.485952 0.451893 -0.579620 0.402654 -0.537924 0.376131 0.545487
VERTEX_POSE A1887 0.190110 -0.823202 0.071375 0.232373 -0.589292 -0.407765 0.615325 -0.389142 -0.200383 0.656625 0.366617 0.199786 0.077987 0.477898 0.812024 0.369041 -0.429946 -0.307047 -0.218967 -0.548563
VERTEX_POSE A1888 0.780227 -0.391729 -0.860230 0.478916 -0.541050 0.112574 0.423210 0.681923 0.444749 0.319761 -0.217826 0.433214 -0.222969 -0.508435 0.367604 0.655448 -0.174363 -0.683168 0.489202 -0.445672
VERTEX_POSE A1889 0.657255 0.155936 0.610841 0.730000 -0.776793 -0.720290 -0.384143 0.397869 -0.078910 -0.472619 0.276611 0.092003 -0.704103 -0.684904 0.461075 -0.236624 0.352978 -0.503885 0.278055 -0.414126
VERTEX_POSE A1890 0.981777 -0.418064 0.859399 0.782717 -0.275304 0.346154 0.414708 -0.224240 -0.704232 0.165650 -0.685576 -0.203456 -0.520926 0.012912 -0.494014 -0.179541 0.535591 -0.314310 0.704968 0.438951
VERTEX_POSE A1891 -0.089211 0.814157 -0.402205 -0.956902 0.688362 -0.565655 0.322148 0.438396 -0.516792 0.024053 0.214616 0.278932 0.173465 -0.287727 -0.513424 -0.637785 -0.524040 -0.267495 0.677335 -0.635881
VERTEX_POSE A1892 0.330592 -0.001287 -0.544833 -0.640130 -0.602388 -0.599348 -0.659554 0.417424 -0.566359 0.230003 -0.644791 -0.247736 0.484927 0.411520 0.502331 -0.212315 0.051171 -0.079440 0.481514 0.487887
VERTEX_POSE A1893 0.837325 0.331072 -0.062123 0.202729 0.933174 -0.442933 -0.367832 -0.530242 0.632594 -0.351355 -0.006265 -0.539913 -0.408233 0.114526 0.315105 -0.650874 -0.247916 0.113307 0.388532 -0.802637
VERTEX_POSE A1894 0.360618 -0.675322 0.036864 -0.254020 0.601497 0.369417 -0.617828 -0.180722 0.736483 0.177477 -0.519859 0.168812 -0.068147 0.415217 -0.072126 0.702438 -0.272008 -0.536119 -0.297873 -0.671337
VERTEX_POSE A1895 0.259468 0.791857 -0.113852 -0.519424 0.696014 -0.138152 -0.378024 0.703567 0.223375 0.121007 0.253851 -0.799240 0.574605 0.059617 0.536798 0.682064 0.086195 -0.063890 -0.216963 -0.655415
VERTEX_POSE A1896 -0.117746 0.892788 -0.235452 0.407171 0.904811 -0.393135 0.084953 0.495542 0.453288 0.609342 0.461724 0.563297 -0.685485 0.448291 0.247323 0.376812 0.106353 0.511373 0.098026 -0.573562
VERTEX_POSE A1897 -0.190197 -0.803133 -0.421858 0.539993 -0.218028 0.405066 0.461776 0.033733 0.015173 -0.385419 0.340528 -0.887014 0.379507 0.058381 -0.036322 -0.103484 -0.937800 0.218124 0.695328 -0.005083
VERTEX_POSE A1898 0.493997 -0.279185 0.336865 0.980029 -0.131842 -0.688511 -0.295034 -0.009841 -0.152435 -0.592491 0.120881 0.483380 0.148501 0.336543 0.181364 -0.442877 0.729468 0.485970 -0.586273 -0.583014
VERTEX_POSE A1899 -0.477429 -0.816840 0.673302 0.620597 -0.459622 0.555912 -0.502477 0.112571 0.184564 0.455102 0.040160 0.532586 -0.271120 -0.534063 -0.542777 -0.311774 -0.660601 -0.280433 -0.608021 0.513906
VERTEX_POSE A1900 0.334374 -0.908652 -0.810857 -0.119223 0.654989 0.303051 -0.746280 -0.244736 0.305013 0.642773 -0.267030 -0.668098 -0.046593 -0.715940 0.529339 -0.083086 -0.330039 -0.297611 -0.144343 0.497296
VERTEX_POSE A1901 -0.788154 0.787386 -0.396524 0.073549 -0.800552 -0.321149 -0.637535 -0.096374 -0.035187 0.636876 0.325684 0.443858 -0.410588 0.371872 0.623207 0.092628 -0.721206 0.556982 -0.103806 0.475620
VERTEX_POSE A1902 -0.774920 0.355522 -0.221267 0.485485 0.799861 -0.724748 -0.368605 -0.412881 -0.241244 0.828769 -0.307235 -0.305796 -0.183151 0.634300 0.435567 0.033654 0.068330 -0.365118 0.377618 0.572827
VERTEX_POSE A1903 0.218036 0.471913 0.507160 -0.206190 -0.178034 0.573767 -0.272891 0.572166 -0.045539 0.719170 0.410633 -0.480821 -0.006960 0.666954 -0.245511 -0.637152 0.219128 -0.614209 -0.048113 -0.105653
VERTEX_POSE A1904 -0.123671 0.841697 0.529928 0.524581 0.230816 -0.368016 -0.242959 0.679265 0.640629 0.464705 0.101133 0.315747 -0.765600 -0.419797 0.274681 0.137104 0.016035 -0.528216 0.346526 -0.593199
VERTEX_POSE A1905 0.534251 0.079620 -0.630821 -0.510691 0.305911 0.559811 0.427857 -0.645685 -0.565001 -0.192926 -0.672043 -0.160239 -0.142811 -0.339096 0.584386 -0.620697 -0.123340 0.014191 -0.611603 -0.035355
VERTEX_POSE A1906 0.527461 0.164256 0.538463 0.974469 -0.021008 0.010864 -0.504052 0.267419 -0.001173 -0.325593 0.590474 0.922812 -0.203262 -0.290854 -0.116960 0.410335 -0.335708 0.366904 0.655920 0.618491
VERTEX_POSE A1907 0.813580 -0.256299 0.919414 -0.933953 -0.771167 0.093559 0.506351 0.036318 0.378068 0.622119 -0.535340 0.405377 -0.377833 -0.513106 0.687072 -0.372195 0.155818 0.460340 0.274389 0.651564
VERTEX_POSE A1908 -0.899063 -0.587185 -0.314999 0.051938 0.731685 -0.732505 0.607827 0.211273 -0.190631 -0.480214 -0.159181 -0.268883 -0.382406 0.450603 0.353945 0.472467 -0.355295 -0.479085 -0.174589 -0.775079
VERTEX_POSE A1909 0.544212 0.343718 -0.823265 -0.026172 -0.506330 -0.224672 0.175943 -0.587708 0.267902 0.349284 -0.498339 0.715308 -0.621697 -0.271273 0.529191 0.666005 0.050996 -0.293329 -0.130286 -0.574515
VERTEX_POSE A1910 0.636532 -0.553694 0.940287 -0.348821 -0.810922 0.532483 0.087009 -0.205649 -0.143042 -0.476879 0.713560 0.510178 -0.395510 -0.305485 0.567988 0.505444 0.587504 -0.336316 0.594234 -0.100293
VERTEX_POSE A1911 -0.727415 -0.632559 -0.028287 0.562964 0.933469 -0.195154 0.340257 0.036264 -0.199290 -0.488776 0.519938 -0.572827 -0.596187 -0.116253 -0.685513 0.538318 0.334715 -0.352335 0.009914 -0.776402
VERTEX_POSE A1912 -0.567844 0.867538 -0.218998 0.716563 -0.363869 0.333588 0.533260 0.208164 -0.585975 -0.492459 0.263046 0.336861 -0.510577 -0.528804 -0.213034 0.043115 0.503458 -0.621686 0.458880 -0.595291
VERTEX_POSE A1913 -0.803264 0.401813 0.344096 0.977185 -0.233337 -0.695367 0.366186 -0.447964 0.123280 0.711615 0.408871 0.125020 -0.431248 0.213690 0.565582 0.099186 -0.759243 0.407128 0.404597 0.100198
VERTEX_POSE A1914 -0.959205 0.041320 0.167657 0.034676 -0.645451 0.855970 0.224696 -0.038341 -0.210449 0.614104 -0.630497 -0.347679 0.599166 0.445347 -0.158851 -0.153647 0.444536 -0.277329 -0.435638 -0.452833
VERTEX_POSE A1915 -0.497731 0.660368 0.338420 -0.427733 -0.493816 0.666051 0.637552 -0.360700 -0.393011 0.473841 0.288569 0.301478 -0.559768 -0.340952 0.527469 -0.183138 0.766606 -0.181126 -0.148735 -0.287559
VERTEX_POSE A1916 -0.318691 0.586612 -0.840885 -0.972730 0.456887 -0.617273 -0.082885 -0.602101 -0.240232 -0.266311 0.546396 -0.461954 -0.644181 0.106598 -0.243074 0.167635 0.563370 0.537379 -0.692198 -0.100887
VERTEX_POSE A1917 -0.913139 0.640881 -0.547808 -0.040469 -0.883270 0.432424 0.267100 0.355211 -0.648615 0.668144 -0.007909 -0.143328 0.322454 0.405227 0.235565 0.366578 -0.825656 0.562383 0.493847 0.166869
VERTEX_POSE A1918 0.692380 0.837166 -0.590205 0.804640 -0.083108 -0.267717 0.569268 0.114235 -0.219641 -0.532052 0.428146 0.427810 0.566708 0.404605 -0.510369 0.231747 -0.595934 0.660748 -0.134128 -0.533666
VERTEX_POSE A1919 -0.538463 -0.805117 -0.701115 0.506185 0.915837 -0.452707 -0.105744 -0.186698 0.187778 0.744942 0.017243 0.245361 0.437841 -0.612676 -0.108797 -0.294148 -0.767358 0.829311 -0.394528 -0.025222
VERTEX_POSE A1920 0.744116 -0.203183 -0.936967 -0.310469 -0.660063 -0.137448 -0.028052 0.621075 -0.474911 -0.292807 0.332931 -0.611245 0.681372 0.144830 0.354963 -0.157719 0.668973 0.505914 0.651409 0.186877
VERTEX_POSE A1921 0.674157 -0.580898 -0.730806 0.587357 0.641588 0.300206 0.402297 -0.076278 0.803398 0.095552 0.425626 -0.365540 0.592843 -0.016572 -0.221973 -0.576523 0.497268 0.285547 -0.381032 -0.751980
VERTEX_POSE A1922 0.372326 -0.990960 -0.103321 0.549283 0.604199 0.531515 -0.457758 -0.376952 0.285351 0.330863 -0.313030 0.468745 0.498799 0.632865 0.489611 0.319663 -0.398609 0.420268 -0.574459 0.447786
VERTEX_POSE A1923 0.074708 0.795530 -0.481800 0.049401 -0.262451 0.184057 -0.159287 0.443521 -0.038047 0.035627 -0.545102 0.669402 -0.536690 -0.448184 0.423386 -0.185691 0.549248 0.580793 0.806747 -0.060092
VERTEX_POSE A1924 0.511481 0.750175 0.207071 -0.209914 0.574762 0.664606 -0.564080 0.335812 -0.520124 -0.459432 0.270497 -0.064122 0.438031 0.889600 0.532555 0.313225 -0.049539 0.006569 -0.425153 0.142196
VERTEX_POSE A1925 -0.267057 -0.666282 0.933543 -0.704737 0.205696 -0.760496 -0.232899 0.015768 -0.116749 -0.544455 -0.146480 0.463521 -0.521552 -0.550276 0.426835 0.148777 0.410894 -0.104764 0.595966 -0.711799
VERTEX_POSE A1926 -0.665824 0.587387 0.404348 0.529977 -0.566437 0.264992 -0.088231 0.921719 -0.551015 0.195584 0.384021 0.533401 -0.113030 -0.008003 0.127935 0.962734 0.012040 0.570331 0.119707 -0.052459
VERTEX_POSE A1927 -0.606264 0.642962 0.971619 -0.802743 0.479574 0.303232 -0.572709 0.311357 0.660769 0.269041 0.244632 0.143657 -0.731786 -0.425059 -0.383134 -0.253094 0.790160 -0.551368 -0.007339 -0.195406
VERTEX_POSE A1928 0.542746 -0.469416 -0.488315 0.835257 0.987668 0.072031 0.047296 0.186436 -0.021537 -0.562332 -0.785617 -0.514357 0.697211 -0.482813 0.226079 -0.071894 -0.175314 -0.823816 -0.436204 0.290178
VERTEX_POSE A1929 0.828174 -0.691798 -0.258787 0.510006 0.301720 -0.541015 0.453125 0.373211 -0.530315 -0.543765 0.518521 -0.608894 0.292350 -0.595263 0.175034 0.231688 0.343784 -0.157095 -0.599874 -0.345433
VERTEX_POSE A1930 -0.083693 0.826123 0.644921 0.817854 -0.980049 -0.196725 -0.656443 -0.156519 -0.431244 -0.478491 -0.398345 -0.124986 -0.109014 0.479072 0.123792 0.348618 -0.764335 0.862776 -0.454655 -0.055726
VERTEX_POSE A1931 -0.122880 -0.378068 -0.299171 -0.283966 0.642657 -0.480563 0.350617 0.762913 -0.305793 -0.493179 0.282726 0.550513 0.390753 0.318693 -0.037909 0.632510 -0.199740 -0.609137 0.284754 -0.443360
VERTEX_POSE A1932 -0.959980 -0.904412 0.344689 -0.416445 0.501168 -0.781921 -0.264762 -0.311176 -0.538084 0.673661 0.345635 -0.114335 0.248040 -0.141336 0.179610 0.500141 -0.815300 -0.231806 -0.405483 -0.314669
VERTEX_POSE A1933 0.141386 0.181644 -0.576346 0.303339 0.819813 -0.273534 -0.500214 0.218455 -0.111514 -0.389625 0.764369 -0.732353 0.299377 0.055789 -0.356911 0.540659 0.248863 -0.499016 -0.464800 -0.550428
VERTEX_POSE A1934 -0.904844 -0.906155 -0.792011 0.509843 -0.535378 -0.473100 -0.437468 0.597304 0.064266 -0.287844 0.441804 -0.172915 -0.644449 -0.644686 -0.703955 0.535240 -0.094726 0.496582 0.154824 0.153113
VERTEX_POSE A1935 -0.083651 0.937285 -0.125383 -0.891864 -0.268015 0.713039 -0.186780 -0.530816 -0.361554 0.152390 -0.463142 -0.388498 0.274578 0.028172 0.180431 -0.364523 0.666830 -0.421151 -0.856517 -0.241410
VERTEX_POSE A1936 -0.324362 -0.738735 -0.207167 0.792648 0.125723 -0.311979 0.332806 0.111367 0.566786 0.261340 0.253112 -0.681431 0.076724 0.546096 0.254075 0.621808 0.450629 0.229172 -0.654530 0.649803
VERTEX_POSE A1937 0.622616 0.258102 0.746452 0.484312 0.443615 -0.108798 -0.639440 0.704820 -0.282489 0.171127 -0.251648 0.421074 0.662094 0.592181 0.672974 -0.287523 -0.279383 0.527414 -0.201974 -0.105684
VERTEX_POSE A1938 -0.270071 -0.319014 -0.205969 -0.825817 -0.039182 -0.385780 0.427423 -0.350186 -0.361627 0.410214 0.420849 0.357718 -0.266076 0.609758 0.457470 0.753412 0.255027 -0.618998 -0.102992 0.513237
VERTEX_POSE A1939 -0.223425 -0.325920 0.477835 -0.155414 -0.142591 0.248581 -0.220669 -0.842543 -0.422839 0.514933 0.102600 -0.573149 0.067560 -0.413079 -0.498637 0.079286 -0.232687 0.426939 0.821766 -0.234129
VERTEX_POSE A1940 0.166828 -0.398181 0.923187 -0.541860 0.937284 0.080708 0.313825 -0.547762 -0.463973 -0.238211 0.369109 -0.326859 0.542087 0.563070 0.653941 -0.405924 0.446091 0.493700 0.621399 0.218335
VERTEX_POSE A1941 -0.633539 0.127292 -0.265682 -0.174639 0.149896 0.221328 -0.643378 0.639676 0.228464 0.502156 0.685492 -0.734490 -0.266972 0.218735 -0.558831 0.106821 0.162152 0.216911 -0.501218 -0.216282
VERTEX_POSE A1942 0.049160 0.041521 -0.550452 -0.592450 -0.209122 0.147631 -0.345391 -0.258815 0.682372 0.265684 0.655855 0.159950 0.634435 -0.420374 -0.350266 0.638298 -0.007378 -0.603575 0.013600 0.571053
VERTEX_POSE A1943 0.598985 -0.530642 -0.295811 -0.825297 -0.426585 0.415335 -0.175268 0.109944 -0.657367 0.006805 0.627490 -0.551794 -0.575485 -0.471124 0.161762 -0.472494 -0.228825 -0.254405 0.644051 -0.565552
VERTEX_POSE A1944 -0.436803 -0.470895 -0.921586 -0.197454 0.916559 -0.448019 0.220365 0.480119 -0.366076 0.759084 -0.364381 0.290171 -0.070077 -0.677206 0.714505 0.597821 0.268276 0.265615 -0.113706 0.325779
VERTEX_POSE A1945 0.089955 -0.917158 0.617205 0.442226 0.145426 -0.542721 0.319053 0.612764 0.492994 -0.571758 0.318529 0.253776 0.275459 0.445610 -0.570115 -0.401633 -0.329654 0.270143 0.578024 -0.464565
VERTEX_POSE A1946 -0.898746 -0.870274 -0.957392 -0.253030 0.079600 -0.052342 -0.591273 0.460508 -0.636262 -0.012486 0.243082 -0.534637 0.517322 -0.242223 -0.427755 -0.614417 -0.585479 0.351596 -0.071482 -0.572176
VERTEX_POSE A1947 0.244506 -0.884283 -0.762471 -0.170184 0.373446 -0.244824 0.205166 0.866043 0.240469 0.586423 -0.366045 0.760839 0.338707 0.324413 -0.509441 0.465654 -0.075166 0.209355 -0.531469 0.071322
VERTEX_POSE A1948 0.176816 0.723722 -0.930603 -0.598243 0.262157 0.441098 -0.412857 0.429019 0.100501 -0.437041 -0.852203 0.646708 0.013474 -0.144505 -0.223932 0.537951 -0.237751 -0.571800 -0.590738 0.110842
VERTEX_POSE A1949 0.793633 0.966892 -0.547597 -0.448390 0.996492 -0.351867 -0.564298 0.289356 0.678728 0.052322 0.685353 0.304945 0.370006 -0.175127 -0.565799 0.643985 0.514115 0.048964 0.356664 -0.389332
VERTEX_POSE A1950 0.706043 -0.689400 -0.463587 -0.663999 0.289283 -0.292212 0.413303 0.179472 -0.332037 -0.064353 -0.407471 0.710176 0.633440 -0.205694 -0.467027 0.482784 -0.549733 -0.286179 0.436706 0.676196
VERTEX_POSE A1951 -0.079068 -0.479460 -0.867570 0.091289 0.602094 -0.084930 -0.192417 0.314415 -0.477848 0.514640 -0.616661 0.605420 0.671742 0.258419 -0.395931 0.495361 0.451475 0.491074 0.038733 -0.500262
VERTEX_POSE A1952 0.467790 -0.614006 -0.278402 -0.861032 0.638080 -0.412199 0.538717 0.608761 -0.314548 0.348509 -0.587314 0.504275 0.672168 0.104139 0.353491 -0.322664 0.459179 -0.593213 -0.180008 0.250564
VERTEX_POSE A1953 0.078369 -0.680360 0.433093 0.885285 -0.106518 0.013200 0.166063 -0.100537 0.709184 0.683197 0.096616 -0.277220 0.293912 0.600432 -0.230919 0.380071 -0.776266 0.605565 -0.524238 -0.132097
VERTEX_POSE A1954 0.995640 -0.683930 -0.349370 -0.859310 -0.660357 -0.699028 0.702712 -0.097005 0.486002 0.455508 -0.602896 -0.182957 -0.235136 -0.421032 0.160333 0.315716 0.664701 0.464740 0.379134 0.089502
VERTEX_POSE A1955 -0.020729 -0.863831 0.928669 -0.070946 0.212842 0.448459 -0.337541 0.775408 0.810760 0.491954 -0.296074 -0.044914 0.531047 0.497421 0.324721 -0.550179 -0.251511 0.184636 -0.243597 -0.019938
VERTEX_POSE A1956 0.811312 -0.346643 0.366636 -0.819452 -0.900822 0.376297 0.248328 -0.663592 0.602857 0.486813 0.552251 -0.252321 0.574273 0.177572 0.634066 -0.229344 -0.178561 0.171050 -0.564763 0.437320
VERTEX_POSE A1957 -0.670183 0.903457 -0.945023 0.670667 -0.226795 -0.424683 0.676291 0.122300 -0.136051 0.190016 0.659806 0.387854 0.666582 -0.489277 -0.713320 0.052318 -0.187752 0.376667 0.243835 0.524459
VERTEX_POSE A1958 0.373007 0.779131 0.900288 0.126311 -0.307584 -0.082123 0.360819 0.475008 0.543397 0.537982 -0.423321 -0.628797 0.505577 0.198684 0.458707 0.393305 0.483139 -0.303608 0.412417 -0.567687
VERTEX_POSE A1959 0.354058 0.183942 0.878321 -0.984196 -0.913154 -0.124325 -0.731554 -0.482586 0.485932 -0.160137 -0.362513 0.701425 -0.069091 -0.119796 0.487628 0.243863 0.196859 0.136508 -0.612325 0.763276
VERTEX_POSE A1960 -0.842010 -0.788341 -0.203809 0.180673 -0.925075 -0.539553 -0.373933 0.572698 0.250017 0.588951 0.752573 -0.534953 0.078435 -0.007501 0.482405 -0.705941 0.311262 0.357051 0.093835 -0.093325
VERTEX_POSE A1961 -0.710686 0.605254 0.545209 -0.055835 -0.287632 0.446582 0.564697 -0.392420 0.399723 -0.723412 0.100929 -0.435549 -0.202378 -0.044065 0.616805 -0.201819 -0.196643 0.265772 0.275872 0.891745
VERTEX_POSE A1962 -0.768822 0.805874 -0.420850 -0.268162 0.729503 0.206161 0.714592 -0.548615 0.437337 -0.462448 -0.177919 0.385878 -0.381671 -0.586854 0.613391 0.043316 0.540919 0.491003 0.357703 0.174284
VERTEX_POSE A1963 -0.801990 -0.692753 -0.859120 0.764228 0.576094 0.251938 -0.361767 0.586387 0.806645 0.222725 0.054235 0.257943 -0.366384 -0.799684 0.100143 0.811307 -0.103405 -0.457480 0.164504 -0.054967
VERTEX_POSE A1964 0.430701 -0.213102 0.968864 -0.752495 -0.467820 0.693252 0.506132 0.079546 -0.023171 0.077103 -0.441942 0.347403 0.202814 -0.639638 -0.601176 0.480100 -0.410659 0.191738 -0.682829 -0.469662
VERTEX_POSE A1965 -0.673667 0.899719 -0.212861 -0.758318 -0.805875 -0.592968 -0.102060 0.086148 -0.245911 0.021626 -0.896671 0.220526 0.690674 -0.291837 0.689674 -0.039542 -0.035441 -0.252259 0.714508 0.319585
VERTEX_POSE A1966 0.114359 -0.755468 0.015497 0.872364 -0.691922 0.598460 -0.748238 0.186664 0.591905 0.325211 -0.708749 -0.157852 -0.456547 -0.456595 -0.222700 -0.154421 -0.003628 0.465813 0.319528 0.504321
VERTEX_POSE A1967 -0.893662 0.048163 -0.238303 -0.959847 0.657903 -0.720820 0.044608 0.016467 0.480185 -0.678402 0.071298 -0.477360 -0.724944 -0.211100 -0.114521 -0.110310 0.965533 0.094090 -0.008289 -0.133521
VERTEX_POSE A1968 0.948950 0.157821 -0.466410 0.725994 0.637740 -0.149277 0.423127 -0.518539 0.463435 0.156128 -0.156406 0.021973 -0.543631 -0.796787 -0.771068 -0.334964 0.112824 -0.409774 0.623580 -0.243014
VERTEX_POSE A1969 0.844287 -0.074482 0.809528 -0.953454 0.268896 0.264218 -0.641184 -0.706774 0.712611 -0.328792 0.592863 -0.319907 -0.413644 0.277662 0.555741 0.523992 -0.267582 -0.105766 0.187378 -0.016968
VERTEX_POSE A1970 -0.117087 0.722243 -0.760468 -0.115261 -0.484688 0.348943 -0.516608 0.009203 -0.389620 -0.652983 0.323808 0.662685 -0.344014 -0.412230 0.274587 0.426659 0.015367 -0.460309 -0.079663 -0.851407
VERTEX_POSE A1971 0.115778 0.759640 -0.543223 -0.815866 0.575025 -0.351428 0.422593 -0.637109 -0.759336 -0.628186 0.040466 -0.184557 0.023699 0.284956 -0.181676 0.386460 0.714675 0.482534 -0.526199 -0.022258
VERTEX_POSE A1972 -0.789252 -0.947190 -0.456154 -0.128092 -0.581207 0.290102 -0.165346 -0.448577 0.469567 -0.730658 0.236687 0.526682 0.030328 0.350725 0.583928 0.387469 -0.550987 0.277456 0.536421 0.562284
VERTEX_POSE A1973 0.932073 -0.236236 -0.310920 0.292289 0.306190 0.307594 0.291120 0.144266 -0.583164 0.776352 0.070585 -0.638943 -0.265246 -0.269068 -0.168600 -0.156442 0.948691 -0.358652 -0.466580 0.042332
VERTEX_POSE A1974 -0.285237 -0.771002 0.160966 -0.641164 -0.851560 -0.051311 0.790058 -0.583034 0.245257 -0.145775 -0.466934 -0.566196 0.411299 0.475898 0.637694 0.218007 0.301484 0.458241 0.371301 0.353089
VERTEX_POSE A1975 -0.226055 -0.418085 -0.377740 0.674454 -0.664648 -0.483450 0.375326 0.215202 -0.577297 -0.701908 0.288772 -0.040033 -0.027083 0.574884 -0.582025 0.072314 -0.666456 -0.304381 0.600410 0.309261
VERTEX_POSE A1976 0.022029 -0.153394 -0.693715 -0.265485 -0.548384 0.489800 0.114016 0.541603 -0.321128 -0.494424 -0.367263 0.107512 0.594446 -0.647506 -0.416549 0.623234 0.212682 0.686950 -0.027543 -0.327546
VERTEX_POSE A1977 -0.183984 -0.641276 0.203574 0.105806 0.228039 -0.347528 0.100880 -0.227541 -0.357422 0.418615 -0.293157 0.160776 -0.676818 -0.696486 0.797400 0.494053 -0.292970 0.299631 -0.335281 0.539778
VERTEX_POSE A1978 -0.981548 -0.302367 -0.140212 -0.495730 0.708798 0.056963 -0.822800 -0.412695 0.261958 0.379947 -0.593293 -0.843153 0.053483 -0.464630 0.211104 0.366155 -0.412631 -0.415526 0.204231 0.302557
VERTEX_POSE A1979 -0.801155 -0.429672 -0.624318 0.136272 0.713773 0.203937 0.386035 -0.260695 -0.512868 0.068759 0.058611 -0.749102 0.356193 0.216209 -0.171814 0.234855 -0.895683 -0.323577 -0.814996 -0.282149
VERTEX_POSE A1980 -0.390350 -0.674384 0.655978 0.657417 0.224531 0.103011 -0.375627 0.105297 -0.784350 0.229371 0.454992 0.437192 0.627091 0.577335 0.017430 -0.634202 0.641395 0.427485 -0.104108 0.192849
VERTEX_POSE A1981 0.724495 0.008233 0.396202 -0.159728 -0.001919 -0.536115 0.367055 0.178762 0.252613 0.597534 0.429599 0.578299 0.520617 -0.187743 -0.272162 0.069715 0.658305 0.490169 -0.481997 0.561138
VERTEX_POSE A1982 0.119776 0.090868 -0.491888 -0.772439 0.315866 -0.261844 -0.338553 0.756309 -0.260682 0.527363 0.127568 0.179836 0.325135 0.628077 -0.741571 -0.403295 -0.094036 -0.530296 0.582160 -0.091655
VERTEX_POSE A1983 -0.922560 -0.288390 -0.622425 0.796384 -0.137389 0.298700 -0.482045 0.222880 -0.653624 -0.392900 0.012872 -0.387321 0.338237 -0.647896 -0.428599 0.449566 0.728237 -0.387092 -0.544747 -0.007796
VERTEX_POSE A1984 -0.197136 0.327873 -0.170706 -0.274444 0.891564 -0.706666 0.300427 -0.292709 0.401304 0.294077 -0.703383 0.247746 0.717465 0.577804 -0.496340 0.329041 0.031809 0.178454 0.447479 -0.291040
VERTEX_POSE A1985 0.115417 0.406938 0.158741 -0.631749 0.655509 -0.034542 0.229259 -0.453763 -0.666577 0.446541 -0.454739 0.078971 -0.301449 -0.371594 0.732204 0.339122 -0.467529 -0.110104 -0.736319 -0.480256
VERTEX_POSE A1986 0.056711 -0.152221 -0.693756 -0.274562 -0.924546 -0.519913 -0.124060 0.405493 0.331066 -0.398652 -0.369115 -0.063696 0.659109 -0.617035 -0.661272 -0.445961 -0.542908 -0.422786 0.438612 0.154428
VERTEX_POSE A1987 -0.385824 0.981230 -0.804070 -0.093896 0.990742 0.733097 0.238492 -0.251509 -0.565550 -0.012087 -0.579413 -0.133651 0.658285 -0.438471 0.031768 0.636298 0.234285 -0.351924 0.323669 0.594876
VERTEX_POSE A1988 0.445233 0.310394 0.213719 -0.961082 -0.571286 -0.223371 -0.007186 0.454281 -0.108976 -0.523278 0.492344 0.282154 0.589236 0.688646 0.742186 0.144309 -0.198055 -0.554778 0.598418 -0.194340
VERTEX_POSE A1989 -0.570281 -0.373090 -0.793468 0.851749 -0.232130 0.330964 -0.568704 -0.052204 0.062075 -0.088105 -0.414617 -0.456880 0.592133 -0.088982 -0.317476 -0.201959 -0.835311 -0.759658 -0.526692 0.345985
VERTEX_POSE A1990 0.968234 0.165172 -0.925749 -0.078092 -0.922412 -0.451289 0.209834 0.197796 0.566897 -0.028291 -0.349733 0.310412 0.290537 -0.535886 -0.505665 0.503899 -0.557507 0.350590 0.785394 0.490484
VERTEX_POSE A1991 0.603224 0.522053 -0.990090 0.219591 -0.496360 0.331956 0.578762 -0.051947 0.095369 -0.500956 -0.478631 0.555431 -0.150820 0.721329 -0.477005 -0.431017 0.452537 -0.587088 0.453381 0.207627
VERTEX_POSE A1992 -0.280967 -0.767836 0.751741 -0.204085 0.480237 -0.215347 -0.306372 0.450224 -0.158927 0.129650 0.481305 -0.536070 -0.756126 -0.157436 0.303191 -0.237511 -0.630707 0.740994 -0.511066 0.378242
VERTEX_POSE A1993 -0.800588 -0.028954 -0.346599 0.653746 0.807091 -0.263047 0.610813 -0.630374 0.498092 0.469627 0.505756 -0.711389 -0.074843 0.282109 -0.308734 0.598970 0.395459 -0.285165 -0.204915 0.332966
VERTEX_POSE A1994 0.801234 0.829300 -0.849211 -0.016181 -0.920267 0.026549 0.750949 0.075257 0.115457 -0.238808 0.942400 -0.646699 0.036558 -0.010288 0.045204 -0.609583 -0.294864 -0.752131 -0.078221 0.138445
VERTEX_POSE A1995 -0.850266 0.019062 0.720605 0.043420 -0.987582 -0.425517 0.386271 -0.681148 0.053463 -0.106169 0.313842 0.654916 0.753110 0.014627 0.517084 -0.459850 -0.657696 -0.346101 0.246753 -0.069015
VERTEX_POSE A1996 -0.474255 -0.129235 0.440540 0.895428 -0.998783 0.017979 0.119915 0.669690 0.494886 -0.297963 0.574178 -0.722963 -0.631419 0.151986 0.458979 -0.528988 -0.435829 -0.146382 0.467248 -0.093749
VERTEX_POSE A1997 -0.084407 -0.926168 0.166286 -0.143818 -0.612188 -0.540513 0.282698 0.271787 0.401415 -0.175127 0.567955 -0.423430 0.558242 0.153467 0.450979 0.601642 -0.528320 -0.405014 -0.464549 -0.548529
VERTEX_POSE A1998 -0.743928 -0.932775 -0.517698 0.083572 0.670321 0.044618 0.661091 -0.358114 0.575614 0.127077 -0.621185 0.091336 -0.068752 -0.105760 -0.034376 0.731000 0.481184 0.810650 -0.087875 0.493113
VERTEX_POSE A1999 -0.525305 -0.971414 0.974130 0.621422 0.638957 -0.215975 0.290909 -0.551217 -0.468385 -0.864957 -0.094902 -0.308260 0.217279 -0.231751 -0.742548 0.333676 0.546848 -0.295918 0.093118 -0.578275
VERTEX_POSE A2000 -0.240120 -0.000650 -0.024186 -0.097271 0.656708 0.378237 0.472961 0.627772 0.673128 -0.491854 0.264818 0.350745 -0.227902 -0.567033 -0.509893 -0.274700 0.334760 0.144300 0.637956 -0.319660
VERTEX_POSE A2001 0.138985 0.789468 -0.278166 0.968311 -0.814367 -0.075392 -0.030381 0.426971 0.635506 0.496916 0.349842 0.735076 -0.618007 -0.134297 -0.098784 -0.274269 -0.460944 -0.200880 -0.543135 0.681763
VERTEX_POSE A2002 0.590473 0.788226 -0.569093 0.805555 0.213982 -0.492118 -0.075495 -0.652907 0.516312 -0.593242 -0.543349 0.336648 0.046186 0.214149 -0.607084 -0.515276 0.251492 -0.096741 0.612145 -0.411554
VERTEX_POSE A2003 -0.029371 0.052160 0.519660 0.774637 -0.924499 0.550538 0.346779 0.166817 0.183796 0.672179 0.454027 0.155347 0.420589 -0.854366 -0.523652 0.191093 0.172665 0.603972 -0.463151 0.079228
VERTEX_POSE A2004 0.071059 -0.446767 0.410914 0.260600 0.491822 -0.527615 0.240124 0.641670 0.344692 -0.011559 -0.053049 -0.575421 0.403120 -0.260231 0.511091 0.788984 0.271712 0.102405 -0.396492 0.666257
VERTEX_POSE A2005 -0.694765 -0.982776 0.591873 -0.835608 0.362421 0.353236 0.696458 -0.502846 0.004712 -0.666015 -0.648444 -0.003269 0.020357 -0.343278 -0.438489 0.068702 0.276378 -0.826389 0.257365 -0.363926
VERTEX_POSE A2006 0.744574 0.634076 -0.858080 0.449091 -0.589147 0.504794 -0.503860 0.447782 -0.490957 0.141484 -0.146999 -0.428010 -0.102954 0.032384 -0.553315 -0.334820 0.645759 -0.121631 -0.776791 -0.599858
VERTEX_POSE A2007 -0.906913 0.399838 0.717198 0.995115 0.943438 0.430100 -0.408955 -0.391446 0.323581 -0.062101 0.387496 -0.485576 0.575255 -0.276791 -0.318554 -0.187953 0.749540 -0.610778 -0.680187 -0.241233
VERTEX_POSE A2008 0.121252 -0.624052 -0.204553 0.270198 -0.409540 -0.023027 0.650761 0.042894 0.561617 -0.377521 -0.057783 0.478362 0.130744 0.835557 -0.048117 -0.613755 0.083175 -0.672987 -0.200497 0.538282
VERTEX_POSE A2009 0.763026 -0.668292 0.001708 0.953361 -0.880349 -0.032649 -0.306201 0.794902 0.222454 0.658262 0.550994 -0.796145 0.318511 0.083596 -0.344431 -0.567739 0.217549 -0.443812 0.221709 -0.101096
VERTEX_POSE A2010 -0.708068 0.970167 -0.907120 0.131387 0.657211 0.407184 0.642208 0.365453 -0.785294 0.458895 0.363132 0.176348 -0.274674 0.640978 -0.186032 -0.535288 0.487853 -0.389626 -0.122497 -0.292791
VERTEX_POSE A2011 0.730902 -0.298436 -0.548576 -0.072385 0.814992 0.502350 0.192941 -0.708673 0.525088 0.315497 0.296084 0.069033 -0.469381 -0.525297 -0.679171 0.252953 -0.330901 -0.076736 0.760875 -0.157113
VERTEX_POSE A2012 0.487521 0.339941 -0.602090 -0.206367 0.117732 -0.288382 -0.039035 0.704414 0.205764 0.228004 0.694085 0.770062 -0.484980 0.101278 -0.262190 0.226613 -0.073396 -0.461257 -0.812362 0.080023
VERTEX_POSE A2013 0.411708 0.061035 -0.399008 0.358949 -0.026923 -0.266149 -0.002467 0.246763 0.581867 0.177183 0.304665 0.572815 0.217387 -0.659000 -0.507162 0.561488 -0.460252 0.072561 0.778508 0.447408
VERTEX_POSE A2014 0.808342 0.413174 -0.171001 -0.276001 -0.322397 -0.184899 0.629045 -0.743148 0.533138 -0.269411 -0.461759 0.554058 0.255300 0.057791 -0.015340 0.649969 0.460870 -0.611851 -0.209958 -0.137000
VERTEX_POSE A2015 -0.709615 -0.332186 0.227204 0.519189 0.009296 0.698311 -0.268405 -0.514874 -0.317975 0.514298 -0.267574 -0.197474 -0.504048 -0.357840 -0.514017 -0.610867 0.069266 0.328699 -0.190351 0.728328
VERTEX_POSE A2016 -0.472875 -0.532028 0.759733 0.727200 -0.371414 -0.514014 -0.400079 0.135963 0.384844 -0.550809 -0.731202 0.127952 -0.359913 0.378284 0.446638 -0.470683 0.542054 -0.609776 -0.430659 -0.099679
VERTEX_POSE A2017 -0.134947 -0.739047 0.135243 0.449438 -0.246944 -0.683846 0.625666 0.163529 0.134134 0.468291 -0.081909 -0.449030 -0.105236 0.088337 0.234922 0.452010 -0.726496 -0.507490 -0.416963 -0.656468
VERTEX_POSE A2018 -0.095439 -0.350956 0.423134 -0.574707 0.000038 -0.540805 -0.270191 -0.090335 0.126644 -0.156437 0.759105 -0.208290 0.755306 0.464878 0.531199 -0.406595 0.293114 -0.604925 -0.408310 0.337005
VERTEX_POSE A2019 0.972358 0.778366 -0.026548 0.766118 0.057301 0.163312 0.562842 0.505051 0.652717 -0.376144 -0.031973 -0.493525 -0.664029 0.324530 -0.378391 0.194245 0.443471 -0.400678 0.251118 -0.664766
VERTEX_POSE A2020 0.294772 -0.112137 0.341775 0.301187 0.520926 0.383174 0.110426 0.245582 0.590045 -0.206008 -0.461496 -0.043071 -0.290147 0.793466 0.669079 0.395374 0.311134 -0.235590 0.839560 -0.017846
VERTEX_POSE A2021 -0.127205 0.814216 0.497385 0.347202 0.077626 0.015317 -0.501312 -0.637116 0.428356 -0.290994 0.569543 -0.134596 0.445394 -0.385980 0.566462 0.637199 -0.098970 0.690856 -0.244151 -0.333061
VERTEX_POSE A2022 0.575582 0.300419 -0.016638 -0.014291 0.560940 0.544142 0.310835 0.562774 0.210402 0.523622 0.179442 0.091526 0.627020 -0.460572 0.713329 -0.252366 -0.586338 -0.377393 0.415161 -0.308491
VERTEX_POSE A2023 -0.986195 0.120028 0.093517 -0.902898 0.001164 -0.215059 -0.858471 -0.346334 -0.305116 0.234615 -0.654580 -0.773209 -0.052221 0.199679 -0.008170 -0.335331 0.601213 0.512577 -0.304646 -0.224161
VERTEX_POSE A2024 0.072207 -0.214739 -0.849214 0.000948 -0.115282 -0.562795 -0.450509 0.635744 -0.415590 -0.005195 -0.270650 -0.584281 -0.065222 -0.351188 -0.185655 0.796694 0.513030 0.367008 -0.397542 0.368844
VERTEX_POSE A2025 0.376816 0.129719 0.134151 0.969527 0.640673 -0.306282 -0.337808 -0.761414 0.048214 0.305065 -0.427465 0.618263 0.335187 0.007573 -0.130931 -0.597862 0.431538 0.710264 -0.568359 -0.226363
VERTEX_POSE A2026 -0.836461 -0.860910 -0.185878 0.140522 0.013581 0.028722 -0.075043 -0.514573 -0.620067 -0.483336 -0.489964 -0.523911 -0.018535 0.243963 0.071470 0.625137 -0.628715 0.578879 -0.607960 -0.200874
VERTEX_POSE A2027 0.597952 0.656026 0.591326 -0.103624 -0.114065 0.335834 -0.211047 -0.450453 -0.717219 -0.135487 -0.644675 0.419628 0.461818 -0.313273 0.207001 0.379618 -0.494510 0.392269 -0.761391 -0.196992
VERTEX_POSE A2028 -0.707592 0.203550 -0.699563 -0.174290 -0.971515 -0.108139 0.442342 0.059615 0.201498 -0.544738 0.053174 -0.217544 0.486193 -0.612492 -0.808728 -0.467046 -0.280794 -0.496326 0.230388 0.734593
VERTEX_POSE A2029 -0.580389 -0.793685 0.296424 -0.775906 -0.316098 0.657064 -0.188692 -0.147104 0.071959 -0.714577 0.553448 -0.312871 -0.671624 -0.526303 0.048840 0.006513 0.595446 0.680306 -0.051517 -0.201256
VERTEX_POSE A2030 -0.927353 0.684612 0.565456 -0.482202 -0.475108 0.437995 -0.505312 0.712422 0.506040 0.404576 -0.192610 0.213788 0.079614 0.142834 -0.691148 0.181033 0.468419 -0.169392 -0.736116 -0.464261
VERTEX_POSE A2031 0.052289 -0.797100 0.276251 0.728438 0.685194 -0.056958 0.271601 -0.631885 -0.720325 0.163013 0.561663 0.087889 0.649749 0.037250 0.532001 -0.344583 0.416163 0.432594 0.598956 0.332681
VERTEX_POSE A2032 0.558596 0.995784 -0.981742 -0.807594 -0.130465 0.282164 -0.558772 0.717794 -0.432704 -0.568470 -0.032802 0.740087 -0.297801 -0.339844 -0.057002 -0.463280 -0.606796 -0.426818 -0.247592 -0.000460
VERTEX_POSE A2033 0.663120 0.472838 0.996362 -0.676647 0.738873 -0.336188 0.585004 0.495464 0.343235 0.169474 -0.663694 0.810529 0.277780 0.395075 -0.333796 0.199331 -0.192898 0.028102 -0.715650 0.347464
VERTEX_POSE A2034 -0.977083 0.255061 -0.204088 0.503075 0.760695 0.496362 -0.650599 -0.312594 0.315049 0.321486 0.026041 -0.032368 0.618013 -0.360495 -0.690378 -0.231842 -0.591432 0.420357 0.194107 -0.649506
VERTEX_POSE A2035 -0.370345 -0.450984 0.429172 0.453006 -0.638643 0.002853 0.382515 -0.144432 -0.602224 -0.624705 -0.434975 -0.470855 0.527180 -0.397825 0.616032 -0.303739 -0.552320 0.190046 0.305370 -0.571501
VERTEX_POSE A2036 0.968355 0.490063 0.588235 -0.512255 0.101294 -0.049226 -0.570996 0.470238 -0.763353 -0.104923 -0.572560 -0.064817 0.564868 0.044346 0.372656 -0.533292 -0.530887 0.521340 0.243884 -0.408956
VERTEX_POSE A2037 0.767491 -0.110863 -0.062168 -0.047834 -0.828452 0.284759 -0.709661 -0.384444 -0.044800 -0.057930 0.666422 -0.443150 0.444922 -0.561916 0.575214 0.520335 0.114685 0.624221 0.155955 -0.281393
VERTEX_POSE A2038 -0.277258 0.948855 0.146370 0.448121 -0.695204 0.247047 -0.015397 0.443690 0.311896 -0.250379 -0.509450 -0.170038 0.725709 -0.552034 0.782967 0.494610 0.198088 -0.446922 0.407162 0.446788
VERTEX_POSE A2039 0.089607 0.866011 -0.616318 0.757943 0.691755 -0.657731 0.245739 0.115741 -0.315830 0.370178 -0.820346 0.124312 -0.710174 -0.518713 -0.234192 -0.213924 -0.047675 0.630351 0.502463 -0.205673
VERTEX_POSE A2040 0.530517 0.220845 0.939540 -0.094473 -0.708801 0.539565 -0.640649 0.521843 -0.462549 0.106549 0.536562 0.210010 0.471702 0.557233 -0.460711 -0.010047 0.358288 -0.488426 -0.596333 -0.030016
VERTEX_POSE A2041 0.014673 0.919021 0.239250 -0.420491 0.962007 -0.042467 0.050137 0.105094 0.068544 0.183948 -0.023527 -0.729028 -0.255569 0.619110 -0.629575 -0.072037 -0.770393 -0.256225 0.945063 0.107704
VERTEX_POSE A2042 -0.179491 -0.432425 -0.164894 -0.314442 0.506746 0.013428 -0.444018 -0.717701 -0.835489 0.308369 -0.342685 -0.044282 -0.627100 -0.168189 0.436197 0.126001 -0.253503 -0.330982 -0.546467 0.524329
VERTEX_POSE A2043 0.018038 -0.439214 -0.662550 0.699160 0.408932 0.519028 -0.442335 0.477264 0.181324 -0.355474 -0.416639 0.516104 0.534044 -0.528178 0.600193 0.279877 0.360774 -0.266716 0.560753 0.435316
VERTEX_POSE A2044 -0.573619 -0.019944 0.840243 0.938457 -0.064916 -0.040802 0.553252 -0.233350 0.135960 -0.458507 0.386234 0.461100 0.486763 0.725893 -0.486149 -0.302965 0.462312 -0.728626 0.393646 0.236048
VERTEX_POSE A2045 -0.371149 0.980749 0.664106 0.409557 -0.815651 0.241307 -0.326875 0.793436 0.602022 -0.348907 -0.142761 -0.614316 0.094690 0.422330 -0.223308 -0.737263 0.032194 -0.389987 -0.467861 -0.413133
VERTEX_POSE A2046 0.308423 0.228600 0.564654 0.218349 -0.581772 -0.597975 0.441967 -0.651190 -0.516107 -0.030144 0.585153 -0.502123 -0.517755 -0.032186 0.271865 0.439866 0.015572 -0.223653 0.584983 0.481944
VERTEX_POSE A2047 -0.046494 0.448028 0.599976 0.665657 0.563671 0.540687 0.020415 -0.381610 -0.316067 0.674012 -0.206961 0.018557 -0.405190 -0.781520 0.752470 0.404290 0.088032 -0.202987 0.466542 -0.439338
VERTEX_POSE A2048 0.493904 -0.758298 -0.200651 -0.141005 -0.062594 0.531557 -0.230941 0.169673 -0.159074 0.074961 0.235351 0.599621 0.347232 0.582561 0.294091 0.706409 -0.614145 0.496093 -0.566977 -0.446396
VERTEX_POSE A2049 -0.787016 0.877644 -0.012212 0.643642 0.418266 0.607863 0.056751 -0.392277 0.011967 0.437729 -0.386510 -0.581536 0.262480 -0.634987 -0.380147 -0.738559 -0.183374 0.384270 -0.436815 -0.509799
VERTEX_POSE A2050 -0.074136 0.226394 -0.426572 0.431775 -0.379029 -0.093308 0.642517 -0.041303 -0.007617 -0.651371 0.068619 -0.732833 -0.136725 0.580110 0.667627 -0.117474 0.549681 -0.092004 -0.361102 -0.595742
VERTEX_POSE A2051 -0.211324 0.129565 -0.858876 -0.839817 -0.541668 -0.478125 -0.402017 0.298394 -0.064331 0.242967 -0.305685 0.609042 0.022859 -0.445849 -0.222401 -0.668649 -0.666107 -0.588950 0.575965 -0.418376
VERTEX_POSE A2052 0.085780 0.691860 -0.514826 -0.009156 -0.504108 0.294950 -0.330535 0.447715 0.583301 0.424773 0.551123 0.554916 0.407498 -0.630237 0.318982 -0.377792 0.063867 0.403837 -0.633666 -0.307469
VERTEX_POSE A2053 -0.498554 -0.473187 0.556790 -0.582516 -0.818089 0.648718 0.610680 -0.222045 0.030037 -0.533960 -0.461672 -0.497558 0.216305 -0.679013 0.551399 -0.529810 -0.180038 0.163272 0.120289 -0.494047
VERTEX_POSE A2054 -0.197519 -0.750407 0.234641 -0.742715 0.459495 0.324303 -0.130473 -0.332911 0.368696 0.575873 -0.342355 -0.603487 -0.012531 0.316752 0.614893 -0.431650 0.567935 0.128844 0.681812 0.590831
VERTEX_POSE A2055 -0.842013 -0.522878 -0.364040 0.991791 0.380610 0.357747 -0.548483 0.033288 0.279684 0.376994 0.022736 -0.745594 0.146593 0.470345 0.410487 0.672547 0.271645 0.263409 -0.288501 0.838666
VERTEX_POSE A2056 0.878262 0.656532 -0.309059 -0.612989 0.822585 0.327885 -0.607263 0.449076 -0.465937 0.412722 0.579945 0.393438 0.643284 0.125775 -0.666907 -0.138411 -0.346099 -0.275382 -0.167094 0.571306
VERTEX_POSE A2057 -0.033981 -0.611317 -0.951237 0.397807 -0.526923 -0.027946 -0.666629 -0.385384 0.508740 -0.142454 0.553821 -0.715620 -0.341877 0.608093 -0.048531 -0.465672 -0.321821 0.475326 -0.448978 0.267238
VERTEX_POSE A2058 0.755939 -0.866852 -0.772714 -0.111833 -0.733455 0.549520 -0.672516 -0.304401 -0.212206 0.272826 0.037913 -0.327389 0.059059 -0.188787 0.563530 0.252686 0.712221 -0.477752 -0.637142 0.602498
VERTEX_POSE A2059 -0.829330 -0.139917 -0.008621 0.212721 0.851070 -0.179649 0.460583 0.447355 -0.837133 -0.518138 0.174418 -0.175905 0.149477 -0.346285 0.453849 -0.544516 0.578702 -0.173245 0.447833 0.560929
VERTEX_POSE A2060 0.385630 -0.405002 0.345187 0.621901 0.156979 0.442417 0.013662 0.524136 -0.791290 -0.045285 -0.140613 -0.133768 0.645526 0.334660 0.144543 0.743369 -0.450623 0.373284 -0.168708 -0.624861
VERTEX_POSE A2061 0.828587 0.817760 0.792742 0.405965 -0.208564 -0.593941 -0.198901 -0.417833 0.229109 -0.722686 -0.544831 -0.303882 0.572602 -0.583370 -0.368165 -0.066029 0.142101 0.605684 0.325470 -0.409953
VERTEX_POSE A2062 0.222959 0.062983 -0.732370 -0.058840 0.536264 0.643228 -0.439061 -0.045567 -0.252013 -0.625317 0.384958 -0.445902 0.265759 0.510922 -0.002365 -0.405236 0.446292 -0.569133 -0.425863 -0.624110
VERTEX_POSE A2063 -0.055774 -0.409218 0.363446 0.814307 -0.973486 0.328912 -0.586378 -0.400309 -0.553366 0.324605 -0.655228 -0.396299 0.222528 0.283343 -0.594123 -0.605994 0.393424 0.274895 0.366121 0.418764
VERTEX_POSE A2064 0.491707 0.290599 0.789104 0.729318 -0.469691 -0.362379 0.358097 -0.023498 -0.559431 -0.367244 0.680629 -0.596263 0.176292 -0.126503 -0.238347 -0.743865 -0.592902 0.378654 -0.390493 0.410677
VERTEX_POSE A2065 0.245876 -0.681956 0.063542 -0.555765 0.296958 0.303229 0.449786 0.284092 0.261864 -0.554692 -0.136967 0.630957 0.507000 -0.355005 -0.381945 0.365206 0.537237 0.543590 -0.315571 0.697051
VERTEX_POSE A2066 0.573881 0.139798 -0.207382 0.267313 -0.612129 -0.649582 0.078562 0.302922 -0.589821 -0.420433 -0.601062 -0.222717 -0.020998 0.643513 -0.026326 0.796991 -0.360106 0.424098 -0.425945 -0.056367
VERTEX_POSE A2067 0.460062 -0.219338 0.377339 -0.782937 0.631604 0.400621 -0.455666 0.773294 -0.264415 -0.758167 -0.174108 0.577115 0.210861 -0.051499 -0.660092 0.226494 0.508330 -0.028352 -0.348983 -0.332641
VERTEX_POSE A2068 0.013367 0.207181 -0.998626 0.396400 0.468506 0.330304 0.579709 0.470388 -0.410961 -0.019165 -0.315519 0.272742 0.633236 -0.684084 -0.136306 -0.139463 -0.415870 -0.793122 0.493084 0.195612
VERTEX_POSE A2069 -0.703378 0.088653 0.938988 -0.284566 -0.307334 -0.210432 -0.186345 0.643414 0.225090 -0.146348 -0.309309 -0.570458 -0.499803 0.233498 -0.489891 -0.320163 -0.659665 0.582784 -0.769123 0.025831
VERTEX_POSE A2070 -0.450331 -0.353327 0.761021 0.975006 0.323358 -0.554473 -0.670608 -0.079530 -0.469719 0.350540 -0.481502 -0.666155 0.172678 0.484338 -0.163875 0.469485 -0.445975 -0.036139 0.420919 0.573022
VERTEX_POSE A2071 -0.456116 -0.571974 0.940914 -0.698073 0.759705 0.358238 -0.522932 0.343309 -0.012668 0.013334 -0.663844 0.711503 0.381623 -0.383163 0.041717 0.737883 0.504892 -0.602933 0.190412 -0.199297
VERTEX_POSE A2072 0.311296 0.007674 0.178239 0.294942 -0.345327 0.634974 -0.365217 -0.548130 0.184493 0.541750 -0.565879 0.531407 0.335361 0.346813 -0.474420 -0.220651 -0.476372 -0.235165 0.641849 -0.179234
VERTEX_POSE A2073 0.370178 0.214248 -0.403873 -0.339436 -0.169895 -0.323333 0.639250 -0.545623 -0.214419 0.338394 0.638168 0.708558 0.628654 0.140170 0.573898 -0.263955 -0.336372 -0.134415 0.109408 -0.402795
VERTEX_POSE A2074 0.561922 -0.011188 -0.721637 -0.998913 0.168637 -0.014244 -0.442008 -0.763796 -0.068751 -0.431185 -0.144218 0.006325 0.707086 -0.298672 0.514602 0.272241 -0.483853 -0.854527 0.211238 -0.269255
VERTEX_POSE A2075 0.737677 0.987730 0.018481 0.233399 0.589757 0.461075 0.432418 0.619444 -0.355255 0.469929 0.079816 -0.407920 0.239035 -0.434505 0.578068 0.489459 -0.620975 0.400802 -0.543574 -0.188451
VERTEX_POSE A2076 0.999029 0.194997 -0.739767 -0.929879 0.014454 -0.294846 0.667471 -0.234743 0.194938 -0.641964 -0.085347 -0.800598 -0.231691 0.547661 0.384764 0.166264 0.609683 0.293369 0.247062 0.515719
VERTEX_POSE A2077 -0.129655 -0.782587 0.843017 0.219436 0.586864 -0.426667 0.382629 -0.360412 0.287137 -0.187211 0.159971 -0.709274 -0.592865 0.372898 -0.479335 0.477315 -0.044628 -0.051728 -0.489111 -0.838730
VERTEX_POSE A2078 -0.308817 0.435758 -0.381543 -0.100944 0.153428 -0.841846 -0.267241 -0.314767 -0.417667 0.329438 0.843639 0.194692 0.527137 -0.095490 0.270163 -0.570237 0.309201 0.077178 -0.465843 0.290638
VERTEX_POSE A2079 0.492933 0.436699 0.059582 -0.070884 0.951859 0.604112 0.337236 0.532387 -0.005965 -0.264657 -0.139081 0.044207 0.537659 0.225439 0.781163 -0.409279 -0.279703 -0.151139 -0.599702 0.753766
VERTEX_POSE A2080 0.083329 -0.904943 -0.169194 -0.136922 0.005130 0.078726 0.817601 0.054218 0.668221 -0.301516 -0.373223 -0.677407 0.011828 -0.525583 -0.200417 -0.294114 0.742743 0.219625 0.392394 0.172802
VERTEX_POSE A2081 0.617048 -0.337847 0.191885 -0.669169 0.774399 0.448328 0.325571 0.360561 0.738967 0.297087 -0.089243 0.274847 -0.518954 0.638782 -0.420000 0.565481 0.627512 0.031441 0.465468 -0.245393
VERTEX_POSE A2082 -0.718392 -0.433736 0.200706 0.089299 -0.589809 0.107956 0.169653 0.663808 0.603562 -0.283879 -0.136955 -0.482362 -0.608308 0.500993 -0.429463 -0.344573 -0.535871 0.454915 -0.633925 0.049508
VERTEX_POSE A2083 -0.830891 0.786917 0.315980 0.853921 0.501023 -0.225263 -0.627562 0.321327 -0.571997 -0.278568 -0.717314 0.648522 -0.398220 -0.116952 -0.172127 0.591201 0.070239 -0.414569 -0.143064 0.602992
VERTEX_POSE A2084 -0.881506 0.188966 -0.251324 -0.251685 0.956310 0.448517 0.292185 0.699105 -0.622415 0.720412 -0.041131 0.242106 0.513578 0.152772 0.143341 0.235767 -0.436081 0.576428 0.276201 -0.544109
VERTEX_POSE A2085 0.084089 -0.184143 -0.564653 0.346584 0.869686 0.601738 -0.462585 0.298055 0.073849 -0.706439 -0.604594 0.561734 0.382048 -0.083602 0.006406 0.316331 -0.718908 0.562914 0.202321 -0.147686
VERTEX_POSE A2086 -0.672904 -0.735961 0.951940 0.845713 -0.118367 0.284729 0.545579 -0.340821 -0.762091 -0.189473 -0.208267 -0.433240 0.803580 0.107300 0.343025 0.143795 0.389982 -0.181063 0.005084 0.822719
VERTEX_POSE A2087 0.996756 -0.154502 0.439617 0.135326 0.778895 -0.066230 0.622539 0.724234 0.406449 -0.538309 0.219904 0.782136 0.352991 -0.202219 0.358524 0.258544 -0.173980 -0.300228 0.362244 -0.596629
VERTEX_POSE A2088 -0.949892 0.204540 -0.515890 -0.255610 -0.657237 -0.313834 0.930300 -0.155844 -0.507806 -0.270078 -0.123882 -0.456894 -0.200820 -0.209248 -0.657366 -0.104091 0.241502 0.052531 -0.102158 -0.926422
VERTEX_POSE A2089 -0.916965 -0.602814 -0.820775 -0.266120 0.148177 0.196197 0.590207 -0.516697 -0.618447 0.381551 0.462071 -0.020003 -0.673660 -0.212169 0.730396 0.185105 0.351968 -0.212489 0.134138 -0.592129
VERTEX_POSE A2090 -0.832573 0.705581 -0.569004 -0.651952 0.629965 -0.545211 -0.075823 -0.225825 0.077438 0.503419 0.730347 -0.415870 -0.357530 0.056047 -0.605658 0.656847 -0.150281 -0.396205 -0.426081 0.624396
VERTEX_POSE A2091 0.435738 0.799538 0.829297 -0.633709 0.499742 0.582681 -0.145414 -0.644409 0.205217 -0.152416 0.556393 -0.133796 0.895348 -0.012217 -0.592288 -0.392337 0.003977 0.499662 0.006857 0.524404
VERTEX_POSE A2092 0.911622 -0.785053 0.971967 -0.860155 0.939614 0.255278 0.500925 0.596213 -0.324728 0.132114 -0.549229 -0.181084 -0.813164 0.391751 0.817101 -0.217352 -0.136050 -0.359080 0.152129 0.413400
VERTEX_POSE A2093 0.390386 -0.231436 -0.301374 0.289207 0.166228 0.399273 -0.159305 -0.723908 0.065722 0.425511 0.049256 0.558483 0.490426 0.453471 -0.701566 0.483947 -0.171248 0.179343 0.564659 -0.488436
VERTEX_POSE A2094 -0.620036 -0.609679 0.192743 -0.819402 0.526255 -0.741283 -0.650591 0.110569 0.560596 -0.663812 0.209168 -0.140276 0.052444 0.221582 0.275666 -0.364991 -0.567988 -0.201400 0.010770 -0.756515
VERTEX_POSE A2095 0.403329 0.505545 0.761071 0.869163 -0.530077 -0.376400 0.562867 0.585606 0.463442 0.142038 0.064395 0.598426 0.110943 -0.209501 0.426333 0.596736 0.165032 0.321980 -0.542774 0.762753
VERTEX_POSE A2096 -0.363738 0.086608 0.762168 0.733442 -0.536813 0.317651 0.283246 0.262553 0.627461 0.137518 -0.764923 -0.124274 0.504351 0.018034 -0.588106 -0.290708 -0.557325 -0.379575 0.749653 -0.187141
VERTEX_POSE A2097 0.953845 0.530119 0.985361 0.447910 0.914126 -0.677815 -0.060728 -0.259412 -0.335467 -0.306364 -0.464336 0.519855 -0.158551 -0.036164 0.345263 -0.591354 -0.531576 -0.196400 -0.726371 0.658193
VERTEX_POSE A2098 -0.136609 -0.713793 0.138410 -0.913775 -0.898473 -0.578629 -0.096194 -0.135177 -0.498718 -0.222323 0.493078 -0.096532 0.706556 0.633340 -0.312007 -0.488847 0.223311 -0.556598 0.450695 -0.536297
VERTEX_POSE A2099 0.649629 -0.706211 0.763541 0.129842 0.931693 0.370592 0.796308 -0.397736 0.098024 0.218220 0.203073 0.766643 -0.088805 0.607198 0.400701 -0.199924 -0.488323 -0.323652 0.520018 0.439794
VERTEX_POSE A2100 -0.749533 -0.381229 0.924349 -0.836656 -0.393207 0.624472 -0.741038 -0.127373 -0.486452 -0.457409 -0.141761 -0.506756 -0.172811 -0.472448 -0.048208 0.044662 0.628983 -0.338043 -0.458018 0.587241
VERTEX_POSE A2101 0.413060 -0.067121 -0.100569 -0.938769 0.424885 -0.153072 0.393678 0.374591 -0.234425 0.392008 0.475722 -0.056089 0.567927 -0.772699 0.957819 0.172403 0.126216 0.032426 0.582309 0.142744
VERTEX_POSE A2102 -0.806487 -0.278186 0.704455 0.431769 0.691398 -0.201022 0.135034 0.163044 0.630976 -0.679608 0.226089 -0.107860 -0.470021 -0.575163 -0.525859 -0.399124 0.681422 -0.522779 -0.373737 -0.356583
VERTEX_POSE A2103 0.561763 0.626445 0.102588 0.458286 0.261466 -0.285737 -0.282704 0.570795 0.628127 0.337564 -0.230167 -0.060604 -0.683206 -0.679296 0.251958 0.168858 -0.013697 -0.675763 0.557535 -0.399481
VERTEX_POSE A2104 -0.216761 -0.852873 0.495558 -0.278206 -0.745010 -0.280497 0.208952 -0.895402 0.075848 -0.229134 -0.267440 -0.624078 0.653471 0.240946 -0.676030 -0.556974 0.189470 -0.262829 -0.408157 -0.181046
VERTEX_POSE A2105 0.755435 0.710627 0.982818 0.432856 -0.139965 0.586096 0.287623 0.658964 -0.478009 0.029290 0.509920 0.586419 -0.312078 -0.348902 -0.250228 -0.539423 0.003045 0.146620 -0.726667 0.428959
VERTEX_POSE A2106 0.299440 0.614175 -0.878931 -0.308315 -0.148777 0.558059 0.085516 0.202357 0.432738 -0.416846 0.626565 -0.024756 0.475715 0.521706 0.386389 -0.510364 -0.402400 -0.592788 -0.576324 0.363819
VERTEX_POSE A2107 -0.217733 0.342124 0.755791 -0.208085 0.269444 -0.118040 0.302380 0.476133 0.414954 0.363902 0.655694 0.434156 0.370125 -0.170597 -0.664384 0.683335 -0.137425 -0.428931 -0.414974 0.543484
VERTEX_POSE A2108 -0.374220 0.928039 0.825836 -0.347708 -0.553101 0.601466 -0.203794 -0.332694 0.607371 -0.037967 -0.209127 -0.368180 -0.432625 -0.784029 0.062471 -0.870116 0.479923 -0.360389 -0.112956 -0.023521
VERTEX_POSE A2109 0.990623 0.049933 -0.260474 0.590742 -0.995349 0.075845 -0.685426 -0.660214 0.660110 -0.503159 0.450781 0.646179 0.404563 -0.075994 0.360964 0.336456 -0.583810 -0.103249 -0.012189 -0.119601
VERTEX_POSE A2110 -0.724800 -0.221178 -0.184627 0.721032 0.221303 0.237507 -0.374307 -0.471583 -0.257078 0.094485 -0.666689 0.332894 0.597174 0.307181 0.799744 0.194188 -0.352822 -0.356500 0.675752 -0.338070
VERTEX_POSE A2111 0.709110 -0.976904 -0.343359 0.515370 0.452030 -0.207219 -0.421426 -0.507904 0.611394 -0.027466 -0.698220 0.262640 0.302048 0.216287 0.639474 -0.561422 0.450214 -0.324579 -0.644374 0.071061
VERTEX_POSE A2112 0.607671 0.712086 0.931411 0.921573 0.779050 -0.488215 0.346521 0.461833 0.230648 -0.158047 -0.521578 -0.001145 -0.806685 0.537146 -0.463123 0.184204 -0.027479 0.702825 0.412642 0.474747
VERTEX_POSE A2113 -0.443192 0.345086 -0.983921 -0.189669 0.631494 0.159556 -0.820621 0.322977 -0.425651 -0.480470 -0.502023 0.308964 -0.139376 0.539289 0.577940 -0.222982 -0.568895 -0.603232 -0.163046 0.170836
VERTEX_POSE A2114 0.878219 0.810013 0.972621 0.369291 -0.046948 0.526189 -0.024382 -0.369710 0.060635 0.861619 0.269929 0.718820 0.211684 -0.186245 0.043358 -0.216743 -0.455706 -0.448182 0.406486 -0.740336
VERTEX_POSE A2115 0.726165 -0.098948 -0.319913 -0.330112 0.735360 0.443074 0.087328 -0.437334 0.551072 0.617212 0.272539 -0.073500 0.395956 -0.774225 -0.658998 0.306925 -0.110413 0.245609 -0.600365 -0.350495
VERTEX_POSE A2116 0.640897 -0.839057 -0.548574 -0.843086 0.501181 0.452344 -0.479209 0.632652 0.836987 0.217244 -0.433167 0.035975 0.549176 0.611465 0.284343 -0.192320 0.135349 -0.112659 -0.620147 -0.141102
VERTEX_POSE A2117 -0.794685 -0.925948 0.924561 0.215004 0.834685 -0.445717 0.654862 0.115025 0.183386 -0.265878 0.897609 -0.159225 0.476279 0.419034 0.524728 0.135812 0.007094 -0.683384 -0.505152 0.073665
VERTEX_POSE A2118 0.722921 0.746550 -0.880296 0.805215 0.514255 -0.599863 0.316737 -0.533289 -0.074847 -0.578787 0.283540 0.353902 0.677892 0.444065 -0.376787 0.321019 0.190008 -0.606092 -0.045747 0.633965
VERTEX_POSE A2119 0.691005 0.365483 -0.064464 -0.098695 0.843944 -0.256675 -0.656049 -0.404580 0.246262 -0.448837 0.695995 0.415671 0.137548 0.319339 0.822595 -0.241481 -0.458362 0.155009 0.539364 -0.199580
VERTEX_POSE A2120 -0.711650 -0.528762 -0.896214 0.948884 -0.017138 -0.284976 0.217518 -0.370405 0.192820 -0.219173 -0.279396 -0.507342 -0.814039 0.243451 0.134424 -0.360924 -0.819063 0.778552 -0.334250 0.233679
VERTEX_POSE A2121 0.890348 0.452131 -0.449300 -0.846738 0.144219 -0.022021 0.442909 0.816340 0.387458 -0.447047 0.495110 -0.670086 0.351552 0.011914 -0.596251 -0.692604 0.200172 -0.211803 -0.026295 0.219646
VERTEX_POSE A2122 0.126743 0.165022 -0.235167 0.267596 0.343685 0.003389 0.767657 0.007928 0.703785 0.087273 -0.458079 0.406152 0.182182 -0.248478 -0.051761 -0.536957 -0.511003 0.580549 -0.285609 0.683546
VERTEX_POSE A2123 -0.800028 -0.313815 -0.924247 -0.911271 -0.077524 -0.502555 0.062027 0.344246 -0.256522 0.564089 0.377128 0.519494 0.108543 0.759598 0.142242 -0.733625 0.300819 0.625723 0.357727 -0.267933
VERTEX_POSE A2124 0.280734 -0.779305 0.249326 0.442469 -0.689552 -0.555725 -0.485068 -0.316820 -0.515065 -0.385978 0.306498 0.579959 -0.595166 -0.433997 0.239997 -0.149142 0.680390 -0.178682 0.489146 -0.392938
VERTEX_POSE A2125 0.506707 0.555342 0.957576 0.448194 -0.130059 0.112666 -0.759977 0.416895 0.622026 -0.120853 0.083289 -0.285820 0.140565 0.839143 -0.563310 0.128774 0.019403 -0.448752 -0.609498 -0.338709
VERTEX_POSE A2126 0.603301 -0.808270 0.836824 0.957892 0.392399 0.631962 0.499476 0.479718 0.683385 -0.421168 -0.548623 -0.228751 -0.513055 0.268496 0.208071 -0.525398 0.629821 -0.194905 0.184046 -0.010922
VERTEX_POSE A2127 0.916995 0.307303 0.011493 0.175911 -0.226366 0.267272 -0.549374 0.122138 -0.630876 0.477505 0.103576 -0.208711 0.094209 -0.384545 -0.674385 -0.619477 0.298987 0.179460 0.278479 0.858537
VERTEX_POSE A2128 0.460551 0.085461 0.942937 -0.103895 -0.215933 -0.413419 -0.757492 -0.175528 0.673749 -0.265995 0.465112 0.577071 -0.020713 -0.668485 0.114619 -0.296478 -0.459361 -0.170289 0.516841 -0.308181
VERTEX_POSE A2129 -0.533308 -0.522063 -0.024766 -0.955883 0.493926 0.133824 -0.325812 -0.778786 0.170422 -0.432492 0.607749 0.567157 -0.602970 -0.022869 -0.606421 -0.502856 0.085594 -0.513452 -0.300601 -0.127613
VERTEX_POSE A2130 0.566624 0.601091 -0.224965 -0.694247 -0.294673 0.591761 0.519129 0.605123 0.223842 0.530957 -0.556944 -0.387745 -0.048606 0.562035 0.610957 -0.573668 -0.056037 0.275859 -0.342246 0.067940
VERTEX_POSE A2131 0.711018 0.704232 0.867286 0.059449 0.390859 -0.211881 -0.295829 0.084011 0.094110 0.858529 -0.293323 -0.578304 0.390637 0.394221 0.651571 0.147657 0.730048 0.432747 -0.031841 -0.467464
VERTEX_POSE A2132 0.879752 0.410816 0.874665 -0.894652 -0.081189 -0.700026 0.634423 -0.274390 0.476705 0.547498 0.403382 -0.360522 -0.541924 0.131859 -0.379241 0.017009 0.846540 -0.094427 0.061508 0.167263
VERTEX_POSE A2133 0.760137 -0.677094 -0.520511 0.737522 -0.603275 0.213711 -0.301250 -0.216781 0.653171 -0.631606 0.296648 0.594924 0.655344 0.228557 -0.411385 -0.174954 0.766498 -0.067254 -0.224139 -0.474603
VERTEX_POSE A2134 0.272781 0.330677 -0.030126 -0.482265 -0.347675 -0.499641 -0.407275 0.241332 -0.022140 -0.264743 -0.705947 0.022230 0.541336 -0.536272 0.675482 -0.597848 -0.126627 0.541385 0.337003 0.373865
VERTEX_POSE A2135 -0.337009 0.557943 0.370223 -0.172857 0.173800 -0.124209 -0.743883 0.460174 0.648571 -0.238793 0.216331 0.485930 0.438528 0.577017 0.415776 0.055022 -0.511242 -0.393611 0.440773 0.383566
VERTEX_POSE A2136 0.515572 -0.966468 -0.537692 0.170378 0.256760 0.879632 0.387206 0.180885 0.196493 -0.542591 0.695658 0.400561 -0.323926 -0.681070 0.160553 -0.564008 -0.137151 0.037558 -0.364189 -0.025939
VERTEX_POSE A2137 -0.427779 -0.055148 0.090943 0.209420 0.503548 0.633733 0.344424 0.361100 0.099932 -0.545136 0.769777 -0.310670 -0.139958 0.236771 -0.278398 -0.516768 -0.174873 0.643719 -0.545492 -0.436360
VERTEX_POSE A2138 0.445258 -0.099933 0.126014 0.619058 -0.556756 -0.202448 0.601086 0.180936 0.609153 -0.314175 -0.465912 0.136456 -0.196331 0.645080 0.660732 0.658283 0.033566 0.364363 -0.260974 0.577004
VERTEX_POSE A2139 -0.858647 0.961572 -0.711857 0.822671 0.703659 0.198798 -0.222082 0.636197 0.287225 0.459215 -0.056961 0.387614 -0.667189 -0.579603 -0.618725 -0.492606 0.238498 -0.587295 0.228036 -0.446306
VERTEX_POSE A2140 -0.437156 0.994785 0.830469 -0.199838 0.508199 0.246319 -0.714512 0.602384 -0.104419 -0.223163 -0.202015 -0.921486 -0.228637 0.195833 0.078327 0.506879 0.727367 0.270465 -0.361205 -0.170032
VERTEX_POSE A2141 0.720458 0.678889 0.941387 0.340090 0.664547 0.099704 0.165116 -0.678794 0.064118 -0.668160 -0.072594 -0.691008 0.011430 0.470516 -0.551247 0.421947 -0.403392 -0.452308 -0.590025 -0.387115
VERTEX_POSE A2142 0.850462 0.984668 -0.055215 0.338041 0.155689 -0.621463 0.009586 -0.732199 0.163016 0.409570 -0.370445 0.491904 -0.732847 -0.394604 0.583279 0.528866 -0.310657 -0.070884 0.124083 0.272827
VERTEX_POSE A2143 -0.829485 0.706871 0.761880 -0.278265 0.287249 0.231191 -0.515024 -0.232804 0.377104 0.561219 -0.219904 -0.169240 0.468790 -0.648936 0.747430 0.223692 0.390660 -0.465885 0.387274 0.568956
VERTEX_POSE A2144 -0.722734 0.023975 0.957466 -0.849580 0.296041 -0.327431 -0.349414 0.134532 -0.377939 -0.508271 0.376600 -0.493435 -0.198911 0.078671 -0.021314 -0.489400 -0.865685 -0.711350 0.583517 -0.290643
VERTEX_POSE A2145 0.728681 0.794681 -0.082594 -0.292668 -0.891259 0.816068 -0.408014 0.312120 -0.091522 -0.605599 -0.751968 -0.185755 -0.383344 0.184937 -0.480230 -0.150353 0.419840 0.246031 0.545175 -0.355890
VERTEX_POSE A2146 0.896681 -0.392077 -0.558033 0.391623 0.022609 0.199342 -0.625001 0.557680 0.563841 0.558560 -0.119441 -0.499554 0.415424 0.488165 -0.160077 0.333535 0.477688 0.605943 0.116459 0.456328
VERTEX_POSE A2147 0.918163 0.184919 -0.591109 -0.692665 -0.202778 -0.146271 -0.627569 -0.487398 0.152060 -0.539990 0.229404 -0.508608 -0.343207 -0.191314 0.134051 -0.415239 0.734138 -0.823912 0.156059 0.366412
VERTEX_POSE A2148 0.933996 0.868733 -0.158034 0.922336 0.943425 0.598617 -0.575742 -0.390872 0.073971 -0.589803 0.469576 0.489465 0.404174 0.563833 -0.629770 -0.302371 0.121754 -0.000095 -0.256648 0.542205
VERTEX_POSE A2149 0.619602 -0.645527 -0.438329 0.196837 -0.463137 0.160652 0.660163 -0.107623 -0.158118 0.602134 0.502114 0.375833 0.044228 0.606628 0.133489 -0.445386 0.560807 -0.888887 -0.035982 0.231941
VERTEX_POSE A2150 0.609168 -0.449598 0.344427 0.208640 -0.358834 0.082815 0.219358 0.161081 0.576172 -0.375534 -0.489053 0.797781 0.405292 0.239574 -0.073313 0.472202 0.354504 0.139062 -0.650861 0.742840
VERTEX_POSE A2151 -0.777654 -0.660029 -0.054248 0.871220 -0.073712 -0.710729 -0.326069 0.608423 -0.322448 0.492145 0.008442 -0.322620 0.147355 -0.459286 -0.243169 0.727410 0.079996 0.477154 0.317229 0.642190
VERTEX_POSE A2152 0.509950 0.806604 0.112371 0.350099 0.681083 -0.446579 0.184419 0.073862 0.306394 -0.379653 -0.800662 -0.638992 0.294874 -0.425830 0.095976 0.599393 -0.406313 0.537743 0.612887 0.084050
VERTEX_POSE A2153 -0.264089 0.715424 -0.890740 -0.523764 0.984851 -0.455492 -0.047659 -0.059825 0.444793 0.462648 0.412137 -0.435069 0.317369 0.741256 0.633663 -0.060169 0.126466 -0.062224 0.824222 -0.510988
VERTEX_POSE A2154 -0.577682 0.026156 0.021505 0.959949 0.848763 0.112881 0.367467 0.799343 -0.770940 -0.337747 0.409592 -0.609347 0.569296 -0.299078 0.102295 -0.201107 0.298818 0.105552 0.621573 0.120604
VERTEX_POSE A2155 -0.209316 -0.972702 -0.638303 -0.207431 0.991530 -0.595136 -0.632570 -0.301522 0.155105 -0.510242 0.572194 0.748322 -0.229581 -0.426292 0.057989 0.055366 0.629647 -0.241678 0.532668 -0.059147
VERTEX_POSE A2156 -0.757382 0.270766 -0.933164 0.924430 -0.145208 0.696702 -0.259445 0.133694 -0.423846 0.446526 -0.112509 -0.385003 -0.702361 -0.528154 -0.202158 0.274226 0.163134 -0.381923 -0.405945 0.814806
VERTEX_POSE A2157 -0.974381 0.217886 -0.141671 0.917841 0.241162 0.088374 -0.659753 0.030485 0.060884 -0.279416 0.117252 -0.154642 -0.597413 -0.570919 -0.693058 -0.242661 0.641477 -0.695873 0.266207 -0.497877
VERTEX_POSE A2158 -0.292321 0.334601 0.373190 0.968479 -0.234835 0.121113 -0.490341 0.574823 -0.508411 0.136324 0.365046 0.343087 -0.442959 -0.563546 0.655070 -0.048570 0.467639 0.424293 0.736485 0.007034
VERTEX_POSE A2159 0.703169 -0.643773 -0.990227 -0.179465 0.638858 0.691602 -0.031432 0.481366 -0.569629 -0.294279 -0.034517 -0.246516 0.485721 0.165425 0.221633 0.613053 -0.638421 0.295496 -0.548318 -0.576323
VERTEX_POSE A2160 -0.507690 0.695823 0.833564 0.961958 -0.264912 -0.196698 -0.492577 -0.073280 0.278522 0.725847 0.312811 -0.414552 0.316511 -0.021010 -0.161402 -0.257647 0.945370 -0.828149 0.252887 -0.051121
VERTEX_POSE A2161 -0.725697 -0.064307 -0.851775 -0.725768 0.470492 0.463760 -0.231593 0.212136 -0.577805 -0.496086 0.007199 0.268534 0.533747 -0.459864 -0.156016 0.495796 0.820778 0.595497 -0.411781 0.264187
VERTEX_POSE A2162 0.414188 -0.939541 0.877059 0.879983 0.029717 0.530286 0.153996 -0.644630 -0.255457 0.324671 -0.543093 0.484305 0.719444 0.459636 0.202540 -0.411151 0.254688 0.614788 -0.429218 -0.115629
VERTEX_POSE A2163 -0.627937 0.106638 0.708229 -0.932694 0.653898 -0.293857 0.541164 0.150361 -0.193468 -0.216758 -0.920790 0.707041 -0.319214 0.044106 0.610079 0.607597 -0.292284 -0.064152 0.434840 -0.205336
VERTEX_POSE A2164 -0.965560 0.258598 -0.372286 -0.988246 0.867217 0.355381 0.065909 -0.624647 -0.528845 -0.217252 -0.729685 0.456299 -0.877520 0.006237 -0.316067 -0.231246 0.074115 0.534715 0.353471 -0.268037
VERTEX_POSE A2165 -0.313031 0.391136 -0.153067 -0.602282 0.682042 0.291888 0.643348 0.105556 0.554647 -0.044079 -0.134662 -0.584159 -0.316241 0.161268 0.331736 -0.563592 -0.543098 -0.394813 0.408063 -0.806078
VERTEX_POSE A2166 0.035053 -0.335419 0.078452 -0.105551 -0.172301 0.555293 0.528620 0.384062 0.571803 -0.186021 -0.612733 -0.031355 -0.608688 0.578359 0.479467 -0.001664 0.372190 0.365813 -0.561653 -0.063483
VERTEX_POSE A2167 0.550013 0.292131 0.090022 0.182133 0.123977 -0.054826 -0.342588 0.653574 -0.433822 -0.727698 0.063460 0.719547 -0.264221 -0.132161 -0.451470 -0.027938 -0.619128 0.295328 -0.531503 -0.409912
VERTEX_POSE A2168 0.259190 -0.664012 0.937875 0.607138 0.185590 0.450208 -0.590501 -0.388838 0.349830 -0.346299 -0.180283 -0.566513 -0.469218 -0.251815 -0.562287 -0.022700 -0.430395 0.194492 0.557409 -0.753427
VERTEX_POSE A2169 -0.519689 0.564648 -0.795534 -0.486494 0.270943 0.330955 0.613662 0.378817 0.232388 -0.424847 -0.140215 -0.520970 0.599232 -0.403946 -0.728084 -0.289189 0.212951 0.186945 -0.014640 -0.792665
VERTEX_POSE A2170 0.691365 0.253702 0.378165 0.004803 -0.172364 0.012200 -0.585210 0.779557 0.687625 -0.286407 -0.163637 0.606336 0.621387 0.396334 -0.398538 0.434609 0.360900 0.023359 0.022211 0.279615
VERTEX_POSE A2171 0.822035 -0.669226 0.768344 -0.592700 -0.306211 -0.539537 -0.595745 -0.175525 0.518671 -0.642749 0.404772 -0.339579 0.387164 0.346847 -0.458895 -0.283794 -0.186127 0.337612 0.039070 -0.806476
VERTEX_POSE A2172 -0.799231 0.243537 -0.854147 0.853596 -0.064510 0.337267 0.662566 -0.661783 -0.294590 -0.065599 -0.213845 0.069703 0.238374 0.401475 -0.809299 0.534322 0.107298 -0.373690 -0.463014 -0.586190
VERTEX_POSE A2173 0.541828 0.238370 -0.677050 -0.657156 0.983324 0.562660 -0.539377 0.601526 0.035220 0.703766 0.535941 -0.416453 0.100306 0.438011 0.349422 0.257596 0.154072 0.621807 0.370633 -0.367888
VERTEX_POSE A2174 0.992550 -0.962355 0.530224 0.129034 0.981037 -0.610742 0.475435 -0.425481 -0.263643 -0.655436 -0.634430 0.429405 -0.133412 -0.096617 0.543227 0.480732 -0.603729 -0.279287 0.308971 0.206497
VERTEX_POSE A2175 -0.521964 -0.732488 -0.896681 -0.995984 -0.768469 -0.546487 0.113835 -0.452771 0.409925 0.573585 0.393139 -0.662503 0.007107 0.478917 0.031422 0.539433 -0.595536 0.305639 -0.605809 -0.237518
VERTEX_POSE A2176 0.270509 0.033052 0.240356 0.050176 -0.907935 0.374735 0.079585 0.757077 0.711824 0.268585 -0.557636 0.545329 -0.683889 0.123689 0.052764 0.334088 0.287776 0.229593 0.584986 0.133280
VERTEX_POSE A2177 0.889231 -0.354432 0.972192 -0.479343 0.003646 -0.371744 0.705678 -0.595744 -0.444412 -0.411525 -0.318241 0.710082 0.089043 -0.357823 -0.016371 -0.569596 -0.573035 -0.399775 -0.017241 0.295646
VERTEX_POSE A2178 -0.603801 0.452431 -0.487790 -0.688649 0.028753 0.264346 0.151451 -0.913123 0.593356 0.501458 0.197073 -0.742817 0.586042 -0.138672 -0.118551 -0.533869 -0.302055 -0.110542 -0.311675 0.130008
VERTEX_POSE A2179 0.204504 -0.098215 -0.917678 -0.027489 -0.964510 0.297022 0.188602 -0.337115 -0.738034 -0.280124 0.363650 0.367527 -0.536702 0.451765 0.458485 -0.362781 0.212848 0.147647 0.682862 0.710434
VERTEX_POSE A2180 0.508833 0.000041 -0.466137 0.717494 0.540509 0.021158 -0.443036 -0.249953 -0.269494 -0.326552 -0.812755 -0.486135 -0.643958 0.490637 -0.448211 0.047504 0.142226 0.699790 -0.529286 0.126494
VERTEX_POSE A2181 -0.994633 -0.997167 0.856637 0.519990 0.669919 -0.076750 -0.326634 -0.027692 0.568560 -0.753806 0.226143 -0.561746 -0.406842 0.233015 -0.499916 -0.098656 0.514595 -0.324615 -0.387084 -0.793088
VERTEX_POSE A2182 0.426850 0.241756 0.028074 -0.156269 -0.038222 0.230078 0.764068 -0.210557 0.500808 -0.081957 0.764171 0.663318 0.213494 -0.272730 -0.450215 0.602865 0.476710 -0.231457 0.021369 -0.264715
VERTEX_POSE A2183 0.018783 -0.193356 0.646234 0.067594 0.221592 0.422746 0.132371 -0.285980 0.375881 0.571481 0.451010 0.271665 -0.769482 0.507500 -0.668200 -0.055040 -0.119001 0.399633 -0.246487 -0.665649
VERTEX_POSE A2184 -0.258722 0.718257 0.965897 0.996226 0.654770 0.540214 0.556229 -0.334278 0.512341 -0.006675 0.234805 -0.163354 0.523120 -0.483229 0.532608 -0.585427 -0.463473 0.367859 0.272371 0.620328
VERTEX_POSE A2185 0.849167 -0.732088 -0.950420 -0.196320 -0.189459 -0.354998 -0.213321 0.427248 -0.621883 -0.349890 0.103035 0.669954 -0.627818 0.174381 0.093984 0.422402 -0.391625 -0.171949 -0.509404 -0.789344
VERTEX_POSE A2186 0.809467 -0.166057 -0.992069 0.860162 0.213122 0.126227 -0.296588 -0.505230 0.769030 -0.345748 -0.290452 -0.159566 -0.687937 0.497304 0.353703 -0.191983 0.529577 0.492030 0.531394 0.364166
VERTEX_POSE A2187 -0.016104 -0.010978 -0.967267 0.920656 -0.490439 -0.055937 0.086417 0.787989 -0.825649 -0.099663 -0.053616 0.115716 -0.908674 0.305491 -0.359435 0.264140 0.441556 -0.415441 -0.295195 -0.296483
VERTEX_POSE A2188 0.874786 0.485798 -0.092091 -0.278479 -0.948297 0.398764 -0.254896 0.316091 -0.055803 0.801497 -0.408827 0.233793 -0.170839 -0.403207 -0.022623 -0.473336 -0.750883 0.884705 0.198486 -0.080908
VERTEX_POSE A2189 -0.482854 -0.831456 0.381121 0.828642 0.978287 -0.496660 -0.470319 -0.102502 0.445415 0.582984 -0.111055 0.554172 -0.478767 0.253067 0.497491 -0.457269 -0.251081 0.018195 -0.024820 -0.921995
VERTEX_POSE A2190 -0.312934 0.345249 -0.957494 -0.258809 -0.851580 -0.437276 -0.050155 0.079584 0.219368 -0.121817 -0.867067 0.733700 -0.190822 0.033345 0.369765 -0.331984 0.485347 0.292619 0.914340 0.072029
VERTEX_POSE A2191 -0.632903 0.181621 -0.258527 -0.316521 -0.213209 0.154055 0.739684 0.362360 0.491451 -0.157586 -0.599437 0.526274 -0.530489 0.647279 -0.234622 -0.250108 -0.191887 -0.634611 -0.289934 0.231474
VERTEX_POSE A2192 -0.208551 0.104237 0.529346 -0.897126 0.448778 -0.515509 0.200539 0.398301 -0.522050 0.130858 0.084651 -0.450807 -0.853962 0.025410 -0.156028 0.312877 0.561060 -0.483883 0.339877 -0.720248
VERTEX_POSE A2193 -0.898746 0.405708 0.919565 -0.378826 0.178137 -0.565690 0.681384 -0.010489 0.582333 0.202087 0.511907 0.213555 0.562665 0.361942 0.537099 0.317560 -0.744953 -0.082473 0.278283 -0.227781
VERTEX_POSE A2194 -0.260841 -0.711741 -0.550298 -0.249215 -0.559310 0.798101 -0.328912 0.260022 -0.078537 0.088648 -0.702900 -0.158261 -0.808886 -0.108101 -0.383153 -0.470632 -0.002903 0.430132 -0.090372 -0.653166
VERTEX_POSE A2195 -0.174110 -0.637165 -0.842940 -0.885372 0.315995 0.758878 0.101738 0.534369 -0.343539 0.259850 -0.148983 -0.311571 0.780070 0.462669 0.325149 0.430128 -0.413129 0.321382 0.358619 -0.554541
VERTEX_POSE A2196 -0.211777 -0.203156 -0.233503 0.018892 -0.139821 0.378197 -0.603398 0.555187 -0.610708 0.194288 0.214399 -0.458311 0.062995 0.276771 0.389047 0.721462 0.568882 0.350136 0.271453 -0.495551
VERTEX_POSE A2197 0.774212 -0.047159 0.528154 0.645234 0.268389 -0.708648 0.194200 0.393403 0.042150 0.198800 0.695210 0.581751 0.447269 0.380097 0.385909 -0.504555 0.177591 0.093178 0.684207 -0.431167
VERTEX_POSE A2198 -0.624098 0.654965 0.247081 0.296760 -0.560028 -0.523119 -0.047663 -0.381527 0.492224 -0.691243 0.291526 -0.618325 -0.154433 0.760698 -0.003389 0.137882 0.173383 0.318943 0.690688 0.400906
VERTEX_POSE A2199 -0.952587 0.132833 -0.295627 -0.373970 -0.954231 0.692128 -0.398546 -0.528299 -0.374721 -0.884602 0.244430 -0.198992 -0.110397 -0.501791 0.074888 0.151228 0.263321 -0.579084 0.153565 -0.583114
VERTEX_POSE A2200 -0.745476 -0.482512 0.732620 -0.841260 -0.460668 -0.576250 0.254834 0.141431 0.539958 0.562939 -0.412346 0.444927 -0.081975 0.007146 0.420622 -0.351114 0.659148 -0.038707 -0.698683 -0.612733
VERTEX_POSE A2201 -0.932732 -0.091332 -0.374754 -0.698436 0.267607 0.506845 -0.647075 0.179004 0.627441 -0.100521 -0.116055 -0.329189 -0.144625 0.738774 -0.082017 0.126673 -0.515544 -0.484081 -0.730908 -0.378042
VERTEX_POSE A2202 0.869448 0.463606 -0.527283 0.033329 -0.260442 0.106858 -0.283997 -0.091379 0.742132 0.350518 -0.540446 -0.554187 0.556353 -0.511452 0.302101 0.545792 0.602183 0.198577 -0.434817 -0.274519
VERTEX_POSE A2203 -0.544707 0.761025 0.878473 -0.987664 0.474822 -0.252879 0.590093 -0.570029 -0.029708 0.021017 0.523726 0.050382 -0.071843 0.384684 0.923039 0.383583 -0.005644 -0.283956 0.706436 0.502756
VERTEX_POSE A2204 0.609096 -0.852962 -0.051804 -0.355593 0.250931 0.483619 -0.382141 0.316189 -0.485871 -0.785766 0.116154 -0.207122 0.464405 0.463675 0.423450 -0.084379 -0.651809 -0.554826 0.117247 -0.496673
VERTEX_POSE A2205 0.861998 0.501251 -0.997059 -0.837636 -0.279405 -0.137061 -0.263917 -0.306686 -0.298682 -0.291590 0.692570 0.270218 -0.341593 0.543986 -0.398362 0.780897 0.315050 -0.812584 -0.344727 -0.176390
VERTEX_POSE A2206 -0.066671 -0.971462 0.981792 -0.983648 0.706353 -0.472438 -0.585843 0.133675 0.418429 0.078882 -0.120915 -0.587378 0.612496 -0.474951 0.443470 0.335631 0.100121 -0.245032 0.403444 0.855516
VERTEX_POSE A2207 -0.120396 0.180090 -0.811448 0.694583 0.342996 -0.599260 -0.229959 -0.398738 -0.012029 -0.895009 -0.149245 0.720995 -0.042019 -0.617525 0.110228 -0.268254 0.473395 0.329786 -0.268984 0.461838
VERTEX_POSE A2208 0.751229 -0.853181 0.975132 -0.316979 0.724241 0.379324 -0.330049 -0.089495 -0.560347 0.539939 -0.441442 -0.185984 0.260126 0.431356 -0.545288 -0.699393 -0.345364 -0.458471 -0.206681 0.701267
VERTEX_POSE A2209 0.329528 0.480969 -0.505998 -0.672297 -0.264894 0.508142 0.683755 0.108901 0.613349 -0.401525 -0.281195 -0.156275 -0.435383 -0.295611 0.025045 -0.324827 0.902677 -0.583563 0.276017 -0.082818
VERTEX_POSE A2210 -0.915892 -0.918125 -0.729127 -0.332906 0.378486 0.773235 -0.470723 0.085351 0.303175 0.523977 -0.678102 -0.010115 0.544081 0.252033 -0.047145 -0.285622 -0.655111 -0.554858 -0.355336 -0.200503
VERTEX_POSE A2211 0.260062 0.146860 -0.491005 -0.599485 0.264750 0.044410 0.208214 0.596318 0.440213 0.541353 0.178510 0.593504 -0.603381 0.461082 -0.323231 0.378647 0.522865 -0.589504 -0.395149 0.355744
VERTEX_POSE A2212 0.334895 0.483802 -0.649360 0.847694 -0.594975 -0.624140 -0.434264 0.058774 -0.587604 0.425222 0.122095 0.233103 -0.609219 0.586588 0.459044 0.273189 -0.043189 -0.010640 0.429908 0.797300
VERTEX_POSE A2213 0.510958 0.323631 0.298948 0.510826 -0.659736 0.222281 0.446219 0.541067 -0.046169 -0.080628 -0.649402 0.414398 0.653916 -0.507092 0.395719 -0.576677 -0.107234 0.787490 -0.185003 0.129933
VERTEX_POSE A2214 -0.721155 0.953504 -0.844771 0.468109 -0.513658 0.450075 -0.034952 -0.375415 -0.633025 0.059702 -0.712615 0.064514 0.869401 -0.174150 -0.217486 -0.457383 -0.193160 0.587579 -0.173659 -0.532545
VERTEX_POSE A2215 -0.923827 0.202058 -0.683463 0.843920 -0.940205 -0.681687 -0.664202 0.046390 0.281948 -0.478351 0.352844 -0.120909 0.187671 0.914513 -0.209733 0.436243 0.151748 -0.630239 0.323245 -0.118271
VERTEX_POSE A2216 0.360125 0.591544 0.348528 -0.685494 0.150805 0.065106 -0.612231 0.073070 0.745312 0.395293 -0.420129 -0.025829 0.121493 -0.244192 -0.662314 0.353280 -0.489495 0.030731 -0.573889 -0.720359
VERTEX_POSE A2217 -0.911688 -0.212553 -0.836840 0.328271 0.699464 0.379303 -0.291029 0.388609 -0.135805 -0.686264 -0.603634 0.481573 -0.301096 0.412116 -0.746022 -0.040957 0.494898 -0.221868 -0.593302 0.264283
VERTEX_POSE A2218 0.060069 -0.808919 -0.650730 0.764576 -0.430644 0.455813 -0.317511 -0.584883 -0.057894 -0.347784 -0.241527 -0.632642 -0.147642 0.255189 0.415061 -0.614565 0.670138 -0.465157 -0.615423 -0.292180
VERTEX_POSE A2219 0.234911 0.077342 -0.743563 0.036027 0.202509 -0.354993 0.524247 -0.644466 0.514667 -0.521465 -0.307114 0.337424 0.455595 0.285973 -0.209577 -0.366932 -0.495700 -0.671804 -0.333216 0.403542
VERTEX_POSE A2220 -0.394543 -0.044009 0.544280 0.156913 0.677750 -0.188621 0.775066 -0.278349 -0.396099 0.220812 -0.087071 0.833858 0.374302 0.258129 -0.165365 0.458619 0.284492 -0.291312 0.008988 0.875999
VERTEX_POSE A2221 0.747135 0.536330 -0.608224 -0.494233 -0.282224 0.581644 0.136288 0.514135 -0.235686 0.081630 -0.471339 -0.098586 -0.398945 0.529786 0.189453 -0.898145 -0.243975 0.748686 0.094558 -0.416303
VERTEX_POSE A2222 0.602008 -0.741037 -0.002090 0.719506 0.989300 0.386004 0.439843 -0.334996 -0.794791 0.355441 -0.435637 -0.332235 -0.426478 0.444303 -0.260627 0.499050 0.580369 -0.202488 -0.499265 -0.404678
VERTEX_POSE A2223 0.396907 -0.939772 0.073626 0.259787 0.126529 -0.620311 0.262667 0.518330 0.284975 -0.574310 0.142969 0.415602 0.584374 0.453145 -0.564510 0.037498 -0.382857 -0.206413 -0.508208 0.599144
VERTEX_POSE A2224 0.848389 -0.057962 -0.688659 0.126942 0.895913 0.717968 0.037807 0.179054 0.106364 0.270027 -0.845111 -0.580040 -0.008766 0.266512 0.247118 0.595032 0.425647 0.275128 -0.755987 0.039027
VERTEX_POSE A2225 -0.658833 -0.452778 0.447611 -0.529709 -0.570010 -0.494822 0.521623 -0.415912 0.363419 -0.325457 -0.349079 -0.386054 -0.237173 -0.648942 -0.533262 -0.717758 0.222214 0.435513 -0.224855 -0.484414
VERTEX_POSE A2226 -0.777204 -0.576938 0.230686 0.374415 -0.557476 0.204935 -0.562322 0.087628 0.211643 0.554573 -0.565998 0.656006 0.444437 0.497451 0.060601 -0.046602 -0.591823 -0.692238 0.420175 0.272499
VERTEX_POSE A2227 -0.363388 0.738882 0.077839 -0.854167 -0.243909 -0.378137 0.416975 0.536659 0.519646 -0.248513 -0.283872 -0.570919 0.168154 -0.770912 0.384260 0.288080 -0.079732 -0.336715 -0.808151 0.175361
VERTEX_POSE A2228 -0.884621 0.500062 -0.024235 -0.884476 0.698379 -0.528805 0.181554 -0.704717 -0.435608 0.307468 0.042615 -0.426166 0.431453 0.328978 -0.242553 0.115747 0.615595 -0.538666 -0.820337 0.119890
VERTEX_POSE A2229 -0.401301 -0.921972 -0.522233 -0.328825 -0.117504 -0.318396 0.761219 0.562127 -0.391512 0.010088 -0.147702 0.648346 -0.097578 0.523715 0.567592 0.508908 -0.335614 -0.053185 -0.389788 0.524675
VERTEX_POSE A2230 -0.315975 -0.128285 0.782211 -0.228137 -0.198140 -0.067112 -0.505812 0.438636 0.126699 0.281628 -0.129576 0.188923 0.137342 0.866357 -0.283102 -0.734390 -0.117486 0.929303 -0.326570 -0.162574
VERTEX_POSE A2231 -0.630097 -0.982449 -0.291615 -0.725736 -0.762290 -0.433234 0.765661 0.170177 -0.422318 -0.435272 0.428620 0.438603 0.312116 -0.391377 0.233485 0.338950 0.666993 0.622148 -0.109536 0.435052
VERTEX_POSE A2232 -0.334033 -0.013304 0.103013 -0.027261 -0.849897 -0.656965 0.326009 -0.540230 -0.259925 -0.400711 0.235859 0.319161 -0.493838 -0.118924 -0.585091 -0.602184 0.115347 -0.237994 0.355877 0.790616
VERTEX_POSE A2233 -0.446527 -0.664679 -0.745072 0.805192 0.541418 -0.197227 0.058582 0.562606 -0.264965 0.457950 0.144472 0.575963 -0.606185 0.161897 -0.580368 -0.539418 0.442695 -0.471524 -0.358356 -0.663636
VERTEX_POSE A2234 -0.174804 0.778576 -0.413142 -0.713400 0.712532 -0.766809 -0.304433 -0.346453 0.532207 0.015320 -0.319593 -0.111853 -0.418892 0.600794 -0.161981 0.512817 0.602940 -0.300019 0.684568 -0.230957
VERTEX_POSE A2235 -0.724938 0.133734 -0.948791 0.617146 0.401034 -0.160423 0.386413 -0.680257 -0.591510 -0.204494 0.041065 -0.471779 -0.195755 -0.514893 -0.625076 0.375717 0.519124 0.105287 0.793337 -0.030981
VERTEX_POSE A2236 -0.584529 0.836572 -0.742132 0.967556 -0.737987 0.792298 -0.080037 -0.162608 -0.247183 0.483778 -0.111411 0.116653 -0.313664 0.873034 -0.487780 -0.676221 -0.198777 0.244188 -0.451546 -0.399307
VERTEX_POSE A2237 0.758525 0.807114 -0.431350 -0.697047 0.418885 0.131899 -0.194559 -0.557388 -0.162666 0.739426 0.322135 -0.786859 0.068905 -0.035059 0.286541 0.639955 -0.564658 -0.504866 -0.033250 -0.515247
VERTEX_POSE A2238 0.154666 -0.686175 -0.760239 0.311729 -0.255969 -0.018133 0.129038 0.839626 -0.057221 0.682237 0.084797 -0.523228 0.351631 -0.457293 -0.436791 -0.624523 0.037595 0.729275 -0.065030 -0.278043
VERTEX_POSE A2239 -0.833301 0.983392 -0.766999 -0.349423 0.986254 0.082570 0.101195 0.524201 -0.432579 -0.209576 0.656786 0.736724 -0.438980 0.379670 0.505307 0.560984 -0.008654 -0.089218 0.662141 0.386809
VERTEX_POSE A2240 0.088052 0.288083 0.062652 -0.369344 -0.846009 -0.129357 0.332090 0.687968 0.206897 0.556110 0.181340 -0.105201 0.219383 -0.653950 -0.851715 -0.296050 0.136083 -0.451635 0.666846 -0.218280
VERTEX_POSE A2241 0.238774 -0.604300 -0.489366 0.978824 -0.877483 -0.397899 0.674791 0.227867 0.882301 0.211105 0.359013 -0.160866 -0.025568 0.610982 0.178538 0.595324 -0.575733 -0.073948 0.380825 0.338259
VERTEX_POSE A2242 0.426761 0.130251 -0.258004 0.051092 0.251004 0.669066 -0.481980 -0.139839 0.454567 -0.187235 0.621262 0.061855 -0.357192 -0.722305 0.253601 0.548514 -0.205495 -0.526859 -0.551529 0.174718
VERTEX_POSE A2243 -0.577053 -0.228116 0.413292 -0.521651 -0.440984 -0.537963 -0.418135 -0.582689 -0.166562 -0.105474 0.497135 0.371834 -0.516125 -0.353737 -0.370287 0.671782 -0.382196 -0.638342 -0.310422 0.376996
VERTEX_POSE A2244 -0.250268 0.719331 0.809582 0.489649 -0.537219 -0.167172 -0.436003 0.163798 -0.582179 -0.168460 -0.429742 -0.505274 0.003755 -0.446635 -0.479961 -0.310096 0.718426 -0.384001 0.827858 0.269950
VERTEX_POSE A2245 0.705606 0.083756 -0.102775 -0.480799 0.737346 0.512020 0.743465 -0.257889 0.127485 0.040097 0.682565 -0.535719 0.441058 0.487024 0.618719 -0.367080 0.393232 -0.227540 -0.341135 -0.275273
VERTEX_POSE A2246 -0.500880 0.973942 0.729829 -0.677731 -0.381189 0.427220 0.563604 -0.350681 -0.633622 0.234232 0.270895 -0.194934 -0.327098 -0.851834 0.264059 0.500761 0.001245 0.555229 -0.519356 0.279314
VERTEX_POSE A2247 -0.890143 0.310875 0.158110 0.804155 0.613587 0.549012 -0.286572 0.631946 0.060897 -0.745661 -0.089843 -0.317746 -0.538639 0.074028 -0.523435 -0.222101 -0.193659 -0.565624 0.149686 0.741342
VERTEX_POSE A2248 0.793917 0.871203 0.060384 0.847473 0.436809 -0.508102 0.630353 -0.135652 -0.059880 0.597796 -0.221089 0.506190 0.092765 -0.675312 -0.620659 -0.485903 -0.594426 -0.311130 -0.024244 0.351184
VERTEX_POSE A2249 0.559189 -0.834977 -0.920900 -0.913155 0.188167 0.361711 -0.077050 0.879771 0.380299 0.630969 0.078430 -0.601614 -0.049477 0.197703 0.524451 -0.026777 -0.424609 0.295888 -0.769919 -0.021706
VERTEX_POSE A2250 0.344769 -0.611784 0.414546 -0.159818 -0.183905 0.187248 0.744954 0.575164 0.484221 -0.053451 0.030048 0.263953 0.545516 -0.790255 -0.752151 0.372935 -0.029902 -0.308326 -0.074283 -0.207089
VERTEX_POSE A2251 -0.600625 -0.172806 -0.395335 0.004386 0.114560 0.085419 -0.157516 0.321836 -0.277237 -0.060510 -0.299007 0.632073 -0.232046 0.551656 0.543643 -0.461749 -0.684403 0.469871 0.839327 -0.185162
VERTEX_POSE A2252 0.306324 0.701353 -0.529124 -0.407387 0.905943 -0.064788 -0.193327 0.300181 -0.676480 -0.321069 -0.056443 0.289414 0.244602 -0.771106 -0.662648 0.580538 -0.211980 -0.123755 -0.680209 -0.516880
VERTEX_POSE A2253 -0.053223 -0.352821 -0.587544 -0.440312 -0.194604 0.679154 -0.068524 0.653151 0.582279 0.054923 -0.233241 0.369709 0.186063 -0.451718 0.100635 -0.961014 -0.244458 -0.229976 -0.184719 0.505157
VERTEX_POSE A2254 0.796281 -0.112578 0.678291 -0.735828 -0.758911 0.539881 0.522501 -0.585555 0.270186 0.441680 0.398495 -0.578490 0.584918 0.251674 0.265497 -0.423339 0.193853 0.479988 0.102796 0.630403
VERTEX_POSE A2255 0.154713 -0.356610 -0.217782 0.719554 0.801856 0.357632 0.474609 -0.774714 -0.732665 0.072719 -0.423907 -0.163446 -0.456991 -0.176288 0.265134 0.420126 0.315576 0.488151 -0.619767 -0.299093
VERTEX_POSE A2256 0.287944 0.194401 0.860067 0.029978 0.235385 0.493051 0.147891 0.269199 0.198716 -0.123272 0.675342 -0.616043 -0.382704 -0.106492 -0.478537 -0.028954 0.677860 -0.330010 0.903123 0.024704
VERTEX_POSE A2257 -0.980923 0.310484 -0.091024 0.638587 -0.316387 -0.188887 0.081464 -0.556886 0.150105 0.525330 0.422923 -0.750717 0.499172 -0.210823 0.614857 0.496406 -0.540460 -0.012847 -0.470957 -0.417696
VERTEX_POSE A2258 0.791325 -0.617728 0.860056 0.865388 -0.442053 0.085620 -0.058076 0.710896 -0.951882 -0.291219 0.055842 -0.075437 0.184149 -0.670114 -0.282118 0.871664 0.206009 0.036166 -0.343672 -0.004013
VERTEX_POSE A2259 0.403324 -0.305537 -0.164168 0.145503 -0.066236 0.667684 -0.569151 -0.299080 -0.030716 -0.522012 0.242029 0.614583 0.182897 0.369768 0.079446 0.209979 -0.838147 -0.411377 -0.570988 -0.112935
VERTEX_POSE A2260 -0.382224 0.388512 0.386743 -0.690238 0.566109 0.282895 0.583760 -0.230760 0.538823 0.419606 -0.316252 -0.280633 0.050484 -0.127544 -0.545539 0.693254 0.392358 0.503262 0.002242 0.822510
VERTEX_POSE A2261 -0.524650 0.253987 0.642267 -0.362749 0.359807 -0.808650 0.453071 0.125120 -0.144145 -0.746694 -0.050358 0.287148 0.167950 0.575862 -0.101572 0.071191 -0.746298 -0.482220 -0.451553 0.305339
VERTEX_POSE A2262 0.773227 -0.287986 0.544217 0.419767 0.171474 0.531781 0.575505 0.340272 0.508253 -0.464109 -0.556949 -0.419916 -0.333762 0.127560 -0.509541 0.501926 -0.476439 0.151414 0.300116 -0.575115
VERTEX_POSE A2263 0.283742 -0.624792 -0.510244 0.282500 0.716212 0.094808 0.370005 0.075370 0.149182 -0.607453 0.680547 -0.421472 -0.224486 -0.502017 0.304448 -0.639548 -0.486553 0.835721 0.186230 -0.205963
VERTEX_POSE A2264 0.028823 0.589308 0.897195 -0.557557 -0.098775 -0.008761 0.501616 -0.070343 -0.267877 0.753300 0.095549 -0.046715 -0.313884 -0.460508 0.695497 0.286800 -0.605344 0.665031 -0.011947 0.638289
VERTEX_POSE A2265 -0.401577 -0.509410 -0.868925 0.706368 -0.115994 0.690440 -0.222857 -0.124268 -0.126440 -0.862661 0.471706 0.565424 -0.025180 -0.112910 -0.432753 -0.154206 -0.512728 0.018066 -0.426306 -0.697433
VERTEX_POSE A2266 0.558804 0.508942 -0.459034 -0.100353 0.117246 0.758231 0.027439 0.494815 -0.027814 0.857533 -0.223327 -0.550757 -0.029212 0.217959 -0.081142 0.506127 0.472106 0.338223 0.082864 -0.659464
VERTEX_POSE A2267 0.444293 0.425880 -0.844937 -0.590001 0.163238 0.431677 0.137306 -0.773032 -0.405991 -0.104673 -0.244690 -0.303087 0.470214 0.346733 0.615879 0.532899 0.305169 -0.421493 0.681989 -0.359440
VERTEX_POSE A2268 -0.643053 -0.702296 -0.300275 -0.990680 -0.697109 0.452467 -0.589410 0.379560 -0.293846 -0.079651 0.437496 0.433266 -0.323040 -0.679556 -0.593708 -0.726718 -0.123649 -0.410754 0.117376 -0.432949
VERTEX_POSE A2269 -0.286529 0.822767 -0.219274 -0.788624 0.861277 -0.193646 0.839169 0.444416 0.738970 0.013430 0.525532 -0.531943 -0.294764 0.533601 -0.039215 0.455324 -0.480662 0.363213 0.037541 -0.102687
VERTEX_POSE A2270 0.610992 0.409272 -0.611936 0.060576 0.149492 -0.828818 0.513854 0.128834 0.453781 0.448797 0.609078 0.029836 -0.206533 -0.157142 0.324857 0.695794 -0.456751 -0.026865 -0.088035 0.615719
VERTEX_POSE A2271 0.445000 0.585786 0.762377 -0.360024 -0.543118 -0.208939 -0.561873 -0.182476 0.456996 -0.712222 0.388651 0.658646 0.405396 0.287622 -0.049780 -0.030766 0.520271 -0.557859 0.108376 0.679886
VERTEX_POSE A2272 0.952245 -0.781534 0.291360 -0.809801 0.983794 0.383301 0.604371 -0.481917 0.264041 0.172943 0.778076 0.613267 -0.698501 -0.243929 0.454576 -0.004615 0.318709 -0.447915 -0.341907 0.035740
VERTEX_POSE A2273 0.037753 -0.460477 0.130060 -0.888331 -0.599504 0.362763 0.041102 0.663529 0.459982 -0.389150 -0.663375 -0.559244 -0.200262 -0.048717 0.353774 -0.659373 0.306694 -0.467878 -0.609914 0.152408
VERTEX_POSE A2274 0.867947 -0.642329 0.175669 0.118325 0.015898 -0.125518 -0.288914 0.472036 -0.330010 0.331724 -0.728323 -0.195322 0.226957 0.040491 0.823582 0.490014 0.028913 0.398624 -0.717541 -0.494219
VERTEX_POSE A2275 -0.298023 0.937797 0.100942 0.679849 -0.553425 0.751790 -0.639323 -0.142167 -0.584520 -0.545185 -0.424617 0.054814 0.130524 -0.611929 -0.219522 -0.448987 0.633731 0.204825 0.274618 0.153022
VERTEX_POSE A2276 -0.256641 0.623279 -0.972715 -0.369130 -0.862158 -0.192493 -0.940833 0.230586 -0.627990 0.004367 -0.570443 0.552725 -0.096971 0.121271 -0.090494 0.254581 0.362450 0.504857 -0.201494 -0.689455
VERTEX_POSE A2277 -0.632934 -0.668387 -0.094501 0.440594 0.634709 0.794959 0.405602 0.349252 -0.319953 0.404360 0.267018 -0.234729 0.804644 -0.176367 -0.348905 0.108493 -0.079709 0.298055 0.112953 -0.877078
VERTEX_POSE A2278 -0.188166 0.248672 -0.740948 0.484004 -0.939838 -0.470621 0.143851 0.367552 0.273308 0.398354 -0.717752 -0.358062 0.509827 0.165385 0.718169 0.410233 0.553803 0.244628 -0.626423 0.125249
VERTEX_POSE A2279 -0.462724 0.494482 0.087669 -0.521658 0.574652 -0.209985 -0.452306 0.577711 0.053340 0.392047 0.634228 -0.604620 0.369945 0.304132 -0.548314 -0.587265 -0.103134 -0.535582 0.399974 -0.401087
VERTEX_POSE A2280 0.926256 -0.503364 -0.015401 0.527439 -0.177124 -0.331681 -0.236997 0.016013 -0.539630 -0.208129 0.350081 -0.681132 -0.080753 -0.577599 0.366971 -0.645044 -0.560212 0.013324 -0.691312 0.479301
VERTEX_POSE A2281 -0.843397 0.636888 0.673598 -0.675814 -0.123743 -0.598172 0.154148 0.043900 0.603238 -0.555498 0.025897 -0.239279 -0.384833 0.876132 0.429237 0.607841 0.386394 -0.191821 -0.387418 -0.283716
VERTEX_POSE A2282 -0.063349 -0.678324 0.692334 0.482728 -0.310789 -0.444458 0.286667 -0.283773 0.626853 0.567379 -0.531906 -0.174389 -0.536939 -0.771244 0.326566 -0.434265 -0.078505 -0.521972 0.344983 -0.188597
VERTEX_POSE A2283 0.232580 -0.802012 0.455475 -0.879948 -0.271181 0.105035 -0.059227 -0.972480 0.642911 -0.464555 0.129700 0.302237 -0.439070 -0.081166 -0.295877 -0.664466 0.122286 0.629876 0.382602 0.126171
VERTEX_POSE A2284 0.103380 -0.715933 -0.913946 -0.116127 0.681653 -0.451253 0.619204 -0.504338 0.511668 0.148865 -0.114025 0.352673 -0.054001 -0.769813 0.513569 0.688391 0.330236 -0.382669 0.342969 0.175994
VERTEX_POSE A2285 -0.267068 0.209097 0.370625 0.746900 -0.069700 -0.565833 0.511930 -0.314052 0.818738 0.308082 -0.137179 -0.039992 -0.373536 0.131724 -0.086818 -0.389493 0.523351 0.019095 -0.593110 -0.768964
VERTEX_POSE A2286 -0.612707 -0.158621 -0.762308 0.839606 -0.469326 0.429304 0.715045 -0.094690 -0.715937 0.185997 0.188142 -0.238683 -0.391577 -0.476404 -0.352027 0.454732 -0.683281 -0.349629 0.306596 0.511667
VERTEX_POSE A2287 -0.608676 0.478468 0.946121 0.913852 -0.082962 -0.151166 0.581109 0.007262 -0.681275 -0.635766 -0.092800 -0.236945 0.169080 -0.712040 0.496792 -0.440417 0.160168 -0.458331 0.188573 0.677260
VERTEX_POSE A2288 -0.247991 -0.480419 -0.720399 0.385487 0.613913 0.434108 0.554907 -0.573362 0.750565 -0.627943 -0.109258 0.200483 0.229120 0.619399 -0.435888 -0.470677 -0.355232 0.134204 -0.154056 0.386619
VERTEX_POSE A2289 -0.821382 0.223651 -0.902251 0.704994 0.088621 0.093799 -0.055743 -0.293657 0.150448 -0.267456 0.902651 0.370735 0.855778 0.220994 -0.624171 -0.031065 0.202167 -0.664480 0.438222 0.096316
VERTEX_POSE A2290 0.794648 -0.827069 -0.218047 0.059355 0.850802 -0.588214 0.275830 0.216572 0.086893 0.507067 -0.503332 -0.265346 -0.439355 -0.802860 -0.450554 0.552647 -0.150940 -0.610776 -0.410303 0.179960
VERTEX_POSE A2291 0.369785 0.908093 0.666345 0.695249 0.180022 0.403060 0.692595 -0.189170 -0.592122 0.631363 0.382577 0.243198 0.254550 0.214655 0.260368 0.233886 -0.572718 -0.599998 0.046860 -0.666158
VERTEX_POSE A2292 -0.346032 -0.522362 0.740016 -0.657755 -0.551571 -0.495427 -0.215215 0.617362 0.424073 0.129936 -0.219885 0.510719 -0.559339 0.498562 -0.551112 -0.354007 -0.344588 -0.100772 0.706129 0.450788
VERTEX_POSE A2293 0.567874 -0.115055 -0.673830 -0.520878 0.022277 -0.110230 0.697459 -0.288724 -0.780538 0.088268 0.323193 0.220885 0.136676 0.898161 0.465910 -0.227433 -0.005916 0.335779 0.659813 0.073873
VERTEX_POSE A2294 -0.346472 -0.716699 -0.843899 -0.022251 -0.103767 0.108049 0.067028 -0.710004 0.320450 -0.894476 0.194565 -0.716468 -0.081638 0.215896 -0.561926 -0.239797 -0.029681 -0.237805 -0.362287 -0.640739
VERTEX_POSE A2295 0.682791 -0.933054 0.637211 -0.215312 0.349654 0.668487 0.484786 0.292087 0.482943 -0.168934 -0.482746 -0.361840 0.277856 0.555543 0.244732 0.430531 0.089219 -0.359262 0.688392 -0.604196
VERTEX_POSE A2296 -0.833703 0.375535 -0.542755 -0.814511 0.906283 0.031193 -0.059975 0.475988 -0.828193 -0.507019 0.202059 -0.009501 -0.412187 -0.776845 -0.419719 0.582775 -0.030131 -0.369959 0.479385 -0.358065
VERTEX_POSE A2297 -0.787668 0.792243 -0.302934 0.877396 -0.986521 0.614537 0.192929 0.348374 0.542040 -0.355532 -0.457556 0.511370 -0.070918 0.417478 0.005014 0.814011 0.105013 -0.258868 -0.410770 0.695674
VERTEX_POSE A2298 0.127084 0.492827 0.792274 0.194687 -0.487108 -0.112670 -0.003157 0.369488 -0.499593 0.746129 -0.424733 0.521416 0.657783 0.495114 -0.310197 0.063703 0.471000 0.607960 0.080905 -0.464867
VERTEX_POSE A2299 -0.476756 0.673238 0.156969 -0.805191 -0.790827 -0.282017 0.771869 -0.509017 -0.430971 0.345009 0.406039 0.771954 0.392049 -0.020615 0.211314 -0.166330 -0.543949 0.306861 0.322209 0.528894
VERTEX_POSE A2300 -0.074197 0.615010 0.477793 -0.911229 0.874756 0.307704 -0.375653 0.351726 -0.669936 -0.335216 0.587883 0.396303 -0.052304 -0.023313 -0.532350 0.353046 -0.410811 -0.126693 -0.786853 -0.601143
VERTEX_POSE A2301 -0.261924 -0.097901 -0.819662 -0.744736 0.662384 0.441657 0.822276 0.357431 0.201003 -0.094243 0.048822 0.770357 -0.168249 -0.570386 0.074873 -0.223915 0.449451 0.406793 -0.486349 0.585246
VERTEX_POSE A2302 0.968244 0.259025 -0.080654 -0.165215 -0.333945 0.468742 -0.601942 -0.443380 -0.452062 -0.510111 -0.376145 0.038101 0.458551 -0.366047 0.387882 0.372163 -0.586545 0.651166 -0.169348 0.428841
VERTEX_POSE A2303 -0.121953 0.833476 -0.230847 -0.721029 0.858550 0.602485 0.264594 0.626240 0.043558 -0.732624 0.000992 -0.633572 0.033029 0.716854 -0.372947 -0.202867 0.044132 0.307590 -0.592458 0.303307
VERTEX_POSE A2304 0.775830 0.441622 0.310398 -0.633068 -0.937119 -0.539643 -0.688494 -0.141153 -0.459364 0.595696 0.192409 -0.267077 0.411210 -0.422051 0.409851 -0.020584 0.573670 -0.508391 -0.040051 0.660174
VERTEX_POSE A2305 0.836191 0.616695 -0.904985 0.953110 0.681953 -0.068960 -0.465211 0.600856 0.232239 0.390292 0.783323 0.671886 0.269232 -0.145407 -0.204436 -0.455511 0.039172 -0.669391 0.592685 0.051954
VERTEX_POSE A2306 0.580024 0.771273 0.870096 0.958819 -0.694875 -0.502321 -0.117880 -0.554432 0.195836 0.491998 -0.669192 0.465384 0.141670 0.273771 -0.693981 0.193193 0.367802 0.105501 -0.828643 -0.185898
VERTEX_POSE A2307 -0.480811 0.064901 0.337682 -0.002198 -0.799277 0.622686 0.094144 0.478221 0.164269 0.520236 -0.168024 0.677274 -0.180799 -0.677349 -0.004379 -0.826296 0.051323 0.355750 -0.070974 0.530696
VERTEX_POSE A2308 -0.796743 0.948308 0.000514 0.393704 0.316662 0.309993 0.655334 -0.063282 0.469639 -0.709860 -0.267324 0.438698 -0.013223 0.775875 -0.583669 -0.255564 0.505876 0.387579 -0.033889 0.258148
VERTEX_POSE A2309 -0.608142 0.019945 -0.870853 0.442823 -0.634713 -0.449618 0.086253 -0.472646 -0.572238 0.256776 0.635979 -0.259119 -0.258784 0.435485 -0.119100 0.856988 -0.172804 -0.623747 -0.353876 -0.390675
VERTEX_POSE A2310 0.056465 -0.440617 -0.574648 0.476144 0.775374 -0.267767 -0.427907 -0.229114 0.411221 0.234527 -0.394991 0.165482 -0.714622 -0.504636 0.130197 0.467130 -0.659198 0.845495 -0.181650 0.319828
VERTEX_POSE A2311 -0.870487 -0.555056 0.985113 -0.078857 -0.860463 -0.431168 0.221164 -0.397773 0.009440 -0.099908 0.862463 -0.242516 0.878139 0.271394 0.574170 0.078887 -0.023199 -0.652318 -0.404664 0.154083
VERTEX_POSE A2312 -0.451538 -0.343167 0.802746 0.767008 0.241544 0.659250 0.486192 -0.075128 -0.536099 0.031632 0.380588 0.074564 0.011860 -0.492213 0.041216 -0.693835 -0.500246 0.520316 -0.530160 0.597485
VERTEX_POSE A2313 0.993116 -0.118941 -0.882314 -0.041128 -0.535414 0.750895 -0.454334 -0.461835 0.043470 -0.623963 0.588434 0.582722 0.369684 0.532882 0.212744 0.239022 0.308742 0.222356 0.458752 -0.247324
VERTEX_POSE A2314 0.362093 -0.357068 0.440588 0.041194 -0.131644 0.574901 0.062778 -0.294126 0.392620 -0.420497 0.269286 0.120544 -0.700331 -0.582287 -0.669549 -0.127423 -0.399677 -0.229154 -0.559054 0.584958
VERTEX_POSE A2315 0.651842 -0.059099 0.888800 -0.349118 -0.076803 -0.741257 0.638972 0.016038 0.028529 0.147675 -0.132352 0.353599 0.452462 0.794243 0.548502 0.450901 -0.348472 -0.154396 -0.402335 0.479553
VERTEX_POSE A2316 -0.273952 -0.909844 0.488311 -0.294228 0.394886 0.424237 0.621951 -0.587528 -0.145153 -0.367891 -0.220472 -0.578205 0.374462 -0.290767 0.320232 0.426630 0.668267 -0.601734 0.394460 0.273999
VERTEX_POSE A2317 0.749386 0.484311 0.678280 -0.119199 0.399030 -0.522974 0.718041 0.186691 -0.001834 0.526625 -0.437101 0.623337 0.363746 0.676463 -0.540690 -0.205878 0.495729 0.213542 0.179964 -0.265968
VERTEX_POSE A2318 -0.956834 -0.580632 0.834921 -0.435267 0.840235 -0.687464 0.010081 -0.185196 0.629420 0.503986 -0.201076 0.255847 -0.667597 -0.401312 0.058972 -0.189394 -0.666376 0.249576 -0.514141 0.565829
VERTEX_POSE A2319 0.478058 -0.390262 0.767912 -0.908741 0.008799 0.054426 0.689122 0.639729 -0.386435 0.319134 0.135882 0.558974 -0.008570 0.124744 0.361643 -0.493934 0.610495 -0.635979 -0.423343 0.428973
VERTEX_POSE A2320 0.928005 -0.292038 0.776028 -0.414206 -0.512348 0.200282 -0.223136 -0.513366 -0.730465 -0.032189 -0.485838 -0.172027 -0.830972 0.474232 -0.581782 0.358822 0.422341 -0.241338 -0.360426 -0.311685
VERTEX_POSE A2321 0.837813 -0.407701 -0.383126 0.624088 0.691038 -0.393500 0.100653 0.904618 -0.110412 -0.756751 0.104487 0.565848 0.032285 0.179079 -0.252620 0.628776 -0.109858 0.670050 0.144206 0.355825
VERTEX_POSE A2322 -0.152157 -0.482169 0.434256 0.786508 -0.811179 0.281421 -0.329804 -0.253936 -0.674516 -0.531353 -0.368922 -0.162362 0.747630 -0.436244 0.561715 -0.211520 0.046410 -0.352060 0.072123 0.779070
VERTEX_POSE A2323 -0.418027 0.185600 0.516044 -0.071961 -0.063920 -0.602388 -0.309188 0.350870 0.372887 0.071623 -0.330809 0.222389 0.591477 0.760758 -0.662232 0.588514 -0.297885 -0.100381 -0.450642 0.316177
VERTEX_POSE A2324 0.405687 0.477244 -0.056956 -0.896790 -0.286686 -0.529694 -0.529279 -0.296781 0.438502 -0.369299 -0.269790 -0.585426 -0.100205 0.577758 0.347213 -0.707154 0.481482 0.252704 0.270878 0.522977
VERTEX_POSE A2325 0.501370 -0.198868 0.590357 -0.235743 0.085054 -0.182941 -0.350715 -0.360595 0.075790 0.328477 0.476035 -0.648505 -0.519505 0.542158 0.730322 -0.530290 0.391885 0.082830 -0.466914 -0.442553
VERTEX_POSE A2326 -0.735236 0.252546 0.153255 0.712727 -0.714266 0.296449 -0.546470 -0.558280 0.411703 -0.193891 -0.354179 -0.618027 -0.286641 -0.338061 -0.582484 0.079342 -0.323038 -0.146196 -0.758498 0.586722
VERTEX_POSE A2327 0.571984 -0.147222 0.400289 -0.711301 -0.380403 -0.481440 -0.642102 0.564979 0.058039 0.411396 0.537226 0.162144 -0.515391 -0.199218 -0.280141 0.342195 0.370502 -0.812452 0.189033 -0.463926
VERTEX_POSE A2328 0.713703 -0.406625 -0.712576 -0.358348 0.098533 0.428439 -0.206400 -0.079037 -0.115842 0.497382 0.391150 0.172443 0.754215 0.166767 -0.852124 0.075069 -0.277790 -0.217185 -0.368150 0.857774
VERTEX_POSE A2329 0.391848 -0.254627 -0.054471 -0.092586 -0.201374 -0.220660 0.565840 -0.300547 0.463324 -0.634058 -0.395328 0.421398 0.225016 0.501606 -0.622236 -0.470756 0.491682 -0.414592 -0.074507 -0.509929
VERTEX_POSE A2330 -0.904771 -0.473983 -0.442742 -0.516492 -0.171229 -0.305328 0.029634 0.121146 -0.350934 -0.457849 0.562729 -0.168890 -0.429447 -0.805328 -0.543964 -0.410795 -0.004445 -0.677643 0.660545 -0.141727
VERTEX_POSE A2331 -0.360495 -0.791615 0.765217 -0.269576 -0.026710 -0.001926 0.338945 0.602630 0.148027 0.524292 -0.648014 -0.650453 -0.422792 0.007307 -0.699140 0.285761 -0.282033 -0.257291 0.591457 0.370566
VERTEX_POSE A2332 -0.870076 0.647472 0.125866 0.162677 -0.538989 -0.512856 -0.577311 -0.565169 -0.297870 0.706024 -0.492729 0.262151 0.240357 -0.003858 -0.207710 -0.205310 0.475724 0.732384 -0.261379 -0.459862
VERTEX_POSE A2333 -0.936527 0.785041 0.476604 0.318293 0.494826 0.519305 -0.331331 0.484482 0.133142 0.051670 0.736830 0.256720 -0.761094 -0.337700 -0.651071 -0.170793 0.286417 0.472014 0.528314 -0.162123
VERTEX_POSE A2334 0.517553 -0.958139 -0.465630 0.009394 -0.168160 0.637686 0.099606 0.606783 0.681577 -0.243385 -0.388297 0.186261 -0.568276 0.085731 -0.294365 -0.759312 0.285888 0.086406 -0.177061 -0.626066
VERTEX_POSE A2335 0.905754 0.089094 -0.563736 0.529609 -0.476109 -0.635301 -0.517097 0.477323 -0.635462 0.386281 -0.539456 -0.036187 0.017069 0.357339 -0.394742 0.488686 0.309561 -0.188283 -0.586764 -0.507574
VERTEX_POSE A2336 0.899663 0.401737 0.571619 0.271403 0.176779 -0.515968 -0.710967 -0.336917 -0.575991 0.292693 -0.085424 -0.020383 0.560973 -0.662012 0.627037 -0.279344 -0.289797 0.091760 -0.127014 -0.597451
VERTEX_POSE A2337 0.097577 0.813134 -0.595535 -0.031787 0.136965 -0.124658 -0.692043 -0.046853 -0.477627 -0.382925 -0.411799 0.868900 -0.321652 -0.195570 0.020989 -0.198110 -0.503166 -0.030075 -0.481391 0.732668
VERTEX_POSE A2338 -0.575057 -0.846005 0.773947 -0.472589 -0.275386 -0.536439 0.701903 0.079973 -0.466467 -0.045048 0.644074 -0.557805 -0.451465 -0.211431 -0.019564 -0.503384 0.482576 0.427916 0.219289 0.548808
VERTEX_POSE A2339 -0.897080 0.350044 -0.427867 -0.334894 -0.506560 0.704107 -0.518868 0.314798 0.216061 -0.256346 -0.488702 -0.364584 -0.526331 -0.574632 0.523369 0.180720 -0.495910 0.225200 0.596137 -0.293161
VERTEX_POSE A2340 0.489435 -0.166920 -0.466387 -0.588964 0.502252 -0.543447 -0.281891 -0.738463 0.745833 -0.235807 -0.484906 -0.071640 -0.119748 -0.237905 -0.299320 0.534585 -0.110967 0.231675 0.751540 -0.388106
VERTEX_POSE A2341 0.481409 -0.286622 -0.800702 -0.996444 -0.500011 0.160600 0.921874 -0.129569 0.704609 -0.279295 -0.621152 -0.069282 -0.261512 0.327992 0.470528 0.061151 0.488751 -0.501535 -0.003688 -0.500925
VERTEX_POSE A2342 -0.767567 0.794988 -0.442754 0.586249 -0.367022 0.098835 -0.171741 -0.553552 0.466066 -0.173592 0.737043 0.516584 -0.350102 -0.356238 -0.542032 -0.826420 0.139334 0.460822 -0.367190 -0.063473
VERTEX_POSE A2343 -0.962103 0.489913 -0.663642 -0.821956 -0.256204 0.712366 -0.446062 -0.246620 -0.506893 -0.535539 0.188170 0.136789 0.344307 -0.530924 0.401328 -0.320595 0.494974 -0.236260 -0.541202 -0.613915
VERTEX_POSE A2344 0.474525 0.594438 -0.683016 -0.037572 -0.035425 0.256963 0.676511 -0.605123 -0.680455 0.543962 0.315406 0.288091 -0.242672 -0.027696 0.458718 0.267550 0.721921 0.421346 0.340538 0.111391
VERTEX_POSE A2345 0.594526 -0.562080 0.997834 -0.372557 0.501334 -0.310021 0.423747 -0.784428 -0.391261 0.461229 0.069972 -0.394255 0.279329 0.479386 -0.230852 0.294620 0.378422 0.736256 0.665492 0.082238
VERTEX_POSE A2346 0.689739 -0.569186 -0.774842 -0.171074 0.666994 -0.167344 0.472086 -0.512752 -0.178608 0.586409 0.026863 -0.637496 -0.534228 0.096166 -0.459730 0.383026 0.679336 0.567752 0.033920 0.515381
VERTEX_POSE A2347 -0.799427 0.684594 0.805294 0.668200 -0.640539 0.070853 -0.376558 -0.675047 0.259256 -0.410843 -0.048555 0.128650 0.661797 -0.653832 -0.173502 -0.499741 -0.325024 -0.938676 0.041177 -0.093899
VERTEX_POSE A2348 0.343912 0.922230 0.676114 0.508244 -0.099636 0.385275 -0.195784 0.559178 0.759059 -0.295648 -0.561598 0.173630 0.887390 -0.227859 0.298595 0.187534 0.102560 0.395077 0.227225 0.556318
VERTEX_POSE A2349 0.732904 -0.149818 -0.939921 0.393659 0.507229 0.110912 -0.599992 -0.572835 0.669966 0.567793 -0.281494 0.554544 -0.177052 -0.135584 -0.105859 -0.186028 -0.474939 0.469169 -0.501663 0.590484
VERTEX_POSE A2350 0.678631 -0.705668 0.573206 0.759459 0.368260 -0.255323 -0.774283 0.561116 0.557125 -0.016591 0.398683 0.125954 0.334509 0.364817 -0.572975 0.521306 0.528905 0.529392 0.128663 0.336704
VERTEX_POSE A2351 0.271917 -0.369808 0.452142 -0.905962 0.388016 -0.471187 0.742145 -0.391944 -0.513327 0.052028 0.828086 -0.446440 -0.205072 -0.059931 0.384737 0.068480 0.180237 -0.408837 -0.632273 -0.352954
VERTEX_POSE A2352 0.570717 0.442481 -0.323047 0.017747 0.198267 0.690522 0.083258 -0.028817 -0.386420 0.078810 0.126698 0.537717 -0.151846 -0.356004 0.264541 0.572446 0.713457 -0.121399 0.797562 -0.589370
VERTEX_POSE A2353 -0.473526 -0.187838 0.007463 0.545967 0.557081 -0.707635 -0.395411 0.415457 -0.417956 0.354487 0.113037 -0.503235 0.311583 -0.219690 -0.246490 0.214146 -0.742498 -0.102778 -0.758318 -0.463737
VERTEX_POSE A2354 0.853890 0.815792 -0.031814 0.022077 -0.675904 0.363375 -0.687135 -0.047914 -0.017395 0.588761 -0.524289 -0.392603 -0.003336 0.305707 -0.785638 -0.176120 0.144762 0.310308 0.387526 0.780008
VERTEX_POSE A2355 -0.023595 -0.080275 0.619997 0.120957 0.911581 0.002951 0.408818 -0.761719 -0.098701 -0.762095 -0.379249 0.179504 0.458067 -0.099655 0.891915 -0.095634 0.196204 -0.403132 0.181957 0.476997
VERTEX_POSE A2356 -0.972156 0.613294 -0.402180 -0.689776 -0.357864 0.202960 0.744588 -0.366056 -0.755319 0.012781 -0.603814 0.057953 0.527841 0.270443 0.415894 0.036611 -0.528706 0.460406 -0.406779 -0.385671
VERTEX_POSE A2357 -0.881346 0.068338 -0.878559 -0.265196 -0.390170 0.867492 0.167171 -0.186230 -0.235679 -0.544015 -0.326561 -0.139621 0.702198 -0.220613 0.391124 -0.421183 -0.177045 -0.139429 0.074994 -0.882418
VERTEX_POSE A2358 -0.451611 0.772504 0.020286 0.409655 -0.468822 -0.483847 -0.444741 0.247944 -0.546663 -0.511262 -0.110345 0.034894 -0.101853 -0.161842 -0.438043 0.548109 0.662474 0.523404 -0.479603 0.679179
VERTEX_POSE A2359 0.741547 -0.793331 -0.114756 -0.048124 0.740669 -0.634363 0.175406 0.466343 -0.467139 -0.630817 0.171736 0.507663 -0.503239 0.622404 0.225216 -0.267246 -0.331338 0.266310 0.496622 0.505825
VERTEX_POSE A2360 0.510502 0.813711 0.066970 0.642218 0.408456 -0.724852 0.279824 0.525136 0.004076 -0.580024 0.022677 -0.184168 -0.655226 0.448213 0.637580 0.018237 0.617137 0.184790 0.394483 0.376782
VERTEX_POSE A2361 -0.356382 -0.701480 0.577544 0.893163 0.359949 -0.271010 0.609997 0.453581 -0.293878 -0.225042 -0.398593 -0.541798 -0.235049 -0.380344 0.720921 -0.197251 -0.120783 -0.164063 -0.695056 0.690027
VERTEX_POSE A2362 -0.618948 -0.584946 -0.349540 0.682300 -0.286041 0.775261 0.361842 -0.186537 -0.445530 0.147127 0.365133 0.232670 -0.774414 -0.154805 -0.188395 -0.381079 -0.398423 0.332934 -0.320134 0.805715
VERTEX_POSE A2363 0.640427 0.461183 -0.807164 -0.195105 0.869466 -0.341927 0.822862 0.326701 0.375342 -0.009212 -0.040210 -0.564428 -0.387539 -0.256882 -0.507422 0.173165 -0.547002 0.407614 0.377678 -0.725568
VERTEX_POSE A2364 -0.292909 -0.916438 0.054148 0.211457 -0.145225 -0.233285 0.254167 0.507424 -0.439994 -0.631965 -0.326253 -0.019436 -0.681152 0.517453 -0.612242 0.174227 -0.417197 -0.613812 0.204194 0.440759
VERTEX_POSE A2365 0.898605 -0.543085 0.184830 -0.308306 0.545798 0.544862 -0.579121 0.086774 -0.144801 0.255824 -0.176735 0.407981 0.753446 -0.083582 0.205811 -0.140930 -0.949922 0.688005 0.107845 0.227809
VERTEX_POSE A2366 0.546181 -0.449724 -0.370900 -0.665496 -0.606642 0.648508 -0.659289 -0.274059 0.302144 0.348216 0.535896 0.001551 0.225023 -0.491423 -0.557475 -0.624211 0.360226 0.421148 -0.061708 0.516186
VERTEX_POSE A2367 -0.393246 0.485298 -0.374232 -0.517141 -0.968447 -0.506441 0.234782 0.293732 0.612399 0.116449 -0.525527 -0.408423 0.343989 -0.659949 0.381072 0.777873 0.400931 -0.237612 0.455963 -0.203139
VERTEX_POSE A2368 -0.003818 -0.729951 0.589295 0.659908 -0.317237 -0.318573 -0.487908 0.664697 -0.635892 -0.465565 -0.613306 0.019549 -0.021065 -0.045628 0.312499 -0.611734 0.193143 -0.629377 0.412956 0.377687
VERTEX_POSE A2369 0.971124 -0.295728 -0.596953 -0.138084 0.117972 -0.501414 -0.797767 0.299807 0.344872 -0.185782 -0.279353 0.609392 -0.337247 0.365265 -0.011984 0.392541 0.833165 0.508080 -0.247443 0.067045
VERTEX_POSE A2370 -0.290325 -0.164657 0.197901 0.147966 -0.475006 0.635480 -0.193442 -0.609832 -0.070730 0.653217 -0.601559 0.527209 0.441708 0.433189 0.493627 0.169331 0.272139 0.263715 -0.558667 -0.067227
VERTEX_POSE A2371 -0.514383 0.103129 -0.877093 -0.929056 -0.814985 0.666832 0.475901 -0.321783 0.443832 -0.664977 0.472456 0.225412 0.492422 0.691638 0.451305 -0.298039 -0.423532 0.322275 0.004034 0.124497
VERTEX_POSE A2372 0.452533 0.417650 -0.397655 -0.134528 0.617961 0.466301 0.385844 -0.341877 0.556844 -0.333905 -0.482393 0.468038 0.231714 0.762754 -0.503418 0.203059 -0.140993 0.000266 -0.802937 0.220781
VERTEX_POSE A2373 -0.057892 -0.369669 0.755147 -0.265785 0.157971 0.732845 -0.127419 -0.543688 -0.057810 -0.668632 0.473259 -0.627658 -0.002456 -0.596526 0.225171 0.517607 0.314830 -0.122228 0.518433 0.159590
VERTEX_POSE A2374 -0.476486 -0.406958 -0.540734 -0.751012 -0.071189 0.435624 0.337391 0.196294 0.666193 -0.044206 0.520420 -0.181917 0.314872 -0.183935 0.487448 -0.559608 -0.638678 0.309386 0.686956 -0.498889
VERTEX_POSE A2375 -0.072942 0.012088 -0.080671 0.827899 -0.417464 0.234639 0.211469 -0.806540 0.166323 0.712055 -0.135095 -0.882727 -0.036878 -0.291702 -0.369159 0.491370 0.067580 -0.042381 0.453271 0.491514
VERTEX_POSE A2376 -0.463366 0.068251 0.752981 0.361658 -0.340695 0.455318 -0.624830 -0.524302 0.415960 -0.040188 -0.192060 0.373689 -0.386725 0.778945 -0.434931 -0.568123 0.195067 0.539310 0.368310 0.208361
VERTEX_POSE A2377 -0.786747 0.023856 -0.315577 0.077914 -0.404195 -0.134699 -0.537176 -0.631817 0.664565 -0.369388 -0.307763 0.037420 -0.593065 0.514347 0.592796 -0.015392 0.388657 0.432899 0.472262 -0.300803
VERTEX_POSE A2378 0.127632 -0.303318 -0.275377 0.496100 -0.058003 -0.585233 -0.075658 -0.243913 0.364860 0.526496 0.514462 0.546119 0.212244 -0.557849 -0.031831 -0.300649 0.603695 -0.474469 0.762654 0.013878
VERTEX_POSE A2379 0.880547 -0.009519 0.429095 -0.130098 0.559669 0.481164 0.353898 -0.538828 -0.608683 -0.088318 -0.771685 -0.587039 0.400459 0.329906 -0.161208 0.567772 0.045470 0.165479 0.619857 -0.057100
VERTEX_POSE A2380 0.946157 0.874038 -0.255498 -0.528427 -0.896966 0.378749 0.889351 -0.116328 -0.034324 -0.095500 -0.748130 0.745581 -0.151758 0.000805 -0.176682 0.067748 -0.628016 -0.517941 0.415107 0.179904
VERTEX_POSE A2381 -0.193737 -0.008987 -0.702171 0.255559 -0.689742 0.501314 -0.039759 -0.408676 0.438477 -0.414678 -0.174799 0.010450 0.815274 -0.477485 -0.744241 -0.278803 -0.426375 0.049178 -0.289929 -0.626611
VERTEX_POSE A2382 0.152464 0.620673 -0.118763 -0.036060 -0.052315 -0.642204 -0.503882 0.513203 -0.105700 0.762628 0.358794 -0.101147 0.229403 0.512951 -0.497671 0.070961 -0.507169 -0.564353 0.326865 -0.295889
VERTEX_POSE A2383 0.516875 0.316519 0.421455 0.489320 0.301301 0.296520 -0.749816 -0.437330 0.491903 -0.237654 0.160233 0.330245 0.163536 -0.473891 -0.024819 -0.470126 0.684605 -0.748619 -0.365423 -0.299684
VERTEX_POSE A2384 0.332736 0.803176 0.305292 -0.198474 0.867339 -0.388974 0.505361 0.490350 0.183927 -0.220593 -0.503517 0.307909 0.519187 -0.434207 -0.154344 0.619255 -0.360390 0.834410 0.207166 0.433140
VERTEX_POSE A2385 0.006354 0.436465 0.849423 0.986018 0.271781 -0.462293 -0.067245 -0.185873 -0.567622 0.420868 0.695416 0.374518 0.479319 0.113025 0.226538 -0.682517 0.644898 0.522022 0.350387 0.230606
VERTEX_POSE A2386 -0.506720 -0.763755 0.041453 -0.389723 0.212882 -0.345849 -0.477067 0.007455 -0.727308 0.602413 -0.260837 -0.378001 -0.242002 0.736666 -0.113533 -0.524069 -0.622128 0.442309 0.276211 0.046796
VERTEX_POSE A2387 0.360581 0.416470 0.903111 0.111750 -0.490525 -0.364905 0.261444 0.582771 -0.394109 -0.092519 0.506882 -0.596157 0.627536 -0.434010 -0.476953 -0.611141 0.025976 -0.358658 -0.394705 -0.463044
VERTEX_POSE A2388 0.125008 -0.495196 0.970864 -0.279178 0.881610 -0.040122 0.399283 -0.435942 0.215084 -0.514897 -0.100232 0.784345 0.385397 0.470082 -0.503610 0.550361 0.331547 0.288634 0.352174 -0.684842
VERTEX_POSE A2389 0.041669 -0.991252 -0.938261 -0.980068 0.744060 0.138367 0.311043 -0.736114 -0.154341 -0.429135 0.229769 -0.229289 0.487852 -0.183943 0.949166 0.046131 0.137477 0.059528 -0.692075 -0.593808
VERTEX_POSE A2390 0.102127 0.623139 -0.211645 -0.936374 -0.749856 0.449120 -0.656306 -0.019996 0.314170 0.615640 -0.217255 -0.522637 0.204521 0.493929 -0.207344 0.103753 -0.795398 -0.619231 -0.371020 -0.275277
VERTEX_POSE A2391 -0.364490 -0.681485 0.037833 -0.636961 0.290066 -0.436273 -0.125844 0.729818 0.425403 0.245203 -0.140080 0.200010 -0.313671 0.430205 0.328585 0.759363 0.473217 0.693344 -0.499017 0.196805
VERTEX_POSE A2392 0.685287 -0.692731 0.639283 0.913096 0.104009 0.094769 -0.083721 0.760301 0.430765 -0.617425 -0.457828 0.599690 0.334930 0.205219 -0.311396 -0.668735 0.363490 0.590648 -0.228895 0.195184
VERTEX_POSE A2393 0.483179 -0.961807 0.438815 0.745926 -0.035898 -0.222212 0.142164 0.569998 0.024810 -0.770202 0.283984 0.214390 -0.464071 -0.575884 -0.585263 0.204176 -0.507566 -0.749340 -0.359900 0.072038
VERTEX_POSE A2394 -0.724063 0.779697 0.230670 0.167934 0.159533 0.108441 -0.740160 0.452095 -0.197412 0.159371 -0.544696 -0.759111 0.312782 0.556097 -0.458228 -0.398603 -0.342173 -0.403790 -0.412368 -0.269426
VERTEX_POSE A2395 -0.607622 -0.609169 -0.306568 0.124552 0.958784 -0.179731 -0.143859 -0.488137 -0.143816 0.556866 0.339265 -0.680463 -0.178143 0.594621 -0.468085 0.651140 -0.449435 -0.514665 -0.462046 -0.301754
VERTEX_POSE A2396 0.381784 -0.504892 -0.376355 -0.562379 -0.490100 -0.063977 -0.025318 -0.502862 -0.331468 0.625379 -0.431664 0.394820 0.322232 -0.473429 -0.711253 -0.466740 -0.332846 -0.473575 0.535333 0.475262
VERTEX_POSE A2397 0.822118 -0.670026 0.859770 0.502439 0.552891 -0.580422 0.391990 0.444539 0.510663 -0.426541 0.651491 0.439803 0.594669 -0.234614 -0.433866 -0.260293 0.118432 -0.143758 -0.492973 -0.555765
VERTEX_POSE A2398 -0.000868 0.876129 0.319200 0.607412 0.990337 0.580221 -0.561153 -0.273194 0.087739 0.581654 -0.712139 0.371248 0.316884 0.629677 0.560766 -0.109500 -0.105537 0.450956 0.484128 0.102915
VERTEX_POSE A2399 -0.622034 -0.234842 -0.787060 -0.902472 0.192663 -0.396978 0.112937 -0.684955 0.580586 0.157156 -0.108734 0.011205 -0.976042 -0.023815 0.177049 0.070872 0.563759 -0.688373 0.069760 0.447909
VERTEX_POSE A2400 0.793242 0.034246 -0.737183 -0.635646 -0.329137 -0.238231 0.045719 -0.540022 0.196837 -0.467266 -0.376004 -0.254224 -0.501493 -0.480391 -0.668970 -0.476730 0.514545 -0.626380 0.548457 -0.267329
VERTEX_POSE A2401 0.708807 -0.288528 -0.482899 -0.244623 -0.484669 0.333596 0.115636 -0.549927 0.139785 0.679556 -0.299353 -0.797922 -0.109200 -0.589220 -0.395696 0.690382 0.385861 0.275532 0.190473 -0.334514
VERTEX_POSE A2402 -0.136417 0.868287 -0.664153 -0.831528 0.377678 0.467385 -0.650968 -0.153308 0.702069 0.521449 -0.445922 0.512259 -0.016945 0.831916 -0.031394 0.498311 0.188790 -0.158917 0.236073 0.223437
VERTEX_POSE A2403 0.245775 -0.548104 -0.134839 0.229826 -0.711176 -0.075938 -0.246737 -0.554348 -0.819429 0.238110 -0.388621 -0.214766 -0.104533 0.548348 0.069311 -0.840187 -0.226499 0.521384 0.406919 -0.435528
VERTEX_POSE A2404 -0.349085 0.341803 -0.727752 0.489592 0.673302 0.057502 0.428620 -0.408947 0.483823 0.517536 0.699615 -0.639744 0.090705 0.285865 0.577902 -0.504280 -0.108206 0.139159 0.534711 -0.499875
VERTEX_POSE A2405 0.387098 -0.538671 -0.204887 -0.582540 -0.693511 -0.461311 -0.759468 0.177001 0.435032 -0.178247 0.596770 -0.392561 0.059542 -0.520042 0.562220 -0.048951 -0.422566 0.357414 -0.620882 -0.404389
VERTEX_POSE A2406 -0.827167 0.463983 0.784490 0.057725 -0.128640 -0.016394 0.355120 0.576796 0.495079 0.154936 0.591334 -0.556519 -0.513532 0.561233 -0.429928 -0.074269 -0.049039 0.509976 -0.762006 0.015593
VERTEX_POSE A2407 0.187550 -0.589946 -0.974771 -0.148750 -0.667393 0.046498 0.656234 0.206555 -0.432448 0.158523 -0.569607 -0.234853 -0.653981 0.419210 -0.023298 0.317881 0.656026 0.868981 -0.124450 -0.163632
VERTEX_POSE A2408 0.600351 0.485185 0.479536 0.495374 -0.097706 0.169365 0.288535 0.606545 -0.388848 0.543020 -0.575406 0.035911 -0.745808 -0.333813 -0.207988 0.096304 -0.175384 0.880661 0.237432 -0.398523
VERTEX_POSE A2409 0.300465 -0.839335 -0.490887 -0.446175 0.813358 -0.371318 0.573255 0.259166 -0.495451 0.154821 0.248959 0.365186 0.798233 -0.126425 0.689774 -0.015363 0.484175 0.086612 0.099986 -0.787683
VERTEX_POSE A2410 0.068096 0.400535 0.454324 0.721152 0.892276 -0.561676 -0.678352 -0.380577 0.011006 -0.548304 0.485926 -0.580008 0.431765 -0.043225 0.256832 -0.173447 0.420883 -0.531061 0.150652 0.663345
VERTEX_POSE A2411 0.546508 0.359223 -0.775962 0.966947 0.005328 -0.494253 0.478604 0.668749 0.766009 0.530932 0.252463 -0.290942 0.657018 -0.670294 -0.144604 0.161976 0.101977 -0.251768 -0.176468 0.171301
VERTEX_POSE A2412 -0.893272 0.151678 -0.193058 0.809384 -0.876385 0.048129 -0.042207 0.825555 -0.708837 0.045415 0.028531 0.192745 0.494325 0.476721 0.610270 -0.454236 -0.039616 0.292666 0.738559 -0.298015
VERTEX_POSE A2413 -0.779440 0.021208 -0.664440 -0.314907 -0.160039 0.675676 0.636450 -0.081810 0.322453 -0.075313 -0.702010 -0.432138 0.517757 -0.193044 -0.172269 0.533685 0.386069 -0.472298 0.190705 -0.560512
VERTEX_POSE A2414 0.063383 -0.324258 0.645494 0.456268 -0.693371 0.428299 -0.013636 -0.340460 0.448717 0.087063 -0.354690 -0.239552 -0.933896 -0.128694 0.735355 -0.331453 0.497725 -0.130697 0.101052 0.702844
VERTEX_POSE A2415 0.439464 -0.045146 -0.887766 -0.389090 0.990954 -0.450229 0.601164 -0.238412 0.577008 0.225900 0.067986 0.503126 -0.338639 -0.419210 -0.268780 -0.497586 0.617407 -0.372797 -0.474661 -0.617745
VERTEX_POSE A2416 0.226914 -0.542326 -0.815017 -0.328890 -0.888258 0.100789 -0.367305 -0.495228 0.167112 -0.017831 -0.652816 -0.745580 -0.617949 0.089508 0.589853 -0.529259 0.495014 0.241037 -0.450326 -0.274827
VERTEX_POSE A2417 0.556662 -0.088013 -0.313054 -0.933455 0.519511 -0.247902 0.480479 0.807359 0.259352 0.220616 -0.158613 0.694872 0.094866 -0.000688 -0.514253 -0.471187 -0.085402 0.352104 -0.699608 0.561888
VERTEX_POSE A2418 -0.199956 -0.628676 -0.984655 0.722661 -0.499571 -0.173465 0.342364 0.438444 0.529965 0.467794 0.137804 0.360473 -0.371380 0.798726 -0.747620 0.060507 0.379645 -0.013030 0.722753 0.081755
VERTEX_POSE A2419 -0.648078 -0.037523 -0.844153 0.391932 0.993352 -0.509411 0.544825 -0.058676 0.397243 0.745074 -0.271137 0.641490 0.183836 0.335796 0.134548 -0.036349 0.682870 0.391263 -0.336024 -0.586491
VERTEX_POSE A2420 -0.401669 -0.079265 -0.251315 -0.913523 0.263572 0.270538 0.632072 -0.141773 0.143773 0.179940 -0.851153 -0.743395 0.473126 0.161122 -0.182966 -0.580397 -0.224201 0.565708 0.086010 0.423335
VERTEX_POSE A2421 0.902172 0.994463 -0.196300 0.786287 -0.249427 0.675661 -0.411124 0.169058 0.223269 0.049339 0.820101 0.261205 0.621311 -0.211999 -0.650910 -0.200919 0.348524 0.041482 -0.634150 -0.363925
VERTEX_POSE A2422 -0.012567 0.280992 0.193680 0.754971 0.283418 0.309656 -0.032574 0.241680 0.828714 0.480638 0.033312 0.343742 -0.630785 -0.545326 0.170058 -0.065113 -0.489852 -0.265082 0.604811 -0.634938
VERTEX_POSE A2423 -0.716382 0.228004 -0.612031 0.999573 -0.632419 0.307640 -0.532464 0.422274 0.443330 -0.567583 -0.069414 -0.343250 -0.119838 0.748274 0.768710 0.482418 0.199697 0.009017 0.383723 0.465911
VERTEX_POSE A2424 0.385351 -0.967344 -0.757485 0.532213 0.714675 0.738433 -0.223934 -0.460669 0.624631 -0.127127 0.567495 0.121564 0.400103 -0.480481 0.092343 0.389721 -0.320967 -0.203097 -0.788497 -0.363114
VERTEX_POSE A2425 0.263370 0.060689 -0.575650 -0.077095 -0.557050 -0.472148 0.049983 -0.752089 0.130586 0.830258 0.011717 0.791586 -0.212383 -0.548258 -0.303149 -0.445550 -0.009584 0.203756 -0.254072 0.365440
VERTEX_POSE A2426 -0.324004 0.618834 0.081401 0.124125 -0.673635 -0.457999 -0.747251 -0.203408 0.141385 0.282753 0.431893 -0.492565 0.331070 0.052059 -0.675506 0.133024 0.480469 0.267056 -0.484112 0.733848
VERTEX_POSE A2427 -0.232865 -0.472236 -0.133840 0.969834 -0.775425 0.279092 0.222957 -0.077739 0.309624 -0.188270 0.040846 0.723444 0.558590 -0.121907 -0.428456 0.432630 -0.748051 0.345392 -0.644712 -0.646410
VERTEX_POSE A2428 0.085488 0.390663 -0.715880 -0.574656 0.995841 -0.412559 0.507592 0.655705 -0.670438 -0.386840 -0.046561 0.165774 -0.129910 -0.306665 0.243165 0.671381 -0.242563 0.541939 -0.353660 0.644207
VERTEX_POSE A2429 0.675128 0.494963 -0.599400 -0.268463 -0.683298 -0.410804 -0.421857 0.187384 -0.315271 0.824236 -0.163120 -0.316166 -0.167571 0.447949 -0.070888 0.330764 0.810628 -0.791744 -0.072024 -0.283730
VERTEX_POSE A2430 0.145101 0.292922 0.079100 -0.932638 0.417238 0.209621 0.791603 0.186405 0.104429 -0.244111 0.425026 0.896583 -0.303727 -0.242690 0.068243 0.372237 -0.695906 -0.369642 -0.288035 -0.491348
VERTEX_POSE A2431 -0.121270 -0.575091 -0.453064 -0.210302 -0.333296 -0.205946 0.090373 0.662507 0.265242 0.530935 -0.550514 -0.316580 -0.595215 -0.215005 0.608804 0.110821 0.450715 0.645266 -0.585985 -0.092991
VERTEX_POSE A2432 0.383935 -0.793565 -0.082299 0.486914 -0.167968 -0.269827 -0.044607 -0.371044 -0.057954 0.621131 -0.723746 0.456768 0.530562 0.259719 0.373570 -0.575055 -0.512585 -0.758712 0.004692 0.091217
VERTEX_POSE A2433 -0.991315 0.161208 0.414947 -0.764166 -0.205084 -0.432542 -0.487650 0.248424 -0.238095 -0.226457 -0.296862 0.454565 -0.606474 -0.608546 0.618807 -0.310266 0.655054 -0.408248 -0.496829 0.225246
VERTEX_POSE A2434 -0.875495 -0.123195 0.412097 -0.980476 -0.044472 0.477370 0.618672 0.260669 0.282257 -0.653787 0.052702 0.131045 -0.339529 0.795191 0.265791 0.220684 0.336876 -0.777580 0.160706 0.428323
VERTEX_POSE A2435 -0.965149 0.548238 0.189949 -0.023494 -0.494666 -0.596240 -0.664265 0.152312 0.384521 -0.672796 -0.043256 0.368562 -0.262512 0.367156 0.458024 0.065291 0.556851 0.388610 -0.181444 -0.728040
VERTEX_POSE A2436 0.395782 0.622537 -0.789940 -0.346706 0.101405 -0.442239 -0.289180 -0.287692 -0.481743 -0.003153 -0.531424 -0.738720 -0.020326 0.481776 -0.135838 0.534091 0.478774 -0.090499 0.794166 -0.416520
VERTEX_POSE A2437 -0.702661 -0.659212 0.196587 0.077250 0.826888 -0.107396 -0.599435 0.554424 0.473215 -0.485371 -0.441212 0.219456 -0.360195 -0.427449 -0.529543 -0.522454 0.015913 -0.660270 0.048930 -0.561231
VERTEX_POSE A2438 0.222400 0.958291 0.215178 0.827756 -0.162059 0.539083 -0.100757 0.596345 -0.241830 -0.245373 0.110345 0.505300 0.379568 0.275954 -0.240981 0.885859 0.004287 -0.580954 -0.028672 0.745673
VERTEX_POSE A2439 -0.003867 0.107722 0.689596 -0.851332 -0.996300 0.479279 0.484341 0.632126 -0.007181 0.561039 -0.068330 -0.329618 -0.446474 0.527156 0.628286 -0.231849 -0.466604 -0.516575 0.444473 -0.316440
VERTEX_POSE A2440 0.597804 -0.498547 0.705700 0.631075 0.640246 -0.051559 -0.018267 0.822534 0.195334 -0.052297 0.507452 -0.755144 0.572334 0.133648 0.581744 0.512466 0.140894 0.224760 0.637765 -0.167979
VERTEX_POSE A2441 -0.709504 0.358826 -0.330498 0.548908 -0.269782 -0.285136 0.312156 0.787157 0.303532 -0.520023 0.484804 0.162898 -0.432515 0.305558 0.864915 0.199066 -0.027818 0.227929 0.636740 0.226292
VERTEX_POSE A2442 -0.457359 -0.533055 0.913634 -0.884385 0.009028 -0.642931 -0.212042 -0.600211 0.569371 -0.479301 -0.229888 0.383168 0.733364 -0.497035 0.130251 -0.084878 0.436449 0.314123 -0.424595 -0.386479
VERTEX_POSE A2443 0.704531 0.653131 -0.487358 0.440459 0.763862 0.070841 -0.043950 -0.466771 -0.913234 -0.400471 -0.037400 -0.320385 0.708197 -0.475254 0.083593 -0.060376 -0.585203 0.226605 -0.576631 -0.460866
VERTEX_POSE A2444 -0.488944 -0.619966 0.005062 -0.765999 0.570179 -0.648589 -0.362908 -0.606613 -0.429999 0.744084 0.212829 -0.104390 -0.187079 0.398294 0.060653 -0.505493 0.457776 -0.616325 -0.155288 0.467470
VERTEX_POSE A2445 0.606024 0.142688 0.559128 0.571883 0.315657 -0.667001 0.037569 -0.539384 0.390273 -0.028195 0.285121 0.143448 -0.672779 -0.401414 0.037314 -0.692297 0.098587 0.617112 0.256685 -0.675957
VERTEX_POSE A2446 0.143995 -0.392015 -0.375124 -0.948630 0.754816 -0.333019 0.597825 0.395307 -0.715537 0.260241 -0.425514 -0.389483 -0.109795 0.541371 -0.330719 -0.355016 -0.488172 -0.340635 -0.660900 0.362320
VERTEX_POSE A2447 0.737970 -0.162292 0.190045 -0.094889 0.681920 0.096049 -0.544827 0.043284 -0.657495 -0.174556 -0.499027 0.418016 0.609560 -0.201308 -0.618729 0.501916 0.436128 0.030182 -0.221835 0.719976
VERTEX_POSE A2448 0.162686 -0.945326 -0.753926 0.638427 -0.164832 -0.062949 -0.637569 -0.363932 0.341515 0.480342 0.376733 -0.364163 0.452212 -0.621958 0.238013 -0.392514 0.248584 0.830747 0.064910 -0.526308
VERTEX_POSE A2449 0.944039 -0.020691 -0.359779 0.774030 -0.744755 -0.540600 0.599570 -0.456105 -0.588030 0.083028 0.325096 0.584632 0.502405 -0.280680 -0.129286 -0.617343 -0.634955 -0.058844 0.009944 -0.452031
VERTEX_POSE A2450 -0.910107 0.800185 0.345892 -0.702957 0.675272 -0.486748 -0.201886 0.236900 -0.169415 -0.748092 0.160604 0.680814 -0.552963 -0.000550 -0.450817 -0.299855 -0.696528 0.260060 0.062598 -0.657976
VERTEX_POSE A2451 0.761018 -0.024591 -0.005241 0.724904 -0.901261 -0.501086 0.619107 0.156596 -0.250664 0.410091 0.409311 -0.248001 -0.018496 -0.085522 -0.684464 -0.660336 0.260539 -0.395076 0.110213 -0.856007
VERTEX_POSE A2452 0.846211 -0.026228 0.443921 0.560317 0.005817 0.486551 -0.679062 0.260413 0.614969 0.590642 0.484700 0.418903 -0.338901 -0.147783 0.181858 -0.029577 -0.514193 0.420154 0.272559 -0.641106
VERTEX_POSE A2453 0.077325 0.081177 -0.460427 -0.947986 -0.041310 0.583006 0.207089 -0.620062 0.449785 0.424540 0.578768 -0.485901 0.262044 -0.449193 -0.038648 -0.710267 0.150131 0.469259 -0.451369 -0.237144
VERTEX_POSE A2454 -0.955364 -0.796587 0.382728 0.724477 -0.533680 -0.557243 0.505297 -0.183016 -0.107987 -0.549326 0.570763 -0.398112 -0.584828 -0.306472 0.175979 0.304106 0.627969 -0.698825 0.091711 0.390467
VERTEX_POSE A2455 0.231562 0.006427 0.686436 0.092531 -0.279508 -0.240397 0.628382 0.142260 0.605301 0.593504 -0.335508 -0.616028 0.092853 -0.027590 -0.072696 0.409035 0.694707 0.437087 -0.277412 0.619530
VERTEX_POSE A2456 -0.659305 -0.858133 -0.036077 -0.025080 0.401641 -0.249287 -0.391629 -0.427884 0.188238 0.734441 -0.646360 -0.242806 0.360951 0.425616 0.675833 -0.381794 -0.209032 0.621866 0.176553 0.417480
VERTEX_POSE A2457 -0.279368 0.822248 -0.535871 -0.151398 -0.207316 0.559124 0.490745 -0.335514 0.640588 -0.676217 0.302418 -0.455342 -0.032418 0.391163 -0.073300 -0.205751 -0.630007 0.253611 0.508444 0.496041
VERTEX_POSE A2458 0.998698 0.534191 -0.447405 0.062365 -0.054933 -0.030256 -0.445408 -0.459727 0.303519 0.743444 0.143457 -0.176689 0.198689 0.144348 -0.813840 0.388223 -0.396700 0.461959 0.242297 -0.768026
VERTEX_POSE A2459 0.426183 0.532530 0.248042 0.400264 0.397482 0.739330 0.478775 -0.381875 -0.069399 0.732035 0.649732 -0.069766 0.088395 -0.004029 0.405312 -0.137843 -0.047811 0.528611 -0.456164 0.655529
VERTEX_POSE A2460 -0.604240 0.317211 -0.135271 0.580139 0.109386 -0.002515 0.695678 0.649265 -0.356990 0.117580 -0.489061 0.216466 -0.016551 -0.107448 0.811453 0.364476 -0.393859 -0.408948 0.607528 -0.415456
VERTEX_POSE A2461 0.143799 -0.172887 0.631695 0.129727 -0.637695 0.185959 -0.422706 0.457562 -0.527829 0.681991 0.426866 0.193224 0.226873 -0.524949 0.775566 0.402182 0.422533 -0.219036 -0.378134 0.392832
VERTEX_POSE A2462 -0.695087 0.957439 0.794978 -0.810038 -0.935815 0.283142 0.465844 -0.554636 0.661697 0.395481 0.194408 -0.620003 0.268166 -0.288921 0.086164 -0.048414 -0.692154 -0.300266 0.743187 0.303367
VERTEX_POSE A2463 0.779695 0.523646 0.782430 0.067054 0.941418 0.227078 0.651031 0.272736 -0.229446 0.281399 -0.618397 0.235161 0.450132 -0.564511 0.882911 -0.333805 -0.200546 0.246894 0.427702 0.429312
VERTEX_POSE A2464 0.152484 0.988321 0.046642 0.365561 0.157221 0.423389 -0.644080 0.188894 -0.069141 -0.499380 -0.649757 0.161286 0.546031 -0.454239 0.287016 0.144863 0.526912 0.841172 0.129015 -0.241176
VERTEX_POSE A2465 -0.570582 -0.165756 0.207076 -0.790513 0.019714 0.840535 -0.420017 -0.029213 -0.073252 -0.360713 0.569700 -0.489815 -0.455536 0.213854 -0.020111 -0.554660 0.076872 0.218659 0.422269 0.789269
VERTEX_POSE A2466 0.814546 0.071884 -0.027621 -0.956440 -0.553247 -0.101267 0.521966 0.522846 0.494260 0.250960 0.479618 0.569427 -0.530709 -0.050011 -0.385577 -0.618637 0.673967 -0.522049 0.014393 -0.199665
VERTEX_POSE A2467 -0.451734 0.610858 0.256701 -0.981145 -0.741374 0.514435 0.673405 -0.049212 0.574742 0.084633 0.523516 0.118354 0.261467 -0.731475 0.129905 -0.060477 -0.367606 0.611675 -0.683623 -0.230912
VERTEX_POSE A2468 -0.273244 0.175032 -0.596337 0.286737 -0.153398 -0.424530 -0.288263 0.565323 0.208675 -0.597458 0.414255 -0.611157 0.512685 0.165217 0.218952 -0.037701 -0.393097 0.595631 0.543766 0.571822
VERTEX_POSE A2469 0.036946 0.030175 -0.812443 0.871316 0.284694 0.149543 -0.718785 0.276601 -0.644926 -0.460571 0.257516 -0.073542 -0.373157 -0.490818 0.701574 -0.199801 0.375157 -0.253167 0.303407 0.689589
VERTEX_POSE A2470 0.544399 -0.281419 -0.053703 -0.832477 -0.737674 -0.463800 0.664718 -0.488065 0.579525 0.243286 -0.569832 -0.369842 0.353238 0.382238 -0.100195 -0.390561 -0.387263 0.549743 0.470795 0.375508
VERTEX_POSE A2471 -0.675440 0.676485 -0.890636 -0.082188 -0.513152 0.546001 -0.337905 -0.173697 0.548886 0.338793 -0.650107 0.167226 0.163399 0.168137 -0.381365 -0.643201 -0.584665 0.476658 -0.575006 0.420816
VERTEX_POSE A2472 0.327443 -0.610998 -0.142941 0.420224 -0.985088 0.566444 -0.623126 -0.088547 0.237811 0.232102 0.671804 0.528642 0.656125 -0.518359 0.106212 0.325929 0.483327 0.576059 -0.145304 0.196309
VERTEX_POSE A2473 -0.912959 0.185526 -0.140069 -0.716862 0.271354 0.658744 -0.143793 -0.333937 -0.527844 -0.521113 0.304348 -0.440167 -0.015727 -0.628675 0.130760 0.260562 0.628038 -0.276752 0.799765 -0.078709
VERTEX_POSE A2474 -0.970909 0.329617 -0.377994 -0.641729 -0.749290 -0.032790 -0.834915 -0.397645 -0.404464 0.161727 0.347304 -0.464554 -0.465278 0.623316 0.596308 -0.233603 0.252444 -0.513751 0.075545 -0.518659
VERTEX_POSE A2475 0.838499 -0.230964 0.862122 0.654225 0.585091 -0.758068 0.311984 0.243787 -0.147849 0.618757 0.195209 -0.319059 -0.213735 -0.663134 0.518577 0.281703 0.227725 -0.180978 -0.628304 0.640980
VERTEX_POSE A2476 0.693065 -0.671786 -0.580941 0.855021 -0.412990 0.440707 -0.090798 -0.086089 -0.426535 0.468369 -0.229878 -0.587869 -0.775037 0.008069 -0.432650 0.373081 0.637395 -0.301776 0.180319 -0.730348
VERTEX_POSE A2477 0.173086 0.937602 0.246882 -0.590360 -0.994474 0.283612 -0.453899 -0.574326 -0.248357 0.690231 -0.632273 0.863702 0.370512 -0.056301 -0.193253 -0.308873 -0.494538 0.273048 -0.291333 -0.150478
VERTEX_POSE A2478 0.576470 0.606744 0.052167 -0.440663 0.267011 -0.479324 -0.007573 0.194573 -0.537077 -0.222204 -0.645762 0.421284 0.275846 0.107121 -0.045182 -0.790254 0.533101 0.549797 -0.499976 -0.499461
VERTEX_POSE A2479 -0.144249 -0.617112 -0.334867 0.493448 0.422178 -0.470526 -0.434601 0.265343 0.702971 -0.302667 0.293489 -0.023933 -0.410334 0.651998 0.329422 0.581678 0.422554 0.418743 -0.461293 -0.489698
VERTEX_POSE A2480 0.117126 -0.083089 0.887103 -0.816330 -0.739229 0.371259 -0.316027 -0.061564 0.647428 -0.167491 -0.637697 0.303741 0.179803 0.263188 -0.584482 -0.425483 -0.528466 0.095532 -0.811609 0.490926
VERTEX_POSE A2481 0.666362 0.406929 -0.601941 -0.143620 -0.057716 -0.392549 -0.349337 0.359746 -0.627293 -0.215699 0.362302 -0.213427 -0.364045 -0.188378 -0.575250 0.222628 -0.750398 0.275581 -0.805820 -0.375148
VERTEX_POSE A2482 -0.383231 0.358298 0.659892 0.218352 0.520917 0.360534 -0.158360 0.710614 -0.178618 0.650946 0.491184 0.843317 0.446671 -0.295763 0.290338 -0.371652 0.381419 -0.206475 0.462117 0.144255
VERTEX_POSE A2483 -0.036663 0.890682 0.331023 0.743987 0.266588 -0.206019 -0.635824 -0.350836 -0.314552 -0.276396 0.856598 -0.105030 -0.507415 0.084717 -0.309064 0.493033 0.200906 -0.867215 0.137046 -0.309215
VERTEX_POSE A2484 -0.256312 -0.511893 -0.062368 -0.091606 0.900974 -0.068566 0.310681 -0.083568 0.846542 -0.478185 -0.032883 -0.501480 -0.766428 0.266837 0.090624 0.266615 0.384145 0.137732 0.127751 0.879298
VERTEX_POSE A2485 -0.338596 0.561711 0.042621 -0.057171 0.987237 0.432919 0.457117 -0.301250 0.093732 0.305053 -0.421052 -0.207728 0.201923 0.729966 -0.771201 -0.178370 -0.443394 0.407300 -0.790821 -0.050157
VERTEX_POSE A2486 -0.805101 -0.102890 0.017459 -0.163482 0.987080 0.380743 0.601941 0.673665 -0.027056 0.563141 -0.312511 -0.387977 0.561839 -0.370683 0.830635 -0.005005 -0.444403 -0.117569 -0.069658 0.337064
VERTEX_POSE A2487 0.084383 -0.370027 0.901555 0.883314 0.302614 -0.668737 0.531052 -0.418781 0.415736 0.557283 0.450980 0.092157 0.233036 0.018644 -0.140524 0.516252 0.340582 0.593055 0.294275 -0.710560
VERTEX_POSE A2488 0.382036 0.383958 0.506749 0.791431 -0.220078 -0.511225 -0.763651 0.101611 0.638277 -0.430937 -0.596933 -0.319308 -0.081861 -0.565227 0.343124 0.046589 0.245706 -0.334006 0.471443 -0.503481
VERTEX_POSE A2489 -0.806404 -0.568699 0.570054 0.898883 -0.067853 0.768292 -0.482818 0.354465 -0.136906 -0.700039 -0.280980 0.495700 0.460277 0.013914 -0.302373 -0.233581 0.468404 0.232024 -0.102068 -0.758821
VERTEX_POSE A2490 -0.489434 -0.837497 0.149597 0.283578 -0.299904 0.238880 -0.816199 -0.312082 0.509157 0.311606 0.293126 0.565303 0.356435 -0.693674 -0.572888 0.201321 -0.575575 0.189547 -0.262953 -0.064895
VERTEX_POSE A2491 0.777796 -0.298831 -0.628522 0.371571 0.889308 -0.665005 -0.381317 -0.607259 0.522292 0.212859 -0.696500 -0.059580 0.479768 -0.362005 -0.522781 0.552846 0.107704 -0.090163 0.522946 0.058959
VERTEX_POSE A2492 0.337395 0.258414 0.201749 0.028610 0.294452 0.593776 0.422149 0.188514 0.414223 -0.495784 -0.588730 0.238743 0.620264 -0.573899 -0.644588 0.269008 -0.444361 0.057947 -0.344813 -0.301732
VERTEX_POSE A2493 -0.184522 -0.880058 -0.055425 0.473540 -0.235719 0.528753 -0.799543 0.021135 -0.080420 0.155684 -0.668377 -0.461265 -0.258397 -0.264525 -0.341419 -0.447713 -0.435713 -0.620178 -0.263205 0.541301
VERTEX_POSE A2494 0.557491 -0.775185 -0.846092 -0.561376 0.830726 -0.253893 -0.298871 -0.701026 -0.884737 -0.205547 0.250594 0.297771 -0.076560 0.028084 -0.084693 0.272401 0.567997 -0.238618 0.887898 -0.349793
VERTEX_POSE A2495 -0.510121 0.246735 -0.751610 -0.605829 -0.548327 0.335395 -0.278103 0.365283 0.339719 -0.632011 -0.640300 -0.126383 0.477087 -0.255234 -0.103823 0.287931 -0.625647 -0.863336 -0.461200 0.002555
VERTEX_POSE A2496 0.244896 -0.045814 -0.848349 0.683027 0.783995 -0.861324 0.473845 0.052275 -0.016559 -0.086413 0.983179 -0.393404 -0.705558 -0.112462 0.174514 -0.057757 0.132217 0.269490 0.516581 -0.022306
VERTEX_POSE A2497 0.372037 0.296699 0.126287 -0.517816 -0.722521 0.170783 -0.636028 -0.213785 0.707623 0.158180 0.610113 -0.465822 -0.159987 0.733023 0.219481 -0.716936 0.117625 -0.452703 -0.175654 0.175783
VERTEX_POSE A2498 0.038145 -0.142406 0.505092 -0.586974 -0.289700 0.719308 -0.355260 0.099309 0.203081 -0.065056 -0.611616 0.598059 0.712444 -0.050511 0.010776 0.236810 0.739030 -0.289074 0.553084 -0.259513
VERTEX_POSE A2499 0.971652 -0.870782 -0.444686 -0.030236 -0.369403 -0.186515 -0.378503 0.412772 0.332984 0.231889 -0.525114 -0.718835 0.590651 -0.219096 -0.547080 -0.609064 -0.386160 0.195738 -0.288332 -0.597287
VERTEX_POSE A2500 -0.591016 -0.673126 0.313845 -0.646500 0.562173 -0.445860 0.586950 0.385878 -0.197529 -0.083832 0.518771 -0.174432 0.210987 -0.733580 0.383255 -0.481537 0.184347 0.764775 0.609974 0.099256
VERTEX_POSE A2501 -0.417455 0.576174 -0.548611 -0.419452 -0.027374 -0.474614 0.404692 -0.487782 -0.723540 -0.201377 0.374110 0.018690 -0.382273 0.525643 0.468830 -0.181168 -0.151102 -0.176298 -0.785314 -0.568312
VERTEX_POSE A2502 -0.703788 0.805703 -0.335322 0.887575 0.117445 -0.130021 0.488850 0.638258 -0.552865 -0.309236 0.561579 0.511631 -0.547816 0.246690 -0.420904 0.235254 -0.430541 0.488374 0.556733 0.176162
VERTEX_POSE A2503 0.736427 -0.284124 -0.829096 0.773724 0.577085 0.536706 -0.155024 0.487859 -0.190179 0.053116 0.034975 -0.528488 -0.474318 -0.368651 0.295529 0.613903 -0.633693 -0.556005 0.609337 0.472547
VERTEX_POSE A2504 -0.330415 -0.238299 0.311320 -0.136313 -0.756021 0.187299 0.635631 -0.336842 0.015786 0.234480 0.919137 -0.233686 0.465001 0.143396 0.868254 0.222572 0.029727 0.395216 -0.524622 0.142402
VERTEX_POSE A2505 -0.674697 0.135320 0.286684 -0.754154 0.368155 0.046234 -0.177054 0.375686 -0.647957 -0.409365 -0.608150 0.517158 -0.754870 -0.073481 0.183400 0.472640 -0.396185 -0.526238 -0.088628 0.571535
VERTEX_POSE A2506 0.574926 0.484912 -0.966974 0.427950 0.162176 -0.457416 0.416984 0.768159 -0.431496 -0.671548 -0.019669 -0.604636 0.060571 -0.295884 0.476363 -0.258358 0.429719 -0.109888 -0.552023 0.370593
VERTEX_POSE A2507 -0.637350 0.089914 0.730379 -0.281293 -0.169010 0.158127 -0.330764 0.247379 -0.512785 0.393000 -0.530311 0.008581 0.613852 0.714852 -0.436013 -0.599186 0.256305 0.722403 -0.017572 -0.284376
VERTEX_POSE A2508 0.498389 0.072922 -0.466434 -0.344514 0.373680 0.448151 -0.635095 -0.394020 -0.666150 -0.113818 -0.170066 0.046943 0.240886 0.599522 0.593091 0.372831 0.015985 -0.038004 0.621828 -0.675384
VERTEX_POSE A2509 0.151395 0.091656 0.085193 0.987286 -0.570813 -0.009066 -0.264855 -0.185274 -0.305086 -0.226579 -0.619800 0.445711 0.012379 0.514837 0.284099 0.847059 -0.412401 0.792130 -0.401062 -0.382610
VERTEX_POSE A2510 0.218401 0.472802 -0.604487 -0.787845 -0.746832 -0.523281 0.202498 -0.782419 -0.263797 0.174270 0.015910 -0.229430 -0.956300 -0.089125 -0.576041 0.009911 0.216620 0.521658 -0.118392 -0.576802
VERTEX_POSE A2511 -0.384485 0.989833 -0.579332 -0.160844 0.634451 -0.764241 -0.033094 0.366444 -0.300377 0.023260 0.434504 -0.269599 0.359644 -0.007997 -0.468070 -0.482067 -0.706874 -0.184218 0.797892 -0.420940
VERTEX_POSE A2512 -0.182242 -0.501414 0.483252 -0.156334 0.371471 -0.388523 -0.432669 0.259168 0.564639 0.333918 0.718716 -0.434822 0.371149 0.205711 -0.575664 0.215717 0.446424 -0.098856 0.719035 -0.417933
VERTEX_POSE A2513 0.835170 -0.168900 -0.944595 0.430507 0.774085 0.308120 -0.491084 -0.569157 0.589160 -0.221567 0.211469 -0.239842 0.082176 0.533317 -0.607009 -0.736548 0.056488 -0.363275 0.400610 -0.586279
VERTEX_POSE A2514 0.578852 0.880515 0.751691 -0.416856 -0.098961 0.467619 0.144893 0.440298 0.219511 0.576101 -0.740727 -0.501309 0.464454 0.375152 -0.358229 -0.589276 -0.339413 -0.594566 0.290087 -0.038995
VERTEX_POSE A2515 0.561446 -0.013308 -0.579116 0.752060 0.272445 -0.166617 -0.544889 -0.061588 -0.212331 0.785849 -0.363754 0.904289 0.078433 -0.043690 0.240176 0.204738 0.525210 -0.227447 0.193566 0.765595
VERTEX_POSE A2516 -0.503426 -0.607189 0.098026 -0.626664 0.761323 -0.685196 0.150273 0.643226 0.136696 0.689246 0.118221 -0.354377 0.429026 -0.215268 -0.619674 -0.296160 -0.523720 0.047350 -0.480192 0.501658
VERTEX_POSE A2517 0.773751 -0.222375 -0.230850 0.419662 -0.111880 0.428300 -0.342533 -0.551086 -0.615088 -0.461444 -0.291409 0.117527 -0.141876 -0.591429 0.493600 0.371907 -0.162008 -0.425173 0.715050 -0.485129
VERTEX_POSE A2518 -0.354171 0.616666 -0.677561 0.635374 -0.424941 -0.020577 -0.648016 -0.499631 -0.538170 -0.513682 0.305299 0.211697 0.248594 0.328529 -0.542833 0.488064 -0.616604 0.608659 -0.127282 -0.411132
VERTEX_POSE A2519 0.878610 0.776769 -0.395225 -0.835233 -0.458756 0.107139 0.447342 -0.136128 0.497277 -0.372365 -0.775873 0.168824 0.756606 -0.304771 0.766283 0.135183 0.480949 0.354325 -0.265523 0.235146
VERTEX_POSE A2520 0.967347 0.208926 -0.660796 0.318544 0.820267 0.488168 0.383552 -0.723285 0.484348 0.174078 0.089673 -0.352780 0.895108 0.255301 -0.187857 0.102093 -0.265423 -0.606098 -0.104609 -0.577225
VERTEX_POSE A2521 0.156394 0.779169 0.472035 -0.081048 0.275155 -0.553978 0.237172 0.138181 -0.231405 0.497333 -0.682183 0.273208 -0.483166 -0.053837 -0.724554 -0.607100 -0.103486 -0.199846 0.307229 0.708466
VERTEX_POSE A2522 0.656406 -0.522062 -0.023747 0.536338 -0.569448 0.662814 0.355297 0.286190 -0.443337 0.794314 -0.321634 -0.576538 -0.114126 0.722444 -0.127922 -0.473013 -0.522540 0.123973 -0.077875 0.140262
VERTEX_POSE A2523 0.304743 -0.532660 0.540952 -0.652846 0.114719 0.284139 0.330619 -0.720653 -0.427791 0.714431 -0.010887 -0.546547 0.276112 0.061457 -0.403523 -0.381689 -0.685599 0.524134 0.397938 -0.081959
VERTEX_POSE A2524 0.971872 0.899111 -0.583389 -0.607507 -0.960564 0.501993 0.583661 0.475444 0.358101 -0.335422 -0.561107 -0.462288 0.392681 -0.255494 0.575731 0.280764 -0.468675 -0.273111 0.560183 -0.417348
VERTEX_POSE A2525 0.213897 -0.297247 0.130161 0.974962 -0.738722 0.205657 0.664895 0.385353 0.446059 0.551515 -0.524181 0.432639 -0.008771 0.572271 0.741456 -0.481998 -0.215173 0.147659 -0.146106 0.450494
VERTEX_POSE A2526 0.794622 0.714075 0.789343 -0.258675 0.566392 0.643123 -0.509856 0.045196 -0.132315 -0.280728 0.580903 0.226109 0.659142 0.639979 0.646834 -0.012891 0.090301 -0.315223 -0.476030 0.492729
VERTEX_POSE A2527 0.216768 -0.146702 -0.431738 -0.924480 0.823431 0.280087 0.419005 0.133180 0.571269 -0.518788 0.635159 0.386660 -0.149190 -0.478543 -0.438220 -0.714209 -0.162675 -0.503648 0.151466 0.568656
VERTEX_POSE A2528 -0.414066 0.999452 -0.743551 -0.542854 -0.461243 0.336421 -0.379313 0.184942 -0.877976 -0.095322 -0.244152 -0.082961 -0.664274 0.399082 -0.311192 0.245129 0.845712 -0.110710 -0.587952 -0.178022
VERTEX_POSE A2529 -0.167233 -0.428331 0.294435 0.154350 -0.723308 0.566485 0.421840 -0.544772 0.746032 -0.452496 0.078388 -0.184170 0.424720 -0.449966 0.158254 0.070282 -0.059554 0.252126 0.657246 0.700759
VERTEX_POSE A2530 0.188420 -0.017484 0.123576 0.045283 -0.545972 -0.330761 -0.158380 -0.625447 0.461581 -0.394220 -0.589761 0.732938 0.544627 -0.092688 -0.197681 0.439695 -0.489055 -0.318220 0.574069 -0.115036
VERTEX_POSE A2531 -0.005082 -0.673674 0.570293 -0.189354 -0.899069 -0.446632 0.143118 0.308889 -0.574338 0.485090 0.316961 -0.246625 0.318560 -0.321675 0.258385 0.684821 -0.532520 -0.585721 -0.416827 -0.645810
VERTEX_POSE A2532 0.415312 -0.852157 0.745824 0.734899 0.249318 -0.715023 -0.030375 0.440739 0.044671 -0.588352 0.247461 0.491594 -0.430543 0.535330 -0.438058 -0.631557 -0.386025 -0.230624 0.262084 0.555804
VERTEX_POSE A2533 0.484632 -0.211781 0.788254 -0.067141 0.571473 -0.532883 -0.518164 -0.396072 0.335935 -0.308899 -0.205615 0.406290 -0.477391 -0.457061 -0.253545 -0.601896 0.682775 -0.611414 0.214256 -0.354632
VERTEX_POSE A2534 -0.268656 0.042202 0.741197 -0.415630 0.678016 -0.517386 0.536953 0.440414 -0.589335 -0.494327 0.339692 -0.609206 -0.077125 -0.609695 0.025744 -0.545872 -0.183700 -0.114896 0.404225 -0.534014
VERTEX_POSE A2535 -0.915103 -0.090456 0.057144 -0.401415 0.493297 -0.706279 0.008049 0.617947 -0.491660 -0.518756 -0.189606 0.165396 0.484732 0.481075 0.318008 -0.577114 0.191229 0.361877 -0.403487 0.560526
VERTEX_POSE A2536 0.809935 0.923539 0.074937 0.178705 -0.060372 -0.788650 0.176288 0.442045 -0.358200 0.064722 0.145184 0.086390 -0.584140 0.386510 0.399998 0.736279 0.444168 0.286814 -0.285320 0.660940
VERTEX_POSE A2537 -0.693730 -0.472886 0.774223 -0.987680 -0.159808 0.375148 -0.199559 0.005700 -0.131070 -0.232317 -0.609973 -0.118536 -0.634723 -0.465946 -0.531692 0.594888 -0.417344 0.738470 0.386575 -0.486434
VERTEX_POSE A2538 -0.552453 0.999458 -0.212476 0.317292 -0.675713 -0.484241 -0.688692 0.065497 -0.660179 0.242851 0.537314 -0.531481 0.506073 -0.515386 0.187877 0.317430 0.656836 -0.109105 -0.331443 0.099736
VERTEX_POSE A2539 0.308325 -0.003538 0.608503 0.834191 -0.686691 -0.691794 -0.451854 -0.016698 -0.165885 -0.267359 -0.468005 -0.266841 -0.321495 0.709000 0.024539 -0.422007 -0.498169 0.649690 -0.665506 0.172742
VERTEX_POSE A2540 0.457666 0.618770 -0.140584 0.999606 0.269379 0.110125 0.199669 0.932907 0.162861 -0.805265 -0.000754 0.343126 -0.384430 0.278314 0.856153 0.356262 -0.228400 0.332589 -0.192276 -0.007711
VERTEX_POSE A2541 0.665948 0.472260 0.183036 0.529447 -0.422545 -0.133307 0.597570 -0.132847 0.324629 0.032737 -0.138945 0.607721 0.622402 -0.146306 0.201449 -0.369271 -0.871343 -0.683330 0.343648 -0.427085
VERTEX_POSE A2542 0.923840 -0.013706 -0.970829 -0.326653 0.947760 -0.063013 0.546900 -0.795225 0.469890 -0.526942 -0.543286 -0.319222 0.163743 -0.045948 -0.629175 -0.004275 -0.095692 -0.526754 -0.629606 -0.247365
VERTEX_POSE A2543 -0.724577 -0.882644 -0.657332 -0.156728 -0.359150 0.336268 0.590553 -0.346422 -0.278822 0.576811 0.669389 -0.745740 -0.104822 0.034724 0.074827 0.464532 0.044045 0.497449 -0.302918 0.654801
VERTEX_POSE A2544 0.501118 -0.696640 0.238441 -0.040046 -0.648460 -0.650036 -0.399709 -0.415558 0.116553 -0.758730 0.570444 -0.391285 0.342582 0.699330 -0.363354 -0.279348 0.009205 -0.527956 0.262991 0.112950
VERTEX_POSE A2545 0.502692 -0.133190 0.780862 0.256491 -0.151201 0.875385 -0.088863 0.468860 -0.415001 -0.073807 0.768490 -0.127217 -0.439044 0.248869 0.050258 -0.874543 -0.280566 -0.206798 -0.170500 0.221222
VERTEX_POSE A2546 0.836869 0.104048 -0.236448 -0.404668 0.913294 0.674814 0.070432 -0.360068 0.418963 0.550611 0.110882 -0.204210 -0.158326 -0.887227 -0.546422 0.337292 0.052982 -0.169758 0.743663 -0.260917
VERTEX_POSE A2547 0.997692 -0.303829 -0.663533 0.333290 -0.887138 0.274125 -0.409320 0.423510 0.209960 0.605694 0.446031 0.279988 -0.446826 -0.491050 -0.624796 0.273113 -0.381998 -0.641879 -0.437434 0.484400
VERTEX_POSE A2548 0.276442 0.644435 -0.449988 -0.323848 0.736919 0.217832 -0.308247 0.627490 -0.310913 -0.659827 -0.581408 -0.573270 0.121528 0.308368 -0.723290 0.034878 0.225443 -0.064004 0.673518 -0.349723
VERTEX_POSE A2549 -0.517302 -0.279286 0.085990 -0.769293 -0.511646 -0.637894 -0.125223 0.637024 -0.501482 0.060192 -0.042916 -0.226583 0.566133 -0.458085 0.319658 0.729969 0.576976 -0.433690 0.356840 -0.222746
VERTEX_POSE A2550 0.876302 -0.527061 -0.058758 0.498058 -0.345893 0.423600 0.510804 -0.672028 -0.135186 -0.612339 -0.181541 -0.482785 -0.175632 -0.641621 -0.638454 0.575877 0.223668 0.401974 -0.040494 0.231770
VERTEX_POSE A2551 0.243789 -0.146639 -0.110784 0.994697 0.557186 -0.030613 -0.628694 -0.459539 -0.406213 -0.638477 0.482810 0.198524 -0.016970 -0.568337 -0.603107 0.443466 0.034747 -0.656433 0.011847 -0.481147
VERTEX_POSE A2552 0.639092 -0.500117 -0.441974 0.149659 0.763509 -0.527943 -0.538361 -0.537718 0.058841 0.315582 -0.677234 -0.655296 0.392849 0.375989 -0.261389 0.626529 -0.292940 0.469123 0.252401 -0.158216
VERTEX_POSE A2553 0.532708 -0.049123 0.917495 0.034396 0.084659 -0.443546 0.582407 -0.402016 0.330076 0.674472 0.505686 0.022547 0.406989 -0.455945 0.136103 -0.190215 -0.521105 -0.821757 -0.063778 0.321291
VERTEX_POSE A2554 -0.451468 0.320702 -0.569832 -0.658149 -0.328095 -0.420911 0.825747 -0.192392 0.186273 0.305578 0.858215 -0.524677 -0.448681 0.312902 0.602798 0.136342 0.094617 0.386633 -0.069714 -0.345820
VERTEX_POSE A2555 0.610964 -0.601006 -0.025364 0.542152 0.802945 0.441658 0.504713 0.461703 -0.384827 0.469490 -0.548071 0.601049 0.103777 -0.684028 -0.333586 -0.427333 -0.103260 -0.429310 0.575726 0.088838
VERTEX_POSE A2556 -0.253395 0.653630 0.047656 0.009358 0.345938 0.013000 0.534765 -0.560141 -0.115816 0.053644 0.638598 0.455827 0.748110 0.333682 0.551455 -0.211953 -0.363078 0.688866 -0.326428 0.187789
VERTEX_POSE A2557 -0.656846 0.034777 -0.780489 0.083175 -0.761703 0.725769 -0.346117 -0.175369 0.397783 0.488657 0.362874 -0.144902 0.655894 0.137529 -0.464927 -0.052593 -0.470157 -0.279061 -0.456568 0.773050
VERTEX_POSE A2558 -0.172268 0.252292 0.542898 0.617671 0.626376 0.298893 0.652939 0.225601 0.479425 -0.140270 0.751481 0.417467 0.543889 -0.371790 0.148275 -0.198882 0.228838 -0.696096 0.467574 0.440212
VERTEX_POSE A2559 0.332539 0.653082 0.304105 0.466504 0.884695 0.112267 -0.457330 0.691010 0.925310 -0.076005 0.017878 0.132436 -0.444094 -0.722527 -0.056427 -0.630722 0.009967 -0.332376 -0.435938 -0.006410
VERTEX_POSE A2560 0.175920 0.606446 0.513946 -0.762475 -0.485011 -0.565739 0.448889 0.163362 -0.323402 -0.631398 0.621913 0.632144 -0.250017 0.220359 -0.399942 -0.382177 -0.160834 0.125661 0.437341 0.715620
VERTEX_POSE A2561 -0.983848 -0.765193 -0.333526 -0.337045 -0.919595 0.345497 -0.089982 0.375880 0.313408 -0.638395 0.549557 0.500050 -0.292816 -0.559278 0.284915 -0.240188 -0.465787 -0.671700 -0.664020 -0.164174
VERTEX_POSE A2562 -0.672543 0.979408 -0.125602 -0.722851 0.985626 0.487458 0.030264 0.377806 0.527749 0.307571 -0.207708 0.615056 -0.389798 0.286374 0.322013 0.304055 -0.715237 0.043368 -0.812460 -0.469624
VERTEX_POSE A2563 -0.408768 0.754289 0.259769 0.972424 0.764306 0.536201 0.199822 0.744106 0.559014 0.205993 -0.650154 0.325361 0.411207 0.019986 0.145152 -0.718601 0.105600 0.522555 -0.481829 -0.109799
VERTEX_POSE A2564 0.500785 0.023027 -0.545273 0.595813 0.651878 -0.638536 -0.245074 0.183953 -0.082613 0.714684 0.638657 0.474112 0.046745 0.319129 0.457306 0.251743 -0.413455 -0.389276 0.602998 -0.534313
VERTEX_POSE A2565 0.058801 0.021611 -0.384404 -0.138481 0.663641 -0.580060 0.200825 0.383457 0.098017 -0.082198 0.510575 0.514644 0.147822 -0.434497 -0.423883 -0.758380 -0.416067 0.457588 -0.596592 0.479973
VERTEX_POSE A2566 -0.323871 -0.336167 -0.683087 -0.428991 0.257603 -0.560018 -0.535017 0.024979 0.471994 0.344508 -0.287445 0.185483 -0.288095 -0.692105 0.655090 -0.627916 0.418605 -0.007438 -0.343211 -0.512360
VERTEX_POSE A2567 0.310720 -0.053434 0.529664 -0.225482 -0.408493 -0.377361 0.673127 0.313517 0.064986 0.604907 -0.554094 -0.123685 0.291133 0.483386 -0.357606 -0.241103 0.418136 -0.842731 -0.195188 -0.431493
VERTEX_POSE A2568 0.365071 0.548725 -0.610181 -0.126161 -0.496167 0.077421 -0.344350 0.700371 0.247553 -0.505986 0.358340 -0.719868 0.077793 0.359004 -0.100210 -0.759193 -0.491254 -0.635981 -0.207303 -0.104210
VERTEX_POSE A2569 0.123676 -0.336709 0.104437 0.888301 0.581890 -0.416948 0.342477 -0.371522 -0.077164 -0.630942 -0.532772 -0.161048 0.593192 -0.488276 0.665487 -0.037818 -0.559173 0.592782 0.362374 0.164429
VERTEX_POSE A2570 -0.380955 0.943028 0.138167 -0.391291 -0.095185 -0.355338 -0.127005 0.758081 0.689807 -0.052479 -0.131245 -0.542649 0.221088 -0.344787 -0.223848 0.407101 -0.389844 -0.230922 -0.875502 -0.370447
VERTEX_POSE A2571 -0.177263 0.167495 0.249234 -0.126555 0.773212 0.197758 0.831903 -0.135909 0.502307 -0.519208 -0.328697 0.541989 0.139413 0.404043 0.614137 -0.009618 0.213645 -0.194069 -0.137230 0.815225
VERTEX_POSE A2572 -0.210377 -0.864449 -0.712527 0.417749 -0.840655 -0.051631 0.357364 0.353162 -0.083714 -0.715223 0.656027 0.555172 0.087562 0.411125 0.707880 -0.394345 -0.413646 0.425460 0.444492 0.323695
VERTEX_POSE A2573 -0.457115 -0.070678 0.167338 0.282055 -0.147425 -0.396603 0.563134 -0.022934 0.553954 0.315842 -0.124405 0.449319 -0.540538 0.199929 0.479440 0.310847 -0.584756 0.322630 0.440814 0.775942
VERTEX_POSE A2574 0.098161 0.284851 0.591902 0.716717 -0.585938 -0.652772 0.460549 0.085010 -0.185120 0.104418 -0.285733 -0.419193 -0.798701 -0.372416 -0.145027 0.367110 -0.755376 -0.585545 -0.065570 0.449269
VERTEX_POSE A2575 -0.709259 -0.561089 0.525914 -0.622297 -0.489115 0.370569 -0.526949 -0.371160 0.000872 -0.459423 0.379572 -0.835535 0.058270 0.041599 -0.405202 -0.583614 -0.458224 -0.019260 -0.408968 0.711664
VERTEX_POSE A2576 -0.954424 0.796132 -0.051800 -0.461454 0.701375 0.041152 -0.402597 -0.420216 -0.487598 -0.351642 -0.122449 0.180362 -0.569814 0.792809 0.505845 0.464018 0.164494 -0.687128 0.417449 0.390922
VERTEX_POSE A2577 -0.064970 -0.611101 -0.644546 -0.687951 -0.672644 0.743629 -0.290320 0.378171 0.504949 0.471972 -0.547484 -0.376199 0.122900 0.354355 -0.129953 -0.727399 -0.594554 -0.183380 0.385672 -0.279617
VERTEX_POSE A2578 -0.711567 0.135081 0.862381 0.710994 -0.376253 0.287479 0.674759 -0.283767 -0.798520 0.525237 0.241959 -0.206697 0.097374 -0.557505 -0.304238 -0.260505 -0.724247 0.380049 0.437586 -0.159957
VERTEX_POSE A2579 0.322018 0.440567 0.498212 0.214698 0.438293 0.417213 0.427113 -0.438357 0.073698 0.791373 0.427624 -0.709066 0.419170 -0.238827 -0.552701 -0.118012 0.179102 -0.110678 0.040896 -0.732028
VERTEX_POSE A2580 0.417727 0.109613 0.441444 -0.457245 -0.184290 0.575924 0.484304 0.259762 0.408833 0.509229 -0.459887 -0.421882 0.450219 0.348646 -0.458860 0.319364 -0.677880 0.335604 -0.448827 -0.374103
VERTEX_POSE A2581 -0.835265 0.608021 -0.196377 0.209052 0.277854 0.794504 0.433260 -0.162171 -0.583362 0.504823 0.018219 -0.117635 0.651270 -0.196094 0.120879 0.219208 0.963833 -0.001309 -0.291951 0.077083
VERTEX_POSE A2582 -0.434192 -0.706072 -0.612573 0.209395 -0.004521 -0.353182 -0.527798 -0.202683 0.238379 -0.489574 0.104408 -0.561720 0.282709 -0.645603 -0.663987 0.100571 0.723745 -0.249057 -0.625866 -0.086072
VERTEX_POSE A2583 0.056819 0.609496 0.999469 0.692414 -0.420782 -0.595486 -0.259943 -0.652655 -0.055680 -0.646349 -0.129440 0.659018 -0.122104 -0.402224 -0.418306 -0.042780 0.486006 -0.181691 0.705636 -0.399126
VERTEX_POSE A2584 0.697443 -0.441102 -0.278883 -0.756553 -0.637487 0.436006 0.233195 0.730818 0.544802 0.058745 -0.586187 -0.019614 0.102480 -0.332126 -0.490395 0.816381 -0.073998 -0.521744 -0.514965 0.080667
VERTEX_POSE A2585 0.114340 0.614630 -0.182405 0.551246 0.667383 -0.617380 0.149516 0.677211 -0.094760 0.900159 -0.221224 0.580146 0.383644 0.451769 -0.280433 -0.049268 0.258732 0.441192 -0.133226 0.470539
VERTEX_POSE A2586 -0.332216 -0.991510 -0.025894 0.234566 -0.617837 -0.339667 -0.574611 -0.609275 0.716378 -0.413751 -0.259687 0.347378 0.578448 -0.633931 0.323178 -0.397906 0.281968 0.382510 0.075502 0.282794
VERTEX_POSE A2587 -0.555953 -0.787472 0.768774 0.252805 0.708451 -0.220382 -0.613204 -0.313824 -0.240858 0.474514 -0.561376 0.610936 -0.315096 0.240799 -0.485440 0.204299 0.726898 0.533409 0.507734 0.002585
VERTEX_POSE A2588 0.457493 -0.350593 0.037106 -0.365579 0.905680 -0.405305 0.529063 -0.144559 0.137398 -0.746787 0.024799 -0.087489 -0.230445 -0.664311 -0.291158 -0.088415 -0.638646 0.851130 0.318559 -0.359598
VERTEX_POSE A2589 0.495516 0.260781 -0.482996 -0.147763 -0.991460 0.504206 -0.035986 -0.552203 0.780665 0.333818 0.278498 0.091357 0.166398 0.681256 -0.349543 0.579245 0.086807 0.076234 -0.723918 0.381924
VERTEX_POSE A2590 0.776586 0.865611 0.072879 -0.280691 0.593146 0.676737 -0.265621 -0.464670 0.032896 0.453300 0.389953 0.477472 0.098840 0.661579 0.512658 0.520364 -0.199514 0.223937 -0.665895 0.393098
VERTEX_POSE A2591 -0.366587 -0.744147 -0.448948 -0.128053 -0.579331 0.456147 -0.221803 0.847979 0.421487 0.598347 -0.126160 0.080231 0.716973 0.214830 -0.690079 0.276204 0.338860 0.362811 -0.049450 -0.322548
VERTEX_POSE A2592 0.511668 0.495589 0.183477 0.515192 -0.911056 0.492797 0.236179 -0.792837 -0.304594 0.226746 0.134985 -0.533239 -0.659589 -0.522255 -0.467971 0.363256 -0.100115 -0.401289 0.570782 -0.265359
VERTEX_POSE A2593 -0.895957 0.845019 0.947277 -0.003542 0.578771 -0.425791 0.327924 0.351910 0.339675 -0.225427 0.316684 -0.736159 -0.598270 0.181122 -0.380623 0.396033 -0.651836 0.128528 -0.571734 -0.564070
VERTEX_POSE A2594 0.224645 -0.989859 0.810821 -0.155629 -0.815025 -0.370471 -0.217134 -0.176098 -0.573160 -0.691219 -0.046536 -0.022083 0.240534 -0.570768 0.345560 -0.333545 0.626413 0.643692 -0.553136 -0.498653
VERTEX_POSE A2595 0.012453 -0.481385 0.638204 0.111005 0.740823 -0.608562 0.166183 0.752375 -0.629169 -0.090341 -0.387269 0.431342 0.128401 0.481354 -0.215741 0.204224 -0.065655 -0.034636 -0.951855 0.218958
VERTEX_POSE A2596 0.162845 -0.133370 -0.437127 0.857977 0.242412 -0.571724 0.202914 -0.680270 -0.046242 0.195131 0.360444 0.038749 -0.800509 -0.365548 -0.817867 -0.205224 0.445927 -0.024181 0.487666 -0.273562
VERTEX_POSE A2597 0.900774 -0.326026 -0.872266 0.415380 0.442578 -0.101218 -0.457478 -0.682579 0.440119 0.501679 0.003978 0.295026 -0.718292 0.338630 0.632437 0.041277 -0.558358 -0.555908 0.146237 -0.328080
VERTEX_POSE A2598 -0.676827 0.465181 0.167869 0.885523 -0.667671 0.330026 -0.167620 0.565191 -0.851797 -0.114205 0.191025 -0.377421 0.032585 -0.244413 -0.063346 0.953063 0.295204 0.138076 0.222418 -0.705114
VERTEX_POSE A2599 -0.472084 -0.584646 -0.047309 -0.268184 0.746245 0.851108 -0.256193 0.259540 0.143059 -0.546252 -0.814465 -0.089238 -0.492825 0.373664 0.291545 -0.000971 0.183950 0.402726 0.626974 -0.309553
VERTEX_POSE A2600 0.024450 0.337265 0.232171 0.303681 0.024468 -0.361577 -0.570373 -0.565493 -0.072477 0.593854 -0.579635 -0.366795 0.530681 -0.110170 -0.810702 -0.097131 0.171482 0.268763 -0.175940 -0.550180
VERTEX_POSE A2601 -0.057782 0.408209 -0.693964 -0.505768 0.237145 -0.345093 0.389864 0.439050 -0.621699 0.262881 -0.403793 -0.639810 -0.100119 -0.023538 0.098417 -0.062775 -0.791029 -0.274516 -0.874606 0.133813
VERTEX_POSE A2602 0.350653 0.582849 -0.798074 0.605261 0.519457 -0.432638 0.019743 -0.727240 0.061348 0.851688 0.080524 0.676543 0.261959 -0.161205 -0.536078 0.226903 0.559730 0.252925 -0.392594 0.354053
VERTEX_POSE A2603 0.814073 0.472815 0.519645 -0.278570 0.183813 0.010553 0.440860 -0.811382 0.388222 0.312142 0.464562 -0.753774 0.410648 0.143659 -0.089973 0.579458 0.317375 0.522401 0.451450 -0.066900
VERTEX_POSE A2604 0.485103 -0.662469 0.473374 0.776287 -0.910280 -0.824062 0.318460 -0.218584 -0.135637 -0.638471 -0.638952 0.321562 0.643366 -0.333982 0.096025 0.247386 -0.616040 -0.435777 0.125768 0.230027
VERTEX_POSE A2605 -0.551186 -0.132300 0.793828 0.321977 0.933519 -0.053244 -0.553247 -0.746795 -0.885665 -0.175777 0.256170 0.350300 0.084913 0.272988 0.294037 -0.626062 0.207358 0.059952 -0.513670 0.509071
VERTEX_POSE A2606 -0.895186 0.911726 0.045559 0.099133 0.694698 -0.172212 -0.196673 0.364606 -0.409230 -0.038058 -0.799874 -0.036545 -0.494170 0.320486 -0.693585 -0.474383 0.084940 -0.566107 0.700448 0.342546
VERTEX_POSE A2607 0.530679 -0.866337 -0.578426 -0.685167 0.791095 -0.170231 0.067845 -0.472879 -0.736741 0.338505 0.566679 0.509305 0.284439 0.459999 0.340047 0.710156 -0.032076 -0.230674 0.543677 -0.492578
VERTEX_POSE A2608 0.383843 0.256600 -0.850719 0.634026 -0.739125 -0.188735 -0.529290 0.206779 0.333082 0.308142 -0.304213 0.323970 -0.741362 -0.507399 -0.840583 -0.106375 -0.177774 0.204693 -0.252917 0.758709
VERTEX_POSE A2609 -0.606753 0.046807 -0.092060 -0.189873 -0.681555 -0.314804 -0.419751 0.336632 -0.368889 0.082487 0.570165 -0.668543 -0.029098 0.106430 0.563783 -0.221710 0.685031 -0.004376 -0.875787 -0.284597
VERTEX_POSE A2610 -0.147303 0.574230 0.919786 0.529532 0.229388 0.731541 -0.344010 0.540909 0.016821 0.615762 0.355066 0.536474 0.481182 -0.166156 0.086193 -0.516182 -0.185619 0.411500 0.067192 -0.720613
VERTEX_POSE A2611 -0.198429 -0.633787 0.590725 -0.823218 0.076585 -0.806046 0.321643 -0.453073 0.271973 0.467794 0.159196 -0.129257 0.582351 0.585300 0.400594 0.062818 -0.507917 0.314861 0.578477 -0.410885
VERTEX_POSE A2612 -0.442018 -0.345172 0.711563 -0.980822 0.596299 0.374067 -0.290942 0.869567 0.193940 -0.404377 -0.095245 0.314949 0.645146 0.061083 -0.713063 0.331260 0.479460 0.463476 0.475274 0.034182
VERTEX_POSE A2613 0.418505 0.868158 -0.692787 -0.261073 -0.775133 0.390633 0.288537 0.256985 -0.126073 -0.733001 -0.479108 0.541635 0.327266 -0.760911 0.546790 -0.405493 0.195633 -0.489043 0.328525 -0.295221
VERTEX_POSE A2614 0.858390 0.975708 0.590195 0.869196 0.655803 0.667976 0.192752 0.029461 -0.603338 0.644105 -0.096433 -0.296197 -0.148138 0.737566 0.173541 0.587735 -0.182487 0.268221 0.424968 0.642283
VERTEX_POSE A2615 -0.744575 0.213726 -0.567320 -0.737374 0.958813 -0.200644 -0.458076 0.311398 -0.538816 -0.480878 0.221887 0.579810 -0.690181 0.023228 0.566837 0.031677 0.120875 -0.109254 -0.285602 -0.915777
VERTEX_POSE A2616 -0.467155 0.482788 0.124808 -0.709827 0.892250 0.110510 -0.360210 0.814811 0.765903 0.205857 0.255768 -0.454497 -0.448606 0.163274 -0.347555 0.764115 0.306162 -0.271695 0.206769 0.387650
VERTEX_POSE A2617 -0.473826 0.984198 -0.435699 0.103762 -0.962034 -0.496866 0.635355 -0.406412 0.446534 0.037743 -0.742102 -0.485128 -0.193321 -0.366125 -0.424431 0.156467 0.313208 0.371808 0.730099 0.227966
VERTEX_POSE A2618 -0.300528 0.426255 -0.798546 0.515431 0.667263 -0.045619 -0.597568 -0.014026 0.508513 -0.316388 0.451458 -0.351986 -0.719208 -0.063002 0.542900 -0.140345 -0.821621 0.566303 -0.076515 0.341991
VERTEX_POSE A2619 0.990338 -0.867805 -0.838085 -0.075406 0.797930 0.853413 0.101262 0.189447 -0.297833 0.076452 -0.258243 0.308420 -0.559112 -0.757343 -0.255760 0.053543 -0.272925 -0.149817 -0.817575 0.499363
VERTEX_POSE A2620 -0.978310 0.244979 0.081304 0.955999 -0.953494 0.365709 0.031406 -0.608780 -0.581515 -0.319909 -0.524399 -0.450095 0.480890 0.389954 -0.282336 -0.724679 0.283339 -0.495781 0.374509 -0.349353
VERTEX_POSE A2621 -0.523942 0.291865 0.274332 -0.765261 0.260409 0.424715 -0.042962 0.551798 0.571270 0.416491 -0.498979 0.088658 -0.521714 0.324369 0.183914 -0.741253 -0.554376 -0.671999 0.055210 -0.184367
VERTEX_POSE A2622 -0.376249 -0.611952 -0.287034 0.796540 -0.781401 -0.363055 0.607401 -0.316481 -0.572541 -0.139366 -0.055403 -0.665083 0.097248 0.489669 -0.049364 -0.512827 0.477170 -0.309219 -0.582402 -0.655212
VERTEX_POSE A2623 0.533358 -0.259432 -0.735219 0.471191 -0.864550 -0.424090 0.538816 0.597517 0.595402 0.504262 0.301967 0.600901 0.035128 -0.142380 -0.053372 0.648725 -0.611673 0.318927 -0.182538 0.396704
VERTEX_POSE A2624 -0.419898 0.136884 0.221609 0.231197 -0.160820 0.414877 0.184737 -0.268909 -0.482124 -0.540869 0.114985 0.300975 0.468717 0.372281 -0.237169 0.236107 -0.852927 0.669774 -0.630786 -0.219975
VERTEX_POSE A2625 0.848397 -0.601811 -0.476213 -0.359089 -0.596426 -0.180250 -0.754823 0.136998 -0.135563 -0.347194 0.023496 0.960653 -0.205765 -0.136488 0.068103 -0.424415 0.420093 0.147109 0.295350 0.886326
VERTEX_POSE A2626 -0.454189 0.259183 0.902986 -0.417804 0.876273 -0.562797 0.217149 0.618752 -0.338320 -0.452895 -0.595326 -0.314955 0.597755 -0.463482 -0.519351 0.205247 -0.143742 0.447076 0.590165 -0.165091
VERTEX_POSE A2627 0.742946 -0.996486 0.784482 0.089175 -0.918407 -0.523064 0.317474 0.434473 0.014970 -0.577769 0.343511 -0.507204 0.450167 -0.035112 0.524793 0.368941 0.727487 0.439905 0.476052 -0.403438
VERTEX_POSE A2628 0.749171 0.072163 -0.348479 -0.943709 0.846153 -0.230951 -0.251904 0.522571 0.629341 -0.383590 0.587772 -0.428054 -0.822369 -0.207415 -0.074235 -0.153050 -0.096060 -0.601540 0.299479 0.573755
VERTEX_POSE A2629 -0.131016 -0.275635 0.070854 -0.532280 -0.791398 -0.593911 -0.660740 -0.321884 0.150307 -0.388272 -0.055704 -0.545568 0.404257 0.415995 0.228905 0.340339 -0.743582 0.524057 -0.365259 0.409050
VERTEX_POSE A2630 -0.729138 -0.581132 -0.262827 0.820991 0.827838 -0.050799 -0.820841 0.561757 0.747911 0.249189 0.371978 -0.468861 0.225233 0.156845 0.269051 -0.461923 -0.720625 0.381876 0.004753 0.046491
VERTEX_POSE A2631 -0.226380 -0.590572 0.883693 0.359972 -0.129379 0.614222 0.032865 -0.588570 -0.370712 -0.722939 -0.169123 0.621279 -0.515552 0.108533 -0.091859 0.398201 -0.474439 -0.301461 -0.227862 -0.622986
VERTEX_POSE A2632 0.811203 -0.867426 0.376890 -0.038048 0.445747 0.375404 0.604626 -0.235348 -0.742190 0.375371 0.448072 0.224439 0.550505 -0.005404 -0.320149 -0.231101 -0.702438 -0.394155 0.370218 -0.500394
VERTEX_POSE A2633 0.621516 -0.998283 -0.060901 0.426251 0.347295 0.777120 -0.149051 0.539923 -0.529298 -0.446824 0.287569 -0.335208 0.485002 0.760689 0.059692 0.698368 -0.206465 -0.000918 -0.234919 0.067164
VERTEX_POSE A2634 -0.412306 0.882243 0.403338 -0.918598 -0.945566 0.208711 0.742037 0.397587 0.743130 -0.384512 0.194016 0.061268 0.200289 0.579758 0.040403 -0.462763 0.516309 -0.631515 -0.217408 0.448986
VERTEX_POSE A2635 0.296305 -0.529895 -0.149736 -0.261761 0.535466 -0.599934 -0.273530 0.231831 -0.485048 0.303357 -0.613914 -0.405273 -0.309372 -0.387405 0.337172 0.387461 -0.493704 0.356197 -0.766367 -0.418972
VERTEX_POSE A2636 -0.929671 -0.130582 -0.267073 -0.251772 0.280814 0.480041 -0.065087 -0.372255 0.561885 0.552971 -0.380739 -0.653159 0.242315 -0.681569 -0.148782 0.531115 0.119312 0.071365 -0.590920 -0.487537
VERTEX_POSE A2637 -0.307492 0.793969 -0.551103 0.180535 0.749132 0.253173 0.066026 -0.535509 0.436661 -0.036674 -0.140961 -0.435694 0.651748 0.356306 0.160314 0.718460 -0.470116 0.727806 0.230943 0.587705
VERTEX_POSE A2638 -0.173016 -0.396232 0.271838 0.053072 0.326561 -0.182020 0.556971 -0.325452 -0.218033 -0.227767 -0.308194 0.477860 -0.323290 -0.782280 0.555189 -0.345557 0.432430 -0.618665 -0.643412 -0.011807
VERTEX_POSE A2639 0.454173 -0.873983 -0.117791 -0.617746 0.541689 -0.157896 0.509505 0.304313 0.015112 0.558283 0.566014 -0.198567 -0.232726 0.451648 -0.763312 0.354431 -0.476524 -0.593942 -0.498940 0.394918
VERTEX_POSE A2640 0.085755 -0.159224 0.356837 0.990662 -0.932422 0.395273 0.591122 0.634756 0.342012 0.415528 -0.576390 0.654304 -0.315536 0.199560 -0.435945 0.567590 0.067913 0.329582 0.237043 -0.469492
VERTEX_POSE A2641 0.679682 -0.822002 0.191623 -0.417396 -0.444051 0.028858 0.134814 -0.224830 0.409910 0.533851 -0.414550 0.180808 -0.310733 0.630578 -0.686978 -0.337614 -0.445339 -0.571412 0.697345 0.426198
VERTEX_POSE A2642 -0.744257 -0.507770 -0.527066 -0.440964 -0.381726 0.116644 0.038985 -0.448093 -0.701177 -0.621427 0.244838 -0.158231 0.544547 0.537852 -0.570063 0.552411 -0.099392 -0.380443 0.103049 -0.663403
VERTEX_POSE A2643 0.643737 0.495605 0.068400 -0.990160 0.663877 0.739313 0.106459 -0.541382 -0.541331 -0.252602 -0.788805 0.280951 -0.483630 -0.139678 -0.142981 -0.538017 0.195759 0.246982 -0.633639 0.163893
VERTEX_POSE A2644 0.098187 -0.953844 0.498836 0.321530 -0.219184 0.444478 -0.473220 -0.269286 0.537117 -0.421559 -0.188385 0.024769 0.453130 -0.599059 0.671005 0.485904 0.536621 -0.251164 -0.396134 0.495139
VERTEX_POSE A2645 -0.885866 -0.532061 -0.936872 -0.571768 -0.725923 -0.137506 -0.138846 0.230409 -0.241901 0.286855 -0.837591 -0.632349 -0.740472 -0.140343 0.181722 -0.267617 0.210630 -0.699777 0.527748 0.425783
VERTEX_POSE A2646 0.899161 -0.290669 0.501080 -0.727534 0.622690 -0.684906 -0.331222 -0.351732 0.343243 -0.116490 -0.590955 0.454584 -0.590282 -0.327795 0.325734 0.619599 -0.243226 -0.316762 0.379982 -0.600373
VERTEX_POSE A2647 0.631032 0.528945 -0.376355 0.611703 -0.326934 -0.397012 -0.863050 0.110548 0.720331 -0.501050 -0.125617 0.084550 -0.013131 0.679174 -0.509976 -0.053309 -0.419899 -0.237234 0.032860 0.578279
VERTEX_POSE A2648 -0.359692 -0.547863 -0.372571 0.531994 -0.687957 -0.199434 0.005105 -0.149262 -0.883999 0.005118 0.354335 -0.407628 -0.198519 -0.764877 0.037353 -0.896734 0.341571 -0.105907 0.395483 0.387891
VERTEX_POSE A2649 -0.401367 -0.864414 0.702534 0.787896 0.289953 0.710095 0.118184 -0.411026 0.287217 -0.790994 0.501292 0.340080 -0.167912 -0.353000 -0.492103 -0.139588 -0.243374 0.235482 0.559180 0.629225
VERTEX_POSE A2650 0.621370 0.661140 -0.214441 -0.463703 -0.529004 -0.319201 0.207479 -0.675099 -0.543513 0.723008 0.186705 -0.514208 -0.176413 0.265099 0.081834 0.047895 -0.649565 0.575846 0.633085 0.131037
VERTEX_POSE A2651 -0.338003 0.697116 0.708733 0.487993 -0.641452 -0.619601 -0.701803 0.170851 -0.341975 0.397076 0.713108 0.380994 -0.310211 0.615015 -0.507711 0.050092 -0.277849 0.310196 -0.501061 -0.082721
VERTEX_POSE A2652 0.074692 0.427451 -0.023134 -0.977364 -0.449638 -0.242859 0.246801 -0.190594 -0.454246 0.396844 0.666976 0.852933 0.361787 0.262269 -0.083058 0.790925 -0.272203 -0.016926 0.158594 -0.613137
VERTEX_POSE A2653 -0.754879 -0.950813 0.498525 -0.667163 -0.310405 0.276926 0.304607 0.513248 -0.633674 0.252805 -0.295786 -0.109215 -0.822101 0.395223 0.678883 0.108099 -0.202801 0.221269 -0.394676 -0.672129
VERTEX_POSE A2654 -0.804645 -0.562316 0.973515 -0.040816 -0.506001 -0.551606 -0.339911 -0.487010 -0.587476 -0.106272 0.196340 -0.583213 0.275898 0.275061 0.057043 -0.319802 -0.627172 -0.084915 0.833531 -0.505241
VERTEX_POSE A2655 0.654793 -0.435665 -0.801524 0.253833 0.389542 -0.294186 0.210297 0.047410 -0.138924 -0.604588 -0.772224 -0.641119 -0.548335 0.524261 -0.485310 0.358469 -0.195487 -0.497589 0.401345 -0.297251
VERTEX_POSE A2656 -0.906483 -0.552624 -0.977687 -0.026252 0.093169 0.731620 0.350105 0.478026 -0.032685 0.282162 -0.021135 -0.091172 0.331265 -0.607626 0.634166 -0.563205 -0.496702 -0.230620 -0.608995 0.393856
VERTEX_POSE A2657 -0.258833 0.696868 0.876500 0.541380 -0.629729 -0.624873 -0.676311 0.369685 0.215156 -0.006694 0.532815 0.356552 -0.489866 -0.101002 -0.356999 0.541710 0.479583 -0.555575 0.095605 -0.582443
VERTEX_POSE A2658 0.397740 -0.432151 0.982958 -0.656992 0.471134 0.305365 0.098399 -0.557239 -0.573271 -0.009058 -0.237596 0.193621 0.707436 0.559648 -0.384641 -0.439516 0.527136 -0.626638 0.544606 -0.204828
VERTEX_POSE A2659 0.842688 0.519539 -0.326166 0.030039 -0.060678 -0.670314 -0.146357 -0.661116 0.480075 -0.625893 -0.091391 0.307709 -0.080329 -0.303982 0.231933 -0.283974 -0.504960 0.414402 0.706925 -0.455175
VERTEX_POSE A2660 0.610151 -0.578768 -0.052645 -0.990900 -0.421127 0.347982 0.788786 0.031798 0.468195 -0.224397 -0.321261 -0.547354 -0.090596 0.486734 -0.463153 0.555953 -0.236335 0.381569 0.100852 0.776541
VERTEX_POSE A2661 0.668602 -0.013283 -0.279869 -0.836002 0.298972 0.260389 0.611969 0.184630 -0.320382 -0.174291 0.683611 0.842310 0.027283 0.074082 -0.346271 0.699728 -0.289915 -0.012746 -0.323654 -0.639569
VERTEX_POSE A2662 -0.383691 0.928966 -0.442473 -0.609989 0.809943 -0.115266 -0.666020 0.088628 -0.264528 0.389457 -0.024724 0.534966 -0.511766 -0.076105 0.166231 0.070625 -0.957604 0.776477 0.371280 0.262175
VERTEX_POSE A2663 0.421354 -0.446194 -0.675755 -0.028949 -0.975380 0.488356 0.550980 0.596709 -0.394155 0.420486 -0.381394 0.051429 0.500336 -0.117562 0.382468 -0.509693 0.082888 0.676183 0.097417 -0.691220
VERTEX_POSE A2664 0.290118 -0.011566 0.659230 0.590249 -0.353733 0.116928 0.564334 -0.495362 0.411339 0.634570 0.598533 -0.258717 0.447244 -0.479869 -0.598861 0.068291 0.112355 -0.625747 0.272319 0.391761
VERTEX_POSE A2665 0.204002 0.811209 0.960865 -0.528588 0.864377 0.187727 -0.140865 0.501020 -0.620530 -0.186854 0.597266 -0.641005 0.250205 -0.503680 -0.265864 0.592485 0.343396 -0.313257 -0.729110 -0.143659
VERTEX_POSE A2666 -0.282341 0.023911 0.174509 0.709290 0.560086 -0.636527 -0.634673 0.222406 -0.638128 0.498651 0.216959 0.368973 0.102392 0.570134 -0.046523 0.311046 0.618111 0.222082 -0.491226 0.443114
VERTEX_POSE A2667 0.360447 0.857852 -0.607843 -0.661522 0.927081 0.609792 -0.384589 0.326686 0.024224 -0.189580 0.798675 0.571408 -0.323873 -0.472111 0.522567 0.839032 0.135919 0.167284 -0.085334 -0.118458
VERTEX_POSE A2668 0.896510 0.605178 -0.590239 0.651947 0.613510 0.329898 0.784340 0.352744 -0.457073 -0.053150 0.027409 -0.330600 0.419818 -0.795749 -0.242330 -0.328931 0.232347 0.717099 -0.312319 -0.433150
VERTEX_POSE A2669 0.544644 0.627679 -0.553653 -0.237638 -0.113353 0.440987 0.472642 0.546335 0.002872 -0.087085 0.193606 -0.736197 0.651759 0.141284 -0.362912 -0.553334 0.724396 -0.363085 -0.195086 -0.345433
VERTEX_POSE A2670 -0.185380 0.983870 0.274366 -0.279268 0.468770 -0.610712 -0.127113 0.143275 0.484525 0.109461 0.770835 -0.416029 0.764977 0.052120 -0.385102 -0.059161 0.608078 -0.266238 -0.619008 0.113181
VERTEX_POSE A2671 -0.017735 -0.554045 0.766598 0.642609 0.681087 0.046611 0.648440 0.094986 -0.627149 0.605113 -0.163855 0.640268 0.399068 -0.011650 -0.258809 -0.048213 0.906356 -0.357194 -0.227561 -0.377507
VERTEX_POSE A2672 0.224326 0.805677 0.637970 0.344966 0.442596 -0.332163 0.165133 0.258255 -0.698870 0.071195 0.334302 0.550594 0.306234 0.755271 -0.143769 0.904229 -0.209921 -0.278255 -0.237177 0.455022
VERTEX_POSE A2673 0.070363 -0.523900 0.747300 0.279768 -0.912956 0.282539 -0.450150 0.137886 0.424325 0.059593 0.792280 -0.612535 -0.554198 0.088587 0.309489 0.293363 -0.488169 0.518784 -0.632942 -0.327298
VERTEX_POSE A2674 -0.373999 0.941559 -0.165002 0.652449 0.344964 -0.187791 0.559018 -0.461066 0.516119 0.565092 -0.313117 0.140497 -0.101957 0.097131 -0.497331 0.573027 0.609691 -0.656717 -0.171509 -0.555175
VERTEX_POSE A2675 -0.677487 0.851834 0.136806 -0.333504 -0.776588 0.132332 -0.244320 0.084909 0.423271 0.773526 0.427340 0.329914 0.061696 -0.053566 0.519819 -0.581154 0.552384 0.651364 -0.020478 -0.708642
VERTEX_POSE A2676 0.184497 -0.055962 0.810428 0.707999 -0.638880 -0.528459 -0.310226 0.753619 0.285820 -0.797249 -0.007214 -0.729190 -0.259631 -0.630971 -0.012747 0.247606 -0.017036 0.327349 -0.373413 -0.183281
VERTEX_POSE A2677 -0.474837 -0.349110 -0.663921 0.924914 -0.032346 0.503269 -0.360365 0.695728 -0.442642 -0.148306 0.561535 0.637808 -0.289643 -0.265024 -0.329343 -0.503160 0.001834 0.188473 0.714898 0.361108
VERTEX_POSE A2678 0.953544 0.380778 0.760451 -0.721801 -0.103522 0.267786 -0.720747 0.038957 -0.381694 0.503475 -0.136908 -0.233380 -0.103170 -0.647695 0.433152 0.381242 0.480447 0.735196 0.266548 -0.573934
VERTEX_POSE A2679 0.824804 0.396175 -0.562143 0.239993 -0.326837 -0.712993 -0.556923 0.118779 0.568534 -0.394473 0.455796 -0.217062 0.026118 0.786210 0.147528 0.295525 0.357614 -0.315483 0.667990 0.179243
VERTEX_POSE A2680 0.123796 -0.213524 -0.961387 0.712811 -0.742393 0.572506 -0.542560 0.222004 -0.498012 -0.411350 0.693410 0.596760 0.380668 0.386844 -0.092106 0.555693 0.544621 0.244164 -0.287606 0.153740
VERTEX_POSE A2681 0.574914 0.041918 -0.453990 -0.185504 0.367474 0.254107 0.373409 0.437255 -0.471544 -0.698705 0.427255 -0.777893 0.529498 0.196775 -0.222819 0.246898 -0.357950 -0.241475 -0.176211 -0.677800
VERTEX_POSE A2682 -0.513199 0.093291 -0.853410 -0.272014 0.031712 -0.531405 0.763357 -0.334235 -0.123309 -0.383320 -0.659549 0.569605 0.170311 -0.157457 -0.339008 -0.439790 -0.343615 0.512862 0.218934 -0.557152
VERTEX_POSE A2683 -0.801512 -0.786073 0.015479 0.735446 -0.192031 0.582589 0.356351 -0.289501 -0.485428 0.813744 -0.274888 0.476346 0.157512 0.102287 -0.193178 -0.424608 -0.807188 0.400907 0.075711 -0.422625
VERTEX_POSE A2684 0.820035 0.091105 -0.955464 0.147333 -0.942931 -0.073890 -0.395916 -0.463862 0.557443 0.637169 -0.324569 0.117547 -0.442789 -0.604168 0.379112 -0.432891 0.560731 -0.725434 0.231967 -0.007020
VERTEX_POSE A2685 -0.317843 0.530976 -0.879895 0.687169 0.525710 0.229627 0.455831 -0.034903 -0.462215 0.591019 -0.064674 0.582821 0.595434 0.149059 0.376507 -0.239775 0.672762 -0.502187 0.175727 0.720952
VERTEX_POSE A2686 0.853281 -0.221738 0.213955 -0.010720 -0.802489 -0.286653 -0.587690 0.703366 -0.946220 0.152994 -0.271640 -0.123051 0.523277 0.510131 0.085501 0.444042 0.053420 -0.006811 -0.400277 -0.410367
VERTEX_POSE A2687 0.913552 0.538481 -0.933152 -0.878919 0.150239 0.431118 -0.720659 -0.368625 -0.396748 0.031240 -0.775235 -0.200998 0.416702 -0.349478 -0.623393 -0.529177 0.068541 0.477189 0.161266 -0.369180
VERTEX_POSE A2688 0.423324 0.227843 0.996606 0.228549 0.895982 0.682913 0.157942 -0.287189 -0.294667 -0.423899 0.523751 0.547784 -0.586201 0.113981 0.087406 -0.562026 -0.076406 0.372953 0.368590 0.790176
VERTEX_POSE A2689 0.251021 0.346110 0.196913 0.332287 0.668645 0.172600 0.591347 0.200749 -0.076807 0.128215 -0.769143 0.640304 -0.342388 -0.449616 -0.634648 0.219663 -0.385944 -0.389285 -0.684389 0.130425
VERTEX_POSE A2690 0.756240 0.058020 -0.259318 0.151120 -0.910440 -0.541104 0.342627 -0.378767 -0.449146 -0.635083 -0.524129 0.475586 -0.182357 -0.448408 0.436302 -0.397098 -0.104901 0.298217 0.536969 -0.608071
VERTEX_POSE A2691 0.033475 0.649076 -0.056040 0.237649 -0.525145 -0.538017 -0.443742 -0.225866 -0.630342 -0.174298 0.585541 0.509203 -0.357688 0.442259 0.020466 0.297070 0.639470 0.231301 -0.746004 0.040139
VERTEX_POSE A2692 -0.080377 -0.667173 0.917044 0.496285 -0.032383 0.378013 -0.268585 -0.428642 -0.450379 0.410162 0.295015 0.363843 -0.223961 -0.083049 -0.722411 -0.506951 -0.452292 0.002255 0.672661 -0.719560
VERTEX_POSE A2693 -0.627451 -0.013014 0.298209 0.541131 0.899503 -0.561626 0.725672 0.394337 -0.343214 -0.401001 0.264628 -0.218767 -0.506614 0.575152 -0.491146 -0.088672 -0.613362 0.526970 0.219265 0.259726
VERTEX_POSE A2694 -0.545172 -0.797118 0.268205 -0.791300 -0.500525 0.122395 -0.195138 0.594225 0.456980 -0.563282 0.421585 0.304513 -0.143011 -0.381331 -0.686248 -0.708373 -0.151014 -0.461003 0.349843 0.548584
VERTEX_POSE A2695 -0.790259 0.321262 0.576274 0.086535 0.613885 0.213801 0.590752 0.377618 -0.614859 -0.186363 0.060461 0.602134 -0.193163 -0.593491 -0.428928 0.515340 -0.705102 -0.172313 -0.559815 -0.065942
VERTEX_POSE A2696 0.576551 -0.201804 0.259074 -0.987457 0.763881 -0.721921 -0.551035 0.262596 -0.065216 -0.542560 -0.614003 -0.485858 0.492800 -0.655900 -0.422345 0.322112 0.330833 -0.245244 0.235332 0.119955
VERTEX_POSE A2697 0.172487 0.226793 -0.557286 0.917990 -0.940439 0.634180 -0.572713 -0.365657 0.709728 0.450935 0.523437 0.019916 -0.657154 0.516338 0.303740 0.189183 -0.522302 -0.038060 0.031862 -0.230010
VERTEX_POSE A2698 0.570188 0.179114 0.968431 0.425012 0.540966 -0.336065 -0.383155 0.192229 -0.777572 -0.321280 0.148981 -0.270356 0.427179 -0.526716 0.311053 -0.747822 -0.537689 0.335552 -0.090837 0.611811
VERTEX_POSE A2699 0.473061 -0.596626 0.668835 0.664490 0.377390 0.182718 0.419945 0.233964 0.702824 0.350795 0.365167 -0.583973 0.720121 -0.040972 -0.243334 -0.425969 0.503767 -0.269104 0.023786 0.745958
VERTEX_POSE A2700 -0.282869 -0.145528 -0.110939 -0.319648 -0.053792 0.621997 0.510952 -0.268317 0.610464 -0.512944 0.586411 0.074867 0.476765 0.510600 0.249719 -0.464147 -0.514171 -0.415318 -0.181875 0.242991
VERTEX_POSE A2701 -0.615193 0.162984 0.242797 -0.854256 0.009736 -0.137732 0.615829 -0.337162 -0.715778 -0.211120 -0.496921 0.269798 0.592571 -0.384215 -0.620703 0.303870 0.383310 -0.103096 0.364288 0.587234
VERTEX_POSE A2702 -0.544674 -0.150671 0.435434 0.307099 0.058478 -0.227372 0.516350 0.181087 0.682747 0.063752 -0.594875 -0.142329 0.140392 0.243596 0.506702 0.656771 0.378192 0.452940 -0.527505 0.641064
VERTEX_POSE A2703 0.941457 -0.339850 -0.472969 -0.974682 -0.611195 -0.005122 0.436559 0.568889 0.087577 0.518483 -0.686963 0.472530 0.377966 0.403973 -0.676043 -0.173025 0.202458 0.558556 -0.606462 0.016213
VERTEX_POSE A2704 0.455170 0.639083 -0.009903 0.425512 0.096780 -0.266254 -0.333011 -0.578055 -0.231346 0.008727 -0.114106 0.498706 0.526921 -0.677576 -0.522949 0.776122 0.163269 -0.594478 -0.094951 -0.408737
VERTEX_POSE A2705 0.081327 -0.209112 -0.729568 -0.040452 -0.596558 0.058600 0.459594 0.653232 -0.409538 -0.107604 0.365699 0.777591 0.389951 -0.051921 -0.350800 0.600486 0.150540 -0.318020 0.514344 -0.643579
VERTEX_POSE A2706 -0.736031 -0.488017 0.663837 -0.308185 -0.387784 -0.463597 0.328879 -0.177348 0.433015 -0.392520 -0.774363 -0.339460 0.335621 -0.465978 -0.694437 -0.635155 -0.131391 0.010005 -0.470853 0.366757
VERTEX_POSE A2707 -0.360333 -0.416878 -0.199475 0.133511 0.457901 0.510529 0.434848 -0.287803 0.544170 -0.415377 -0.566965 -0.484236 -0.178532 -0.253316 0.277836 0.491739 0.417574 -0.362714 0.603894 -0.597648
VERTEX_POSE A2708 0.606490 0.441778 -0.393489 -0.115537 0.371096 -0.628224 -0.520837 -0.234598 0.201742 -0.529457 -0.464384 0.540197 0.150744 -0.245839 0.117403 0.165320 -0.749094 0.508958 -0.631150 0.328226
VERTEX_POSE A2709 -0.782486 0.892762 0.424288 -0.029986 0.508694 0.725355 0.498091 -0.008888 -0.105337 -0.514874 0.468270 -0.547710 0.329041 -0.463986 0.403431 -0.580960 -0.485126 0.004599 -0.202552 -0.574468
VERTEX_POSE A2710 -0.535529 0.979297 0.238383 -0.626496 -0.868936 -0.375865 0.523303 -0.363944 -0.108652 -0.719340 -0.537408 0.059239 -0.123638 0.692957 0.911111 0.188413 -0.277782 -0.115269 0.397389 -0.146236
VERTEX_POSE A2711 -0.269714 -0.771746 -0.354876 -0.402727 0.628703 0.329244 -0.649484 -0.525783 -0.546455 -0.306308 -0.441184 -0.098758 -0.357539 0.561738 0.612742 0.367986 -0.288659 -0.455828 0.470211 -0.360604
VERTEX_POSE A2712 0.792428 -0.065321 0.970298 0.784510 -0.123832 -0.031607 0.261668 0.748913 0.362929 -0.713964 0.506461 0.514579 0.417541 0.160517 0.588115 0.372899 -0.078335 -0.506569 0.329228 0.388233
VERTEX_POSE A2713 -0.048727 0.072588 0.384973 0.101490 0.162776 -0.361555 -0.662774 0.428070 0.467914 0.102627 0.313766 -0.365431 0.225179 -0.631848 0.350415 0.425195 0.261070 0.627697 -0.564536 -0.500917
VERTEX_POSE A2714 -0.071226 -0.557819 0.660603 -0.667280 -0.563329 0.328674 -0.019901 -0.568031 -0.448897 -0.421982 -0.554742 -0.619861 -0.190090 0.454167 -0.085308 -0.607940 -0.140352 -0.546771 0.644834 -0.378994
VERTEX_POSE A2715 0.612463 -0.974216 -0.985166 -0.068157 -0.066763 -0.015961 0.391634 0.609066 0.510595 -0.741672 0.085832 -0.572081 -0.088152 -0.127547 -0.533726 -0.361185 -0.283110 0.356229 0.397894 -0.724743
VERTEX_POSE A2716 0.633429 -0.396436 0.505078 -0.211341 -0.311514 0.545177 0.414274 0.273631 -0.021539 0.618078 0.353622 -0.034122 0.150834 -0.749317 0.616283 -0.589756 0.154923 0.566876 0.275306 -0.463249
VERTEX_POSE A2717 -0.217945 0.220442 -0.125442 0.321999 -0.365818 0.850426 -0.017146 -0.011816 -0.086674 0.552967 -0.776154 0.405166 -0.274444 -0.189785 -0.316714 -0.646426 -0.187038 -0.069251 0.448049 0.571352
VERTEX_POSE A2718 0.526015 0.564265 -0.918318 0.052925 -0.916525 0.294525 0.843721 0.176797 0.058766 -0.285504 -0.294547 0.606751 0.134604 -0.379096 -0.634203 0.409939 -0.643270 0.373418 -0.143019 -0.569627
VERTEX_POSE A2719 0.056753 0.831407 0.501684 -0.982792 -0.415532 -0.428548 0.083412 -0.348413 0.700662 0.483099 -0.514530 -0.278889 -0.227635 -0.622500 -0.431628 0.435410 -0.299301 -0.247663 0.719901 0.369838
VERTEX_POSE A2720 -0.966924 -0.433447 -0.928529 -0.345714 -0.697173 -0.409164 -0.781469 0.330560 0.771348 -0.097891 0.095522 -0.454153 0.544632 0.117270 -0.005915 0.286987 0.646741 -0.176966 -0.027140 -0.670506
VERTEX_POSE A2721 0.282255 -0.377715 -0.177636 -0.795955 -0.826964 0.119969 0.833437 0.454919 0.741801 -0.436292 0.436677 -0.378997 -0.190847 0.420371 0.225884 0.126612 0.294285 0.490589 0.250158 -0.582277
VERTEX_POSE A2722 -0.909772 0.480483 -0.554356 0.254857 0.059322 0.457774 -0.259805 -0.340622 -0.345658 -0.635270 0.513780 0.576250 -0.419756 0.390547 0.556888 0.074108 -0.013454 0.169633 0.589276 0.683593
VERTEX_POSE A2723 -0.047301 -0.100620 0.988515 -0.849428 0.270444 0.564956 -0.244570 -0.084909 -0.288619 0.688661 -0.303570 -0.119739 0.109760 -0.653938 -0.648622 -0.649943 -0.222557 -0.403082 0.177363 0.650745
VERTEX_POSE A2724 0.654804 0.609271 -0.879426 0.745175 -0.927461 0.482307 0.470710 0.709856 0.565816 -0.783737 0.185118 0.211539 0.039083 -0.284336 0.499168 0.113407 -0.538308 -0.391556 -0.387039 0.302017
VERTEX_POSE A2725 -0.454944 0.683364 0.713850 0.463557 0.558797 0.430221 0.178523 0.221197 0.285074 0.193647 0.554137 -0.253184 0.469554 0.604499 0.815241 -0.088218 -0.077843 0.070154 0.838073 -0.522040
VERTEX_POSE A2726 0.162440 -0.779358 0.564789 0.237107 -0.115671 0.280193 -0.173453 -0.222553 -0.103776 -0.882241 0.375056 0.362733 -0.419781 -0.595165 -0.518357 -0.075629 0.251474 0.714461 0.098131 0.626373
VERTEX_POSE A2727 0.231355 -0.592533 0.379647 0.757719 0.836420 -0.036391 -0.247011 -0.828972 -0.671011 0.658171 -0.278109 0.467576 0.586759 -0.053808 -0.069336 0.257037 0.385916 -0.570075 -0.308938 0.289197
VERTEX_POSE A2728 0.717544 -0.089843 -0.843436 0.381547 0.618358 0.564431 0.237756 0.519312 -0.089038 -0.302400 0.285235 -0.526698 0.701963 0.446787 0.558845 0.064648 0.261658 -0.289433 -0.595898 0.617149
VERTEX_POSE A2729 -0.267372 0.399756 0.533220 -0.337881 -0.574705 -0.165327 0.527651 -0.117619 0.225453 -0.407267 0.387427 -0.277948 0.482833 -0.228474 0.777324 0.530669 0.305109 -0.490255 0.202436 0.831128
VERTEX_POSE A2730 -0.295584 -0.189160 0.048482 0.422209 0.213810 0.148492 -0.239328 -0.103821 0.499705 -0.443201 0.472760 0.334131 0.482725 -0.573309 -0.632359 -0.516710 -0.361296 0.465537 -0.496268 -0.553625
VERTEX_POSE A2731 -0.565325 0.764630 0.045625 -0.938101 -0.435433 -0.184021 -0.508939 0.033068 -0.321816 0.576450 -0.304549 -0.560669 -0.393198 0.422920 0.612052 0.122719 0.629161 0.416669 -0.488898 -0.575719
VERTEX_POSE A2732 0.117435 -0.437260 -0.223983 -0.192137 0.435031 -0.469306 -0.568014 0.151462 -0.509274 -0.437720 -0.251033 0.680604 -0.646968 0.215954 0.050941 0.110424 -0.548822 0.233612 -0.234522 -0.752462
VERTEX_POSE A2733 0.159742 0.660169 -0.516084 -0.270692 -0.727712 -0.136789 0.711486 0.292143 0.656002 -0.395748 0.027863 -0.243579 0.147936 -0.687999 0.696272 0.560588 -0.132371 -0.082614 -0.032048 0.650393
VERTEX_POSE A2734 -0.623869 -0.575221 0.572656 -0.912782 -0.046629 0.623277 0.393614 0.594085 -0.279074 0.530120 -0.141676 -0.073517 -0.585115 0.045923 -0.691128 0.050834 0.704659 -0.224902 0.468079 -0.358242
VERTEX_POSE A2735 -0.427395 -0.798176 0.766115 -0.766625 -0.468189 0.574523 0.438211 0.528602 -0.000973 0.447192 -0.716446 0.645114 -0.632343 -0.199176 -0.050695 0.300904 0.247788 0.501179 0.342913 -0.325907
VERTEX_POSE A2736 -0.758931 -0.548943 -0.245652 0.688856 -0.324271 -0.142428 -0.438303 0.541818 -0.368781 -0.578073 -0.717214 0.548505 -0.638074 0.178399 0.577654 0.226554 -0.366759 -0.457354 0.123519 0.160309
VERTEX_POSE A2737 -0.359899 -0.063237 0.236493 -0.220968 0.565588 0.141040 0.118302 -0.346744 -0.747846 -0.339704 0.380295 0.237596 -0.836131 -0.414083 0.012808 -0.398975 0.243694 -0.603505 0.110952 -0.710136
VERTEX_POSE A2738 0.212272 -0.215055 -0.433360 0.366886 0.989712 0.518482 -0.317802 -0.542335 -0.422224 0.487650 -0.493812 -0.569313 -0.214759 -0.462290 -0.191381 -0.746382 -0.115123 0.438359 0.240816 -0.484827
VERTEX_POSE A2739 0.847559 0.892836 0.360859 -0.426681 -0.953175 -0.020828 0.291063 0.478244 -0.653101 -0.258643 -0.366785 -0.393922 -0.324823 0.782113 0.529637 -0.790086 0.041318 0.370588 0.344443 0.152788
VERTEX_POSE A2740 -0.142386 -0.170476 -0.339219 0.749046 0.074281 0.579379 -0.083078 -0.405903 0.552105 -0.377733 -0.270041 0.016688 -0.580851 0.599059 -0.498391 -0.681566 -0.454698 0.332910 -0.220216 0.443508
VERTEX_POSE A2741 0.676743 -0.235758 0.805023 0.740390 -0.879224 -0.372283 0.485700 -0.635460 0.578795 0.416497 -0.355079 0.437382 -0.193590 -0.402152 0.406724 0.558020 0.528571 -0.411915 0.491693 0.170282
VERTEX_POSE A2742 -0.422155 -0.878910 -0.994018 0.170592 0.675528 0.561396 0.544795 -0.431922 -0.605572 0.360434 -0.306551 -0.096358 -0.644749 -0.725204 -0.497359 0.111012 0.216988 -0.247923 0.381131 -0.382709
VERTEX_POSE A2743 -0.349958 0.764204 -0.368920 0.533557 0.950449 0.076869 -0.703753 -0.606731 0.402882 0.181322 0.331248 -0.900590 0.053360 0.071382 -0.137653 -0.002263 -0.055280 -0.042038 -0.684837 0.716938
VERTEX_POSE A2744 -0.371984 0.836830 0.189996 -0.158120 0.283552 -0.008144 0.566984 -0.526908 -0.752200 0.506420 0.358407 -0.453622 -0.604673 -0.038797 0.475018 0.226276 0.577282 -0.052087 -0.072369 0.509071
VERTEX_POSE A2745 0.506619 -0.436729 0.666585 0.503312 -0.887801 -0.611727 -0.062563 0.493252 0.128450 0.412873 -0.611040 0.486653 0.612688 0.601660 0.489456 -0.635638 0.097803 0.364544 -0.214941 0.108500
VERTEX_POSE A2746 -0.737495 0.789988 -0.354086 -0.534600 -0.116314 0.301767 0.544507 0.375126 -0.008585 -0.574679 -0.116148 -0.700147 0.170285 -0.461074 -0.058557 0.586231 -0.357885 0.644382 -0.024357 -0.710717
VERTEX_POSE A2747 -0.738555 -0.559606 -0.304926 0.630539 0.972037 0.906067 -0.105222 -0.227326 0.017973 -0.770663 0.622744 -0.131297 -0.500475 -0.603411 0.294230 -0.169005 -0.019131 0.273695 0.340542 0.442766
VERTEX_POSE A2748 -0.711326 0.783713 -0.458856 -0.174689 -0.253619 0.399108 -0.617136 0.595062 -0.506354 -0.198680 -0.295608 0.733691 0.277891 -0.416390 -0.190434 0.542251 0.563596 -0.098744 -0.456519 -0.259799
VERTEX_POSE A2749 0.788520 0.354253 -0.272404 0.518325 -0.032839 -0.794438 -0.149772 -0.038134 -0.275220 0.563103 -0.030219 0.258091 0.316240 -0.829685 0.468507 0.036267 0.436279 0.083739 -0.747770 -0.344842
VERTEX_POSE A2750 0.318198 -0.728199 -0.803242 0.647747 -0.443495 0.596979 -0.033760 -0.498044 0.312790 -0.097301 0.628481 0.285233 -0.445890 -0.422934 0.620070 0.589994 0.183808 -0.282725 0.665193 -0.379875
VERTEX_POSE A2751 -0.678250 -0.649734 -0.387386 0.479597 0.049207 -0.129449 0.357556 0.815260 0.460132 -0.111554 -0.132773 0.158757 0.614504 -0.487674 -0.718829 -0.385173 -0.229744 -0.479169 0.577699 -0.164665
VERTEX_POSE A2752 0.070775 0.976538 0.549960 0.722370 0.140197 -0.229092 -0.032807 0.262605 -0.228442 0.504883 -0.673856 0.555761 -0.355618 -0.611353 -0.521041 0.224828 -0.214976 -0.561228 -0.752997 -0.238724
VERTEX_POSE A2753 0.408426 0.752284 -0.357598 -0.097396 0.615827 0.511713 -0.577915 0.114898 -0.378557 -0.200108 0.333769 0.719645 0.087795 0.291375 0.077944 0.683417 0.553399 0.266232 0.388851 -0.695878
VERTEX_POSE A2754 0.274449 0.249647 -0.398871 0.630169 -0.680349 0.596250 0.013128 0.409372 -0.539249 -0.508910 -0.052503 -0.360911 0.351181 0.805486 -0.340302 0.732150 -0.321815 -0.328076 -0.285422 0.278001
VERTEX_POSE A2755 -0.274421 0.585809 0.670534 0.467545 0.212736 0.544029 0.438915 0.102194 0.404526 -0.037220 -0.613066 0.384214 0.260915 0.655089 -0.590714 0.716416 -0.050817 -0.209351 -0.473961 0.426595
VERTEX_POSE A2756 0.953482 0.435648 -0.643748 -0.633839 0.174625 -0.180231 0.339450 -0.633929 -0.531182 -0.289399 -0.577911 0.444314 -0.087688 -0.212192 0.605189 -0.509616 -0.401810 0.348846 0.730496 -0.240159
VERTEX_POSE A2757 -0.563111 0.470289 -0.834083 -0.132725 0.203980 0.012484 -0.496837 0.653908 0.155632 0.117485 -0.165772 0.094506 0.799626 0.157393 0.671261 0.160762 0.528886 0.718401 -0.272222 -0.490338
VERTEX_POSE A2758 0.956935 0.993275 0.050181 0.225264 0.049156 0.338407 -0.223709 0.347220 -0.247833 0.325778 -0.538564 0.756429 0.181864 -0.565667 -0.311352 -0.728912 -0.517493 0.393618 -0.528616 0.040112
VERTEX_POSE A2759 0.671025 -0.654195 -0.487184 0.747708 -0.207017 0.016307 -0.269537 -0.413130 0.192931 -0.712019 0.668503 -0.334736 0.111736 0.215227 0.723129 0.529913 0.315521 -0.572319 0.356492 0.486365
VERTEX_POSE A2760 0.169516 -0.129954 0.699137 0.529394 0.629275 -0.764691 -0.268589 -0.020784 -0.460346 0.621641 -0.137634 -0.392510 -0.068987 0.630787 0.218313 0.113172 0.761628 -0.040064 -0.723779 -0.051532
VERTEX_POSE A2761 -0.338649 -0.195884 -0.901337 -0.352527 -0.737034 -0.397958 -0.199508 -0.430751 -0.495179 0.221825 0.557106 -0.319093 -0.883169 0.184849 -0.340329 0.123036 -0.676829 0.615453 -0.340388 -0.108724
VERTEX_POSE A2762 -0.894300 -0.889565 0.558442 0.809608 0.357550 -0.645957 0.627108 0.338462 0.110400 0.453507 0.078062 0.058254 0.403384 -0.706395 0.750293 0.420359 0.377007 -0.064953 -0.248287 0.488080
VERTEX_POSE A2763 -0.713049 0.432786 -0.524845 -0.662743 0.064306 0.094665 0.196829 0.512068 0.177764 -0.758347 0.555109 0.654321 0.071877 0.128325 -0.728067 -0.123989 0.289908 -0.034943 0.604672 0.573695
VERTEX_POSE A2764 0.821093 -0.535715 -0.417421 0.376781 -0.464746 -0.014403 -0.243782 -0.604218 -0.591045 -0.080504 -0.589691 0.157591 0.612894 -0.093669 0.722306 -0.465379 -0.272512 0.322331 0.584699 -0.451827
VERTEX_POSE A2765 -0.518169 -0.464785 0.131098 0.896825 -0.689079 -0.669556 -0.114444 0.595697 -0.012833 -0.539146 0.408367 0.251447 0.388313 0.449238 -0.691994 0.352963 -0.367932 -0.097209 -0.648732 -0.375756
VERTEX_POSE A2766 -0.140443 0.634609 -0.758731 -0.429368 0.596118 0.067266 0.719788 -0.269225 0.322160 -0.205801 0.761265 0.748228 -0.322829 -0.444799 -0.475990 -0.167093 0.040672 -0.324463 -0.554448 -0.385349
VERTEX_POSE A2767 -0.937838 -0.084658 0.336927 0.065637 0.210983 0.347902 -0.439528 0.649399 0.296590 -0.460040 0.145840 0.535439 -0.266676 -0.508682 0.236438 -0.167138 -0.513457 0.669628 0.704364 0.186054
VERTEX_POSE A2768 0.121932 0.471978 -0.632409 -0.324142 0.876508 0.183368 0.430312 0.457271 -0.505725 0.258121 -0.351333 -0.146880 -0.692824 -0.305832 -0.350160 0.491819 -0.444076 -0.752617 -0.162215 0.613785
VERTEX_POSE A2769 -0.928171 -0.580445 -0.192091 0.937518 0.585830 -0.407094 -0.119235 -0.397188 -0.786216 -0.016584 0.072458 0.326323 -0.599790 0.316179 0.303550 0.099857 -0.809510 0.132321 0.784722 0.285858
VERTEX_POSE A2770 0.909721 -0.191822 -0.302215 0.638956 0.257808 0.105731 0.136162 0.148065 -0.710461 0.504708 0.119020 -0.506668 -0.134985 -0.711347 -0.214507 -0.806358 0.016020 -0.425840 -0.241444 0.676490
VERTEX_POSE A2771 0.979546 -0.698498 0.028372 -0.575096 -0.049210 -0.302098 0.552565 -0.739953 0.258922 0.573113 0.291446 0.206039 -0.522783 -0.298868 -0.612448 -0.293526 -0.150052 0.651270 -0.082176 -0.505659
VERTEX_POSE A2772 0.748572 0.183797 -0.387068 0.677908 0.706606 -0.322935 0.720055 0.368025 -0.009407 -0.193977 0.222501 0.212144 0.165722 0.717252 -0.708119 -0.553294 0.376601 -0.590921 0.332107 -0.398462
VERTEX_POSE A2773 -0.512434 -0.070732 -0.296232 -0.190452 -0.066664 0.788876 -0.443088 -0.021778 0.384712 0.890362 0.057818 -0.084675 -0.093784 0.167342 0.381501 0.025540 -0.562953 -0.277412 0.038484 -0.807009
VERTEX_POSE A2774 -0.370412 -0.934294 0.659452 0.958461 -0.098761 0.399994 0.180453 0.654209 0.265285 -0.528517 -0.045130 -0.683175 -0.271499 -0.133143 -0.204155 -0.621247 0.611494 0.511097 -0.477962 -0.422282
VERTEX_POSE A2775 -0.623412 0.020627 0.802927 -0.480212 -0.009843 0.439642 0.626601 -0.157923 0.373062 0.116396 0.127130 -0.143865 0.449422 -0.698291 0.509597 -0.618292 -0.587532 -0.622216 -0.097769 -0.355097
VERTEX_POSE A2776 0.994184 0.492539 -0.629647 -0.687141 0.045535 0.413724 0.197165 -0.463042 0.220823 -0.475578 -0.713509 -0.491786 -0.182655 -0.023036 0.647782 0.310988 0.287862 -0.344375 0.777737 -0.439433
VERTEX_POSE A2777 -0.107907 0.855694 -0.694635 -0.576139 0.784925 -0.965702 -0.194578 -0.089722 -0.168212 0.751139 -0.255742 0.000627 -0.529338 -0.140234 -0.159628 0.162345 0.936830 -0.116801 0.302283 -0.170970
VERTEX_POSE A2778 -0.361967 0.461021 -0.501999 -0.849674 -0.037805 0.551031 0.608596 -0.156795 0.755684 -0.628164 -0.139663 0.301875 0.368241 0.192733 0.157422 0.274506 0.286430 -0.096934 0.155134 -0.914725
VERTEX_POSE A2779 -0.717142 0.276253 -0.088503 0.138170 0.791916 0.421170 -0.377307 0.223152 -0.091943 -0.235700 -0.548739 0.296049 -0.613293 0.416990 -0.524207 -0.651766 -0.290498 -0.672104 0.034007 0.625155
VERTEX_POSE A2780 -0.319387 0.209947 0.032961 0.942185 -0.247914 -0.516693 0.658794 0.023839 0.438060 0.377384 0.716769 -0.060317 -0.438553 -0.087930 -0.497119 0.183040 -0.120418 0.538857 0.444679 -0.680766
VERTEX_POSE A2781 0.956231 0.732822 -0.305241 0.798073 0.518699 0.407603 -0.538214 -0.635541 -0.592785 -0.370415 0.253735 0.185750 -0.578183 0.244654 0.669123 0.170753 0.534068 -0.015410 0.457893 -0.431998
VERTEX_POSE A2782 -0.395393 0.626519 0.524111 -0.382233 -0.158877 0.143317 -0.174258 0.347531 -0.825225 -0.472892 -0.273153 0.484523 -0.380471 -0.726913 -0.252322 0.723511 -0.314898 -0.005868 -0.278892 0.420769
VERTEX_POSE A2783 0.751388 0.186485 -0.417078 0.664555 0.892284 0.202478 -0.299900 -0.365530 0.385886 0.162569 -0.706965 0.212562 0.912884 0.099717 -0.722585 0.182477 -0.044542 -0.492730 0.130293 -0.595535
VERTEX_POSE A2784 0.364657 0.485106 0.337162 -0.299323 0.134527 -0.645251 -0.579008 -0.204307 0.078334 -0.347842 -0.276915 -0.622339 0.149300 0.641559 -0.248885 0.683650 -0.234948 -0.358142 0.232567 -0.644032
VERTEX_POSE A2785 0.879056 -0.123834 -0.874760 -0.752064 0.160774 0.355865 0.450437 -0.545856 0.444288 0.622079 0.527122 0.304595 -0.447101 0.544360 -0.649942 0.458460 0.352732 -0.400955 0.006286 -0.058618
VERTEX_POSE A2786 -0.523033 -0.227706 -0.746545 0.132100 0.105020 -0.915071 0.145060 -0.095853 0.119342 0.107687 0.860280 0.294553 -0.252921 -0.422022 -0.046569 0.382448 0.091638 0.243869 0.870129 -0.253436
VERTEX_POSE A2787 0.318139 -0.079246 0.693414 0.066838 -0.690849 0.356387 0.259766 0.577628 0.115538 0.492175 0.374436 -0.722439 0.428777 -0.209756 -0.404483 -0.663035 0.539182 0.417271 -0.258496 -0.437525
VERTEX_POSE A2788 -0.684055 -0.653545 -0.708843 0.115211 -0.635246 -0.122175 0.626157 0.754268 0.120683 0.714746 -0.470252 0.047246 0.222235 -0.298316 -0.817799 0.138002 -0.307732 -0.547248 -0.169211 0.162019
VERTEX_POSE A2789 -0.566098 -0.234431 0.303636 -0.642636 -0.845824 0.327112 0.238892 -0.846567 -0.070404 -0.628498 -0.069881 -0.675918 0.188531 0.068097 0.341013 0.615658 0.420783 -0.561147 0.365161 -0.311038
VERTEX_POSE A2790 -0.010836 0.266560 -0.793770 -0.185454 0.102134 -0.206322 0.224945 -0.525900 -0.054246 -0.390772 0.619025 -0.572418 0.700841 0.417212 0.597935 0.488279 -0.073835 -0.518942 -0.259042 -0.400898
VERTEX_POSE A2791 0.485461 0.216501 0.990294 -0.355395 0.994029 0.667529 -0.072605 -0.698516 -0.540583 -0.639087 -0.480720 0.291575 -0.010007 0.193161 -0.055624 0.402606 -0.385473 -0.417211 0.651233 -0.308355
VERTEX_POSE A2792 0.095253 0.569685 0.402300 0.004837 -0.582858 0.325286 -0.398760 -0.211636 0.832603 -0.129522 -0.270073 -0.418354 -0.708738 -0.475900 -0.138393 0.536270 -0.789897 0.082394 0.185253 -0.178473
VERTEX_POSE A2793 0.094864 0.376995 0.764672 -0.375847 -0.540316 0.526631 0.777867 0.207472 -0.478244 0.556880 -0.571050 -0.030836 0.184017 0.496645 -0.589319 0.225355 0.257712 -0.381699 0.012689 0.563725
VERTEX_POSE A2794 0.772412 -0.350714 -0.534551 -0.018137 0.058335 0.447380 0.433173 0.409592 -0.555057 -0.051898 -0.457344 -0.693427 0.281206 0.649107 -0.042248 -0.636744 0.344364 -0.095587 0.570217 -0.288348
VERTEX_POSE A2795 -0.083654 -0.966030 0.984879 -0.618383 -0.047604 0.536021 0.162367 0.027350 0.392134 -0.501028 -0.752669 -0.497896 0.002928 -0.417240 -0.552154 -0.312983 -0.060092 0.078345 -0.790342 0.505015
VERTEX_POSE A2796 0.576696 0.912209 -0.104230 -0.479021 -0.229395 0.349951 -0.598385 -0.280455 -0.445608 0.254749 0.247715 0.487675 0.755380 -0.296365 0.433322 -0.012890 0.877082 -0.503361 0.079208 0.053638
VERTEX_POSE A2797 -0.368031 -0.716104 -0.293282 0.552495 -0.345547 -0.064964 0.288902 -0.658867 0.793679 -0.456823 0.122553 -0.495852 -0.728297 -0.092950 -0.086778 0.389245 0.621976 -0.335340 -0.161000 0.394183
VERTEX_POSE A2798 -0.021492 -0.050688 0.321805 0.447255 -0.836621 -0.300919 0.446129 0.390704 0.716987 0.454352 0.190985 0.411534 0.215708 -0.633286 -0.275047 0.706238 0.024726 -0.387770 0.221881 -0.639697
VERTEX_POSE A2799 -0.301373 0.384187 0.263360 0.196836 -0.352887 -0.258424 -0.202158 -0.302920 0.402395 -0.421463 0.717367 0.539520 0.469622 0.104061 0.514421 0.338583 -0.386116 -0.464311 0.668070 0.483435
VERTEX_POSE A2800 -0.296202 -0.296550 0.514627 0.490013 -0.759717 0.055226 0.292137 -0.505921 -0.657969 0.197174 -0.505773 -0.205384 0.606918 0.043323 0.719855 0.381480 -0.361020 -0.060439 0.601583 0.596679
VERTEX_POSE A2801 -0.111771 0.757490 -0.980409 0.086211 0.421187 0.077442 -0.231424 -0.074322 -0.437613 0.396989 -0.265885 -0.247980 0.492340 0.796007 -0.713111 -0.662154 0.212852 0.482158 -0.328628 0.494821
VERTEX_POSE A2802 -0.321826 0.685689 -0.708267 0.621740 0.597903 0.388026 -0.608646 0.150182 -0.222259 0.643940 0.361132 0.331506 0.238254 -0.700819 -0.236192 -0.261618 0.403856 0.796463 0.299471 0.439071
VERTEX_POSE A2803 -0.547630 0.887247 -0.872441 0.167921 0.946888 -0.491632 0.350333 0.299227 0.507739 0.809759 0.243261 0.638761 -0.311649 0.157786 -0.282716 0.001121 0.557588 -0.112049 0.352746 -0.717974
VERTEX_POSE A2804 0.375794 -0.313242 -0.276641 0.895758 -0.645477 0.563526 0.047272 -0.405660 0.467400 0.746443 0.141541 0.440587 -0.089980 0.028318 -0.477402 0.641567 0.071838 -0.204807 0.144513 -0.899691
VERTEX_POSE A2805 0.307762 0.751395 0.951185 0.580201 -0.500858 0.619273 -0.442001 -0.433852 -0.633908 -0.095134 -0.367519 0.355899 -0.118064 0.396253 0.174590 0.668879 0.298248 0.239824 0.578141 -0.656303
VERTEX_POSE A2806 -0.171042 -0.092126 0.930487 0.687709 -0.062955 0.253971 -0.681650 -0.489876 -0.363238 -0.269679 0.612089 0.647429 -0.311551 0.603810 0.616121 0.489264 -0.056823 -0.069188 0.355223 0.132486
VERTEX_POSE A2807 0.369978 -0.820703 0.093712 -0.791382 0.400058 0.467336 -0.545540 0.602826 0.414680 0.001800 -0.631036 -0.338523 0.445399 0.240176 0.423266 0.014307 -0.279996 -0.562037 -0.709787 -0.319862
VERTEX_POSE A2808 -0.800145 0.607089 -0.743450 -0.995939 -0.715933 0.539623 0.623291 0.458234 0.019120 -0.438933 0.659620 0.460073 -0.412878 -0.421053 0.293058 0.335405 -0.412715 0.641008 -0.368621 0.085459
VERTEX_POSE A2809 0.466991 -0.631105 -0.571512 0.838035 0.899240 0.127317 -0.487353 0.366255 -0.499579 0.580090 -0.103482 0.391148 -0.260994 -0.623481 -0.139143 -0.051886 -0.679554 0.749569 0.595964 0.068025
VERTEX_POSE A2810 0.652836 0.455550 -0.994791 0.346788 0.191974 -0.777029 -0.121000 0.480328 0.575916 -0.183228 0.340153 -0.182008 0.624746 -0.367412 0.077285 0.083050 0.596509 -0.159518 -0.744702 -0.403442
VERTEX_POSE A2811 -0.119532 -0.182964 0.289511 0.946247 0.036153 -0.147197 -0.494043 -0.627595 0.954175 -0.071595 -0.269160 0.075429 -0.605797 0.440664 0.244793 0.048446 0.564264 0.047646 0.617624 -0.145255
VERTEX_POSE A2812 0.423222 -0.898283 0.123247 0.636108 0.417939 0.102494 0.461992 -0.534716 -0.800775 0.375141 -0.272429 0.344004 0.505241 0.312490 0.447388 0.371040 -0.357087 -0.172508 0.502885 0.643973
VERTEX_POSE A2813 -0.742557 0.082069 0.529320 0.964555 -0.966903 -0.346344 -0.595482 0.354773 0.628803 0.075043 -0.414681 0.223652 0.534307 0.719174 0.328750 -0.442619 -0.062087 0.571451 -0.397963 0.425569
VERTEX_POSE A2814 -0.368144 -0.996479 0.872433 0.610802 -0.071563 0.317904 -0.663554 -0.451028 -0.636600 0.026798 -0.539436 -0.200415 0.524377 -0.345794 -0.391544 -0.448975 -0.154319 0.547909 0.287101 -0.601826
VERTEX_POSE A2815 -0.212121 0.586823 -0.539591 -0.663216 -0.447534 -0.185231 0.519262 -0.180948 -0.835341 -0.292388 0.454310 0.312463 0.296536 0.781888 -0.241579 0.718861 0.097307 0.334516 -0.200453 0.374223
VERTEX_POSE A2816 -0.863501 0.958234 0.654559 -0.787509 0.193871 -0.498583 -0.135942 -0.495060 -0.265119 0.356494 0.782908 0.245360 -0.434802 0.150113 0.530020 0.704350 -0.310505 -0.583099 0.411425 -0.151737
VERTEX_POSE A2817 0.108823 -0.224186 -0.874112 -0.257098 -0.966543 -0.484941 -0.477115 0.607153 -0.844316 0.317131 -0.404671 0.037429 -0.066277 -0.423244 -0.132876 0.541986 0.500897 0.181400 0.611268 0.193835
VERTEX_POSE A2818 -0.893982 -0.492423 -0.846177 0.403622 -0.138382 0.694327 -0.556677 0.093682 -0.507320 -0.646621 -0.382383 -0.195648 -0.513695 0.426606 0.377168 -0.078920 0.136489 0.282847 -0.043365 -0.802736
VERTEX_POSE A2819 -0.547556 -0.695311 0.945717 0.327702 0.558625 0.268176 0.668551 0.409018 0.511743 -0.483259 -0.306991 0.437604 0.489195 -0.464858 -0.669232 0.250548 -0.502066 -0.163806 -0.131963 0.519901
VERTEX_POSE A2820 0.542725 0.541383 0.429525 0.100266 -0.812367 0.128056 -0.459666 -0.435986 -0.513557 -0.461570 0.194243 -0.605451 0.621342 -0.424916 -0.508761 -0.140183 0.534173 0.307329 0.412240 0.553436
VERTEX_POSE A2821 0.095182 0.774137 -0.639947 -0.781832 0.963752 -0.398627 -0.345748 -0.113253 0.358652 0.559871 0.546356 -0.364649 0.466134 -0.436691 0.621637 -0.497395 -0.157858 -0.439390 -0.319877 0.687787
VERTEX_POSE A2822 0.937905 0.521190 0.936011 0.972307 0.552654 -0.200946 0.580093 -0.531846 -0.178954 -0.455587 0.403308 -0.738351 -0.296742 -0.330487 0.560201 -0.493460 -0.616690 0.261932 0.352667 0.254860
VERTEX_POSE A2823 -0.362022 0.111068 -0.168176 -0.894897 -0.395224 -0.203241 -0.171300 -0.325538 0.580181 0.652440 -0.434949 0.264965 -0.663424 -0.514519 -0.715684 0.321707 -0.283748 0.199181 -0.036766 0.599668
VERTEX_POSE A2824 -0.809954 0.151132 -0.875275 -0.157679 -0.576564 -0.806068 -0.238399 -0.305317 -0.373121 -0.485259 0.584042 0.211264 -0.199268 0.614039 -0.403692 0.816995 0.411388 -0.058612 0.022402 -0.139254
VERTEX_POSE A2825 0.710317 -0.829524 -0.598540 -0.045831 -0.389010 -0.325538 -0.204715 -0.558317 0.183553 -0.481704 -0.409371 -0.762302 -0.421129 0.069649 0.488988 -0.705045 0.175805 -0.200302 -0.227191 0.696375
VERTEX_POSE A2826 0.554324 0.145038 -0.183297 -0.513279 0.557172 -0.168045 -0.077744 0.256345 -0.393449 -0.184179 -0.863777 0.710932 0.509348 -0.396631 -0.528145 0.836377 0.081260 -0.180548 0.032750 -0.155748
VERTEX_POSE A2827 0.766742 0.063341 0.020494 0.363300 0.194040 0.473141 0.283650 0.512027 -0.637962 -0.519074 0.243664 0.115132 -0.238595 0.736006 0.176257 0.005951 -0.307085 0.569929 -0.770157 -0.206033
VERTEX_POSE A2828 -0.657714 -0.545628 0.108178 -0.493336 0.265443 0.459151 0.166736 0.670201 -0.760914 -0.102814 0.211369 0.333588 0.351811 -0.505690 0.255268 -0.528082 0.345761 -0.183704 0.747654 0.361775
VERTEX_POSE A2829 -0.467168 -0.905650 -0.861492 0.933975 0.720551 -0.415982 -0.351963 0.490861 0.278284 -0.510675 0.512525 0.088171 0.107025 0.505885 -0.825747 -0.205468 -0.158097 0.244714 -0.749441 -0.464176
VERTEX_POSE A2830 -0.534631 -0.552472 -0.716145 -0.439864 0.841154 0.355246 0.352681 0.425223 0.531652 -0.555749 0.382212 0.419074 -0.011762 0.229648 -0.638658 -0.173950 0.741671 -0.087403 -0.732367 -0.265114
VERTEX_POSE A2831 0.046084 0.157822 -0.377194 0.996677 0.505726 -0.462988 0.524717 -0.195954 -0.257923 -0.539319 0.479136 -0.612327 0.342769 0.217325 -0.361795 -0.466927 -0.786623 -0.461819 -0.313521 0.256954
VERTEX_POSE A2832 0.421061 0.851840 -0.841901 0.020186 0.141738 -0.544264 -0.628974 -0.204409 0.193157 0.395824 -0.710130 -0.401726 0.186228 0.391977 -0.111895 -0.341352 -0.518027 -0.701828 0.544531 -0.178700
VERTEX_POSE A2833 0.143543 -0.866783 -0.424412 -0.818123 0.439056 0.177364 0.157372 -0.003037 -0.745138 0.003848 0.607303 0.062193 -0.172240 0.422508 0.246771 -0.905575 0.175740 0.590380 0.354241 0.649444
VERTEX_POSE A2834 0.498454 0.045069 -0.249635 0.164598 0.452614 0.505853 0.116190 0.196139 -0.033666 0.402389 -0.842221 0.213708 -0.586804 -0.500261 0.777812 0.339151 -0.009830 0.303837 -0.604335 -0.042840
VERTEX_POSE A2835 -0.203145 -0.461402 -0.118542 -0.084056 0.496262 -0.470884 0.270830 0.473665 -0.709319 -0.031829 -0.677776 -0.073432 -0.912433 0.203819 0.171451 0.303765 0.069598 -0.490253 0.028823 0.519495
VERTEX_POSE A2836 -0.548695 0.884612 -0.473228 0.762077 0.938198 -0.351676 -0.299628 -0.601625 -0.146300 -0.030703 -0.677154 0.691457 -0.715591 -0.084390 -0.469414 -0.438947 0.276376 0.395547 0.452256 -0.309845
VERTEX_POSE A2837 -0.672588 0.952943 -0.319148 -0.147694 -0.610341 0.599207 0.662340 -0.150565 0.446117 0.055462 0.485462 -0.431796 0.122688 0.381689 -0.099743 0.039968 -0.768140 -0.495514 0.735921 0.077009
VERTEX_POSE A2838 -0.833167 -0.282105 0.975169 0.124562 -0.103680 0.364983 -0.087063 0.552847 -0.129836 0.131194 0.794047 -0.660442 -0.694162 0.157446 0.626968 -0.686947 -0.036091 -0.143729 -0.146458 -0.194312
VERTEX_POSE A2839 -0.348840 0.491701 -0.216678 0.766139 -0.777735 -0.183265 0.311498 0.796764 -0.491903 -0.357909 -0.318527 -0.503633 0.372040 -0.350028 0.431749 -0.552459 0.029659 -0.533284 -0.575539 0.374578
VERTEX_POSE A2840 0.794403 -0.678162 0.109340 -0.309659 -0.711101 -0.014257 0.016172 0.441936 0.565366 -0.749369 -0.252547 0.733654 0.403502 0.041281 -0.314409 -0.062859 -0.703779 -0.207501 -0.520978 0.493866
VERTEX_POSE A2841 0.819669 -0.826555 0.980378 -0.528650 -0.911706 -0.025302 0.368957 0.293882 0.553641 0.322766 -0.138325 0.416066 0.573640 -0.308882 -0.688206 0.639211 -0.030084 0.214716 0.148457 0.893413
VERTEX_POSE A2842 0.531628 -0.691263 -0.927167 0.712386 0.258419 0.221489 0.571361 0.537438 0.202461 0.448418 -0.507969 -0.620047 0.553642 -0.354381 -0.675645 -0.295447 0.132755 -0.262673 0.280463 0.556703
VERTEX_POSE A2843 0.217625 -0.576445 -0.767413 -0.673551 0.706839 0.516279 0.306731 -0.002369 0.293519 -0.806833 0.403291 -0.647254 -0.316658 -0.008553 -0.257716 0.387686 0.878065 0.402427 -0.066058 0.257449
VERTEX_POSE A2844 -0.922888 0.255513 0.509698 -0.564095 -0.878609 -0.263969 -0.104501 0.842658 0.447500 0.083410 -0.298208 0.516798 -0.556776 0.223627 0.613449 0.620419 0.388517 0.294388 -0.535913 0.006720
VERTEX_POSE A2845 -0.836516 -0.687743 0.945266 0.323188 -0.813144 -0.754165 0.632561 0.119767 0.279600 0.314961 0.159226 -0.402984 -0.599250 0.655489 -0.290469 -0.101012 -0.350096 -0.326022 -0.362439 -0.638804
VERTEX_POSE A2846 -0.994497 -0.989622 -0.307004 -0.336767 -0.740695 0.554620 0.260047 0.400953 0.572991 -0.384623 -0.536832 0.146105 -0.765416 0.588241 0.472764 0.077078 -0.268053 -0.345292 -0.438904 -0.364922
VERTEX_POSE A2847 -0.786389 0.213748 0.164257 -0.351604 0.315262 0.026234 0.602069 0.090172 -0.268534 0.714228 -0.425856 0.894977 0.075095 -0.368497 -0.354239 -0.292585 -0.555240 -0.027070 -0.190119 -0.605338
VERTEX_POSE A2848 0.272307 0.088072 -0.928846 -0.933910 -0.779687 0.120435 0.562507 -0.817685 0.329792 -0.608585 -0.374884 0.472510 -0.179500 -0.031660 -0.309891 -0.524921 -0.410055 -0.746615 -0.073810 -0.147330
VERTEX_POSE A2849 -0.888479 -0.482044 -0.153181 -0.933145 0.120923 -0.350777 -0.329595 0.569164 0.645713 -0.624718 -0.178212 -0.458495 -0.157864 -0.796252 0.497891 0.476296 -0.101339 -0.043557 0.499315 -0.002344
VERTEX_POSE A2850 -0.333945 0.518437 0.109974 0.976097 -0.126113 -0.757506 -0.151964 -0.437394 0.357751 -0.796718 -0.381794 0.084802 -0.053537 0.545931 -0.043701 -0.509063 0.441347 -0.537678 -0.283083 0.412422
VERTEX_POSE A2851 -0.184968 -0.370545 0.500679 0.166356 -0.592054 0.388137 -0.061331 -0.637904 -0.010457 0.227743 0.684111 -0.724769 -0.591141 -0.109164 0.178419 -0.514908 0.223909 0.540479 -0.574277 0.251035
VERTEX_POSE A2852 0.206703 -0.707907 0.206872 -0.714977 0.084674 -0.166608 0.745639 -0.510961 0.546952 0.189248 0.554338 0.135026 -0.410897 -0.324165 -0.554513 -0.414199 0.014178 0.589381 -0.260403 -0.571266
VERTEX_POSE A2853 -0.396040 0.039627 0.045985 0.948404 -0.573459 0.087085 0.663683 0.134264 0.666568 0.293302 -0.640996 0.661970 -0.056335 0.683818 0.148223 -0.482659 -0.319813 0.296530 -0.487201 0.034773
VERTEX_POSE A2854 0.453011 0.740523 -0.667497 0.271459 0.012722 0.632025 -0.147611 0.708765 -0.219974 -0.503711 -0.133997 -0.433743 -0.307798 0.180368 0.417398 0.370612 -0.527697 -0.435663 0.701707 0.410732
VERTEX_POSE A2855 0.396750 0.443224 0.331597 0.127344 0.508110 0.494770 -0.620856 -0.231504 0.526378 0.421524 -0.682226 -0.520988 -0.337972 -0.582029 -0.202506 -0.387152 -0.203972 0.407051 -0.415625 0.317194
VERTEX_POSE A2856 -0.685722 0.210104 0.447445 -0.097426 0.037531 0.029223 -0.794126 -0.505568 -0.202323 0.384168 -0.022072 0.543584 0.299021 -0.503922 0.066621 -0.360862 0.633229 0.811350 -0.046304 0.298325
VERTEX_POSE A2857 0.007335 -0.114439 0.149206 0.758180 -0.430107 -0.408123 0.156802 -0.595941 -0.302889 -0.597279 -0.431046 -0.177554 0.553618 -0.411389 0.680801 0.311191 -0.373418 -0.496667 0.464046 0.387778
VERTEX_POSE A2858 0.163492 -0.493434 -0.647909 -0.509355 -0.297849 -0.660066 0.722234 0.197071 0.228032 0.367052 -0.739592 0.246391 0.026457 0.504228 -0.565740 -0.424665 -0.382736 -0.362689 -0.403249 0.115903
VERTEX_POSE A2859 -0.343436 0.664476 -0.444377 0.409238 -0.697026 -0.539962 -0.587949 0.524527 -0.577374 -0.125700 -0.421444 -0.439027 0.287125 -0.507010 -0.424223 0.661743 0.462385 0.048686 0.343758 0.276400
VERTEX_POSE A2860 0.540167 -0.020089 0.287714 0.692155 -0.709556 -0.174818 -0.737958 0.180850 -0.197743 0.458206 -0.473223 -0.869410 0.247888 0.332117 -0.174682 -0.118404 0.301220 0.379406 0.412306 0.736422
VERTEX_POSE A2861 0.628861 -0.045906 -0.364054 0.050781 -0.456696 0.179243 0.662322 0.479421 0.180321 0.516506 -0.301999 0.919027 -0.269006 0.225469 -0.101369 -0.469397 0.282843 0.283673 -0.043049 -0.740349
VERTEX_POSE A2862 0.702648 -0.177702 0.178429 0.405915 0.808700 0.505074 -0.153285 -0.057451 0.251743 0.693201 0.658266 -0.414604 -0.445898 0.487196 0.280731 -0.500753 0.554173 -0.656368 0.215401 0.137540
VERTEX_POSE A2863 -0.038772 -0.168249 0.445813 -0.287659 0.432183 0.457278 0.686946 0.236028 0.407821 0.306296 -0.153176 -0.199492 0.072532 -0.725034 -0.581910 0.647963 -0.185432 -0.496147 0.095765 0.600640
VERTEX_POSE A2864 -0.227596 0.087311 0.211533 0.232658 0.982361 -0.171038 0.243500 -0.303476 0.719705 -0.616028 -0.208745 -0.668505 -0.716342 -0.089809 0.002325 0.206478 -0.763292 0.076591 0.073738 0.523113
VERTEX_POSE A2865 0.201103 0.867367 0.928794 -0.429487 0.261314 -0.311634 -0.340102 -0.262910 -0.008163 0.678731 -0.085939 0.738459 -0.245041 0.498291 0.142082 0.602936 0.139019 -0.580783 0.008885 0.809860
VERTEX_POSE A2866 0.758082 0.370349 -0.672730 0.628285 -0.071556 0.420658 0.453452 0.144311 0.122355 -0.029378 -0.938211 0.434381 0.641315 -0.103786 0.586494 -0.321629 0.273187 0.524799 -0.528003 -0.116331
VERTEX_POSE A2867 0.223709 -0.028077 0.738305 -0.005265 0.920559 -0.210108 -0.627652 -0.455293 -0.549631 0.634862 -0.529677 -0.433787 -0.416781 -0.190831 0.636059 0.108450 -0.624689 0.247019 -0.132418 -0.292400
VERTEX_POSE A2868 0.528515 0.820310 -0.390354 0.422819 0.650973 0.023775 -0.588205 0.611075 -0.634673 0.254305 0.552129 0.230327 0.767255 0.297016 -0.694375 0.010341 -0.448989 0.247827 0.023590 -0.178691
VERTEX_POSE A2869 0.924915 -0.911756 -0.697560 -0.247153 0.824765 -0.482957 -0.019440 0.522419 -0.509833 0.320525 -0.004811 -0.356635 0.565470 0.132051 -0.019762 0.475063 -0.706007 -0.615828 -0.592828 -0.459535
VERTEX_POSE A2870 0.874869 -0.536376 -0.478373 -0.239126 -0.857176 -0.287436 0.585866 -0.742121 0.042686 -0.340830 -0.398441 -0.123383 -0.374806 -0.334568 0.782958 -0.229056 -0.398902 0.536015 0.589618 0.139435
VERTEX_POSE A2871 0.322917 -0.857852 0.718985 -0.886840 0.939873 0.088420 -0.119025 -0.889044 0.545537 0.507640 -0.292881 0.702376 -0.658075 0.182944 0.037544 -0.285686 -0.153083 0.447023 0.462012 0.258687
VERTEX_POSE A2872 0.744584 -0.738311 -0.717182 0.224197 0.913059 -0.701785 0.207336 -0.064651 0.669745 -0.014282 -0.313515 0.135446 -0.152681 0.617365 -0.199372 -0.923085 -0.311893 -0.029042 0.285326 -0.647389
VERTEX_POSE A2873 0.406497 -0.227640 -0.405539 -0.526741 0.401243 0.383405 -0.389467 -0.032256 0.510735 -0.137793 0.764770 -0.590555 0.292496 0.458664 -0.418169 -0.497417 0.394271 -0.261781 -0.704522 -0.219691
VERTEX_POSE A2874 -0.459458 -0.434297 0.951572 -0.560391 0.646711 0.501086 0.432501 -0.445730 -0.598742 -0.071692 -0.592625 -0.086560 0.741553 0.409231 -0.179796 0.472280 -0.441445 -0.592116 0.186691 0.296273
VERTEX_POSE A2875 0.821696 0.517202 0.792515 0.660102 -0.965550 -0.417519 -0.575368 -0.269285 -0.482802 0.606945 -0.630278 0.600344 0.109288 -0.382480 0.143310 -0.520201 -0.576497 0.460032 0.134223 -0.227146
VERTEX_POSE A2876 0.569980 0.084618 -0.460273 0.796447 0.588099 0.527609 -0.790660 -0.150861 0.482015 0.120478 -0.089039 0.180679 -0.023342 0.967189 -0.615707 -0.599470 0.139245 0.278480 -0.020806 0.120286
VERTEX_POSE A2877 -0.453955 -0.423918 -0.355432 0.102842 0.906016 -0.126275 -0.239301 -0.121373 0.742237 0.382668 -0.533202 -0.462896 0.428327 -0.267093 0.069688 0.697338 0.648365 0.462612 -0.355747 0.457438
VERTEX_POSE A2878 -0.964693 -0.269050 -0.043228 -0.691502 0.349711 -0.205153 0.500531 0.301040 0.857902 0.382436 0.217454 0.166725 0.194060 -0.925520 0.130067 -0.624178 0.050201 -0.420954 0.419469 -0.054598
VERTEX_POSE A2879 -0.157713 -0.827311 -0.389119 0.862537 0.808412 -0.332700 -0.617355 -0.342597 0.577794 -0.420287 0.092584 -0.432760 0.217642 -0.593123 0.606397 0.237783 -0.692059 0.021591 -0.581655 -0.208124
VERTEX_POSE A2880 -0.342433 0.094037 0.491387 0.169697 0.026939 -0.407553 -0.434875 -0.530007 0.314825 -0.107142 0.614720 0.760460 -0.461541 -0.269433 0.330216 0.130607 -0.414412 0.217817 0.754537 -0.311255
VERTEX_POSE A2881 -0.298638 -0.750613 -0.933254 -0.715405 -0.776402 -0.243482 0.321214 0.645966 0.726233 -0.547407 0.221643 -0.404537 -0.531377 -0.341262 -0.499543 -0.526115 0.295664 -0.010380 0.194961 -0.574218
VERTEX_POSE A2882 0.657320 -0.197856 -0.888440 0.028893 -0.783642 0.130849 0.702743 -0.241335 -0.668569 -0.429743 -0.307151 0.545614 -0.290904 0.092645 0.303038 -0.422220 0.335608 0.382580 -0.242031 -0.852173
VERTEX_POSE A2883 0.864270 0.386130 -0.301741 0.454720 -0.888387 -0.640262 0.754804 -0.096087 -0.550257 -0.543161 -0.615410 0.308426 0.091771 -0.407005 -0.099622 -0.086410 0.368461 0.426884 0.345483 -0.557334
VERTEX_POSE A2884 0.305323 0.289015 0.112730 -0.767000 -0.349861 0.269053 0.156151 -0.390070 0.724163 -0.520867 0.254960 0.081913 0.418310 0.848018 0.534827 0.695450 -0.247202 -0.332338 0.213730 0.050962
VERTEX_POSE A2885 0.110330 -0.457333 -0.555937 -0.699647 0.229079 0.406502 0.695999 -0.294757 -0.533411 0.476848 -0.330680 -0.157253 0.471061 0.329040 -0.547167 0.116425 0.552050 -0.475508 -0.229669 -0.625094
VERTEX_POSE A2886 0.261020 -0.170646 -0.970145 -0.417936 0.619723 -0.658440 0.321468 -0.399092 -0.364093 0.195252 0.605150 -0.353640 -0.432991 -0.528843 -0.494462 0.150867 0.296175 -0.253652 -0.805167 0.327298
VERTEX_POSE A2887 0.619600 -0.500882 -0.439825 0.135573 0.687670 -0.690424 -0.478985 0.504569 0.162006 0.126296 0.139027 -0.100990 -0.586268 -0.770921 0.231039 -0.435348 0.187327 0.658400 -0.470516 0.310918
VERTEX_POSE A2888 -0.882335 0.428228 0.593268 -0.941467 0.798973 0.571696 0.249240 0.162502 0.710614 0.110010 -0.524568 0.070588 0.249493 0.303799 0.092536 0.563907 0.578516 0.393250 -0.738607 0.521006
VERTEX_POSE A2889 -0.575489 0.335920 -0.618054 0.072709 -0.678126 0.017601 -0.674093 0.678620 0.348691 -0.015655 -0.097982 0.426918 0.384399 0.043516 -0.716158 -0.159416 -0.376336 -0.427743 0.610063 0.621572
VERTEX_POSE A2890 -0.723836 -0.836406 0.115798 -0.455189 0.990644 0.540938 -0.470463 -0.625862 0.087357 -0.725253 0.402500 0.745981 0.205308 0.423496 -0.284604 -0.423157 0.364806 0.249535 0.177367 0.365866
VERTEX_POSE A2891 0.657833 -0.591861 -0.119018 0.750688 -0.910583 0.518656 0.563851 0.213630 -0.334093 0.421972 -0.432074 0.498666 0.314165 0.150027 -0.121628 -0.277378 0.766628 0.596587 -0.573039 -0.396797
VERTEX_POSE A2892 -0.946627 -0.709986 0.017892 -0.876510 -0.134822 0.511464 0.273319 0.075864 0.589004 0.554515 -0.144344 -0.251605 0.093117 -0.748325 -0.325608 0.526577 -0.347132 -0.471331 0.576068 0.541220
VERTEX_POSE A2893 0.978812 -0.014108 -0.705773 0.950726 0.799344 0.184859 0.515863 -0.773710 0.029017 0.789126 0.487450 0.466384 0.198717 0.026878 0.342916 0.004409 0.402850 -0.793650 0.267688 0.027463
VERTEX_POSE A2894 -0.380940 0.239890 -0.673205 -0.536971 0.521599 0.783433 -0.002241 0.491997 -0.354284 0.658290 0.431301 0.261802 0.594858 0.053887 0.143568 -0.341799 0.290145 -0.414201 -0.309785 0.696297
VERTEX_POSE A2895 -0.174223 0.377325 -0.770575 0.356147 -0.152461 -0.637774 -0.457513 -0.108451 0.387667 -0.783266 0.451284 -0.065429 -0.282291 -0.695930 0.650648 0.048537 -0.367881 0.123830 -0.308435 -0.406111
VERTEX_POSE A2896 0.179915 -0.146740 -0.776979 -0.478762 0.060658 0.196969 0.291747 -0.426033 -0.378439 -0.528074 -0.502485 -0.453967 0.766444 0.016455 0.223100 -0.146681 0.674668 0.749751 0.164529 -0.332502
VERTEX_POSE A2897 -0.622858 -0.389761 -0.345935 -0.908686 -0.549956 -0.648691 -0.685307 -0.284678 -0.613559 0.511934 0.419115 0.204645 -0.378178 0.524300 0.014329 -0.332784 0.675345 0.400825 -0.120475 -0.110993
VERTEX_POSE A2898 -0.950514 -0.650752 0.967730 -0.649117 -0.231902 0.407921 0.490545 -0.511507 0.226595 -0.076834 -0.424444 0.536348 0.494450 0.289463 -0.407780 0.631236 0.410423 0.572976 -0.332449 0.553147
VERTEX_POSE A2899 -0.291570 -0.326430 -0.167333 0.944057 -0.288369 0.022501 -0.454087 -0.729245 -0.754910 -0.522486 0.287650 -0.121103 -0.159373 -0.485873 -0.629196 0.680642 -0.323935 -0.138024 -0.179277 0.210839
VERTEX_POSE A2900 -0.697942 -0.301517 -0.043495 -0.155840 -0.725192 -0.627010 -0.568558 0.244568 -0.294675 0.221162 0.662811 0.659211 -0.188590 0.380896 -0.012241 -0.491328 -0.507908 -0.292090 0.592333 -0.312753
VERTEX_POSE A2901 0.924355 -0.187128 -0.510643 0.111756 -0.089078 -0.297824 -0.522591 -0.357522 -0.168303 0.427014 0.273838 0.497200 -0.404909 0.716320 -0.371217 0.461541 0.336718 0.705666 0.409373 -0.413155
VERTEX_POSE A2902 -0.968653 -0.184282 -0.448348 -0.942783 -0.348497 -0.502505 -0.438697 -0.352483 0.414327 0.367183 -0.744242 -0.379152 0.173264 -0.500763 -0.646262 0.578048 0.133587 -0.120045 -0.555483 -0.230761
VERTEX_POSE A2903 -0.953358 -0.039828 0.239322 -0.931642 -0.812133 0.006396 -0.314445 -0.625650 -0.575691 0.445353 -0.342485 -0.552963 -0.777721 0.212072 0.151948 0.053199 0.603050 0.582823 -0.308392 -0.287443
VERTEX_POSE A2904 0.330851 0.585232 0.083818 0.585016 -0.687835 0.484075 -0.703013 0.487060 0.596517 -0.120415 -0.777215 0.416168 0.256072 0.269184 -0.378925 -0.599925 -0.293280 -0.305055 -0.256494 -0.015380
VERTEX_POSE A2905 -0.428111 0.381422 -0.496776 -0.503174 -0.701786 0.174874 -0.135857 -0.669231 -0.051673 -0.483609 -0.270210 -0.374411 -0.107505 -0.589209 0.689861 -0.592654 0.123006 -0.592164 -0.620379 0.341789
VERTEX_POSE A2906 0.868338 -0.522626 0.031838 0.728460 -0.777683 -0.434063 -0.595499 0.384102 -0.616693 -0.191545 0.072753 -0.006299 0.287677 0.682308 -0.582213 0.299045 -0.533396 0.303757 -0.660686 -0.311635
VERTEX_POSE A2907 -0.099168 -0.330150 0.623545 0.381463 0.900264 -0.095927 -0.745525 0.588298 -0.223471 -0.046804 -0.413703 -0.328829 -0.202883 -0.460777 0.694674 -0.520758 -0.466216 0.591741 0.360071 0.230396
VERTEX_POSE A2908 0.117934 0.957503 0.147792 0.599668 -0.795769 0.512329 0.499507 0.283722 0.606555 -0.573922 0.254783 -0.426778 -0.534814 0.427018 0.409460 -0.359124 -0.508458 -0.140759 -0.078172 -0.643206
VERTEX_POSE A2909 0.903645 0.208324 0.988610 -0.963042 0.572028 -0.631047 -0.267221 -0.587345 -0.525507 -0.538991 0.568504 0.038807 -0.127364 -0.125550 0.166278 -0.300728 -0.560147 -0.544488 0.728988 -0.047977
VERTEX_POSE A2910 0.743119 -0.157461 -0.765574 0.244000 0.708675 -0.369822 0.242581 -0.664007 0.660448 0.427164 0.071497 0.295544 -0.274641 0.317729 0.387402 0.474017 -0.356303 0.435447 -0.677175 -0.571033
VERTEX_POSE A2911 0.775500 0.051540 -0.360821 -0.230635 0.231170 0.411340 -0.670383 0.014293 0.337925 -0.490947 -0.122705 -0.084799 -0.013968 0.816022 -0.508975 -0.165111 -0.514028 -0.671088 -0.531132 0.233715
VERTEX_POSE A2912 -0.394993 0.457711 -0.944644 -0.678447 0.795626 -0.327889 -0.489989 -0.179753 -0.660583 0.406200 0.597533 -0.430581 -0.612452 -0.045257 0.242449 -0.458610 0.715871 -0.460367 0.097430 -0.310038
VERTEX_POSE A2913 0.400439 0.644683 -0.654014 -0.727107 0.925033 -0.221509 0.477441 -0.010201 0.553173 0.637215 0.392638 0.446749 -0.004705 -0.821449 -0.570476 0.563081 -0.370275 -0.346274 -0.221190 0.183980
VERTEX_POSE A2914 0.639770 -0.562330 0.337438 -0.775916 0.342783 -0.416449 0.245497 0.446531 -0.715800 0.438606 -0.475612 -0.086186 -0.417458 -0.547072 -0.552802 -0.704950 0.339907 -0.034381 0.275917 0.399474
VERTEX_POSE A2915 0.910330 -0.253274 0.168086 -0.445447 -0.554235 -0.424653 -0.189778 -0.668313 -0.055532 -0.527240 -0.429789 0.654056 -0.249658 -0.056737 -0.352040 0.599603 -0.102406 -0.514650 -0.513954 0.595763
VERTEX_POSE A2916 -0.489231 -0.812649 -0.209951 -0.426754 0.154112 -0.490089 0.088650 -0.497686 0.508596 -0.745905 -0.109704 -0.335800 -0.528712 -0.329358 0.590125 0.384436 -0.657708 0.200334 0.091864 0.446337
VERTEX_POSE A2917 -0.099210 0.267025 0.367293 -0.193852 -0.037494 0.262758 0.626113 -0.294689 -0.339918 0.185407 0.716269 -0.519405 -0.547944 -0.311407 -0.595002 0.428405 -0.473808 -0.437727 0.299722 0.280444
VERTEX_POSE A2918 0.529930 0.245844 0.728261 0.690126 -0.866564 -0.088139 0.506520 -0.494304 -0.278781 -0.374321 -0.783398 -0.584873 -0.153181 0.001198 -0.611528 0.592557 0.190378 0.445499 0.478260 -0.325123
VERTEX_POSE A2919 -0.371565 0.615579 -0.616683 -0.368222 -0.046915 -0.522050 -0.626043 -0.259617 0.596621 0.182172 -0.131993 -0.414911 0.324967 0.395498 0.275312 -0.514120 0.807342 0.351510 -0.452726 -0.327042
VERTEX_POSE A2920 0.325301 -0.397055 0.749239 0.878857 0.284380 -0.116979 -0.443878 -0.641091 0.743993 0.050307 0.276188 0.383942 -0.009212 -0.612535 -0.284860 -0.658862 0.350623 -0.451921 0.605192 -0.120773
VERTEX_POSE A2921 0.806094 0.409438 -0.155940 -0.765063 -0.875920 -0.091093 0.493776 -0.430516 0.285954 -0.313558 -0.794277 -0.622128 -0.424884 -0.330605 0.604642 -0.515915 0.128529 0.396607 0.459535 -0.240750
VERTEX_POSE A2922 -0.713733 -0.976282 0.264299 -0.617534 0.042502 0.243549 -0.617915 -0.367277 0.251716 0.007938 0.382705 -0.550031 -0.466596 -0.366017 0.598429 0.265910 -0.654910 0.465480 -0.574193 0.394675
VERTEX_POSE A2923 0.378674 -0.107041 -0.232870 -0.997653 -0.850442 0.740351 0.160556 -0.600986 0.180888 -0.631358 0.325817 -0.141417 0.452620 0.018468 0.332757 0.560867 0.657521 -0.537061 0.237006 -0.316204
VERTEX_POSE A2924 0.784907 -0.604669 0.138287 -0.814337 0.923424 0.083119 -0.480695 0.327126 -0.310232 -0.473602 -0.473426 0.670503 -0.503828 0.255824 -0.659264 -0.409918 0.411874 0.112447 -0.350370 -0.658613
VERTEX_POSE A2925 -0.094673 0.263608 0.591094 -0.154505 -0.435898 -0.545384 -0.360137 -0.503727 0.365917 -0.346550 -0.181611 0.533689 0.530232 -0.518299 0.474639 -0.509521 0.411491 0.241983 -0.457654 -0.524707
VERTEX_POSE A2926 -0.795549 -0.729716 -0.003445 0.358494 -0.002903 -0.457307 -0.314769 0.085622 0.432321 -0.555889 -0.111707 -0.018262 -0.485727 -0.718695 0.614890 -0.269011 0.487812 -0.474916 -0.532552 0.475087
VERTEX_POSE A2927 -0.035178 0.248591 0.361308 -0.293099 -0.015918 -0.121180 -0.532866 -0.118059 -0.139550 -0.419327 0.790233 0.435937 -0.652515 -0.118011 -0.717672 0.015599 0.191404 -0.510634 -0.337934 -0.557702
VERTEX_POSE A2928 0.282470 0.873847 -0.754841 -0.063192 0.014145 -0.232298 0.216789 -0.164473 -0.346576 -0.461601 -0.787006 -0.601054 -0.129621 0.489463 -0.660579 0.465149 -0.059249 0.168202 0.711872 -0.332395
VERTEX_POSE A2929 -0.746064 -0.380468 -0.035715 0.709377 0.765194 -0.399564 0.509048 -0.341034 -0.344012 -0.073199 0.800747 0.510674 -0.447610 0.095292 0.334872 0.660705 0.469735 0.590827 0.314048 -0.112997
VERTEX_POSE A2930 0.673251 0.922161 -0.806025 -0.349041 0.695713 0.446696 -0.533126 0.231700 -0.594639 -0.571371 -0.354650 0.327915 0.374916 -0.749630 0.273765 0.098180 0.381351 0.514190 -0.488989 -0.336401
VERTEX_POSE A2931 0.584527 -0.427670 0.201663 0.780969 0.288954 0.589487 -0.232599 0.151053 -0.191220 0.735869 0.590581 0.485155 0.483098 -0.464450 -0.366932 -0.369466 0.161228 -0.495909 0.185759 -0.621843
VERTEX_POSE A2932 -0.821709 0.432403 0.453643 -0.178867 -0.323884 -0.622519 -0.665443 0.319785 -0.352567 -0.175879 -0.853088 -0.511038 0.507783 -0.141851 0.456763 -0.506665 -0.314282 0.135551 0.108167 -0.226018
VERTEX_POSE A2933 0.704598 -0.262121 -0.254373 -0.291824 -0.652784 -0.368393 0.750557 -0.057616 -0.361295 -0.545662 -0.432186 -0.212926 -0.156677 -0.426217 0.822206 0.099694 -0.417340 -0.111324 0.323156 -0.673842
VERTEX_POSE A2934 0.631169 0.532501 -0.559015 0.849326 0.476821 -0.233076 -0.046381 -0.645683 0.712573 -0.100393 0.311118 0.431695 -0.641490 -0.294964 0.472284 0.752004 -0.324653 0.168827 -0.103686 -0.542121
VERTEX_POSE A2935 0.509142 0.017635 -0.462539 -0.593851 -0.011719 -0.178012 0.206814 -0.312103 -0.549253 0.447258 0.450523 -0.073740 -0.511013 -0.456404 0.540352 -0.275755 0.632514 0.607631 0.648084 -0.302062
VERTEX_POSE A2936 -0.723513 -0.880699 0.248851 0.205002 -0.354570 0.297356 0.714079 0.135800 0.101103 0.434877 0.449039 0.600490 0.191718 -0.471144 0.233652 -0.250948 0.746243 0.697264 -0.448601 0.032665
VERTEX_POSE A2937 0.499506 -0.990125 0.472823 0.577786 0.699137 0.450270 -0.504980 0.302152 0.663924 0.532183 0.416616 0.535164 -0.420678 -0.400333 0.164082 -0.065911 -0.554117 -0.207699 -0.529586 0.517516
VERTEX_POSE A2938 -0.590026 0.687485 -0.838994 0.787612 -0.111455 -0.453504 0.082699 -0.753021 0.574392 -0.635976 -0.110968 -0.373911 -0.542471 0.130818 -0.427568 0.010081 0.626693 0.376542 0.542512 0.103864
VERTEX_POSE A2939 0.394420 -0.923196 -0.603357 -0.195330 -0.150339 0.029189 0.510911 -0.552347 -0.549067 0.092930 0.264187 0.323902 0.658009 0.672848 0.248367 -0.542199 0.362980 0.728749 -0.058120 -0.201592
VERTEX_POSE A2940 0.403151 0.218199 0.461433 0.614744 0.271165 -0.318314 -0.117195 -0.642359 -0.394061 0.072812 -0.572388 -0.742004 -0.369284 0.476922 -0.438387 0.680314 0.175839 0.025277 0.617872 0.037046
VERTEX_POSE A2941 -0.846907 -0.469976 -0.604568 0.031611 -0.402780 0.670257 -0.080319 -0.203809 0.381647 -0.683492 0.283341 -0.408711 0.050761 -0.116450 0.417285 0.705199 0.447911 0.252844 0.162806 -0.814859
VERTEX_POSE A2942 0.169921 0.128344 0.035823 0.574035 -0.919169 -0.349539 0.539771 -0.048598 -0.591797 -0.217382 -0.382013 0.423486 0.387628 -0.808077 -0.090667 0.711706 0.382187 0.583128 -0.067913 0.229453
VERTEX_POSE A2943 -0.991841 -0.324089 0.516789 0.936297 0.066791 -0.542187 -0.287563 0.039391 -0.239183 0.217473 -0.450157 0.303521 0.433944 0.686406 0.474066 0.388467 -0.568084 -0.576160 0.728560 0.043984
VERTEX_POSE A2944 0.553531 -0.825293 -0.258582 0.304504 -0.477747 0.329576 0.824714 0.353606 -0.043718 -0.455245 0.497279 -0.477479 0.116361 0.492021 -0.707169 0.312458 -0.444490 -0.401739 0.037804 0.433614
VERTEX_POSE A2945 -0.190309 0.566015 -0.626740 0.798119 0.423613 0.421349 -0.757321 -0.162306 0.807154 0.251035 0.494325 -0.343419 -0.530184 0.697532 -0.227673 0.276466 0.346843 -0.034568 0.076929 0.349927
VERTEX_POSE A2946 0.918489 0.422637 -0.315125 -0.509150 0.512556 -0.362801 0.157209 -0.366466 0.035173 0.762791 0.046604 -0.001241 0.608826 -0.173738 -0.522031 -0.140514 -0.665219 -0.771116 0.054973 0.625164
VERTEX_POSE A2947 -0.935700 -0.637942 0.531466 0.877750 0.676366 0.544301 -0.206044 -0.221819 -0.346500 0.776688 -0.370444 0.474303 0.142332 -0.114051 0.564327 0.411847 -0.225461 0.200615 0.405493 0.865868
VERTEX_POSE A2948 0.710481 -0.166961 0.740553 -0.395733 -0.613880 0.479106 0.419496 0.454298 -0.078833 0.396258 -0.025400 -0.512877 0.606906 -0.449642 -0.121805 0.466652 0.534587 -0.697397 -0.284435 0.552275
VERTEX_POSE A2949 0.448419 -0.331519 -0.586864 -0.819024 0.645992 0.450648 -0.284356 0.148263 -0.116997 0.697225 0.682816 0.490474 0.530077 -0.486978 -0.629514 0.257700 -0.498476 0.382590 0.292622 -0.161725
VERTEX_POSE A2950 -0.307265 0.977637 0.914783 -0.490472 -0.370549 0.559010 0.053012 -0.438505 -0.425281 0.607481 0.381406 0.070648 -0.571762 0.618824 0.502949 -0.009075 0.452886 -0.498693 -0.548782 -0.272384
VERTEX_POSE A2951 0.035782 0.435984 0.489792 -0.516876 0.670500 0.531084 -0.775936 0.297201 -0.246154 0.085168 0.408755 -0.566721 -0.594363 -0.337194 -0.579739 -0.164308 0.439049 -0.009392 -0.102007 -0.661912
VERTEX_POSE A2952 0.254513 -0.922081 0.257196 -0.584087 0.770073 -0.664964 -0.061674 0.571713 -0.612255 0.485876 -0.622088 0.032672 0.653061 0.515988 0.398434 0.576504 0.009664 0.152152 0.035709 -0.140758
VERTEX_POSE A2953 -0.020998 -0.998645 0.179082 -0.108006 0.671953 0.425137 0.128171 0.673483 0.217269 0.733391 0.209783 -0.845921 0.094198 0.524816 -0.032799 0.418367 -0.132585 -0.235362 0.511670 -0.457604
VERTEX_POSE A2954 -0.585544 -0.671057 -0.743078 -0.514529 0.820058 -0.636329 -0.594071 -0.185639 0.208494 -0.379692 -0.636464 0.649618 -0.606668 0.176584 0.356695 0.227589 -0.184487 0.048790 0.288219 -0.703729
VERTEX_POSE A2955 0.039419 -0.526750 -0.604517 -0.398424 0.693497 0.362062 0.631232 0.600028 0.246135 -0.526924 0.196556 0.493552 -0.295585 0.401113 -0.677318 -0.265341 0.662012 0.325541 -0.407580 -0.046703
VERTEX_POSE A2956 0.884329 0.264964 -0.229824 0.737489 -0.763945 -0.278156 -0.520327 -0.100825 -0.348637 0.496776 0.068192 0.597260 0.444976 0.340766 0.658187 -0.414412 -0.168602 -0.105605 -0.335756 0.916862
VERTEX_POSE A2957 -0.381093 -0.400773 0.253477 0.843965 -0.182845 0.507253 0.703438 0.193184 0.589396 0.002361 0.235428 -0.308386 0.606846 -0.569160 0.400976 -0.093178 -0.639858 -0.373395 0.358086 0.417004
VERTEX_POSE A2958 -0.995759 0.721841 0.756791 0.308477 -0.322421 0.591898 -0.254837 0.020566 -0.197163 0.472987 -0.345746 0.176855 -0.686569 -0.379280 -0.284987 -0.089751 -0.788931 -0.705895 -0.481570 0.337301
VERTEX_POSE A2959 0.166799 0.138811 0.015335 -0.325703 0.250200 -0.092324 -0.404812 -0.641568 0.626817 -0.106989 -0.056560 -0.347956 0.368826 0.444566 -0.664060 0.000871 -0.346071 0.191122 0.829848 -0.517483
VERTEX_POSE A2960 -0.127157 0.218758 -0.782237 0.553342 -0.417651 -0.390583 0.556158 0.155725 0.755600 0.379753 -0.425793 -0.034477 -0.144211 -0.543826 -0.435665 -0.278042 -0.650420 -0.292441 0.669606 -0.275059
VERTEX_POSE A2961 0.677492 0.644001 0.950766 0.959436 -0.626709 0.260306 0.478924 0.566078 0.162700 -0.819671 0.165118 -0.305073 0.206822 0.217626 -0.886021 -0.037151 -0.024246 -0.166336 -0.233699 0.777395
VERTEX_POSE A2962 -0.248674 0.711141 -0.783002 -0.544734 -0.460846 0.194194 0.607323 -0.341821 0.141520 -0.132415 -0.903640 0.498233 -0.392048 0.103766 -0.821393 -0.225328 -0.195921 0.139061 -0.639649 -0.132064
VERTEX_POSE A2963 0.051134 -0.348838 0.671406 -0.625525 0.258466 -0.191357 0.493414 -0.634488 0.263815 0.503207 0.411063 0.215182 -0.604918 0.120954 0.408739 0.364173 0.396407 0.824872 -0.069125 -0.506639
VERTEX_POSE A2964 0.382090 -0.618120 -0.303607 -0.332388 -0.279493 -0.574659 -0.075695 -0.591390 -0.125142 -0.177051 -0.288582 0.045928 -0.785694 -0.262553 -0.805195 -0.007433 0.490089 -0.060485 0.587838 -0.507797
VERTEX_POSE A2965 -0.617505 0.243642 -0.342017 -0.695408 -0.984026 0.788480 0.264903 0.450170 -0.011765 -0.893492 0.342949 -0.593847 0.328207 0.650818 0.018022 -0.000452 0.476720 -0.158686 0.154200 -0.170020
VERTEX_POSE A2966 -0.439724 0.668797 -0.791133 -0.219376 -0.753253 0.150393 0.605077 0.330570 -0.116463 -0.200106 0.101445 -0.785885 0.333013 0.416724 0.122921 -0.581573 0.769347 0.575408 0.380414 0.338937
VERTEX_POSE A2967 0.658577 -0.498819 0.945244 0.872615 0.365937 -0.510159 0.024092 0.251844 -0.532689 -0.399895 0.456182 0.402643 0.449759 0.430275 0.069466 -0.462804 -0.587868 0.537618 -0.650410 0.444689
VERTEX_POSE A2968 0.882001 0.253518 -0.869194 0.882378 0.715111 0.427825 -0.338529 -0.596138 0.378626 0.530186 0.463694 -0.619784 -0.438776 0.234732 0.291700 -0.161382 -0.148797 0.452092 -0.621073 0.593606
VERTEX_POSE A2969 -0.029750 0.356282 -0.630128 -0.431764 0.135292 -0.213853 -0.778034 -0.087097 -0.684483 0.274326 -0.481250 -0.455092 -0.411437 0.441610 0.308510 0.000342 0.404121 -0.428326 0.387463 0.634413
VERTEX_POSE A2970 0.052997 -0.422015 -0.658112 -0.322715 -0.784402 -0.406047 -0.668720 -0.605737 -0.763947 0.043503 0.534160 -0.110550 0.526544 -0.360450 -0.489010 0.358490 -0.239744 0.012555 -0.380995 0.400444
VERTEX_POSE A2971 0.285153 -0.528283 0.592239 0.497122 -0.013724 0.677435 0.264893 0.410386 0.213932 -0.510357 -0.670959 0.146766 -0.402782 0.316483 0.007193 -0.712080 0.457824 0.688276 -0.008760 -0.267643
VERTEX_POSE A2972 0.123342 0.886306 -0.234696 0.599847 0.732512 0.597873 -0.043467 0.531860 0.576019 0.060036 0.003863 -0.372964 -0.664317 0.566139 0.171240 -0.631536 -0.629750 0.377258 -0.392877 -0.003240
VERTEX_POSE A2973 -0.777082 0.706329 0.377710 -0.748680 -0.703571 -0.579600 0.793606 -0.076030 -0.337648 -0.419576 -0.592443 0.280576 0.254094 -0.616803 0.516309 0.278093 0.253098 -0.452504 -0.228574 0.445788
VERTEX_POSE A2974 0.293311 0.147628 0.109028 0.433419 -0.946933 -0.094286 0.671212 -0.716973 -0.641339 0.008287 0.124399 -0.619538 -0.463772 -0.409698 0.365652 -0.577405 -0.489354 -0.249531 0.030434 0.251307
VERTEX_POSE A2975 -0.323127 -0.938986 0.506722 -0.095649 -0.745235 -0.051131 0.636939 0.267918 -0.476711 -0.413441 0.185173 0.541077 -0.026793 -0.665852 0.508183 0.255452 0.528958 -0.468100 0.597830 -0.413250
VERTEX_POSE A2976 0.032609 0.272344 0.750970 -0.950562 0.720042 -0.394772 0.231023 0.069243 0.661026 -0.113539 -0.591454 0.457068 0.343430 0.678002 -0.309793 0.634132 -0.424789 0.319871 0.643172 -0.072491
VERTEX_POSE A2977 0.211800 -0.429736 0.793903 0.924269 0.565624 -0.741312 -0.013932 -0.571021 0.311331 0.318116 -0.359100 0.360476 -0.792990 -0.486060 -0.228105 0.136343 -0.277049 0.414192 0.501184 -0.481634
VERTEX_POSE A2978 -0.258826 -0.576928 0.038188 -0.217899 0.931131 0.856313 0.084032 0.092034 -0.118297 0.407910 0.877160 -0.243976 -0.435822 0.352273 -0.092413 -0.662251 0.128192 -0.429732 0.445007 -0.285640
VERTEX_POSE A2979 -0.256910 -0.894617 0.491523 -0.346294 -0.893838 -0.491280 0.445107 0.260252 -0.715214 -0.479275 -0.051664 -0.423451 0.026370 -0.546790 0.259472 -0.484157 -0.489354 0.021840 0.580578 -0.625422
VERTEX_POSE A2980 -0.339782 0.238745 -0.792961 -0.894755 0.211616 -0.561236 -0.571022 0.519114 -0.589060 0.112954 -0.598515 0.272148 -0.795514 -0.374165 0.198286 -0.168098 -0.408104 -0.473962 0.008676 -0.256421
VERTEX_POSE A2981 0.433909 -0.599291 -0.047029 0.291629 -0.439418 -0.186631 -0.135207 0.489796 -0.459810 0.831183 -0.209442 0.521613 0.031789 -0.186605 0.517346 0.217557 -0.443743 -0.462619 -0.492455 -0.696063
VERTEX_POSE A2982 0.778872 0.541367 -0.018685 0.136830 0.776662 -0.767396 -0.533918 -0.086015 -0.636853 0.652168 0.060433 0.064563 0.328228 -0.415370 -0.011920 0.092481 -0.848366 0.034782 -0.416319 -0.310953
VERTEX_POSE A2983 0.914731 0.316665 0.464235 -0.478842 -0.018311 0.658419 0.050729 -0.323392 0.033446 -0.752905 0.422629 -0.152012 -0.636677 -0.618791 0.184663 -0.103316 0.577834 0.712852 -0.120534 -0.002771
VERTEX_POSE A2984 -0.587089 -0.597936 -0.867947 -0.816377 -0.767465 -0.703490 0.174786 -0.526190 0.059392 -0.936462 -0.306110 0.490748 0.081320 0.096739 -0.393028 -0.279326 0.544777 0.325990 0.088617 -0.568577
VERTEX_POSE A2985 -0.806672 0.870310 0.238237 0.622301 0.596720 -0.325799 -0.520669 -0.541994 -0.601070 -0.046320 0.577921 0.724879 -0.304686 0.297558 -0.038579 0.537127 0.222682 0.075047 0.587724 -0.483862
VERTEX_POSE A2986 -0.045850 0.789915 0.859718 0.122734 -0.324814 0.419694 0.082052 0.320211 0.608524 -0.111240 -0.146513 -0.472385 0.653726 -0.124177 -0.472354 -0.663233 0.373446 0.085383 0.337131 0.849186
VERTEX_POSE A2987 -0.702760 0.667028 -0.097771 0.921111 -0.531410 0.349072 0.522114 -0.347494 -0.443743 0.730388 -0.000242 0.702091 0.322611 0.044231 -0.025689 -0.215641 -0.924010 0.433185 -0.208208 0.153287
VERTEX_POSE A2988 -0.187765 -0.530463 -0.508286 0.466266 -0.586126 -0.131108 0.264050 0.717775 -0.424753 -0.235596 0.168924 -0.171852 0.321386 -0.668791 -0.012941 -0.877998 -0.075859 -0.879031 0.024553 -0.056815
VERTEX_POSE A2989 -0.041609 0.511756 0.616508 -0.568789 0.352765 -0.883889 -0.298623 0.138060 -0.050646 -0.026398 0.750782 -0.293036 0.549180 0.183295 0.108610 0.603979 0.351374 -0.344251 0.493699 -0.510103
VERTEX_POSE A2990 0.464038 -0.194161 0.917564 -0.404592 0.718790 0.166812 0.525296 -0.287671 0.770186 0.352266 0.262146 -0.610297 0.600417 0.347924 -0.080776 -0.098819 -0.717487 0.001013 -0.479279 0.461180
VERTEX_POSE A2991 0.685078 0.688295 -0.290524 0.019608 -0.003776 0.165001 -0.591886 0.135713 0.645288 0.667692 0.123011 -0.249401 0.201811 -0.619343 0.357690 -0.234872 0.392027 0.605173 -0.328581 -0.655118
VERTEX_POSE A2992 -0.364117 0.155757 0.567274 -0.609353 0.726057 -0.108096 0.151010 0.584635 0.560401 0.466989 0.164003 0.708021 -0.575011 0.301973 0.394365 0.201534 -0.694989 0.132090 0.622787 0.238971
VERTEX_POSE A2993 -0.784636 -0.483021 -0.865438 0.050674 -0.742056 0.456900 -0.004417 -0.205001 0.287112 0.248217 -0.035542 -0.468062 0.269527 -0.838621 0.620960 0.499572 -0.232929 -0.322702 0.784953 0.446285
VERTEX_POSE A2994 -0.263788 -0.660543 -0.619118 0.394083 -0.745311 -0.481594 0.345678 -0.759250 0.471787 -0.569274 -0.404176 -0.481787 -0.243258 0.444021 0.551613 0.630728 0.109657 -0.095334 0.315344 0.225837
VERTEX_POSE A2995 -0.982027 0.537637 -0.736333 0.058260 -0.553436 -0.015322 0.659547 0.021569 -0.323269 0.084952 0.846532 0.488198 -0.222540 0.529971 0.794003 0.038234 0.010172 -0.162739 -0.711895 -0.044122
VERTEX_POSE A2996 -0.402141 0.760621 -0.207455 0.355266 -0.726082 0.061700 0.521113 -0.645238 -0.909985 -0.126617 -0.299447 0.291977 -0.681654 -0.304020 -0.071222 0.405454 0.500994 0.278920 0.288728 -0.388042
VERTEX_POSE A2997 0.296488 -0.991746 -0.410251 -0.825293 -0.498564 -0.458048 -0.400063 0.034955 0.002140 -0.407230 -0.879503 -0.444424 -0.570239 0.389562 -0.769822 0.567586 -0.247136 0.006940 0.163668 0.111434
VERTEX_POSE A2998 0.676550 -0.961182 -0.791089 -0.069126 0.812501 0.273947 0.384351 -0.553157 0.211206 0.805044 0.286306 0.785981 -0.417995 -0.102623 -0.493116 -0.137095 -0.132301 -0.139342 0.103264 -0.764206
VERTEX_POSE A2999 -0.520139 0.014139 -0.076648 0.237644 0.989030 -0.242297 0.497012 0.279179 -0.236512 -0.326797 -0.350594 0.782613 -0.360770 0.349810 0.512260 0.541016 -0.661814 0.102280 0.472577 0.488649
