VERTEX_POSE A0 0.790794 -0.855155 0.475379 -0.722653 0.024351 -0.135182 0.700752 0.325344 0.490765 0.240332 0.603344 -0.627329 -0.332391 0.665042 0.580787 -0.460763 0.292493 0.100100 0.358332 -0.047900
VERTEX_POSE A1 -0.145772 0.310962 0.422611 0.415717 0.534650 -0.680567 0.289563 -0.547096 -0.622670 0.223248 0.628064 -0.285985 -0.804396 -0.255073 -0.236199 -0.277390 0.006241 0.107388 0.377247 -0.491041
VERTEX_POSE A2 -0.558633 -0.023805 -0.585521 -0.801945 -0.939852 -0.546885 -0.439999 -0.079346 0.118152 0.310543 0.496846 0.234486 0.611416 -0.542441 -0.599655 0.243687 -0.465004 -0.521907 0.526071 0.486186
VERTEX_POSE A3 -0.291336 -0.344545 0.256247 0.245393 0.286069 -0.022579 0.125102 -0.814257 -0.633299 0.155589 0.049260 -0.543739 0.218852 -0.343552 -0.438062 0.205898 0.458325 -0.332976 -0.932658 -0.080437
VERTEX_POSE A4 0.316661 -0.285699 -0.553572 -0.539311 -0.543615 -0.392266 -0.701945 -0.151654 0.316712 -0.339944 -0.545528 0.497785 -0.589333 0.540013 -0.374013 0.001120 0.610699 -0.598452 -0.210703 -0.121791
VERTEX_POSE A5 0.942879 0.667398 -0.430137 -0.053040 -0.918307 0.431950 0.606293 0.652340 0.591980 0.297337 -0.714681 -0.147691 0.244412 -0.045463 0.565828 -0.335215 0.097517 -0.347858 0.609831 -0.228271
VERTEX_POSE A6 -0.713501 -0.853162 0.922523 0.239670 0.734295 0.088067 -0.603234 -0.503690 -0.604305 -0.024359 -0.462011 0.366277 0.570731 -0.090957 0.495363 -0.526311 0.268686 -0.497509 -0.181050 0.672589
VERTEX_POSE A7 -0.406662 0.262838 0.129791 -0.861439 0.914359 -0.812645 0.176540 -0.527798 0.197326 0.178601 -0.491208 0.079674 0.966208 0.226593 -0.400422 -0.047782 0.551649 0.366039 0.033075 -0.352821
VERTEX_POSE A8 0.128244 -0.069561 0.218156 -0.777619 0.483456 -0.298398 0.342177 -0.022043 0.329110 0.730699 -0.462608 -0.597933 0.504323 0.490315 0.636748 0.289144 0.527662 0.199183 -0.105109 0.516403
VERTEX_POSE A9 0.336226 -0.254677 0.367829 0.165081 0.404848 0.409116 -0.567958 0.604370 -0.128849 0.671515 0.728628 -0.262296 -0.257495 0.219457 -0.843922 -0.343411 0.153305 0.187133 -0.205563 0.179371
VERTEX_POSE A10 0.301623 0.086347 0.980431 -0.712595 0.397638 -0.091994 0.416453 0.297990 0.350271 0.108326 -0.116404 -0.854806 0.014951 0.303921 0.306787 -0.479970 0.820495 -0.209847 -0.764355 -0.363417
VERTEX_POSE A11 0.107702 0.708435 0.819094 -0.734055 -0.077435 0.475717 0.351399 -0.090841 0.245357 -0.325520 0.700210 0.314788 0.724890 0.382566 -0.293647 0.418051 -0.348428 0.726755 -0.265186 -0.483421
VERTEX_POSE A12 0.485309 0.376660 -0.037159 0.083138 0.450672 -0.450024 0.576566 0.241352 -0.408434 -0.427706 0.578030 -0.099842 0.319005 0.544366 0.699380 0.408015 0.341927 -0.362711 0.465186 -0.440888
VERTEX_POSE A13 0.029781 -0.369562 -0.560907 -0.937481 -0.602981 0.037394 -0.316459 -0.885434 -0.177330 -0.319528 0.043373 0.391999 0.279956 -0.383910 -0.664056 0.688294 -0.255964 -0.610346 -0.495613 -0.034930
VERTEX_POSE A14 0.845784 -0.333959 0.993602 -0.548409 0.510934 0.155209 0.157174 -0.624866 0.416656 -0.590780 0.297727 -0.884721 -0.228600 -0.057572 0.048417 -0.650441 -0.619586 -0.131276 -0.388515 0.365650
VERTEX_POSE A15 0.088679 0.973954 -0.042959 -0.678061 0.073116 0.522781 0.042167 0.729135 0.507114 -0.712651 -0.355956 0.431922 0.406895 -0.554664 0.165193 0.551577 -0.138202 0.505658 0.143352 0.122086
VERTEX_POSE A16 0.489818 -0.501327 -0.663270 0.927127 -0.322702 0.459391 0.271271 -0.314612 0.540370 -0.431564 0.312086 -0.365116 -0.234254 -0.745693 -0.451328 0.519825 0.419274 -0.399941 -0.644261 0.267905
VERTEX_POSE A17 -0.732431 -0.690143 -0.279116 -0.068882 0.590463 -0.673179 0.719165 0.131719 0.307599 0.429120 -0.340397 0.304630 0.099355 0.772058 -0.424480 -0.396681 -0.314714 0.423356 0.362533 -0.414320
VERTEX_POSE A18 -0.523552 -0.937207 -0.283569 0.609369 0.542715 -0.538351 -0.180297 0.346744 -0.509058 -0.194793 -0.457058 0.314541 -0.862379 0.330770 0.347678 0.408074 0.423437 -0.480856 0.139019 0.618190
VERTEX_POSE A19 0.480451 -0.809015 -0.250086 -0.435791 0.781014 -0.006911 0.542752 0.453759 -0.325535 0.436402 0.491247 -0.761940 0.047568 -0.416812 -0.055523 0.602537 -0.520237 0.557085 0.386859 -0.329243
VERTEX_POSE A20 -0.726819 -0.181529 0.742553 -0.486971 -0.025695 -0.000188 -0.846808 0.247785 -0.723642 -0.307616 0.103954 0.272915 -0.018980 0.451578 -0.497793 0.105569 -0.465285 0.392507 -0.420457 -0.712308
VERTEX_POSE A21 0.659414 0.454218 0.911878 0.292435 -0.159143 -0.570948 -0.532111 -0.220841 0.125763 0.559442 -0.672673 -0.051756 0.012218 0.435480 -0.485233 0.626245 0.458692 0.648130 -0.107475 0.314165
VERTEX_POSE A22 0.794580 0.008262 -0.313912 0.336116 -0.651395 0.256615 -0.295310 -0.626894 -0.090733 -0.344121 -0.591657 -0.155002 0.634041 -0.188098 -0.113153 0.585813 -0.469968 -0.942914 -0.221783 -0.026358
VERTEX_POSE A23 0.516849 0.907821 0.686907 0.186980 0.434246 -0.462101 0.391218 0.000033 -0.220522 0.295229 0.168517 -0.297979 0.428452 -0.735640 -0.350820 -0.742952 -0.456086 -0.725235 -0.155693 0.471616
VERTEX_POSE A24 0.537100 0.875044 -0.757380 -0.670882 -0.658737 -0.430162 -0.092254 -0.553656 0.755235 -0.180067 0.183395 0.235982 0.474985 -0.115379 0.338451 0.508527 -0.620569 -0.272662 0.689097 0.511286
VERTEX_POSE A25 0.712906 0.301342 0.841952 -0.021393 -0.485198 -0.416581 -0.475547 -0.063454 -0.156133 -0.595272 0.507626 -0.724307 -0.060332 -0.269020 0.141905 -0.276754 -0.814368 -0.507272 0.582472 0.052173
VERTEX_POSE A26 -0.887325 0.449366 0.950062 0.226420 -0.711482 -0.209794 -0.434761 -0.288430 0.420164 -0.561180 0.602628 -0.444974 0.282844 0.743662 0.664649 0.045054 0.024710 0.373750 0.643451 0.002069
VERTEX_POSE A27 -0.441971 0.504953 -0.555624 -0.837003 0.334752 -0.164565 -0.426202 -0.657389 0.703262 -0.608544 0.227920 -0.358054 0.016217 0.608080 0.350036 0.150036 0.249626 0.477089 0.652114 -0.289513
VERTEX_POSE A28 0.335139 0.936229 -0.737903 0.337009 -0.360983 -0.220063 -0.231563 -0.512714 -0.093065 -0.718658 0.647045 -0.325031 0.618228 0.547045 0.555347 -0.102745 0.100426 -0.727224 -0.192735 -0.095462
VERTEX_POSE A29 -0.847860 -0.388025 0.090572 -0.964280 -0.917285 -0.399251 0.202275 -0.797403 -0.230445 -0.233331 0.313512 -0.365834 0.502476 -0.004839 -0.472262 -0.772671 -0.157357 0.656222 -0.234817 -0.490993
VERTEX_POSE A30 -0.189370 -0.761401 -0.762623 0.750395 0.038012 0.733327 -0.473639 -0.212313 -0.100147 0.169172 -0.591977 -0.214724 0.244755 0.423487 -0.006704 -0.516064 0.578871 0.637221 0.648706 0.300090
VERTEX_POSE A31 0.125933 -0.918927 0.737476 0.614357 0.663368 0.281036 0.007744 -0.178479 0.418435 -0.571548 0.352064 -0.595591 -0.749211 -0.136109 -0.303451 0.167682 0.892725 -0.546919 0.289551 -0.169450
VERTEX_POSE A32 0.006369 0.922937 -0.486816 0.451437 0.617366 -0.184576 -0.627116 0.755312 0.644103 -0.136011 0.072500 0.546730 -0.199100 -0.081512 -0.125908 0.659619 0.498289 0.486103 0.336882 0.411474
VERTEX_POSE A33 0.251997 0.214794 -0.348144 0.948449 0.098160 -0.823530 -0.440018 -0.019465 -0.422715 0.297324 -0.452287 -0.350383 0.530679 0.757326 -0.008671 -0.533929 0.210098 -0.142364 0.388950 -0.421157
VERTEX_POSE A34 0.834597 -0.263472 -0.006278 -0.140250 -0.050563 0.511740 0.046090 0.760752 0.403532 0.402065 0.023745 0.076894 -0.670213 0.309393 0.067953 0.577668 0.054895 -0.751501 0.230940 0.567411
VERTEX_POSE A35 -0.676970 -0.362762 -0.040388 0.912126 -0.926249 0.381641 0.841047 -0.055907 0.149564 -0.405650 0.349185 0.370403 -0.293497 -0.523079 0.539825 -0.046020 0.698336 -0.635115 0.199574 0.337133
VERTEX_POSE A36 0.194875 -0.117808 0.221719 -0.104591 0.179853 -0.641810 -0.439165 -0.334657 -0.177906 -0.675096 0.520901 -0.361233 0.460364 0.664370 0.575811 -0.273788 -0.018439 0.307216 -0.253940 0.418258
VERTEX_POSE A37 -0.878904 -0.116633 -0.083755 -0.900580 -0.316269 -0.215590 0.338663 -0.006133 -0.529542 0.460603 0.312254 -0.809207 -0.262723 -0.227586 0.069717 0.316051 0.703202 -0.115884 -0.710099 0.596801
VERTEX_POSE A38 -0.083632 0.900076 -0.910597 -0.949313 0.988110 -0.094428 -0.316501 0.439692 0.466550 -0.290811 0.436468 -0.617737 -0.530520 -0.382524 -0.573802 0.580288 0.481812 -0.250131 -0.443926 0.487544
VERTEX_POSE A39 -0.676881 0.812631 -0.560126 0.117790 -0.336691 0.337061 -0.445142 0.231957 0.438617 -0.143483 -0.437921 -0.573879 -0.193902 -0.715804 0.178293 -0.758330 -0.127554 0.576958 0.410608 -0.475159
VERTEX_POSE A40 0.457323 0.628690 -0.715926 0.264501 -0.911421 0.265378 -0.403140 -0.420605 0.035488 -0.524740 0.365675 0.121184 0.615187 0.493452 0.857037 0.236174 -0.258673 -0.423223 0.357621 -0.615602
VERTEX_POSE A41 -0.782009 -0.013577 -0.930167 -0.661908 0.385749 -0.624230 0.229176 -0.052717 0.239562 0.552768 0.603055 -0.301775 -0.611293 0.729387 0.649397 -0.111612 0.152201 -0.200405 0.505756 0.279956
VERTEX_POSE A42 0.430821 0.521066 -0.741032 0.383735 0.585874 0.301382 0.336273 0.869250 -0.134404 0.578533 -0.344819 0.270000 -0.597285 0.004749 0.847238 0.287963 -0.352559 -0.316846 0.335482 0.034411
VERTEX_POSE A43 -0.057368 0.005350 0.246915 -0.652360 0.539251 -0.511096 -0.644642 -0.526795 0.285737 -0.386288 -0.065680 0.559703 0.215036 -0.783112 0.117761 -0.343647 0.111359 0.574456 -0.520466 0.304150
VERTEX_POSE A44 0.247772 0.616861 -0.491074 -0.599389 0.782767 0.566273 0.461321 0.396279 0.434578 -0.484433 -0.636267 0.484866 0.221289 -0.214316 0.071181 0.586619 -0.495948 0.500315 -0.399271 0.382403
VERTEX_POSE A45 0.276605 -0.812893 -0.747430 0.835326 0.096808 0.673460 0.617542 0.353851 -0.157974 0.312005 -0.399610 -0.174916 -0.329838 0.800808 -0.572752 0.371811 0.105258 0.403554 -0.523697 -0.250456
VERTEX_POSE A46 -0.968690 -0.020696 -0.796044 -0.330421 -0.387633 -0.016571 0.554141 -0.727056 -0.729985 0.514912 0.281909 0.542743 0.398533 -0.097567 0.393741 0.283836 0.509808 0.131324 0.434054 0.349990
VERTEX_POSE A47 -0.262411 -0.884466 -0.154344 -0.672262 -0.539935 0.321274 -0.186323 0.689979 0.694254 -0.320670 -0.223233 0.481757 0.414418 0.374175 -0.361608 -0.594878 0.479612 -0.227912 0.580373 0.322586
VERTEX_POSE A48 0.544174 -0.503036 -0.026546 -0.233556 -0.312728 -0.296417 0.296347 -0.581419 0.345610 -0.562288 -0.411360 -0.363397 0.304629 -0.498248 -0.480106 -0.704461 -0.185909 -0.655844 -0.083343 0.458173
VERTEX_POSE A49 -0.492241 0.042097 -0.079613 -0.721053 -0.844919 -0.452587 0.109568 -0.236246 0.257958 -0.578775 0.616905 -0.012693 0.694662 0.386633 0.332969 0.402033 0.401908 -0.785871 -0.093961 0.502594
VERTEX_POSE A50 -0.781959 -0.693481 0.595570 -0.108053 -0.758920 0.729249 0.122239 -0.329784 -0.409297 -0.201609 -0.844909 0.333374 -0.284452 0.150532 0.237388 0.668541 -0.332820 -0.364939 0.645408 0.209625
VERTEX_POSE A51 0.817355 0.315436 -0.283993 0.279473 0.661576 0.675368 -0.156357 -0.548471 -0.522016 0.538595 -0.600664 0.192568 0.270028 0.387242 -0.058755 0.279764 0.433778 -0.480461 -0.730948 -0.016192
VERTEX_POSE A52 -0.832827 -0.503685 -0.167735 0.571383 -0.004062 0.141882 0.816643 -0.351975 0.567092 0.295941 0.739203 0.118480 -0.384860 0.243283 0.586623 -0.150619 -0.255591 0.547824 -0.273332 -0.452967
VERTEX_POSE A53 -0.987379 0.314781 -0.718341 -0.771937 -0.410315 -0.316197 0.080352 -0.466643 0.397363 -0.560148 -0.605102 -0.791173 -0.203871 -0.314335 -0.215693 -0.747337 0.544132 0.263902 -0.282315 -0.145635
VERTEX_POSE A54 0.334204 0.223257 -0.597086 -0.533547 0.095823 -0.091812 -0.176251 -0.703987 0.393354 0.711544 -0.506814 -0.344767 0.642845 0.362143 0.493196 0.114863 0.300407 0.689012 -0.190256 0.161707
VERTEX_POSE A55 0.704273 -0.628641 0.074885 0.900501 0.337201 -0.324260 -0.468365 0.259686 0.425726 -0.400867 0.403447 0.184829 -0.440036 -0.857793 0.765456 0.350809 0.019506 0.305824 -0.550673 0.183315
VERTEX_POSE A56 0.725527 -0.383877 -0.876389 0.206670 0.104486 -0.531990 -0.058901 0.055963 -0.578185 -0.549944 0.174521 0.039783 -0.329912 0.622794 -0.136856 -0.403217 -0.760611 -0.601977 0.650128 -0.003001
VERTEX_POSE A57 0.446879 -0.327378 -0.647024 0.692873 0.384340 -0.595088 -0.660250 0.306904 0.167925 -0.265571 0.582213 -0.422058 0.608557 0.420620 -0.494037 -0.112425 -0.617013 0.442115 -0.332507 -0.095980
VERTEX_POSE A58 -0.737699 0.876312 0.519261 -0.936502 -0.328047 -0.409004 0.108785 0.693410 0.614153 0.746609 0.047760 0.352339 -0.482446 0.002928 -0.541872 0.444672 -0.222128 0.194331 -0.015946 0.683778
VERTEX_POSE A59 0.060666 -0.447649 -0.614292 -0.456321 0.743503 -0.695575 -0.060061 0.256111 -0.368011 0.711002 -0.507687 0.612181 0.295093 -0.117025 0.069685 0.291605 0.736386 -0.033491 -0.564584 -0.347421
VERTEX_POSE A60 0.599019 0.284598 0.443548 0.728593 0.467055 -0.202497 -0.311906 0.529464 -0.507516 0.709228 0.276277 -0.190120 -0.054417 0.600274 -0.142781 -0.576298 0.212001 -0.803050 -0.254224 -0.487919
VERTEX_POSE A61 0.072931 -0.885089 0.756638 0.813893 0.709965 0.545526 -0.391396 -0.150240 -0.300315 0.706907 -0.006501 -0.646105 -0.538031 -0.239021 0.436331 0.199440 -0.308291 -0.066151 0.133556 -0.908411
VERTEX_POSE A62 -0.813401 -0.366575 -0.876817 -0.841964 0.406872 -0.392816 0.682538 -0.573646 -0.338061 0.470769 0.657817 0.573313 0.518043 0.193548 0.181431 0.101720 0.342059 -0.608116 -0.183854 0.289384
VERTEX_POSE A63 -0.394612 0.207535 0.956732 0.180030 0.084421 -0.432330 -0.503865 0.242774 -0.498200 -0.201500 -0.516808 0.151093 0.382835 0.481363 -0.736150 0.501892 0.315449 0.011908 -0.554130 0.585450
VERTEX_POSE A64 -0.675072 0.329705 -0.591505 0.762342 -0.191876 -0.203625 0.063737 -0.539158 -0.029909 -0.619534 -0.671319 0.557244 -0.646341 0.326377 0.363079 0.194120 -0.214271 0.717840 0.395823 -0.325892
VERTEX_POSE A65 -0.978804 0.369953 0.116906 0.017786 -0.643692 -0.500098 0.476497 -0.258625 0.476508 0.664417 -0.301516 -0.645854 0.079883 -0.355297 -0.271962 0.377950 0.842495 0.178191 0.426935 0.078532
VERTEX_POSE A66 -0.071582 0.844773 -0.083656 0.092156 0.158172 -0.512729 -0.399295 0.551597 -0.443497 -0.622519 -0.382604 0.337645 -0.367313 0.246080 0.381381 -0.432679 -0.539406 -0.530061 0.361805 -0.444794
VERTEX_POSE A67 0.519803 -0.788103 0.630213 -0.342249 0.987977 0.006700 -0.174473 0.701430 0.844924 0.151403 -0.182514 0.378618 -0.808506 -0.071808 0.301596 0.222576 0.674964 0.227480 0.493371 -0.118114
VERTEX_POSE A68 -0.857708 -0.746680 -0.966850 0.117206 0.040040 0.036867 0.267718 -0.592364 0.729072 -0.139477 0.516000 -0.001163 0.740779 0.320782 -0.488343 0.312074 0.445688 -0.478137 -0.512572 0.285149
VERTEX_POSE A69 0.844786 0.744849 0.005747 0.142843 0.146283 0.046604 0.557814 0.260198 -0.367597 0.488509 -0.265176 -0.542740 0.431091 0.074113 -0.605999 -0.413521 0.621607 0.448218 0.305554 0.685632
VERTEX_POSE A70 0.842922 -0.975472 -0.929912 0.775541 -0.348714 0.711336 0.036947 0.440870 0.161428 0.732973 -0.207014 -0.190833 -0.356227 0.612966 -0.372512 0.578325 0.610689 -0.541073 -0.005266 -0.118790
VERTEX_POSE A71 0.599615 0.882010 -0.682775 -0.618293 0.128619 0.461206 -0.563043 -0.151557 0.588911 -0.354277 -0.005127 -0.223513 -0.199716 -0.804786 0.608793 0.606176 -0.043140 -0.141020 -0.387472 0.572243
VERTEX_POSE A72 -0.937223 -0.268728 0.075580 0.480935 -0.467969 -0.280510 -0.116643 0.512350 -0.479268 0.186204 -0.560592 -0.422075 -0.862922 0.004733 -0.489415 0.403337 0.575542 -0.523395 0.210733 -0.303255
VERTEX_POSE A73 0.273743 0.545595 -0.670944 0.159276 -0.762839 0.221724 0.173673 -0.807933 0.024605 0.502330 0.001883 0.658631 0.478060 0.008881 0.478946 0.018328 0.561489 0.535769 -0.699017 -0.178585
VERTEX_POSE A74 -0.457753 -0.112640 0.564139 -0.270653 -0.332130 -0.423064 0.565770 0.638656 0.026771 -0.499247 0.111953 0.413489 -0.092919 0.585161 0.306112 -0.362162 0.461459 0.745401 0.539315 -0.155650
VERTEX_POSE A75 0.310549 -0.651867 0.584506 0.881545 -0.685201 -0.288930 -0.435606 0.101476 0.184905 0.115476 -0.099985 0.162362 0.701794 -0.454818 -0.900925 0.382720 0.069711 -0.210483 -0.397397 -0.876348
VERTEX_POSE A76 -0.449652 0.732702 -0.418374 -0.005398 0.333969 0.211190 -0.276671 0.201962 0.420545 0.845201 0.146955 0.596066 -0.023422 -0.014494 0.606032 -0.455741 0.210799 0.236584 -0.028997 -0.944970
VERTEX_POSE A77 -0.426443 0.866664 0.768095 0.398926 0.280237 0.059772 -0.381910 0.554276 -0.331852 0.397538 -0.287765 0.302992 -0.513283 0.074599 -0.211093 -0.624664 -0.696932 -0.865989 -0.206019 0.344514
VERTEX_POSE A78 -0.951862 -0.536333 -0.569837 -0.790717 -0.225136 -0.269133 0.581027 -0.018787 0.775056 0.277880 0.282218 -0.534841 0.311927 0.144330 -0.201806 -0.552794 0.698718 0.008724 -0.426977 -0.641064
VERTEX_POSE A79 -0.905478 -0.770334 0.555080 0.761046 -0.978759 0.234606 -0.554238 -0.727334 -0.039894 0.655853 -0.211225 0.665321 0.127963 -0.052698 -0.613321 0.155368 -0.534953 -0.352921 -0.471342 0.370698
VERTEX_POSE A80 0.081316 -0.091238 -0.311518 0.677873 0.435318 -0.246275 -0.426584 0.026583 0.658873 -0.648950 -0.360104 -0.043834 -0.266522 0.503535 0.228148 0.487373 -0.532493 -0.671760 -0.297194 -0.576647
VERTEX_POSE A81 -0.733821 -0.229814 -0.974267 0.101230 0.015944 -0.418847 -0.464002 0.175492 -0.499332 -0.505275 0.140329 -0.301844 0.617527 0.619758 -0.587826 0.364326 -0.713256 -0.372272 0.123804 0.238065
VERTEX_POSE A82 0.911877 0.545102 -0.728913 0.040519 0.682817 -0.262042 -0.217496 0.675928 0.171843 0.093342 -0.394977 -0.113846 -0.562855 -0.574622 0.630773 0.481273 0.020657 -0.700691 0.628930 -0.237691
VERTEX_POSE A83 0.248488 0.405077 0.520747 0.249255 -0.568744 -0.094470 0.369174 -0.062760 -0.204961 -0.545410 -0.794474 -0.870552 0.375268 -0.098241 0.405583 0.412165 -0.490616 0.163425 0.505502 -0.338404
VERTEX_POSE A84 -0.721201 -0.915033 -0.692608 0.329293 0.605629 -0.131749 -0.849572 -0.308430 -0.345893 -0.087521 -0.512767 0.531263 0.299493 -0.584854 0.334031 -0.032488 -0.426586 -0.684970 0.424048 -0.343382
VERTEX_POSE A85 0.246081 -0.231642 -0.325998 0.506972 -0.221360 -0.740980 -0.240990 0.223542 0.617208 -0.467618 0.377944 -0.032927 -0.138073 0.700076 -0.187007 0.230744 0.497764 -0.184247 -0.806815 -0.263270
VERTEX_POSE A86 -0.047239 0.776436 -0.404367 0.149756 0.768457 0.155442 -0.575813 -0.356660 -0.257582 -0.707194 0.171402 0.744208 -0.310558 0.003020 0.376952 0.250607 -0.597138 0.462117 0.095209 0.697734
VERTEX_POSE A87 -0.995674 -0.298911 -0.568997 -0.464037 -0.289885 -0.643687 -0.246150 -0.677578 0.610597 -0.128654 -0.374754 -0.217614 0.707036 0.193405 -0.160690 0.501801 -0.248384 0.373713 0.413707 -0.548950
VERTEX_POSE A88 -0.307040 0.440981 0.026978 0.199845 -0.837020 -0.343617 0.405936 0.434145 -0.705969 -0.104393 -0.652487 0.577727 -0.187992 -0.451719 -0.121560 -0.779589 0.426237 -0.187056 -0.425697 -0.007094
VERTEX_POSE A89 0.215063 0.652748 -0.885106 0.213254 -0.559590 0.768515 0.157048 -0.549955 0.418142 0.552290 0.514857 0.482337 -0.736116 0.449421 0.012286 -0.313164 -0.472265 -0.041739 -0.174283 0.086364
VERTEX_POSE A90 0.064993 0.253441 -0.183289 0.079642 -0.546382 -0.490214 0.482296 0.052948 -0.258392 0.494144 -0.401910 -0.422944 0.030700 -0.404388 0.371011 0.696269 0.455856 -0.613509 -0.193595 0.681417
VERTEX_POSE A91 -0.708021 -0.274421 -0.529474 -0.071562 0.630036 0.289969 -0.481754 0.093559 -0.050562 -0.635388 -0.656242 0.166231 0.455816 -0.739855 -0.935967 -0.074825 -0.056434 -0.098457 0.388366 -0.100114
VERTEX_POSE A92 -0.712006 0.767659 0.871532 0.027147 -0.849625 -0.314631 0.091775 0.529364 -0.490275 0.074762 0.360346 -0.021912 -0.275477 -0.587943 -0.618097 -0.673077 -0.126921 -0.527365 0.676067 -0.477638
VERTEX_POSE A93 0.251592 0.886866 -0.060106 0.237678 0.860490 -0.211534 -0.639707 0.188086 0.139732 -0.152699 0.571057 0.447607 -0.543561 -0.644356 0.675244 0.426496 -0.002059 -0.528604 0.300168 -0.472566
VERTEX_POSE A94 -0.102633 0.933114 -0.572742 -0.891532 -0.285543 0.190888 0.265462 0.509490 -0.292678 0.519956 -0.020756 -0.082016 -0.790977 0.331812 0.761728 0.135392 0.389672 0.539393 -0.123283 -0.691408
VERTEX_POSE A95 -0.387079 0.097364 -0.719973 -0.210511 -0.041501 -0.864391 -0.256697 -0.422770 -0.016503 -0.016820 0.082921 0.278092 0.401147 -0.700885 -0.180069 0.677472 -0.187078 0.377882 -0.560301 -0.536798
VERTEX_POSE A96 0.272788 0.256819 -0.943201 -0.744535 -0.783202 0.344882 -0.452951 -0.303779 -0.348499 0.710772 -0.139499 -0.424808 -0.464254 0.133160 0.661538 0.227062 0.584111 -0.376178 -0.150165 0.727558
VERTEX_POSE A97 0.825785 0.777887 0.343603 0.200624 0.872629 0.739595 -0.625653 0.247855 -0.012057 0.258000 0.697806 0.273697 0.220242 -0.293435 0.455821 0.651133 0.278254 -0.412517 -0.263653 0.536754
VERTEX_POSE A98 -0.867275 0.309261 0.910240 0.447240 -0.053524 -0.640224 0.160449 0.011716 0.506693 0.664008 -0.213622 -0.567635 0.500482 -0.198534 -0.071018 -0.145620 0.688531 0.078245 0.511528 0.663881
VERTEX_POSE A99 0.415081 0.510139 -0.910050 0.372671 0.256838 0.483389 -0.484496 -0.394533 -0.669644 -0.096108 -0.736102 -0.226209 -0.382715 0.260262 0.364509 0.654975 -0.412588 0.365888 -0.424928 -0.254033
VERTEX_POSE A100 0.670571 0.522736 -0.650651 -0.656533 0.018911 -0.197407 -0.613656 -0.485616 -0.658807 0.645940 -0.334961 -0.388095 -0.369445 -0.299777 0.586702 0.242720 -0.600660 -0.179351 -0.103850 0.448686
VERTEX_POSE A101 0.975647 0.333789 0.980328 0.222781 0.597763 0.202973 0.301787 -0.381091 -0.331219 -0.433489 -0.538562 -0.402358 0.515349 -0.576488 0.618854 0.451283 -0.122534 -0.551564 0.501768 0.466227
VERTEX_POSE A102 0.014696 0.392149 -0.592826 0.754378 -0.614543 -0.515271 -0.586792 -0.574386 -0.291665 -0.300502 0.754119 -0.659966 0.253770 0.073225 -0.102204 -0.399913 0.309750 0.451029 -0.583989 0.008802
VERTEX_POSE A103 0.733348 -0.745993 0.424930 0.824402 0.550943 -0.480573 -0.617719 -0.439508 -0.169385 0.347201 -0.204843 -0.452899 -0.341078 0.756116 0.579432 -0.611793 -0.151444 -0.446653 0.085143 -0.412585
VERTEX_POSE A104 0.249390 -0.120616 -0.690616 -0.617943 0.834923 0.254583 0.496872 0.259223 -0.691635 -0.168340 0.564468 -0.615072 0.586147 -0.520664 -0.126155 -0.593312 -0.529540 -0.250199 -0.170856 0.250352
VERTEX_POSE A105 0.556943 -0.720491 0.971314 -0.516275 0.053327 -0.122312 0.708686 -0.178581 -0.092050 0.193433 0.030991 -0.828176 -0.013660 0.552454 -0.516503 -0.353705 -0.773755 0.154648 -0.578839 0.251488
VERTEX_POSE A106 0.043896 -0.397860 0.009436 0.705947 0.865741 0.534727 0.553578 -0.089973 -0.745635 0.467063 -0.122415 -0.107350 -0.259147 -0.903465 -0.167212 -0.599770 0.306755 0.344399 -0.220275 -0.258014
VERTEX_POSE A107 0.799738 -0.387915 -0.108990 0.376659 0.168892 0.719538 0.238934 0.296968 0.371869 -0.099133 -0.799060 0.531834 -0.601334 0.156328 -0.185409 -0.636129 0.329046 0.163570 0.408436 0.374973
VERTEX_POSE A108 -0.869500 -0.853826 0.739409 0.882651 -0.666436 0.664350 0.001531 -0.618511 0.069229 -0.126485 0.587198 -0.539088 -0.202766 -0.280545 -0.504317 0.019839 -0.439500 0.094316 -0.970820 -0.027866
VERTEX_POSE A109 0.092035 0.065807 0.439599 0.915230 -0.359395 -0.375940 0.316999 0.002094 0.697339 -0.205341 -0.411753 0.471753 0.065657 0.099939 -0.373257 -0.389903 -0.774222 -0.102544 -0.837264 0.470158
VERTEX_POSE A110 0.894260 -0.158249 -0.553910 0.137706 0.190133 0.472187 0.515688 0.373946 -0.818859 0.180165 0.343405 0.191943 0.328184 0.441136 0.153304 -0.741202 0.643165 0.214860 -0.211001 -0.366027
VERTEX_POSE A111 0.211815 0.054935 -0.572109 0.560524 0.768882 0.801160 -0.309091 -0.238240 -0.341832 0.364953 -0.389821 0.449963 0.689441 0.461053 -0.096592 -0.540937 0.391153 0.171748 0.057705 -0.652465
VERTEX_POSE A112 0.358213 0.835992 0.465332 0.016460 0.656549 -0.589126 -0.272761 0.437155 0.044661 -0.447857 -0.110863 0.514080 -0.655330 -0.226228 -0.265456 0.265657 -0.813336 -0.562308 -0.474336 -0.289673
VERTEX_POSE A113 0.806137 -0.613147 -0.282823 -0.821775 -0.127050 -0.795062 0.019719 0.198248 -0.377983 -0.366726 -0.776741 -0.090841 -0.023186 0.412452 0.433696 0.073510 -0.334364 0.169298 -0.926921 0.274692
VERTEX_POSE A114 -0.539696 -0.539988 0.948638 -0.190221 -0.799862 -0.572448 -0.487696 -0.081393 0.544616 0.268153 -0.276065 -0.311661 0.746325 0.187646 -0.526459 0.363515 -0.369644 0.037488 -0.033196 -0.863317
VERTEX_POSE A115 0.637013 0.920959 0.772724 -0.654247 0.262178 0.715089 0.349818 0.044747 0.516132 -0.482066 0.480322 -0.361410 -0.442290 0.498584 -0.300520 0.479611 0.249999 0.036399 -0.468607 -0.675428
VERTEX_POSE A116 0.052218 0.155211 0.391179 0.685197 0.651589 -0.538687 0.060949 -0.473190 -0.466566 -0.734755 -0.085133 0.568890 -0.061433 -0.545176 0.102585 -0.226562 0.673401 -0.397459 0.633495 0.134750
VERTEX_POSE A117 0.413065 -0.763552 -0.455729 0.959535 0.968596 0.194057 0.075960 0.577137 0.000531 0.749431 -0.557619 -0.848609 -0.316200 -0.181973 -0.479432 0.554574 0.487378 0.111128 -0.158268 -0.292100
VERTEX_POSE A118 0.641339 -0.377952 -0.796273 -0.118285 0.972293 -0.484889 -0.674430 0.411267 0.072863 -0.106858 0.063031 0.539574 0.250534 0.718934 0.643133 -0.564514 -0.429309 -0.234122 0.390233 -0.354563
VERTEX_POSE A119 0.745178 -0.403808 -0.581843 -0.114958 0.814569 0.217715 0.169896 -0.524551 -0.142249 -0.207904 -0.746280 -0.672327 -0.202512 -0.258195 -0.472024 -0.456264 0.316610 0.507479 -0.823846 -0.031723
VERTEX_POSE A120 -0.371873 0.889196 -0.340835 0.172790 -0.590994 -0.475261 -0.638878 0.577404 0.674366 -0.364769 0.318509 0.129910 0.489939 0.546739 -0.458367 0.411730 0.302195 0.303942 0.221849 0.418224
VERTEX_POSE A121 -0.293668 0.875489 0.020437 0.961357 -0.574089 0.651969 0.572003 0.053645 0.216412 0.321125 0.020591 0.010408 0.268636 0.672099 -0.100656 -0.261190 0.737219 0.719627 -0.655214 0.038603
VERTEX_POSE A122 -0.962843 0.321770 -0.111317 0.813480 0.444605 -0.197380 -0.643189 0.234003 0.372408 -0.257540 0.267783 -0.389703 0.317608 0.857535 -0.656422 -0.471813 -0.188760 0.489484 -0.443281 0.320217
VERTEX_POSE A123 -0.083879 0.656854 -0.469303 -0.800064 -0.440619 0.368111 -0.495143 -0.502412 -0.489337 0.090354 -0.449556 0.337403 0.731591 0.156832 -0.395108 0.398242 -0.524729 0.595896 0.229886 -0.495525
VERTEX_POSE A124 0.957924 0.762355 0.960331 0.199036 -0.713600 0.419179 -0.019742 0.127841 -0.533125 0.175972 0.575586 -0.268832 -0.752508 -0.439078 -0.189530 -0.552410 0.568256 0.657172 -0.311800 0.369667
VERTEX_POSE A125 -0.065476 0.254884 0.315942 0.921948 -0.840938 -0.311836 -0.114426 -0.070180 -0.080763 0.307931 -0.933200 0.891653 -0.308382 -0.208699 0.149967 0.680503 0.086091 0.280535 0.577841 0.270639
VERTEX_POSE A126 0.529043 -0.245782 -0.189276 -0.010575 0.517881 0.673355 -0.040212 -0.608397 -0.522070 0.491685 -0.335799 0.304024 -0.224327 0.479736 -0.149704 -0.435630 -0.535261 0.398992 0.718702 0.020989
VERTEX_POSE A127 0.230712 0.019174 -0.982870 0.454500 -0.496802 -0.323983 -0.670932 0.068286 0.468245 -0.713658 -0.224462 0.422534 0.143600 -0.332381 -0.530005 -0.136705 0.262760 -0.465124 0.035117 -0.874891
VERTEX_POSE A128 -0.239690 0.032771 -0.340456 0.122572 -0.968310 -0.282429 0.186450 0.435622 0.751599 -0.120725 0.402645 -0.035622 -0.767834 0.431923 -0.554093 0.025580 0.483272 0.216898 0.600365 0.477495
VERTEX_POSE A129 0.661767 -0.936521 -0.279035 -0.563335 -0.535643 0.460897 -0.398595 -0.063360 -0.247023 -0.843039 0.377385 0.336041 -0.319266 -0.518190 -0.592353 -0.165992 -0.721178 -0.512590 0.030390 0.254850
VERTEX_POSE A130 -0.354207 -0.470687 -0.892920 -0.172829 0.760036 -0.524147 -0.290256 0.143385 -0.112306 0.498294 -0.519647 -0.528953 0.433387 0.636316 0.633820 0.372488 0.483479 0.176458 -0.583851 0.266002
VERTEX_POSE A131 -0.569119 -0.444494 0.008894 0.466039 0.050602 -0.498307 -0.488044 0.107602 -0.538373 0.099923 -0.757569 -0.370607 -0.420872 0.123450 0.496339 -0.304963 -0.631624 -0.279540 0.694041 -0.017942
VERTEX_POSE A132 0.637414 0.397268 -0.298707 0.659446 -0.937881 -0.204779 0.036043 -0.040852 0.113969 -0.795021 -0.036512 -0.547017 -0.311528 0.728003 0.497602 -0.457330 -0.070233 0.631064 0.245848 0.679763
VERTEX_POSE A133 0.660489 0.921462 -0.485745 -0.418451 -0.854507 -0.767202 -0.124512 0.627836 -0.351050 -0.561091 -0.563214 0.496897 -0.688929 0.454558 -0.194893 -0.131907 -0.270451 0.057231 0.421487 0.094054
VERTEX_POSE A134 -0.835771 -0.190486 -0.566176 0.290441 -0.398456 -0.203137 -0.752970 -0.210346 -0.586220 -0.211020 0.459365 -0.632599 0.010092 -0.480055 -0.462173 0.598368 0.111684 -0.036004 -0.174244 0.708387
VERTEX_POSE A135 -0.113196 -0.723348 0.010677 -0.958497 0.897042 0.825789 -0.389493 -0.214934 -0.130831 0.521865 -0.625840 -0.014968 -0.179207 0.186654 -0.266587 -0.529104 -0.702121 -0.479232 -0.513699 0.185239
VERTEX_POSE A136 0.217432 -0.799028 -0.514431 0.065274 0.198820 -0.285130 -0.035057 -0.794934 0.002801 -0.529237 0.427535 0.575994 -0.675906 -0.357432 0.614918 0.326508 0.119017 -0.456947 -0.393983 0.208260
VERTEX_POSE A137 0.208125 0.411654 0.443260 -0.003612 -0.532715 -0.190076 0.114755 -0.247561 0.286663 -0.601768 0.392734 0.688095 0.592056 0.381571 -0.608147 0.441203 0.491081 0.195902 0.281986 -0.630648
VERTEX_POSE A138 -0.313458 -0.111262 0.901687 0.418162 0.065934 -0.561348 0.509950 0.638247 0.417194 0.544520 -0.090337 0.488444 -0.357178 0.608707 0.466401 0.552482 -0.020284 0.233944 -0.103135 0.462110
VERTEX_POSE A139 0.347932 -0.652854 -0.775022 -0.052075 0.532384 0.749480 0.000229 -0.652951 -0.155304 -0.289918 -0.326551 -0.009704 0.945128 -0.059300 0.630903 -0.082398 0.668010 -0.126599 -0.126062 -0.131398
VERTEX_POSE A140 -0.699840 -0.522540 -0.117141 -0.088382 0.107890 -0.459869 0.356323 -0.090433 -0.152398 0.401385 -0.489877 0.312270 -0.479753 -0.759745 0.572752 -0.050050 0.382511 -0.582870 -0.692283 0.168273
VERTEX_POSE A141 -0.419197 0.730489 -0.652223 -0.444132 -0.743933 0.550416 0.684530 -0.203565 0.232983 -0.650050 -0.021410 -0.054632 -0.052906 -0.497397 0.298464 -0.252119 -0.733243 0.742089 -0.206132 0.415997
VERTEX_POSE A142 -0.440253 0.402081 -0.347131 -0.491551 0.301266 -0.377210 -0.073070 0.805156 0.298907 -0.017019 -0.090092 0.850818 -0.238948 0.399830 0.204768 0.724952 -0.145916 -0.050462 -0.641654 -0.403052
VERTEX_POSE A143 0.658373 -0.686547 -0.651809 0.928078 -0.235560 0.107774 -0.257626 -0.379298 -0.399708 0.644564 0.403913 0.568462 -0.188369 0.298415 -0.654802 -0.672755 0.259855 -0.276954 0.173449 -0.732401
VERTEX_POSE A144 -0.613060 -0.882658 0.064954 -0.265907 0.129016 -0.169178 0.625809 -0.149970 -0.484524 -0.520804 -0.632094 0.642933 0.221570 -0.706654 -0.237789 0.369321 0.072324 0.516439 -0.389404 0.270880
VERTEX_POSE A145 0.020050 0.862093 -0.398493 0.318228 0.501405 0.103290 0.489945 0.408149 0.411274 -0.055446 0.526060 0.669704 -0.596538 -0.161941 0.552680 0.624966 -0.512482 0.257346 0.102176 0.517506
VERTEX_POSE A146 0.295386 -0.765589 -0.879086 -0.726170 -0.973383 -0.535333 -0.274629 -0.536654 0.642809 0.459537 -0.431779 0.280990 -0.614401 0.076805 -0.396213 0.528166 0.442963 -0.253527 0.238657 -0.568731
VERTEX_POSE A147 0.439158 0.272553 -0.543867 -0.580709 -0.219394 0.000814 0.481563 0.537829 -0.080209 -0.257756 -0.649386 0.460080 0.349282 -0.118861 0.472462 -0.729496 0.444502 -0.747444 -0.217936 0.278080
VERTEX_POSE A148 -0.566885 -0.901458 0.145778 0.277763 0.470000 0.812148 0.245135 -0.401214 -0.338135 -0.259761 -0.391884 0.147867 0.157812 -0.229438 0.021864 0.579392 0.639973 -0.451372 0.715425 -0.472491
VERTEX_POSE A149 -0.063276 -0.143540 -0.675359 0.155546 0.998910 0.521075 0.087567 -0.684879 0.047182 0.583988 0.187697 -0.139102 -0.766245 -0.144714 -0.522697 0.239295 -0.687382 0.658554 -0.083046 -0.047689
VERTEX_POSE A150 0.184335 0.868745 -0.125710 0.304333 -0.404825 0.320974 0.295599 -0.863070 0.481154 -0.690813 0.081914 0.433868 0.606184 0.494708 -0.652386 -0.050005 -0.048039 -0.227194 0.255811 0.036835
VERTEX_POSE A151 0.061243 0.987737 0.804943 -0.549447 0.879007 -0.357540 -0.358009 -0.448859 0.542652 0.579226 -0.204201 0.435572 -0.217607 -0.743793 0.423423 -0.688420 0.227256 0.456820 -0.122684 0.389814
VERTEX_POSE A152 0.643056 -0.268051 0.345078 0.116903 -0.575180 0.120593 -0.076934 -0.225311 -0.229534 -0.113970 -0.650077 0.807688 -0.493861 -0.242516 0.518694 0.612868 0.271398 0.106620 0.601320 -0.627825
VERTEX_POSE A153 0.221492 0.190515 0.762973 0.117813 -0.960220 0.202510 -0.596901 0.403248 0.398965 -0.154671 0.356745 0.201912 -0.304105 0.302074 -0.102934 -0.698378 -0.671800 -0.865132 -0.198932 0.409341
VERTEX_POSE A154 0.977364 0.644592 -0.664359 -0.349510 -0.561612 0.671976 -0.551872 0.482501 -0.315656 0.143625 0.571596 -0.321220 -0.353388 -0.143744 -0.550623 -0.295146 0.499446 -0.206012 -0.680305 -0.412749
VERTEX_POSE A155 0.600980 -0.505696 0.305409 -0.684061 -0.288779 0.042875 -0.746414 -0.230052 -0.475002 0.255859 -0.120403 -0.162830 -0.528751 -0.275841 0.010047 -0.301938 0.917981 0.863667 0.081597 -0.117483
VERTEX_POSE A156 -0.843983 -0.554601 0.078915 0.039761 -0.801158 -0.611851 -0.158406 0.378884 -0.406833 -0.053417 -0.648640 0.273401 0.760344 -0.216536 0.374400 -0.044086 0.522527 0.495179 -0.626089 -0.340282
VERTEX_POSE A157 0.506406 -0.601190 0.146365 0.639915 0.956269 -0.112880 0.608555 -0.210427 0.107227 0.690839 0.475521 -0.467501 -0.004494 -0.551615 -0.191119 -0.378849 0.599453 0.848927 -0.094105 -0.256860
VERTEX_POSE A158 -0.168308 0.513478 0.322540 0.770439 0.214419 0.826566 0.306763 -0.392341 -0.123718 -0.606827 -0.755510 0.259461 -0.379780 0.448309 0.184214 -0.559265 0.215163 0.447467 -0.283983 0.167322
VERTEX_POSE A159 -0.083673 0.478170 0.738460 -0.837666 -0.769468 -0.051374 0.029560 0.034522 0.624036 0.025730 0.058774 0.704385 0.223042 0.312834 0.322795 -0.711284 -0.591009 -0.087093 -0.665426 0.740403
VERTEX_POSE A160 0.168173 -0.537711 0.867330 -0.923420 -0.579374 0.287104 -0.689062 -0.620207 -0.139506 -0.189155 0.469583 -0.348089 -0.466010 0.288726 0.452168 -0.442427 0.542632 -0.756629 -0.276599 -0.130468
VERTEX_POSE A161 0.477485 -0.957209 0.429620 -0.402390 -0.025545 0.715870 0.078022 0.364018 0.505330 -0.197380 0.246477 0.263475 -0.738811 -0.430985 -0.384190 -0.637515 0.516124 0.123089 -0.051838 -0.595490
VERTEX_POSE A162 0.347207 -0.966324 -0.252646 0.628373 0.281134 0.329342 0.527884 0.518615 -0.483832 0.227098 0.660625 0.605440 0.449733 -0.155661 0.498238 -0.468504 0.317053 0.206497 -0.498005 0.412141
VERTEX_POSE A163 -0.194413 0.859558 -0.431377 0.736025 -0.517255 -0.453238 -0.047831 -0.478166 -0.530194 -0.714449 0.008044 -0.311086 -0.132241 0.457021 0.229282 -0.282268 0.654947 0.603429 -0.624589 -0.365334
VERTEX_POSE A164 0.137974 0.964254 0.943875 0.179159 0.119948 -0.690986 -0.544473 0.303453 -0.424525 -0.031080 -0.511597 -0.444291 0.539475 -0.460287 0.337954 -0.115880 -0.332176 0.175241 -0.630969 -0.569191
VERTEX_POSE A165 0.511436 -0.156810 0.181177 -0.081186 0.882678 0.554164 0.321902 0.579973 -0.780590 0.468105 0.363482 0.038484 0.538516 -0.285031 -0.286212 -0.569097 0.061718 -0.013523 -0.251767 0.668177
VERTEX_POSE A166 0.692391 -0.863790 0.579300 0.777528 -0.620213 -0.298976 -0.015569 -0.375502 -0.194750 -0.292122 0.468566 0.674672 0.099167 -0.526553 -0.574011 -0.250443 -0.600757 -0.296673 0.917533 0.035741
VERTEX_POSE A167 -0.644594 -0.834774 -0.570557 -0.755567 -0.681232 -0.520590 0.435972 -0.456070 0.271528 0.340275 0.550599 -0.195026 0.502032 0.541604 0.747206 0.097488 -0.260397 0.242707 0.657724 -0.357351
VERTEX_POSE A168 -0.280439 -0.745156 -0.375563 0.915202 -0.650037 -0.219101 0.619153 0.578363 -0.188309 -0.395907 0.507163 0.090359 -0.246276 0.613580 0.196193 0.630386 0.002399 0.932672 -0.043230 0.178316
VERTEX_POSE A169 -0.621066 0.024947 0.480987 0.195690 0.445722 -0.286470 -0.164577 -0.319947 0.067807 -0.823553 -0.459735 -0.625774 -0.172050 0.125778 -0.627474 -0.126811 0.383486 0.357799 -0.498992 0.723462
VERTEX_POSE A170 0.703338 -0.487629 -0.345579 0.192358 0.851152 0.607968 -0.583067 0.418639 -0.619433 -0.360932 0.384018 -0.408236 0.079971 0.493674 0.224820 0.723420 0.471027 -0.171688 -0.005365 -0.460098
VERTEX_POSE A171 0.019721 -0.267696 0.507295 -0.173180 0.457854 -0.561674 -0.156966 -0.567319 0.626012 -0.597646 -0.095948 -0.420363 -0.045061 0.508780 -0.206915 -0.450672 -0.417947 -0.270392 -0.642686 0.485188
VERTEX_POSE A172 -0.040264 -0.244564 0.828764 0.751559 0.701789 -0.384867 -0.630667 -0.589153 0.128174 0.151491 0.191952 -0.661934 -0.209919 0.503484 -0.278519 0.605021 -0.584852 -0.565438 0.411332 0.143195
VERTEX_POSE A173 -0.736915 0.914453 0.307290 0.700807 0.152418 0.222613 -0.156022 0.236330 0.356469 0.562702 0.721072 0.267782 -0.802907 0.428632 -0.462654 -0.119557 0.236984 -0.733225 0.008405 0.429320
VERTEX_POSE A174 -0.321906 0.045756 0.855486 -0.245103 -0.777707 0.016792 -0.395517 0.852598 0.639469 -0.596746 -0.101000 0.178360 -0.347646 -0.479223 -0.510163 -0.456807 -0.135621 -0.546552 -0.397404 -0.121771
VERTEX_POSE A175 0.346676 -0.127222 -0.106282 -0.514348 -0.169195 -0.733153 -0.606817 -0.283357 0.627730 -0.499967 -0.392661 0.002531 0.178441 -0.658550 0.055021 0.199235 -0.510059 -0.255751 0.557020 -0.267728
VERTEX_POSE A176 0.283135 0.776546 0.908797 0.019035 -0.346177 -0.574119 0.004655 -0.455962 -0.051013 0.256263 -0.062241 0.509265 0.248925 0.417626 -0.639089 0.173847 0.747335 0.000088 0.917672 -0.235168
VERTEX_POSE A177 0.973480 0.280168 0.976400 0.028728 -0.751090 -0.144662 0.515399 -0.626518 0.183746 -0.456184 -0.663833 0.776387 0.521226 -0.059035 -0.576633 0.462246 -0.064562 -0.100138 -0.202267 -0.398934
VERTEX_POSE A178 -0.214166 -0.854669 0.349852 -0.095057 0.611411 -0.271041 -0.816619 0.474259 -0.795460 -0.021078 -0.314067 0.080425 -0.419422 -0.682501 0.429915 -0.369578 -0.363281 0.320132 -0.142079 0.280465
VERTEX_POSE A179 0.716250 0.875088 0.054575 -0.703202 -0.876177 -0.259976 0.146169 -0.535628 -0.601045 -0.725902 -0.093231 -0.058447 0.397432 -0.616538 -0.521973 0.190218 -0.133224 -0.543402 0.507510 0.553662
VERTEX_POSE A180 -0.089796 -0.863372 -0.698959 -0.815727 -0.752180 0.633623 0.042694 0.168704 -0.229116 -0.687451 0.486951 -0.114650 0.357499 0.840876 0.224789 -0.630695 -0.043369 0.694517 -0.002587 0.159576
VERTEX_POSE A181 0.970169 -0.985925 -0.775858 -0.790725 -0.793414 0.043564 -0.303606 -0.101106 -0.073350 -0.270383 0.945471 -0.645187 0.535838 0.011110 0.218421 -0.436576 -0.247538 -0.727151 -0.597491 -0.185644
VERTEX_POSE A182 -0.222507 0.862825 -0.140482 -0.252649 -0.997170 0.160641 0.754950 0.473909 -0.351389 0.393017 0.216334 0.448713 0.441733 -0.659707 0.479508 0.004791 -0.101524 0.647649 -0.283615 0.532061
VERTEX_POSE A183 -0.446740 -0.131423 0.646120 0.301176 -0.327359 0.525640 0.237934 0.699555 0.445610 -0.642453 0.203241 0.587343 0.564388 -0.470113 -0.411544 0.444329 0.478096 -0.103897 -0.121155 -0.140473
VERTEX_POSE A184 0.191661 0.204591 0.987115 0.327088 -0.753634 -0.176137 -0.702991 0.678516 0.684209 0.190315 0.422081 -0.294741 -0.370609 -0.348789 0.500237 -0.511902 -0.484087 -0.404630 0.264932 0.073955
VERTEX_POSE A185 -0.245143 0.507417 0.195159 0.397841 -0.558782 -0.557972 0.007414 0.475874 -0.305024 0.261652 0.481503 0.105872 0.131824 0.508307 0.764147 0.119286 0.461511 -0.022309 0.948618 -0.265200
VERTEX_POSE A186 -0.845760 0.362881 -0.048471 0.617115 0.383861 0.270020 0.414600 0.336949 -0.236646 -0.837227 0.299048 0.137160 -0.106612 -0.711011 -0.744982 0.189972 -0.382584 0.545231 -0.282317 -0.380958
VERTEX_POSE A187 0.347678 0.649990 0.066030 -0.633150 -0.554792 0.306336 -0.671578 -0.169382 0.552371 -0.370432 0.558543 0.070426 -0.153818 -0.483691 -0.542227 -0.597291 -0.214017 -0.549613 -0.177052 0.616100
VERTEX_POSE A188 -0.738737 0.906227 -0.658476 0.037756 -0.602513 0.486212 0.244889 -0.533379 -0.721149 0.057120 -0.002081 -0.404943 0.580775 -0.121747 0.005225 0.547324 -0.378815 -0.282021 -0.547635 -0.746445
VERTEX_POSE A189 -0.014068 -0.123641 -0.725932 0.387554 -0.401720 0.235532 0.661592 0.320642 -0.272960 0.350043 0.046194 -0.508030 -0.103311 -0.600040 0.237330 -0.652610 0.391313 -0.745384 -0.056508 0.617965
VERTEX_POSE A190 -0.735996 0.128160 -0.195510 -0.470817 -0.324261 0.489512 0.490632 -0.574531 0.336057 -0.515219 0.310718 0.018619 0.113428 0.409859 -0.408099 0.636639 0.411177 -0.693219 -0.275054 -0.486124
VERTEX_POSE A191 0.429437 -0.631484 -0.791146 0.114335 -0.181887 -0.580065 -0.502974 -0.343770 -0.082459 0.030842 0.706623 -0.785108 0.526915 0.138844 0.053640 0.445310 -0.602683 -0.193530 -0.519736 -0.001002
VERTEX_POSE A192 -0.536583 -0.080850 0.703688 0.985164 0.572735 0.437109 -0.662000 -0.248372 -0.071397 0.517864 0.009958 0.724511 0.226965 0.639251 -0.459870 -0.077710 0.443820 -0.259694 -0.485821 0.576710
VERTEX_POSE A193 0.611212 0.161836 0.551843 -0.842444 0.956873 0.280303 0.624834 0.681612 -0.597234 0.644496 -0.296139 0.575804 0.072607 -0.429152 -0.082504 -0.316274 0.484418 0.475799 0.298173 -0.169922
VERTEX_POSE A194 -0.764976 -0.771926 -0.222523 -0.149640 0.300857 0.066327 -0.675610 -0.715764 0.268824 0.300647 -0.176789 -0.762617 0.189853 -0.112833 -0.467653 -0.519958 0.387342 -0.350785 0.383096 -0.541907
VERTEX_POSE A195 0.601391 -0.116596 0.647563 0.164323 -0.307317 -0.737587 -0.217414 0.226121 -0.312744 0.531988 -0.320544 -0.364013 -0.126490 0.574149 -0.132694 0.795655 0.245383 0.456118 0.143710 0.675471
VERTEX_POSE A196 0.122648 -0.994974 -0.266979 0.076370 0.839551 0.761186 0.324314 -0.546991 -0.301520 0.123476 -0.519097 -0.525225 0.674581 -0.222171 -0.170127 -0.585624 -0.476111 -0.157722 -0.285586 -0.394077
VERTEX_POSE A197 0.927415 -0.635717 -0.643223 -0.372112 0.680645 0.182981 0.023721 -0.282222 0.841729 0.159033 0.122460 -0.224319 -0.674380 0.384585 0.324000 -0.690986 -0.555345 0.320494 -0.204684 0.670104
VERTEX_POSE A198 0.956798 0.048630 -0.922994 0.408756 0.011451 0.260302 -0.667902 0.507919 0.496120 0.262456 -0.416854 0.557961 0.117039 -0.148332 0.578247 0.191740 0.470347 -0.201043 0.659213 0.570107
VERTEX_POSE A199 0.842209 -0.740130 0.357457 -0.008428 -0.810486 -0.458245 0.356937 0.204239 -0.420529 0.293687 0.381496 -0.367118 -0.070681 0.458478 -0.691129 -0.345981 -0.628891 0.027049 0.813416 -0.455018
VERTEX_POSE A200 -0.693651 0.389231 0.837764 0.823579 0.126366 0.316529 0.423086 0.181990 0.282634 0.054741 -0.694722 -0.539605 -0.495987 0.221124 0.670181 -0.337258 0.542924 -0.282155 0.676945 0.374938
VERTEX_POSE A201 0.660136 0.561001 -0.268573 -0.398885 -0.137397 0.153619 -0.215916 -0.553199 -0.446049 0.788127 -0.135596 0.582144 0.050861 -0.275442 0.650481 0.565195 0.138705 -0.124193 0.101016 -0.761891
VERTEX_POSE A202 -0.138069 -0.007826 -0.135247 0.818391 0.647368 -0.419795 -0.515443 -0.425620 -0.656160 -0.325322 0.252580 0.050726 -0.452339 0.362532 -0.526216 0.544087 0.467471 -0.337268 0.357552 -0.636468
VERTEX_POSE A203 0.266085 -0.855333 0.666528 0.575137 -0.171845 0.030319 0.276002 0.562258 0.000114 -0.156532 -0.079102 -0.465189 -0.150253 -0.662633 0.683612 -0.660037 -0.080067 -0.561565 -0.664150 0.481784
VERTEX_POSE A204 0.923220 0.475454 -0.961283 -0.698078 -0.984978 0.253546 -0.490341 -0.638939 -0.808154 -0.319944 -0.328990 -0.116385 -0.452686 0.642114 0.267973 0.299996 -0.252389 -0.444124 0.601896 -0.086668
VERTEX_POSE A205 0.540025 -0.962070 -0.279762 -0.426711 0.869661 0.392161 -0.426979 -0.278341 -0.442868 -0.128762 -0.394580 0.593734 0.191672 0.492299 0.181490 -0.826517 0.070881 -0.514412 -0.285029 0.720729
VERTEX_POSE A206 -0.387238 0.017445 -0.439754 -0.939211 0.658960 -0.466167 -0.267837 -0.568275 -0.236293 0.018242 0.222554 0.060599 0.648401 0.364700 0.840230 -0.291668 -0.172607 0.131131 0.649951 -0.681714
VERTEX_POSE A207 0.206355 0.252000 0.947513 0.320957 -0.331156 -0.136077 0.544172 -0.133873 -0.040925 -0.268904 -0.748541 0.615845 -0.214758 -0.428265 -0.560416 -0.681229 0.076992 0.535236 -0.348388 0.482106
VERTEX_POSE A208 0.513504 0.318098 -0.303361 0.602016 -0.881429 0.734776 0.298659 0.228962 -0.607178 0.492390 0.513073 -0.192856 -0.593856 0.207722 -0.224224 0.291169 -0.797505 0.063012 0.480531 0.071905
VERTEX_POSE A209 0.398595 0.162775 0.910098 -0.034268 0.270371 0.632768 0.386377 0.232948 0.040352 0.673765 -0.029679 0.639086 -0.243322 -0.689412 -0.387955 0.471982 -0.652958 -0.197576 -0.338793 -0.207875
VERTEX_POSE A210 -0.077394 0.127087 0.002088 0.617755 -0.207333 0.254586 -0.149732 -0.185014 -0.299036 0.007259 -0.944335 0.625152 -0.068725 -0.239732 -0.382188 0.736367 0.053493 0.555771 0.656177 -0.116910
VERTEX_POSE A211 -0.576291 0.454726 -0.002320 0.786290 -0.633608 -0.491313 -0.834558 -0.154343 0.079894 0.206449 -0.682677 -0.085262 -0.060639 0.434358 -0.862919 0.498284 -0.030152 -0.018145 0.094481 0.566176
VERTEX_POSE A212 0.368764 0.176851 -0.865761 0.175007 0.476956 -0.346207 0.111935 0.720879 -0.725843 0.424153 0.003209 -0.012457 0.524663 -0.549385 0.491648 0.729402 0.289572 -0.333796 0.016335 -0.307648
VERTEX_POSE A213 0.700099 -0.010088 0.861606 -0.634893 -0.204502 -0.229368 0.567766 0.016948 0.543888 -0.354492 0.618775 -0.775015 -0.544439 0.208974 -0.118381 0.444365 0.369598 -0.192130 0.241047 0.660725
VERTEX_POSE A214 -0.023031 -0.676698 -0.356200 0.087466 0.039032 -0.198172 -0.360724 0.227603 0.049798 -0.480253 0.722484 -0.319994 0.323033 0.522926 0.759529 -0.366609 -0.038169 -0.528175 -0.632837 -0.388980
VERTEX_POSE A215 -0.439575 -0.618559 -0.878645 -0.497904 0.723322 -0.343763 0.326151 0.640151 -0.136185 0.255321 -0.408954 -0.750560 -0.498090 0.173751 -0.382724 0.746831 -0.146493 0.391744 0.150285 0.609356
VERTEX_POSE A216 -0.545044 -0.502672 0.056765 0.762948 0.236716 0.238622 0.480265 -0.444773 -0.090073 -0.450635 0.444103 -0.878460 0.314614 0.165893 0.339076 0.585757 0.734471 0.219733 -0.352393 0.194888
VERTEX_POSE A217 0.131209 0.686183 0.595328 -0.295419 -0.577106 0.103118 0.012558 -0.523927 -0.487871 0.220753 -0.443271 0.551001 0.357430 0.413314 -0.505455 0.690160 0.351017 0.438477 0.589095 -0.484737
VERTEX_POSE A218 0.908103 -0.968569 0.187385 -0.131054 -0.831470 -0.632669 -0.233000 0.169122 -0.428050 0.390537 0.573866 -0.563934 -0.380162 -0.539372 0.309958 -0.692909 0.242012 -0.049068 -0.410543 0.540910
VERTEX_POSE A219 -0.283781 -0.596445 0.398288 -0.199296 0.634203 0.174386 -0.520524 -0.493016 0.453874 -0.385327 0.685403 0.120895 -0.499314 -0.410551 0.474684 -0.157213 0.121551 0.723635 0.553667 -0.322229
VERTEX_POSE A220 -0.882859 -0.437458 0.869396 -0.907865 0.021174 -0.070921 0.769755 0.227520 -0.403905 -0.079723 -0.128367 0.414209 -0.549498 0.327321 -0.782928 -0.314426 -0.033263 -0.217454 -0.017593 0.907475
VERTEX_POSE A221 -0.827893 0.159591 0.991875 0.398129 -0.155731 0.443288 -0.521439 0.309127 -0.015769 -0.597223 -0.583096 -0.488636 0.170164 -0.489668 0.535605 -0.006426 -0.539546 0.526886 0.585174 -0.183176
VERTEX_POSE A222 -0.854344 -0.227929 0.607142 0.915039 -0.547685 -0.467886 0.482570 -0.258934 -0.684930 0.078734 0.667105 -0.431994 -0.657083 -0.265129 -0.270274 -0.361566 -0.370689 0.228666 -0.445465 0.529358
VERTEX_POSE A223 -0.419442 0.481692 0.573084 -0.922702 -0.406091 -0.272006 0.633541 -0.627275 0.492140 -0.004078 -0.529328 -0.682726 -0.517506 -0.238091 0.096237 0.340203 0.452595 -0.456548 0.463744 0.254576
VERTEX_POSE A224 0.783319 -0.678572 0.543718 0.555685 -0.198858 0.085293 -0.652167 -0.409704 0.640467 0.353957 -0.387419 0.075627 0.346143 0.585443 -0.644071 -0.051061 -0.006795 0.402469 -0.571814 0.582460
VERTEX_POSE A225 -0.619320 0.000144 -0.615382 -0.234601 0.753173 -0.773326 0.000120 -0.441534 0.154175 -0.559161 -0.482349 -0.233012 0.061553 0.644945 0.428245 0.665004 -0.377116 -0.374846 0.491243 -0.119233
VERTEX_POSE A226 -0.818051 -0.634904 0.220647 0.241621 0.286593 -0.109277 -0.821538 -0.287519 0.472339 0.163910 -0.748554 0.497606 0.282886 0.283987 -0.629348 0.465032 -0.443506 -0.348230 0.043923 0.282230
VERTEX_POSE A227 -0.094033 -0.673546 -0.723261 -0.367945 -0.359307 -0.061876 0.313094 0.350679 0.383020 0.421887 0.622639 -0.050125 0.581546 -0.000686 0.537939 0.422188 -0.672136 0.746710 -0.455571 0.193849
VERTEX_POSE A228 -0.691905 0.364428 -0.258605 0.393287 0.433817 -0.103850 0.429966 -0.769496 0.297368 0.585365 -0.150101 -0.393595 0.530416 0.399057 0.504689 -0.293157 -0.286092 0.700828 0.324338 0.379804
VERTEX_POSE A229 -0.861253 0.413726 0.297654 -0.349623 -0.701956 -0.852873 0.259038 -0.266967 0.161048 0.359394 0.233845 -0.344258 0.139690 0.878915 -0.006126 -0.670585 0.299408 0.357938 0.578392 0.109121
VERTEX_POSE A230 -0.251823 -0.413676 0.634196 0.623626 -0.169792 -0.363580 0.299654 -0.465029 0.145405 0.769532 -0.378924 0.301865 -0.235334 -0.531544 0.613430 -0.303540 -0.384256 -0.615831 -0.412929 -0.458227
VERTEX_POSE A231 -0.385556 -0.246342 -0.420841 0.216866 -0.439816 0.642495 -0.473373 -0.284751 -0.564254 -0.185145 -0.154126 -0.249043 0.245089 0.333833 -0.087743 -0.693503 0.701918 -0.446202 -0.447911 -0.539470
VERTEX_POSE A232 0.798882 -0.025273 -0.970919 0.251492 0.160648 0.532575 -0.104837 0.701521 -0.829155 -0.158428 0.482433 -0.051860 0.123543 0.362350 -0.073092 -0.587860 -0.355053 -0.144337 0.776574 -0.133293
VERTEX_POSE A233 0.610107 0.578498 -0.501051 0.442017 -0.522425 0.529454 0.204590 0.314675 -0.693293 -0.101410 -0.266656 0.261123 0.567091 -0.701031 -0.199511 0.347883 0.560317 -0.361986 0.710805 0.156447
VERTEX_POSE A234 0.880529 -0.101675 -0.754313 -0.207996 0.388338 0.401203 -0.316587 -0.635337 -0.477754 -0.709834 0.184627 0.591257 -0.066106 0.718099 -0.058835 0.561710 -0.126213 -0.507682 0.275716 0.175112
VERTEX_POSE A235 0.722103 -0.549819 -0.932202 0.553414 0.175669 -0.290507 -0.103771 0.268470 0.461318 0.500063 0.685644 0.113221 0.616663 -0.257497 0.563052 0.059322 -0.591810 0.610692 -0.596135 0.203157
VERTEX_POSE A236 0.150132 0.616428 0.219187 -0.984694 -0.652764 0.157259 0.505722 0.244310 0.491377 0.073527 -0.323118 -0.355333 0.735482 -0.523241 -0.729703 -0.033046 0.340671 -0.274025 -0.443636 -0.667884
VERTEX_POSE A237 -0.506709 0.915770 -0.194067 -0.147207 0.047298 0.327258 -0.663598 -0.460409 0.516673 -0.438811 0.610018 -0.498530 -0.287087 0.593991 -0.064796 -0.262537 -0.152936 -0.610917 -0.464477 -0.199217
VERTEX_POSE A238 -0.071542 0.702181 -0.984689 -0.125629 0.844513 -0.517372 -0.016219 0.658970 0.266722 0.615256 0.326484 0.668793 0.252219 0.215190 0.371567 -0.661589 0.546422 0.275392 -0.346240 -0.338057
VERTEX_POSE A239 -0.336364 -0.065473 0.915826 0.617322 -0.534192 -0.196113 0.368019 -0.400213 -0.720418 0.373786 -0.296177 -0.139954 -0.617328 -0.295886 0.620913 0.244812 -0.677828 -0.193433 -0.532746 -0.452889
VERTEX_POSE A240 0.891886 0.078545 -0.283969 0.818525 -0.682331 0.153298 0.467944 -0.852934 0.425390 -0.485061 -0.192279 -0.214146 0.469200 0.069808 0.369616 -0.337946 -0.251392 -0.782987 -0.459769 -0.409221
VERTEX_POSE A241 0.851064 -0.170732 0.017399 -0.507873 -0.362819 0.360036 0.369381 -0.410584 0.649845 -0.547237 0.478889 0.144890 -0.536911 -0.735394 0.528186 0.221993 -0.206768 -0.384841 -0.475957 -0.136120
VERTEX_POSE A242 0.087345 -0.610748 -0.086494 0.403612 -0.167801 -0.552864 -0.291230 0.593376 -0.541833 -0.466777 -0.466505 -0.379814 0.245321 0.391168 0.379152 -0.796220 0.141181 -0.335772 0.056173 -0.507280
VERTEX_POSE A243 0.260651 -0.744604 -0.149730 -0.006468 0.794625 -0.475444 -0.031529 -0.062196 -0.660077 0.528911 0.232086 -0.437264 -0.640482 -0.516624 0.382227 0.097234 -0.203234 0.030889 0.547346 -0.796281
VERTEX_POSE A244 0.551163 0.819180 -0.120995 -0.142767 0.432678 0.795744 -0.004665 0.585608 -0.329586 0.119176 0.214959 -0.365741 0.341239 0.541135 0.193919 -0.408227 -0.368388 -0.294608 -0.838261 0.426989
VERTEX_POSE A245 -0.935686 -0.287445 0.557306 -0.508922 0.871232 -0.620246 -0.013865 -0.350159 0.729666 0.237641 -0.376529 0.240269 -0.376291 0.626102 -0.015458 0.737327 0.030978 -0.157847 0.508025 0.585364
VERTEX_POSE A246 0.821076 -0.363163 -0.028375 0.495628 0.517947 0.090237 -0.395709 -0.564760 0.172661 -0.716051 0.605455 -0.671020 0.118583 -0.032313 -0.294139 -0.550133 -0.457988 0.652119 0.118227 -0.321983
VERTEX_POSE A247 -0.993881 -0.683492 0.935770 -0.379819 -0.330606 -0.436401 0.478832 -0.549212 0.558731 0.486013 -0.458078 -0.049437 0.710276 0.694620 -0.339369 0.166705 -0.060390 0.616245 0.047222 0.048863
VERTEX_POSE A248 0.195522 -0.601262 0.152634 0.195659 -0.705874 0.267826 -0.384384 0.471090 0.366074 -0.288053 -0.847095 -0.537933 0.027568 -0.169891 0.484505 -0.384441 0.177428 -0.519751 -0.787858 -0.012649
VERTEX_POSE A249 0.729179 -0.331731 -0.840990 -0.635426 0.686477 0.623177 0.664373 -0.391066 0.184598 -0.045374 0.293983 0.750448 -0.608817 0.118402 -0.117228 -0.429900 -0.773695 0.025684 0.032819 0.384731
VERTEX_POSE A250 -0.277662 -0.279937 0.334058 0.420885 -0.696403 0.511555 -0.515983 -0.395000 -0.465757 -0.470963 0.496605 -0.690577 -0.047433 -0.432158 -0.031734 0.695174 -0.132854 0.208513 0.162602 0.626855
VERTEX_POSE A251 0.312663 -0.038720 0.022030 0.287794 0.315300 0.696181 -0.409853 0.567513 -0.079130 -0.646976 -0.519100 0.082545 0.585741 0.099253 0.540869 0.226139 -0.430712 0.457950 0.138607 -0.461627
VERTEX_POSE A252 0.901287 0.827860 -0.849116 0.762702 -0.469253 -0.521229 -0.253336 -0.276984 -0.579179 -0.220965 0.154693 0.423586 -0.507174 -0.681780 -0.439350 0.336597 -0.612162 -0.142893 -0.718661 0.244507
VERTEX_POSE A253 -0.132006 0.492134 -0.058800 0.335923 -0.244088 -0.728894 -0.194429 0.427817 -0.016774 -0.140993 -0.572629 0.117008 -0.427245 -0.442769 0.673338 -0.092301 0.517014 0.036853 -0.866753 0.160376
VERTEX_POSE A254 0.893220 -0.557028 -0.404885 0.365092 0.909209 0.154160 -0.717076 0.645711 -0.803357 0.247664 0.507547 -0.528933 -0.355099 -0.427826 -0.223354 -0.546161 -0.342029 0.034570 -0.008783 0.159484
VERTEX_POSE A255 0.684606 -0.850712 0.694603 0.318387 0.331889 0.135111 -0.174838 0.224016 0.532510 0.477499 -0.555619 0.720241 -0.519027 -0.098335 -0.402989 -0.137273 -0.763332 0.130503 0.673197 0.220813
VERTEX_POSE A256 0.248674 -0.507721 0.325819 -0.898678 -0.490915 0.487041 -0.688216 0.305305 -0.479080 -0.350594 -0.268482 0.540932 -0.172522 -0.738952 -0.461356 -0.602369 -0.072880 -0.166783 0.104073 -0.532302
VERTEX_POSE A257 -0.924831 -0.191932 0.815762 -0.393287 0.195802 0.833179 -0.026048 0.530443 0.369515 -0.607505 -0.454386 -0.136248 0.274841 0.460994 -0.367767 -0.645806 0.534590 -0.124319 -0.371020 0.117738
VERTEX_POSE A258 -0.409427 -0.524258 0.971341 0.950442 0.972582 -0.386076 0.201006 0.684049 -0.347315 0.473489 -0.342414 -0.277033 0.571294 -0.372401 0.151148 -0.305036 -0.503989 0.794182 0.562121 0.148806
VERTEX_POSE A259 0.556769 0.856707 -0.932786 0.494610 0.942902 0.704997 -0.032709 0.337047 -0.583045 -0.074343 0.678441 0.064520 0.773110 -0.182704 -0.394300 0.262528 -0.353951 -0.058338 -0.571649 -0.517160
VERTEX_POSE A260 -0.786084 -0.778206 0.113415 0.257091 0.493846 -0.329651 -0.394896 0.435748 0.079282 0.298036 -0.711111 -0.593657 0.659167 0.128128 -0.687336 -0.462308 -0.484254 -0.245325 0.327112 0.231356
VERTEX_POSE A261 0.338749 0.062067 0.605537 0.574068 -0.197210 -0.159239 -0.630380 0.642334 0.035201 -0.626986 -0.435489 -0.007245 -0.048918 0.495542 0.140237 -0.454846 -0.349051 -0.976568 0.015236 -0.174237
VERTEX_POSE A262 -0.828788 -0.389635 -0.353627 -0.288524 -0.496915 -0.389792 -0.202373 -0.551098 0.453158 -0.357903 -0.079711 0.621404 0.158726 -0.678167 0.497698 0.137009 0.467134 -0.094146 0.887122 -0.108683
VERTEX_POSE A263 -0.987201 0.196522 0.142496 -0.491417 -0.345507 0.384162 0.092240 0.284287 0.086176 0.246818 0.645703 0.496397 0.774705 -0.227403 0.577376 -0.378053 -0.494682 0.514995 -0.432991 0.453680
VERTEX_POSE A264 -0.051144 -0.359435 -0.895514 0.016085 0.280365 -0.058484 -0.146038 0.670185 0.163348 0.126268 -0.189015 -0.558718 0.529865 0.472749 0.781384 0.519887 0.303566 -0.217185 0.641631 -0.446634
VERTEX_POSE A265 -0.948258 0.508690 -0.107940 0.503480 0.891424 -0.061949 0.627292 -0.237958 -0.298796 -0.330604 0.588406 -0.545718 0.378360 0.518143 -0.533410 -0.540497 -0.441650 0.569692 -0.248822 0.365550
VERTEX_POSE A266 0.734902 0.646703 0.210294 -0.938003 0.830162 -0.742510 0.643341 -0.071563 0.086846 -0.083634 -0.623162 0.115206 -0.009941 -0.563008 -0.549808 -0.536007 -0.370989 0.354365 0.540106 -0.389790
VERTEX_POSE A267 -0.901012 -0.743007 0.323673 0.031391 0.627601 0.851953 0.377218 0.283621 0.382145 -0.176846 -0.528960 -0.200636 0.292116 0.655027 -0.223992 0.134122 -0.012597 0.194200 -0.850360 0.458848
VERTEX_POSE A268 -0.454967 0.424460 0.697993 -0.643727 -0.061278 0.219009 0.412405 0.402244 0.202697 0.023143 -0.636990 -0.134479 0.297160 0.540445 -0.754544 -0.470489 0.117488 -0.568794 0.720918 -0.355752
VERTEX_POSE A269 -0.336640 0.348883 0.225605 -0.063632 0.674676 -0.073706 0.084504 -0.522787 -0.667212 0.192192 0.475114 0.394961 -0.689860 0.172596 0.010842 0.254267 -0.593074 0.627123 0.644487 0.345594
VERTEX_POSE A270 -0.237376 0.191520 0.239499 -0.351286 -0.906591 0.561719 0.403170 0.373486 0.500934 -0.428563 -0.631364 -0.209511 -0.095601 0.398570 0.343876 0.640649 -0.215146 -0.520952 0.483959 -0.506698
VERTEX_POSE A271 -0.563081 -0.496995 -0.585977 -0.825202 0.256390 0.358910 -0.350505 0.341779 0.634759 0.448087 -0.536567 -0.401318 0.463685 -0.262423 -0.474192 0.308352 0.186804 0.286967 0.605210 0.701086
VERTEX_POSE A272 -0.485576 -0.821849 -0.756996 0.428495 -0.688143 0.436435 0.270314 -0.347981 -0.571971 0.467109 -0.004450 -0.578569 0.237873 0.042947 -0.332709 -0.492298 -0.802428 -0.192191 -0.640156 0.482861
VERTEX_POSE A273 0.849969 0.580772 -0.846996 -0.947674 -0.074392 0.491637 -0.007363 0.348903 -0.330685 -0.078920 0.867711 -0.318166 0.124605 -0.335042 -0.616587 -0.566171 -0.072852 -0.409305 0.810951 0.088230
VERTEX_POSE A274 0.697569 -0.241599 0.264294 0.168330 0.051015 0.250841 0.625476 -0.675859 -0.677600 0.513541 0.050882 0.117944 0.317613 0.609909 -0.563924 -0.433333 -0.363575 0.382120 -0.237485 -0.190917
VERTEX_POSE A275 -0.934413 0.997331 0.122009 -0.714272 0.744535 -0.280164 -0.483796 0.529459 -0.079545 -0.273675 0.569023 -0.068511 0.798412 0.453238 0.516740 -0.230558 -0.181422 0.802164 0.020603 0.396923
VERTEX_POSE A276 0.914283 -0.706673 0.710310 -0.456595 -0.203160 0.443778 -0.516968 -0.029644 -0.099106 0.421772 -0.209006 -0.370778 -0.438699 -0.809643 0.635433 -0.258606 -0.053783 0.501984 0.543616 -0.544999
VERTEX_POSE A277 0.518646 0.395239 -0.764081 -0.336042 -0.431037 -0.518546 -0.704428 -0.090296 -0.090617 -0.334985 0.489273 -0.404233 0.436068 0.718991 -0.517767 0.448172 -0.479661 -0.539825 -0.023504 -0.073729
VERTEX_POSE A278 -0.928293 -0.686161 0.057779 -0.094091 -0.586071 0.478373 -0.283757 -0.695463 -0.059351 0.520225 -0.627160 -0.693298 -0.230443 -0.304982 0.200609 -0.710793 -0.009309 0.496720 0.300860 0.172918
VERTEX_POSE A279 0.109805 -0.307935 -0.137056 0.739064 0.090966 0.161627 0.587971 0.243412 0.486780 0.579636 0.019176 0.429449 -0.522955 0.509718 -0.527942 0.109390 -0.266834 -0.523233 0.181284 0.780622
VERTEX_POSE A280 0.247825 -0.936493 -0.605072 0.028532 -0.744560 0.505016 0.666231 -0.329177 -0.258865 0.561547 0.542589 0.419126 -0.213598 -0.374261 -0.568333 0.364591 -0.626861 0.423412 0.249501 0.253404
VERTEX_POSE A281 -0.205955 0.033903 -0.608162 -0.673206 -0.282474 -0.045036 0.430365 0.285601 0.556837 0.705794 0.142112 -0.192602 0.431595 -0.685189 0.041046 -0.044615 0.593644 -0.805682 0.358297 0.276295
VERTEX_POSE A282 -0.577532 0.653344 0.884974 0.026858 -0.593735 -0.284263 -0.054828 -0.218538 -0.495690 0.521405 0.328835 0.225362 0.346435 0.725492 -0.453913 0.492826 -0.410877 -0.645492 -0.601861 0.385942
VERTEX_POSE A283 0.149111 0.891368 -0.454187 -0.208766 -0.213814 0.095884 -0.042929 0.491469 -0.199530 -0.311815 -0.781278 -0.558771 0.335734 -0.116683 -0.381873 0.689399 0.030555 -0.702098 -0.559411 0.365395
VERTEX_POSE A284 0.662039 -0.473963 0.333038 0.662717 0.473438 -0.058507 -0.699725 -0.098839 -0.501159 0.255713 0.724958 -0.733213 -0.241108 -0.388482 0.436007 -0.360210 0.309286 -0.133092 -0.507061 0.467003
VERTEX_POSE A285 -0.684312 -0.903684 -0.519911 -0.608050 -0.684526 -0.130424 -0.042196 0.470166 -0.672267 0.404496 -0.323623 -0.440937 -0.091295 -0.408688 0.222747 -0.608574 -0.604368 0.535729 0.675208 -0.376729
VERTEX_POSE A286 -0.166283 -0.959344 -0.759585 -0.890379 -0.881925 -0.120338 -0.482638 -0.519242 0.332879 -0.304713 0.569319 0.813347 0.411186 -0.156916 -0.444662 0.695513 0.109738 0.124313 0.146279 -0.607947
VERTEX_POSE A287 -0.089287 0.018316 -0.341143 0.764040 0.982522 -0.485912 -0.250195 -0.689914 -0.299565 0.421986 -0.213302 -0.628917 0.553288 0.342389 0.465600 0.627377 -0.537957 0.248657 0.244132 0.268129
VERTEX_POSE A288 -0.609142 -0.095616 -0.704149 -0.001337 0.511276 -0.045046 -0.507466 0.586274 0.577536 -0.099112 -0.609366 0.311793 0.805971 0.413420 -0.599097 0.222725 -0.223515 -0.456390 0.182916 -0.253142
VERTEX_POSE A289 0.424290 -0.483602 -0.788243 -0.939937 -0.909342 0.001250 -0.767662 0.214397 -0.968661 -0.042476 -0.190176 -0.155103 0.584224 0.508241 0.011574 0.017401 0.568911 0.193659 0.259366 -0.579567
VERTEX_POSE A290 -0.532519 -0.124978 -0.273929 0.258650 0.925424 -0.596058 0.693421 0.223421 0.255596 0.633805 -0.483209 -0.308370 -0.101504 -0.526535 0.691932 0.305294 0.065454 0.074319 0.118113 0.659597
VERTEX_POSE A291 -0.395226 0.126179 0.409266 -0.744246 0.005122 0.424287 -0.090921 -0.177848 -0.117963 -0.041959 0.791665 0.328491 0.899521 -0.071098 -0.548240 -0.011283 -0.552856 -0.630549 0.425096 0.175873
VERTEX_POSE A292 -0.236961 0.578465 0.817294 0.634131 -0.106552 -0.120288 0.249138 0.569618 -0.249136 0.264804 0.464024 0.633748 -0.144897 -0.215177 0.431847 -0.552252 0.638724 0.579080 0.736093 0.077123
VERTEX_POSE A293 -0.361306 0.485388 0.372444 0.970126 -0.571491 0.648362 -0.457363 0.064918 -0.600376 -0.529288 -0.514925 0.265797 -0.253407 -0.401041 -0.379443 -0.002762 0.553497 0.067456 0.668169 -0.513269
VERTEX_POSE A294 -0.382427 -0.677300 -0.448238 -0.235663 0.659615 0.422464 0.674951 -0.436539 -0.633818 -0.002528 0.101751 -0.436119 0.345481 -0.325351 0.349583 -0.608559 -0.385604 -0.327705 -0.233952 -0.737927
VERTEX_POSE A295 0.711896 -0.780970 0.921780 -0.349784 -0.826187 -0.169144 -0.710079 -0.672676 -0.892555 0.152144 0.103647 0.075936 0.381627 -0.520128 0.321959 0.329635 -0.284869 -0.255562 0.467271 -0.430210
VERTEX_POSE A296 -0.309565 -0.005922 -0.735497 0.473605 -0.680067 -0.752603 0.037680 -0.528701 -0.562976 0.318813 0.537435 0.146927 0.651852 0.324535 0.279526 0.575546 -0.561225 0.130096 -0.375198 0.106498
VERTEX_POSE A297 -0.647526 0.969403 0.762056 -0.173666 0.489777 -0.741278 -0.294381 0.534425 -0.271120 0.367109 -0.028076 -0.172190 0.611669 -0.276063 -0.589348 0.027574 -0.574348 -0.004543 -0.635352 -0.554540
VERTEX_POSE A298 0.810884 -0.523977 0.245453 0.681608 0.801414 -0.546319 0.492526 -0.528324 0.166701 0.013907 -0.702379 0.446644 0.526894 0.001063 -0.352289 0.570427 0.476961 -0.591732 -0.392709 0.006747
VERTEX_POSE A299 0.235468 -0.581462 0.962496 0.829878 0.258655 -0.598284 0.016128 -0.666261 0.470642 0.699872 -0.197571 -0.000590 -0.004581 -0.516549 0.635267 -0.586803 -0.428687 0.130339 0.406891 -0.257811
VERTEX_POSE A300 0.015834 0.318286 -0.012339 0.762702 0.164453 0.400033 0.340946 0.636373 -0.855390 -0.078043 0.189766 -0.248682 0.576894 0.410629 0.191943 -0.557723 0.324065 -0.097961 -0.483532 0.534213
VERTEX_POSE A301 -0.426491 0.667543 -0.515049 -0.669679 0.894823 0.470649 -0.432003 -0.265800 -0.531353 -0.231081 -0.435475 0.558651 0.251655 -0.635060 -0.318226 -0.448036 -0.450335 0.287739 -0.704208 0.365526
VERTEX_POSE A302 0.672387 -0.078457 -0.623481 -0.995325 -0.484955 0.452635 0.387411 -0.465632 -0.345044 0.131053 0.546673 0.025018 -0.031929 0.461713 -0.566124 0.759599 -0.165483 -0.595772 -0.504706 -0.493733
VERTEX_POSE A303 0.530258 0.496438 0.230665 0.191196 0.476310 0.432012 0.383930 -0.125326 -0.521802 0.431300 -0.568769 0.433124 -0.596764 -0.407396 -0.314839 -0.417014 -0.530242 0.504349 0.369528 -0.462241
VERTEX_POSE A304 -0.576522 0.248315 -0.362044 -0.617352 -0.179569 -0.052065 -0.151203 -0.617337 -0.403909 0.338490 0.321393 -0.634179 -0.159215 0.421210 -0.481802 0.590576 -0.524911 -0.447024 -0.698880 -0.250303
VERTEX_POSE A305 0.369956 0.679945 0.640813 0.173005 0.566060 0.616123 0.320240 -0.301979 0.059527 0.509090 -0.448642 -0.192262 0.698607 0.111396 -0.419749 0.374339 0.477082 -0.635370 -0.100465 -0.683750
VERTEX_POSE A306 0.595845 0.493769 -0.647325 0.476924 0.220845 0.696747 0.418378 0.504892 -0.368675 -0.481306 0.629307 0.055805 -0.086903 -0.164585 0.148527 -0.290561 0.478177 -0.594515 0.708044 0.305476
VERTEX_POSE A307 -0.662239 0.541642 -0.651734 -0.073948 0.617271 -0.325250 -0.754265 -0.514347 0.386112 -0.388576 0.209492 -0.423013 0.469896 -0.239878 0.552980 0.237340 -0.780001 0.510297 -0.054406 0.160053
VERTEX_POSE A308 -0.111398 0.075183 0.876732 0.836963 -0.864977 0.508539 0.228842 -0.565605 -0.320336 0.798310 -0.321501 -0.031463 -0.009088 -0.321696 0.587072 0.486696 0.602862 -0.541415 0.270881 0.331356
VERTEX_POSE A309 0.667552 0.807608 0.410454 -0.617167 0.634774 0.698629 0.210104 -0.176272 -0.263404 0.409173 -0.487937 0.300446 0.692688 0.513560 0.096832 0.294918 -0.663746 0.585570 -0.470788 -0.162919
VERTEX_POSE A310 0.447566 -0.766293 0.211210 -0.334884 -0.291763 0.492013 0.272662 -0.692924 0.520028 0.547693 0.539707 0.555298 -0.293975 0.255654 0.179245 0.122238 -0.403250 -0.383419 0.724103 0.024566
VERTEX_POSE A311 -0.863574 0.138691 -0.728340 -0.134505 -0.609537 0.596930 -0.392592 0.046650 0.121224 0.623561 0.745372 -0.032425 0.559829 -0.532520 -0.062269 0.287764 -0.345231 -0.789969 -0.246631 0.198702
VERTEX_POSE A312 -0.538403 -0.158489 0.802292 -0.290373 -0.647701 -0.161436 -0.557440 -0.483875 -0.196287 -0.479319 0.110264 0.925174 -0.361971 0.114013 0.276115 0.565443 -0.433663 -0.056783 0.093625 0.743400
VERTEX_POSE A313 0.870033 0.887051 0.096184 0.691974 0.114502 -0.362923 0.546741 0.611348 -0.254931 -0.321601 -0.431770 0.285482 -0.571839 0.611296 -0.517990 -0.520012 0.240283 0.673412 0.015336 0.091698
VERTEX_POSE A314 0.285538 0.030058 -0.182528 0.656729 0.176649 0.535211 -0.129068 -0.004993 0.010515 -0.413116 0.888446 0.299620 -0.471515 -0.387508 -0.592809 -0.678878 -0.238247 -0.521770 0.359828 0.060946
VERTEX_POSE A315 -0.876364 0.367548 0.135330 -0.627655 0.825737 0.686345 -0.003541 -0.406443 0.533330 -0.560713 0.235928 0.198493 0.448297 -0.602747 -0.408851 -0.202450 -0.444733 -0.194758 -0.666058 -0.466960
VERTEX_POSE A316 -0.814278 0.983367 0.576273 -0.916076 0.429976 -0.232740 -0.342480 -0.732637 -0.528134 -0.388969 0.443890 -0.435296 -0.470663 0.058856 -0.634759 0.684434 0.076866 0.272956 -0.203563 0.506786
VERTEX_POSE A317 -0.880745 0.070714 0.057888 0.766350 0.294725 0.550153 -0.144927 -0.246632 -0.382532 -0.655562 0.543111 0.301234 -0.571546 -0.376964 0.671060 -0.067678 0.633996 -0.099688 -0.466894 -0.316464
VERTEX_POSE A318 0.034349 -0.614136 0.794187 -0.863616 0.808259 -0.485662 -0.186762 0.224867 0.503776 0.188730 0.833966 -0.456434 0.859940 0.082704 -0.304400 -0.025001 0.277105 -0.457549 -0.435176 0.412684
VERTEX_POSE A319 -0.423421 -0.112248 0.872123 0.082587 -0.058748 -0.564211 -0.127094 -0.281696 -0.612212 0.469664 -0.162512 -0.315485 0.171505 -0.093055 -0.416410 -0.792322 0.295917 0.184216 -0.325691 -0.893315
VERTEX_POSE A320 0.543545 0.587112 0.269644 0.826413 0.385383 0.382900 -0.299880 -0.610994 -0.462883 0.258518 0.105640 0.781534 0.174316 0.292799 0.008143 0.714545 -0.637020 -0.168125 -0.549799 -0.352138
VERTEX_POSE A321 0.501830 0.260887 -0.479742 0.395034 0.733683 0.030357 -0.555020 -0.711770 -0.580645 0.358457 0.086603 -0.244370 -0.684160 0.428130 -0.037162 -0.302956 0.489381 0.775133 0.060039 0.251184
VERTEX_POSE A322 0.181353 -0.986070 0.281389 0.338341 0.946374 0.497193 -0.030470 -0.274086 -0.511662 -0.246556 0.038734 0.407168 -0.689903 -0.380599 0.567727 0.238871 0.608523 0.053863 0.636597 -0.638922
VERTEX_POSE A323 -0.693416 0.165577 0.086938 0.460544 -0.721170 -0.680839 0.635496 -0.134301 -0.021254 0.005668 0.431206 -0.137821 0.280699 -0.228109 -0.644593 -0.456849 0.517493 0.318609 0.555527 0.690066
VERTEX_POSE A324 -0.859476 -0.253726 0.892702 0.365160 -0.837807 0.680742 0.497059 0.231974 0.350400 0.213077 -0.672247 -0.499857 0.231120 0.070946 0.306758 -0.335984 0.630186 -0.264297 0.735682 0.303489
VERTEX_POSE A325 0.798926 -0.663369 0.833152 -0.897322 0.605989 -0.281982 0.550184 0.548701 0.047418 0.572130 -0.610137 -0.158684 -0.515293 -0.347182 -0.686995 0.183779 -0.396330 -0.648918 -0.265825 0.221467
VERTEX_POSE A326 -0.981520 0.384607 0.008718 -0.889240 -0.547357 -0.186016 -0.638814 -0.051829 -0.828916 0.473462 0.200989 -0.100869 -0.171366 -0.082579 0.120532 0.412295 -0.839101 -0.503581 -0.410362 -0.495991
VERTEX_POSE A327 -0.169041 0.740352 -0.842795 -0.161235 -0.517874 -0.166819 0.511073 0.741764 0.624181 0.599417 -0.251673 0.437572 -0.609161 0.292149 0.077005 -0.088318 0.517555 -0.620621 0.025032 -0.182300
VERTEX_POSE A328 -0.848600 -0.693966 0.595208 -0.070989 0.095766 0.108910 0.677734 -0.212478 0.560793 -0.046058 0.735092 -0.464246 -0.557575 0.037949 0.102387 0.078569 -0.413593 -0.669061 0.470629 0.491927
VERTEX_POSE A329 0.829364 0.860630 -0.745829 0.792368 -0.745943 0.006522 -0.722874 0.339663 0.722555 0.325540 0.495972 0.367594 -0.429198 -0.589006 -0.327521 0.413092 -0.260844 -0.485259 -0.128922 0.472941
VERTEX_POSE A330 -0.933574 -0.841110 -0.880299 -0.331358 0.740780 -0.745585 0.041080 -0.578741 0.059098 0.531935 -0.111896 -0.461566 -0.466846 0.169435 0.463687 -0.567625 -0.633726 0.112074 0.418587 -0.471404
VERTEX_POSE A331 0.167234 0.624320 -0.417131 -0.308287 -0.739781 -0.567064 -0.165577 -0.704065 0.233015 0.626593 -0.582284 -0.519335 0.657728 0.393789 0.568299 0.060598 -0.100085 0.177399 0.379062 -0.012301
VERTEX_POSE A332 -0.597127 0.528173 -0.260877 -0.877311 -0.851120 -0.179272 -0.308621 0.673048 -0.160294 0.928196 0.131693 0.827013 0.171045 0.432328 0.470334 -0.060590 -0.545599 -0.192360 0.101383 -0.212316
VERTEX_POSE A333 0.738813 0.080433 -0.503780 -0.326682 -0.744174 0.108441 -0.316361 0.613828 0.809067 0.379525 0.339398 -0.444332 0.659869 0.201663 0.143564 0.540548 -0.314060 0.340015 -0.168101 -0.607225
VERTEX_POSE A334 -0.302508 0.120758 0.813535 0.882909 0.736529 0.707915 -0.202831 0.321412 0.333951 -0.421181 0.024167 -0.064165 -0.699510 -0.642398 -0.568066 -0.204725 0.198779 0.246000 0.500240 -0.666275
VERTEX_POSE A335 -0.173649 -0.223512 0.377078 -0.494663 -0.030689 0.150106 0.291191 0.387100 0.479263 0.508577 -0.338250 0.579867 0.102320 -0.361009 -0.457269 -0.031887 -0.772959 -0.449927 0.803163 0.089144
VERTEX_POSE A336 0.108769 -0.239622 -0.862966 0.846323 0.821886 -0.413619 -0.643854 0.478971 -0.685274 0.185573 -0.485742 -0.522994 0.383790 0.527188 0.226025 0.543597 0.472156 0.186301 -0.328972 0.183800
VERTEX_POSE A337 -0.706663 -0.385473 -0.833791 0.359834 -0.042626 0.837402 0.164457 0.301052 -0.060384 0.574405 -0.640645 0.150432 0.633372 0.238358 0.268395 0.072509 -0.514596 0.447712 -0.486411 -0.421092
VERTEX_POSE A338 0.164111 -0.681869 0.725344 0.431389 -0.413418 0.444000 -0.350453 0.287697 0.583226 0.337198 0.568011 -0.225574 -0.616117 0.129743 0.023537 -0.562339 0.334793 -0.641306 0.260104 0.682404
VERTEX_POSE A339 0.997371 0.835561 -0.986235 0.683287 0.956909 -0.534565 0.613341 0.224317 0.552350 0.137255 -0.319931 0.512579 0.347631 0.757515 0.279414 -0.315732 0.142684 0.261421 0.620033 -0.503129
VERTEX_POSE A340 0.960889 -0.577865 0.576663 0.742667 -0.407852 0.436845 0.426356 0.060485 -0.027425 0.576004 -0.648350 0.583767 -0.597080 -0.228299 -0.676548 -0.221386 -0.025204 -0.099563 -0.284472 -0.723345
VERTEX_POSE A341 -0.388323 -0.448162 -0.063446 -0.903495 0.294819 0.583822 -0.388557 0.028509 -0.440856 0.415943 -0.348582 -0.337495 -0.251837 0.790097 -0.589318 -0.489708 -0.113538 0.059997 0.610556 0.490442
VERTEX_POSE A342 -0.866203 -0.025748 -0.714575 -0.451219 -0.652628 -0.362881 -0.037459 0.698850 -0.463686 0.040416 -0.671038 -0.228157 -0.573469 0.167065 -0.351406 0.787607 0.172745 -0.691210 -0.218567 -0.059705
VERTEX_POSE A343 -0.577514 0.263646 0.378955 -0.547706 -0.055553 -0.415978 -0.186621 -0.358440 0.199697 -0.559718 0.402750 -0.830460 -0.314318 0.117045 0.147830 -0.482685 0.431762 -0.274893 0.565780 0.713579
VERTEX_POSE A344 -0.518290 -0.561111 -0.967262 0.788479 -0.590680 -0.823302 -0.008337 0.533942 0.146565 -0.821382 0.203901 0.121766 0.521016 0.063459 0.478428 0.178549 0.816757 0.238689 -0.148070 0.047024
VERTEX_POSE A345 0.419335 -0.995689 0.102897 -0.794490 0.524021 0.624463 0.583216 -0.094959 -0.669271 0.673594 0.011998 0.095025 0.135182 -0.884934 0.057820 0.413840 0.295303 0.386974 0.128811 0.347168
VERTEX_POSE A346 -0.453878 -0.368805 -0.485715 -0.175361 -0.229816 0.346664 -0.052241 -0.474985 -0.115183 0.577322 0.174867 -0.595891 0.302948 -0.719430 0.049476 -0.632134 -0.354350 -0.713459 -0.415451 0.317282
VERTEX_POSE A347 -0.332568 -0.577744 0.609010 0.872403 0.839296 -0.546015 -0.433692 0.445763 -0.145681 -0.478305 -0.214917 0.631133 0.122709 0.528514 -0.399029 0.401079 0.601411 0.350844 -0.638133 0.337764
VERTEX_POSE A348 0.538590 0.075025 -0.839215 0.971860 -0.181254 -0.665503 -0.517847 -0.401602 0.163201 -0.258784 -0.425448 -0.069925 0.030320 0.487270 -0.087738 -0.646423 0.630533 0.719641 -0.496068 -0.150685
VERTEX_POSE A349 0.580471 0.017059 -0.691528 -0.038976 -0.421557 0.351594 -0.387005 0.504246 -0.344447 -0.483275 0.155918 -0.714502 -0.132716 0.455068 -0.447054 0.546786 -0.105525 0.217641 0.547800 0.709368
VERTEX_POSE A350 0.244011 0.310008 0.481134 -0.045010 -0.219452 0.231853 -0.631183 0.430344 -0.134448 0.538785 0.239138 -0.733073 -0.068813 0.615713 0.157662 0.536083 0.194517 -0.604908 -0.138559 -0.583675
VERTEX_POSE A351 0.082135 -0.337863 0.430429 0.798274 -0.795871 -0.560389 0.363935 0.387682 0.177078 0.663985 -0.467062 -0.203069 0.061018 0.579877 -0.229916 0.572874 -0.057099 -0.748671 -0.307842 -0.540405
VERTEX_POSE A352 0.082301 -0.722054 -0.171270 -0.643942 -0.687873 0.538529 -0.187335 0.077512 0.029769 -0.625077 0.661214 -0.507142 -0.667152 -0.489917 0.073418 -0.186661 0.270639 0.668219 -0.307000 -0.493481
VERTEX_POSE A353 -0.574636 0.323938 -0.237477 -0.706669 -0.273078 0.445825 0.074965 0.427846 0.156725 0.518611 0.631842 0.610464 -0.494754 -0.150802 -0.399990 -0.673154 0.620157 -0.493983 0.165847 -0.101918
VERTEX_POSE A354 0.388719 0.827714 -0.482633 0.258818 -0.517041 -0.439541 0.345672 -0.316753 -0.111071 -0.347767 -0.835190 -0.512923 0.593405 -0.069252 0.467303 0.583209 -0.043147 -0.559467 -0.259435 0.442117
VERTEX_POSE A355 0.222825 0.024220 -0.278568 0.721217 -0.525681 0.065683 0.237023 -0.456285 -0.689133 -0.065621 0.138261 -0.342959 -0.058712 -0.839985 0.628631 -0.261145 -0.259062 0.089350 0.931595 0.000271
VERTEX_POSE A356 -0.775711 0.660569 -0.404325 -0.603991 -0.667089 0.806128 -0.336404 0.209813 0.018288 0.339379 0.276380 0.082066 0.097162 0.835071 0.153402 -0.613523 -0.207579 -0.565293 -0.621130 0.373042
VERTEX_POSE A357 0.407199 0.212320 0.526086 0.369578 -0.064398 -0.311441 0.519045 0.400014 -0.097325 -0.613305 0.782561 0.212572 -0.147846 -0.047724 0.576474 -0.344728 -0.180981 0.718347 0.462335 0.438812
VERTEX_POSE A358 -0.946217 -0.235428 -0.121363 -0.440018 -0.043555 -0.713880 0.433582 -0.346400 -0.006247 0.507881 -0.330993 -0.037566 0.467470 0.700177 0.663507 0.342370 -0.435996 0.220643 0.467244 0.300183
VERTEX_POSE A359 -0.624311 0.966603 -0.809117 0.325020 0.428677 -0.601056 0.247598 -0.425486 -0.044746 -0.299230 -0.205799 0.127539 0.699121 -0.497693 0.321291 -0.521526 -0.725921 0.719191 0.297316 0.044158
VERTEX_POSE A360 0.236564 0.072950 0.780257 0.161946 0.189658 -0.613514 -0.213651 0.111980 -0.554234 0.568870 -0.006084 -0.467462 -0.576844 0.268268 -0.311908 0.309784 -0.549012 0.024876 0.449471 0.783608
VERTEX_POSE A361 -0.879790 -0.076538 -0.001662 0.228624 -0.302774 0.488164 -0.242440 -0.251499 0.202740 -0.128593 -0.543964 0.549780 -0.225367 -0.246745 0.062615 -0.793633 0.557784 0.643750 0.494008 0.518502
VERTEX_POSE A362 0.542923 0.590923 -0.226248 -0.983267 0.688896 0.494320 -0.637106 -0.049060 -0.433179 -0.618664 -0.348029 0.663147 0.238183 -0.548521 -0.219006 0.380987 -0.112643 -0.283329 0.097306 -0.750270
VERTEX_POSE A363 0.639436 -0.398877 -0.480621 0.284635 0.338538 -0.290282 -0.578965 -0.591196 0.178575 0.531881 -0.754617 -0.684518 -0.104662 0.085781 0.643320 -0.499850 0.049626 -0.037710 0.347991 0.266870
VERTEX_POSE A364 0.859023 -0.996104 0.494558 0.901942 -0.046949 -0.349502 -0.620925 0.697801 0.410494 -0.399860 -0.213927 0.141823 0.050767 0.052382 0.599481 -0.514644 -0.104373 0.574327 0.432584 0.673551
VERTEX_POSE A365 -0.759585 -0.288319 -0.412714 0.899642 0.425425 0.361052 0.577940 0.304030 0.610000 -0.240415 0.499952 0.599636 -0.473167 -0.490269 -0.366844 -0.615770 0.408727 0.058338 -0.071598 0.500192
VERTEX_POSE A366 -0.534213 0.377611 0.896458 0.789971 -0.692151 0.357359 0.464868 0.448248 0.205680 0.787535 -0.228173 -0.816173 0.349624 0.370547 -0.032477 -0.165018 0.586023 0.403482 -0.119239 0.516026
VERTEX_POSE A367 -0.032208 -0.235726 0.631592 0.748265 -0.225063 -0.176373 0.788633 0.125118 -0.207729 0.426561 0.404146 -0.835794 -0.086463 -0.508822 0.417515 0.147276 -0.424175 -0.229937 -0.408580 0.618213
VERTEX_POSE A368 -0.466248 0.326207 -0.246504 0.259476 -0.617201 -0.484621 -0.728228 -0.080018 -0.330553 -0.271734 0.299737 -0.236722 0.374835 -0.492306 0.346454 -0.397162 -0.756930 0.692683 -0.312418 0.297398
VERTEX_POSE A369 0.629898 0.695742 0.621802 0.221360 -0.105570 0.604602 -0.683822 -0.273928 0.254252 0.270299 -0.676390 -0.432038 0.074474 -0.391001 -0.560406 -0.428863 -0.454879 0.262869 0.519477 -0.328123
VERTEX_POSE A370 -0.034837 -0.400165 0.645357 0.431552 -0.268154 0.486898 -0.525834 0.320491 0.647907 0.435801 0.486817 0.221265 0.166381 -0.352684 -0.259123 -0.560798 0.433412 -0.476492 0.437491 0.589969
VERTEX_POSE A371 -0.505358 0.748342 -0.669841 0.002143 -0.025053 -0.219536 0.731823 -0.583877 -0.691258 -0.418547 -0.305749 -0.486707 -0.195543 0.191281 -0.160013 0.339225 0.659672 -0.459867 0.368703 0.306348
VERTEX_POSE A372 -0.758425 -0.752420 -0.441644 0.317865 -0.810751 0.110997 0.357380 -0.409171 -0.515820 -0.027398 0.080873 0.246343 -0.395111 -0.807405 -0.418115 -0.751469 0.011485 -0.697212 0.388215 -0.417137
VERTEX_POSE A373 0.098960 0.574088 0.930782 0.980333 0.079218 -0.612961 -0.145159 -0.458168 0.092122 -0.464829 -0.115898 -0.755011 0.143645 0.113495 -0.018728 0.782186 0.216203 -0.213072 -0.361129 0.846773
VERTEX_POSE A374 -0.082872 0.011989 0.709114 0.454437 0.919394 -0.386199 -0.054652 -0.168120 -0.259853 -0.655783 -0.162465 0.436637 0.516965 -0.317956 -0.511699 0.417983 0.658443 0.575185 -0.353553 0.640857
VERTEX_POSE A375 -0.276715 -0.313531 -0.408906 0.106344 -0.401431 -0.447884 -0.522649 -0.240172 0.410091 0.357988 0.433944 -0.605204 0.588437 -0.139740 -0.072811 -0.488273 0.563401 0.509560 -0.118379 -0.645803
VERTEX_POSE A376 -0.481705 0.578398 0.033679 -0.814156 -0.396761 0.737348 0.270977 -0.473820 -0.005221 -0.717350 -0.497055 -0.416757 0.245224 -0.718797 -0.531191 0.212652 -0.091195 -0.020963 -0.553737 0.058708
VERTEX_POSE A377 0.463250 0.643184 -0.776601 -0.720924 -0.310422 0.116760 -0.585747 -0.554129 -0.772218 0.037294 -0.244810 -0.173761 0.698684 -0.125656 -0.535777 -0.409079 0.553574 -0.269810 0.002152 -0.557473
VERTEX_POSE A378 0.390717 0.108725 -0.799896 -0.021253 -0.562134 0.145377 0.118394 -0.705715 0.493187 0.779549 -0.021014 0.244559 -0.485679 -0.109911 0.241970 -0.249287 -0.598480 -0.785668 0.283299 -0.362306
VERTEX_POSE A379 -0.943116 -0.346577 0.194464 -0.842296 0.421985 -0.328860 0.715452 -0.435350 0.509417 0.276152 -0.155854 0.607148 0.414562 0.496930 0.291243 0.141676 -0.552607 0.422958 -0.468972 -0.483598
VERTEX_POSE A380 0.043722 -0.339757 -0.468129 0.240100 0.268021 0.129488 0.469382 -0.222669 0.412632 -0.157367 -0.424827 0.621438 -0.562697 -0.140214 0.292011 0.582648 -0.465026 -0.584390 -0.314339 -0.730775
VERTEX_POSE A381 -0.365272 -0.581267 0.681238 0.933737 0.218414 -0.316152 0.647354 -0.100753 0.394296 0.461750 0.642249 -0.463384 0.138566 0.549472 0.106197 -0.554601 0.511452 -0.720122 -0.202329 0.117741
VERTEX_POSE A382 0.139019 0.315560 -0.375107 0.955978 0.626114 -0.338219 -0.211039 -0.539890 0.662597 0.472035 -0.270752 0.413918 -0.833109 -0.195224 -0.139179 -0.155169 0.692016 0.505841 -0.120401 0.343822
VERTEX_POSE A383 -0.873977 -0.061811 0.360601 0.596157 0.580148 0.508238 0.059255 -0.498157 -0.457488 -0.577720 0.151533 0.568526 -0.521091 -0.109948 0.286475 -0.485033 0.457009 0.356525 0.394887 0.712694
VERTEX_POSE A384 0.060092 0.742672 -0.556239 -0.772932 0.945336 -0.563386 0.388265 0.335238 0.474158 0.376845 0.173104 0.453079 0.581377 0.270622 0.344006 -0.606310 0.623608 0.366265 -0.040342 -0.628910
VERTEX_POSE A385 -0.472262 0.143273 0.142261 0.214795 -0.890927 -0.280037 -0.597424 0.654574 -0.667561 -0.289724 -0.397048 0.674573 -0.409731 -0.083128 -0.018577 0.298903 0.630468 0.143342 -0.549474 -0.097393
VERTEX_POSE A386 0.348848 0.962409 -0.917968 0.317375 -0.945533 0.460101 0.423433 0.393863 -0.677350 0.334054 0.631665 -0.395145 -0.163064 -0.095275 -0.051618 0.825820 -0.488849 0.413158 0.023338 0.444770
VERTEX_POSE A387 0.284381 0.403241 0.039435 -0.376924 -0.721753 0.726100 0.161364 0.462714 0.408572 -0.758829 -0.473750 -0.290194 0.194127 -0.216424 -0.022490 -0.308252 0.589907 0.470244 0.515204 -0.408200
VERTEX_POSE A388 0.934937 -0.644407 -0.331654 -0.415627 0.044674 -0.452246 -0.603100 -0.420276 0.642810 0.279575 -0.340950 0.440222 -0.491121 -0.240465 0.042963 0.089463 -0.709000 0.432004 -0.555792 0.382906
VERTEX_POSE A389 0.402631 -0.273019 -0.039331 0.877357 0.010912 -0.607237 -0.695303 -0.148421 0.216284 0.102472 0.538892 -0.332193 0.526523 -0.487072 0.122082 -0.340117 0.303621 -0.677664 0.336373 0.598450
VERTEX_POSE A390 0.660070 0.369843 0.230318 0.948096 0.706923 0.143698 0.188267 -0.835863 -0.408325 -0.488446 -0.378751 -0.739161 0.396364 0.225972 0.388725 0.585779 0.060436 -0.339346 0.475115 -0.321192
VERTEX_POSE A391 0.171501 0.428543 -0.551397 0.746319 -0.765667 0.360280 -0.554475 0.652818 -0.119118 0.312289 0.525025 0.090067 0.403457 0.485338 -0.859991 -0.425195 0.188690 -0.329110 0.501462 0.164377
VERTEX_POSE A392 0.522841 0.650444 0.959007 0.105981 0.708138 -0.485480 -0.662198 -0.159045 -0.564291 0.334283 0.469320 -0.258257 -0.059524 0.638390 -0.323615 0.656624 -0.418821 -0.523891 -0.122678 -0.414115
VERTEX_POSE A393 0.202993 -0.039234 -0.995930 0.964829 0.395819 -0.305094 -0.663833 0.440077 -0.051773 0.705013 0.477643 0.469093 -0.078957 -0.561153 -0.736733 0.219880 -0.478412 0.376049 0.087755 0.185520
VERTEX_POSE A394 -0.189063 -0.970334 -0.032018 0.030954 0.572870 0.308751 -0.505252 0.236820 0.710012 0.433404 0.311032 -0.050168 -0.660223 0.413592 0.612370 -0.239278 -0.252142 0.151794 -0.252452 -0.782650
VERTEX_POSE A395 0.381864 0.654340 0.453565 0.007924 -0.338811 0.381447 0.210607 0.203326 0.083816 0.750526 -0.652225 -0.651250 0.372107 0.332862 0.594180 0.334803 0.507508 0.265135 -0.376562 -0.406080
VERTEX_POSE A396 0.443407 0.672446 -0.408643 0.864471 -0.178755 0.349575 -0.056609 0.059311 0.422517 0.603648 -0.671435 0.138558 -0.349693 -0.213220 0.394384 0.486539 0.706993 -0.724251 0.522876 -0.018883
VERTEX_POSE A397 0.276724 0.407277 -0.135560 -0.179075 0.880719 0.156763 -0.636768 -0.642648 0.129714 0.406308 -0.564536 0.451379 0.008453 0.435701 -0.529043 0.487922 -0.205327 0.689181 0.437380 -0.190548
VERTEX_POSE A398 -0.650344 -0.581386 0.085157 -0.243811 0.436126 0.201287 -0.037297 -0.718198 0.273594 0.217050 0.459666 -0.335786 -0.556993 -0.296314 0.599234 -0.736285 0.244724 -0.642493 -0.314868 0.353846
VERTEX_POSE A399 0.977160 -0.001346 0.344852 0.123946 0.204044 0.428011 0.397021 -0.265017 -0.478165 -0.621708 -0.260022 0.227573 -0.303407 -0.682205 -0.426277 0.528844 -0.601190 0.595536 -0.290037 -0.187941
VERTEX_POSE A400 -0.093377 0.103019 -0.513758 -0.957715 -0.224851 -0.228093 -0.756301 -0.564619 -0.469205 -0.212022 0.113893 0.622676 -0.593745 0.487572 0.445153 0.159844 -0.554754 0.376741 0.070518 -0.350365
VERTEX_POSE A401 0.314819 0.018449 -0.269487 -0.812259 -0.832028 0.283764 0.602720 -0.628549 -0.025637 0.284818 -0.149383 -0.434153 0.638433 0.577567 0.116340 0.375803 0.030942 -0.846639 -0.082359 -0.498067
VERTEX_POSE A402 -0.528199 -0.253004 0.675011 -0.873911 -0.821009 -0.271766 -0.519847 0.093966 -0.258196 0.507700 0.545498 -0.490672 -0.275327 0.592442 -0.714462 0.419474 -0.498371 0.329034 0.469293 0.306988
VERTEX_POSE A403 0.148198 0.350599 0.044598 0.360151 -0.035602 0.208690 0.064725 0.286438 0.506915 -0.485600 0.626435 -0.575837 -0.719708 -0.100881 -0.500396 0.467733 0.589199 0.342784 0.152479 -0.410123
VERTEX_POSE A404 -0.586221 -0.407463 -0.338705 -0.831925 0.247190 -0.089211 -0.134407 0.773326 0.407410 -0.679863 -0.331756 -0.697066 -0.020603 -0.033792 -0.405166 0.117568 -0.532650 -0.419521 -0.710968 0.083945
VERTEX_POSE A405 0.388929 0.758985 0.384125 0.580526 -0.901615 -0.520314 0.595162 -0.168702 -0.106480 0.175151 -0.032286 0.841318 0.440444 -0.171463 0.087045 -0.115266 0.864400 -0.050421 0.638613 0.440353
VERTEX_POSE A406 0.871483 -0.962932 0.635692 -0.533505 0.562968 0.566309 0.360687 0.708185 0.036967 -0.297403 -0.145815 0.790025 -0.451387 -0.322134 -0.220904 -0.583760 0.563215 -0.070643 -0.486754 0.237129
VERTEX_POSE A407 -0.067927 -0.829065 0.694975 -0.646082 0.850429 -0.502710 0.706275 -0.018259 0.341379 0.224231 -0.758761 -0.346296 -0.240369 -0.649446 0.064661 -0.537308 -0.027533 -0.711787 -0.323141 -0.037548
VERTEX_POSE A408 -0.147821 0.402169 0.607523 0.859602 -0.212037 -0.439003 -0.097425 0.739801 0.022925 0.357015 0.516096 -0.871753 -0.115043 -0.283271 0.118516 -0.885679 0.071719 0.180972 -0.255709 0.317733
VERTEX_POSE A409 0.262200 0.145794 0.835796 0.445242 -0.999166 0.145452 -0.595276 0.087133 -0.392363 0.432970 0.663126 -0.438372 -0.530704 0.474231 -0.018076 -0.419667 -0.011311 -0.795235 -0.020413 -0.572406
VERTEX_POSE A410 -0.011042 -0.175642 -0.110561 -0.488377 0.272415 0.684361 -0.271695 0.256218 0.643219 0.479092 -0.352604 -0.181384 -0.434103 -0.561380 0.200249 -0.340939 -0.614317 0.211941 -0.626073 0.342769
VERTEX_POSE A411 0.895901 -0.937588 -0.860606 0.099701 -0.944016 0.555879 0.422500 0.089903 -0.076115 -0.337557 -0.642942 -0.450580 -0.322114 0.660903 0.310596 0.196880 0.346679 0.621058 -0.751685 0.146846
VERTEX_POSE A412 0.896928 0.564527 0.517034 0.378978 0.219248 0.482327 -0.538292 0.192729 0.403388 0.306284 0.785691 0.281989 -0.051151 -0.415608 -0.497637 0.406509 0.205917 0.526762 0.669751 -0.361127
VERTEX_POSE A413 -0.872023 -0.860083 0.514332 -0.532399 -0.101471 0.056814 0.557051 -0.340935 0.659374 -0.077961 -0.590025 0.470516 0.250785 0.050761 -0.476119 0.582447 -0.355600 0.337526 0.530546 0.637657
VERTEX_POSE A414 -0.978076 0.000600 0.499995 -0.304141 0.636132 -0.477224 -0.442320 0.282214 0.306744 -0.156000 -0.230998 -0.523003 0.503240 -0.649322 -0.430836 -0.627735 -0.323118 0.467989 -0.364301 -0.583928
VERTEX_POSE A415 -0.042981 0.307199 0.960795 0.606046 0.164584 -0.950579 -0.197951 -0.114723 -0.268289 0.784070 0.400532 0.069316 0.175955 0.485673 -0.131519 0.124382 -0.013155 -0.048142 -0.547374 0.768350
VERTEX_POSE A416 -0.344285 0.283190 -0.343407 0.682396 0.007602 0.147858 -0.263010 0.782312 0.534699 -0.377582 -0.158160 0.685682 -0.105851 -0.330665 -0.093074 -0.698622 0.197533 -0.461966 -0.537568 -0.463266
VERTEX_POSE A417 0.370772 -0.036990 0.582027 -0.986766 0.690600 0.217146 0.617308 0.625638 -0.271610 0.536263 -0.697025 -0.077559 0.114940 -0.020448 -0.566570 -0.461497 0.215424 0.743006 -0.324287 -0.275512
VERTEX_POSE A418 -0.758600 -0.289560 0.000230 -0.770878 0.442831 0.281363 -0.405811 -0.355112 -0.762766 -0.620648 0.137669 -0.149520 0.048375 -0.871309 0.541847 -0.538141 0.203187 -0.151881 0.397715 0.233405
VERTEX_POSE A419 -0.409347 0.638784 0.324939 -0.733231 -0.947724 0.390795 0.599201 0.045472 -0.708958 0.170046 -0.219459 -0.029770 -0.711140 -0.208310 0.081429 -0.260942 0.850169 -0.580638 0.195528 0.428473
VERTEX_POSE A420 -0.226597 0.689991 -0.457304 0.890590 -0.298488 -0.435303 0.171033 -0.610791 0.654152 0.589293 -0.450180 -0.078250 -0.117947 -0.128969 0.480364 -0.769881 -0.373155 -0.381737 -0.129822 -0.518068
VERTEX_POSE A421 0.901470 -0.919717 -0.769452 -0.822782 0.149754 0.099646 -0.372332 0.565709 -0.420317 -0.590344 0.323610 -0.111291 0.089206 0.461818 0.726461 0.211351 0.459693 0.522755 -0.678406 -0.388144
VERTEX_POSE A422 0.762154 0.067327 0.773541 -0.986912 -0.713391 -0.651339 -0.266937 0.664792 -0.230715 -0.591379 -0.527950 -0.010661 -0.276611 -0.306503 0.294610 0.335578 0.116845 -0.660015 0.624411 -0.414396
VERTEX_POSE A423 -0.703756 0.340435 -0.498297 -0.003428 -0.590350 0.533816 0.203330 0.213477 -0.697067 0.649117 -0.002906 0.240670 0.432138 0.500574 -0.349808 -0.554140 0.155003 -0.221022 -0.208540 0.824511
VERTEX_POSE A424 0.104463 0.041049 -0.765381 -0.857954 -0.454426 -0.623502 0.322681 -0.643150 -0.197427 0.178260 0.560778 -0.178838 0.720527 0.243443 -0.224344 -0.449818 -0.198565 -0.699967 -0.377630 0.416166
VERTEX_POSE A425 -0.426909 0.096993 -0.258477 0.044042 0.859479 0.322592 -0.691653 -0.029241 0.471629 0.589996 0.235723 -0.279227 -0.131679 -0.556917 0.310096 0.297209 -0.795740 -0.706664 0.260476 0.014845
VERTEX_POSE A426 0.678108 -0.005225 0.955268 -0.995505 0.070839 -0.526065 -0.063459 0.654977 0.069493 -0.032837 0.518274 -0.363420 -0.256765 0.173613 -0.568247 -0.516233 -0.488584 -0.513271 0.813923 -0.183142
VERTEX_POSE A427 -0.452130 -0.286505 -0.174025 -0.993483 0.366818 -0.499914 0.454751 0.484713 0.811531 0.494365 0.290364 -0.022765 0.459287 -0.823332 0.164733 -0.119306 -0.051644 -0.252684 0.568881 0.014089
VERTEX_POSE A428 0.849815 -0.495730 0.605963 0.864967 0.740198 -0.185512 0.117097 -0.549019 0.367142 -0.366734 0.416832 0.517326 -0.258740 0.161359 -0.680957 -0.685885 0.180683 0.315378 -0.560723 -0.682749
VERTEX_POSE A429 -0.972236 0.413388 0.040425 -0.239316 -0.493035 -0.459681 -0.310812 0.773742 0.542772 -0.678990 0.156344 0.237719 0.630376 0.390627 0.268291 0.209637 0.465379 -0.604650 -0.032359 -0.087818
VERTEX_POSE A430 -0.474970 0.712149 -0.829173 0.130463 -0.429138 -0.444791 -0.459130 -0.043730 -0.306993 -0.684544 0.270284 -0.273500 -0.048103 -0.197279 0.138192 0.076089 0.929044 0.783592 -0.559013 -0.151631
VERTEX_POSE A431 -0.243562 0.607289 -0.907795 0.907252 -0.484652 -0.574442 0.574975 -0.053528 0.144325 -0.101881 0.367177 0.253779 0.407383 0.815542 -0.572923 0.178638 0.132779 -0.506499 -0.679081 0.423766
VERTEX_POSE A432 0.342582 -0.568163 0.770938 -0.051575 -0.325063 0.294165 -0.593410 0.646796 -0.448631 0.380980 0.424974 -0.302198 -0.436422 -0.589395 0.610941 -0.098417 -0.208256 -0.497618 -0.550063 0.101465
VERTEX_POSE A433 -0.003169 -0.540855 0.845838 0.256552 -0.250147 0.773070 0.573252 0.222786 -0.541815 0.624856 -0.097334 0.318912 -0.407315 -0.518040 0.040546 0.006327 0.018925 0.073823 0.339105 -0.819859
VERTEX_POSE A434 0.904635 -0.042111 0.136802 0.267403 0.479746 0.067295 -0.615371 0.356521 0.596177 -0.272304 -0.631528 0.008378 -0.098046 -0.497104 0.727426 0.518476 0.335569 -0.332906 0.518400 -0.338152
VERTEX_POSE A435 0.756361 0.024374 -0.567766 0.116500 0.922127 -0.085077 0.200974 0.354924 0.371705 0.794722 -0.117134 -0.896611 0.342129 0.135219 -0.048256 0.404239 -0.481918 -0.219903 -0.218094 -0.780884
VERTEX_POSE A436 -0.614240 -0.781870 0.229963 -0.162923 -0.151762 -0.526084 0.583564 -0.563748 -0.717587 -0.492274 -0.058978 -0.090074 0.620710 0.493782 0.027935 0.178127 0.002126 0.446553 0.010499 -0.659458
VERTEX_POSE A437 0.776118 -0.005043 -0.227506 0.733898 0.042714 0.680293 -0.599700 -0.396938 -0.432249 -0.350605 -0.305675 0.343097 -0.001531 0.269796 -0.294730 -0.708148 0.589237 -0.381812 -0.126335 -0.573597
VERTEX_POSE A438 -0.311566 0.195309 -0.872792 0.470418 0.772557 0.195630 -0.421466 0.543405 0.527776 -0.010745 -0.187618 0.527483 0.116607 0.605565 0.630189 0.166123 -0.480952 0.088343 -0.883774 -0.267370
VERTEX_POSE A439 0.237939 0.620299 -0.162514 -0.303321 0.636201 0.443684 0.167886 -0.418843 0.572938 -0.769112 -0.079184 0.389805 0.047220 0.727832 -0.127988 -0.079653 0.536387 -0.553676 -0.609678 -0.029152
VERTEX_POSE A440 0.038318 -0.859249 -0.391709 0.179139 0.043548 0.299472 0.371080 -0.255771 0.623311 -0.583508 0.433253 0.604074 0.048188 -0.325186 -0.381008 -0.420049 0.211662 -0.108293 -0.585709 -0.772221
VERTEX_POSE A441 0.677392 -0.980334 0.016647 0.982041 0.044972 0.478338 0.500949 -0.491024 -0.469661 0.572435 -0.413364 -0.569175 -0.319550 -0.286800 -0.201349 -0.285965 -0.491948 0.431404 -0.487320 -0.513575
VERTEX_POSE A442 0.133840 0.682710 -0.023120 0.796380 0.692185 0.081900 0.202507 -0.425630 0.356479 0.596713 -0.560843 0.649351 0.329852 0.600401 0.665078 -0.679584 -0.253225 -0.047225 -0.179689 -0.282294
VERTEX_POSE A443 -0.064754 0.705278 -0.874675 -0.441882 -0.737204 0.029041 -0.024927 -0.371734 -0.125888 -0.498825 -0.493519 -0.729146 -0.528856 0.330906 -0.134029 0.294203 0.585360 -0.658552 0.619926 -0.407563
VERTEX_POSE A444 0.805369 -0.840416 -0.469021 -0.550358 0.943501 -0.213639 0.600297 -0.239803 0.446984 -0.582961 -0.282097 -0.207636 0.192545 -0.381069 0.557496 0.385122 0.632393 -0.632969 -0.338241 0.563721
VERTEX_POSE A445 0.155764 -0.316689 -0.523125 -0.507761 0.328317 0.453036 0.025968 -0.480696 0.746822 0.434899 -0.040110 0.114013 0.335988 0.573066 0.464601 -0.827960 0.275403 0.090346 0.108548 0.602553
VERTEX_POSE A446 0.892266 0.012477 -0.913880 -0.835837 0.427380 0.160998 -0.001792 0.502589 0.037186 -0.858525 0.436159 -0.731552 0.292515 0.534392 -0.636274 -0.304187 -0.352756 -0.180786 -0.291267 -0.383611
VERTEX_POSE A447 -0.538916 0.442774 0.187571 -0.867962 -0.048898 0.507584 -0.112333 -0.711550 -0.427129 -0.330050 -0.586861 -0.715857 0.365408 -0.237947 0.215919 0.845799 -0.254621 -0.029086 0.171901 0.166853
VERTEX_POSE A448 -0.473464 0.646320 -0.941098 -0.494527 0.018917 -0.838374 -0.140314 -0.095419 -0.196808 -0.562203 0.358392 0.378163 -0.144000 0.600294 -0.300512 0.740723 0.554206 -0.158371 -0.307950 0.441535
VERTEX_POSE A449 -0.866334 0.722917 0.086350 -0.606715 -0.129790 -0.562171 -0.653150 0.414801 0.463583 -0.547107 0.230018 0.195641 -0.307469 -0.402331 0.200871 -0.420774 -0.587715 0.624844 0.049808 0.517447
VERTEX_POSE A450 0.051737 0.081558 -0.487490 -0.601192 0.003379 -0.749101 0.503082 -0.058190 -0.204638 0.294884 0.428997 0.601017 0.604383 0.335816 0.162699 0.528345 -0.682313 -0.096324 0.124597 0.483996
VERTEX_POSE A451 0.299939 0.336311 -0.398401 -0.603937 0.720429 0.769212 0.605000 0.072108 -0.361915 0.474022 0.354601 -0.410149 0.433619 -0.618105 -0.232382 0.469463 0.076675 -0.234747 0.029284 0.693632
VERTEX_POSE A452 -0.964864 0.803200 0.316898 -0.429497 -0.980036 0.919860 -0.041403 -0.378963 0.384035 0.142214 0.832872 -0.055240 0.583091 -0.181035 0.055870 0.448743 0.276641 0.014211 -0.660829 0.231099
VERTEX_POSE A453 -0.186109 -0.851115 -0.713949 -0.588104 0.289988 -0.188258 0.379714 0.488861 0.358153 -0.246985 0.835710 -0.647057 -0.729848 0.101484 0.422098 -0.187682 -0.192684 0.489321 -0.476355 -0.123196
VERTEX_POSE A454 0.596182 -0.323254 0.103302 0.392634 -0.869921 -0.178223 0.721087 0.570953 0.131863 -0.407494 0.547905 0.488641 -0.200257 -0.103685 0.465602 -0.154287 0.548661 -0.703771 -0.500074 0.249065
VERTEX_POSE A455 0.139599 -0.155751 0.551517 -0.287451 -0.434462 0.018386 0.483631 -0.388633 -0.418517 -0.445963 0.291118 -0.617056 0.465635 -0.301302 0.258500 0.584045 0.719040 0.613942 -0.096406 -0.395490
VERTEX_POSE A456 0.386982 0.245877 0.027574 0.455938 0.149467 0.247014 0.075145 0.509935 -0.053568 0.530764 0.562131 0.691731 0.385161 -0.520601 -0.217418 -0.492135 -0.143068 0.640587 -0.567537 0.363980
VERTEX_POSE A457 0.274290 0.671521 0.058570 0.397130 0.200918 0.450674 -0.032015 -0.728582 -0.156841 -0.534551 -0.485018 0.481043 0.250087 0.229250 -0.006523 0.766552 -0.381288 -0.735424 0.251166 -0.189708
VERTEX_POSE A458 0.687469 0.557744 -0.622508 -0.280934 0.932356 0.201170 0.123153 -0.031060 -0.353686 0.113504 -0.608315 -0.523707 0.179546 -0.455657 0.735560 -0.033388 -0.634331 0.138270 0.968813 0.137801
VERTEX_POSE A459 0.236797 0.750147 -0.366463 0.320904 -0.110335 0.484930 0.435282 0.318071 0.563970 -0.606314 -0.376146 -0.590194 -0.424309 0.319212 0.076919 -0.425983 0.000156 -0.304197 0.285330 -0.809598
VERTEX_POSE A460 0.302054 0.084909 -0.901005 -0.842186 0.707883 0.561338 0.476770 -0.120560 -0.024082 0.079051 -0.471604 -0.283999 0.685726 0.609349 0.231384 0.484988 -0.438941 0.741705 -0.246997 0.446183
VERTEX_POSE A461 -0.787501 0.269892 -0.451681 0.849529 -0.496781 -0.139050 -0.009839 -0.709663 -0.404625 0.519485 -0.485609 -0.637708 -0.645660 0.018895 0.476803 -0.543852 -0.499051 0.427703 0.131858 -0.105610
VERTEX_POSE A462 0.993235 0.357436 -0.274258 0.228157 0.405013 -0.615758 -0.051033 -0.490690 -0.510447 -0.469712 0.519818 -0.514216 0.021275 0.047182 0.008202 0.241905 0.695206 0.309517 -0.847228 -0.058953
VERTEX_POSE A463 -0.355364 0.516747 0.869933 0.106239 -0.617180 -0.023653 -0.065852 -0.767795 0.258279 0.566769 -0.513215 0.181470 0.231152 0.287381 -0.904444 0.420652 0.011412 -0.285975 -0.666376 -0.253738
VERTEX_POSE A464 0.209330 0.729037 -0.605842 0.106081 0.253072 -0.515111 0.653256 0.460878 0.286470 0.418627 -0.406354 0.417140 -0.050961 0.758387 -0.688441 -0.290284 -0.074623 -0.068105 -0.557805 0.204326
VERTEX_POSE A465 0.897870 -0.684675 0.862544 -0.504441 -0.115240 0.404694 -0.008056 0.493117 0.179443 0.545860 -0.612291 0.816995 -0.300227 -0.033853 -0.364714 -0.294965 0.261110 -0.059376 -0.724452 -0.559116
VERTEX_POSE A466 -0.599003 -0.458880 -0.697833 -0.777261 -0.695053 -0.529593 -0.715654 0.447045 -0.376426 -0.143818 -0.755447 -0.487525 0.167429 -0.150365 -0.564686 0.514648 0.099492 0.145890 -0.417446 -0.443782
VERTEX_POSE A467 0.595090 0.947167 0.624120 0.943158 -0.898690 0.505988 0.283697 0.568945 0.634382 -0.417006 -0.425415 -0.169027 -0.136714 -0.507998 0.365047 -0.518146 0.220082 -0.423918 -0.677094 0.434540
VERTEX_POSE A468 0.673989 0.310282 -0.364961 -0.770543 0.927474 -0.526856 -0.236848 -0.099473 -0.579375 0.059840 0.380230 -0.395039 0.019777 0.504695 -0.414506 -0.334192 -0.699457 -0.242645 0.910080 -0.318706
VERTEX_POSE A469 0.089432 0.736429 -0.570625 0.693157 -0.922496 -0.069643 -0.428262 -0.470002 -0.417397 -0.407637 0.659125 0.422806 0.429213 0.513788 0.103011 0.424261 -0.275915 0.794703 -0.534979 0.067414
VERTEX_POSE A470 -0.166971 0.567466 -0.538393 -0.360163 0.737511 -0.266106 -0.269621 0.543321 0.622578 -0.766300 -0.129017 -0.165147 -0.242939 0.657239 -0.532484 -0.279372 -0.479215 -0.480386 -0.450579 -0.162933
VERTEX_POSE A471 -0.287693 0.451033 0.243329 0.408596 -0.028979 0.000143 0.111209 -0.065282 -0.772746 -0.115174 -0.441950 0.511852 -0.634091 -0.548966 -0.363943 -0.505274 -0.011775 0.091744 0.563022 -0.706340
VERTEX_POSE A472 -0.233176 0.756095 0.446022 0.675198 0.122476 0.044193 0.514018 0.672600 -0.596188 -0.383205 0.554277 0.209206 -0.757056 0.103238 -0.336399 0.086127 -0.441045 -0.696904 0.091582 -0.187635
VERTEX_POSE A473 0.966869 0.250176 0.438487 -0.563783 0.429696 0.424118 -0.574731 -0.064643 -0.720182 -0.587728 0.226663 -0.486989 0.268135 -0.691364 -0.244729 0.307725 0.651943 0.066411 0.397076 0.203548
VERTEX_POSE A474 0.647553 0.156311 0.368654 0.966714 0.233817 0.343240 -0.645255 -0.475618 -0.355692 0.304951 0.204713 0.580649 0.167190 0.386204 0.375013 0.678966 -0.611255 0.527144 -0.041267 0.457267
VERTEX_POSE A475 -0.427807 0.915679 0.977000 -0.875160 0.065976 0.421675 -0.646761 -0.256029 -0.289587 -0.374869 -0.416487 0.555437 -0.059797 -0.369329 -0.585680 -0.533651 0.067436 0.294615 -0.390915 0.787424
VERTEX_POSE A476 0.122634 0.933487 0.915362 -0.071544 -0.241987 0.396011 -0.588375 -0.327245 0.281526 -0.243747 -0.338068 0.768276 0.260259 0.570492 0.373669 -0.083843 -0.266120 0.184506 0.720859 -0.618336
VERTEX_POSE A477 0.539819 -0.831212 0.454774 -0.869123 -0.338803 -0.570601 -0.351243 -0.687609 0.382617 -0.219423 0.100787 -0.371061 -0.591454 0.652375 -0.134365 -0.309551 0.056203 0.610146 -0.618743 -0.297126
VERTEX_POSE A478 0.033277 0.358453 0.164571 -0.743122 -0.982921 0.341473 -0.651716 -0.139452 0.586631 0.031347 -0.372359 -0.357320 -0.745639 0.138525 0.637326 -0.107227 0.401350 -0.073473 -0.082509 -0.813407
VERTEX_POSE A479 0.649170 0.579807 0.974264 0.433929 0.776930 -0.409932 0.439189 0.108392 0.198067 0.524128 0.318181 -0.610835 0.465714 -0.131685 0.599997 0.543594 -0.488335 -0.244152 -0.141490 -0.794481
VERTEX_POSE A480 0.673485 0.891705 -0.458877 -0.475837 0.531407 -0.455295 0.616059 -0.078149 0.259441 0.142898 0.366707 -0.745223 -0.556196 -0.100424 -0.332717 0.538167 -0.055689 0.243597 0.032766 -0.919909
VERTEX_POSE A481 -0.914986 -0.559989 0.677081 -0.344314 0.020457 -0.394341 -0.094042 -0.502107 -0.251865 0.188444 -0.555771 -0.561962 -0.601834 -0.050816 0.453040 -0.769282 -0.069647 -0.509914 -0.040566 0.656943
VERTEX_POSE A482 -0.050892 -0.083882 -0.424137 0.829992 0.497359 0.240176 -0.636738 0.498936 0.428629 0.606809 -0.074220 -0.700295 0.347364 0.590568 -0.503721 -0.211203 -0.620723 -0.120187 -0.247143 -0.107178
VERTEX_POSE A483 0.708621 0.694905 0.858022 0.094666 0.551371 0.255559 0.283173 0.578397 0.651917 -0.692027 0.233960 0.422810 0.479500 0.226206 -0.235861 0.186971 0.549282 0.524686 0.419563 -0.507779
VERTEX_POSE A484 -0.101095 -0.411105 0.963132 0.067582 -0.689555 -0.605325 0.154313 -0.590575 -0.076629 -0.585003 -0.561850 0.422706 0.449358 -0.479723 -0.495918 -0.262537 0.309424 -0.450660 0.602587 0.098330
VERTEX_POSE A485 -0.454710 0.592865 0.679165 0.222626 0.627438 0.400663 -0.266548 -0.581225 0.648793 0.460408 -0.258429 0.018389 0.640910 -0.071408 -0.179657 -0.349545 -0.606673 0.621227 -0.428986 0.471425
VERTEX_POSE A486 -0.151780 -0.460846 0.409539 0.807215 -0.883091 0.170529 -0.548282 -0.246756 -0.827034 -0.482448 0.276504 0.002938 -0.310434 -0.714403 0.285464 -0.486322 0.013687 0.453250 -0.365722 0.593378
VERTEX_POSE A487 -0.714113 0.834773 -0.009293 -0.476481 0.459912 -0.443968 -0.365673 -0.084473 0.031604 -0.667372 -0.428299 -0.507730 0.115375 -0.615196 -0.709270 0.280385 0.308700 0.202582 0.573560 -0.579364
VERTEX_POSE A488 0.819581 0.264385 -0.262265 -0.380244 -0.171645 -0.418944 0.461976 0.366488 0.116036 -0.700366 0.392693 -0.296976 0.188545 -0.509168 0.056090 -0.303949 -0.672446 -0.848340 -0.410038 0.006508
VERTEX_POSE A489 -0.464310 -0.903103 0.787031 -0.473718 -0.950735 0.009836 -0.598665 0.048508 0.628582 0.255239 0.060482 0.273725 0.431626 -0.649618 -0.443147 -0.168445 -0.696984 -0.577480 0.601480 0.293596
VERTEX_POSE A490 0.522683 0.584920 0.624244 0.844424 -0.650422 0.704417 -0.154850 -0.181123 0.258896 -0.213217 -0.531464 -0.145326 0.835385 -0.470088 0.069791 0.237471 0.638179 -0.640920 -0.419880 -0.237666
VERTEX_POSE A491 0.121634 -0.650705 -0.163270 -0.222430 -0.463762 -0.070039 -0.091330 0.523490 -0.391344 0.393659 0.408994 0.261382 0.556074 -0.570761 -0.710807 -0.429889 -0.482579 -0.518051 0.585379 -0.005575
VERTEX_POSE A492 -0.251811 0.366790 -0.664649 -0.624189 -0.447516 0.379585 -0.411589 0.665753 -0.087615 0.073766 0.421788 -0.251853 0.681957 0.562892 0.577671 -0.107454 0.123416 -0.671644 -0.590374 0.216309
VERTEX_POSE A493 0.515918 -0.057644 -0.650014 0.072580 0.754591 -0.487080 0.239206 0.687700 0.031882 -0.551803 0.569692 0.636321 0.131648 0.105265 -0.541014 0.255850 -0.324247 0.253250 0.745321 0.293774
VERTEX_POSE A494 0.766270 0.866041 -0.293336 0.883809 -0.080942 -0.406143 0.448162 -0.241594 -0.286676 -0.140553 -0.850530 0.069372 -0.224871 0.184827 0.647565 0.689115 -0.223743 0.573334 -0.503934 -0.366072
VERTEX_POSE A495 0.957519 0.095827 -0.270492 0.481892 0.805556 -0.646572 0.232734 0.488438 -0.049874 0.069271 0.661272 0.277814 0.699478 0.129151 0.636240 -0.346194 0.544145 -0.312211 -0.576122 0.106647
VERTEX_POSE A496 0.413788 0.257681 -0.787470 0.568139 -0.360649 -0.116410 -0.204528 0.400252 0.223890 -0.460923 -0.740743 -0.764097 -0.069405 0.056816 0.481521 -0.466845 0.536488 -0.347298 -0.723158 0.007139
VERTEX_POSE A497 -0.832732 -0.592839 0.008831 -0.893452 0.224006 0.188639 -0.244790 0.552885 0.407045 0.365780 -0.486085 -0.558088 0.237507 -0.422317 -0.482295 -0.654793 -0.212178 -0.504638 0.566674 0.484425
VERTEX_POSE A498 0.552609 0.042995 -0.646371 0.425051 0.906866 -0.219995 -0.351737 0.770345 0.345004 0.142328 -0.281474 -0.373769 0.559678 0.315155 -0.664460 0.360382 -0.295387 -0.501362 -0.642580 -0.375186
VERTEX_POSE A499 0.087777 -0.432036 -0.152431 0.797596 -0.433176 0.658556 0.247596 0.560385 -0.094279 0.106713 -0.546637 -0.280929 0.488374 -0.011980 -0.402465 -0.661461 0.443405 0.562597 -0.501267 -0.436354
VERTEX_POSE A500 0.256699 -0.856409 0.438206 0.799705 0.301510 0.003130 0.456015 -0.529066 0.908798 -0.240797 -0.247408 -0.244737 -0.791560 -0.435199 -0.332756 -0.013310 -0.451617 -0.058777 -0.327602 0.515290
VERTEX_POSE A501 -0.614362 -0.389539 -0.184765 -0.935112 0.644377 0.318158 -0.775694 0.145466 -0.566883 -0.318300 -0.499764 0.257580 0.108753 -0.832592 -0.372139 0.425721 0.168920 0.610397 0.322363 -0.085631
VERTEX_POSE A502 0.800084 -0.981003 -0.909102 0.206193 0.537846 0.097045 0.147452 0.619314 0.729114 0.253970 0.140939 0.162672 0.490248 0.333540 -0.350224 -0.368277 0.695057 -0.556648 0.733339 -0.047259
VERTEX_POSE A503 -0.976477 0.899686 -0.115773 0.474903 -0.576014 0.041208 -0.627767 0.209935 0.235567 0.380737 0.881245 0.148369 0.640222 -0.309205 0.797928 -0.223084 -0.020719 -0.533017 -0.036015 0.288612
VERTEX_POSE A504 -0.647493 0.860637 -0.746278 -0.498895 0.074073 -0.510101 -0.477411 -0.649077 -0.078469 0.692326 -0.339321 -0.201845 0.020942 0.524897 0.608493 -0.498778 -0.009064 -0.568009 -0.208673 0.433545
VERTEX_POSE A505 0.447637 0.175308 0.459552 0.172907 -0.228337 0.134378 0.034279 0.630630 0.032119 -0.358403 0.346204 0.909282 -0.299689 0.025849 0.341845 0.877127 0.042027 -0.193025 0.105866 0.692831
VERTEX_POSE A506 -0.404284 0.815365 -0.138772 0.599744 0.489962 -0.420699 0.544564 -0.391291 0.027528 -0.443576 -0.482343 -0.401884 -0.429777 -0.538439 -0.681006 0.235681 0.190128 -0.443818 -0.516175 0.536816
VERTEX_POSE A507 0.475141 0.794124 -0.830916 0.429561 0.832086 -0.514384 -0.085793 0.094594 0.430693 0.731727 0.306248 0.189153 -0.572174 0.386389 -0.617446 0.258229 0.613240 0.364547 -0.251295 0.609839
VERTEX_POSE A508 -0.012544 0.344096 -0.085674 0.303784 0.432860 -0.405439 0.509042 0.426616 0.416290 0.121078 -0.237914 -0.640495 -0.509552 0.197073 -0.234079 0.682645 -0.099336 0.444179 -0.023843 0.844210
VERTEX_POSE A509 0.628994 0.173818 -0.974201 0.856622 0.507040 0.483047 0.404535 0.019117 -0.497883 0.456303 0.588871 0.433067 0.396716 -0.325107 0.324235 -0.667105 0.374434 -0.475503 -0.160398 -0.637942
VERTEX_POSE A510 0.124311 0.373931 -0.856652 -0.136510 0.609016 0.546615 -0.425254 -0.236691 -0.267732 0.335152 -0.679650 -0.656386 -0.740223 0.017854 0.044745 -0.191141 -0.693717 -0.443493 0.349811 0.022156
VERTEX_POSE A511 -0.339059 0.235801 0.455449 0.827946 -0.035733 -0.613517 0.694820 0.125677 0.389133 0.533983 0.212760 0.019415 0.357594 -0.314515 0.571257 0.202440 0.509416 0.381393 0.251459 -0.761915
VERTEX_POSE A512 0.714008 0.613829 0.702880 -0.487692 -0.472502 -0.655000 0.041362 -0.102247 -0.621910 0.480161 -0.106254 0.192863 0.002154 -0.355594 -0.231536 -0.686839 -0.621796 -0.305611 -0.544043 0.682040
VERTEX_POSE A513 -0.926581 -0.709951 -0.280789 -0.306518 0.106375 0.458837 -0.543218 0.221001 0.310023 0.122716 -0.735113 -0.277208 -0.711039 -0.521011 -0.474849 0.330720 -0.282891 0.625323 0.273683 -0.243491
VERTEX_POSE A514 -0.630438 -0.069294 0.313471 -0.077388 -0.484362 -0.110910 -0.544802 0.716245 0.056165 0.629836 0.614383 0.861164 -0.347707 0.068975 0.475298 0.430728 0.057051 -0.130513 0.008351 0.318612
VERTEX_POSE A515 -0.387087 -0.797276 0.666013 0.579890 -0.162057 0.599844 0.214337 -0.063229 0.543544 -0.145094 -0.550543 0.444378 -0.631836 0.614793 -0.354766 -0.398810 0.050245 -0.146344 -0.612161 -0.558936
VERTEX_POSE A516 -0.381291 0.882914 -0.601625 0.916108 -0.266187 0.583031 -0.458071 0.061679 0.104743 -0.696445 0.149876 -0.455900 -0.357664 0.548052 0.181478 -0.240778 -0.653834 -0.639003 -0.345309 -0.495856
VERTEX_POSE A517 0.217783 0.469860 -0.276990 -0.270173 -0.367453 -0.655801 0.100919 0.355460 -0.446407 0.608597 -0.605355 -0.469237 -0.137080 0.290140 -0.164209 -0.589764 -0.650023 -0.351423 -0.502804 0.021963
VERTEX_POSE A518 -0.101200 -0.962503 -0.343280 -0.896591 -0.702145 0.118753 -0.067404 0.470819 -0.240327 -0.150483 0.125140 0.088753 -0.790862 -0.560138 -0.656053 -0.458767 0.471475 -0.699899 0.369975 -0.476054
VERTEX_POSE A519 -0.561710 0.147299 0.136111 -0.464137 0.562168 -0.038629 -0.299163 0.218617 0.317778 0.254195 0.283251 0.340921 -0.574802 0.650511 0.456485 -0.546022 -0.669925 0.756914 0.466207 0.003265
VERTEX_POSE A520 0.753472 0.566758 -0.489959 0.256109 -0.318187 -0.610442 -0.350847 0.588527 -0.120773 0.642927 -0.075503 -0.510089 0.064970 -0.659508 -0.472651 0.535059 0.260586 -0.359423 -0.415983 -0.380893
VERTEX_POSE A521 -0.578517 0.622417 -0.719036 0.947833 -0.352567 -0.420312 -0.250123 0.361792 0.443062 0.382090 -0.352154 0.326206 -0.579018 0.394565 -0.718059 0.183236 -0.176123 0.070813 0.650084 0.747257
VERTEX_POSE A522 0.559924 0.496594 0.972841 0.313433 -0.901594 -0.458662 -0.438714 -0.464985 -0.379799 0.351287 -0.431319 0.655402 0.406366 -0.465115 -0.417191 0.627704 -0.123323 0.204407 -0.353527 -0.605155
VERTEX_POSE A523 -0.498339 -0.066453 -0.154608 0.631920 0.234297 0.521551 -0.329548 -0.689222 -0.218681 0.090734 0.237254 -0.261482 -0.394175 -0.232170 -0.740331 -0.380111 -0.275105 0.252388 -0.763745 0.582321
VERTEX_POSE A524 0.937401 -0.435227 -0.369050 0.020413 -0.597976 -0.744738 0.343096 -0.213954 0.019859 -0.495113 0.085658 -0.032591 0.641006 0.041213 0.140782 0.290345 0.870277 0.651221 0.376775 -0.433366
VERTEX_POSE A525 0.326195 0.362635 -0.320495 0.197242 0.017465 0.473719 0.421919 -0.198955 -0.010457 -0.533626 -0.483612 0.754558 -0.056425 0.428549 -0.453887 0.344002 0.527765 -0.010450 0.644753 -0.514146
VERTEX_POSE A526 -0.540819 -0.970625 0.574900 0.113812 0.039852 0.002370 0.680430 0.214486 0.699619 0.477072 -0.144922 -0.128498 -0.044899 -0.853426 0.148845 0.159118 -0.444608 0.686921 -0.531115 0.083555
VERTEX_POSE A527 0.351189 0.822454 -0.156520 -0.411448 0.041374 0.422311 0.459493 0.719673 -0.488293 -0.448946 0.539696 -0.260445 0.299896 -0.372255 0.664546 -0.632142 -0.129809 -0.271608 -0.312686 0.188081
VERTEX_POSE A528 0.493462 0.769796 0.688335 0.303789 -0.758530 0.207577 -0.559663 -0.646766 -0.094303 0.183933 -0.288780 -0.370764 0.192055 0.327392 0.478878 -0.515195 0.618994 -0.762383 -0.592145 0.089216
VERTEX_POSE A529 -0.988211 0.072369 0.928529 -0.461137 -0.053282 -0.369388 0.599914 0.221997 -0.484025 -0.262019 -0.760363 0.188448 -0.674175 0.206191 0.603967 0.340256 -0.572811 -0.478522 -0.034106 -0.044034
VERTEX_POSE A530 -0.561034 -0.609582 0.691049 -0.613851 0.608198 -0.746861 0.498071 0.225865 -0.082429 0.003151 0.773208 -0.413756 -0.817904 0.119746 -0.513282 -0.080692 -0.537680 0.027422 -0.276473 0.218392
VERTEX_POSE A531 -0.249838 0.913387 0.126541 0.103494 0.542980 0.442073 -0.047201 0.714511 -0.775339 -0.328680 0.494384 -0.193314 0.351564 -0.290714 0.267433 0.317157 0.319715 0.307457 -0.815816 -0.241506
VERTEX_POSE A532 -0.602572 0.682830 -0.256236 -0.396250 -0.408905 0.058920 -0.148152 -0.243860 -0.059236 -0.856184 0.477750 -0.590663 0.419298 0.546796 0.726813 0.206929 0.220179 0.340413 0.162385 0.604006
VERTEX_POSE A533 -0.760950 -0.590585 0.781947 0.592342 0.146044 0.647545 0.643664 0.333519 0.137457 0.385018 -0.451696 -0.414820 0.521768 -0.551595 -0.284117 0.206493 0.218071 0.555872 -0.350110 -0.576995
VERTEX_POSE A534 -0.226315 0.813073 -0.989232 -0.421602 0.966966 0.681625 0.449654 -0.132861 -0.615749 0.009332 -0.397281 0.277815 -0.224095 -0.770871 0.163248 -0.628863 -0.225727 0.228933 -0.593327 0.423462
VERTEX_POSE A535 -0.250065 0.543467 -0.002514 0.104855 0.665167 -0.322263 0.580151 -0.302973 0.201090 0.580986 -0.490690 -0.846486 0.109683 0.272971 -0.116444 -0.469549 -0.625219 0.354418 0.305570 0.449465
VERTEX_POSE A536 0.686687 0.584722 0.241499 -0.234752 0.917707 0.185464 -0.117553 -0.603378 0.716546 0.242190 0.569236 0.215552 -0.784553 0.165294 -0.191658 0.523842 0.045701 -0.607429 -0.193886 0.531502
VERTEX_POSE A537 0.369401 0.628438 -0.128004 -0.821859 0.456928 -0.663436 0.076561 0.577206 0.437678 -0.578917 0.512745 0.357378 0.001831 0.430107 -0.206359 0.216292 0.420255 -0.444958 -0.782437 -0.205716
VERTEX_POSE A538 -0.774924 0.337590 0.166569 -0.465583 0.497253 -0.389563 -0.181444 -0.624296 0.424037 -0.259129 0.152731 -0.591918 0.569217 0.060073 0.386825 0.193915 -0.761821 -0.410406 -0.733702 -0.054295
VERTEX_POSE A539 -0.325857 -0.071182 -0.844175 -0.930968 0.350567 0.195542 0.724287 0.582767 -0.714946 -0.177571 0.300387 0.413721 -0.582583 0.240939 0.375592 0.187439 -0.502062 0.371996 -0.263325 0.509934
VERTEX_POSE A540 -0.001605 -0.197744 -0.102205 -0.965236 -0.036032 0.367796 0.650114 0.531154 -0.320960 -0.457155 0.271777 -0.118590 -0.032965 0.584441 0.512353 0.059228 -0.468125 -0.696521 0.603130 -0.288617
VERTEX_POSE A541 0.349387 -0.288479 0.309917 0.397907 0.106269 0.049423 0.532202 -0.416876 -0.589675 -0.153660 0.559171 0.002752 0.816134 0.482583 0.798098 -0.156520 0.471604 0.113457 0.050769 -0.241340
VERTEX_POSE A542 0.335084 -0.835380 0.611274 0.896978 -0.685167 0.130386 -0.332052 -0.205236 0.789655 -0.073736 0.103307 0.458955 0.695707 0.092462 0.360391 -0.629289 0.098065 -0.137565 -0.065514 0.963867
VERTEX_POSE A543 -0.287597 -0.583915 -0.399325 -0.452928 0.491466 0.580777 -0.127663 -0.242152 -0.398246 -0.610294 -0.420255 0.053736 -0.650634 -0.071016 -0.291909 0.433343 -0.780178 0.644980 -0.011543 -0.388622
VERTEX_POSE A544 0.422806 0.001571 -0.970872 -0.908612 -0.787356 0.009579 -0.528681 -0.469453 0.137788 -0.409327 0.320646 0.530396 -0.009206 0.667391 0.510033 -0.537582 -0.208238 0.662925 0.513681 -0.433620
VERTEX_POSE A545 0.704646 0.095326 -0.075255 -0.180410 -0.169529 -0.664849 -0.107593 -0.670774 0.316941 -0.911138 -0.108368 0.504286 0.377130 -0.517780 -0.330313 -0.119828 -0.026512 0.306779 -0.040806 -0.519153
VERTEX_POSE A546 0.325316 -0.381191 -0.733312 -0.873038 -0.670591 -0.457538 -0.630315 -0.374565 -0.801478 0.496073 -0.197983 0.153271 -0.106242 -0.599531 0.165954 0.580135 -0.245248 -0.311863 -0.093651 0.633182
VERTEX_POSE A547 -0.958485 -0.115515 -0.572497 -0.992504 -0.053543 -0.201101 0.000837 0.589417 0.552089 0.521044 -0.386537 0.506930 -0.553646 0.306456 -0.561951 -0.285227 -0.510613 -0.286338 0.583639 0.385404
VERTEX_POSE A548 -0.077572 -0.434814 0.647755 0.549418 0.463019 -0.589535 0.477363 -0.348832 0.531703 0.069317 0.331178 0.244463 -0.282227 -0.299392 -0.553300 -0.627412 0.482903 0.061941 -0.542238 -0.667687
VERTEX_POSE A549 -0.775884 -0.343694 -0.076593 -0.769629 -0.372736 -0.278585 -0.626747 -0.555634 0.258977 0.415753 -0.825358 -0.317584 0.614363 0.025092 -0.472815 0.236148 -0.091486 -0.728634 -0.033616 -0.032487
VERTEX_POSE A550 -0.520195 -0.968216 0.563614 -0.456641 -0.491375 -0.276280 -0.705382 -0.431858 -0.270315 0.676484 -0.184100 0.363254 -0.099974 0.310508 -0.359851 0.154761 -0.544021 0.767563 0.104210 -0.622279
VERTEX_POSE A551 -0.324099 -0.868056 -0.842203 -0.194473 -0.855169 0.434355 0.213201 -0.514398 0.704373 -0.472164 0.103594 -0.125996 -0.783080 -0.356208 -0.400100 -0.033837 -0.651772 -0.373148 -0.342414 0.415899
VERTEX_POSE A552 -0.354401 -0.721277 0.204371 -0.821796 0.274696 0.668335 -0.125310 -0.127180 0.313522 -0.424831 0.507717 -0.406915 0.341322 -0.133583 -0.533744 -0.593337 0.338409 -0.067599 -0.579022 -0.770509
VERTEX_POSE A553 -0.960271 0.528378 0.536455 0.856792 -0.392969 -0.351899 -0.645485 0.469027 -0.493043 -0.059682 -0.692169 -0.106026 0.215827 -0.303697 0.786255 -0.346518 -0.292023 -0.060309 -0.642752 -0.351293
VERTEX_POSE A554 0.177562 0.065491 0.003188 -0.562553 0.379128 0.182295 0.316278 0.421664 -0.105193 -0.704781 0.043422 0.451140 -0.395710 0.687620 -0.741716 -0.301956 0.174496 0.449480 -0.394320 -0.563066
VERTEX_POSE A555 -0.417000 -0.156504 0.835321 0.198617 0.676720 0.834852 -0.205102 -0.350012 0.365231 0.411208 -0.042112 0.229690 -0.480836 0.144473 -0.285513 0.030832 -0.922743 -0.188027 -0.746115 -0.058230
VERTEX_POSE A556 0.365924 -0.108987 -0.784040 0.054034 0.624496 0.743063 -0.494132 -0.105496 -0.141973 0.496604 -0.221791 0.360064 0.282737 -0.708236 0.474943 0.646342 0.301744 -0.269228 -0.107331 -0.589094
VERTEX_POSE A557 0.636743 0.094866 -0.421911 0.551259 -0.581020 -0.489803 -0.538542 -0.494427 0.158904 0.273703 -0.450224 0.331140 -0.424369 -0.495586 -0.493984 -0.368522 0.437906 -0.617389 0.564944 -0.339813
VERTEX_POSE A558 0.934190 -0.334049 -0.321199 0.787169 -0.281906 -0.563049 0.197815 -0.584823 0.437956 0.208195 0.292529 -0.253160 -0.772326 -0.007636 -0.219354 -0.380062 0.499560 0.615600 -0.420225 -0.568147
VERTEX_POSE A559 -0.140614 -0.339191 0.904295 -0.642177 0.865966 -0.298713 0.474150 -0.798329 -0.079958 -0.822293 -0.507324 0.109125 -0.292775 0.022870 -0.615842 -0.061974 0.290070 -0.716385 -0.097251 0.143630
VERTEX_POSE A560 0.648532 -0.832765 -0.493383 -0.909878 0.365698 0.488061 -0.369954 -0.611181 0.360158 -0.207419 -0.282471 0.446811 -0.511030 0.696589 -0.072729 0.052587 -0.221511 -0.653569 -0.745785 -0.111195
VERTEX_POSE A561 -0.626844 0.056369 -0.630150 -0.826682 -0.673707 0.521217 -0.443708 -0.568167 0.569385 -0.248536 0.120354 0.585335 0.358550 0.593885 -0.229851 -0.768716 0.551910 0.093190 -0.147885 0.073458
VERTEX_POSE A562 0.609548 -0.425804 0.030836 0.461317 0.408947 -0.797606 -0.282382 -0.445002 -0.081471 -0.751771 0.537466 -0.437647 0.484573 0.136880 0.392531 -0.098418 -0.506388 -0.107568 0.332571 0.487790
VERTEX_POSE A563 -0.954040 0.850065 0.250381 -0.306128 0.956793 0.405155 -0.099685 -0.007076 -0.758588 -0.149424 -0.548623 0.086111 -0.619471 -0.040231 -0.070314 -0.750249 0.294760 0.498031 -0.145317 -0.781320
VERTEX_POSE A564 -0.387794 0.465783 -0.848202 0.765660 0.472337 0.090669 -0.517960 -0.448505 -0.151590 0.304066 -0.530474 0.257815 0.494105 0.483442 0.705443 -0.447102 0.208846 0.636146 0.441838 -0.490008
VERTEX_POSE A565 -0.616767 -0.612731 0.041605 -0.960285 0.375913 -0.508757 0.317018 -0.655801 0.760614 0.589108 -0.232282 0.188734 -0.296469 -0.576390 -0.097044 -0.027735 -0.354593 0.342922 -0.681020 -0.240850
VERTEX_POSE A566 -0.204105 0.393532 -0.752133 0.798728 0.621960 0.592007 0.568836 -0.357759 -0.784802 0.370549 -0.438567 -0.066716 0.669367 0.607015 0.142095 -0.173611 -0.366198 -0.094716 -0.246832 0.420831
VERTEX_POSE A567 -0.701107 0.050506 0.393297 -0.469092 0.390044 -0.538655 -0.808273 -0.007315 -0.223165 0.275069 0.810572 0.039157 0.149239 -0.273804 -0.746651 0.363215 -0.031400 0.317848 -0.341809 0.516686
VERTEX_POSE A568 0.752635 -0.984293 0.913601 -0.782144 -0.167160 -0.138621 -0.343254 -0.464864 0.027112 -0.141247 -0.214337 0.662641 0.659503 -0.195713 -0.735495 0.653667 -0.094681 -0.001711 -0.001350 -0.831080
VERTEX_POSE A569 0.020971 -0.268878 0.414436 -0.666856 0.119213 0.112012 -0.045327 -0.634111 -0.095829 0.739753 0.117413 -0.678765 -0.294258 0.474280 -0.717229 0.216505 -0.543932 -0.055958 -0.563248 -0.251623
VERTEX_POSE A570 -0.026964 0.979324 0.549122 -0.400060 -0.259389 0.253404 -0.621671 -0.275749 0.611379 0.674749 0.024191 0.359360 -0.343914 0.707468 0.487564 -0.153722 0.162117 -0.441750 0.127798 0.629750
VERTEX_POSE A571 -0.248970 -0.182038 -0.188605 -0.747380 0.796808 -0.716684 -0.522985 -0.177018 -0.312272 -0.276711 0.706766 0.529085 -0.534733 0.322258 -0.324560 0.482633 0.127278 0.059838 -0.362000 -0.590844
VERTEX_POSE A572 -0.629642 0.442644 -0.275647 0.731051 -0.774518 -0.586841 -0.643734 -0.030833 0.239704 0.349607 -0.465136 0.386618 -0.182214 -0.166032 -0.560155 0.324491 -0.655451 -0.367305 0.569987 0.570540
VERTEX_POSE A573 -0.691880 -0.856056 0.160396 -0.503082 0.055444 0.108339 0.393050 -0.866483 -0.498386 0.466604 0.155864 0.213938 -0.590571 -0.053074 -0.138747 -0.425349 -0.447749 -0.821495 -0.313204 -0.147030
VERTEX_POSE A574 0.463433 0.234047 0.412071 -0.200308 0.288274 0.502582 -0.171827 -0.608032 -0.106321 -0.238044 -0.516995 0.543702 0.561316 -0.209000 0.542096 -0.693210 0.370588 -0.382921 -0.343794 -0.426610
VERTEX_POSE A575 0.793164 -0.555785 -0.246519 0.822439 -0.561874 -0.605223 0.139579 -0.457531 0.171866 0.659327 0.175674 0.429024 0.184342 0.363676 0.445625 0.390759 -0.739635 0.470664 -0.599276 -0.283698
VERTEX_POSE A576 -0.987234 0.239270 -0.914859 0.316508 0.885915 -0.328863 -0.642593 -0.662493 0.028348 -0.521967 0.434324 0.222025 -0.465983 0.485379 0.468190 -0.305712 -0.158270 -0.789017 -0.063449 0.334401
VERTEX_POSE A577 -0.211251 0.852856 0.678758 -0.073347 0.617682 0.019635 -0.544596 -0.639625 0.489372 0.231269 -0.502330 0.463368 0.418797 -0.250576 -0.498566 -0.141879 -0.443000 0.544841 -0.674099 0.281971
VERTEX_POSE A578 0.834679 0.328699 0.180984 0.829935 0.384583 0.722406 0.208820 -0.261403 0.217519 -0.899288 -0.186030 -0.650271 -0.016265 -0.387585 -0.021251 -0.066016 -0.741380 0.086670 0.378222 -0.444066
VERTEX_POSE A579 -0.064806 0.804457 0.732897 -0.134074 0.348934 -0.299986 -0.598135 0.620974 0.720938 -0.350435 0.267456 0.368364 0.592850 0.365618 -0.232999 0.391730 0.639438 0.447524 -0.120444 0.017368
VERTEX_POSE A580 0.012865 -0.490838 -0.397834 0.157024 -0.755054 -0.109934 -0.781714 -0.609187 -0.688444 -0.353759 0.560676 -0.114550 0.298490 -0.372823 -0.401601 0.216902 -0.096451 -0.582712 0.357260 -0.407718
VERTEX_POSE A581 -0.685516 0.360483 -0.255402 -0.626706 0.893208 0.215899 -0.706290 -0.365891 0.457527 -0.374629 -0.201599 -0.243280 0.161804 -0.426838 0.509386 0.567120 -0.578725 -0.652225 -0.114028 -0.555308
VERTEX_POSE A582 0.611095 0.936401 0.890693 0.671452 0.493765 -0.555351 -0.589175 0.060013 0.266129 -0.546455 -0.539024 0.642727 -0.069914 0.485773 0.184143 -0.587043 0.444911 -0.416839 0.068940 0.521469
VERTEX_POSE A583 0.658465 -0.212115 0.806537 0.335228 0.519642 0.699045 0.420394 -0.259039 0.532881 -0.015127 0.390374 -0.246622 0.811776 0.497205 -0.072137 -0.303949 0.639284 -0.401681 0.267720 -0.353002
VERTEX_POSE A584 -0.645786 -0.111139 -0.718947 -0.769913 -0.499761 0.441523 -0.061349 0.295549 -0.149853 0.351029 -0.581552 0.591124 0.629731 0.278329 0.644632 -0.328864 -0.649358 -0.132750 0.606880 -0.274436
VERTEX_POSE A585 -0.211343 0.001892 -0.106118 -0.891101 -0.127107 0.761480 0.346281 -0.380102 -0.158790 -0.125454 -0.800784 -0.608511 0.368393 -0.344968 -0.110548 0.809815 0.253897 0.111483 0.269885 -0.175501
VERTEX_POSE A586 -0.758535 0.631382 0.641858 -0.466155 0.196362 0.424792 0.547052 -0.308416 -0.204064 -0.600468 -0.442058 -0.846388 0.481464 -0.223803 0.013582 0.263070 0.514497 0.247694 0.197887 -0.628227
VERTEX_POSE A587 0.720138 0.779874 -0.502988 0.284120 -0.875265 0.516018 -0.379152 0.366402 -0.339291 0.499630 0.391967 0.330530 -0.278244 -0.421473 0.629524 0.727454 -0.237152 -0.336239 0.002418 -0.691542
VERTEX_POSE A588 -0.574600 -0.903242 0.471970 0.660158 0.291873 -0.847458 0.185045 -0.313353 -0.073261 -0.374434 0.538398 0.004889 -0.376046 0.268281 -0.516333 -0.096457 0.536784 -0.099114 -0.821488 -0.501822
VERTEX_POSE A589 -0.824346 -0.702668 -0.679341 -0.678986 0.914457 -0.669457 -0.372825 -0.230945 0.145816 -0.409226 -0.662504 0.026446 -0.697328 0.155530 -0.528831 -0.096566 0.536233 -0.500203 0.444908 -0.442739
VERTEX_POSE A590 -0.420476 -0.559317 -0.598692 0.641944 0.990701 -0.708260 -0.022509 0.543551 -0.514890 -0.389112 -0.057582 -0.264683 -0.067633 -0.520653 -0.401063 0.660958 -0.489650 -0.048445 -0.637688 -0.436348
VERTEX_POSE A591 -0.926067 -0.736006 0.978587 0.750280 -0.342428 -0.665102 -0.105168 0.308901 -0.548770 -0.274513 0.251778 0.155429 0.609615 0.768445 -0.176569 0.553742 -0.342866 0.448504 -0.485101 0.364860
VERTEX_POSE A592 -0.451190 0.353701 -0.309491 -0.505667 -0.759250 -0.118319 0.440240 0.753596 0.360104 -0.800921 0.351553 0.470677 0.319286 -0.376058 0.159367 -0.026656 -0.326816 -0.780635 -0.249119 -0.245511
VERTEX_POSE A593 -0.810928 0.014879 0.432144 0.103261 0.399648 -0.783163 -0.076713 -0.406073 0.045348 -0.559945 -0.612540 -0.011333 0.666141 -0.423122 -0.108908 -0.469461 0.313308 0.610418 -0.128216 -0.427440
VERTEX_POSE A594 -0.880107 -0.885941 0.228969 -0.555848 -0.385636 0.074049 -0.594024 0.064949 -0.145620 0.505759 0.758311 -0.147261 0.125534 -0.406146 -0.593149 -0.558611 0.371240 -0.774467 0.252067 -0.343471
VERTEX_POSE A595 0.161016 -0.180516 -0.157693 -0.740008 0.713087 -0.660939 -0.518838 -0.518094 0.062278 0.616681 -0.558150 -0.733629 0.545569 0.308549 -0.131793 -0.038957 0.464486 -0.060831 -0.226602 0.330299
VERTEX_POSE A596 -0.427695 0.402148 -0.526252 0.142976 -0.224440 -0.377271 -0.630852 -0.312761 0.233025 -0.125220 -0.140029 -0.269522 -0.461460 -0.273771 -0.512872 0.610353 -0.591657 0.683876 -0.029485 -0.676434
VERTEX_POSE A597 -0.084213 0.507591 0.476835 -0.757120 -0.763676 0.016350 0.634999 -0.017427 0.532116 -0.504310 -0.449996 -0.502290 -0.442489 -0.213425 0.364480 0.348550 -0.609803 0.575712 -0.158636 0.616271
VERTEX_POSE A598 0.459909 0.869990 -0.764396 -0.209100 0.103130 -0.144349 -0.680375 0.206509 0.520053 -0.060297 0.561128 -0.125686 -0.166168 0.675416 -0.324981 -0.606404 -0.262667 -0.766354 0.371640 0.342503
VERTEX_POSE A599 -0.675060 0.417854 -0.612651 0.360832 0.608400 -0.111806 -0.454397 -0.598629 0.103572 -0.005266 0.427653 0.631147 -0.427122 0.437608 -0.615414 -0.660250 0.360402 -0.446868 0.418489 0.370628
VERTEX_POSE A600 0.936759 -0.761287 -0.108729 -0.423976 0.355537 -0.462197 0.026133 0.328902 0.505057 0.105126 -0.124531 0.299443 -0.818614 -0.281885 -0.446889 -0.556679 0.267528 0.491849 -0.090804 0.851637
VERTEX_POSE A601 -0.567055 0.849314 0.784726 0.390840 0.843741 0.573125 0.117361 -0.135643 -0.189346 0.680710 0.148879 0.355182 0.615603 -0.418340 0.507975 0.060562 0.823320 0.501480 -0.374466 -0.326453
VERTEX_POSE A602 0.075969 -0.764183 0.198744 0.613452 0.405208 -0.150958 -0.754291 0.588043 0.794525 0.189821 0.305280 0.246498 0.184710 0.519672 0.480404 -0.455698 -0.523344 0.233223 -0.391453 -0.130621
VERTEX_POSE A603 -0.692883 0.681357 0.615624 -0.692925 0.581019 -0.012844 -0.811846 -0.533687 0.167072 -0.269777 0.572907 -0.637701 -0.322014 0.526709 -0.521032 -0.084868 -0.132127 0.542019 -0.396522 0.303438
VERTEX_POSE A604 -0.258936 0.993258 -0.054878 0.887758 -0.100815 0.669250 0.009003 0.679124 0.156015 0.481841 -0.466461 -0.493634 0.578001 0.415389 0.185634 0.635563 0.069144 -0.499629 -0.172406 0.379310
VERTEX_POSE A605 -0.460598 0.469864 -0.389185 -0.586856 -0.306518 0.575977 0.782276 0.160837 0.213445 -0.218844 -0.101247 -0.137137 0.263490 0.107297 0.435515 -0.444371 0.765389 -0.643593 0.270664 0.605432
VERTEX_POSE A606 -0.899719 -0.874429 -0.630895 -0.870486 -0.980855 0.787617 -0.461003 0.108075 0.406525 0.663260 0.460606 -0.304052 -0.442127 0.216831 0.015635 -0.376798 0.589086 0.348861 -0.100547 -0.618162
VERTEX_POSE A607 -0.246170 0.232528 0.030264 0.204266 -0.214900 -0.294875 -0.812815 -0.378434 -0.144429 0.142486 -0.718641 -0.135448 -0.372519 0.312079 0.415201 -0.407276 0.327003 -0.837527 0.119943 0.368806
VERTEX_POSE A608 0.328152 0.322720 -0.710426 0.339797 -0.688835 -0.028449 -0.911071 0.047171 0.147775 -0.290501 0.268737 0.554642 -0.226887 -0.506997 0.709232 0.121297 0.637281 0.408308 0.139168 -0.512232
VERTEX_POSE A609 0.934960 0.454271 0.550089 0.959449 0.403728 -0.167551 0.515208 0.297949 -0.515655 0.485725 -0.591235 0.554355 -0.109107 -0.277317 0.229365 0.509425 0.573038 0.588310 0.476670 -0.395462
VERTEX_POSE A610 0.689024 0.036985 -0.236840 -0.929808 -0.865966 -0.395379 -0.599868 -0.449751 -0.724367 0.366780 0.473119 0.456791 0.398542 -0.170484 -0.331915 0.475082 -0.734150 -0.011910 -0.347983 0.076428
VERTEX_POSE A611 -0.658983 0.831882 -0.108261 -0.503179 -0.443889 0.389725 0.611685 0.611322 0.201248 -0.665470 0.225971 -0.564365 0.238909 -0.239894 -0.699351 -0.045319 0.601416 0.003770 -0.351938 0.394933
VERTEX_POSE A612 -0.750556 -0.185246 -0.705313 -0.667257 0.296935 -0.856978 0.274219 0.140628 -0.417425 -0.455917 -0.175430 0.037454 -0.578630 0.791390 0.279170 0.416866 0.261348 -0.109574 0.456458 0.504823
VERTEX_POSE A613 0.300119 -0.026614 -0.346147 0.741644 0.627799 -0.394479 0.510348 0.417062 -0.456512 0.285569 0.075863 -0.269935 -0.363482 -0.568459 0.590720 0.648947 -0.385263 -0.462784 0.323640 -0.590534
VERTEX_POSE A614 0.999482 -0.380232 -0.301724 0.832050 -0.924247 -0.176906 0.496456 -0.061096 -0.624267 0.038791 -0.324858 -0.574035 0.360154 0.585121 -0.198020 0.172633 -0.738667 0.458549 0.769749 -0.052332
VERTEX_POSE A615 -0.396342 0.703615 -0.424260 -0.437170 0.797174 0.782320 -0.228263 -0.075160 0.158347 -0.570179 0.405076 0.297373 0.664148 -0.233609 0.414418 -0.139360 -0.436768 -0.320513 -0.402839 -0.764804
VERTEX_POSE A616 -0.911224 0.975278 0.547735 0.850543 -0.499307 -0.156394 -0.153076 0.464047 0.743550 -0.517152 0.389464 -0.434818 -0.531161 0.046222 0.475185 0.372610 -0.275907 -0.088355 0.536798 0.744794
VERTEX_POSE A617 -0.759054 -0.748851 -0.659866 -0.634105 0.272116 0.665252 0.382353 0.456320 0.144348 -0.429924 -0.368080 -0.696102 0.276382 0.458160 0.223336 0.157442 0.172120 -0.046548 0.753523 -0.645564
VERTEX_POSE A618 -0.676205 0.483489 0.072752 0.846950 0.921909 -0.027049 -0.433071 0.444960 0.325588 -0.753881 0.211856 0.404801 -0.189632 -0.545464 -0.056396 -0.299037 -0.661469 0.852183 0.344573 0.148510
VERTEX_POSE A619 -0.485824 -0.927963 0.019705 0.510701 0.792566 0.564573 -0.225107 0.410089 -0.379562 -0.676649 0.561654 0.552590 -0.330819 -0.337220 -0.186172 0.518266 0.353876 -0.444044 -0.336798 -0.526713
VERTEX_POSE A620 -0.583399 -0.451518 -0.339207 -0.313091 0.186572 0.128258 -0.004310 0.663980 -0.296241 -0.089659 0.356724 -0.406657 -0.447775 -0.534739 -0.395881 -0.645539 0.376766 -0.757429 0.612143 0.063089
VERTEX_POSE A621 -0.096681 0.924172 0.474060 0.488894 0.912610 0.698853 0.246670 0.492400 -0.548054 0.613177 0.554563 -0.003398 -0.430293 0.524384 -0.373700 -0.580033 0.306570 0.267543 -0.203904 0.284674
VERTEX_POSE A622 -0.411891 -0.663970 -0.001707 0.260981 -0.549863 0.147818 0.323067 -0.650655 0.596218 -0.500942 -0.023507 0.290997 0.216048 0.738264 0.698326 0.467248 -0.104168 -0.224355 0.616188 0.142167
VERTEX_POSE A623 -0.034589 0.902182 0.351302 0.181242 0.427322 -0.471863 0.292757 -0.664950 -0.340411 -0.587790 -0.377056 0.613403 0.140644 -0.635130 0.340895 0.351673 -0.023495 -0.411087 0.652182 0.108296
VERTEX_POSE A624 0.092391 -0.060949 -0.093797 -0.407845 0.312258 0.369895 -0.176515 0.266891 0.160997 -0.362619 0.611260 0.636679 0.691155 0.246841 0.652881 -0.437360 -0.587145 -0.075128 0.410330 -0.386602
VERTEX_POSE A625 -0.291999 -0.549911 -0.772739 0.705133 0.064502 -0.227984 -0.402039 -0.471493 -0.584151 0.519958 -0.518000 0.066904 0.266927 0.403459 0.621969 0.594642 -0.348742 0.464187 -0.378364 -0.474311
VERTEX_POSE A626 -0.873573 -0.278334 -0.806391 0.441234 0.140408 -0.131606 0.422376 0.182696 0.093924 -0.255203 -0.574939 -0.376848 -0.830994 0.229727 -0.785118 0.211403 -0.533028 0.464147 -0.145699 -0.546968
VERTEX_POSE A627 0.664696 -0.658802 0.379952 0.735131 -0.912182 -0.658495 0.112681 -0.517840 -0.684673 -0.447551 0.292037 0.266933 -0.642328 -0.073399 -0.035927 -0.389194 0.443895 0.158314 -0.472170 -0.666428
VERTEX_POSE A628 0.623789 0.957680 0.704096 0.948013 0.300826 0.336104 -0.491914 -0.347169 0.359815 0.555115 0.078333 -0.290434 0.204329 0.661924 -0.796917 0.122360 -0.466576 -0.195291 -0.627014 0.466371
VERTEX_POSE A629 0.586336 -0.408344 -0.570787 -0.767866 -0.756461 0.511187 -0.795942 -0.087120 -0.197316 -0.255324 0.439654 -0.228023 0.207872 -0.300382 -0.568227 -0.298381 0.538620 -0.569980 -0.411150 -0.647128
VERTEX_POSE A630 0.989636 0.759053 0.767301 0.095963 0.696218 -0.014337 0.706335 -0.137176 -0.653856 0.181252 -0.150596 0.366984 0.634004 -0.134114 0.454576 0.040009 0.649092 -0.480573 0.254315 0.720553
VERTEX_POSE A631 0.560548 -0.803607 -0.404632 -0.475963 -0.343638 -0.377580 0.110705 0.518820 0.419594 0.595138 -0.323110 0.637086 -0.210720 -0.082066 -0.523468 0.195229 -0.707807 -0.038429 -0.742319 -0.344530
VERTEX_POSE A632 -0.980719 -0.559030 -0.786061 0.622974 -0.912720 0.633129 -0.578445 -0.084878 -0.398604 0.299625 0.076368 -0.370519 -0.554351 0.743885 0.420545 0.450459 0.550680 -0.355134 -0.255750 -0.361040
VERTEX_POSE A633 0.065605 0.994869 -0.033955 -0.290585 0.101426 -0.714467 -0.143041 0.097389 0.561595 0.407163 0.302490 -0.395854 0.782174 0.363412 -0.091043 -0.193262 0.360458 -0.095698 0.405722 -0.798134
VERTEX_POSE A634 0.867664 0.877750 -0.789008 -0.168888 -0.762619 -0.663350 -0.475027 0.477492 -0.205354 0.445758 0.589479 0.257514 0.525600 0.432996 0.369687 -0.194885 0.238106 0.561083 -0.511286 0.424660
VERTEX_POSE A635 -0.239655 -0.565773 0.159061 0.510732 -0.013535 0.374538 -0.345895 -0.789158 0.299461 0.846161 -0.097232 -0.017556 -0.126756 -0.177605 0.770082 0.045066 0.106426 -0.420369 0.382453 -0.570005
VERTEX_POSE A636 0.605008 0.464733 0.576860 0.122559 0.794908 0.781720 0.492533 0.117294 0.223433 -0.604309 -0.455693 -0.480627 0.586179 -0.250420 -0.161533 0.125147 -0.511544 -0.286173 -0.181531 0.673943
VERTEX_POSE A637 0.967945 -0.996679 -0.419902 -0.039374 -0.743474 -0.421623 0.530961 -0.484395 0.555921 -0.091951 -0.367723 -0.698451 -0.350617 -0.152773 0.126141 0.602681 -0.286431 0.097157 -0.472725 -0.724402
VERTEX_POSE A638 0.514175 0.666756 -0.810675 -0.285002 0.771565 -0.147637 0.257189 -0.336890 -0.508139 -0.456937 -0.450096 0.841067 -0.128529 -0.313324 0.109142 -0.664522 -0.305793 -0.026300 0.516676 -0.701596
VERTEX_POSE A639 -0.066841 -0.212547 0.866434 -0.537644 -0.893927 0.388882 -0.277461 -0.095153 0.799626 0.158054 -0.407710 0.387406 0.427726 0.615281 0.057609 -0.546206 -0.295692 -0.236573 0.645557 -0.598927
VERTEX_POSE A640 0.902905 0.457592 -0.869813 -0.079925 0.660254 0.022806 0.416763 -0.686351 0.544689 -0.111567 0.426127 0.701911 0.144188 0.017513 0.272848 0.645367 -0.045491 -0.368332 0.613655 0.587335
VERTEX_POSE A641 0.203199 -0.296259 -0.047515 -0.214810 0.905599 0.491366 -0.650345 0.467742 -0.601251 -0.558272 -0.040802 -0.624902 -0.001419 0.441317 0.046429 -0.505766 -0.436059 0.066317 0.097892 0.628207
VERTEX_POSE A642 0.274177 -0.380664 -0.241827 -0.040823 -0.337816 -0.153936 0.665082 0.615035 -0.285898 -0.313444 -0.270866 0.084433 0.416124 -0.544909 0.534464 -0.453624 0.447292 0.775748 0.283698 -0.226643
VERTEX_POSE A643 -0.847651 -0.727654 -0.575126 0.252818 -0.042811 -0.169413 0.755147 -0.429839 0.544237 -0.365844 -0.403299 -0.366029 -0.215220 0.544249 0.052899 -0.343143 -0.333066 0.733710 0.363103 0.495427
VERTEX_POSE A644 -0.496683 0.677127 0.606338 -0.473166 0.533399 0.511431 -0.704111 -0.477613 -0.097419 0.240886 -0.597073 -0.401935 -0.477566 0.319107 -0.325675 -0.463172 0.156216 -0.679214 -0.060036 -0.537733
VERTEX_POSE A645 0.273658 0.239104 0.456450 -0.208773 -0.262063 0.226399 0.381375 -0.265753 -0.034065 0.806774 0.562024 0.469087 0.230796 -0.368665 0.635800 -0.369153 0.636810 -0.568593 -0.118862 0.268446
VERTEX_POSE A646 -0.243993 0.975961 0.000614 0.815648 -0.245636 0.681820 0.445723 0.294186 0.259393 -0.093918 0.634102 -0.357321 0.635467 0.285485 0.533151 0.167861 -0.605219 -0.236449 0.600428 -0.252146
VERTEX_POSE A647 -0.407906 0.652405 0.154073 -0.622623 -0.965909 -0.082119 -0.533683 0.392098 0.541519 -0.226682 -0.126262 0.271935 -0.395171 0.619463 0.204273 -0.588810 -0.662420 -0.764420 -0.401174 -0.088214
VERTEX_POSE A648 0.514605 0.490253 0.796584 0.157122 -0.989948 0.624006 0.219954 -0.520204 -0.543775 0.069062 0.126586 -0.306800 0.522225 0.010964 -0.422152 -0.471832 -0.753900 -0.206364 0.671943 -0.380629
VERTEX_POSE A649 0.079802 0.459450 -0.926634 0.662598 -0.323727 -0.568272 0.087985 -0.024435 -0.693297 0.317898 0.392409 -0.284768 0.015346 -0.617055 -0.336742 -0.739701 -0.322927 -0.043795 -0.586350 0.600316
VERTEX_POSE A650 0.106270 0.724441 -0.826221 0.888079 0.826657 -0.010447 0.518558 -0.273903 0.073848 -0.420152 -0.569220 -0.705759 -0.212804 0.509152 -0.560429 0.549668 -0.360573 0.426919 0.455137 0.460128
VERTEX_POSE A651 0.931205 -0.961266 -0.542623 0.844031 0.196625 0.150193 0.001291 -0.357471 -0.452489 0.233748 -0.742727 0.571648 -0.009224 -0.538742 0.627397 -0.172080 -0.022175 -0.228664 -0.956903 -0.172731
VERTEX_POSE A652 0.983121 0.383622 0.547425 0.151492 -0.411117 -0.430510 0.535739 -0.160005 0.485393 0.428969 0.222201 0.674243 0.003921 -0.637416 -0.203245 -0.624990 -0.359910 -0.288345 0.371943 -0.623852
VERTEX_POSE A653 0.694379 -0.939528 0.172071 0.149060 -0.723206 -0.311853 0.607803 -0.512204 -0.054895 0.511635 0.728867 0.582465 -0.176258 0.194037 -0.565127 -0.064991 0.410789 0.491020 0.577507 -0.001206
VERTEX_POSE A654 -0.103384 0.940917 0.808680 0.025273 -0.376054 -0.331475 0.515672 -0.545967 0.053135 -0.511993 -0.011542 0.658552 -0.021265 0.180150 -0.451291 0.241860 0.807584 0.499947 0.642649 0.130926
VERTEX_POSE A655 0.075513 -0.677327 -0.546371 0.743647 0.901140 -0.308102 -0.037133 -0.570576 0.319426 -0.105810 -0.240092 0.563122 -0.668438 -0.319910 0.629714 0.318635 0.408594 0.298988 0.662637 -0.589499
VERTEX_POSE A656 -0.597620 -0.489439 0.399332 -0.145807 0.341296 0.187778 -0.543660 0.449390 -0.275261 -0.318005 0.540728 0.451128 0.232781 -0.196480 0.791132 -0.320461 -0.017248 -0.244056 -0.668150 -0.683199
VERTEX_POSE A657 0.023043 -0.337417 -0.997711 -0.533493 0.764355 -0.226821 0.179518 0.739524 -0.318576 -0.255708 -0.599894 -0.085626 -0.123247 0.012929 -0.644269 -0.629273 0.233330 0.651650 -0.700865 0.196520
VERTEX_POSE A658 -0.259791 -0.336129 0.833580 0.478778 0.988958 -0.559036 0.493502 0.306552 0.347957 -0.515045 0.232745 -0.395443 -0.022775 -0.459654 -0.432831 -0.417057 0.676836 -0.471897 -0.562786 -0.427162
VERTEX_POSE A659 -0.973831 -0.531759 0.103429 -0.197794 -0.357878 0.032417 0.463067 -0.599987 -0.819614 -0.286414 -0.256155 0.118747 -0.725190 0.137937 -0.110923 -0.239475 -0.560912 -0.548432 0.346824 0.490664
VERTEX_POSE A660 -0.390621 0.254239 -0.568498 -0.301358 -0.992106 0.542524 -0.305578 0.283326 0.608385 0.480271 -0.137326 0.194694 -0.431712 0.653971 -0.096802 0.698125 0.639886 -0.536898 -0.046983 0.252461
VERTEX_POSE A661 -0.270155 -0.577076 0.600881 -0.425259 0.685175 -0.083402 -0.505294 -0.244211 -0.441391 -0.107770 -0.620659 0.599627 -0.678460 -0.144065 0.390689 0.450873 -0.718274 0.534816 0.263569 0.135908
VERTEX_POSE A662 0.586717 -0.335366 0.698797 0.326243 0.298484 0.055476 -0.147551 -0.534523 0.118937 0.595894 -0.462729 0.255389 -0.516299 -0.616871 -0.472777 0.479887 -0.330051 -0.833088 -0.355363 -0.103459
VERTEX_POSE A663 -0.371340 0.695208 -0.354559 -0.678384 -0.904826 0.342782 0.138611 -0.586029 -0.474115 -0.227497 0.336774 0.474485 -0.555665 -0.210154 0.350959 -0.563507 0.454836 -0.556244 -0.550207 -0.540474
VERTEX_POSE A664 0.795450 -0.582206 -0.433074 0.284157 -0.213398 -0.670741 0.489969 0.105167 0.616855 0.528731 -0.328028 0.038493 0.658738 0.415729 -0.289278 -0.108172 -0.043651 -0.290574 0.186378 -0.840596
VERTEX_POSE A665 0.454381 -0.457616 0.909789 -0.842645 0.535865 0.066616 -0.884665 -0.447131 -0.385274 -0.084936 0.231462 -0.691550 0.252939 -0.538376 -0.434448 -0.103346 -0.073138 -0.424429 -0.368097 0.671789
VERTEX_POSE A666 0.389005 -0.870564 0.804502 0.832348 0.081638 -0.368422 0.243541 -0.301406 0.467864 0.207001 0.568563 0.099653 -0.621781 0.424312 -0.760032 -0.280216 0.393196 -0.240395 0.657803 0.501245
VERTEX_POSE A667 0.400458 0.882527 -0.856213 -0.593285 -0.418490 -0.707201 0.423144 -0.442997 -0.064026 -0.780809 -0.597793 0.648871 0.304872 -0.330385 -0.014071 -0.297301 0.317707 0.273013 0.173068 -0.486112
VERTEX_POSE A668 0.422326 -0.454295 -0.510114 0.117981 0.792391 -0.554205 -0.620134 0.042239 0.214466 0.287457 -0.280139 -0.159255 0.608884 0.429705 0.306595 -0.064407 -0.694724 -0.726291 0.397384 -0.502444
VERTEX_POSE A669 -0.096821 0.796192 0.993827 -0.452655 -0.146796 0.457039 -0.225575 0.319366 -0.382567 0.772431 0.034538 0.061630 -0.106063 0.570192 0.800053 0.494926 -0.236389 -0.029564 -0.310266 -0.718202
VERTEX_POSE A670 -0.666383 -0.330020 -0.989780 -0.130929 -0.312417 0.392058 -0.154568 -0.757087 0.173494 0.839284 -0.191701 -0.312350 -0.314617 -0.543422 -0.738159 0.362790 -0.284124 -0.416832 -0.202757 0.118479
VERTEX_POSE A671 0.325231 -0.996703 -0.379927 -0.961944 0.452645 -0.148439 0.197646 -0.621600 -0.547684 -0.800948 -0.160196 -0.616029 0.402365 -0.276810 0.462508 -0.109114 -0.711209 0.290866 -0.381596 -0.074225
VERTEX_POSE A672 -0.893622 -0.500068 -0.053688 0.332535 -0.241197 0.270072 -0.693191 0.277097 -0.341129 0.178475 -0.151506 -0.758771 -0.443702 -0.374972 -0.452919 0.351482 0.720564 -0.172693 -0.408929 0.490354
VERTEX_POSE A673 0.607794 0.289315 -0.231606 0.828248 0.349766 0.444536 -0.690397 -0.261189 -0.284848 0.198260 0.428470 -0.387958 -0.683477 0.496833 -0.375261 -0.064881 -0.647446 0.655680 0.112667 0.286643
VERTEX_POSE A674 0.477579 -0.724357 0.044947 0.290874 -0.590166 0.180326 -0.272997 -0.932618 -0.552770 0.528791 -0.163489 0.060318 0.559303 -0.255241 0.697209 0.103575 0.179821 -0.414957 -0.567719 0.077536
VERTEX_POSE A675 -0.390305 -0.822941 -0.447350 0.859369 -0.707798 0.029867 0.129020 -0.451416 -0.442341 0.649718 -0.506313 -0.080884 0.341920 0.518055 0.344099 0.658612 0.375303 -0.823709 -0.102672 0.361438
VERTEX_POSE A676 -0.118548 -0.471581 -0.775157 -0.380525 -0.912297 0.376657 0.704592 -0.075759 0.477059 0.189339 0.439309 -0.098170 -0.318467 -0.348873 0.639329 -0.191712 -0.676318 0.460614 -0.574043 0.471327
VERTEX_POSE A677 -0.766414 -0.748395 -0.954440 0.106522 0.164197 0.645062 -0.365653 0.214538 0.310937 -0.196703 0.656345 -0.191740 0.655930 0.635707 0.316532 0.317118 -0.247667 0.591825 0.544791 -0.240253
VERTEX_POSE A678 0.201789 0.829463 0.706724 -0.763254 -0.673707 -0.755221 -0.331146 -0.064177 0.531567 -0.726052 0.066692 -0.065131 -0.465293 0.360602 0.125333 0.339879 0.809473 0.356548 0.176565 -0.454040
VERTEX_POSE A679 -0.603943 -0.981328 -0.978573 0.776596 -0.902245 0.304090 0.543657 -0.639510 0.690059 -0.256617 -0.160100 -0.592009 0.282612 -0.379049 -0.079720 0.210099 0.481546 -0.272979 -0.717338 -0.435695
VERTEX_POSE A680 0.313388 0.711055 -0.881074 -0.230880 0.840470 -0.143876 0.029294 0.153094 0.353160 -0.852001 -0.092693 0.715189 0.396875 0.458652 0.584839 0.017580 -0.425248 -0.032338 -0.339732 0.759455
VERTEX_POSE A681 -0.691941 0.553905 0.880502 -0.875175 -0.847050 -0.249886 0.674993 -0.528962 -0.636423 -0.008682 -0.308533 0.525666 0.525965 -0.015537 -0.405153 -0.100333 0.222855 0.303394 -0.507546 -0.758354
VERTEX_POSE A682 -0.672738 -0.942594 -0.521196 0.620627 0.294380 -0.066325 0.785707 0.354358 -0.010986 0.576696 -0.517915 -0.366582 -0.028466 0.709349 -0.776703 -0.161429 -0.313880 -0.507771 0.152370 -0.067069
VERTEX_POSE A683 0.296510 0.094677 0.666351 0.920612 -0.570647 -0.435909 -0.105094 0.085968 -0.335161 -0.607184 0.374277 0.307401 0.273944 -0.333813 -0.562867 0.725116 0.296560 -0.535102 -0.139445 -0.808175
VERTEX_POSE A684 -0.997563 0.614377 0.052573 0.273884 -0.570256 -0.371298 -0.926007 0.067645 0.539988 -0.229958 -0.086728 0.095547 0.021865 0.847607 -0.620642 0.222896 -0.280762 0.419792 -0.198672 -0.436621
VERTEX_POSE A685 0.223879 0.998323 -0.712516 -0.354100 0.918326 -0.308018 0.561098 -0.438772 0.131080 0.427001 -0.393409 0.809621 0.385462 0.334409 0.233116 -0.577637 -0.330673 -0.422036 0.143505 0.656913
VERTEX_POSE A686 -0.627978 0.417350 -0.880020 0.664260 -0.669507 -0.184558 -0.386895 -0.281972 0.317037 -0.027167 -0.595053 0.693429 -0.443220 0.535199 -0.291903 -0.808009 -0.148534 -0.547151 -0.015882 0.507842
VERTEX_POSE A687 -0.595182 -0.875062 -0.548094 -0.871922 0.771040 -0.618880 -0.392138 -0.237128 0.022190 -0.719909 -0.394104 -0.497547 -0.086379 0.525823 -0.077204 0.404811 -0.706267 0.602480 -0.395759 0.114670
VERTEX_POSE A688 -0.753078 -0.339094 -0.710227 0.112407 0.682681 0.140055 -0.240997 0.274911 -0.081172 0.609935 -0.303038 0.269070 0.261263 0.857261 0.766489 -0.406853 -0.275915 -0.560261 -0.579752 0.146857
VERTEX_POSE A689 0.112232 -0.918779 0.953561 0.143038 -0.680550 0.288935 -0.790129 -0.036250 0.785582 0.113577 0.556541 0.174308 0.496091 0.016679 0.518385 0.090999 -0.826401 -0.016482 -0.329255 0.075702
VERTEX_POSE A690 -0.569013 -0.406821 0.555335 -0.069716 -0.586838 0.264506 0.445337 -0.677857 -0.047294 -0.066937 -0.518182 -0.696277 0.572769 -0.098010 -0.394772 0.189590 0.321776 0.535867 0.658168 0.398562
VERTEX_POSE A691 -0.143699 0.915145 -0.278726 0.811049 0.690575 -0.502620 0.703411 0.428026 0.750320 0.216263 0.240325 0.353014 0.433052 -0.261843 0.044205 0.516441 -0.542973 -0.240457 -0.064790 -0.629013
VERTEX_POSE A692 0.842077 -0.495854 0.554442 0.717779 -0.995374 -0.370504 -0.199836 0.887858 -0.612672 -0.584039 -0.316128 -0.595565 0.576487 -0.215378 -0.324119 0.433907 0.099216 0.166159 0.313610 0.235667
VERTEX_POSE A693 -0.982297 0.257814 0.254132 -0.743473 0.711646 0.018395 0.103150 -0.713325 -0.553749 -0.396426 -0.351137 0.608972 0.318517 -0.053382 -0.182538 0.653684 -0.431090 -0.537454 0.550864 0.423298
VERTEX_POSE A694 0.484961 0.610353 0.366715 -0.867336 0.785748 -0.267903 0.466785 -0.329262 -0.544380 -0.328483 0.398479 -0.375082 -0.659171 -0.573625 -0.046316 -0.206135 0.630120 -0.699319 0.444086 0.081878
VERTEX_POSE A695 0.637527 -0.078061 -0.878632 0.001936 -0.208773 -0.336948 -0.385033 0.571215 -0.596364 0.529129 -0.021445 -0.675863 -0.079769 -0.401597 0.257105 0.270127 -0.525087 -0.088998 -0.701741 -0.486062
VERTEX_POSE A696 0.472085 0.800198 0.163920 -0.586118 0.247511 -0.055724 0.367999 -0.588738 0.289938 -0.258676 -0.687525 0.596229 -0.629876 0.107971 -0.546425 -0.497817 -0.364329 -0.508686 -0.391277 0.190533
VERTEX_POSE A697 -0.126034 0.739789 0.171217 0.965012 -0.132613 0.419772 0.632972 0.220166 0.576899 0.342253 -0.407911 0.473584 -0.323009 0.242002 0.125833 -0.273279 -0.811641 0.500863 -0.550629 0.260404
VERTEX_POSE A698 0.037985 -0.195534 -0.734845 0.408651 0.372737 -0.526073 -0.285884 0.597198 -0.590460 -0.549715 -0.377484 0.607769 -0.757368 0.217888 0.055628 -0.133976 -0.208969 0.046119 -0.156611 -0.640092
VERTEX_POSE A699 -0.105590 -0.654097 0.653807 0.531862 0.039902 0.658571 0.027477 -0.533653 0.442072 -0.593390 0.506543 0.023757 0.587767 -0.034684 -0.354783 -0.544049 -0.645054 0.494390 0.075329 -0.203302
VERTEX_POSE A700 0.777145 0.535981 0.165044 -0.487643 0.720591 0.365736 -0.801604 0.361704 -0.271477 0.161825 -0.154690 -0.551774 -0.559244 -0.543675 -0.475015 -0.122873 0.243040 -0.512293 0.058240 0.700421
VERTEX_POSE A701 0.371603 0.474446 -0.724625 -0.722278 -0.939680 -0.222728 -0.255935 0.136890 -0.125893 -0.314978 0.806222 0.060049 0.303092 0.543207 -0.841147 0.522119 -0.011425 -0.472662 -0.686158 -0.189900
VERTEX_POSE A702 -0.780359 -0.650800 -0.726120 0.569918 -0.507453 0.334230 0.169033 -0.785696 -0.911997 0.249479 -0.157033 0.168581 0.485031 0.282359 -0.154659 -0.732598 -0.275354 -0.064901 0.370449 -0.449973
VERTEX_POSE A703 0.883523 -0.964087 -0.888644 0.844892 -0.520607 -0.720275 0.157326 0.413179 -0.169860 0.288945 -0.434045 -0.321663 0.567416 0.159318 0.252263 0.681912 -0.371910 0.534087 0.323720 0.690788
VERTEX_POSE A704 -0.020604 -0.236239 0.043769 -0.894030 0.410086 -0.474601 0.527918 -0.070481 0.420265 0.477533 -0.752535 0.140103 0.511561 0.516863 0.470518 -0.395156 -0.058015 0.597591 0.274631 0.397758
VERTEX_POSE A705 0.697220 -0.375156 0.318827 -0.139208 -0.097619 -0.283337 -0.337814 0.235037 0.732876 -0.411459 0.531933 -0.492485 -0.200862 0.379683 0.373942 0.253525 -0.389424 0.015478 0.782280 0.604975
VERTEX_POSE A706 -0.506782 -0.787029 -0.335994 0.704261 -0.228405 -0.783368 0.001172 0.282520 0.159873 0.465518 -0.597487 -0.343133 -0.509104 -0.382125 -0.492056 0.470577 -0.408216 -0.030258 0.550148 0.500531
VERTEX_POSE A707 0.860849 0.292180 0.268612 -0.274556 0.497790 -0.358875 -0.134497 -0.249646 -0.230480 0.444450 0.744210 0.485918 0.722881 -0.136582 -0.418096 -0.064178 0.372048 -0.638097 0.507641 -0.476186
VERTEX_POSE A708 0.930806 -0.123552 0.364387 0.967313 -0.933421 0.329607 0.466535 0.504504 0.393949 0.270773 -0.697795 -0.134627 0.534492 0.352386 -0.256457 0.650092 -0.357837 -0.807632 0.026950 -0.079588
VERTEX_POSE A709 0.695007 -0.957565 -0.629271 0.941007 0.097888 0.234827 0.284055 -0.095761 0.373864 0.221801 -0.676740 -0.487180 -0.261272 0.196354 0.397408 -0.887595 -0.166400 -0.640159 -0.118445 -0.683087
VERTEX_POSE A710 -0.743095 0.310852 0.290040 -0.497959 0.595545 0.313661 -0.663194 0.642001 0.549974 0.689552 0.359324 -0.075278 0.209569 0.375170 0.619137 -0.157566 -0.211904 -0.458419 0.126276 0.522556
VERTEX_POSE A711 0.244194 -0.412497 0.483314 -0.263567 0.907049 -0.575098 -0.034957 -0.747917 -0.653654 -0.409597 0.600969 0.111596 -0.610516 -0.260276 -0.255594 -0.176560 -0.081180 -0.405237 0.653533 0.071572
VERTEX_POSE A712 -0.996934 0.596340 -0.748769 -0.934169 0.250838 0.644916 0.663049 -0.116895 -0.404486 0.446392 -0.691863 -0.292801 0.450977 0.673028 0.466730 0.042830 0.127687 0.341912 -0.394824 -0.195937
VERTEX_POSE A713 -0.415832 0.368258 0.768844 -0.877332 -0.110075 -0.482621 0.406236 -0.299574 -0.296303 0.592175 0.686186 -0.509388 -0.392135 0.294278 -0.580164 -0.464514 -0.066123 0.288469 -0.338760 0.590281
VERTEX_POSE A714 -0.459296 0.682180 0.149665 -0.342955 -0.663599 0.375644 0.351775 -0.766422 -0.213765 0.428611 0.171024 0.409099 0.578972 0.574907 -0.349776 -0.289188 0.132819 0.723526 -0.523171 0.187587
VERTEX_POSE A715 -0.994497 0.210716 0.303805 0.339716 0.680582 -0.506912 -0.594007 -0.273498 0.633967 0.187371 -0.175300 -0.219963 0.276356 0.732404 0.500283 -0.731178 0.435889 -0.206055 -0.032455 0.409945
VERTEX_POSE A716 0.808046 0.366582 -0.943672 -0.231432 -0.191748 -0.429371 -0.187683 0.563765 -0.185855 0.628110 0.040776 0.270000 -0.275790 0.722716 0.456082 -0.509140 -0.294687 -0.707239 -0.484736 -0.267110
VERTEX_POSE A717 -0.087274 0.099530 0.269645 -0.678695 -0.333106 0.535039 -0.268634 -0.233207 0.158231 0.085263 -0.681910 -0.025310 0.714561 0.362797 0.573757 -0.320325 0.572731 -0.599048 -0.554401 0.144816
VERTEX_POSE A718 -0.589679 0.335654 0.755711 0.467793 0.451622 -0.496839 -0.288950 -0.569130 0.025537 -0.483205 0.524421 0.673553 -0.285184 0.041838 -0.132101 0.717997 0.354408 -0.530447 -0.293549 0.523182
VERTEX_POSE A719 -0.945032 -0.972512 -0.653900 0.880975 -0.509067 0.884130 0.411348 0.023682 -0.336507 0.805173 -0.237578 0.034261 -0.139115 0.681238 0.092579 0.206816 0.439893 0.308759 -0.346934 -0.534233
VERTEX_POSE A720 -0.975042 0.180752 0.223205 0.464343 -0.013656 -0.090370 0.319174 0.428784 0.465122 0.617696 -0.301640 -0.632606 0.662502 -0.112613 0.413302 0.107229 -0.490639 0.452202 0.257239 0.686840
VERTEX_POSE A721 -0.158692 0.928833 0.311046 -0.601923 0.864785 -0.534535 -0.439358 -0.519239 -0.339184 -0.621133 0.675227 0.265534 0.051042 0.430082 -0.405057 0.468956 0.289522 -0.603860 0.445682 0.075273
VERTEX_POSE A722 -0.088731 0.942632 0.067375 0.692023 -0.818492 -0.392389 0.439167 0.661508 -0.513025 -0.450282 -0.285356 0.479769 -0.624584 0.390271 0.445023 0.451571 -0.463971 0.393208 0.101766 0.336749
VERTEX_POSE A723 0.867035 0.684897 -0.222353 0.182122 -0.009030 0.611734 0.539948 0.390614 -0.243399 0.140313 -0.610321 0.580897 -0.509730 -0.323650 -0.258421 0.551335 -0.148056 -0.402884 -0.353514 0.590136
VERTEX_POSE A724 -0.140989 0.186647 -0.434823 -0.345397 0.576431 -0.601959 0.065897 0.403627 -0.353311 0.329556 0.483548 0.173785 0.442868 0.336848 0.236479 -0.735423 0.623327 -0.653218 -0.387392 -0.318220
VERTEX_POSE A725 -0.603770 0.552985 -0.565910 0.824687 0.967256 -0.081951 -0.830877 0.464017 0.794284 -0.216950 0.051633 -0.421955 -0.129182 0.218210 -0.093855 0.445186 0.766011 0.418977 0.218397 0.384232
VERTEX_POSE A726 0.504562 -0.393164 -0.100984 -0.815942 0.782197 0.266018 -0.272552 0.807657 0.018086 0.688483 -0.143160 -0.553854 0.303035 0.263163 0.783960 0.229206 -0.139013 0.086945 0.554383 0.488483
VERTEX_POSE A727 -0.668904 -0.013155 0.729098 0.068485 -0.176058 -0.291203 0.756443 -0.168028 0.211014 0.042942 0.483772 0.756427 -0.140685 -0.052484 -0.464006 -0.355942 0.612662 0.288429 0.528642 0.599684
VERTEX_POSE A728 0.270196 0.292774 0.605307 0.789699 -0.165357 0.362866 -0.644375 0.480805 0.328548 -0.364986 -0.463508 0.316740 0.174910 -0.635172 -0.515255 0.180687 0.107198 -0.628150 -0.623157 -0.372897
VERTEX_POSE A729 -0.457453 0.411302 0.164170 0.592709 0.154935 0.418449 0.629578 0.262357 0.219989 0.153893 -0.946106 -0.250886 0.737330 -0.035888 0.735150 -0.182915 0.016419 -0.416072 -0.053246 -0.185727
VERTEX_POSE A730 0.225506 0.332748 0.382905 -0.399652 0.863845 -0.148868 -0.322008 -0.263948 -0.724075 -0.201772 0.490414 -0.324004 -0.446985 0.039887 0.590368 -0.580110 0.550081 -0.006403 -0.565045 -0.621003
VERTEX_POSE A731 0.047341 -0.171245 -0.229649 -0.697944 -0.444766 -0.728781 -0.136233 -0.545215 -0.116975 0.499459 0.516382 0.095556 0.586742 -0.422850 -0.626049 0.346964 0.330743 -0.232650 -0.517040 0.384574
VERTEX_POSE A732 0.914150 -0.114252 0.439546 0.870431 0.215255 -0.562587 -0.131731 -0.267435 -0.451901 0.178184 -0.584518 0.468372 0.222688 -0.719300 0.455967 -0.587612 -0.232453 0.228041 0.745667 0.124062
VERTEX_POSE A733 0.445147 0.681948 0.656785 -0.829734 -0.643608 -0.497460 -0.284472 -0.616400 -0.058592 -0.603313 -0.258650 -0.285352 0.354697 -0.364167 0.799657 -0.223959 -0.430466 -0.167997 -0.615728 0.485008
VERTEX_POSE A734 -0.069136 -0.135332 -0.118294 -0.853052 0.034627 0.938440 -0.152157 0.258902 0.292839 0.239607 -0.497090 0.169003 0.112687 -0.733926 0.006883 -0.501706 0.111496 -0.070468 -0.809339 -0.367141
VERTEX_POSE A735 -0.106454 0.649509 -0.516685 0.976400 -0.374659 0.379328 0.573148 0.553514 -0.487916 -0.440803 0.578946 -0.674278 0.260669 -0.009587 -0.339023 0.490831 -0.450670 -0.220139 0.410282 0.394016
VERTEX_POSE A736 0.142367 -0.693208 -0.024388 0.031057 0.258773 -0.068028 -0.207343 -0.673450 0.491615 0.011023 0.601044 0.634677 0.054409 -0.248550 -0.525849 0.528659 0.198856 -0.272680 -0.821247 0.289638
VERTEX_POSE A737 0.424082 0.077639 0.545712 0.851209 0.806222 -0.070878 0.128606 -0.586082 -0.816414 0.164247 0.137568 -0.025562 0.422309 0.705040 0.146925 -0.742947 0.369617 0.553358 0.475571 0.062325
VERTEX_POSE A738 -0.245605 -0.058311 0.751927 -0.298155 -0.876869 0.348189 -0.238235 -0.664106 -0.654117 -0.426192 -0.137743 -0.185257 -0.248493 -0.575134 -0.272039 -0.520320 0.389339 0.585294 -0.655075 0.240054
VERTEX_POSE A739 0.073173 0.183240 -0.660001 -0.001630 0.325352 -0.310353 -0.697336 -0.327584 -0.309012 0.631010 -0.501708 -0.009826 0.246630 -0.309302 0.709788 -0.159656 -0.645160 -0.551631 -0.170974 -0.359275
VERTEX_POSE A740 0.119089 0.120074 0.916441 0.792216 -0.095890 0.707249 -0.367777 -0.474098 -0.479272 -0.563276 -0.515421 0.441973 0.366867 -0.150420 -0.260244 0.558612 -0.413607 -0.083842 0.317524 -0.562027
VERTEX_POSE A741 0.011300 -0.747459 0.041967 0.203886 0.718676 -0.819386 0.221990 0.505302 0.514312 0.099185 0.620187 -0.154203 0.278343 -0.508729 -0.192291 -0.731935 -0.167654 0.057755 0.572432 -0.270418
VERTEX_POSE A742 -0.682632 0.770743 0.823313 0.734803 0.232401 0.167354 0.418389 -0.522726 0.574296 0.646964 0.319939 -0.025650 -0.229907 0.618787 -0.759415 0.594385 0.248063 -0.254573 -0.015399 -0.424222
VERTEX_POSE A743 0.122155 -0.283587 -0.832328 0.858047 -0.845052 0.467854 0.409269 0.223067 0.588161 -0.668276 0.435004 0.010493 0.494064 0.575917 0.389230 -0.010434 -0.608500 0.532513 0.376428 -0.243022
VERTEX_POSE A744 0.595468 0.620799 -0.189189 0.326553 -0.391399 -0.413961 0.442052 -0.691409 -0.428052 0.019348 -0.204708 0.368061 -0.490111 -0.641772 -0.674407 -0.669526 0.124109 0.234764 -0.340208 -0.229724
VERTEX_POSE A745 -0.141928 0.452923 -0.027022 -0.608152 0.568802 0.600380 0.050174 0.479630 -0.022896 0.896737 0.300250 0.577717 -0.310667 0.234480 0.143365 0.033617 -0.425018 0.533581 0.309356 -0.666471
VERTEX_POSE A746 0.127658 0.927130 0.471477 0.197763 0.835530 0.643852 0.358141 -0.447227 -0.708645 0.505742 -0.150034 0.036506 -0.479017 -0.203479 0.285963 0.523360 0.634818 -0.013031 0.335554 -0.577131
VERTEX_POSE A747 0.403514 -0.012619 -0.132862 -0.904879 0.416853 0.557668 -0.356462 0.484013 -0.496176 0.400189 0.220474 0.433101 0.739959 0.411482 -0.169151 -0.406139 0.519851 -0.476055 -0.017174 0.526840
VERTEX_POSE A748 0.770798 -0.447547 -0.757377 -0.286847 -0.764304 -0.684575 -0.617479 -0.127972 -0.275630 0.476541 0.501934 0.177017 -0.321763 -0.175786 -0.450795 0.536513 -0.684282 0.469930 0.015859 -0.482226
VERTEX_POSE A749 0.537979 0.262784 0.227188 -0.334444 0.287153 -0.246467 -0.281225 -0.035051 0.340920 0.762267 0.239005 0.095453 0.011210 0.751753 -0.722053 0.564916 -0.208193 -0.540884 -0.143551 0.577210
VERTEX_POSE A750 0.458482 0.014868 0.213239 0.976096 0.907786 -0.395096 -0.181936 0.707229 0.070672 0.437694 0.640862 0.771686 -0.320850 0.281389 -0.487331 -0.409222 -0.019425 0.076904 -0.710574 0.097803
VERTEX_POSE A751 0.795756 0.733205 0.465828 -0.822504 0.222040 0.424866 0.248800 -0.842187 -0.479716 0.422284 -0.258552 -0.196221 0.790347 0.257381 -0.726703 -0.361046 -0.353807 -0.150867 0.069073 -0.180133
VERTEX_POSE A752 -0.620713 0.191617 -0.461767 0.063632 0.151937 -0.223962 -0.670830 0.501598 -0.893948 0.131198 -0.357164 0.063656 -0.096244 -0.478625 0.382479 -0.034496 -0.439424 -0.018868 0.722718 0.445710
VERTEX_POSE A753 -0.630248 -0.042500 -0.719387 0.668119 -0.910707 -0.264162 0.423855 0.312211 0.479676 -0.475425 -0.375530 -0.054389 -0.650531 0.479349 -0.316408 -0.318690 0.463124 0.772695 0.263750 0.563242
VERTEX_POSE A754 0.662791 0.418102 -0.756525 0.359617 -0.786990 0.585261 0.695188 0.092289 0.083434 -0.447559 0.314719 -0.616877 0.520369 0.480159 -0.047057 -0.182849 0.658902 -0.517452 0.110397 -0.477210
VERTEX_POSE A755 0.238298 -0.621736 0.103410 0.718236 -0.271632 0.572965 0.101248 -0.720940 0.412349 0.244917 0.321980 -0.623534 0.642003 -0.296659 0.335948 0.717525 0.290322 -0.004878 -0.052486 0.451974
VERTEX_POSE A756 -0.234018 -0.489514 -0.285297 0.492806 -0.943450 0.415995 0.298899 0.755597 0.232451 0.658291 -0.470496 0.746689 -0.360494 -0.398481 -0.424211 0.255010 -0.221084 0.188191 0.531343 -0.006390
VERTEX_POSE A757 0.167353 -0.975061 0.142491 0.543675 0.995208 -0.647467 0.179147 -0.527988 0.346152 -0.454937 -0.480959 -0.151688 0.445734 -0.406310 -0.658119 -0.569774 0.309557 0.069539 -0.487461 -0.478532
VERTEX_POSE A758 0.569393 0.365109 -0.167492 -0.213279 0.552310 0.369160 0.676827 -0.311597 -0.091266 -0.010551 -0.885150 -0.227833 -0.095289 0.058355 0.888506 -0.389083 0.008096 0.118494 0.617518 0.340507
VERTEX_POSE A759 -0.963822 0.803260 -0.679990 0.282505 -0.108807 -0.614099 -0.589462 0.011783 0.455682 -0.286561 0.805109 0.090103 -0.425434 -0.266214 -0.518115 -0.072809 0.464356 0.372390 -0.619776 -0.255272
VERTEX_POSE A760 0.709900 0.436241 -0.693339 0.136384 0.150142 0.315988 0.167627 0.497898 -0.410677 -0.524060 0.347116 0.487266 -0.679689 0.309929 -0.579933 0.195413 0.586051 -0.397172 -0.443959 -0.438288
VERTEX_POSE A761 -0.205101 -0.302143 -0.784588 0.387069 0.416155 0.181395 -0.951766 -0.106357 -0.189761 -0.027535 0.185887 -0.172811 0.048346 0.676522 0.361492 0.290807 -0.560957 0.877808 0.080485 0.426355
VERTEX_POSE A762 0.083519 -0.367985 0.090360 0.584562 0.446427 0.184356 -0.050998 -0.066773 0.463242 0.411467 0.774343 -0.458504 0.862109 -0.179325 -0.714069 -0.285722 0.528033 -0.176916 -0.056795 0.291476
VERTEX_POSE A763 0.624050 -0.678012 0.746207 0.006814 -0.634603 0.203023 0.770591 -0.213258 0.615977 -0.366822 -0.696829 -0.559286 -0.196198 -0.396164 -0.477223 0.253846 -0.554310 -0.197008 -0.410730 0.068888
VERTEX_POSE A764 -0.759954 -0.620195 0.872197 0.557334 0.772547 -0.032243 0.462866 -0.159337 -0.453770 0.332124 -0.356905 0.641272 0.287937 -0.650700 0.392780 -0.613327 -0.136181 -0.477018 -0.465158 -0.636611
VERTEX_POSE A765 -0.985617 0.496683 0.972066 0.731510 -0.518946 0.642515 0.336816 -0.565664 0.473803 0.199955 0.654295 0.209866 0.291710 0.450293 0.555755 -0.549399 -0.108305 -0.098880 0.677966 -0.193465
VERTEX_POSE A766 -0.482404 0.971497 -0.770478 -0.016785 -0.009262 0.745118 -0.033930 -0.561869 0.105118 -0.771466 0.455873 0.444092 0.358694 0.496362 -0.132072 -0.464195 -0.437009 -0.468069 0.244031 -0.197815
VERTEX_POSE A767 0.382413 -0.313404 -0.152191 -0.411609 0.031320 0.575878 0.215290 0.469774 0.405893 -0.399603 0.514531 -0.502898 -0.658928 0.349335 0.343457 -0.306779 -0.530294 0.364343 -0.515430 -0.333652
VERTEX_POSE A768 0.438465 -0.425678 0.517778 0.582719 -0.712723 -0.405587 -0.003787 0.129351 -0.721868 0.559019 -0.213260 -0.132073 -0.556890 -0.719964 0.014620 -0.102438 0.528017 0.544747 0.605693 -0.375018
VERTEX_POSE A769 0.271991 -0.086814 0.981449 0.685060 0.113869 0.150452 0.477907 0.719594 -0.701519 -0.489027 0.148606 -0.606006 0.707087 -0.248400 0.333288 -0.004333 -0.329408 0.083130 0.180184 -0.538413
VERTEX_POSE A770 -0.544413 0.869836 0.187808 0.586761 -0.643329 -0.651107 -0.377075 0.089886 0.270710 0.105628 0.723064 -0.565732 0.007333 0.515114 0.109816 0.484436 0.354906 0.413115 -0.782256 0.278922
VERTEX_POSE A771 -0.442446 0.694395 0.434219 0.374935 0.191387 0.579706 0.311407 -0.530663 0.263817 -0.514716 0.190288 -0.465540 -0.428498 -0.771396 0.267673 0.317063 -0.292115 0.553141 -0.594940 -0.042480
VERTEX_POSE A772 -0.716709 0.165727 0.023416 -0.111055 -0.167455 -0.178635 -0.372059 0.428680 -0.181422 -0.591414 0.474633 0.552853 -0.655692 -0.506227 0.726391 0.281749 0.448875 0.319196 -0.049867 0.364968
VERTEX_POSE A773 -0.227046 0.640579 0.011120 0.321565 0.589072 0.197761 0.514840 0.698581 -0.480227 0.711462 -0.112996 -0.718462 -0.161868 0.270199 0.454929 0.328639 -0.115457 -0.084408 0.307499 -0.642556
VERTEX_POSE A774 0.679709 -0.589192 0.601891 0.232982 0.346335 -0.432839 -0.526140 0.408510 -0.081646 -0.300835 -0.679794 -0.122043 -0.359400 -0.545635 0.600638 0.237286 -0.152879 0.655990 -0.668732 0.223404
VERTEX_POSE A775 0.878759 -0.213474 0.834227 -0.784501 0.441146 -0.059112 -0.608957 -0.239818 0.064855 0.774868 -0.011765 -0.246111 -0.078752 0.798979 -0.090340 -0.092136 0.497601 -0.961024 0.118578 -0.237432
VERTEX_POSE A776 0.631026 0.093503 0.984098 0.713413 0.157874 0.210657 -0.699513 -0.047462 -0.180664 0.309179 0.802735 -0.905320 -0.355274 -0.071266 0.308287 -0.464314 0.417209 0.091315 0.270706 -0.417399
VERTEX_POSE A777 -0.192632 -0.662062 0.073368 -0.569256 0.181865 0.443614 -0.854010 -0.179369 -0.396248 -0.072642 -0.812663 0.584955 0.167346 0.091189 0.429614 0.461636 -0.351293 0.345622 0.155810 -0.419146
VERTEX_POSE A778 0.282273 0.773906 -0.298634 -0.689380 -0.142002 0.080080 -0.591968 0.029637 -0.603697 -0.032500 0.558153 0.496816 -0.602514 0.295730 -0.471204 -0.354770 0.230204 -0.400347 -0.399540 -0.739687
VERTEX_POSE A779 0.401825 0.645956 -0.773279 -0.573434 0.393570 -0.599185 0.089276 -0.392335 -0.220547 -0.342219 -0.635794 -0.578995 -0.521982 0.365030 0.506968 -0.647282 -0.315091 -0.009206 -0.428342 0.457505
VERTEX_POSE A780 -0.654653 0.600722 -0.699445 0.096300 -0.530983 0.653842 0.112673 0.087207 -0.509327 -0.321923 0.677733 -0.051974 -0.185402 -0.096069 -0.552385 0.545068 -0.436998 0.072422 0.743100 0.576954
VERTEX_POSE A781 -0.259244 -0.211226 0.914604 -0.713285 -0.234216 -0.463409 -0.016261 -0.474362 -0.213115 0.686836 -0.474747 -0.621063 -0.215814 -0.044701 -0.567105 -0.217903 0.421649 -0.180297 0.658737 0.608120
VERTEX_POSE A782 0.197581 0.379161 0.692549 -0.395938 -0.384390 -0.127807 0.819300 -0.430570 0.173120 -0.454130 -0.864216 -0.902916 -0.208894 -0.117238 0.312754 -0.163876 0.099331 0.201551 0.228083 -0.210070
VERTEX_POSE A783 -0.275367 -0.207661 -0.161212 -0.840068 0.620954 -0.475558 0.501724 -0.646020 0.284082 0.101077 -0.496972 -0.785200 -0.052889 0.345830 -0.258829 -0.354778 -0.262264 -0.098035 -0.780636 -0.383792
VERTEX_POSE A784 0.110507 0.746275 -0.804782 0.954834 -0.144923 -0.401586 0.513622 -0.384643 0.538279 0.446748 -0.310434 0.539334 0.265052 0.606485 0.502207 -0.433433 -0.601487 0.076763 0.527724 -0.161462
VERTEX_POSE A785 -0.139628 -0.202737 0.936024 0.963679 -0.171379 0.204918 0.203064 -0.473352 0.378039 -0.033127 -0.508631 0.679974 0.616693 0.264785 0.227906 -0.210950 0.664241 -0.548443 0.729970 0.076855
VERTEX_POSE A786 0.962931 0.170603 0.942199 0.878168 -0.650678 0.684741 -0.263196 -0.026914 0.322400 0.366131 0.197971 0.098817 -0.693981 -0.512817 -0.535704 -0.460484 0.459943 0.361173 -0.320969 0.696817
VERTEX_POSE A787 0.876490 -0.743239 -0.090079 0.447640 -0.088373 0.247386 -0.743733 0.353995 0.381185 0.209794 0.765577 -0.347684 0.462222 0.271298 -0.707674 -0.425882 0.144853 0.414501 -0.088443 -0.440448
VERTEX_POSE A788 -0.972275 -0.177798 0.078515 0.507354 -0.176171 0.614216 0.100927 0.069820 0.374530 -0.874101 -0.159087 0.430033 0.223913 0.679780 0.088036 -0.228271 0.414236 -0.538319 -0.351450 0.579762
VERTEX_POSE A789 0.532324 -0.464288 -0.225293 -0.335111 0.901632 0.150498 0.348856 -0.411103 0.741915 0.047480 0.276560 -0.006242 0.524436 -0.624129 -0.616395 -0.131501 0.026708 -0.216634 0.764015 0.603538
VERTEX_POSE A790 0.912668 -0.939979 0.229931 -0.269855 0.802820 -0.581492 0.188399 0.326828 0.668094 0.237180 0.684410 0.093415 -0.686830 0.056429 -0.008033 0.659147 -0.239507 -0.454672 -0.045195 0.603506
VERTEX_POSE A791 0.737626 -0.741557 0.385176 -0.356262 0.973971 0.404546 0.327301 -0.526643 0.267779 0.569782 0.050172 0.676695 -0.565913 0.354528 -0.161311 0.393777 0.755469 0.529811 0.304803 0.153968
VERTEX_POSE A792 -0.672776 0.233569 -0.009881 -0.948042 0.317787 0.252494 -0.773633 -0.185397 0.507895 0.441239 -0.700907 -0.398530 -0.169101 -0.610161 -0.037560 -0.393010 -0.241460 0.719759 -0.154105 0.209185
VERTEX_POSE A793 -0.003813 -0.307964 -0.679709 -0.685293 0.249247 -0.406281 0.176285 -0.885023 -0.629361 -0.700402 0.102754 -0.503184 0.244518 0.323486 -0.399000 0.414412 0.316652 -0.162625 0.496824 0.035553
VERTEX_POSE A794 0.361676 -0.419569 0.131383 0.650552 -0.660632 -0.029331 -0.647161 0.751324 -0.580414 -0.527435 -0.397163 0.767902 -0.288519 -0.133026 -0.262855 0.433882 0.455912 -0.059107 -0.177475 -0.228524
VERTEX_POSE A795 -0.432730 0.613373 -0.137684 0.609292 0.090333 -0.478959 0.580314 -0.549195 -0.024578 0.574270 0.442203 0.253091 0.041971 -0.646550 -0.300274 -0.557265 -0.215907 0.784713 0.145411 -0.195446
VERTEX_POSE A796 0.010569 -0.811281 -0.707642 -0.953783 0.730301 0.220328 0.374152 0.404292 0.083389 0.067036 -0.067831 -0.214069 -0.583428 -0.515727 -0.754675 -0.233739 0.600918 0.573709 -0.678597 0.452627
VERTEX_POSE A797 0.879272 -0.448072 0.360905 -0.366233 0.330106 -0.718836 -0.007274 0.160744 -0.533446 -0.404284 -0.191118 -0.322505 0.169007 -0.624504 0.186357 0.243988 -0.702644 -0.244890 0.865106 0.232209
VERTEX_POSE A798 0.949683 -0.700030 0.710125 -0.802317 -0.878347 -0.496831 -0.328990 0.066196 -0.849419 0.232527 0.084620 -0.111471 -0.196556 -0.971494 -0.091152 0.612654 -0.141332 -0.104457 -0.650936 0.157103
VERTEX_POSE A799 -0.550966 -0.236960 0.810136 0.628936 -0.982422 0.397103 -0.730816 -0.046904 -0.208764 -0.336511 0.605559 -0.290894 0.427950 0.097210 0.447782 0.166641 -0.536953 -0.716658 -0.376507 -0.577348
VERTEX_POSE A800 0.151263 0.465114 0.342355 -0.681173 -0.556025 -0.656697 -0.451756 0.278623 0.587349 -0.443359 0.114451 -0.407730 -0.078252 -0.675877 -0.154409 0.730748 0.358806 -0.183534 -0.243378 0.568963
VERTEX_POSE A801 -0.594730 -0.830194 -0.102068 0.784445 -0.521676 0.439114 0.247477 -0.572986 -0.207727 -0.627726 -0.405615 0.252127 -0.478448 -0.410120 -0.774374 0.337249 -0.482952 -0.317496 -0.449517 0.325151
VERTEX_POSE A802 0.006588 -0.542565 0.244355 0.003871 0.208965 -0.572542 0.290719 0.117492 -0.350008 -0.331679 -0.448168 -0.343951 0.640288 0.312220 -0.376883 -0.625549 0.663334 -0.537910 -0.064744 -0.497842
VERTEX_POSE A803 0.434554 -0.369160 -0.634229 0.207772 0.276519 0.589099 -0.496776 -0.405357 -0.467078 -0.540331 -0.465967 0.657998 0.056497 0.010165 -0.024127 -0.597007 0.397674 0.035460 -0.318821 0.678463
VERTEX_POSE A804 0.178224 0.810385 0.909053 0.106009 -0.932604 0.003960 0.292119 -0.191745 0.346123 -0.700318 -0.493147 -0.361494 0.143667 -0.803083 0.726157 -0.008619 0.013977 0.471382 0.635222 -0.273685
VERTEX_POSE A805 -0.313702 -0.131756 -0.153754 -0.763147 -0.444701 0.481520 0.704401 -0.481900 -0.716189 -0.021379 -0.600361 0.278450 -0.348899 -0.112678 0.377182 -0.504189 -0.135535 -0.188179 0.356967 0.613410
VERTEX_POSE A806 0.313313 0.417366 -0.800002 0.423271 -0.282335 -0.476458 0.484196 0.591300 0.431977 -0.479461 0.216568 0.535722 0.241779 0.286347 -0.455564 -0.690496 0.345505 0.303063 -0.020708 0.634109
VERTEX_POSE A807 -0.190750 -0.096112 0.893151 -0.180578 0.225270 0.648819 0.449566 -0.145971 -0.347658 -0.207293 0.437953 -0.466062 0.462478 -0.624635 0.465586 -0.498872 -0.282812 0.155512 0.540519 0.562795
VERTEX_POSE A808 0.493665 0.206182 0.919614 -0.332403 0.737164 -0.067383 -0.844957 0.318235 0.427608 -0.024285 0.438496 -0.359991 -0.455110 -0.509824 0.798936 -0.275854 -0.276561 -0.211468 -0.047299 0.608310
VERTEX_POSE A809 -0.404414 0.191272 -0.098636 0.733890 0.575663 0.462920 0.572700 0.456376 -0.754429 0.414589 -0.160523 -0.285999 0.115238 0.749302 0.182120 -0.466054 0.116413 0.318714 0.519273 -0.436975
VERTEX_POSE A810 -0.788925 -0.450156 -0.880128 0.245988 -0.381160 0.335618 0.566267 0.613758 -0.597208 -0.096900 0.663163 -0.510329 0.544739 -0.416923 -0.110813 0.581856 -0.076875 -0.507925 -0.186158 0.061484
VERTEX_POSE A811 0.839012 -0.193097 -0.779831 0.763897 -0.793819 0.175874 0.545723 -0.023939 -0.090499 0.434741 0.814225 -0.600866 -0.158808 0.323522 -0.308412 0.693124 -0.441725 0.710437 0.086862 0.191511
VERTEX_POSE A812 0.336341 0.980047 -0.184032 -0.979395 -0.658553 0.535187 -0.433487 0.243648 -0.551194 0.189981 -0.411457 0.371126 0.556642 -0.127546 0.441337 0.549788 -0.164788 -0.277934 0.404819 0.853179
VERTEX_POSE A813 0.408656 0.929005 0.812420 0.850050 0.234451 0.111524 0.168792 -0.204847 -0.829497 0.361513 -0.293782 0.438006 0.385270 -0.761336 0.266370 -0.164940 0.034953 -0.191560 -0.815585 -0.539328
VERTEX_POSE A814 -0.436354 0.599242 0.058957 0.923830 0.827136 0.511527 -0.546051 0.605449 -0.511396 0.091836 0.244210 -0.681158 -0.453727 0.327126 -0.112536 -0.230206 -0.402371 0.013170 -0.659189 -0.552158
VERTEX_POSE A815 -0.553151 0.726322 0.011186 0.975439 0.196524 -0.501981 0.065216 0.604985 0.288928 0.559854 -0.457704 -0.066198 0.600510 0.214497 0.269002 -0.561434 -0.069000 0.766675 0.080555 0.611335
VERTEX_POSE A816 -0.730972 -0.273732 0.748444 0.813729 -0.936928 -0.541795 0.740016 0.111716 0.428794 -0.159723 0.206038 0.470340 0.470468 -0.586106 -0.412879 -0.317062 0.076086 -0.361807 -0.324032 -0.771854
VERTEX_POSE A817 -0.473423 -0.230155 0.001156 0.801998 -0.823542 -0.329372 0.123078 -0.252204 -0.426229 0.541025 0.661672 -0.071632 0.638513 -0.275976 -0.742248 -0.509760 0.098038 -0.392146 0.156808 -0.642502
VERTEX_POSE A818 -0.676662 0.983083 0.921107 0.423079 -0.891849 0.089375 -0.568773 -0.512747 -0.816701 -0.130070 -0.402659 -0.169274 -0.333435 0.110640 -0.283932 -0.499893 0.741124 -0.464478 0.546359 0.115974
VERTEX_POSE A819 -0.703247 0.548470 -0.173041 0.321083 -0.113100 -0.064007 0.887284 0.012889 0.660024 0.347647 -0.261293 -0.084737 -0.169115 -0.719890 0.108671 -0.029805 -0.596150 -0.735718 0.249761 -0.240673
VERTEX_POSE A820 -0.941099 0.305557 0.775863 -0.533113 -0.921910 -0.600672 0.408205 -0.364423 -0.309455 0.265722 -0.152153 0.373061 0.593957 0.545932 -0.527023 -0.483849 0.623228 -0.355672 0.419364 0.396977
VERTEX_POSE A821 -0.763994 -0.956896 0.151038 -0.846775 0.910972 0.518337 0.055519 -0.503741 -0.546365 -0.349836 -0.509610 0.407649 -0.751802 -0.223343 0.382710 -0.231775 0.538951 0.346651 0.505575 -0.382351
VERTEX_POSE A822 -0.965622 0.806913 -0.787865 0.964821 -0.139129 -0.167317 -0.608158 -0.697334 -0.729055 -0.099426 0.479870 0.094959 0.443256 -0.284747 0.656835 -0.334289 0.398016 -0.005800 -0.558600 0.209648
VERTEX_POSE A823 -0.613875 -0.460874 -0.234018 -0.481155 0.395877 -0.073319 0.724565 0.329263 -0.788301 -0.343152 0.411404 0.519006 -0.049323 0.584376 -0.300116 0.545312 -0.349362 -0.117342 0.239697 0.508708
VERTEX_POSE A824 0.232192 -0.264860 0.471329 -0.532068 0.160219 0.313355 0.199756 0.537881 -0.196902 0.473412 -0.360264 0.739393 0.209514 -0.590811 0.494591 -0.576207 0.151579 0.267800 0.600056 0.457012
VERTEX_POSE A825 0.396054 -0.612656 0.343518 0.615373 0.200239 -0.022722 0.728692 0.481745 0.532656 -0.373416 0.404325 0.034891 0.397210 -0.665359 0.586031 0.409642 0.096614 0.609189 -0.063137 -0.390394
VERTEX_POSE A826 -0.046605 -0.847501 0.628298 -0.871862 -0.513790 0.426225 -0.077202 0.234698 -0.613354 0.473907 -0.223647 -0.412967 0.269246 0.566861 -0.279098 -0.473032 0.642758 0.440104 0.687895 0.400537
VERTEX_POSE A827 -0.757238 -0.076142 0.763687 -0.485851 -0.109480 -0.674172 0.097862 -0.708307 0.117938 -0.450847 -0.248946 -0.414534 -0.809976 0.300904 0.352563 -0.233185 -0.506714 0.485225 -0.276990 -0.298371
VERTEX_POSE A828 0.275326 -0.060727 -0.295576 -0.750860 -0.469655 -0.009073 -0.614697 -0.425681 0.498252 -0.081351 0.595852 0.611748 0.580392 -0.383348 -0.320168 0.343951 -0.415293 0.524328 -0.400465 -0.379910
VERTEX_POSE A829 -0.096922 -0.547531 0.338423 -0.674179 -0.392136 0.542239 0.357461 -0.164794 -0.716877 -0.106136 -0.179431 0.251092 -0.897470 0.194339 -0.344504 0.175685 0.494978 0.101655 0.156969 0.811096
VERTEX_POSE A830 -0.308204 0.686899 0.573823 -0.856915 -0.091902 -0.113503 0.562577 -0.464453 -0.797063 0.118707 0.159402 -0.221610 0.611361 0.300686 0.006927 0.107646 -0.773120 0.550135 0.532978 0.265984
VERTEX_POSE A831 -0.573412 -0.595613 -0.953221 -0.432034 -0.025681 0.133581 0.857518 -0.214640 0.065617 0.295145 0.647820 -0.574505 0.368602 0.259577 -0.796452 -0.069797 -0.261802 0.116013 0.191869 -0.631141
VERTEX_POSE A832 0.308347 -0.377725 -0.763645 -0.889734 0.086188 0.160954 -0.006811 0.643873 0.102139 0.344274 -0.680324 -0.225237 -0.496039 -0.322322 -0.858659 -0.206031 0.065824 0.419087 -0.770017 -0.119843
VERTEX_POSE A833 0.698385 -0.855666 -0.181822 0.146956 -0.882937 0.302729 0.396007 0.423100 -0.135449 0.705559 0.153197 0.266465 -0.565160 0.517165 0.895847 0.149549 -0.172328 0.128308 -0.059958 -0.707362
VERTEX_POSE A834 0.861142 0.035227 -0.587450 0.775738 -0.749162 -0.190670 -0.011005 -0.160756 -0.531643 -0.159036 -0.346021 -0.050001 0.880786 -0.458148 -0.821930 0.022504 0.238477 0.054146 -0.445304 -0.766587
VERTEX_POSE A835 -0.513429 -0.567340 -0.854592 0.216275 0.153584 -0.550085 -0.481208 -0.543211 0.189644 -0.414046 0.216254 0.461239 -0.237013 -0.665427 0.662660 -0.219670 0.018845 -0.097889 -0.701837 0.463688
VERTEX_POSE A836 -0.615318 0.012578 0.664424 0.383809 -0.327638 -0.653927 0.478272 0.488307 -0.188485 -0.363376 0.073325 0.407264 -0.154587 0.863673 -0.079932 0.529362 -0.091668 0.603822 0.578871 -0.042947
VERTEX_POSE A837 0.174454 -0.547407 -0.387452 0.199009 -0.031497 0.125710 -0.489707 0.113508 0.749600 -0.393918 0.362459 -0.175385 -0.676074 -0.661306 -0.486406 -0.261881 0.451553 -0.393633 -0.281705 0.463155
VERTEX_POSE A838 0.295821 0.336548 -0.961441 -0.964303 -0.621145 0.735942 0.381813 0.501517 -0.633233 0.099807 0.661344 -0.153265 0.585044 -0.098983 -0.176614 0.705177 -0.325991 0.052188 -0.068606 -0.441630
VERTEX_POSE A839 0.878348 -0.781241 0.584037 -0.948593 -0.590474 -0.574988 0.430650 0.506638 -0.603890 0.245134 -0.283532 -0.199302 -0.352702 0.478114 -0.034958 -0.521984 0.479603 0.513578 0.597984 0.452013
VERTEX_POSE A840 0.770040 0.643866 0.513912 -0.067101 -0.455834 -0.205276 -0.702135 0.468431 0.340236 0.492274 0.796596 -0.885753 0.359915 0.158553 0.034709 -0.358203 0.292542 0.237357 0.082608 -0.187850
VERTEX_POSE A841 0.506896 0.886392 -0.841570 0.281685 -0.002305 -0.299041 0.211132 0.210212 0.922616 -0.175554 0.136503 0.146617 0.725197 0.152844 -0.035409 -0.269717 -0.754854 -0.191323 -0.570917 0.586526
VERTEX_POSE A842 0.717360 0.025663 0.804206 0.815304 -0.384293 0.544202 -0.314327 0.589169 0.141503 -0.851211 -0.494343 -0.409266 -0.231347 0.279481 0.624576 0.129666 0.103416 0.355283 0.326043 -0.565421
VERTEX_POSE A843 0.106381 0.623912 -0.670120 -0.046495 -0.114387 0.511896 0.308230 0.268437 0.563438 -0.109938 -0.285105 -0.034533 0.809067 0.363279 -0.047469 0.483189 -0.845364 -0.645797 0.069623 0.006745
VERTEX_POSE A844 -0.084448 0.815397 0.970851 0.131735 -0.767854 -0.128029 -0.495004 -0.446187 -0.487190 0.389812 0.069816 -0.104436 -0.420298 0.871976 0.847453 0.193930 0.104524 -0.131038 0.623505 0.157400
VERTEX_POSE A845 -0.718995 -0.375095 -0.136836 0.739134 -0.557158 0.912081 0.260709 -0.058344 0.032298 -0.429554 0.434785 0.317141 -0.670813 -0.480019 0.257658 -0.022242 0.735498 0.009983 -0.545005 0.190218
VERTEX_POSE A846 0.553230 0.350234 0.341066 -0.071056 -0.917863 0.035336 0.151196 -0.789753 -0.498450 0.271807 -0.132949 0.313396 0.620375 0.494581 0.734533 0.224870 -0.316706 -0.335474 0.683981 -0.117056
VERTEX_POSE A847 0.184579 -0.458334 0.719295 -0.054536 -0.704783 -0.768217 -0.486387 0.218846 0.187748 0.157998 -0.324564 0.348221 0.004211 0.531083 0.275282 -0.693342 -0.576878 0.421372 -0.507665 0.481588
VERTEX_POSE A848 -0.192418 0.394751 0.864320 0.541132 -0.380700 0.276676 -0.615055 -0.403291 -0.679140 0.381246 -0.401916 0.548842 0.543230 0.272379 -0.296753 -0.057335 0.597786 0.270055 0.421868 -0.494248
VERTEX_POSE A849 0.876568 0.333317 0.262173 -0.647977 -0.809711 -0.265550 -0.624604 0.487125 -0.438948 0.256959 -0.439111 -0.128873 -0.094259 0.420594 0.444419 -0.659893 -0.539648 0.722974 0.315433 0.319017
VERTEX_POSE A850 0.481332 -0.909864 -0.453746 -0.733454 0.182118 -0.647866 -0.310276 -0.551282 -0.179888 -0.382885 0.768933 -0.463852 0.188216 0.082751 0.566642 -0.163305 -0.305207 0.108019 -0.833687 -0.069507
VERTEX_POSE A851 -0.133517 -0.299692 0.640182 -0.991981 -0.302610 0.450712 -0.024085 0.517923 -0.202253 0.122812 -0.466140 -0.500693 -0.734781 0.392280 -0.407270 0.657412 0.574122 0.582572 -0.110649 0.175983
VERTEX_POSE A852 -0.887426 0.376421 -0.586790 -0.494752 -0.898739 0.235258 0.342178 0.832482 0.561996 -0.562594 -0.092186 -0.075078 -0.220280 0.430500 0.180157 0.709774 -0.329398 0.768583 0.118747 -0.068144
VERTEX_POSE A853 0.515711 0.897049 -0.241611 -0.768633 -0.957011 -0.100875 -0.296398 0.030120 -0.478750 0.363617 0.782908 -0.350556 -0.826032 0.228760 0.633047 -0.299085 0.412336 0.486811 0.090275 0.404716
VERTEX_POSE A854 0.252608 0.239434 -0.593836 -0.473135 -0.906733 -0.582735 0.434738 0.089063 0.271361 0.606216 0.321022 -0.316679 -0.079292 0.831460 -0.697489 -0.089121 -0.328048 -0.002386 -0.655191 0.300120
VERTEX_POSE A855 0.344766 -0.888440 0.884540 -0.026820 0.261479 -0.357800 0.515926 -0.586576 -0.274858 -0.153952 0.521014 -0.629784 -0.339759 -0.332344 0.083535 0.741111 0.228798 -0.626758 0.213160 0.470820
VERTEX_POSE A856 -0.088235 -0.715606 -0.898092 0.846740 0.243227 -0.008966 0.377663 0.421282 -0.899109 0.296751 0.170952 -0.172611 -0.246978 -0.531126 0.162253 0.798331 -0.570829 0.367970 0.266419 0.430530
VERTEX_POSE A857 -0.793997 0.391933 -0.965538 -0.344998 -0.420522 0.352577 0.347492 -0.499983 0.018540 -0.664414 -0.719172 -0.447031 -0.485226 0.238269 -0.362806 -0.012443 0.033860 -0.737483 0.449671 -0.418199
VERTEX_POSE A858 0.587528 0.035419 0.648226 0.487329 -0.848000 -0.397927 0.149434 -0.492315 0.403662 -0.601937 0.373666 0.560973 0.677889 0.163136 -0.194713 0.394721 0.473415 0.571058 -0.001711 -0.606023
VERTEX_POSE A859 -0.812910 0.223666 -0.193668 -0.904121 0.773572 -0.228769 0.796761 -0.455208 0.679888 0.024676 0.098566 0.211399 -0.367194 -0.462971 -0.098253 0.251614 0.754140 -0.656562 -0.407949 -0.001244
VERTEX_POSE A860 0.109080 0.844403 0.372885 -0.019177 0.187341 -0.172253 -0.773255 0.488729 -0.720792 0.495390 0.469161 0.214207 -0.014392 0.548787 -0.198101 -0.273541 -0.052111 0.604697 0.285716 0.486980
VERTEX_POSE A861 -0.720676 -0.277683 0.222049 0.630414 0.060098 0.036796 0.805636 -0.313275 0.823007 -0.024703 0.007909 -0.087897 0.421078 0.885642 0.394098 0.328232 -0.115449 -0.397827 0.255533 -0.322656
VERTEX_POSE A862 -0.386322 0.628053 -0.146890 -0.336154 -0.252108 -0.676561 -0.305213 0.661199 -0.153254 -0.277163 -0.190599 0.162841 -0.604263 -0.028933 0.057084 -0.662490 -0.352666 0.699288 -0.161243 0.633464
VERTEX_POSE A863 -0.582572 -0.533322 0.609240 0.091089 -0.726471 0.158120 0.465411 -0.503388 0.514683 -0.161342 -0.682446 -0.554341 0.037947 -0.352277 0.218558 0.831553 0.257280 -0.595850 0.253853 -0.300959
VERTEX_POSE A864 0.977709 -0.133349 -0.959773 -0.222630 0.177160 -0.048323 0.614919 0.466690 0.407607 -0.076432 -0.578722 0.578175 0.301600 0.316337 -0.064179 -0.688929 0.567270 -0.702222 0.224606 -0.159426
VERTEX_POSE A865 -0.525180 -0.336720 0.265660 -0.560416 -0.001270 0.584512 -0.411408 0.129605 -0.139727 0.192309 -0.081163 0.226745 -0.285472 0.729380 -0.656906 0.001733 0.581001 0.394820 0.843957 0.327196
VERTEX_POSE A866 -0.096001 -0.100662 0.754647 -0.692636 0.427114 -0.465927 0.586548 -0.005181 -0.279973 0.189357 -0.543455 0.664451 0.476780 -0.516005 0.504833 -0.092194 0.264256 0.090415 0.619908 0.607073
VERTEX_POSE A867 -0.637609 0.879229 0.704651 -0.838820 0.849522 0.768829 0.485094 -0.303023 0.226197 -0.495431 -0.556502 -0.588126 0.382732 -0.538487 -0.098821 0.083139 -0.518490 -0.045597 0.604844 0.199206
VERTEX_POSE A868 0.649275 0.115873 0.878209 0.638593 0.967233 0.814114 0.044648 -0.051314 0.013371 0.539550 -0.103929 -0.238130 0.546343 0.680961 0.521123 0.270109 0.273766 -0.093621 0.579174 -0.669261
VERTEX_POSE A869 -0.800180 -0.764114 0.793206 -0.656939 0.805968 0.678861 -0.233173 0.296374 0.016156 0.587170 0.779772 0.294305 0.255090 -0.359513 0.645521 -0.097738 -0.045841 0.188612 0.725423 -0.415653
VERTEX_POSE A870 -0.759261 -0.902012 0.288688 -0.787414 -0.740952 -0.677865 0.195162 0.674751 0.423984 0.632223 0.341287 0.222428 -0.483513 0.544722 0.420781 0.336696 0.182177 -0.366340 0.463742 -0.313565
VERTEX_POSE A871 0.419315 -0.240262 0.392120 -0.428507 -0.488601 0.313665 -0.684943 -0.076362 0.757513 0.376358 -0.532126 0.156623 -0.057819 0.223898 -0.206348 -0.524990 -0.630823 0.510567 -0.332040 0.512779
VERTEX_POSE A872 0.706716 -0.877722 0.951636 0.624747 -0.196336 0.644083 -0.317500 -0.465905 -0.558431 -0.279789 -0.019991 0.342418 0.381194 0.716119 0.170230 0.627775 -0.410212 -0.356488 0.530567 -0.318486
VERTEX_POSE A873 0.958098 0.123651 0.092894 -0.972110 -0.125245 0.224602 0.586628 -0.673691 0.090956 -0.380773 -0.354517 0.653549 -0.580110 -0.228405 0.315761 0.299129 -0.146590 -0.643777 -0.291332 -0.588898
VERTEX_POSE A874 -0.474304 -0.616349 0.722000 0.524998 0.397012 0.685002 -0.221558 0.600963 0.305921 0.671012 0.067307 -0.461667 0.544131 0.571007 -0.317721 -0.151690 -0.076506 -0.350858 -0.426106 0.549919
VERTEX_POSE A875 -0.377733 0.937676 0.922487 -0.243518 0.035810 0.426791 -0.649488 -0.197345 0.332930 0.079984 -0.754069 -0.672300 0.007860 -0.219161 -0.157673 0.375022 -0.547280 0.479748 0.656556 0.211870
VERTEX_POSE A876 -0.760896 0.748556 0.956057 0.767024 0.317597 -0.280672 -0.817500 -0.444422 -0.455442 -0.014658 0.314296 0.467515 0.071597 -0.626072 -0.503849 -0.021554 -0.078441 0.491286 -0.570866 0.552800
VERTEX_POSE A877 -0.921074 0.733885 0.063066 -0.546058 0.479150 0.588342 -0.540175 0.555962 -0.350689 -0.212595 0.328610 -0.466659 0.344819 0.609939 0.464530 0.516203 -0.137563 0.311950 0.526924 0.438147
VERTEX_POSE A878 0.806847 -0.520659 0.641782 0.701945 0.331027 -0.474457 0.374423 0.380656 0.033075 0.612073 0.407937 -0.450390 -0.317343 0.511822 -0.559396 0.402451 -0.649775 -0.507959 -0.471700 -0.067230
VERTEX_POSE A879 0.046686 0.143307 0.820377 0.308155 0.936897 0.329785 0.266258 -0.821131 0.447965 -0.101845 0.461922 -0.240906 -0.661570 -0.327629 0.538832 0.303167 0.037449 -0.584973 0.623818 0.060233
VERTEX_POSE A880 0.955494 0.067202 -0.674761 -0.194035 0.669439 -0.280215 -0.473021 0.345974 0.908883 -0.098312 0.213369 -0.116454 0.759298 0.618243 -0.189786 0.199135 -0.441200 0.214081 0.387811 -0.507833
VERTEX_POSE A881 0.288179 -0.430523 -0.811964 0.968492 -0.486856 -0.493354 0.526156 0.485265 0.546444 -0.343790 0.201102 -0.324616 0.041627 -0.778173 -0.503763 -0.672220 0.030317 0.314402 0.389045 -0.342933
VERTEX_POSE A882 0.913169 0.843615 0.460560 0.316174 -0.365712 0.505592 0.253625 0.486094 0.600494 -0.248947 0.380040 -0.476126 -0.553633 0.644939 0.130474 0.213906 0.013627 0.374250 -0.722105 -0.450722
VERTEX_POSE A883 -0.931932 -0.556377 -0.261551 0.311213 0.770699 -0.379457 -0.419215 0.756744 -0.055235 -0.521949 -0.355146 0.491797 -0.569018 -0.227451 -0.612858 0.195119 -0.453764 -0.485286 -0.435861 -0.208747
VERTEX_POSE A884 -0.196111 -0.533473 -0.053575 -0.800141 -0.443867 -0.481390 0.164098 -0.533013 0.105230 0.279657 0.551995 -0.663455 -0.480683 0.536723 -0.189622 0.782100 0.298281 -0.530152 0.228314 -0.184812
VERTEX_POSE A885 0.165777 0.083049 0.866724 0.843039 -0.272445 -0.212111 0.129916 -0.767454 -0.617263 -0.670146 0.215796 0.398664 -0.184799 -0.306077 0.510122 -0.698221 -0.191885 -0.393494 -0.111185 -0.483677
VERTEX_POSE A886 0.412834 -0.444817 -0.377011 -0.715607 0.032179 -0.412312 -0.032659 -0.820447 -0.329299 0.010159 0.504521 -0.470403 -0.331158 0.255813 -0.459540 -0.541906 0.017944 0.537685 -0.771688 -0.081015
VERTEX_POSE A887 0.715654 -0.249080 0.048333 -0.953402 0.799361 0.080430 -0.189368 -0.332098 0.499676 -0.123714 -0.732382 -0.768434 -0.415170 -0.432122 0.365456 -0.802389 0.280150 0.140733 0.364199 -0.296840
VERTEX_POSE A888 0.371780 -0.525018 0.901186 -0.501959 0.307033 -0.377935 -0.350602 -0.717579 0.285492 0.434186 -0.619534 -0.714810 -0.164533 0.178048 0.451402 -0.463001 0.178939 -0.246865 0.668670 0.193746
VERTEX_POSE A889 0.000363 0.590602 -0.728785 0.771721 0.184178 -0.219609 -0.376855 -0.501782 0.383537 0.634430 -0.609306 0.630893 0.136759 0.467226 0.527427 -0.611512 -0.056817 0.358422 -0.250656 -0.394249
VERTEX_POSE A890 0.902744 0.974586 0.854664 -0.857522 0.572933 -0.035256 0.032739 -0.366155 -0.481171 0.077795 0.609607 -0.289607 -0.873652 0.175440 -0.172397 -0.339940 -0.621900 -0.808479 0.337712 -0.277077
VERTEX_POSE A891 -0.519140 -0.680615 0.274071 0.478864 -0.505626 -0.370378 0.364039 -0.540863 0.383957 -0.686947 -0.455951 -0.702002 -0.273990 -0.363213 0.306704 0.557530 -0.293555 -0.358501 -0.098332 0.530544
VERTEX_POSE A892 0.279687 -0.687081 0.493265 0.402135 -0.755724 -0.615078 0.298530 0.343068 0.016037 -0.621936 0.331229 -0.591502 0.254546 -0.281948 -0.386055 -0.387201 0.501589 -0.350013 -0.556199 -0.664459
VERTEX_POSE A893 -0.483577 0.602639 -0.292225 -0.193677 -0.679175 -0.434639 0.762175 -0.409853 -0.112856 0.177810 0.307023 -0.687063 -0.218439 -0.080302 0.535691 0.169186 -0.597394 -0.198326 -0.557794 -0.611907
VERTEX_POSE A894 -0.101713 -0.213937 -0.116690 -0.430047 -0.232097 0.429777 -0.418774 0.296983 -0.359577 -0.780194 -0.383059 -0.721820 0.044666 0.655158 -0.236576 0.448199 -0.519871 0.330157 0.114231 0.256065
VERTEX_POSE A895 0.257395 0.179570 0.533492 -0.820494 0.421436 -0.305702 -0.575292 -0.318628 0.071800 -0.634402 -0.084592 -0.348454 -0.115598 -0.486032 0.604769 0.206334 -0.751344 -0.643603 0.458952 -0.300959
VERTEX_POSE A896 -0.008757 -0.734081 0.973435 0.245908 0.319555 -0.684875 0.078378 0.641125 0.084955 -0.143325 0.479591 -0.105322 -0.213096 -0.300493 -0.319475 0.833305 -0.299832 -0.640759 -0.483226 -0.422795
VERTEX_POSE A897 0.802286 0.685401 -0.362043 -0.122682 -0.804983 -0.143693 -0.589820 -0.431470 -0.223880 -0.525696 -0.350049 -0.372974 0.073648 0.142055 0.797121 0.078285 -0.448054 0.393343 -0.603492 0.685834
VERTEX_POSE A898 0.619786 0.058799 0.238142 -0.659315 0.270959 0.532003 0.389303 0.584875 -0.291526 0.823911 -0.252477 0.135795 0.057781 -0.668983 0.251063 -0.374721 -0.192667 -0.741965 -0.160807 0.330936
VERTEX_POSE A899 -0.359483 0.381792 0.851644 -0.115499 0.286788 -0.724486 -0.286377 0.374400 -0.031007 0.365192 0.702827 -0.222843 0.332877 0.238978 -0.524437 -0.323557 -0.331678 -0.386608 0.754405 -0.445801
VERTEX_POSE A900 -0.997894 0.921287 -0.568836 0.220379 -0.999015 -0.488133 0.082555 0.166356 0.570985 0.385233 -0.123026 -0.274072 -0.558970 0.285380 0.054453 0.422186 0.885254 0.598015 -0.595056 0.303438
VERTEX_POSE A901 0.860525 0.156787 -0.473170 -0.446729 0.530007 -0.007891 0.452298 -0.688906 0.433393 0.380316 -0.208497 -0.519834 -0.411303 -0.172225 0.682453 -0.648984 -0.257876 -0.275935 -0.245837 -0.621109
VERTEX_POSE A902 -0.940168 -0.858470 0.243764 0.455994 0.798187 0.124225 0.651155 -0.355433 0.574685 -0.275572 0.086922 -0.401925 -0.134322 0.693439 0.492567 0.517562 0.617532 -0.500140 0.462758 0.062512
VERTEX_POSE A903 0.708822 -0.956435 -0.617200 -0.154874 -0.195351 -0.362595 0.464687 -0.728859 0.193655 0.318270 -0.195745 0.526244 0.095911 0.122641 0.389963 -0.656409 -0.641297 -0.634050 -0.492644 0.064397
VERTEX_POSE A904 0.818623 -0.719561 0.619724 -0.418839 -0.595239 0.162444 0.454757 -0.469510 -0.360981 -0.492122 0.127566 -0.510709 0.354250 -0.513004 0.750394 -0.208765 -0.304574 -0.139247 -0.618010 -0.638239
VERTEX_POSE A905 -0.414472 -0.474819 -0.034235 -0.019009 0.195200 0.070022 0.553646 -0.153928 0.198389 -0.119087 0.787542 -0.667828 0.373488 -0.116549 0.446722 -0.307468 -0.581554 -0.556941 -0.667282 -0.065532
VERTEX_POSE A906 -0.668911 0.981241 -0.694713 0.601608 0.840459 0.467812 -0.776380 -0.267253 -0.465690 -0.462766 -0.164643 -0.584478 -0.027193 -0.595340 -0.445496 -0.157204 0.474372 -0.155573 -0.397026 0.567459
VERTEX_POSE A907 -0.942273 -0.971005 0.575782 -0.651815 0.722358 0.370858 0.164084 -0.557263 0.752838 -0.440974 0.381450 -0.338998 0.129303 0.092131 -0.402168 -0.550837 0.344102 -0.137990 -0.677111 -0.645801
VERTEX_POSE A908 -0.335546 -0.740934 -0.971169 0.434933 -0.325650 -0.377658 -0.431040 0.731044 -0.485544 0.559167 -0.209433 0.572871 -0.355398 -0.178491 0.208634 0.413044 0.528201 -0.499913 -0.452353 -0.332952
VERTEX_POSE A909 -0.862064 -0.539418 0.947069 0.303553 0.171485 0.429777 0.030763 -0.602635 0.004872 0.084725 -0.558091 0.688329 0.622112 0.208328 0.355211 -0.604115 -0.266700 -0.464000 0.489792 -0.459169
VERTEX_POSE A910 0.104412 0.172302 0.396159 0.656340 0.659256 0.613044 -0.098552 0.048808 -0.134236 -0.536616 0.818534 0.126357 0.746472 0.414503 -0.269667 0.380907 0.355473 -0.719354 0.004477 -0.171597
VERTEX_POSE A911 -0.380052 0.326268 -0.645930 -0.759102 -0.656212 0.083672 0.548472 -0.398334 0.340854 -0.525718 0.294316 -0.417495 0.494480 0.666752 -0.319104 -0.044974 -0.555158 0.775041 0.419840 0.044156
VERTEX_POSE A912 0.426115 0.030060 -0.864895 0.272045 0.684630 0.507422 0.151886 -0.802842 -0.353218 -0.749483 -0.404753 0.029492 -0.329075 -0.142043 0.611446 -0.104489 0.119716 -0.492975 0.544056 -0.396373
VERTEX_POSE A913 0.017581 0.015917 -0.143282 -0.027486 -0.706457 0.539329 0.230037 0.562967 -0.767691 0.172330 0.515297 -0.134718 -0.561219 0.419952 0.298822 -0.458259 0.382729 0.111046 0.626432 0.307727
VERTEX_POSE A914 -0.311984 0.769891 0.092519 0.552111 -0.885513 0.561132 -0.574269 0.563799 -0.176800 0.534867 0.575799 -0.539156 -0.184167 0.213599 -0.380808 -0.541801 -0.304248 -0.467085 -0.238048 0.460862
VERTEX_POSE A915 -0.769996 0.496586 0.081530 0.471903 -0.759237 -0.621218 0.463964 0.304039 -0.583893 -0.056740 -0.575172 -0.328719 -0.200999 -0.367916 -0.153749 -0.846535 0.174001 -0.376114 -0.156513 0.641170
VERTEX_POSE A916 -0.816642 -0.901034 -0.276558 -0.184447 0.021098 -0.042565 0.303312 0.434469 -0.719818 -0.260392 -0.377401 0.582787 -0.314677 0.069998 -0.034040 -0.859182 0.290513 0.373164 -0.054618 -0.761254
VERTEX_POSE A917 -0.899149 -0.674926 0.715508 0.836503 0.146666 -0.010102 -0.277440 -0.370034 -0.022126 -0.493469 0.499059 0.627095 0.385927 -0.381236 -0.615692 -0.138174 -0.621817 0.476532 -0.715181 -0.286387
VERTEX_POSE A918 0.945658 -0.752493 -0.870137 0.518502 -0.959877 0.482521 -0.399365 -0.019755 0.715080 0.125610 0.499269 -0.141358 0.213528 -0.259110 0.420877 0.656109 -0.565668 0.242310 -0.590471 -0.602679
VERTEX_POSE A919 0.555137 -0.426052 -0.375372 0.313594 -0.671869 0.682956 -0.550405 0.366917 -0.111636 -0.698717 -0.569557 0.095135 0.022712 -0.618014 0.338357 0.366118 -0.325564 -0.630534 -0.272564 0.230313
VERTEX_POSE A920 0.101213 0.915676 0.986723 0.608225 -0.669156 0.417224 -0.603794 -0.613041 0.259851 0.085698 -0.155046 -0.489117 -0.708225 0.382041 0.656436 -0.278173 0.581559 -0.297082 -0.221644 -0.340552
VERTEX_POSE A921 0.848402 -0.777907 0.984528 0.660979 0.613056 -0.233037 0.035286 0.602469 0.105134 -0.401086 -0.153646 -0.571804 -0.468562 0.444900 0.178335 -0.779505 -0.240487 0.758866 -0.103473 0.598042
VERTEX_POSE A922 -0.964003 -0.106667 0.898699 -0.207541 -0.177495 0.091059 -0.592862 -0.641309 -0.492163 0.301276 0.152180 -0.754526 0.142779 -0.437260 -0.410323 -0.722185 0.550133 0.108669 0.125738 0.267809
VERTEX_POSE A923 -0.619100 -0.771405 0.479988 0.010360 -0.424880 0.594313 0.679185 0.307656 -0.090753 0.579225 -0.566479 0.034680 -0.098845 -0.364429 -0.499075 0.224096 0.651234 0.623119 -0.378441 0.165938
VERTEX_POSE A924 -0.635175 0.824732 -0.307698 -0.532698 0.933881 -0.006271 0.651999 0.635525 -0.636518 -0.209578 -0.245801 -0.464174 -0.111644 0.302306 -0.533252 0.583528 -0.316325 -0.308204 -0.421907 0.586719
VERTEX_POSE A925 -0.065715 0.679396 -0.217991 0.362412 0.590408 -0.215953 0.966878 0.069568 0.781211 0.192038 -0.435175 0.502475 0.153203 0.429628 -0.112136 0.053874 -0.764659 -0.279317 0.043538 -0.191050
VERTEX_POSE A926 0.638295 0.408165 0.013480 0.189866 0.996557 -0.607510 -0.187160 -0.480068 -0.406115 0.702182 0.524870 -0.495512 0.252054 -0.354416 0.172727 0.325198 -0.454688 -0.436618 -0.550115 0.402112
VERTEX_POSE A927 0.356067 -0.909349 -0.334263 0.713210 0.253435 0.360387 -0.478920 -0.026844 0.295918 0.553535 -0.342008 0.564814 0.000528 -0.610706 -0.145062 -0.668250 -0.384202 -0.665203 0.132952 -0.601445
VERTEX_POSE A928 -0.263429 0.364797 0.419966 -0.760270 0.785425 -0.316649 0.381779 0.575886 -0.024514 0.460788 0.280255 -0.532928 0.336750 -0.001340 0.453330 0.726468 -0.456294 -0.640009 0.027625 -0.617743
VERTEX_POSE A929 0.258081 -0.533036 -0.748377 0.530551 0.267516 0.212962 0.505250 -0.659698 0.720756 -0.199248 0.116954 -0.013954 0.050745 -0.580625 0.505856 0.579284 0.349039 -0.423171 0.605704 0.303590
VERTEX_POSE A930 0.996585 0.472442 -0.482619 -0.402289 -0.459777 -0.630211 -0.346431 -0.596404 -0.378914 0.501769 -0.252262 0.099207 0.697864 -0.345057 -0.527443 -0.099541 0.395593 0.413787 -0.362342 -0.552365
VERTEX_POSE A931 -0.261324 0.286084 0.851130 0.460109 0.786410 -0.630126 0.683881 0.077028 -0.361302 -0.061267 0.647857 -0.227433 -0.349221 -0.051390 -0.546374 -0.219983 -0.691495 -0.349502 -0.598503 0.305845
VERTEX_POSE A932 0.118606 0.623752 -0.221547 -0.916178 -0.202478 -0.558493 0.331427 0.193033 0.479583 0.658631 0.006658 -0.533242 -0.108158 -0.548851 -0.155433 0.623407 -0.459637 -0.386755 0.236700 0.670962
VERTEX_POSE A933 -0.943583 0.613972 0.761145 -0.946295 -0.661589 -0.375935 -0.279977 0.144639 -0.423741 -0.538762 -0.303802 -0.119909 0.659201 0.222115 -0.503028 0.440662 -0.682596 0.641639 -0.051180 -0.609518
VERTEX_POSE A934 -0.552502 0.329649 -0.766070 -0.694765 -0.408941 -0.759965 0.378227 0.136662 -0.044614 -0.308798 0.447605 0.272441 -0.179844 -0.594419 -0.170747 0.467357 -0.560006 -0.563103 -0.714718 -0.337686
VERTEX_POSE A935 -0.062772 0.904191 -0.601823 -0.335016 0.202283 -0.799058 0.045457 -0.195969 0.363568 -0.746157 -0.119982 -0.265010 -0.404086 0.671226 -0.328235 -0.503845 -0.523504 -0.226619 -0.155040 0.471804
VERTEX_POSE A936 -0.358055 -0.860847 -0.273090 0.034696 0.533611 0.401485 0.429868 0.595574 -0.683497 -0.031962 0.599893 -0.553744 0.012748 -0.088443 -0.213089 0.901598 -0.278275 0.140007 0.033918 0.447394
VERTEX_POSE A937 -0.221412 0.310890 -0.460783 0.906843 -0.568483 -0.760330 0.205586 0.576601 0.481119 0.745311 0.422344 -0.036734 -0.365473 0.398360 -0.321459 0.467976 -0.436907 0.292810 -0.222876 0.373602
VERTEX_POSE A938 -0.005045 0.933186 0.973959 0.013169 -0.075358 0.591005 -0.203970 0.692806 -0.619352 -0.596266 0.265441 0.014533 -0.294030 0.340323 0.465965 -0.660373 -0.572731 0.223120 0.283402 0.075634
VERTEX_POSE A939 0.306399 -0.601781 -0.244259 -0.530371 -0.792040 0.142684 0.621043 0.165303 0.289842 -0.440371 -0.709155 -0.576226 0.259674 -0.354942 0.419363 -0.306133 0.468893 0.622680 0.509148 -0.352036
VERTEX_POSE A940 -0.083477 0.771473 -0.513714 0.210396 0.603003 0.434357 -0.402322 -0.465938 -0.072997 -0.042333 -0.699306 -0.761181 -0.352415 -0.294044 0.470839 -0.321389 -0.087363 0.070143 0.780293 -0.446966
VERTEX_POSE A941 -0.900633 0.105487 0.370117 -0.330491 -0.416102 0.509675 -0.164423 -0.839734 0.519141 0.355242 0.307010 -0.651287 -0.144649 -0.308536 0.120750 -0.420867 0.105995 0.178796 -0.805429 0.306860
VERTEX_POSE A942 0.926347 0.724487 0.109811 -0.289473 -0.448251 -0.501105 0.193070 0.448676 -0.392014 0.206751 -0.018666 -0.071275 0.516855 0.557524 0.236813 0.807347 -0.479602 -0.730793 -0.032082 -0.507435
VERTEX_POSE A943 -0.657362 -0.198468 -0.378609 -0.517559 0.287633 0.452363 0.283050 0.646604 0.264647 0.453433 0.058777 0.349280 -0.638372 0.453623 0.558243 -0.407656 -0.507743 -0.540090 -0.374938 0.338928
VERTEX_POSE A944 0.116948 -0.878596 -0.773164 0.642023 -0.122559 0.167852 0.776259 0.447769 -0.435379 -0.193767 0.479924 -0.091125 0.555951 -0.543104 -0.617682 0.040686 -0.433861 -0.626447 0.221673 0.293223
VERTEX_POSE A945 -0.385637 0.494378 -0.797670 -0.737362 -0.333764 -0.397456 0.493591 0.073928 -0.447622 -0.552662 -0.641394 0.183986 0.462502 -0.303499 -0.771010 0.240246 0.159565 0.115564 0.423445 -0.682331
VERTEX_POSE A946 -0.427358 -0.701881 0.702922 0.954344 0.528396 0.335071 0.272350 0.683695 0.082197 -0.458785 -0.152088 -0.240245 -0.637397 0.651373 -0.046033 -0.494921 -0.280452 -0.906165 0.253221 0.080566
VERTEX_POSE A947 0.300306 -0.779630 -0.049722 -0.542424 0.898539 0.383483 0.708276 -0.208824 -0.296316 -0.507133 -0.357769 0.125756 0.020145 -0.352387 0.311980 -0.194520 0.790183 0.807460 -0.450463 -0.282540
VERTEX_POSE A948 -0.284786 0.819452 0.917838 -0.900859 0.812902 0.445065 -0.158468 0.787665 -0.314362 -0.582093 0.231611 -0.316393 0.623567 0.109730 0.502553 -0.299076 -0.556809 0.591970 0.397207 0.062151
VERTEX_POSE A949 -0.481700 -0.454375 0.832785 0.472845 0.568519 -0.101039 -0.438168 0.794337 -0.541191 0.290416 0.359422 -0.555831 0.244061 -0.298003 -0.353082 -0.811554 -0.385101 -0.513116 0.074038 0.052300
VERTEX_POSE A950 -0.144556 -0.205682 0.574906 0.771171 -0.773330 -0.816136 0.405919 0.295206 -0.086715 -0.371947 0.733905 -0.150117 -0.686330 0.130532 0.549435 0.379904 0.594764 0.044591 -0.285498 -0.058772
VERTEX_POSE A951 0.816427 0.735128 0.904561 0.707366 -0.856254 -0.495440 0.081746 -0.435952 0.170219 0.852202 -0.042665 -0.099562 -0.304894 -0.681165 0.567283 0.179095 -0.580569 -0.627568 0.376874 -0.084138
VERTEX_POSE A952 -0.633298 -0.232282 0.817312 0.133825 0.181576 -0.191699 0.482290 0.234183 -0.635989 -0.113725 -0.509314 -0.668840 0.359827 0.207638 -0.301674 -0.654413 0.671767 0.142882 0.443543 0.437463
VERTEX_POSE A953 -0.108559 0.687652 0.473605 -0.436371 0.049175 -0.658716 0.629746 0.358787 -0.090857 -0.308546 0.452308 0.568103 0.445563 0.512572 0.212719 -0.313475 0.558128 0.435716 0.459811 -0.304061
VERTEX_POSE A954 -0.802673 0.963723 0.384549 -0.282274 -0.281133 -0.612808 0.111445 -0.017475 -0.629958 -0.335686 -0.472291 0.104151 -0.494072 -0.331281 0.411710 -0.533473 -0.255221 -0.217411 -0.588383 0.775726
VERTEX_POSE A955 -0.268473 -0.407550 -0.490385 0.601127 0.115456 -0.575351 0.421761 -0.499330 0.502967 -0.072161 0.138667 0.238696 0.288898 -0.383688 0.194595 -0.625241 -0.732978 -0.566703 -0.585254 0.216721
VERTEX_POSE A956 0.825725 0.367047 -0.744386 0.926041 -0.360417 0.075191 0.226755 -0.699288 0.672779 0.610789 -0.109513 -0.667292 0.703668 0.052643 -0.272602 0.002166 -0.228419 -0.148744 -0.283486 -0.666375
VERTEX_POSE A957 0.835622 0.371888 -0.601970 0.907592 -0.284576 -0.168400 -0.166273 -0.462850 -0.441417 -0.603974 0.611740 0.685027 -0.135321 0.447064 0.007284 0.670954 0.408719 0.554507 -0.372932 -0.211249
VERTEX_POSE A958 -0.912405 -0.316899 0.175352 0.314337 -0.631108 -0.096550 -0.762386 0.521253 0.622974 0.425711 0.478639 -0.401901 0.402267 0.214447 -0.187704 0.010530 -0.533266 0.637044 -0.274969 -0.410901
VERTEX_POSE A959 -0.437704 -0.268156 0.675580 -0.834229 -0.574992 0.463533 0.369471 0.631859 -0.755243 0.121770 0.321622 0.418973 -0.451068 0.177517 0.016354 -0.533918 -0.318078 -0.197332 -0.600110 0.603844
VERTEX_POSE A960 0.093703 0.838853 -0.350348 0.438143 0.982939 0.128496 0.440216 0.317348 0.136790 -0.653769 -0.504069 -0.794370 -0.385396 0.441665 -0.396587 0.266120 -0.552467 -0.420087 0.399307 -0.380679
VERTEX_POSE A961 -0.915821 -0.844457 0.692733 0.912048 -0.090885 -0.172993 -0.801327 -0.212426 0.267445 -0.266593 -0.706697 0.603557 -0.293901 0.434535 0.726668 0.104207 -0.096336 0.078866 0.435392 -0.507300
VERTEX_POSE A962 0.300972 -0.982072 0.526710 0.625880 -0.788582 0.545581 -0.336475 -0.523880 -0.566659 -0.097112 0.103568 0.354091 -0.525383 0.307713 0.393536 0.774858 -0.036676 -0.317786 -0.030347 -0.786633
VERTEX_POSE A963 -0.787691 0.462605 0.428105 0.521965 -0.219539 0.216418 0.030014 -0.500523 -0.735933 0.507397 0.284635 -0.259986 -0.819834 0.389089 0.201173 0.063703 0.167588 -0.550911 -0.255855 -0.699274
VERTEX_POSE A964 -0.859404 0.769515 0.453879 0.965752 0.247526 -0.661841 -0.455469 0.568105 -0.249142 0.841389 0.333574 -0.331468 0.234805 0.026055 0.192843 -0.168826 0.294118 -0.593999 -0.031253 -0.691955
VERTEX_POSE A965 0.748471 0.347577 0.760640 0.931115 -0.197523 0.210884 0.110769 0.581503 -0.366485 0.733194 -0.459622 0.177545 -0.526593 -0.598341 -0.614031 -0.143660 0.304271 0.642386 0.390151 0.003099
VERTEX_POSE A966 0.149537 0.366795 0.826282 -0.813051 0.982745 0.502896 0.482880 -0.159546 0.525278 0.089373 0.660108 0.594246 -0.121967 -0.625666 -0.314779 0.344379 -0.373410 -0.137711 0.790801 0.088935
VERTEX_POSE A967 -0.217459 0.908668 -0.819211 0.000448 -0.218863 -0.461848 -0.551282 0.602537 0.151672 -0.594783 -0.238181 -0.332841 -0.160181 0.066475 0.527371 -0.550153 -0.208753 0.612200 0.118300 0.729536
VERTEX_POSE A968 -0.472942 -0.341533 -0.700144 0.837958 0.233994 0.083241 0.966759 0.179478 -0.267128 0.037744 0.453579 -0.738439 0.185106 -0.335353 0.323693 -0.056997 0.534473 -0.521195 -0.162602 0.603266
VERTEX_POSE A969 -0.855508 0.299981 0.800241 0.200117 -0.092613 -0.472924 0.185028 0.009548 -0.600127 0.243113 0.383883 0.546958 -0.048351 0.134031 0.016592 -0.534630 0.803955 -0.341689 -0.786444 -0.433859
VERTEX_POSE A970 -0.911061 -0.693113 -0.063471 0.470077 -0.010903 -0.426145 -0.607111 -0.170729 0.604472 -0.283688 0.023556 0.246029 0.501791 -0.693744 0.618469 -0.400784 0.022410 -0.099904 -0.372176 -0.698938
VERTEX_POSE A971 0.443582 -0.570061 -0.213858 0.048353 -0.163003 0.414373 0.100748 -0.265379 0.334419 0.672304 -0.496083 -0.657877 -0.037352 -0.413034 0.505089 -0.673062 -0.219787 0.168946 0.288877 0.681595
VERTEX_POSE A972 -0.756140 -0.594532 0.170358 0.869626 0.491284 -0.114966 -0.266647 0.009150 -0.511732 -0.722690 -0.370132 0.842566 -0.527395 -0.096195 0.094130 0.279283 -0.860936 0.078326 0.224663 -0.335342
VERTEX_POSE A973 -0.984714 -0.968626 -0.953660 -0.819396 0.540846 0.401450 0.108410 0.746542 0.043560 -0.654979 0.018361 0.219058 0.180473 0.431837 -0.886717 0.103483 0.430000 0.051838 0.718311 -0.266374
VERTEX_POSE A974 0.786220 0.231471 0.407533 0.530794 -0.875370 -0.414025 0.339182 -0.180480 0.677884 -0.016054 -0.226485 -0.455865 0.409528 -0.142539 -0.201526 -0.501971 -0.835388 0.347319 0.681916 -0.444905
VERTEX_POSE A975 0.360808 -0.473127 0.397194 0.511649 -0.631275 -0.693593 0.101737 0.463955 0.214363 0.583305 -0.481907 0.655397 -0.280307 0.533961 -0.182035 -0.331530 -0.134467 0.101467 0.678911 0.499315
VERTEX_POSE A976 -0.370351 0.525752 -0.751330 -0.556758 -0.792918 -0.530664 -0.422916 0.401365 0.462407 0.474940 0.436373 0.355278 0.066537 -0.218759 -0.318748 0.491698 0.576273 0.526073 -0.591084 0.518207
VERTEX_POSE A977 -0.641138 0.529590 0.110455 0.485138 0.653026 0.235451 0.123503 -0.675020 0.527322 -0.391621 0.377453 0.721430 0.600688 0.127367 0.227937 -0.280273 -0.620257 0.306720 -0.626100 0.030609
VERTEX_POSE A978 -0.338886 -0.252757 -0.652528 0.969225 -0.732735 -0.392966 -0.040511 -0.912893 -0.770113 -0.077546 0.353201 -0.012600 -0.701780 0.102590 0.227877 0.535696 -0.033291 0.447680 -0.461388 -0.173902
VERTEX_POSE A979 0.344863 0.345204 -0.833493 -0.457617 -0.980016 -0.394655 -0.488223 0.341110 0.802385 -0.361666 -0.157920 0.279302 0.731346 0.306596 0.220296 -0.150420 0.872370 0.271820 -0.270818 -0.060623
VERTEX_POSE A980 -0.122838 -0.924785 -0.056760 -0.042017 0.221545 -0.068722 -0.417503 0.675020 0.187630 -0.054597 0.241903 0.410625 -0.819367 -0.385481 -0.137814 0.096317 -0.573496 0.878901 0.376924 0.091310
VERTEX_POSE A981 0.516558 0.541561 0.922378 0.740396 -0.506065 0.169163 -0.311350 -0.153092 -0.575243 -0.412812 0.376705 0.240901 -0.288127 0.798309 -0.687311 -0.207966 -0.250304 0.331738 -0.778704 -0.367024
VERTEX_POSE A982 0.161290 0.080332 -0.928932 -0.750251 -0.836269 0.560321 0.448449 0.259179 -0.430015 0.135269 0.253987 -0.358112 -0.252991 -0.543943 -0.402613 0.838359 -0.243590 0.459115 0.117242 -0.716315
VERTEX_POSE A983 0.243865 -0.157067 -0.239448 -0.908192 -0.596880 -0.135558 0.041506 0.036163 0.238163 -0.444695 0.469586 0.567716 -0.333602 0.382378 -0.054543 0.705084 0.704223 -0.774355 -0.438281 0.368833
VERTEX_POSE A984 -0.592001 0.229213 0.395984 -0.695975 0.543110 0.487700 0.420610 -0.572344 -0.457546 0.547843 -0.125647 0.610208 -0.266726 -0.164996 -0.325954 -0.081425 -0.730778 0.272398 0.667220 0.308828
VERTEX_POSE A985 0.358618 0.044055 0.455618 -0.032525 -0.117402 0.456126 0.398591 0.331268 -0.402395 0.259546 0.748816 -0.429726 0.664611 -0.540888 -0.484361 -0.559727 -0.012155 0.459083 -0.136962 -0.191907
VERTEX_POSE A986 0.975392 0.435383 0.270167 0.692935 0.518577 0.458558 0.720686 -0.456246 -0.132750 0.263413 0.048642 -0.695607 0.376321 0.208501 -0.133380 -0.483650 -0.692668 0.520041 -0.188920 0.515957
VERTEX_POSE A987 -0.766276 -0.403740 0.651597 -0.769933 -0.817307 0.571722 0.018883 0.689710 -0.759392 0.174714 0.534812 -0.048000 0.312061 0.358437 0.306392 0.489850 0.077199 0.016640 -0.794848 0.322241
VERTEX_POSE A988 0.194240 -0.584057 0.853647 -0.124933 0.598022 0.521878 0.332822 0.448037 -0.464426 0.147945 -0.523983 -0.175565 0.926333 -0.025667 0.385865 0.086445 -0.216375 -0.576400 -0.042145 0.690817
VERTEX_POSE A989 -0.937013 -0.881516 -0.554481 0.007271 0.887469 0.459441 0.418778 -0.674775 0.849352 -0.007214 0.469615 -0.156117 0.615822 -0.096908 -0.189551 0.603318 0.560402 -0.084932 -0.285208 -0.026458
VERTEX_POSE A990 -0.203980 0.328104 0.327178 -0.604162 -0.392299 0.040412 -0.648181 0.112986 -0.704617 -0.276310 -0.567175 -0.275281 -0.387068 0.735780 -0.250338 -0.226013 -0.038075 0.602854 -0.550100 -0.350321
VERTEX_POSE A991 -0.712057 -0.745204 -0.496701 -0.686790 0.580961 -0.771378 0.193516 0.384885 0.553075 -0.223723 0.394155 -0.114674 -0.589048 -0.132382 -0.020554 -0.321007 0.777626 -0.292422 -0.680057 -0.272542
VERTEX_POSE A992 -0.852834 -0.725973 -0.861747 -0.080681 -0.203416 0.311624 0.183928 -0.092177 -0.636799 0.688784 -0.136422 -0.570753 -0.417359 0.620789 0.396095 0.199827 0.602592 0.121353 0.526905 0.473704
VERTEX_POSE A993 -0.903008 0.346032 -0.146113 -0.978282 -0.180881 -0.464235 0.497178 -0.469082 0.576340 -0.422236 -0.307839 0.049056 -0.045631 0.410347 -0.661617 -0.743464 -0.028396 0.110340 -0.140394 -0.718336
VERTEX_POSE A994 -0.499748 0.717400 0.931404 0.835175 -0.638577 0.648358 0.240855 0.649378 0.362292 -0.193424 -0.386862 -0.468617 -0.578195 0.473332 0.478140 -0.743220 -0.134813 0.012503 -0.133755 0.431774
VERTEX_POSE A995 -0.712238 -0.956458 0.592132 -0.114929 -0.955890 -0.275594 -0.324510 0.248100 0.508804 0.239929 -0.672560 0.518676 -0.220566 0.469486 0.574348 -0.498443 0.061502 -0.257422 -0.734869 -0.511772
VERTEX_POSE A996 0.845463 -0.306392 -0.385473 0.952833 0.621595 0.454828 -0.637848 0.235796 0.403824 -0.242313 0.435125 -0.707171 -0.406087 0.339425 -0.164070 0.353405 0.758527 0.321011 0.494604 0.253956
VERTEX_POSE A997 0.649790 0.084195 0.757686 -0.977876 -0.655833 -0.562434 0.573507 0.582203 -0.607157 0.161082 -0.727899 0.529637 0.640316 -0.190669 -0.158814 -0.264950 -0.093100 -0.096396 -0.406127 0.293565
VERTEX_POSE A998 0.070303 0.952211 0.772920 0.885519 -0.174753 0.583708 -0.092402 0.017079 -0.392159 0.251521 0.471694 -0.080657 -0.573458 -0.586510 0.204899 -0.683096 0.658110 -0.676023 -0.364313 0.010566
VERTEX_POSE A999 -0.627479 0.352075 -0.085617 0.790790 -0.144411 0.042557 -0.706783 -0.364011 -0.645497 0.100722 -0.622003 -0.214340 -0.165437 0.586282 -0.550590 -0.506308 0.334588 -0.482112 0.454529 0.157899
