VERTEX_POSE A0 -0.501159 0.759605 0.336545 -0.036094 0.242951 0.276201 -0.809315 -0.367021 0.582379 0.257273 0.112183 0.426255 -0.067994 0.706988 -0.263561 -0.520232 0.557539 0.577400 -0.059624 -0.205010
VERTEX_POSE A1 -0.429166 0.282826 -0.583445 0.124612 0.154920 -0.415966 -0.122124 0.576906 -0.337110 0.278482 0.438121 0.386626 -0.648299 0.540385 -0.531410 0.131624 0.082879 -0.530522 -0.685505 -0.419934
VERTEX_POSE A2 0.486603 0.058798 -0.995437 -0.853683 0.542730 -0.571935 0.319705 0.615673 0.736277 0.403319 0.235564 -0.331031 0.040768 -0.537394 -0.145596 0.700208 -0.015233 -0.002715 -0.493121 0.525767
VERTEX_POSE A3 -0.247024 -0.405651 0.007867 -0.370438 0.534546 0.325807 0.390376 0.460413 0.228804 -0.071083 -0.552690 -0.562952 0.390297 0.391706 -0.164609 0.761582 -0.553726 0.705328 0.331986 0.150023
VERTEX_POSE A4 0.525599 -0.842815 0.394349 0.399526 0.096563 0.152850 -0.414213 0.764613 0.406269 0.717247 -0.034912 0.071468 -0.406913 -0.554217 0.555938 -0.384660 -0.294373 -0.705271 -0.021051 -0.142604
VERTEX_POSE A5 -0.130515 0.112825 -0.126560 0.527162 0.026461 0.341458 -0.087082 -0.410763 0.095080 0.941264 -0.148447 0.639050 -0.193059 -0.508077 -0.615279 -0.190512 -0.527707 -0.295658 0.181306 -0.522131
VERTEX_POSE A6 0.245217 -0.249071 -0.297381 0.533444 0.631488 -0.106702 0.571277 0.174388 0.411077 0.454278 -0.652717 -0.422808 -0.124504 -0.718958 0.643511 0.198027 0.079146 -0.476191 0.642307 0.142775
VERTEX_POSE A7 -0.973712 -0.421544 0.398393 0.958856 -0.478729 -0.117213 0.566163 -0.533913 -0.383853 0.639373 0.011078 -0.528514 0.121338 0.717469 0.726331 0.501899 0.386138 -0.178979 -0.063531 -0.225723
VERTEX_POSE A8 0.835051 -0.457971 0.505257 -0.027614 -0.420587 0.608318 0.085741 0.310261 0.212108 -0.435318 -0.635680 0.090762 -0.473240 -0.345847 0.674303 -0.249249 0.256927 -0.349337 -0.719072 0.560381
VERTEX_POSE A9 0.116919 0.877106 0.282853 0.578174 0.948574 0.302658 0.748591 0.299315 0.535519 -0.436834 0.537043 -0.106654 0.396200 0.456958 0.127225 -0.281973 0.409941 -0.770750 -0.110926 0.495109
VERTEX_POSE A10 0.694110 -0.168561 0.798858 -0.370932 -0.321392 0.655194 0.208535 0.612843 0.107129 -0.959646 0.058720 0.483185 0.000691 -0.274397 0.564065 -0.031804 -0.562073 -0.087222 0.185959 -0.479328
VERTEX_POSE A11 -0.607681 0.718551 -0.994436 -0.641353 0.466770 -0.498207 0.514796 -0.545916 -0.422028 -0.574977 -0.390709 0.425080 -0.515818 -0.415985 0.368734 0.211621 0.121461 0.506975 0.305835 -0.601271
VERTEX_POSE A12 -0.825999 -0.338420 0.392246 0.529981 0.519689 -0.475942 0.352660 0.456055 0.515069 -0.389806 0.474523 0.302616 0.165988 -0.697089 -0.023702 0.654335 -0.011134 -0.645016 -0.517664 -0.284225
VERTEX_POSE A13 -0.335231 0.625856 0.271768 0.557665 -0.215996 0.736677 -0.235581 0.188878 -0.271895 0.291519 -0.583490 0.268610 -0.062007 -0.679885 0.160139 0.894353 0.271196 -0.534401 -0.236235 0.296772
VERTEX_POSE A14 -0.640319 0.157381 0.656583 -0.627358 -0.737462 0.484482 0.529029 0.222604 0.148385 0.440011 -0.844299 0.269327 -0.517996 -0.092278 0.496721 0.228428 0.409646 0.651145 -0.453894 -0.247554
VERTEX_POSE A15 -0.640058 -0.161366 -0.272761 0.765429 0.492666 0.523528 0.262773 -0.486562 -0.557937 -0.560940 -0.551611 0.396594 -0.560311 0.212510 -0.295084 0.518738 -0.317220 -0.412629 0.182370 0.559636
VERTEX_POSE A16 -0.960294 0.110452 -0.368542 0.007800 0.314466 0.673517 -0.321243 -0.377628 -0.055989 -0.717769 0.631682 -0.718130 -0.216539 -0.451198 -0.128120 0.262791 0.452270 0.105429 0.515425 0.224159
VERTEX_POSE A17 0.396317 -0.005558 0.046895 0.013107 0.643657 0.232351 0.352998 -0.644016 -0.027193 -0.264194 0.592449 -0.662823 0.711846 0.214804 0.526082 0.332249 0.334714 -0.478724 -0.434143 -0.275814
VERTEX_POSE A18 0.121095 0.902242 -0.163707 -0.244199 0.619238 0.341703 -0.420571 0.114234 0.459198 -0.482410 -0.371631 0.618938 0.179034 0.716017 0.461033 0.107539 -0.509484 0.277020 0.739448 -0.276743
VERTEX_POSE A19 0.813970 -0.769599 0.888780 -0.704404 -0.879443 -0.104129 0.163310 -0.300341 -0.593075 -0.495858 -0.449177 -0.780073 0.498960 0.247669 -0.077485 -0.486025 -0.181736 -0.151336 -0.492214 0.783369
VERTEX_POSE A20 0.056238 -0.250208 -0.301262 0.112215 0.471400 -0.247946 0.287215 0.640480 -0.690826 -0.096409 -0.612004 0.358973 0.262696 -0.254796 -0.206025 -0.787585 0.337185 -0.538492 0.467883 0.191369
VERTEX_POSE A21 -0.932789 -0.675545 0.597690 -0.462987 -0.899403 0.593987 0.093644 0.046865 0.311593 0.415389 0.015398 -0.621160 -0.178102 0.364251 -0.300407 0.879536 0.181454 -0.272040 0.115672 -0.912120
VERTEX_POSE A22 0.347055 0.652470 0.782337 -0.457733 -0.651133 -0.462023 0.428581 -0.590660 -0.741475 -0.213307 0.599757 -0.272402 -0.768232 -0.526580 0.402727 -0.416757 0.074769 -0.018909 0.083375 0.092387
VERTEX_POSE A23 -0.836254 -0.885878 -0.132847 -0.971018 0.935161 0.539796 0.023127 0.365239 0.664627 -0.523695 -0.374024 -0.233547 -0.536482 0.706564 -0.240873 -0.646629 -0.174987 0.392845 0.138805 0.443681
VERTEX_POSE A24 0.945723 -0.515078 -0.901167 0.543813 0.812285 -0.124906 -0.190743 0.139184 0.774336 0.256356 -0.173703 -0.514382 0.212333 -0.730382 0.104691 0.725105 -0.177717 0.330534 -0.571870 -0.620816
VERTEX_POSE A25 -0.472706 -0.516060 0.531309 -0.515494 -0.195943 -0.345291 -0.402914 -0.201804 0.358891 0.530660 -0.388941 0.308058 0.097800 -0.625635 0.255679 -0.701042 -0.427520 0.769221 -0.234598 0.483536
VERTEX_POSE A26 -0.503242 -0.713828 0.049901 0.000133 0.429958 -0.389303 -0.874418 0.022484 0.754155 -0.258928 -0.262006 0.241626 0.113750 -0.032130 0.240809 -0.064061 0.963257 0.404131 -0.388983 -0.044172
VERTEX_POSE A27 0.001702 -0.673198 0.289318 0.939459 0.273113 -0.044333 0.456138 -0.621571 0.501270 0.648093 0.549626 0.784272 -0.139834 -0.422464 0.340384 -0.416567 -0.050479 0.125773 -0.422886 0.361300
VERTEX_POSE A28 -0.547991 0.990280 0.671907 -0.609442 0.194692 0.288244 -0.319864 -0.425772 0.670491 0.083712 -0.539791 0.138940 -0.303093 0.261901 0.436810 -0.595201 0.513840 0.507199 0.666745 0.441272
VERTEX_POSE A29 -0.916134 0.547490 0.074544 -0.980195 0.098104 -0.232499 0.661685 0.520828 0.634091 0.611501 -0.327607 -0.187570 -0.202621 -0.013063 -0.121574 0.022732 -0.710357 0.702787 -0.382972 0.341517
VERTEX_POSE A30 0.603575 0.457793 -0.451441 0.759550 -0.160101 -0.076463 -0.414156 -0.235340 -0.301035 0.621227 0.071090 -0.676950 -0.222528 -0.610391 0.401849 0.504707 -0.717668 0.532716 -0.371892 -0.227897
VERTEX_POSE A31 -0.049149 0.749885 0.008452 0.354464 -0.562357 -0.149283 -0.617344 0.450723 0.020681 0.293437 -0.218429 -0.626676 -0.370011 0.014129 0.502036 -0.628683 -0.578570 0.576649 -0.025115 0.643580
VERTEX_POSE A32 -0.345301 -0.169684 0.491099 0.144417 -0.746976 0.566047 -0.429581 0.052285 -0.450141 0.275759 0.617308 0.509504 0.250880 0.681577 -0.053593 0.579088 -0.299888 0.463139 0.584066 -0.248431
VERTEX_POSE A33 0.090178 -0.483410 -0.446877 0.905867 -0.617370 -0.465388 -0.685317 0.341752 0.384554 0.002058 -0.396169 0.592252 -0.263890 0.591832 0.524808 -0.410944 -0.182383 0.096678 0.540207 0.585429
VERTEX_POSE A34 0.703827 -0.655766 -0.983681 0.984027 0.972190 0.707371 -0.170504 -0.324201 -0.212471 0.069421 0.719490 0.322202 0.390018 0.149426 -0.168456 0.860141 -0.344057 -0.567707 -0.272308 -0.486337
VERTEX_POSE A35 -0.819701 -0.012499 -0.114553 -0.456057 0.349587 0.393925 0.607301 0.114759 0.612634 -0.483484 0.532932 0.070151 -0.295692 -0.687394 0.269086 -0.455697 -0.252808 -0.626238 -0.319898 0.407912
VERTEX_POSE A36 0.959663 0.629415 0.426563 0.433029 0.409091 0.683832 0.680155 0.199147 0.355313 -0.038807 -0.771966 0.496904 -0.440214 0.221590 0.283782 -0.448572 0.441550 0.280501 -0.375338 -0.346901
VERTEX_POSE A37 -0.050956 0.095163 -0.281062 0.517471 0.603678 -0.488851 -0.501237 -0.618004 -0.642751 -0.262495 0.396091 -0.258239 0.653882 -0.327303 -0.023029 0.217438 -0.529093 -0.529791 0.452789 0.272241
VERTEX_POSE A38 -0.793413 0.565958 -0.716159 -0.497201 0.870858 0.046547 -0.633954 0.523766 -0.353225 -0.536390 0.183780 0.216383 -0.167229 -0.108020 0.572299 -0.484827 -0.594167 -0.706199 -0.217636 -0.572007
VERTEX_POSE A39 0.794714 -0.828556 -0.068180 -0.594585 0.988504 0.448238 -0.619628 0.363930 -0.461350 -0.603940 0.301790 -0.419967 0.365744 0.748158 0.614422 0.298119 0.464811 0.179868 -0.169334 0.026212
VERTEX_POSE A40 -0.934038 -0.027731 -0.998209 0.095644 0.552252 0.026508 0.608981 0.597082 -0.145434 -0.209150 -0.034228 0.218831 0.696335 -0.650836 0.759129 -0.013818 0.377063 -0.594964 0.316741 0.276692
VERTEX_POSE A41 0.900696 -0.602603 -0.917301 0.131867 -0.450534 0.404484 0.491847 0.504416 -0.494477 0.500049 -0.304986 -0.317808 -0.490327 -0.164125 -0.699306 0.183526 0.546808 0.043064 0.483668 -0.571499
VERTEX_POSE A42 -0.812967 0.889995 -0.062615 -0.235938 0.455274 0.304112 0.207303 -0.367244 0.028155 -0.587625 0.204524 0.474112 -0.232972 -0.725377 -0.528109 -0.620421 -0.332971 -0.634856 0.415361 -0.431578
VERTEX_POSE A43 -0.760037 0.633849 0.394037 -0.374375 0.071941 -0.469022 -0.588401 -0.642291 -0.611924 0.637660 -0.061188 0.594523 0.074649 -0.438465 -0.222842 -0.382109 0.447266 0.049499 -0.309182 0.437517
VERTEX_POSE A44 -0.434534 -0.976747 0.354467 -0.310469 0.333469 -0.572557 0.738540 0.327705 -0.410752 -0.537280 0.641637 0.280299 -0.148343 0.505406 0.433418 0.201092 0.314235 -0.486870 -0.321629 -0.355995
VERTEX_POSE A45 -0.453286 0.047375 -0.406033 0.136705 0.717812 -0.010437 0.232472 -0.631744 -0.250239 0.483443 -0.519350 -0.621948 -0.697040 -0.224704 0.717118 -0.462298 -0.456593 0.190246 0.112498 0.268712
VERTEX_POSE A46 -0.400094 -0.527517 -0.878725 -0.608946 -0.435393 0.688002 0.291195 -0.346744 -0.461496 0.075299 0.362355 -0.011453 0.871773 0.184489 -0.452206 0.383024 -0.335465 0.330232 0.053290 0.775818
VERTEX_POSE A47 -0.394828 0.133705 0.985926 0.697332 -0.352065 0.148856 0.715642 0.269204 -0.440999 0.516725 -0.666684 0.384219 -0.156601 -0.101236 0.515392 -0.142886 -0.681421 0.608365 0.419418 0.092077
VERTEX_POSE A48 0.943031 -0.958183 0.640863 -0.850189 0.361470 0.338444 0.103968 0.269208 0.522384 -0.206596 -0.357566 0.229986 -0.784044 0.537942 0.717411 0.192173 -0.238222 0.212129 0.543004 0.673455
VERTEX_POSE A49 0.721001 -0.625275 -0.042432 0.146855 -0.816155 -0.144097 -0.702179 0.605063 0.235154 -0.104184 -0.228427 -0.285021 -0.191850 0.191474 -0.541863 -0.450244 -0.696309 0.741004 -0.506522 -0.245379
VERTEX_POSE A50 -0.580858 0.364106 0.874706 0.992928 -0.231509 -0.571145 0.536728 -0.297240 -0.331098 0.507224 0.485473 -0.532134 -0.308831 -0.481391 -0.522586 -0.598630 0.419320 -0.088910 0.030192 0.518071
VERTEX_POSE A51 -0.000731 -0.208392 -0.660399 0.262026 -0.167130 0.597008 0.608749 -0.451509 0.281353 0.326826 0.731952 -0.423190 0.100561 -0.433981 0.205873 -0.470551 0.111482 -0.585619 0.539517 0.244170
VERTEX_POSE A52 0.788211 -0.300821 -0.444741 0.683868 -0.715558 0.549562 0.048723 -0.445471 0.662904 -0.513063 0.485555 0.167448 -0.324342 -0.726183 -0.182309 -0.482171 0.124591 -0.444144 -0.629846 -0.151415
VERTEX_POSE A53 0.766197 0.016576 0.657043 -0.464805 0.117358 0.480868 0.631085 -0.139301 0.307629 0.137309 0.324007 0.147510 -0.543005 0.573990 0.626704 0.012394 0.344361 -0.509523 0.536536 0.653886
VERTEX_POSE A54 0.163015 -0.094269 0.206754 0.291008 -0.231969 -0.456190 -0.543031 -0.423130 -0.345273 -0.383039 0.563363 0.315609 0.335996 -0.222743 0.428289 -0.513719 -0.496391 -0.624209 0.426143 -0.455592
VERTEX_POSE A55 0.733934 0.184101 -0.345908 0.227681 -0.903273 0.495038 0.055516 0.849316 -0.741066 -0.186465 0.331423 0.244566 -0.690613 -0.111669 0.057567 -0.687284 0.025836 -0.377667 -0.113327 0.394567
VERTEX_POSE A56 -0.706509 0.500516 0.188352 0.019701 0.921415 0.586328 0.338411 -0.240292 -0.167630 0.477863 -0.771343 -0.659967 -0.316539 -0.322847 0.254225 -0.407716 -0.119610 0.357678 -0.625057 -0.478282
VERTEX_POSE A57 0.659773 0.191903 -0.743346 -0.708860 -0.802011 -0.307264 -0.521507 -0.256256 -0.670005 0.357695 -0.316745 0.200237 -0.549954 0.303589 -0.644928 -0.275204 0.570987 0.025582 0.471060 0.644836
VERTEX_POSE A58 -0.264363 0.510904 0.943410 0.167140 0.369840 0.377305 0.472299 0.650879 -0.366428 0.138030 0.016227 0.653884 -0.663554 0.036314 -0.411841 -0.440803 0.747694 -0.355239 -0.351099 -0.125414
VERTEX_POSE A59 -0.254500 0.490795 -0.139741 0.410260 0.116108 -0.300284 -0.479818 -0.620026 0.341100 -0.532136 0.614147 0.727455 -0.271518 -0.321635 0.113244 -0.339923 -0.254405 -0.501463 -0.545286 0.264993
VERTEX_POSE A60 0.743639 -0.260607 0.331199 -0.689054 0.296093 -0.531225 -0.632055 0.548510 0.795632 -0.201740 0.484786 -0.186727 0.058963 -0.159900 0.207140 -0.634732 -0.380739 0.083641 -0.391722 -0.541838
VERTEX_POSE A61 -0.660789 -0.031304 -0.508030 -0.073311 -0.790260 0.504033 -0.505950 0.167768 0.597309 0.664593 -0.416095 0.334103 0.254148 0.716392 -0.463589 0.487574 0.370452 -0.250265 0.003317 -0.385054
VERTEX_POSE A62 0.696351 0.240681 0.868712 -0.235276 0.553751 -0.278364 0.624923 -0.367465 -0.274247 0.542056 0.641051 -0.352859 -0.366234 -0.295325 0.400244 -0.210744 0.516386 0.750065 0.370279 -0.316468
VERTEX_POSE A63 -0.601662 0.569709 -0.177703 0.455363 0.549117 0.224477 0.527120 -0.674118 -0.953409 0.091692 -0.224362 0.011987 0.603109 -0.058966 -0.140545 -0.268581 -0.236077 -0.143958 0.527126 0.660316
VERTEX_POSE A64 0.429389 0.485287 0.045092 -0.167444 -0.407631 0.383056 0.426973 -0.458472 0.286559 0.260393 -0.209932 -0.504590 0.347447 -0.628005 -0.565404 -0.417892 -0.270451 -0.443689 0.674193 0.527444
VERTEX_POSE A65 0.400178 0.584915 0.885030 -0.251250 0.525941 -0.547737 -0.086951 0.805571 0.434001 0.552210 0.349654 0.578116 -0.713841 0.358300 -0.133352 0.189206 0.174651 -0.399533 -0.377009 -0.264414
VERTEX_POSE A66 -0.421363 -0.442789 0.707745 0.999306 -0.101296 -0.444063 0.344257 -0.127031 0.019919 -0.601838 -0.404991 -0.609368 -0.127868 0.669333 0.469051 -0.392911 0.578940 -0.459427 -0.590380 -0.191488
VERTEX_POSE A67 0.389052 0.114702 -0.528344 -0.734414 -0.998540 0.366686 0.555215 -0.117332 0.351393 -0.089798 0.531734 0.033214 0.684060 0.491247 -0.605735 -0.128997 0.595497 -0.611593 0.446200 -0.327953
VERTEX_POSE A68 -0.650779 -0.319922 -0.396032 -0.733779 0.129619 0.385039 0.141537 -0.430585 0.738521 0.303899 0.455328 -0.238860 0.600964 0.490481 0.246695 0.451120 -0.570991 0.434072 -0.568283 0.201671
VERTEX_POSE A69 -0.214776 -0.876832 0.991585 -0.497895 -0.230438 0.074136 -0.680087 -0.666395 0.146433 -0.572874 0.662633 0.403473 0.301668 -0.322715 0.769376 -0.166431 0.044475 -0.467260 -0.300989 -0.103501
VERTEX_POSE A70 0.183766 0.286145 0.403476 -0.328999 0.989964 0.522701 -0.079355 -0.290076 0.406558 0.703627 -0.434354 0.320913 -0.276571 0.276678 -0.318110 0.644477 0.473902 -0.597758 -0.082280 -0.652732
VERTEX_POSE A71 -0.584816 0.652347 -0.394241 0.361865 -0.318129 0.117546 -0.583074 -0.011744 -0.546877 -0.036612 -0.823579 -0.651867 0.451464 0.432377 -0.186517 -0.319669 0.274891 -0.476854 -0.593865 0.243033
VERTEX_POSE A72 -0.314080 -0.479435 -0.925716 0.633972 0.319027 -0.537986 -0.090656 -0.332380 0.450815 0.301755 0.563389 -0.175085 -0.433458 0.540856 -0.380898 -0.421524 0.436511 0.575846 -0.731545 -0.298410
VERTEX_POSE A73 0.370799 0.176140 -0.659139 0.435063 0.445239 0.119801 0.548049 -0.359113 -0.097205 0.688243 -0.037486 0.038105 0.471461 0.564608 0.719180 0.027620 -0.495155 -0.676407 0.054087 -0.552876
VERTEX_POSE A74 -0.344853 0.286196 0.999796 0.987490 0.753812 0.304001 0.125649 -0.597693 0.394482 -0.094118 -0.625703 -0.479094 -0.813444 -0.276921 -0.373335 0.404380 -0.139620 -0.618917 0.387478 -0.393803
VERTEX_POSE A75 0.251386 -0.456182 0.428752 -0.676497 -0.347503 0.461497 -0.477358 0.263897 -0.712124 -0.427573 0.496422 0.238155 0.586598 0.597468 0.334853 -0.234619 0.514790 0.333250 -0.436082 -0.248889
VERTEX_POSE A76 0.917513 -0.776485 -0.065172 -0.428232 0.163051 0.699116 -0.693160 -0.007919 0.259134 0.291318 -0.571925 0.337887 0.412435 -0.437844 -0.288144 -0.417059 -0.655414 -0.496882 -0.301037 -0.227077
VERTEX_POSE A77 0.255053 0.758678 -0.878929 -0.621456 -0.681581 -0.563536 0.453359 -0.632072 -0.599858 -0.217484 0.043204 0.262364 -0.491019 -0.658547 -0.501839 -0.458335 0.334017 -0.043819 -0.544055 -0.231014
VERTEX_POSE A78 0.856558 0.677523 0.414678 -0.979165 0.300431 -0.073607 0.440631 0.258138 -0.624695 -0.119102 -0.444956 -0.122438 -0.250601 0.832362 -0.551828 -0.521830 0.128621 0.533698 -0.675686 -0.161274
VERTEX_POSE A79 0.860544 -0.734668 -0.424309 -0.278421 -0.475479 0.677305 0.152392 0.674873 0.039869 0.407055 -0.377584 0.170529 -0.651469 0.028548 -0.341991 -0.540294 0.211578 -0.627400 0.307820 0.596989
VERTEX_POSE A80 -0.023947 -0.866597 0.078639 0.525399 -0.497736 0.400183 -0.355307 0.538682 0.281226 -0.404581 -0.697486 0.269636 0.639168 0.217904 -0.046461 -0.544589 0.413258 0.828193 0.070420 -0.071209
VERTEX_POSE A81 -0.724300 0.041629 0.289383 -0.986237 -0.931077 -0.209396 0.349635 -0.447295 -0.563812 -0.244341 0.354441 -0.421360 -0.533702 0.174498 -0.328100 -0.312816 -0.791070 0.594202 -0.659819 -0.134378
VERTEX_POSE A82 -0.140187 0.056940 -0.084709 0.983605 0.357390 0.261986 -0.491356 -0.313580 -0.027572 0.765433 0.089071 -0.664857 -0.078884 0.410405 0.395164 0.395072 -0.272589 -0.576553 0.101867 -0.806843
VERTEX_POSE A83 -0.235735 -0.167418 0.633898 0.209267 -0.213293 -0.217407 0.557253 -0.769142 -0.479615 -0.356717 -0.088492 -0.796020 0.283179 0.435515 0.285711 0.456395 0.436676 0.086167 0.523197 0.142231
VERTEX_POSE A84 -0.958103 -0.941795 -0.053574 -0.451041 0.186281 -0.633714 0.205633 0.716460 0.473929 -0.484877 0.642950 0.424997 0.555582 0.253680 0.408168 0.476449 0.085672 -0.163017 0.432360 -0.040093
VERTEX_POSE A85 -0.977172 0.962671 -0.877955 0.274612 -0.874578 -0.100157 -0.385633 0.905082 0.375002 -0.496184 -0.094506 -0.450033 -0.297891 -0.282484 -0.698738 0.341243 0.151382 0.398218 0.632379 0.263022
VERTEX_POSE A86 -0.501801 -0.983316 -0.712010 -0.563052 -0.116566 0.573866 -0.250155 -0.469873 0.230145 -0.313690 -0.539041 -0.363821 -0.229643 -0.215706 0.346159 -0.657404 0.647652 0.604582 0.595067 0.150572
VERTEX_POSE A87 -0.664612 0.558721 -0.865222 0.568660 0.107696 -0.339306 -0.225471 0.589583 0.728058 -0.406976 0.020373 0.001868 -0.803386 -0.023983 -0.572712 -0.359580 -0.503735 -0.163709 -0.093840 0.630597
VERTEX_POSE A88 0.682602 0.154574 -0.621301 0.565753 -0.676589 -0.133424 0.537077 0.126374 -0.021134 -0.420475 0.728663 0.321069 0.112388 0.603530 0.868024 0.298910 -0.067758 0.353837 -0.657853 -0.290241
VERTEX_POSE A89 0.233836 0.527587 -0.768600 0.604087 -0.746726 -0.843126 -0.112314 -0.239364 -0.012004 -0.623236 0.572067 0.180846 -0.564854 -0.754238 -0.228890 0.471917 -0.110222 -0.451552 -0.239159 0.185526
VERTEX_POSE A90 0.080888 0.049516 -0.004962 -0.021081 -0.776196 0.312456 -0.752185 0.364423 0.268992 0.178247 -0.632340 -0.459557 0.409000 0.466230 -0.450637 -0.200373 0.100529 -0.644785 -0.441606 -0.489760
VERTEX_POSE A91 0.426241 0.893967 0.709898 0.876698 0.619504 0.288452 -0.194632 0.170001 0.640820 0.532179 0.349188 0.437132 -0.513628 -0.580017 0.557231 -0.030381 -0.120067 -0.067494 0.643558 -0.705926
VERTEX_POSE A92 0.573047 -0.503717 -0.276631 -0.469223 -0.536986 -0.065274 -0.853772 0.203224 -0.282209 -0.449572 -0.338801 0.065969 -0.192678 0.034773 0.783200 -0.153527 -0.595375 0.546208 -0.090899 0.698737
VERTEX_POSE A93 -0.222761 -0.709803 -0.136251 0.743643 0.777555 0.427300 -0.645738 0.347023 0.588803 0.243603 0.542911 -0.191124 -0.320366 0.182000 -0.503960 0.329489 0.725532 0.424525 0.559001 -0.159065
VERTEX_POSE A94 0.824579 0.463676 -0.467805 0.332061 0.168621 -0.410054 -0.300163 0.715429 -0.245993 -0.169080 -0.651894 0.706492 -0.639796 0.008084 0.498448 0.404795 0.250828 -0.154150 -0.555082 -0.014703
VERTEX_POSE A95 0.002436 0.981570 0.768462 0.363333 0.055383 -0.758614 0.400641 -0.120472 -0.309967 -0.609180 -0.335255 0.204078 0.168589 0.651928 -0.159385 0.571828 -0.073889 0.511247 0.336122 -0.665297
VERTEX_POSE A96 -0.822583 0.875111 -0.251220 -0.507607 0.303496 -0.562990 0.069852 0.084840 0.510776 0.803718 -0.083073 -0.529675 0.393446 -0.453228 -0.338686 0.352454 0.014844 -0.163972 0.264829 0.883326
VERTEX_POSE A97 -0.596784 -0.979113 -0.760060 0.331367 -0.932675 -0.244787 0.512245 0.250212 0.366441 -0.239988 0.885316 -0.158999 -0.224219 -0.157775 -0.615173 0.410931 0.334280 -0.634099 -0.678876 0.130284
VERTEX_POSE A98 -0.608512 0.096271 -0.759883 0.628919 0.056843 -0.562903 -0.397971 0.671268 -0.163740 -0.503688 -0.330719 0.417770 0.334960 0.624878 -0.276104 0.484401 -0.222593 -0.636839 0.490994 -0.001872
VERTEX_POSE A99 -0.473362 -0.444811 0.352748 -0.241386 -0.566885 -0.637898 -0.110884 -0.614625 -0.317046 0.368854 -0.321972 0.541418 -0.288545 -0.525796 0.163501 -0.532224 -0.310045 -0.415574 -0.696513 0.382075
VERTEX_POSE A100 0.188440 -0.855945 -0.768475 0.833473 -0.163113 -0.253130 0.866229 -0.045618 -0.523455 0.073556 0.555244 0.475165 0.284647 0.660623 -0.640494 -0.267389 0.173077 0.160953 -0.302846 0.472488
VERTEX_POSE A101 0.575254 -0.617583 0.643593 -0.700081 0.046807 0.537134 0.275985 0.297147 -0.532687 -0.417141 0.196999 0.517276 -0.194774 -0.533994 -0.011627 -0.487889 -0.546198 0.400027 -0.688370 0.537972
VERTEX_POSE A102 -0.058178 -0.792464 0.958507 -0.879520 0.114986 -0.428613 -0.601916 -0.089295 -0.208584 0.074319 -0.919154 -0.416131 0.644641 0.218515 0.461869 -0.352758 0.100926 0.621527 0.303600 -0.298744
VERTEX_POSE A103 0.874360 -0.335380 -0.694190 0.467445 -0.844086 -0.530783 -0.410348 0.500942 0.426209 0.616968 0.442672 0.085210 -0.152273 0.622733 0.603543 -0.600353 -0.198752 0.406313 -0.259527 0.354684
VERTEX_POSE A104 -0.053946 0.558557 0.984454 0.734982 -0.507955 0.011075 -0.195951 -0.267509 0.377705 -0.606782 -0.420844 -0.863567 -0.343782 -0.318306 0.330432 -0.288807 -0.230132 0.047778 0.625958 -0.772690
VERTEX_POSE A105 0.596969 0.493732 0.958303 -0.892031 -0.131202 -0.041081 -0.109930 0.561675 0.590028 -0.198743 -0.440783 0.118908 0.839653 0.289673 0.011299 0.493269 -0.551469 0.797442 0.009196 0.319691
VERTEX_POSE A106 0.125746 0.208438 0.734562 0.790948 -0.191589 0.483837 0.002983 0.219810 -0.550091 0.493693 0.560814 0.069597 -0.729134 0.542842 0.442857 0.314558 0.561588 0.512187 0.354507 -0.164661
VERTEX_POSE A107 -0.136433 0.782072 -0.080718 -0.693250 0.655096 -0.426585 0.703890 0.285783 -0.090830 0.286266 0.376031 0.315605 -0.030962 0.726854 -0.135310 -0.569844 0.498560 0.831781 0.311304 -0.007061
VERTEX_POSE A108 -0.147978 0.252410 -0.920626 -0.513487 0.187217 -0.159065 -0.323186 0.669767 -0.044253 0.698337 0.601873 -0.671693 -0.105529 0.156674 -0.466939 -0.388898 -0.033492 -0.550941 0.495478 -0.404343
VERTEX_POSE A109 -0.017696 -0.114039 0.149239 0.811783 -0.891158 0.739312 -0.122132 -0.631936 0.013035 -0.379949 0.012249 -0.657173 -0.101762 -0.622955 0.141699 0.407178 0.323497 0.035973 -0.815214 0.328305
VERTEX_POSE A110 -0.275889 -0.952596 0.494972 0.028329 -0.820383 0.505951 -0.219778 -0.431159 0.567450 -0.244132 0.634145 -0.537049 -0.425496 -0.158769 0.282646 0.578263 -0.458683 -0.231742 0.613729 0.419957
VERTEX_POSE A111 0.828075 0.385812 0.158014 -0.988088 0.689481 -0.626813 -0.611323 0.237710 0.072188 -0.143041 -0.618001 0.639761 -0.549623 0.460559 -0.198631 -0.467650 -0.381315 -0.391339 0.291618 0.451722
VERTEX_POSE A112 0.258003 0.927590 -0.561378 0.825547 -0.822235 0.296830 0.418645 0.788858 -0.225355 -0.505339 0.538507 -0.497850 -0.314974 0.277521 0.312021 -0.627022 -0.077177 -0.718259 0.277494 -0.068837
VERTEX_POSE A113 0.583925 0.104344 -0.589736 0.011933 0.537008 -0.408475 -0.101206 -0.769213 -0.070022 -0.880906 -0.104882 -0.108239 0.380615 -0.470733 -0.544970 -0.160867 0.309294 -0.720789 0.207402 0.282946
VERTEX_POSE A114 -0.407660 -0.781605 -0.208089 0.221179 -0.523812 -0.201583 -0.412956 -0.127799 -0.637125 0.539417 0.471544 0.089015 0.434970 -0.047796 -0.060269 0.482911 -0.813318 0.736125 0.340726 0.312320
VERTEX_POSE A115 0.299900 0.985795 0.385048 -0.625495 0.364046 -0.203514 0.240856 0.697293 -0.287205 0.533732 -0.433662 0.623212 -0.141318 -0.383297 0.340531 -0.392116 0.362421 0.609705 0.695265 0.217841
VERTEX_POSE A116 0.606753 0.067015 -0.467691 -0.713455 0.662429 0.032624 0.153014 0.199556 -0.488166 0.501369 -0.617839 -0.012805 0.673133 0.134336 -0.832515 -0.141824 0.532197 0.259584 0.501989 0.526472
VERTEX_POSE A117 0.090539 -0.764922 0.079901 0.658127 0.359622 -0.424854 0.804859 -0.016416 -0.383197 -0.463032 0.309656 -0.308795 -0.088028 0.714237 0.652556 0.315084 0.606054 -0.389197 0.175430 0.162504
VERTEX_POSE A118 0.635288 0.544515 0.519827 0.943165 -0.528258 0.358826 -0.433108 0.308932 0.549290 0.164510 0.312886 -0.643260 0.251670 0.068331 0.365622 0.297320 -0.809031 0.148529 0.796000 0.384010
VERTEX_POSE A119 0.289355 -0.778411 -0.088992 0.852298 0.985840 0.100761 -0.673023 -0.585800 0.216779 -0.703447 0.553571 0.626842 0.166488 0.302566 -0.374875 -0.084433 0.498974 -0.639837 -0.131742 0.099376
VERTEX_POSE A120 -0.675625 0.762665 0.311301 0.262214 0.612896 0.236282 -0.689720 -0.205664 -0.606669 0.358513 -0.468651 0.289588 -0.050934 -0.853546 -0.660642 -0.437659 -0.047776 0.236252 0.449017 -0.085113
VERTEX_POSE A121 -0.283824 -0.405969 -0.485136 -0.077916 -0.304454 -0.737147 -0.082491 0.536503 0.478342 0.255122 0.594853 0.007749 -0.166332 -0.534479 -0.476936 0.410366 -0.245175 -0.016554 -0.855594 0.111961
VERTEX_POSE A122 -0.284404 -0.884444 -0.379094 0.728996 0.605344 0.494931 0.457821 -0.330786 -0.414851 0.339862 -0.765951 -0.521603 0.394273 0.209744 0.356643 -0.390961 -0.438220 -0.428577 -0.605468 -0.260518
VERTEX_POSE A123 0.897422 -0.741051 -0.965330 0.792991 -0.924090 0.450475 -0.144016 -0.677160 -0.384998 -0.565435 -0.417739 -0.581753 -0.046237 -0.325814 -0.533046 0.092190 0.224514 0.162092 -0.805547 0.458680
VERTEX_POSE A124 0.493415 -0.115772 0.378614 -0.334273 -0.526899 0.622289 -0.053593 -0.686019 0.343105 -0.240528 0.605632 -0.461588 0.527875 -0.252587 -0.511207 -0.530186 -0.118757 -0.143661 -0.616056 -0.291007
VERTEX_POSE A125 -0.459825 0.579232 0.153102 0.061057 -0.226035 0.236171 -0.001568 0.696298 0.522434 -0.299272 0.399525 0.296916 0.334877 0.176959 -0.609344 -0.596469 0.374974 0.460247 -0.665219 -0.428519
VERTEX_POSE A126 -0.100142 -0.759481 0.803132 0.156324 0.131292 -0.266001 0.826194 -0.392105 0.506971 -0.054033 -0.434324 -0.663586 -0.035722 -0.100864 -0.480702 -0.481656 -0.148470 -0.028340 0.284984 0.790822
VERTEX_POSE A127 0.670832 -0.240661 -0.872607 0.158120 0.776597 -0.789431 -0.290494 0.167814 0.333453 0.161474 0.167507 -0.220008 0.002019 0.705378 0.205049 0.381613 0.619258 0.418521 -0.862500 0.250482
VERTEX_POSE A128 -0.056609 0.600119 0.393042 -0.607575 -0.158710 0.286121 0.695155 0.281527 0.155756 0.291501 -0.635190 0.199215 0.351699 -0.512259 0.396123 0.250518 0.496517 -0.835030 0.495313 0.091312
VERTEX_POSE A129 0.291346 0.336790 -0.956751 -0.214757 -0.811865 -0.287100 -0.115853 0.461340 -0.521927 -0.131375 -0.078684 0.737714 -0.298062 0.398762 0.308602 0.565826 -0.509791 -0.075560 0.748544 0.601728
VERTEX_POSE A130 -0.802530 0.314529 0.480141 0.916735 -0.790287 -0.106963 -0.467952 0.666550 -0.787865 -0.079812 -0.445967 0.349994 -0.195658 -0.039938 0.095906 0.819883 0.149221 -0.485936 0.253300 0.577029
VERTEX_POSE A131 -0.868168 0.744174 0.624567 -0.774102 0.678178 0.812369 -0.385123 0.426325 -0.303521 -0.122882 0.469832 0.476350 0.390863 -0.558373 -0.144090 -0.551385 -0.391322 0.016110 0.616263 0.364131
VERTEX_POSE A132 -0.133400 0.719207 0.686842 0.085162 0.234942 0.086430 -0.528471 0.624343 -0.727510 -0.217681 0.355243 0.655677 -0.261426 0.280016 0.182599 0.329284 0.121185 -0.001995 0.704672 0.625222
VERTEX_POSE A133 0.139292 0.522065 0.438648 -0.962786 0.324699 -0.586664 0.609638 -0.165389 -0.322079 0.143988 0.288350 -0.210056 -0.623081 -0.525303 0.604755 0.467675 -0.541999 0.377145 -0.025673 0.565504
VERTEX_POSE A134 -0.993808 -0.591206 0.930377 0.693342 0.834092 -0.868452 0.261077 -0.363801 -0.327733 -0.128196 0.409900 0.076037 -0.638326 -0.712016 0.357791 0.571278 -0.294692 0.067718 0.426129 -0.325300
VERTEX_POSE A135 0.812654 0.277764 0.671296 -0.179856 0.726988 -0.354013 -0.416975 0.017726 0.182088 0.432397 -0.693647 -0.031333 0.628113 0.676452 -0.429049 0.494562 -0.238592 -0.810219 -0.006816 -0.063449
VERTEX_POSE A136 -0.263740 0.015796 0.396952 -0.854816 -0.806503 -0.443020 0.091250 0.071673 -0.724786 0.219078 0.420818 -0.245521 0.612516 -0.677460 -0.455413 -0.709734 -0.250405 -0.103620 -0.254519 -0.544170
VERTEX_POSE A137 0.131938 0.617233 0.664939 0.484290 -0.357497 0.291289 0.505226 0.222799 -0.013945 -0.518457 -0.652411 -0.765967 -0.171297 0.290352 -0.018557 0.461005 -0.619070 -0.572631 0.483818 -0.239099
VERTEX_POSE A138 -0.323779 0.059836 -0.409422 0.126894 0.382084 0.484608 -0.217656 -0.180457 -0.424623 0.298511 0.549864 -0.287466 0.661796 -0.655219 -0.409812 -0.128675 0.257366 0.578158 0.639520 0.411746
VERTEX_POSE A139 0.588282 -0.731794 0.476326 -0.368303 0.380714 0.131193 -0.076044 0.496536 -0.446698 -0.726906 -0.120780 -0.007427 0.538747 0.173247 0.780087 -0.417489 0.275251 -0.417922 -0.035768 0.795667
VERTEX_POSE A140 -0.885759 -0.496806 -0.185822 0.296074 -0.248655 -0.199019 0.444355 0.694526 -0.030518 -0.462075 0.391912 -0.510580 -0.202083 -0.499303 -0.831935 0.106511 0.094005 0.081567 0.732702 -0.325420
VERTEX_POSE A141 0.400332 0.107240 -0.914450 -0.844777 0.561701 -0.264656 0.625588 -0.176277 -0.498258 -0.386533 -0.641968 0.155087 -0.331439 0.501022 0.117369 -0.579753 -0.154132 0.802414 0.115177 -0.531060
VERTEX_POSE A142 0.416357 0.654018 -0.365661 -0.356391 0.070196 -0.592140 0.169494 -0.700940 0.454902 0.429112 0.054006 0.488996 -0.611289 -0.579645 0.431362 0.299957 -0.266351 0.131318 0.568759 -0.314380
VERTEX_POSE A143 0.372245 -0.569216 0.252800 0.121620 -0.070889 -0.904130 0.082134 0.338905 -0.328198 -0.520111 -0.543332 0.162075 -0.219002 -0.186583 -0.174251 0.692207 -0.688871 0.134916 0.442297 0.283861
VERTEX_POSE A144 -0.015743 -0.788416 -0.504186 0.167156 0.098709 -0.450318 0.654645 0.323380 -0.688691 0.135666 -0.192760 0.544905 0.573998 0.170070 -0.068784 -0.260632 0.902541 -0.145826 -0.394503 0.121512
VERTEX_POSE A145 -0.991303 0.872413 0.426251 0.864789 0.546383 -0.434156 -0.616961 0.465868 -0.623381 0.627981 -0.095113 0.570326 0.159978 -0.049320 0.308185 0.173813 0.653316 0.051520 -0.411333 -0.587082
VERTEX_POSE A146 -0.327855 -0.583421 -0.362151 0.496125 -0.706843 0.711742 -0.152459 -0.330874 -0.212220 0.818816 -0.451667 -0.055604 0.128514 -0.144531 0.333678 0.493003 0.784203 0.577887 0.216170 -0.225067
VERTEX_POSE A147 -0.408990 0.278599 0.028122 0.453701 -0.238862 -0.242418 0.573215 -0.631652 0.492786 -0.178986 0.030357 -0.271596 0.611495 0.504640 0.527488 0.431708 0.410497 0.588547 0.281232 -0.420625
VERTEX_POSE A148 0.099236 -0.892509 -0.493848 0.522916 -0.093995 0.518895 0.358731 -0.680144 -0.415162 0.118611 0.211799 0.518448 -0.571732 0.168822 -0.349099 -0.698536 -0.564092 -0.409548 0.205947 -0.381896
VERTEX_POSE A149 -0.692567 0.961094 -0.842325 0.439290 -0.235101 -0.429622 -0.326292 0.414930 -0.480585 0.292289 -0.121953 -0.731924 -0.258283 -0.175809 0.181319 -0.643482 0.470511 -0.125988 0.572120 0.748779
VERTEX_POSE A150 0.880366 0.500188 0.939131 0.305999 -0.253022 0.419068 0.491162 0.444077 -0.327875 0.352412 0.551939 0.508123 0.320986 -0.559066 -0.258283 -0.435783 -0.040241 0.626084 -0.584488 0.428935
VERTEX_POSE A151 0.423611 0.870156 0.817452 -0.214870 -0.481099 0.313366 0.600208 0.072180 -0.633242 0.215902 0.101022 -0.581765 0.414683 -0.411974 -0.036383 0.401832 0.798061 -0.401288 -0.509613 0.421853
VERTEX_POSE A152 0.023608 -0.444874 -0.327460 -0.638626 0.460445 0.506263 -0.453299 -0.642804 -0.519353 -0.137034 -0.430182 -0.588390 0.033721 -0.434589 -0.203327 0.313073 0.106985 0.293984 0.822551 -0.448812
VERTEX_POSE A153 -0.404038 0.615744 -0.439963 0.034996 -0.647678 -0.155977 -0.424542 0.829726 -0.009220 0.604969 0.010826 -0.778525 -0.247940 -0.281849 -0.000038 -0.467036 -0.458380 0.607852 -0.417348 -0.147940
VERTEX_POSE A154 0.321032 -0.870895 0.852122 -0.421879 -0.405189 0.756161 -0.144627 0.474631 0.408799 -0.284848 -0.846922 -0.023176 0.795044 -0.154270 0.407536 0.266274 0.083365 0.307378 0.441529 -0.163401
VERTEX_POSE A155 -0.482977 0.439354 -0.948847 0.027101 0.933546 0.138451 0.673948 -0.462042 -0.510586 -0.151378 -0.458233 0.538901 0.078192 0.438492 0.491150 -0.667974 -0.471193 -0.434155 -0.265659 0.402792
VERTEX_POSE A156 0.136137 0.194976 0.713138 -0.903947 0.126287 -0.179351 0.408634 0.119515 0.175502 -0.075437 -0.959675 -0.042814 -0.536467 0.039025 0.537208 -0.571807 0.238815 -0.804119 -0.461050 -0.078642
VERTEX_POSE A157 -0.779110 -0.630376 0.655254 0.734446 0.726103 0.640461 -0.253138 -0.038462 -0.121106 -0.210135 -0.185748 0.745785 0.222536 0.171553 -0.056910 -0.724906 0.664839 0.125339 -0.562808 -0.701839
VERTEX_POSE A158 -0.812146 -0.801307 -0.821453 -0.814778 0.710143 0.338115 -0.623499 -0.346056 -0.528972 -0.002815 0.567695 0.358571 0.222385 0.339080 -0.320817 -0.729789 0.252624 0.611858 -0.170863 0.615770
VERTEX_POSE A159 -0.920472 -0.204905 0.106180 -0.511522 0.967577 -0.705987 0.030830 0.375583 -0.101422 0.415394 0.425395 -0.495473 0.543693 -0.338101 0.422581 0.425982 0.605499 -0.259281 -0.591130 0.443885
VERTEX_POSE A160 0.512236 0.706414 0.698503 -0.480311 0.914239 0.673366 -0.278361 -0.141411 -0.576063 -0.589538 0.128090 -0.419545 0.009143 -0.382246 0.121203 -0.527882 -0.684337 -0.154990 0.544258 -0.590903
VERTEX_POSE A161 -0.614676 0.513222 0.658688 -0.898043 0.919856 0.243861 -0.631528 0.008393 0.360231 -0.525056 0.485569 -0.663094 0.006048 0.690972 0.366572 0.322284 0.494468 -0.486515 -0.470729 -0.205455
VERTEX_POSE A162 -0.788640 -0.460731 -0.269253 -0.285624 0.645755 -0.663771 0.671343 0.212385 -0.400708 -0.355646 -0.134765 -0.323524 0.096909 -0.257115 0.522574 0.545380 0.256565 0.145226 0.340562 -0.897105
VERTEX_POSE A163 -0.621164 0.425621 0.385345 0.604851 0.149181 0.180176 -0.767547 0.339129 0.289004 0.450539 -0.141643 0.405487 0.352620 0.249261 -0.458849 0.289024 0.821258 -0.713478 0.003194 -0.358236
VERTEX_POSE A164 0.524616 0.035286 0.097336 -0.860829 0.244555 0.363235 -0.587611 -0.327968 -0.793927 -0.187046 0.269438 -0.116308 -0.702459 0.323897 0.205338 -0.333963 0.051749 -0.426671 -0.121437 -0.843951
VERTEX_POSE A165 -0.782449 -0.051937 -0.338876 -0.592282 0.479847 -0.415740 0.179910 -0.833830 -0.624470 -0.462523 0.372808 0.238283 -0.547813 -0.363569 -0.125548 0.673500 0.183061 0.603868 0.001747 -0.007012
VERTEX_POSE A166 -0.808510 -0.296615 0.056641 -0.575005 -0.123832 0.254156 -0.459487 0.659815 -0.543891 0.462105 -0.027825 0.688485 0.213700 -0.345915 0.020602 0.511357 0.658524 0.406388 0.517858 0.102760
VERTEX_POSE A167 -0.739124 -0.948918 -0.505712 -0.715645 0.438052 -0.230590 -0.674971 -0.685060 -0.243838 -0.382232 0.532345 0.022236 -0.219409 0.332386 -0.294240 -0.424459 0.361335 -0.894595 0.412319 -0.079104
VERTEX_POSE A168 0.349489 -0.434704 -0.673938 0.892008 -0.877650 -0.045900 -0.532466 -0.462530 0.113541 -0.325628 -0.029490 0.645385 -0.425992 -0.256189 0.573105 -0.056255 0.685010 -0.489930 -0.652543 0.500325
VERTEX_POSE A169 -0.132290 0.763220 0.647218 0.551889 -0.741747 0.544273 -0.559811 -0.204573 0.155432 0.662199 -0.623000 0.426793 0.468763 0.712170 0.323619 -0.148525 0.124913 -0.626679 -0.079409 0.217329
VERTEX_POSE A170 0.849158 -0.680712 0.970613 -0.083948 -0.181234 0.260909 -0.415480 0.074823 -0.185454 0.480438 -0.775044 0.615799 0.271936 -0.093893 0.306453 0.670826 0.483182 -0.651469 0.269442 0.389137
VERTEX_POSE A171 0.463730 0.068490 0.140240 0.188082 -0.126305 -0.262841 0.614549 0.146509 0.198984 0.602376 -0.552147 0.735847 0.257309 0.620533 0.224959 0.239694 -0.318886 -0.547031 0.368527 0.432342
VERTEX_POSE A172 -0.731958 -0.129540 0.732768 0.707112 0.819954 0.790855 -0.129379 0.424715 0.118736 -0.365801 -0.485542 0.306690 -0.591763 -0.044366 0.137890 -0.131167 -0.681264 -0.497370 -0.694308 0.343185
VERTEX_POSE A173 0.265516 0.973307 -0.395047 0.559661 0.888962 0.451804 0.786163 0.190931 -0.511054 0.383563 -0.373107 -0.303082 0.421783 -0.393996 -0.663240 0.066024 0.639391 -0.054324 -0.229278 -0.510179
VERTEX_POSE A174 -0.164025 0.499274 -0.606960 -0.690298 0.802806 -0.306138 0.099578 0.280818 0.128815 -0.807832 0.119847 0.505859 -0.302839 -0.509421 -0.735484 -0.204022 -0.645326 0.304722 0.451835 -0.480441
VERTEX_POSE A175 0.252299 0.082044 -0.771418 -0.125732 -0.081338 0.314338 -0.849152 -0.046175 -0.635623 -0.356247 0.524758 -0.395711 -0.345342 -0.428889 0.021786 -0.081011 -0.655331 0.583192 -0.161882 0.330292
VERTEX_POSE A176 0.274213 0.845720 -0.968797 0.424450 0.435345 0.025387 0.245082 0.134060 -0.668069 -0.006849 0.122431 0.015381 -0.729274 0.669645 -0.475852 0.490460 0.490234 -0.571286 -0.409263 -0.527527
VERTEX_POSE A177 0.508120 0.915853 0.030889 0.805827 -0.904038 -0.460571 0.534637 0.216426 -0.091865 0.047912 0.510015 0.396265 0.010669 -0.579266 0.785478 0.384200 0.440881 0.073717 -0.751095 0.403880
VERTEX_POSE A178 0.843310 -0.639357 0.256705 -0.672031 0.679800 -0.395109 -0.457257 0.500357 0.197359 -0.670274 -0.674039 -0.222726 -0.063431 -0.231615 0.459111 0.451574 -0.146338 0.737935 -0.365659 0.469312
VERTEX_POSE A179 -0.626551 0.953211 -0.462645 -0.052634 -0.658650 -0.099478 -0.399944 0.482486 0.704871 0.489983 0.508849 0.402123 -0.759891 0.202574 -0.572005 0.144024 0.683268 0.066097 0.042227 -0.019718
VERTEX_POSE A180 0.815553 0.876947 0.188564 0.245117 -0.139139 0.567263 0.194366 -0.540713 0.459664 -0.402295 0.443573 -0.285512 0.739017 0.335976 -0.497434 -0.492046 0.068703 -0.371435 -0.110118 -0.627114
VERTEX_POSE A181 0.723675 0.860831 0.195835 0.633969 -0.573222 0.510108 -0.591409 -0.592961 0.438081 0.255519 0.364240 0.250561 0.710261 -0.490151 0.198227 0.276279 -0.236959 0.667683 -0.064379 0.468325
VERTEX_POSE A182 0.797059 0.823367 -0.645192 0.732496 -0.139748 -0.480516 -0.486893 -0.224415 0.534230 0.048301 -0.654444 0.239175 0.421438 -0.229734 0.620644 -0.360568 0.591127 0.203223 -0.673040 -0.345156
VERTEX_POSE A183 -0.160839 -0.567927 0.861104 0.606491 -0.678694 0.557488 0.621716 -0.289571 -0.248156 -0.253870 -0.869027 -0.514968 0.737096 -0.033719 -0.444209 0.075102 -0.169866 -0.406339 -0.008228 0.361870
VERTEX_POSE A184 -0.680363 0.476574 0.755872 -0.331036 -0.220900 -0.184834 -0.395086 0.555129 -0.206040 0.519902 -0.513717 -0.439868 0.226978 0.307567 -0.782909 0.138681 0.081032 -0.341986 -0.709124 -0.571632
VERTEX_POSE A185 0.118092 0.952472 -0.793070 -0.689383 0.455063 -0.505750 0.092099 0.409060 0.509693 -0.594413 0.126759 -0.145124 0.441287 0.240480 -0.325343 -0.529821 0.605790 0.597930 0.403418 0.625932
VERTEX_POSE A186 0.356184 0.871427 0.912257 -0.366407 -0.745148 -0.061996 -0.412022 0.162310 0.217914 -0.552185 0.369629 0.250769 -0.288919 0.523792 -0.918517 -0.033756 0.366021 -0.205209 -0.663865 -0.654753
VERTEX_POSE A187 0.455773 -0.328450 0.469010 -0.234983 0.905386 -0.596882 -0.106094 -0.295847 -0.431273 0.053467 -0.322077 0.054190 0.976511 -0.168005 0.609980 -0.075945 -0.087775 0.287617 -0.162923 -0.879097
VERTEX_POSE A188 0.338982 -0.677904 0.862184 -0.954937 0.181166 -0.121647 -0.697644 0.163075 0.710923 -0.257790 0.216391 0.136951 -0.183166 0.690918 0.240196 -0.512406 -0.661159 -0.635091 -0.388236 0.109927
VERTEX_POSE A189 0.544038 -0.929880 -0.909196 -0.181186 0.964996 -0.418879 0.011915 0.687221 -0.677173 0.339188 -0.106345 0.554666 0.607935 0.453726 -0.219197 0.142357 0.360093 -0.101370 0.703533 -0.425304
VERTEX_POSE A190 0.535301 0.466645 -0.424810 0.253495 0.872963 -0.283241 -0.001947 0.500969 0.855567 0.389290 -0.060638 0.276021 -0.386956 0.520069 -0.078773 0.633935 0.618095 0.324633 -0.544831 0.304695
VERTEX_POSE A191 -0.148782 -0.971490 0.560687 -0.435248 0.095405 -0.020699 0.545701 -0.730470 0.405948 -0.043621 -0.440849 -0.230188 0.523898 0.385313 -0.787700 -0.437021 -0.347566 0.401648 -0.484614 -0.052887
VERTEX_POSE A192 0.929363 0.583341 0.749491 -0.079229 0.884852 0.084440 -0.630640 -0.726059 0.525546 -0.373038 0.367793 -0.333563 0.328078 -0.072632 -0.193149 -0.480681 0.573280 0.753724 0.352770 -0.060344
VERTEX_POSE A193 0.746661 -0.994086 0.305937 0.967871 0.518718 0.257469 0.571995 -0.535303 0.259757 0.114090 -0.375156 0.339429 0.353956 -0.023624 -0.742992 -0.038535 -0.602231 -0.446080 0.730093 0.457677
VERTEX_POSE A194 0.230054 0.454131 -0.053969 -0.830397 -0.755414 -0.414980 -0.383622 -0.463976 0.589455 0.573298 -0.319888 -0.587438 0.635660 -0.362863 -0.079137 0.153700 0.566095 0.359150 -0.310607 -0.479859
VERTEX_POSE A195 0.453978 -0.381372 -0.153173 0.059942 0.129407 -0.502679 0.100625 0.453732 0.538268 0.234028 -0.441825 0.247264 -0.380976 0.481001 -0.550113 0.406019 -0.358501 -0.306296 -0.790640 -0.488910
VERTEX_POSE A196 0.964212 -0.046022 0.967061 -0.624411 -0.001435 -0.457603 0.515177 0.486546 -0.308681 -0.254265 -0.362770 -0.185233 0.693221 -0.654797 0.626756 0.434417 0.276728 0.517862 0.025863 -0.355435
VERTEX_POSE A197 0.421544 -0.842485 -0.997328 -0.405402 0.120754 -0.253997 0.887498 -0.126481 -0.643142 -0.001691 0.460763 -0.402173 0.047793 -0.619609 0.174787 0.321904 0.602533 -0.574074 -0.326249 0.157288
VERTEX_POSE A198 0.714855 -0.330290 0.341115 0.344297 -0.432541 0.759522 0.141056 -0.021119 -0.258739 -0.047744 0.651864 0.219102 0.745459 -0.067718 -0.554676 0.525449 -0.332121 -0.022595 -0.382123 -0.678040
VERTEX_POSE A199 0.313701 0.519274 -0.706877 -0.732403 0.120914 0.100553 -0.747784 -0.576748 0.772911 -0.165935 0.415294 -0.102483 0.303252 -0.485609 -0.107285 -0.480590 0.141845 0.608674 0.300594 -0.488833
VERTEX_POSE A200 -0.710746 0.920735 0.649890 -0.853512 0.379007 -0.138124 -0.667404 0.321621 -0.225395 -0.675940 -0.339703 0.029891 -0.139525 -0.513937 -0.923799 0.202797 0.222020 -0.275357 0.192568 -0.683913
VERTEX_POSE A201 0.564013 -0.011002 0.311728 -0.739651 0.386225 -0.244848 0.630370 0.110712 0.032626 -0.683361 0.318529 -0.503207 0.015248 -0.499635 0.520000 0.367834 0.402513 0.644490 -0.010801 -0.688934
VERTEX_POSE A202 -0.222568 -0.412236 0.433363 0.455679 0.994609 -0.278995 -0.186539 0.162648 0.210115 0.470472 -0.553749 0.671562 0.413757 0.577060 -0.652399 0.676597 0.318528 -0.037324 -0.338941 0.482131
VERTEX_POSE A203 -0.442704 -0.208805 0.382659 0.853600 0.198960 -0.525364 -0.735633 0.355505 -0.064152 0.295664 0.203096 -0.029135 0.400693 0.400578 0.619405 -0.433893 -0.351101 0.579107 -0.150366 0.740698
VERTEX_POSE A204 -0.170471 -0.037695 0.916681 0.820010 0.275187 0.116091 -0.307832 0.830811 0.130755 0.109918 0.063565 0.627992 0.576373 0.321470 -0.600698 -0.010024 0.440625 0.462833 -0.748900 -0.090658
VERTEX_POSE A205 0.613407 -0.912962 0.826403 0.765381 0.797415 0.208933 0.051056 -0.050063 0.194984 0.151008 -0.441826 0.295221 0.210215 -0.771642 -0.823092 -0.310791 -0.443060 0.392037 -0.913131 -0.102709
VERTEX_POSE A206 0.809595 0.873239 0.611241 -0.272132 -0.882377 -0.035768 -0.113257 -0.283724 0.354457 0.781754 0.386368 0.518210 -0.606212 0.437779 -0.427141 0.045290 -0.228162 -0.649684 -0.080563 0.725612
VERTEX_POSE A207 -0.896259 -0.191975 0.947884 0.244459 -0.289468 -0.151718 -0.571529 0.081800 -0.366043 0.590196 0.151539 0.593864 0.386726 -0.534828 0.407391 -0.403509 -0.181882 -0.569519 -0.112461 -0.806984
VERTEX_POSE A208 0.121527 -0.997109 -0.142708 0.571208 0.893377 -0.578429 -0.272436 0.681337 -0.344244 -0.131286 -0.371968 -0.311414 -0.673996 -0.497294 0.425079 -0.602822 0.375951 0.518889 -0.301458 -0.093692
VERTEX_POSE A209 0.652905 -0.766118 -0.132054 0.055838 0.797423 -0.131973 0.632407 -0.606671 -0.686171 -0.197746 -0.220794 -0.031821 0.661774 0.644089 0.342081 0.284678 -0.391442 0.627472 -0.204872 -0.122980
VERTEX_POSE A210 -0.522810 -0.238764 -0.514761 -0.808175 0.051882 0.576598 -0.203505 -0.475012 0.170157 -0.081724 0.858941 -0.019987 -0.842212 0.087662 -0.013116 0.468831 0.048565 0.798755 0.150938 0.162910
VERTEX_POSE A211 -0.062921 0.879838 -0.954144 -0.183675 -0.245762 -0.231424 0.099308 -0.301217 -0.430384 -0.707766 -0.464695 0.275077 -0.683338 0.440951 0.735641 -0.055871 -0.660616 -0.379971 0.138320 -0.249952
VERTEX_POSE A212 0.376580 -0.905288 -0.936219 -0.310194 -0.775799 0.490934 0.551794 0.289502 0.481231 -0.420609 0.507531 -0.673550 -0.173342 0.540478 -0.056255 -0.007625 -0.569723 -0.265645 0.698931 0.204698
VERTEX_POSE A213 -0.725750 -0.415397 -0.159953 0.924321 0.912134 -0.165599 -0.781351 0.427221 0.510134 0.122357 0.380063 -0.768832 0.090244 0.281393 -0.276666 -0.019762 -0.651455 -0.211407 0.604967 0.411654
VERTEX_POSE A214 0.776240 -0.688089 0.906960 -0.577183 0.075545 -0.472547 0.521012 -0.586430 -0.207472 -0.818519 -0.340774 0.369515 -0.099523 0.014188 0.335705 0.212230 0.319714 -0.696000 -0.060218 0.661479
VERTEX_POSE A215 0.696217 0.571287 0.819653 0.358771 0.003301 -0.850844 0.121832 0.164195 0.513179 0.344644 0.346415 0.110722 -0.613719 -0.475156 -0.000676 0.662369 -0.422272 0.021276 -0.225819 0.670037
VERTEX_POSE A216 0.392341 -0.462924 0.046977 -0.765062 0.367197 0.038408 0.490450 -0.529611 -0.511573 0.099862 0.209821 0.094358 0.648570 -0.284032 -0.508672 0.479805 0.493919 0.684958 0.314055 0.592332
VERTEX_POSE A217 0.132424 -0.816662 0.819217 0.056409 0.330397 0.844410 -0.411725 0.063625 0.254085 0.431228 0.219049 -0.080117 0.523234 0.246566 0.190359 0.166554 0.762070 0.423978 0.585671 -0.553556
VERTEX_POSE A218 0.151990 -0.757163 0.288663 -0.876212 -0.091313 -0.548151 -0.105845 -0.006483 -0.197281 0.762012 -0.587114 0.011061 0.626581 0.698753 0.252178 -0.031127 -0.407436 0.772590 0.120672 -0.031534
VERTEX_POSE A219 -0.268677 -0.140828 -0.090839 -0.719999 -0.451637 -0.471318 0.416790 -0.217309 -0.168671 -0.883542 -0.279527 0.812975 -0.016012 0.132231 -0.126230 -0.028161 0.667432 0.269346 0.211163 -0.641631
VERTEX_POSE A220 -0.323537 -0.746542 0.910021 0.875224 0.295393 -0.777471 0.205216 0.475900 -0.243121 0.568936 -0.767357 0.397967 0.368256 0.241952 0.062937 0.654952 0.316511 0.417243 0.263863 0.161127
VERTEX_POSE A221 -0.312709 0.709482 0.863853 0.377284 -0.218349 0.270274 0.624307 -0.300632 -0.699805 0.299024 -0.167337 -0.328587 0.347897 0.807411 -0.507340 0.028555 -0.476988 0.268070 0.631646 -0.046784
VERTEX_POSE A222 0.582541 -0.112318 -0.530152 -0.155247 0.643767 0.391083 0.447524 0.460731 -0.600482 0.099268 0.021946 -0.520223 0.211017 -0.380496 -0.295938 -0.657727 0.623253 0.358139 -0.559227 -0.504007
VERTEX_POSE A223 -0.394175 0.836799 0.659512 -0.204005 0.180244 -0.500757 -0.574022 -0.629640 -0.378041 -0.399990 0.544718 -0.727282 0.535918 0.057774 -0.150805 0.463877 -0.284584 -0.233765 -0.090088 0.471710
VERTEX_POSE A224 -0.566048 0.715396 0.169791 0.345155 -0.699631 0.550387 -0.578135 0.322875 0.316141 0.263925 -0.544187 0.351978 -0.490639 -0.470729 0.269059 0.169492 0.614780 0.633126 0.571532 -0.008517
VERTEX_POSE A225 -0.187405 -0.658188 0.415879 0.014356 0.888353 -0.700000 -0.361575 -0.070881 0.474260 0.140110 0.372809 -0.533902 0.594000 0.422314 0.004649 -0.644888 0.152944 -0.002055 -0.284458 0.808856
VERTEX_POSE A226 -0.940196 -0.544573 -0.493661 0.855937 -0.690349 0.275402 0.151429 -0.888587 0.494524 0.365770 -0.026995 -0.228601 -0.436710 -0.398411 0.785271 -0.494676 0.198502 -0.103402 -0.638640 -0.107472
VERTEX_POSE A227 -0.601835 -0.330626 0.136851 0.720743 0.298933 0.551781 -0.139192 0.150671 -0.507545 -0.209641 -0.703319 0.411699 0.413767 -0.563448 0.489536 -0.107463 -0.399729 0.169689 -0.868289 -0.073372
VERTEX_POSE A228 -0.765861 -0.500673 0.418551 0.608954 0.009107 0.577905 0.377836 0.570778 0.713371 0.033249 -0.460593 0.118308 -0.285545 -0.536857 0.371960 -0.666729 0.231717 0.069114 0.574518 -0.346639
VERTEX_POSE A229 0.774658 0.125137 0.847454 0.200233 -0.122890 -0.217577 0.835816 0.264589 -0.744091 -0.025511 -0.643796 0.037289 -0.463045 0.062014 0.527281 0.201153 -0.427713 -0.345793 -0.214214 0.573354
VERTEX_POSE A230 0.711866 -0.811352 0.429975 0.988340 -0.580152 0.063475 0.736373 -0.283606 -0.117161 0.168093 -0.763309 -0.533894 -0.354722 -0.415170 0.722546 -0.468025 -0.405662 -0.418484 -0.290903 -0.000061
VERTEX_POSE A231 -0.476607 -0.579937 0.068441 0.755442 -0.611887 -0.502057 0.181457 -0.142143 -0.022873 0.374876 0.705261 0.572870 -0.598509 0.131243 0.047343 0.015732 0.635146 0.645751 0.684164 -0.248529
VERTEX_POSE A232 0.338671 -0.885865 0.159183 0.460582 -0.736666 -0.322827 -0.310351 -0.824683 0.549061 0.146783 0.023017 0.550494 -0.534354 -0.227463 0.298487 0.735443 -0.517326 -0.449641 0.236063 -0.001699
VERTEX_POSE A233 -0.510702 -0.223588 -0.136662 0.444019 -0.585543 -0.428628 0.414902 -0.351579 -0.266634 0.180203 0.427321 -0.730045 -0.551967 -0.303362 0.065170 -0.634122 0.451549 -0.456039 0.297666 0.630764
VERTEX_POSE A234 0.080689 0.211258 -0.548900 0.609042 0.587074 -0.269148 0.346356 -0.641336 -0.240030 -0.435376 0.333786 0.562621 -0.562041 -0.126120 -0.576562 -0.604899 -0.406389 -0.470083 0.093235 0.544258
VERTEX_POSE A235 -0.831800 0.076440 0.075864 0.280592 0.538521 -0.583716 0.188696 0.313503 -0.054427 -0.687908 -0.579037 -0.599233 -0.199732 -0.172993 -0.534396 0.216392 -0.229969 -0.107956 -0.635970 0.695427
VERTEX_POSE A236 -0.897295 -0.136550 -0.310259 0.209400 -0.788129 0.015186 -0.157060 -0.419969 -0.677641 0.438107 0.129617 0.182659 0.844557 -0.358275 0.588216 0.072705 -0.261689 0.401508 0.254622 0.781014
VERTEX_POSE A237 -0.109716 0.084497 -0.937659 -0.663090 0.704696 0.359404 0.616436 0.274553 0.163567 -0.470599 -0.568459 -0.782637 0.369327 -0.376128 -0.108906 -0.471918 0.400951 -0.468715 -0.198582 0.547029
VERTEX_POSE A238 -0.728058 0.884465 0.023748 -0.474949 -0.750947 -0.341735 0.476982 -0.154836 0.620934 -0.424127 0.258362 -0.586850 -0.448975 0.597631 0.390826 0.442514 0.388457 -0.022794 0.441822 0.633414
VERTEX_POSE A239 0.224231 -0.133659 0.547033 -0.219392 -0.894751 -0.619075 -0.074052 -0.279230 -0.447631 -0.436822 -0.469426 0.314309 0.311974 -0.759175 0.066324 0.511198 -0.272763 0.559628 -0.667121 -0.225664
VERTEX_POSE A240 -0.456811 0.318379 -0.069714 0.392747 0.502119 0.523937 0.446256 -0.580980 -0.267827 0.295286 0.421218 -0.717049 0.546464 -0.304460 0.370298 0.614211 0.571572 -0.049779 -0.194380 0.256217
VERTEX_POSE A241 -0.250868 -0.354299 0.508987 -0.283124 0.300935 -0.465039 -0.660776 0.500635 -0.115670 -0.595997 -0.577437 -0.346442 0.294104 0.073091 0.536113 -0.168575 0.602384 0.602428 -0.305365 -0.218453
VERTEX_POSE A242 -0.838689 -0.253821 0.592889 0.596933 -0.140513 0.212694 -0.393188 -0.531911 -0.288020 -0.705240 0.208557 0.629168 0.250158 0.446629 0.550709 -0.532802 0.279174 -0.415540 -0.039786 0.629412
VERTEX_POSE A243 0.919769 0.413091 -0.005933 -0.917446 0.726321 0.063565 -0.001200 0.495374 0.730723 -0.013210 -0.572900 -0.100474 0.260797 -0.392297 -0.499291 0.605672 -0.337160 0.450131 0.751645 0.398519
VERTEX_POSE A244 0.023381 0.230304 -0.650966 -0.358803 0.213069 0.579988 -0.008585 -0.202573 0.043103 0.594242 0.735467 -0.661579 0.311900 -0.435126 0.473280 0.403772 -0.430783 -0.008663 0.621683 -0.207710
VERTEX_POSE A245 0.937551 0.058091 0.499849 -0.980250 0.935032 -0.616267 0.587981 -0.421062 -0.503129 -0.185121 0.402811 0.300329 0.508179 0.635996 -0.461597 -0.462805 0.324477 -0.252601 0.384153 0.388167
VERTEX_POSE A246 0.615986 -0.015622 -0.186280 0.441324 -0.270378 0.325573 -0.291859 -0.635998 -0.430282 -0.010200 0.492727 0.679068 -0.206054 0.583523 -0.095149 0.707464 -0.107530 -0.488543 -0.609714 -0.025775
VERTEX_POSE A247 -0.584277 0.767380 0.396011 -0.123865 -0.419735 0.315451 -0.506438 -0.475405 0.658598 -0.280933 0.653684 -0.238421 -0.553683 -0.250474 0.148708 -0.406783 -0.085955 -0.622721 -0.438816 0.525892
VERTEX_POSE A248 0.069976 0.241429 0.319066 0.076159 0.265429 0.238831 0.100798 -0.479367 0.619309 0.361396 0.497368 0.395588 0.135354 0.255201 -0.003554 0.787124 -0.489803 -0.634754 0.470476 0.466688
VERTEX_POSE A249 -0.232025 0.227215 -0.897617 0.565113 0.638309 -0.807287 0.116288 0.397939 0.043182 -0.776489 0.541513 0.133684 -0.514705 -0.309820 -0.073299 -0.081374 -0.392525 0.568489 0.334662 0.546209
VERTEX_POSE A250 0.147046 -0.373448 -0.694828 0.156136 0.128628 -0.556138 -0.141931 0.132280 0.586018 -0.191243 -0.038883 0.396664 -0.276729 -0.539882 0.307830 -0.385221 0.805161 -0.308531 -0.847531 -0.203063
VERTEX_POSE A251 0.746438 0.494886 0.229087 -0.048617 -0.439179 0.143899 0.554731 -0.065308 -0.226058 0.285909 0.284740 0.269320 -0.141070 0.929662 -0.572310 -0.618711 0.025390 -0.726718 0.455878 0.223031
VERTEX_POSE A252 0.455267 -0.063303 0.966237 -0.057604 -0.580040 -0.646898 0.129052 0.604647 0.174044 -0.763863 0.088838 -0.362768 0.085061 0.055982 -0.609569 -0.527368 -0.406131 0.219218 -0.338387 0.677077
VERTEX_POSE A253 -0.270412 0.514233 -0.224980 -0.999111 -0.227604 -0.230151 -0.598728 -0.207262 -0.261050 0.404689 -0.605889 -0.249196 0.377698 -0.429625 -0.817623 -0.306937 0.085602 -0.385067 0.490801 0.630901
VERTEX_POSE A254 -0.647736 0.331686 -0.111401 0.747378 0.741066 -0.535041 0.394595 -0.435275 -0.083569 0.107696 0.701267 -0.160496 -0.541024 0.342227 -0.454750 -0.687209 -0.275035 -0.688615 0.260256 0.354961
VERTEX_POSE A255 0.889219 -0.347907 0.136027 -0.712449 -0.279671 -0.178044 0.388900 0.695490 -0.649017 0.405974 -0.595404 0.731055 0.549965 -0.322347 0.031596 -0.205205 -0.086981 0.107879 -0.582557 -0.224309
VERTEX_POSE A256 0.542183 0.856046 -0.809101 0.015245 -0.339252 0.024447 0.261815 -0.289348 -0.749362 0.467892 0.367371 0.356016 0.529179 0.509470 -0.196668 0.458620 -0.718197 -0.521952 -0.471346 0.077132
VERTEX_POSE A257 -0.587933 0.787112 0.394939 0.603315 -0.949283 0.601717 0.141249 0.063626 0.359563 0.778021 0.183710 0.354234 -0.142512 -0.855583 0.411419 -0.105104 -0.052986 0.462497 -0.585982 0.476836
VERTEX_POSE A258 -0.712616 0.321467 -0.727121 -0.991706 -0.980738 -0.449468 -0.158091 -0.677903 -0.157982 0.580242 0.188712 -0.748502 -0.087267 0.589472 -0.178228 -0.689567 0.013101 0.425440 -0.393965 0.396468
VERTEX_POSE A259 0.776322 -0.644627 0.609450 -0.375801 0.669855 -0.582125 -0.378329 0.354448 -0.233212 0.163231 0.155406 0.425447 0.572084 0.557261 0.263359 -0.518057 0.675480 0.596975 -0.484314 -0.288795
VERTEX_POSE A260 -0.813274 -0.087751 0.242393 -0.196452 -0.072174 0.570010 0.156691 -0.421880 0.028123 -0.254084 0.691731 -0.732374 -0.231210 -0.467147 0.360734 -0.807934 -0.283993 0.088299 0.452409 -0.211301
VERTEX_POSE A261 0.999250 0.510115 0.702853 0.996635 -0.560890 0.126254 -0.847855 0.331107 0.584212 0.439036 0.587834 -0.328816 0.095736 0.609021 0.474761 -0.280163 0.087893 0.556091 0.027056 -0.407661
VERTEX_POSE A262 -0.700285 -0.224564 -0.322109 -0.620359 -0.942031 -0.668065 -0.441682 -0.385346 0.114619 -0.559608 0.536805 -0.295285 0.333754 -0.351866 -0.654983 0.326741 0.660160 -0.156062 -0.523073 -0.061053
VERTEX_POSE A263 0.525397 0.026384 -0.598424 -0.735870 0.191161 0.714048 -0.412603 -0.499641 -0.296859 -0.293946 -0.031960 0.377212 0.834862 -0.051822 -0.303404 0.159879 -0.812637 -0.409472 0.144220 -0.293722
VERTEX_POSE A264 -0.511452 -0.713474 -0.433809 0.440654 -0.146433 -0.121800 0.152589 -0.486966 0.268843 0.581150 -0.495315 -0.683434 -0.348203 -0.114483 0.436214 -0.707171 -0.541973 -0.505493 0.132836 -0.459005
VERTEX_POSE A265 0.380404 0.986694 0.128990 0.988683 0.645043 -0.440072 -0.399845 -0.607515 -0.016348 -0.844864 0.526255 0.596957 -0.229982 -0.231993 -0.650799 0.013362 0.049141 0.161779 -0.270664 -0.545661
VERTEX_POSE A266 0.693597 -0.897176 0.477439 0.544722 -0.270318 -0.349662 0.182294 0.250805 0.387183 -0.521441 0.339760 -0.439281 -0.566660 -0.672927 0.042470 0.611231 -0.417940 0.730106 -0.012667 -0.440631
VERTEX_POSE A267 -0.408747 0.149976 0.255933 -0.349946 0.065438 0.398694 -0.027187 -0.598023 -0.219148 0.762336 -0.162967 -0.697169 0.092184 0.214797 0.496841 0.185067 0.750222 -0.245197 -0.612663 0.082697
VERTEX_POSE A268 -0.729312 0.071191 0.191331 -0.674407 0.349739 -0.184605 0.190633 -0.071879 -0.786575 0.020933 -0.565187 -0.531938 -0.494377 0.677718 -0.078864 0.406318 0.368525 -0.240924 0.744122 0.283345
VERTEX_POSE A269 0.965539 0.987290 -0.498813 -0.930227 -0.021266 0.051613 0.528452 0.406975 0.275969 0.621878 0.302768 0.622410 -0.526906 0.577164 0.427196 -0.025423 -0.437113 0.592694 0.236071 -0.467458
VERTEX_POSE A270 0.815484 -0.983683 -0.197034 0.430662 0.170687 -0.477104 0.398099 -0.162034 -0.583221 -0.330432 -0.657948 0.422629 -0.156255 -0.512038 0.350592 -0.509783 -0.189864 -0.361517 -0.669356 0.492562
VERTEX_POSE A271 -0.186123 -0.610431 -0.878383 0.718340 -0.148142 -0.416750 -0.420401 -0.130448 -0.389514 -0.371743 0.703447 -0.621694 0.348179 -0.486471 -0.484632 0.486098 0.344386 0.230708 0.572320 0.364542
VERTEX_POSE A272 -0.285330 -0.367009 -0.989826 -0.213351 -0.720331 -0.371363 -0.126110 0.264966 0.223392 0.566022 0.687838 0.575345 0.288664 -0.557031 0.095758 0.510860 0.039114 0.687018 -0.565164 0.380603
VERTEX_POSE A273 0.976795 -0.237504 -0.604144 0.027595 -0.969826 -0.417572 -0.784563 -0.384246 0.546721 -0.274283 -0.339721 -0.210553 0.547739 -0.772638 0.313035 -0.070825 -0.372631 -0.620005 0.064769 0.033472
VERTEX_POSE A274 -0.266354 0.802660 0.115684 0.800894 -0.421821 0.566706 0.109915 0.676654 -0.236105 0.315551 -0.407829 0.036747 0.735380 0.051329 0.489440 -0.473647 -0.385930 0.618221 0.351027 -0.473538
VERTEX_POSE A275 0.738052 0.863295 -0.640791 0.427845 0.492738 0.575565 0.419068 -0.689844 0.030411 -0.607317 -0.339935 0.265670 0.459639 0.415594 0.704532 -0.319478 0.472359 0.317575 -0.377113 -0.112776
VERTEX_POSE A276 0.914347 0.820587 0.895705 0.047345 0.965205 0.299600 -0.392183 0.241589 -0.543744 0.294113 0.285194 0.597178 -0.240687 0.190807 0.427722 0.762512 0.436528 -0.273888 -0.346893 0.795823
VERTEX_POSE A277 -0.650369 -0.212962 0.929404 0.242219 0.307801 -0.186635 0.547056 -0.527935 0.457136 -0.655775 -0.161443 -0.573832 -0.465686 -0.484281 0.529300 0.229422 -0.084306 0.383084 0.034510 -0.673488
VERTEX_POSE A278 -0.846226 0.630675 0.755220 -0.696020 -0.926997 0.495263 -0.408125 0.395080 -0.737546 -0.555066 0.338261 0.275941 -0.191694 0.533419 0.354781 -0.549008 -0.403136 0.093419 0.432642 0.531448
VERTEX_POSE A279 -0.015678 0.062015 0.214771 -0.876495 0.230634 -0.530104 0.045152 0.521779 -0.053639 0.470800 0.443788 -0.282397 -0.297510 -0.531197 0.409999 0.687990 -0.299081 -0.684299 0.463105 -0.398972
VERTEX_POSE A280 0.117607 -0.985747 -0.968212 -0.192669 -0.053890 -0.658386 0.528901 0.049812 -0.248851 -0.347263 -0.800610 -0.513844 -0.437098 0.536804 0.489854 0.107696 0.215889 -0.024681 0.630094 -0.147568
VERTEX_POSE A281 0.300820 -0.742773 -0.939608 0.460116 0.201631 0.039193 -0.562538 0.768120 -0.235433 -0.362862 -0.081804 -0.695724 -0.456449 -0.382012 -0.635627 0.584795 0.366324 0.234482 -0.039377 -0.350961
VERTEX_POSE A282 -0.269239 -0.443098 -0.556142 0.074888 0.791455 -0.506378 -0.125243 -0.777554 -0.204280 -0.580167 0.064610 0.323333 -0.672625 -0.217762 0.740390 -0.081994 -0.261799 -0.221653 -0.434249 0.524668
VERTEX_POSE A283 -0.427126 -0.049051 0.998024 0.749728 0.366070 0.483844 0.423727 -0.292232 -0.291865 0.804326 0.461133 0.177910 0.106370 -0.499960 -0.005629 -0.402603 0.493628 -0.805622 -0.010608 -0.456430
VERTEX_POSE A284 -0.969592 0.771461 -0.164588 0.461005 0.974027 0.917096 -0.045049 0.371528 0.081645 -0.295177 0.000001 0.198404 -0.604053 -0.452573 0.312258 0.694041 -0.577555 0.124093 -0.253511 -0.568837
VERTEX_POSE A285 0.083024 0.888587 0.332458 -0.177734 0.532521 0.518891 -0.194644 -0.036435 0.412128 0.368657 0.480941 -0.285113 0.343054 0.709588 -0.496396 0.536531 -0.381247 0.482912 0.648579 -0.344245
VERTEX_POSE A286 -0.537907 0.603042 0.134052 -0.962721 -0.913601 -0.490787 -0.515243 0.162421 -0.489652 0.772062 -0.079392 0.440078 0.238590 0.808120 0.547648 0.113624 -0.557451 -0.160564 0.261933 0.059224
VERTEX_POSE A287 0.572591 0.627506 0.026311 -0.523749 -0.365225 0.553187 0.264555 -0.250951 -0.245184 0.810562 0.449135 0.424176 0.442434 -0.476118 0.417218 0.026571 0.607927 -0.529031 0.276670 -0.372877
VERTEX_POSE A288 0.495092 0.675700 -0.272603 -0.574420 0.583238 -0.724163 0.312562 0.103814 0.141430 0.605755 0.544862 -0.539971 0.149244 0.028448 -0.340334 -0.208011 -0.478364 -0.219521 -0.685437 0.680225
VERTEX_POSE A289 -0.250523 -0.075491 0.406931 -0.954427 -0.894338 0.560464 0.607427 -0.447455 0.555352 -0.050049 0.669381 -0.528210 0.543938 0.014247 -0.136316 0.549454 0.580307 -0.282623 -0.175383 0.121466
VERTEX_POSE A290 0.348913 0.982879 -0.364239 0.100450 -0.695369 0.252469 -0.437534 0.390851 -0.161505 0.307513 0.804894 -0.486062 -0.563286 0.317592 0.526856 0.382348 0.312046 0.629557 -0.500519 0.033805
VERTEX_POSE A291 0.681817 -0.412052 0.969790 0.229128 -0.488936 -0.601906 0.004219 0.641758 0.119620 -0.567829 -0.234960 -0.716447 -0.423595 -0.366135 -0.276128 0.623452 -0.140380 -0.184003 0.330799 -0.615775
VERTEX_POSE A292 -0.251273 -0.565376 0.109784 -0.957792 -0.455228 -0.673905 0.340359 -0.428771 -0.526088 -0.304080 -0.133481 -0.192802 0.381035 -0.040937 0.472571 0.147299 -0.837348 0.092671 0.790447 0.309048
VERTEX_POSE A293 0.648628 -0.241685 0.313651 0.480092 -0.637400 -0.741343 -0.114279 0.540350 0.059863 0.039361 -0.122923 0.460048 -0.529078 0.666090 -0.482879 -0.249266 -0.166521 -0.044833 -0.802081 -0.470645
VERTEX_POSE A294 0.207214 0.614332 -0.628635 0.493259 0.702225 -0.232406 -0.047302 -0.179555 -0.365195 -0.409682 0.376110 0.626258 -0.625287 0.367821 -0.325426 -0.661942 -0.591882 0.560820 0.027764 -0.583682
VERTEX_POSE A295 0.237276 -0.278850 0.675975 0.482862 0.398338 0.511824 -0.204784 0.146480 0.282052 0.565804 -0.164517 0.561096 -0.537093 0.245252 -0.311943 -0.575502 -0.611610 0.496332 0.135119 -0.719210
VERTEX_POSE A296 0.029031 -0.254992 -0.557358 0.468775 -0.992358 -0.031660 -0.095278 0.650716 -0.006164 0.551611 -0.192226 0.881943 -0.076695 0.323812 -0.372744 -0.609906 0.242436 -0.286703 0.555679 0.613179
VERTEX_POSE A297 -0.099188 0.717157 0.848805 0.037980 -0.568093 0.788438 -0.208173 0.523635 0.364067 -0.352811 -0.797770 0.280752 0.630944 -0.040483 0.355132 0.539988 -0.294457 0.202188 -0.377506 -0.032026
VERTEX_POSE A298 0.828529 0.871126 -0.068092 -0.867084 -0.536223 -0.625184 -0.361300 -0.403035 0.351053 -0.170759 -0.767042 0.166740 -0.622241 0.489254 0.352784 -0.616981 -0.073960 0.577623 0.269173 -0.066108
VERTEX_POSE A299 0.299719 0.816199 0.633973 0.794368 0.357382 0.115431 -0.213233 -0.632653 0.001252 0.681692 -0.237058 -0.509678 -0.441614 0.379832 0.740534 -0.447388 -0.000082 0.422507 0.307650 0.631887
VERTEX_POSE A300 -0.133650 0.704446 -0.650008 0.107753 0.410641 -0.003504 0.569519 -0.417716 -0.212307 -0.230496 -0.479984 0.800598 -0.019125 0.345930 0.367778 0.556498 -0.353876 -0.422724 0.558985 0.591805
VERTEX_POSE A301 0.644013 0.887443 0.734874 0.563578 0.634463 -0.064959 -0.485117 0.310682 -0.458927 0.647069 -0.342758 -0.059743 0.150368 0.550383 0.151744 -0.416093 -0.695032 0.870960 0.387581 0.001412
VERTEX_POSE A302 -0.886404 -0.794232 0.755590 0.512708 -0.790760 -0.348219 -0.444852 0.221140 0.191193 -0.511451 -0.041047 0.117689 -0.598818 0.476272 0.419759 0.385014 0.768311 -0.807552 0.183590 0.363696
VERTEX_POSE A303 0.581021 -0.662563 -0.639834 0.894402 0.690310 -0.000865 -0.531384 0.546095 -0.686510 0.257288 0.596878 0.508323 0.240211 0.511366 -0.489122 -0.356684 -0.264727 0.176271 -0.683015 0.118069
VERTEX_POSE A304 0.620809 -0.350061 -0.869270 -0.408826 0.664637 -0.439620 -0.058871 -0.230910 -0.352495 0.460224 -0.620286 0.792630 0.003596 -0.552564 -0.229638 -0.677171 -0.495032 -0.038536 0.571099 -0.107437
VERTEX_POSE A305 -0.152758 -0.991572 -0.128726 0.313602 -0.212581 0.265967 -0.320303 0.443094 -0.515873 0.307889 0.523924 0.579281 0.476222 -0.333957 0.226608 -0.716972 0.029025 0.525566 0.248546 0.645603
VERTEX_POSE A306 0.319073 -0.799267 -0.280625 0.322247 0.183048 -0.349725 0.644807 -0.600803 0.221827 0.673101 0.251871 0.341432 -0.006695 -0.063223 0.567623 0.321490 0.321829 -0.624271 0.166605 0.684124
VERTEX_POSE A307 0.535155 -0.529474 -0.973565 0.638519 0.629842 -0.577007 0.285934 0.507290 -0.457450 0.618523 -0.512290 -0.498705 -0.624711 0.074346 -0.196510 0.086363 0.503184 -0.412892 -0.371415 -0.470632
VERTEX_POSE A308 0.196874 -0.204534 -0.199321 -0.444179 -0.904780 0.334150 0.448488 0.708852 -0.856074 -0.019065 0.290092 -0.161330 0.649117 0.110951 0.355225 -0.262377 0.180395 -0.057167 -0.555248 0.607061
VERTEX_POSE A309 0.472847 0.831408 -0.525405 0.626227 0.256051 0.544642 -0.247028 -0.419618 -0.546456 -0.560668 -0.550835 -0.160943 -0.479333 0.225151 -0.087851 -0.418207 0.684303 -0.609205 0.469011 -0.039211
VERTEX_POSE A310 -0.480523 0.532541 0.241206 0.762023 -0.139524 0.575515 -0.558728 0.461178 0.181521 -0.040899 0.379958 0.665458 0.381185 -0.474345 -0.161837 0.601709 0.615417 -0.408421 -0.422840 -0.198005
VERTEX_POSE A311 -0.685520 -0.190281 -0.167534 0.363152 0.041330 -0.609665 0.306462 -0.452242 0.323054 0.444336 0.140278 0.235553 -0.307088 0.455405 0.556246 -0.308671 -0.753579 -0.398810 -0.720462 0.022894
VERTEX_POSE A312 -0.226333 -0.911365 -0.465013 0.086343 -0.542317 0.457900 0.340162 -0.233595 -0.760503 0.012953 0.342784 0.144739 -0.887918 -0.003319 0.240768 0.234144 0.751241 0.364753 -0.202239 0.513379
VERTEX_POSE A313 0.250238 -0.910557 0.685065 -0.163089 -0.348069 -0.342648 -0.472780 -0.237062 0.050918 -0.165609 -0.220278 -0.572658 -0.557011 0.351339 0.342850 -0.457814 -0.682050 -0.659179 0.478747 -0.553758
VERTEX_POSE A314 -0.112646 0.760668 -0.169509 0.112880 -0.592600 -0.630950 0.191786 0.564094 -0.157526 0.525213 -0.349953 -0.398237 -0.764751 -0.368839 0.400717 0.123063 -0.328023 0.507859 -0.295601 0.561863
VERTEX_POSE A315 -0.195925 0.860096 0.370399 -0.452652 -0.568290 0.254169 -0.586429 -0.739923 -0.015668 -0.486752 0.349301 -0.421218 0.480108 -0.558464 -0.674122 -0.191138 0.117934 -0.550716 -0.390047 -0.068646
VERTEX_POSE A316 -0.666738 0.978030 0.017523 0.659177 -0.815549 -0.240344 -0.258528 0.851164 -0.399185 0.241449 0.334098 0.001088 0.244723 0.050582 0.189325 -0.872836 -0.039956 -0.864315 -0.230507 -0.399679
VERTEX_POSE A317 0.349447 0.363710 0.964542 0.150158 -0.506201 0.135554 0.568992 -0.005047 -0.606267 0.672413 -0.115713 0.480402 0.427909 0.427228 -0.242907 -0.094035 0.890826 -0.569452 -0.179335 0.102418
VERTEX_POSE A318 -0.623334 0.487602 -0.603290 0.023599 0.066485 -0.649884 0.001752 -0.456552 -0.022705 0.393811 0.746293 -0.369310 -0.609399 0.369887 0.609084 -0.055516 -0.287939 -0.264124 0.685902 -0.121991
VERTEX_POSE A319 0.828354 0.653730 0.744919 -0.915243 0.767689 -0.665379 -0.434150 0.538975 -0.032857 -0.589856 -0.557943 0.549224 0.017230 0.567983 0.152231 0.056243 -0.239663 0.481010 -0.678324 0.134769
VERTEX_POSE A320 -0.901076 -0.711780 0.371473 0.195731 -0.400539 -0.438661 0.121344 0.649553 -0.821675 0.209914 -0.263880 0.211675 0.199444 0.668535 0.277406 0.831846 -0.233869 0.103275 -0.457675 -0.082550
VERTEX_POSE A321 0.725579 0.470481 0.032471 -0.875951 0.371116 -0.467772 0.166127 -0.556195 0.553771 0.606533 -0.494049 0.181184 -0.755648 -0.553520 -0.188124 0.066061 0.270979 0.637424 -0.170737 0.258358
VERTEX_POSE A322 0.510171 -0.758322 0.714709 0.313886 -0.721247 -0.719704 0.345357 0.599412 0.585974 0.259756 0.496471 0.159586 0.459184 -0.038678 0.273442 -0.394715 0.616592 -0.196019 -0.668286 0.111979
VERTEX_POSE A323 -0.152349 -0.277156 -0.518743 0.237939 0.144233 -0.255614 0.339504 -0.513839 0.052972 -0.468765 -0.710484 0.146010 -0.666379 -0.081109 -0.387562 0.291164 -0.391072 -0.871970 -0.368998 0.267705
VERTEX_POSE A324 0.374207 -0.771204 -0.653878 0.604141 0.733716 -0.167940 0.728942 0.384094 0.586292 -0.107206 0.531134 -0.716269 -0.143659 -0.011381 -0.312803 0.013371 0.667218 -0.131036 -0.660556 0.353638
VERTEX_POSE A325 -0.282615 0.856011 -0.913926 -0.192856 0.980978 -0.020477 0.200576 0.523955 0.715834 -0.484535 0.473340 0.025729 -0.174507 -0.232632 0.274197 -0.406007 -0.626361 -0.641339 -0.727805 0.234466
VERTEX_POSE A326 -0.915073 0.443994 -0.842768 -0.279198 -0.457429 0.402828 0.516314 0.026753 0.720669 -0.037480 0.274604 0.315862 0.438893 -0.572196 -0.404728 0.457306 -0.333771 0.234077 -0.574682 -0.696467
VERTEX_POSE A327 -0.596761 -0.026196 -0.211236 0.072916 0.741358 0.327663 0.352919 -0.668185 -0.326869 -0.393635 -0.293607 -0.155751 0.742373 0.447608 0.105796 -0.399282 0.490461 0.866223 -0.099786 0.162539
VERTEX_POSE A328 0.618197 0.573167 0.934879 0.845125 -0.587116 -0.358428 0.456854 0.121399 -0.612905 0.271192 -0.609725 0.619657 0.088752 -0.574539 -0.180586 -0.599427 -0.485062 -0.281587 -0.592073 0.219359
VERTEX_POSE A329 0.913456 0.315121 0.089140 -0.146282 0.006348 -0.028750 0.470622 -0.475674 -0.546935 -0.336978 -0.659375 0.347610 -0.648639 0.095125 0.195429 0.491001 0.063851 -0.735534 0.056092 0.570818
VERTEX_POSE A330 0.702958 -0.209997 -0.577263 -0.132717 0.098740 -0.164559 -0.543591 0.320459 -0.438387 -0.403461 -0.665051 0.150527 -0.091792 -0.581062 -0.869566 0.255788 0.188520 0.043981 -0.684014 0.286078
VERTEX_POSE A331 -0.515453 0.277613 -0.715129 -0.047122 0.823525 -0.659103 -0.464422 -0.019153 -0.021960 -0.605298 0.446217 -0.510707 -0.068519 -0.364172 -0.091343 0.128103 0.788555 0.544000 -0.629938 -0.214671
VERTEX_POSE A332 0.557469 0.202564 -0.175985 -0.582703 -0.359189 -0.214482 -0.330794 0.709584 0.173203 0.409716 -0.403392 0.302001 -0.757336 -0.322164 -0.888768 -0.177576 -0.415226 0.207086 -0.342953 -0.239921
VERTEX_POSE A333 0.816554 -0.004229 -0.821673 -0.620009 0.307980 -0.332604 0.460463 0.235506 -0.356453 -0.831468 -0.159629 0.452415 0.140742 -0.746694 0.653283 -0.246131 0.595570 -0.361742 0.127462 0.082463
VERTEX_POSE A334 -0.934432 0.615051 -0.354963 -0.152721 0.513835 -0.097084 -0.205059 -0.029072 -0.351952 0.403027 0.813861 -0.508335 0.279962 -0.148158 -0.441292 0.448230 -0.557992 0.643087 0.718493 -0.058987
VERTEX_POSE A335 0.178278 0.852503 -0.045255 0.008470 -0.694552 -0.311585 0.339609 0.457783 -0.148086 0.440247 0.553621 0.247159 -0.305994 0.609780 -0.898715 -0.182097 -0.120640 -0.110497 -0.751037 0.312336
VERTEX_POSE A336 -0.336204 0.004199 0.049602 0.693593 -0.904601 0.402949 -0.277407 0.480716 -0.360374 0.230955 -0.315730 0.644028 0.741846 0.022401 -0.434539 0.547921 0.142764 -0.322748 0.138391 0.805197
VERTEX_POSE A337 0.384641 0.815783 0.364412 -0.830474 -0.303117 -0.010272 0.694822 0.010033 0.137453 -0.557855 0.083939 0.861080 -0.043067 0.381965 -0.108094 0.314445 0.741526 0.477344 0.324483 -0.545064
VERTEX_POSE A338 -0.286567 -0.676971 -0.018820 -0.353011 0.935290 -0.040365 -0.279142 -0.453121 -0.593695 -0.263914 -0.124938 0.635026 -0.507209 -0.422275 -0.467455 -0.074610 -0.555459 -0.155319 -0.767855 0.540574
VERTEX_POSE A339 0.860669 0.799665 0.850280 -0.750586 -0.809382 -0.422224 0.167322 0.464834 -0.482812 -0.590053 -0.105448 0.447746 0.383122 -0.262532 -0.191538 0.481542 0.560278 0.592837 -0.495153 0.624480
VERTEX_POSE A340 -0.142512 0.647191 0.839007 0.795753 0.952935 -0.363014 0.621894 0.602417 0.203639 -0.487806 0.467237 0.284893 -0.360328 0.422480 0.862186 0.494229 -0.023097 0.047156 0.034570 0.489653
VERTEX_POSE A341 0.232910 0.855571 -0.777613 -0.590987 -0.204234 -0.457725 0.826757 -0.289288 -0.117470 0.166306 0.583477 0.309504 -0.091170 -0.366960 -0.671110 -0.488284 -0.433872 -0.480112 -0.205136 0.502954
VERTEX_POSE A342 -0.824850 -0.390616 -0.317254 0.612566 0.231948 0.527692 -0.546493 -0.041310 -0.464190 -0.085374 0.349286 0.570884 0.290894 -0.326645 -0.397786 -0.446289 -0.786595 -0.148073 0.640518 -0.388413
VERTEX_POSE A343 0.631155 0.735826 -0.626006 -0.117904 -0.589383 0.167814 0.256796 -0.349243 0.092821 0.197967 0.596290 -0.635336 0.178015 0.533815 -0.484607 -0.750510 -0.169111 0.569848 -0.547641 0.457067
VERTEX_POSE A344 -0.516852 0.945014 0.907451 0.245924 0.447697 -0.367072 -0.562281 0.713785 0.485842 0.332901 0.380185 -0.475482 0.405686 0.228406 -0.532313 -0.082802 -0.494112 -0.346085 0.633703 0.222832
VERTEX_POSE A345 0.062504 -0.629948 0.513237 -0.274554 0.639348 0.136005 -0.494822 -0.178114 0.397179 -0.739401 -0.128327 0.160724 -0.098423 0.658024 -0.505111 -0.357538 0.612750 0.736737 0.266303 0.378616
VERTEX_POSE A346 -0.564769 0.595922 0.744394 0.429444 -0.157673 0.095408 -0.448974 0.517102 0.580803 -0.486828 -0.594734 -0.048547 -0.284101 0.451232 0.725386 0.095063 0.416190 0.353587 0.686783 0.045521
VERTEX_POSE A347 -0.183590 0.923044 -0.075026 -0.094900 0.632148 -0.164551 0.190431 0.555860 -0.830580 0.391463 -0.336655 -0.471151 -0.314828 0.533539 0.236051 0.817819 0.103072 -0.073194 -0.206272 -0.531408
VERTEX_POSE A348 -0.588049 0.733762 0.477779 0.875604 -0.866853 0.084208 0.315731 0.566409 0.656972 0.308395 -0.506324 -0.600054 -0.174149 -0.532041 0.443725 -0.804932 -0.021908 0.065886 0.356319 -0.373188
VERTEX_POSE A349 -0.188103 0.083524 -0.858896 -0.546957 0.908812 0.357645 0.676217 -0.323891 -0.482979 -0.401527 -0.039304 -0.489222 0.492421 0.509644 -0.038598 -0.190467 -0.610138 -0.630867 0.320547 -0.511414
VERTEX_POSE A350 -0.355236 0.576774 -0.330106 -0.010143 0.399837 0.789192 -0.414557 -0.297640 0.287211 0.108009 -0.021204 -0.012731 -0.067097 -0.648176 -0.024808 0.692652 -0.573029 0.542133 0.576375 0.403071
VERTEX_POSE A351 -0.489125 -0.978018 -0.150748 0.071336 -0.267392 0.470989 0.040806 -0.056777 -0.121226 -0.256121 -0.929956 -0.520322 -0.690985 0.178302 0.495874 -0.651860 0.230730 0.496838 -0.174226 -0.216635
VERTEX_POSE A352 -0.462524 -0.445995 0.173575 -0.422907 0.279928 0.687700 -0.069876 0.513753 0.004045 -0.495431 -0.582621 -0.065098 0.651197 0.050906 0.451247 -0.354729 0.015280 0.564970 0.446962 -0.627524
VERTEX_POSE A353 -0.845065 0.818452 -0.615397 -0.696257 0.678590 0.103775 0.466531 -0.088549 -0.383875 0.519805 0.735131 0.161107 -0.615598 0.517868 0.648865 0.033834 0.416745 0.628402 0.363380 -0.099388
VERTEX_POSE A354 0.358526 -0.255174 0.330509 -0.690725 0.876841 0.379572 -0.582478 0.115702 -0.785024 -0.012686 0.442481 -0.190019 -0.461828 0.346926 -0.428355 -0.068000 -0.772464 -0.141660 -0.665319 -0.271598
VERTEX_POSE A355 0.911684 -0.217199 0.519697 -0.818766 0.013644 -0.236401 0.448881 0.531701 0.208086 0.300295 0.635198 -0.711292 0.521304 -0.339880 0.350400 0.401217 -0.049647 -0.521630 -0.524973 0.442532
VERTEX_POSE A356 -0.127680 0.674463 -0.529323 0.110887 0.659567 0.367997 -0.723297 0.504630 -0.149022 -0.137280 -0.528368 0.689548 -0.091426 -0.416826 -0.021420 0.417369 0.537757 0.605339 0.524823 0.056992
VERTEX_POSE A357 0.443453 -0.811179 0.487741 0.030077 -0.580588 0.733064 0.065067 -0.098214 -0.145854 0.110838 0.747187 0.640768 0.212195 0.271801 0.107994 -0.716010 0.494513 0.138196 -0.652521 -0.337116
VERTEX_POSE A358 -0.685078 0.756605 -0.691538 0.254149 -0.244998 0.584235 -0.442077 -0.418331 0.307905 -0.275735 0.517502 0.339018 0.752207 0.295145 0.572351 -0.085847 0.337147 0.348346 0.394149 -0.597003
VERTEX_POSE A359 -0.509483 0.247630 -0.594444 -0.043988 -0.927548 -0.039041 -0.210311 -0.399609 0.402158 0.160606 -0.567811 0.451262 -0.682342 0.475084 -0.284615 0.467736 0.505522 0.743035 0.495589 0.191430
VERTEX_POSE A360 0.356909 0.503941 -0.423119 0.883795 0.425759 -0.739815 -0.474632 -0.073968 -0.206802 -0.459922 0.199547 0.313564 -0.186315 0.720910 -0.217211 0.073340 0.628380 -0.514201 0.723260 0.200343
VERTEX_POSE A361 -0.982120 -0.453392 -0.268801 -0.878568 0.853741 0.015704 0.630943 -0.414599 0.842764 0.364235 0.352981 0.324540 -0.119926 -0.527983 0.166726 -0.424953 0.434558 -0.395447 0.523714 0.485701
VERTEX_POSE A362 -0.024936 -0.474757 -0.309573 0.908889 0.895977 0.461274 0.650923 -0.455325 -0.603738 -0.266921 -0.545419 -0.367931 0.401019 0.430131 0.454886 -0.516868 -0.230398 0.283606 -0.277641 0.507051
VERTEX_POSE A363 -0.085622 -0.293494 0.400896 -0.698908 -0.933430 0.340788 -0.115591 -0.529172 -0.000799 -0.102453 0.520734 0.079007 0.122209 0.648838 -0.110696 -0.976776 0.076376 0.930251 -0.084354 0.148287
VERTEX_POSE A364 0.834434 0.542378 -0.090474 -0.498576 0.161721 -0.737603 -0.209121 -0.404587 -0.314407 -0.177554 0.429563 -0.177388 -0.691536 -0.076433 0.143182 0.169597 -0.795569 -0.552379 0.646342 0.114077
VERTEX_POSE A365 0.040632 -0.859706 0.335464 -0.243831 0.409812 -0.133413 0.321542 0.445615 -0.102816 -0.353452 -0.381965 -0.692904 -0.425460 -0.254107 -0.182007 -0.520328 0.768374 0.677043 -0.565620 -0.023697
VERTEX_POSE A366 -0.907345 -0.440991 -0.644359 0.309562 -0.627982 -0.280214 0.357929 -0.790242 -0.542802 0.174037 0.331177 -0.365388 -0.662142 0.133601 0.670875 0.122829 0.157155 0.208002 -0.622960 -0.472538
VERTEX_POSE A367 -0.501770 -0.453423 0.959128 -0.804983 0.257120 -0.469311 0.231062 0.816920 -0.185778 0.372661 -0.442278 0.336280 0.794055 0.071137 0.501559 -0.385674 0.298874 -0.616919 -0.168719 -0.206508
VERTEX_POSE A368 -0.574727 0.956077 -0.300124 -0.074305 -0.893305 0.262841 -0.633310 -0.508159 -0.510637 -0.070157 0.155073 -0.726234 0.189560 -0.529078 0.375228 0.678132 -0.507064 -0.044183 -0.313369 -0.425075
VERTEX_POSE A369 -0.193912 -0.117962 0.336822 0.956551 -0.692692 0.630019 0.334080 -0.208274 -0.557435 -0.111243 -0.587256 0.523885 -0.294599 -0.426335 -0.128337 0.821387 -0.370631 0.037631 -0.338453 -0.540947
VERTEX_POSE A370 -0.641101 -0.653758 0.809408 -0.555569 0.447738 -0.651959 0.201263 -0.172628 -0.461161 0.117479 -0.614320 0.183304 0.889165 0.177407 -0.217215 -0.377447 0.334184 -0.530563 0.112302 0.670566
VERTEX_POSE A371 0.282761 0.603268 -0.461116 -0.278552 -0.940370 0.130093 -0.211875 -0.221082 0.892943 0.244677 0.276869 -0.087147 0.197816 -0.603315 -0.421923 0.432377 0.634055 -0.010696 -0.818022 0.329320
VERTEX_POSE A372 -0.961002 -0.262391 0.559208 -0.634436 0.103074 -0.117239 -0.588344 -0.422025 0.734618 0.297550 -0.331999 -0.122272 0.446699 0.541095 -0.643011 0.447562 -0.493134 0.134827 0.406772 -0.419174
VERTEX_POSE A373 -0.465951 -0.044374 -0.507845 -0.943002 -0.320314 0.434198 -0.524858 0.119108 0.506205 -0.439695 -0.113298 -0.690898 -0.710547 0.051760 0.040558 -0.093170 -0.941911 -0.276122 0.132796 -0.288273
VERTEX_POSE A374 -0.086084 0.339095 -0.087122 0.603544 -0.529753 0.427929 -0.407735 0.365950 0.182017 0.281652 0.857921 -0.280818 -0.015429 0.061126 -0.582874 0.518377 0.209458 0.604273 0.696758 -0.287129
VERTEX_POSE A375 -0.477854 -0.317377 0.466660 0.611487 -0.449229 0.725465 0.452690 0.190472 -0.314721 0.637472 -0.663714 -0.042686 0.385931 0.468910 -0.568745 0.004448 0.452259 -0.222169 0.489632 0.314308
VERTEX_POSE A376 0.596553 0.325678 -0.994608 -0.217556 -0.680966 0.450567 -0.581959 -0.557670 0.214191 -0.632068 0.458744 0.327740 0.251822 0.262061 -0.543142 -0.111126 -0.523801 -0.590504 -0.431335 0.368122
VERTEX_POSE A377 0.349147 -0.064983 -0.342728 0.032988 0.312574 0.453550 -0.461209 0.653195 -0.541940 -0.394036 0.341959 -0.380567 -0.546433 -0.118689 0.566714 -0.479998 -0.439333 -0.186004 -0.320989 -0.499299
VERTEX_POSE A378 0.338556 -0.394333 -0.608366 -0.483412 -0.817081 -0.365309 0.758140 0.516296 -0.310057 0.093564 -0.515308 0.120211 -0.253066 0.531195 0.224667 0.534948 -0.424912 0.839934 0.257404 0.071959
VERTEX_POSE A379 -0.991496 0.059440 0.483171 -0.341952 -0.547818 0.267393 0.372975 0.191359 0.775617 0.171172 0.393717 0.413289 -0.772848 -0.010237 0.241667 -0.206560 -0.636175 -0.312582 -0.437754 0.635253
VERTEX_POSE A380 -0.838956 -0.981459 -0.201624 0.486031 0.221386 -0.560175 0.343551 -0.448295 0.460208 0.632112 -0.329613 0.284780 -0.406005 -0.803077 -0.388712 0.424743 -0.084997 -0.492154 -0.370352 -0.195524
VERTEX_POSE A381 0.983320 -0.817559 0.061527 0.506445 0.582756 -0.234591 -0.600429 0.712192 -0.334820 0.255751 0.370493 0.505146 0.595154 0.570054 0.447413 -0.255005 -0.138818 -0.614419 0.393497 -0.106232
VERTEX_POSE A382 -0.480622 0.081423 -0.667577 0.729384 0.184790 0.395649 0.581906 0.521290 -0.688985 0.356683 -0.356792 0.122924 -0.708300 0.057746 0.553383 0.141437 -0.704546 0.217760 0.111667 -0.318178
VERTEX_POSE A383 -0.301480 -0.427454 0.971951 -0.936876 -0.498686 -0.621470 0.500157 0.522133 -0.626723 -0.057200 -0.281883 0.033412 -0.067815 -0.001987 0.468414 0.619425 0.281036 -0.021547 0.598569 -0.754277
VERTEX_POSE A384 -0.861746 -0.999107 0.446130 0.810188 0.261346 -0.076121 0.034288 -0.531802 0.303008 -0.334903 0.586869 -0.226242 0.495545 0.598657 0.394144 -0.592135 0.033472 0.834180 0.538958 -0.115154
VERTEX_POSE A385 0.877904 0.826249 0.662931 -0.961341 0.061630 -0.235480 0.486126 0.664823 0.511206 -0.138985 0.515631 0.500602 -0.524319 0.101138 -0.251804 -0.329430 0.529433 -0.607627 -0.600775 0.040087
VERTEX_POSE A386 -0.389796 0.355347 0.491648 -0.755642 0.514957 -0.483100 -0.189511 0.587584 0.184165 0.590821 0.402848 -0.408913 -0.496394 -0.259131 0.536594 -0.183446 -0.348150 0.526835 -0.578754 0.551453
VERTEX_POSE A387 0.010574 0.675356 0.916807 -0.078925 -0.079086 -0.387314 -0.511096 -0.258726 0.090366 -0.450062 -0.534279 0.669738 -0.536589 0.051437 -0.627098 -0.319441 0.131898 0.004625 0.382432 -0.792189
VERTEX_POSE A388 0.321358 -0.984930 0.150672 0.068736 0.481042 0.517162 0.302085 -0.491549 0.640507 0.146162 0.366174 -0.391778 0.647964 0.493082 0.106644 0.662791 -0.189832 0.396776 -0.168027 0.587478
VERTEX_POSE A389 -0.074874 0.111952 0.800109 0.498507 -0.730041 0.330155 -0.656133 0.564223 -0.644204 -0.078171 -0.084779 -0.614897 0.107583 0.598161 0.288952 0.688019 0.224944 -0.120030 -0.280061 -0.515818
VERTEX_POSE A390 0.501091 -0.077014 -0.677637 0.877087 -0.006635 -0.481648 -0.046036 0.727025 -0.010363 -0.180594 -0.468554 -0.405075 0.101799 -0.457650 0.277329 0.920500 0.064741 -0.725886 0.327999 -0.195592
VERTEX_POSE A391 -0.321734 0.519011 0.727554 -0.047469 -0.093199 0.137027 0.441830 -0.463059 -0.064654 -0.123787 -0.607235 0.016602 0.573621 -0.381226 -0.345256 0.659066 0.476590 0.926049 0.161413 0.210643
VERTEX_POSE A392 -0.056994 0.658560 -0.468692 0.619939 -0.876299 -0.535306 0.207597 -0.490836 -0.497432 0.473722 0.517381 -0.595618 -0.296914 -0.331370 0.253210 -0.016994 -0.532961 -0.217100 -0.802524 0.312319
VERTEX_POSE A393 -0.523845 0.448230 0.012790 0.785976 -0.110658 -0.589390 0.464982 0.211808 0.003669 0.515664 -0.580371 0.211995 0.698926 0.193226 0.327457 0.008833 -0.638072 0.707415 0.171190 0.416934
VERTEX_POSE A394 0.592644 -0.774483 0.128450 0.253622 -0.026629 -0.562063 0.143316 -0.062708 -0.654341 0.065462 -0.299792 -0.037151 -0.928049 0.140804 0.086903 -0.253173 -0.892727 0.496981 0.223168 -0.299007
VERTEX_POSE A395 -0.222560 0.200938 0.440835 -0.878637 0.285422 -0.259829 0.407608 -0.642337 0.562185 0.576857 0.430881 -0.418059 0.095817 0.545492 0.485403 0.246604 -0.317200 0.453924 -0.656580 -0.059734
VERTEX_POSE A396 0.516787 0.588524 -0.651745 -0.457855 -0.700846 -0.581713 0.685598 -0.164726 0.360931 0.142547 0.237751 -0.053590 -0.053280 0.848796 0.726861 0.482493 -0.180739 -0.011822 0.523448 0.404002
VERTEX_POSE A397 0.685300 -0.215474 0.484092 -0.436816 0.345389 0.588425 -0.648912 0.090496 -0.223912 0.297958 0.712093 -0.496307 -0.158339 -0.205098 0.424113 0.237387 0.474049 -0.421221 -0.639304 0.466848
VERTEX_POSE A398 0.275669 0.747515 0.399963 -0.683620 -0.457459 -0.749687 -0.331288 -0.496356 0.087338 0.580200 -0.053848 0.546806 -0.235835 -0.640941 -0.251824 -0.052920 0.450415 0.260631 -0.703703 0.370205
VERTEX_POSE A399 0.942061 0.544601 0.048131 0.467840 -0.594151 0.091546 0.682886 -0.370032 -0.335778 0.414437 0.736807 -0.398387 -0.213093 0.305908 0.399206 -0.500947 0.196596 -0.748862 -0.256030 -0.433546
VERTEX_POSE A400 -0.508612 0.666564 -0.179087 -0.480265 0.652698 -0.617628 -0.458951 0.294782 0.568374 -0.141027 -0.183235 -0.471358 0.265742 -0.816681 0.063075 0.695966 0.189371 -0.263304 0.463128 0.420357
VERTEX_POSE A401 0.634568 -0.906243 0.209372 -0.239188 0.990280 0.512780 0.331517 0.081069 -0.374605 -0.570221 -0.406061 0.242457 -0.385078 0.671009 0.657387 -0.580826 -0.268282 0.325245 0.281603 -0.553456
VERTEX_POSE A402 0.224822 0.147869 0.587015 -0.810712 -0.534521 -0.384862 -0.542759 0.027811 0.070029 -0.584904 0.662278 0.893087 -0.267472 -0.092428 -0.085539 0.279171 0.576330 -0.205075 -0.462410 -0.468950
VERTEX_POSE A403 -0.469614 -0.595827 -0.619879 -0.114701 -0.244228 -0.448990 -0.548613 -0.488649 -0.369354 0.631524 0.040522 -0.607832 -0.243754 0.141980 0.451698 -0.034576 -0.639857 -0.297480 0.489478 -0.574461
VERTEX_POSE A404 -0.831383 0.049383 0.701526 -0.182191 -0.330034 0.773815 -0.357225 -0.071060 -0.132312 -0.665704 0.570729 0.532491 -0.025418 -0.145560 0.195495 0.509805 0.040506 0.248876 0.410708 0.803984
VERTEX_POSE A405 -0.861262 -0.513036 -0.500107 0.792831 -0.064273 -0.329559 0.177401 -0.199819 0.290261 0.772725 0.159363 -0.454187 0.232435 -0.761360 0.516825 0.364032 -0.335974 -0.577706 0.429976 0.492066
VERTEX_POSE A406 0.052532 0.086796 0.846781 -0.503214 0.306543 -0.093178 0.557814 -0.237187 -0.320915 0.048408 -0.788516 -0.698904 -0.499654 -0.078720 -0.591428 0.243863 0.561868 0.223781 -0.614310 0.009563
VERTEX_POSE A407 0.765170 -0.624939 0.706918 0.600253 -0.011000 0.189862 0.837628 -0.326313 -0.526555 -0.283832 -0.560598 -0.689065 0.209088 0.522717 0.460139 -0.351236 0.288629 -0.012406 0.225241 0.471922
VERTEX_POSE A408 0.487885 0.421981 0.157164 -0.174181 -0.751699 -0.328390 0.357735 -0.085619 -0.427981 0.483402 0.636063 -0.550410 -0.525874 -0.258857 0.413294 0.491460 -0.432412 0.485004 -0.346802 0.578019
VERTEX_POSE A409 -0.608912 0.692463 -0.761585 0.013374 0.489463 -0.616659 -0.605636 -0.421352 0.240009 -0.418913 0.638768 -0.645585 0.224854 0.504673 0.113654 0.418399 -0.380919 0.363908 -0.481767 -0.121015
VERTEX_POSE A410 0.773674 0.434501 0.190089 -0.741699 0.441182 0.522180 -0.185279 -0.159027 0.307551 -0.825281 0.034577 0.373736 0.445051 0.314504 -0.545181 -0.119923 -0.538094 0.442538 0.268572 -0.764890
VERTEX_POSE A411 0.648929 0.440522 0.955540 -0.688149 0.469687 -0.182917 -0.059154 -0.715412 0.671138 -0.616244 0.128926 0.699772 0.427641 -0.341772 -0.133350 -0.618806 -0.441871 -0.093017 -0.225714 0.399382
VERTEX_POSE A412 -0.625593 0.874905 0.299942 -0.480181 0.072219 -0.343375 0.197945 -0.255154 0.736363 -0.022179 -0.047287 0.321475 -0.406455 0.557123 0.180027 0.883039 0.407270 -0.451782 -0.123943 0.675578
VERTEX_POSE A413 -0.706948 -0.484076 0.522512 0.987685 -0.374028 0.387375 0.611457 -0.356375 -0.361633 0.398744 0.777304 -0.509874 0.604668 -0.344840 0.055731 0.010955 -0.114695 0.675340 0.318402 0.369764
VERTEX_POSE A414 -0.652551 -0.986932 0.927491 -0.625025 0.971001 0.108107 -0.007337 0.598956 0.620696 0.763303 0.009243 0.308627 -0.353422 0.670590 0.560515 -0.511480 -0.429570 0.440024 -0.175486 -0.083336
VERTEX_POSE A415 -0.487339 0.875798 -0.253928 -0.669993 -0.666435 -0.394603 0.514442 0.208379 0.650684 0.473764 0.500310 -0.435643 0.235309 0.488491 -0.233939 0.592399 -0.563958 0.419985 0.323405 -0.386776
VERTEX_POSE A416 -0.829043 -0.657827 0.185443 -0.973657 0.687602 0.049867 -0.424258 -0.749822 -0.745125 0.396744 0.035500 -0.234217 0.337662 -0.641962 -0.352503 -0.673044 0.137421 -0.513017 -0.309184 0.074215
VERTEX_POSE A417 -0.042347 0.368415 0.419138 -0.380667 0.485958 0.528193 -0.584146 0.289728 -0.436517 -0.318488 0.368317 0.327117 0.665966 0.648122 -0.312005 0.324423 -0.298518 0.571063 0.092615 -0.520794
VERTEX_POSE A418 0.523235 0.551154 -0.337121 0.251082 0.254478 -0.252513 -0.283661 0.313669 -0.377986 -0.749408 -0.122846 0.701356 -0.401915 0.572993 0.426256 -0.369687 -0.727384 0.346078 0.244377 -0.170621
VERTEX_POSE A419 0.492314 -0.642758 -0.663884 0.095079 0.168644 0.266185 -0.292140 -0.699741 -0.539163 0.171862 -0.655106 -0.184016 -0.308347 -0.111186 -0.600178 -0.670253 0.251943 0.494342 -0.583781 -0.073224
VERTEX_POSE A420 0.882779 -0.519632 0.219248 -0.882160 0.755917 0.770795 -0.631336 0.060167 -0.345009 -0.406232 -0.495509 -0.230895 -0.342197 -0.030570 -0.395208 -0.387108 0.800399 -0.278105 -0.411630 -0.330572
VERTEX_POSE A421 0.024326 -0.525860 -0.014758 0.128169 -0.752156 -0.499198 0.405118 0.655897 0.026417 0.657006 -0.410808 -0.711294 -0.441336 -0.434121 -0.253805 0.456600 -0.422915 -0.423965 0.031026 0.183624
VERTEX_POSE A422 -0.829420 0.876253 -0.936331 -0.952390 -0.924555 0.012059 -0.563251 0.174191 0.588774 0.350076 0.265660 -0.311457 -0.556124 0.177283 0.200618 -0.098282 0.849911 0.718295 -0.491184 -0.381188
VERTEX_POSE A423 -0.174215 -0.861073 0.750556 0.737779 0.879618 0.513431 0.278966 -0.646052 0.390301 -0.138167 -0.359451 -0.516817 -0.023371 -0.557949 0.307108 -0.880022 0.019564 0.471846 0.357914 0.376460
VERTEX_POSE A424 0.500481 0.922369 0.998033 -0.085855 0.137186 -0.555897 -0.516867 0.402063 -0.388032 -0.344025 -0.671514 0.095616 -0.605449 0.089571 -0.720781 0.492355 0.153002 -0.108361 0.074258 -0.596642
VERTEX_POSE A425 0.763225 -0.898230 0.192120 0.301232 0.048816 -0.796584 -0.169456 -0.084606 -0.381247 0.353661 0.164781 -0.115751 0.373992 -0.891342 0.264048 0.734902 0.138465 -0.370114 0.407748 0.389904
VERTEX_POSE A426 0.603225 0.339865 0.191391 0.859142 0.165040 -0.175469 -0.237609 0.646678 0.717676 0.587808 0.079593 -0.659971 0.635872 -0.233533 -0.079263 -0.057029 0.350434 0.110938 -0.436392 -0.630976
VERTEX_POSE A427 0.017268 0.510893 -0.653713 0.456290 0.436340 0.519744 -0.239084 0.511985 -0.560615 -0.740451 -0.029849 -0.075774 0.410339 -0.527539 -0.428958 0.087693 0.002249 0.475216 -0.467443 -0.677257
VERTEX_POSE A428 0.448524 -0.113704 -0.323789 0.864416 -0.605795 0.340908 -0.496944 -0.615434 -0.528389 -0.265886 0.231449 -0.595851 0.474635 -0.411272 -0.228515 -0.054156 -0.619268 -0.444216 -0.673900 0.122615
VERTEX_POSE A429 -0.121106 0.087380 -0.408645 -0.824477 0.707581 0.025755 0.775003 0.379574 0.634697 -0.274625 -0.268028 -0.742311 -0.339199 0.013994 -0.052024 0.104172 -0.561882 -0.206795 0.445021 -0.684235
VERTEX_POSE A430 -0.040671 0.055494 0.394418 -0.075870 0.842189 0.175159 0.510690 0.771937 0.601818 -0.138201 -0.005217 0.072867 -0.100910 0.431271 -0.543782 0.599951 -0.149494 0.553286 0.591584 -0.442428
VERTEX_POSE A431 0.939912 -0.447140 0.497124 -0.615848 -0.953097 -0.363262 -0.383081 0.455811 0.573423 -0.710236 -0.148186 0.521296 -0.014349 0.620868 -0.288866 -0.508555 -0.422059 -0.428992 -0.299966 0.454606
VERTEX_POSE A432 -0.486537 0.181137 0.800726 -0.063665 0.697860 -0.554071 0.088229 0.568989 -0.344324 0.632077 -0.278811 0.707932 0.562449 0.356912 -0.210635 0.253081 0.520145 0.170032 -0.460755 0.447862
VERTEX_POSE A433 -0.815849 -0.796637 -0.018567 0.113418 -0.692331 0.297691 -0.161151 -0.240251 0.652534 0.344681 0.599114 0.178936 0.679530 -0.238367 -0.306703 -0.193247 0.719567 0.599579 -0.596759 -0.093525
VERTEX_POSE A434 -0.529703 -0.042967 0.877246 0.269451 -0.197325 0.604117 0.567309 0.391559 -0.365924 0.767773 -0.410845 0.187293 0.249263 0.081600 0.429637 -0.128141 0.071751 0.530542 -0.100663 -0.816138
VERTEX_POSE A435 -0.317920 -0.769480 0.502253 0.754144 -0.632174 -0.042143 0.172452 -0.191334 0.040330 -0.690608 0.571133 -0.632716 -0.448546 -0.596931 -0.191687 0.500422 0.107279 0.748013 -0.204218 -0.519002
VERTEX_POSE A436 -0.677112 -0.309673 0.481325 -0.093751 0.243395 -0.414171 -0.372539 -0.007739 -0.656431 0.675006 0.269329 -0.520405 -0.141768 -0.712104 -0.216716 -0.253593 0.604860 0.282442 0.566722 -0.233355
VERTEX_POSE A437 0.522829 -0.956171 0.724027 0.766237 -0.890781 -0.582206 -0.693088 0.187815 0.222924 -0.425578 -0.676057 -0.200458 0.255257 -0.669845 0.465477 0.102598 0.241843 -0.595389 0.512669 -0.022183
VERTEX_POSE A438 -0.552750 -0.394419 0.209171 0.354397 0.356827 0.548032 0.170061 0.551502 -0.093715 -0.148238 -0.279388 -0.491977 0.432387 0.629759 -0.300213 0.696962 -0.407274 -0.598923 -0.525728 0.235199
VERTEX_POSE A439 0.810773 -0.887692 -0.361510 0.732069 0.491696 -0.496823 0.076929 0.515931 -0.566140 -0.693247 -0.183732 -0.292382 0.609745 -0.520074 0.164067 0.136902 0.629619 0.565904 -0.350655 -0.182100
VERTEX_POSE A440 0.913916 0.736293 0.962442 -0.220390 0.598681 0.311828 -0.654146 0.686769 -0.052921 -0.650126 -0.557125 -0.659508 -0.231896 0.082066 0.236529 0.297637 0.246925 0.639582 -0.084057 -0.387626
VERTEX_POSE A441 -0.779076 -0.959917 -0.600740 0.612698 -0.201991 -0.113677 -0.236125 -0.733054 0.585825 0.715694 -0.303495 0.133113 -0.184946 -0.546610 -0.588545 0.621961 -0.047175 -0.528944 0.104817 -0.263657
VERTEX_POSE A442 0.459702 0.552830 -0.405970 -0.956081 -0.038617 -0.333819 -0.215362 0.443083 -0.032338 -0.732897 -0.625905 -0.015236 -0.478842 0.611314 -0.351805 -0.347554 0.066877 0.873796 -0.257679 0.183694
VERTEX_POSE A443 -0.711676 0.611197 0.262384 0.299429 -0.329100 -0.385705 -0.386823 -0.490653 0.419195 0.592008 -0.053881 -0.079493 0.272541 0.414766 -0.707656 0.164858 0.515985 0.410378 -0.631220 0.563991
VERTEX_POSE A444 -0.486024 -0.443993 0.921771 0.600383 0.423980 0.242405 0.574140 0.173608 -0.026442 0.571113 0.151889 0.734858 -0.112851 -0.615663 -0.618848 -0.056180 -0.562151 -0.132485 0.572976 -0.501733
VERTEX_POSE A445 0.807151 0.565898 -0.478480 -0.581106 -0.067616 -0.186825 0.268725 -0.624753 -0.089165 -0.569624 0.500190 -0.524724 -0.139823 0.032888 0.500372 0.549316 0.433027 -0.656840 0.531053 0.413400
VERTEX_POSE A446 -0.199015 0.486995 -0.991544 0.629436 0.004465 0.519203 0.403863 -0.492358 0.104571 -0.513077 0.315003 -0.025602 0.127326 0.605783 -0.599714 -0.384704 -0.524542 -0.599316 0.639873 0.127433
VERTEX_POSE A447 -0.315067 -0.101820 0.107215 0.626726 0.111582 -0.674852 0.289734 -0.593855 -0.035122 0.509437 0.193794 0.032515 -0.522188 0.104354 -0.415800 0.264691 0.762520 0.607778 0.560166 -0.132113
VERTEX_POSE A448 -0.235195 -0.065686 0.940659 0.038227 -0.581658 0.727672 0.469751 -0.405887 -0.159776 -0.282517 -0.675809 0.110486 -0.056338 -0.404185 0.553141 -0.161263 0.459651 -0.356080 0.818742 0.062403
VERTEX_POSE A449 -0.675780 0.038149 -0.328664 -0.119483 -0.741057 0.729669 0.259730 0.062327 0.424326 -0.045602 -0.454664 0.038450 0.652103 -0.502340 -0.530295 0.441271 -0.222891 0.069565 0.557227 0.698119
VERTEX_POSE A450 -0.822753 0.255422 0.443330 -0.278195 -0.719774 0.649383 -0.235195 0.487598 -0.165810 -0.564822 -0.470342 0.230435 -0.703174 0.069884 -0.490719 -0.087552 0.724000 0.506856 0.351482 -0.109397
VERTEX_POSE A451 -0.352416 0.414681 0.159907 0.156066 -0.825740 0.472227 -0.408372 0.483684 0.012658 -0.618443 -0.450134 -0.556132 0.322496 0.300920 0.355350 0.122537 0.541349 -0.584196 -0.575970 0.424049
VERTEX_POSE A452 0.348546 0.512289 0.656578 -0.991314 -0.493213 0.528500 0.155269 -0.290864 0.573551 0.075750 -0.344797 -0.568192 -0.187483 -0.696485 -0.083292 0.652011 -0.450956 0.248893 -0.714062 -0.328725
VERTEX_POSE A453 -0.652173 0.131675 0.507000 -0.230585 -0.644329 0.254789 0.516062 -0.054069 0.514117 -0.155559 -0.471532 -0.437635 0.406227 0.410769 0.539924 -0.305225 0.777570 0.433271 0.671788 0.037244
VERTEX_POSE A454 0.473369 0.553609 -0.089537 -0.106154 -0.946122 0.031064 -0.254435 -0.218868 -0.283486 0.276734 -0.769305 0.632288 0.165538 -0.512668 0.481271 -0.695109 -0.096193 -0.535967 -0.590002 -0.296959
VERTEX_POSE A455 -0.150974 0.434658 0.654611 -0.077169 0.643973 -0.574122 0.456153 0.662426 -0.797764 -0.125717 -0.576444 -0.130268 -0.678075 0.304105 0.126554 0.541399 -0.346842 -0.031156 -0.152383 -0.126983
VERTEX_POSE A456 -0.888948 0.233445 -0.300881 -0.929353 0.404487 -0.423390 -0.121035 0.186056 0.493223 0.501547 0.523644 0.554267 0.164038 -0.659648 0.319665 -0.761483 -0.061845 -0.409969 0.356420 -0.502214
VERTEX_POSE A457 0.076594 -0.106526 -0.898146 -0.247012 0.218917 0.170844 0.385899 -0.480297 -0.284977 -0.582668 0.275311 -0.262433 -0.566909 -0.497428 0.754828 -0.285794 0.396441 0.500963 -0.329417 -0.537511
VERTEX_POSE A458 0.866295 -0.054449 -0.999102 -0.620878 0.080312 -0.366237 0.532016 0.364738 0.579988 0.242303 -0.501108 0.532788 0.604055 0.348104 0.495045 -0.541300 0.505477 0.023479 0.018988 -0.489053
VERTEX_POSE A459 0.559576 -0.880259 0.375330 0.935064 0.798692 0.023525 0.617616 0.466379 0.466033 -0.492826 -0.077041 0.635100 -0.215107 0.473247 0.176697 0.215155 0.439870 -0.589650 -0.532081 0.599255
VERTEX_POSE A460 0.955489 0.980854 -0.306791 -0.071489 -0.073502 -0.175900 0.132009 0.649871 -0.673464 0.198942 -0.305476 -0.501197 0.522187 0.049783 0.060702 0.017109 -0.692521 -0.510513 -0.818550 0.047847
VERTEX_POSE A461 -0.174376 -0.998955 0.395316 0.303252 -0.077498 0.280452 -0.245633 -0.805147 -0.457423 -0.448866 0.158283 0.279079 0.683265 0.203070 0.796307 -0.415138 0.309332 -0.010994 -0.314631 0.435616
VERTEX_POSE A462 0.499488 -0.327399 -0.127545 -0.680784 0.845595 0.332803 -0.485707 0.048415 -0.101945 0.475679 -0.526601 -0.470349 -0.258895 0.567600 0.808524 0.056406 0.197517 0.062532 0.683821 0.599304
VERTEX_POSE A463 -0.531049 0.161991 -0.506065 0.864845 -0.375641 0.516556 -0.198383 -0.399586 0.418323 0.895268 0.139819 -0.068198 -0.119302 0.860841 0.705894 -0.339717 0.279621 0.235030 -0.171754 0.039329
VERTEX_POSE A464 0.009774 -0.795591 -0.623251 -0.583330 0.230170 -0.092470 -0.602060 0.226421 0.499093 -0.196874 0.710337 -0.504814 -0.326582 0.353721 0.245167 0.574549 0.408336 -0.653767 0.402495 0.390253
VERTEX_POSE A465 0.969785 0.629634 -0.250299 0.588666 -0.351730 0.354515 -0.664041 -0.362439 -0.697041 -0.281961 -0.533791 -0.530288 -0.269856 0.337665 -0.327454 0.326036 0.187740 -0.004624 -0.548111 0.659121
VERTEX_POSE A466 0.151031 0.392512 0.996188 0.618989 -0.007815 0.344903 0.130788 0.622364 -0.001956 -0.508531 0.572479 0.340734 -0.774908 -0.405946 0.308826 -0.144443 0.283777 -0.818269 -0.320849 0.199022
VERTEX_POSE A467 0.332662 -0.105264 0.858075 0.322919 -0.526434 -0.259205 -0.599083 0.198501 -0.343692 -0.366032 0.611329 -0.860718 0.488497 -0.066711 -0.219766 -0.458273 -0.528235 -0.159864 -0.241820 -0.550810
VERTEX_POSE A468 0.492614 0.673463 -0.526272 0.354903 -0.242511 -0.061667 0.124183 -0.372032 0.898395 -0.172690 -0.026289 -0.202786 -0.342728 -0.810606 0.285430 -0.411472 -0.214803 0.257857 0.817304 -0.397089
VERTEX_POSE A469 0.598281 0.998093 0.205358 -0.026614 -0.650988 -0.435300 0.525428 -0.539634 -0.821389 -0.290289 0.380912 -0.302933 -0.419822 -0.377938 -0.061572 0.377910 0.648517 0.200686 -0.566208 0.017016
VERTEX_POSE A470 0.143436 0.007044 -0.503436 0.054988 0.965262 0.416605 -0.579801 0.171833 0.427338 -0.388750 -0.620437 -0.617901 -0.414694 -0.481664 -0.390511 0.099630 -0.206132 -0.330939 -0.575158 0.557710
VERTEX_POSE A471 0.406531 0.409756 -0.563830 -0.865487 -0.643830 0.137073 0.495136 -0.554267 -0.612271 0.174533 -0.193432 0.229343 0.475635 -0.384053 -0.620434 -0.307664 -0.443129 -0.410852 0.635211 0.558133
VERTEX_POSE A472 0.819205 -0.961824 0.604618 -0.413916 0.147021 0.556078 -0.025348 -0.704729 0.497861 -0.455175 -0.037098 -0.213696 -0.506717 -0.164954 0.324041 -0.493152 0.603810 0.540595 0.540566 0.331940
VERTEX_POSE A473 -0.396862 -0.440126 0.090594 0.098908 -0.073355 -0.214647 -0.328086 0.307820 -0.784356 0.525232 -0.300869 -0.371610 -0.242613 0.234833 -0.225993 -0.708456 -0.642306 0.386710 0.236051 -0.589086
VERTEX_POSE A474 0.694854 0.020953 0.698554 0.433942 0.027070 0.692374 0.002309 0.632626 -0.301456 0.594318 0.177191 -0.465155 -0.018190 0.120068 0.385118 0.700484 -0.473064 -0.255063 0.394681 0.574614
VERTEX_POSE A475 -0.666819 -0.405818 0.526390 -0.813533 -0.428999 -0.278358 -0.137502 0.260211 -0.259363 0.690340 -0.173983 0.730529 0.451364 -0.228227 0.538438 -0.179709 0.593494 0.177931 -0.518169 -0.705477
VERTEX_POSE A476 -0.589711 -0.874228 0.612114 0.517802 0.859029 0.023855 -0.825703 -0.424757 -0.031460 -0.055254 -0.124445 0.206992 0.138772 -0.750093 -0.431788 0.492793 -0.488155 0.877014 0.230345 -0.056213
VERTEX_POSE A477 -0.504161 -0.492052 0.707010 0.063378 -0.968465 -0.006526 -0.481796 0.262967 -0.142590 0.283413 0.547114 0.808331 0.497786 -0.052655 0.569200 -0.622430 0.276601 -0.047300 0.228781 0.743124
VERTEX_POSE A478 0.018114 0.492362 -0.366396 0.813194 0.682583 -0.531938 0.351676 -0.466739 -0.450704 0.466530 0.748384 -0.396078 -0.524140 0.203030 0.596564 0.347109 0.265204 0.033775 -0.513289 0.332448
VERTEX_POSE A479 0.175094 0.060086 0.552773 -0.443971 -0.722629 -0.217686 0.924891 -0.277466 0.557414 -0.119109 -0.650484 -0.293088 -0.033042 0.417236 -0.299854 -0.228581 -0.190782 0.682708 0.277576 0.537958
VERTEX_POSE A480 -0.179942 0.546097 -0.621654 0.943895 -0.709522 0.426133 0.539503 -0.352208 0.133479 -0.384265 -0.366500 0.354348 -0.434851 -0.612544 -0.818620 -0.022144 -0.476329 0.069952 -0.609665 0.373533
VERTEX_POSE A481 0.195360 -0.252216 -0.923066 -0.465001 0.962810 -0.430227 0.240951 0.836342 0.634465 0.275017 0.376370 0.329247 -0.619879 0.386650 -0.101703 0.595105 -0.092421 -0.541860 -0.357642 0.028936
VERTEX_POSE A482 0.822678 -0.525232 -0.287320 0.712095 -0.548369 -0.190042 -0.121003 -0.385042 -0.439501 0.385611 0.759210 0.611567 -0.528985 0.516985 0.425191 0.499977 -0.071488 -0.464673 -0.553949 0.054394
VERTEX_POSE A483 -0.831396 0.058386 -0.965076 0.952581 -0.202735 -0.126904 0.560157 0.400973 0.490491 0.147253 0.395198 -0.469789 0.203900 -0.581775 0.340704 -0.624781 -0.170765 0.637599 0.482301 -0.561619
VERTEX_POSE A484 0.543187 0.879459 0.583934 0.304414 -0.681520 -0.632008 0.154918 -0.416019 -0.493409 0.585040 0.163360 0.098708 0.564316 0.285033 -0.507535 -0.489041 -0.083490 -0.299630 -0.275892 0.843817
VERTEX_POSE A485 0.296047 -0.971624 0.623142 -0.394059 -0.494492 0.151028 0.530671 0.485242 -0.751846 -0.413780 -0.026007 -0.073377 0.341509 -0.430912 -0.531628 0.303672 0.568473 -0.352002 0.581660 -0.504992
VERTEX_POSE A486 0.017630 -0.506955 0.689535 -0.124588 -0.558762 0.129244 0.272529 0.341326 -0.057370 0.354137 0.709768 -0.369807 -0.719962 0.530088 -0.916611 0.279424 -0.223516 -0.055432 0.451544 0.220849
VERTEX_POSE A487 0.654239 0.112905 -0.716947 0.375061 0.722967 0.374648 -0.175620 0.836348 0.013520 -0.565097 0.217308 -0.399491 -0.725634 -0.168881 -0.260198 0.306055 0.256600 0.795085 -0.172074 -0.398667
VERTEX_POSE A488 -0.627359 -0.078150 0.724997 0.358929 0.724426 -0.017937 -0.518780 0.644939 0.097242 -0.613443 -0.706490 -0.795839 0.105850 -0.227621 0.597049 0.243164 -0.171033 -0.019871 0.533124 -0.062138
VERTEX_POSE A489 -0.116075 0.438596 0.690433 0.254534 0.521550 -0.422419 0.631178 0.094415 0.205858 -0.154814 -0.664790 0.829863 0.086111 0.294679 0.273681 0.674946 0.061379 0.124944 0.338644 -0.677153
VERTEX_POSE A490 0.213815 0.232646 0.658384 0.310125 0.521659 -0.114038 0.292376 -0.243688 -0.230082 0.697745 -0.550020 0.514067 -0.394847 -0.719823 -0.751888 -0.369926 -0.153402 -0.323199 -0.367314 -0.310511
VERTEX_POSE A491 -0.671870 -0.097296 -0.581795 -0.712561 -0.349076 0.181103 0.492091 -0.507034 0.071064 0.404857 0.741100 0.008768 0.760039 -0.052659 -0.719445 0.101548 -0.325344 -0.666689 0.077241 0.291659
VERTEX_POSE A492 0.709549 0.439642 0.085749 -0.442214 -0.555948 0.335496 -0.371340 0.006287 -0.251600 -0.746342 0.040835 -0.403771 0.461650 0.472150 -0.423684 -0.303156 0.594591 0.693974 -0.007548 0.649483
VERTEX_POSE A493 -0.286697 0.905247 -0.469161 0.629341 0.367253 0.640410 0.436962 -0.076108 -0.205523 0.313945 -0.539986 -0.100483 0.806813 0.392276 0.510898 -0.243307 0.509145 -0.525853 0.018896 0.538066
VERTEX_POSE A494 -0.202919 -0.935305 -0.087860 -0.847716 0.275283 -0.128537 0.588144 0.699685 0.768144 -0.237571 0.271720 -0.141040 0.308409 0.155549 -0.525434 -0.684191 0.454111 -0.312186 0.185507 -0.454088
VERTEX_POSE A495 -0.280677 0.644050 0.462499 -0.025544 0.674222 0.184865 -0.496891 0.509356 0.242280 -0.279315 -0.655500 -0.653980 -0.533846 0.193762 0.649943 -0.450595 0.106397 -0.238765 -0.432500 -0.511871
VERTEX_POSE A496 -0.316912 0.534880 0.280540 0.218007 -0.984477 -0.216409 0.619433 -0.223780 0.780061 0.173753 0.544619 -0.395795 0.444052 0.565053 0.043999 -0.433632 -0.109394 -0.431373 -0.448212 0.567504
VERTEX_POSE A497 0.948112 0.457207 -0.091672 0.771273 -0.732532 -0.480865 -0.583937 -0.599608 0.414017 -0.528424 0.297217 -0.307750 -0.357699 0.229685 -0.521407 0.476135 0.002334 -0.480400 -0.158534 0.706663
VERTEX_POSE A498 -0.948015 -0.461214 0.320573 -0.702625 -0.852212 0.845075 0.341304 0.407458 0.010715 0.323358 -0.326597 0.394037 -0.436723 -0.532810 0.220371 0.345550 -0.663730 -0.286191 0.684704 -0.053743
VERTEX_POSE A499 -0.824298 0.208344 0.754267 -0.427091 -0.226988 0.389879 -0.341390 0.566063 0.521584 -0.461313 0.146599 -0.500454 -0.510303 -0.046288 -0.551432 -0.355899 0.392971 0.146331 -0.532514 -0.708175
VERTEX_POSE A500 0.546394 0.455300 -0.886314 -0.255340 -0.383520 -0.302952 0.497415 -0.380706 0.489777 0.591492 -0.439463 -0.404703 0.343818 0.445137 0.199353 -0.511898 -0.422321 -0.681772 -0.149883 -0.534259
VERTEX_POSE A501 0.195421 0.545830 0.817138 0.352364 -0.886951 0.457961 -0.773540 -0.233499 -0.009937 -0.411149 0.640359 -0.150151 -0.073863 0.675966 -0.804176 -0.465614 -0.278838 -0.347748 0.101685 0.027149
VERTEX_POSE A502 0.582233 -0.381900 -0.809563 -0.292577 0.129182 0.533529 0.604446 0.011606 0.034844 -0.125463 0.798440 0.342819 0.426090 0.293735 -0.262658 -0.055214 0.525413 0.726374 -0.659016 0.004533
VERTEX_POSE A503 0.365598 0.493475 0.718305 0.330744 0.763501 -0.418166 -0.052052 -0.470945 0.384036 -0.479864 0.415518 -0.455618 -0.819862 -0.008517 -0.516702 0.238958 0.773261 0.450650 -0.194287 0.086891
VERTEX_POSE A504 0.798559 -0.894295 -0.092268 -0.548729 0.039694 0.126663 -0.698600 0.685269 0.550550 0.560806 0.523530 0.562261 0.024543 -0.146489 0.556807 -0.440963 -0.448423 0.233837 0.049037 -0.183795
VERTEX_POSE A505 0.277087 0.639053 0.888991 -0.858635 -0.843749 -0.477534 0.558673 -0.646006 0.451681 -0.448539 -0.727977 -0.141272 -0.020752 -0.194341 0.623870 0.691825 0.057508 0.398465 0.087439 -0.107936
VERTEX_POSE A506 0.698779 -0.912343 0.244694 0.517212 -0.665498 -0.445780 -0.380709 0.408959 0.693682 -0.145468 0.207468 0.304858 0.258394 -0.542274 0.286526 0.468551 0.704004 0.380854 -0.739995 0.005226
VERTEX_POSE A507 -0.791152 -0.768523 -0.480154 0.969073 -0.101277 0.021327 -0.438472 -0.280008 0.266821 -0.400777 0.352521 -0.155406 -0.611745 -0.587654 -0.933188 0.078352 0.061217 -0.182651 -0.516477 0.669507
VERTEX_POSE A508 0.772926 -0.852999 0.596001 0.204742 -0.812214 0.605143 -0.352870 -0.444664 0.132086 0.736643 -0.589267 -0.559070 0.282621 -0.081860 -0.484077 -0.472132 -0.664944 -0.263562 -0.173368 0.078653
VERTEX_POSE A509 -0.283107 0.580019 0.878298 0.330405 -0.982915 0.430346 0.512121 -0.567914 0.427253 0.139025 -0.232541 -0.401318 0.670950 0.314036 -0.310106 -0.454920 -0.521070 0.612402 -0.247544 0.503255
VERTEX_POSE A510 0.383941 0.291563 -0.927381 -0.474898 0.176093 0.352001 -0.503462 0.508465 -0.156792 0.044594 0.589722 0.735679 0.599000 0.243757 -0.273238 0.589095 -0.050295 0.485415 -0.196733 -0.575973
VERTEX_POSE A511 -0.407016 0.693098 0.974347 0.148637 -0.521736 -0.538278 -0.001367 -0.611675 0.288923 0.369883 -0.447807 0.385032 -0.128405 0.376618 -0.310153 -0.781353 0.056484 -0.618333 0.485987 0.529425
VERTEX_POSE A512 0.912253 -0.672197 0.955233 0.865404 0.979895 -0.229357 0.094477 0.540875 0.001751 -0.619368 0.658772 0.452225 0.617300 0.316955 0.796195 -0.417022 -0.180940 0.330089 0.229110 0.374533
VERTEX_POSE A513 0.206619 0.766331 -0.214701 -0.762803 0.627724 0.704345 0.476321 -0.059594 -0.158815 0.691346 0.368865 0.101389 -0.475720 0.352838 0.460629 -0.144830 -0.566878 0.506178 -0.218802 0.643850
VERTEX_POSE A514 -0.238412 -0.248515 -0.990729 0.101218 0.275529 -0.474044 -0.168744 0.132580 -0.505933 0.599897 0.187279 -0.626593 -0.155765 -0.656580 0.319312 0.016946 -0.678679 -0.157270 -0.766224 0.235894
VERTEX_POSE A515 0.455441 -0.792738 0.539167 0.169818 -0.701625 -0.540239 0.487054 -0.139521 -0.565532 -0.019135 -0.472395 0.286256 0.388821 0.325106 0.350976 -0.410023 -0.638124 0.428006 0.665667 -0.494449
VERTEX_POSE A516 -0.497334 0.794707 -0.591559 -0.156863 -0.866768 -0.247590 -0.805027 0.096298 -0.215305 -0.020255 0.148934 -0.663825 -0.201956 0.151013 -0.496506 0.533839 0.464784 -0.452947 0.160474 -0.854234
VERTEX_POSE A517 0.779218 0.244529 0.698806 0.976630 0.716767 -0.159572 0.072303 0.353905 0.577336 -0.307830 0.528672 -0.535902 0.298394 -0.047244 0.590088 0.669605 -0.377650 0.076320 -0.602165 -0.671122
VERTEX_POSE A518 0.109680 0.320166 0.822220 -0.455121 -0.978658 0.176580 0.185670 0.763615 0.615737 0.250843 -0.445323 -0.589920 0.769355 -0.168274 -0.485951 -0.555570 -0.145460 -0.074392 0.045172 0.411223
VERTEX_POSE A519 -0.124693 -0.283443 -0.866562 -0.797934 0.857658 0.223756 -0.522102 0.241203 0.293347 -0.341015 0.662878 0.573359 -0.433366 -0.544096 -0.353096 -0.187341 0.348596 -0.640674 -0.623069 -0.291296
VERTEX_POSE A520 -0.336857 -0.316874 0.389239 0.231164 0.238317 -0.718520 0.318001 0.101152 -0.258508 0.432823 -0.500134 -0.093484 -0.344104 -0.833829 0.499997 0.751262 -0.165885 0.397701 -0.169523 -0.129788
VERTEX_POSE A521 -0.676505 -0.447188 0.480604 0.855004 0.543001 0.317847 0.685898 -0.098419 -0.446801 -0.262696 -0.515432 -0.619640 0.584460 -0.299074 -0.447238 -0.244546 0.297951 0.339658 -0.243184 -0.739205
VERTEX_POSE A522 0.203437 0.619261 -0.448357 -0.510495 -0.491418 0.367094 0.014942 0.590704 -0.316675 0.605452 0.185365 0.754162 0.066628 -0.504845 0.388587 -0.081551 0.599545 -0.212601 -0.788742 0.048844
VERTEX_POSE A523 -0.627308 -0.877233 -0.525012 0.788950 0.682369 -0.233308 -0.205155 0.871520 -0.531833 -0.384694 -0.018794 0.286987 -0.497346 -0.306707 -0.362103 -0.579159 -0.261872 -0.670254 0.476597 -0.278304
VERTEX_POSE A524 0.036798 -0.541942 -0.988557 0.484345 -0.089746 -0.428754 0.179616 -0.542194 -0.419203 0.028035 -0.451839 -0.411314 -0.273186 0.598025 -0.483335 0.694567 0.379469 -0.487490 -0.640233 -0.015398
VERTEX_POSE A525 -0.999482 0.683956 0.463784 -0.358210 0.783865 0.315908 0.132899 -0.554040 0.850316 0.259072 0.452902 -0.180349 0.756009 -0.112580 -0.380155 0.316973 0.615060 -0.011016 0.493151 -0.311362
VERTEX_POSE A526 0.092014 0.766818 0.937487 -0.236594 0.356591 -0.645926 0.561493 -0.472332 -0.415366 -0.467737 -0.228982 -0.591911 -0.430861 0.488913 -0.244455 0.335011 0.427293 -0.011550 0.409968 0.550322
VERTEX_POSE A527 0.719886 0.992939 0.291983 -0.297649 -0.074223 0.135660 -0.278984 0.345897 0.365646 0.643275 -0.084409 0.099644 -0.644615 0.156261 -0.879043 0.214372 0.290097 0.255449 0.216522 0.874447
VERTEX_POSE A528 0.948631 0.141163 -0.627888 -0.586937 -0.948667 -0.382027 -0.611003 -0.284942 -0.134724 0.326774 -0.833531 -0.643412 -0.334552 0.179865 -0.400129 0.494835 0.420292 0.511686 -0.403865 0.122627
VERTEX_POSE A529 0.143999 -0.694396 0.258060 0.060781 0.504379 -0.603793 0.574131 0.238765 0.641326 0.137920 0.461967 -0.451074 -0.671906 0.188004 0.142326 -0.354108 -0.366465 -0.020241 -0.272949 0.748288
VERTEX_POSE A530 0.895589 0.201282 0.046250 0.275261 0.698789 0.549615 0.424222 -0.120518 0.594676 0.311486 -0.249597 -0.024667 0.308117 0.262085 -0.583244 0.659773 -0.460468 0.059178 -0.439063 -0.801534
VERTEX_POSE A531 0.495024 -0.403537 -0.514202 0.157723 -0.332187 -0.167327 0.130004 -0.203678 -0.340941 0.488769 0.734826 0.242645 0.392690 0.225908 0.580380 -0.510397 0.557310 0.678265 0.574015 -0.238572
VERTEX_POSE A532 -0.660580 0.851435 0.075198 -0.586855 0.617428 0.284337 -0.227016 0.439268 -0.064368 -0.568962 0.164902 -0.549182 0.351395 -0.379688 -0.140071 0.588481 0.745214 -0.770577 -0.393647 0.283451
VERTEX_POSE A533 0.477821 0.819382 0.236687 0.982683 -0.172030 0.342778 -0.528624 -0.365192 0.674851 -0.359464 0.557622 -0.516673 -0.664489 0.149456 -0.006006 -0.333685 -0.580328 0.400114 0.196089 -0.443368
VERTEX_POSE A534 -0.139377 -0.910062 -0.795897 -0.511533 -0.568686 -0.072220 -0.954604 -0.022921 -0.169777 -0.150841 -0.601153 0.254490 0.015707 0.456425 0.448497 -0.255659 0.431103 0.836687 0.019260 -0.493878
VERTEX_POSE A535 -0.862021 0.957139 0.982929 -0.135584 -0.342878 0.677125 0.401112 -0.440782 -0.016966 -0.038439 0.530322 0.078325 0.643591 0.623902 0.321818 0.235534 0.064651 -0.656896 0.606586 -0.361988
VERTEX_POSE A536 -0.245092 0.458435 0.125678 -0.875952 -0.015778 0.355159 0.438248 -0.511598 -0.485604 0.161979 0.401523 0.656415 0.412348 0.458012 0.391762 -0.742992 -0.152788 -0.231717 0.244200 -0.586454
VERTEX_POSE A537 -0.440598 -0.822405 0.448797 -0.994321 -0.234184 0.827048 -0.283388 -0.061534 0.331045 -0.426949 0.192290 0.236693 0.516495 0.819955 -0.290054 -0.627192 0.431463 -0.257382 -0.277972 0.317412
VERTEX_POSE A538 -0.653174 -0.811384 -0.497225 -0.166511 0.555844 0.451212 0.550470 -0.282551 -0.772776 0.068174 0.098348 -0.384638 0.201173 -0.216720 0.225370 -0.459973 0.602379 0.022083 -0.663543 -0.707577
VERTEX_POSE A539 -0.472166 0.605436 -0.278322 0.328790 0.172008 0.509675 0.353123 0.093315 -0.139457 0.139259 0.804121 0.031408 0.776229 0.160527 -0.077428 0.471722 -0.564413 0.844868 -0.175664 0.018745
VERTEX_POSE A540 0.276295 0.757614 0.327096 0.336084 -0.217099 -0.098779 0.294606 -0.722977 0.753348 -0.390514 -0.266350 -0.137007 0.079152 -0.609404 -0.621279 -0.659679 -0.106758 0.133985 -0.565035 -0.153599
VERTEX_POSE A541 0.730768 0.480180 -0.424605 0.358591 -0.268062 0.218629 -0.462876 0.260056 -0.426066 -0.242284 -0.154202 0.634034 -0.171887 0.500917 0.486560 0.629516 -0.363416 0.363222 -0.548826 -0.724985
VERTEX_POSE A542 0.120817 0.298534 -0.303975 -0.522573 0.650272 -0.054360 0.302540 -0.652668 -0.534590 0.409090 0.448456 -0.344761 -0.679917 0.276050 -0.586452 -0.342703 -0.543344 0.498470 -0.401724 -0.038545
VERTEX_POSE A543 0.188548 -0.914583 0.282328 0.201488 -0.237204 -0.694465 0.239832 -0.149508 -0.253358 0.578202 0.682362 0.274349 -0.262661 0.351669 -0.611078 -0.578741 -0.026033 0.069598 0.451920 -0.622640
VERTEX_POSE A544 -0.062613 0.246510 0.360693 0.595787 -0.640338 -0.450859 -0.344680 -0.328835 -0.244685 -0.627796 0.594259 -0.373246 -0.214427 -0.653926 -0.736519 0.611103 0.275450 0.234699 0.260080 -0.187700
VERTEX_POSE A545 0.882405 -0.949981 -0.294704 0.578646 -0.074198 0.057852 0.423807 -0.554027 0.292155 0.385818 0.787468 0.589576 0.209915 -0.258207 0.570148 0.199124 -0.079222 -0.488498 0.766693 0.001250
VERTEX_POSE A546 -0.356011 -0.707321 -0.178505 -0.628694 0.061171 0.567216 0.028452 0.477736 -0.405932 0.678446 -0.116880 0.626425 0.040256 -0.687736 -0.314257 -0.732544 -0.109144 -0.149398 -0.025707 -0.522699
VERTEX_POSE A547 0.440053 0.041217 0.769134 -0.561075 -0.507106 -0.735943 -0.215671 -0.601179 -0.629376 0.092961 0.529272 0.049527 -0.831151 0.215655 0.244568 -0.246495 -0.487542 0.002811 0.439628 -0.272489
VERTEX_POSE A548 0.661623 0.294548 -0.595898 0.555276 -0.357431 -0.107132 0.553321 -0.719883 0.775357 -0.031028 -0.332608 -0.119347 -0.539748 -0.567999 0.513782 -0.316246 0.090892 -0.330345 -0.549121 -0.200637
VERTEX_POSE A549 0.753669 0.612845 -0.356284 -0.083815 0.082513 -0.528228 0.179172 0.465260 -0.488870 0.330751 0.282364 0.441544 0.623677 -0.129492 -0.172422 -0.636451 -0.172575 -0.507238 0.253886 -0.810711
VERTEX_POSE A550 -0.684640 0.757775 0.902572 -0.359009 -0.649448 -0.082226 -0.625893 0.055315 0.336340 0.353877 0.757040 -0.597122 -0.397854 0.451597 0.697024 -0.565235 0.151724 0.194211 -0.072461 -0.443701
VERTEX_POSE A551 -0.675234 0.977674 0.793340 -0.213560 0.880886 -0.189677 0.581282 0.009200 -0.249754 -0.432374 -0.183422 -0.306055 -0.354878 0.852574 -0.662681 0.478408 0.109717 -0.607314 -0.346918 -0.476814
VERTEX_POSE A552 -0.922836 -0.834343 -0.875680 -0.228811 -0.374486 -0.476771 -0.401151 -0.248414 0.219348 -0.474780 -0.122043 -0.681478 0.263277 0.548670 -0.226808 0.560188 -0.749693 -0.456860 -0.480142 -0.245598
VERTEX_POSE A553 0.518797 0.377036 -0.545784 0.130496 -0.140866 0.024547 -0.601681 0.333134 -0.668600 0.013700 -0.631435 0.426736 -0.179034 -0.191432 0.401938 0.679981 -0.112676 0.456852 -0.378637 -0.664056
VERTEX_POSE A554 -0.302542 -0.899558 -0.731671 -0.424610 0.563255 -0.147320 -0.064217 0.923196 -0.309874 0.806852 0.169243 0.588723 0.556334 -0.026543 -0.358716 0.185271 -0.312328 0.637968 -0.032141 0.144268
VERTEX_POSE A555 0.113962 -0.376285 -0.864237 -0.744467 0.535768 -0.550019 0.680671 0.203970 0.157511 -0.157317 0.559884 0.572789 0.227648 -0.494583 0.581730 0.520718 0.471220 0.078560 -0.434704 0.422215
VERTEX_POSE A556 0.519316 0.060992 0.918000 0.772286 -0.357001 -0.491222 0.396719 -0.184481 -0.225114 0.581072 0.653630 -0.399797 -0.441808 -0.151937 -0.534481 -0.504405 0.501028 -0.512364 0.235269 -0.514413
VERTEX_POSE A557 0.789472 0.867259 -0.794185 0.338796 -0.080153 -0.450406 0.564049 0.461895 0.538290 0.538247 -0.025500 -0.343498 0.447953 0.009649 -0.519336 0.061056 -0.749150 -0.345943 -0.433301 0.474008
VERTEX_POSE A558 -0.166151 -0.383346 0.427745 -0.042115 -0.538455 -0.599278 -0.723689 0.246014 0.153044 0.258460 0.575656 0.696032 -0.609722 0.154686 0.356759 -0.101965 0.026247 0.075539 -0.165273 -0.763859
VERTEX_POSE A559 0.467947 -0.797844 -0.709889 -0.814651 -0.305668 -0.165401 -0.351591 0.003751 0.618769 0.073122 0.618990 -0.477756 0.393448 -0.151746 -0.330971 -0.774149 0.294229 -0.501971 0.341948 0.712208
VERTEX_POSE A560 -0.066529 -0.827136 0.463875 -0.600422 -0.575775 -0.431553 0.171987 0.230514 0.220831 -0.573616 0.552490 -0.300869 0.172888 0.755015 0.358769 0.781106 0.196460 -0.738754 0.036990 -0.181588
VERTEX_POSE A561 -0.270563 0.817937 -0.526005 -0.766854 -0.839667 0.701153 -0.642246 -0.181645 0.333059 0.183637 0.476417 -0.334755 -0.526542 0.751030 -0.377429 -0.524389 -0.347009 -0.378077 -0.039591 -0.235735
VERTEX_POSE A562 -0.037029 -0.201382 -0.224090 0.343072 0.362145 -0.443523 0.308851 -0.008291 -0.276717 -0.430347 0.577180 -0.805936 -0.137449 -0.431851 0.228869 0.159548 -0.598509 -0.157484 0.821623 0.349408
VERTEX_POSE A563 0.272892 -0.975702 -0.460927 -0.187277 -0.958347 -0.107398 0.787102 0.081318 0.010669 -0.427935 0.072122 -0.689632 -0.172554 -0.653861 0.649101 -0.209802 -0.382595 0.302370 0.351497 -0.643640
VERTEX_POSE A564 -0.792742 0.637319 0.710682 -0.784171 -0.011696 0.180279 0.414134 0.589020 -0.117406 -0.604297 0.069859 -0.001243 0.547696 0.143902 -0.658160 -0.177717 0.648012 -0.721484 0.362993 -0.455573
VERTEX_POSE A565 0.823594 -0.111444 -0.019987 0.831539 0.793459 0.034465 0.348339 0.467992 0.384366 0.385515 0.628250 0.612095 0.330697 -0.536889 -0.319201 -0.277609 0.214611 0.611985 -0.737299 0.227986
VERTEX_POSE A566 0.410870 0.981437 -0.477998 0.677139 -0.301225 -0.254042 0.547494 0.118136 0.081906 -0.496500 0.271387 0.713970 0.492729 -0.304992 0.642177 -0.216630 0.450597 0.081298 -0.405003 -0.785070
VERTEX_POSE A567 -0.037834 0.095753 -0.163640 -0.660123 0.972525 -0.050810 0.600286 -0.782292 -0.356874 -0.480011 -0.287497 0.121547 -0.593979 -0.546450 0.721665 0.083245 -0.061498 0.578347 -0.222500 -0.054549
VERTEX_POSE A568 -0.617004 0.066152 -0.571190 0.837218 -0.440725 0.187922 -0.683575 0.200963 0.359757 -0.224497 0.718471 0.571574 0.318208 -0.140562 -0.709520 0.023822 0.359164 0.071728 0.616849 0.542823
VERTEX_POSE A569 0.757697 -0.829946 0.024778 -0.489372 -0.745380 -0.869784 0.259803 0.317090 -0.335135 0.000939 -0.112584 0.015445 0.714951 -0.569981 0.191762 0.095000 0.624871 0.306838 0.642122 0.414050
VERTEX_POSE A570 0.490000 -0.298811 0.558038 0.668667 0.144533 -0.452894 0.649769 -0.399875 -0.828611 -0.329045 -0.068132 -0.134749 -0.045547 0.625295 -0.294305 -0.185253 0.415877 0.059307 -0.658131 -0.521068
VERTEX_POSE A571 0.659291 -0.176234 0.755905 0.173302 0.342176 -0.467459 0.625919 0.094777 0.006221 0.707366 -0.145778 0.541722 0.228445 0.751841 0.442691 0.161659 -0.613583 -0.540375 -0.171867 0.167383
VERTEX_POSE A572 0.488464 0.650234 0.600173 0.869219 -0.013442 -0.173646 -0.570717 -0.679216 -0.801358 0.335720 -0.188778 0.571657 0.324292 -0.495388 0.022795 -0.124642 0.483082 -0.018997 0.663983 -0.155728
VERTEX_POSE A573 -0.389183 0.999723 -0.745937 -0.853905 -0.205194 -0.415083 0.009634 -0.597790 0.526061 -0.476224 0.175849 -0.100963 0.240080 -0.343234 0.284232 -0.550879 -0.642886 0.678222 0.641881 -0.283925
VERTEX_POSE A574 -0.152160 -0.090817 0.038234 -0.625211 -0.895028 0.495480 -0.168250 0.319730 -0.021623 0.207497 -0.488788 -0.340820 -0.678700 0.440356 0.582925 0.320133 0.448557 -0.545959 0.604581 0.513559
VERTEX_POSE A575 -0.574149 -0.103256 -0.039134 0.465006 0.346219 0.164829 0.643220 0.280607 0.653182 -0.304136 0.300544 -0.353945 -0.648685 0.034843 0.571313 -0.106037 -0.710024 -0.307424 0.248463 -0.570600
VERTEX_POSE A576 -0.506777 -0.950258 -0.040641 0.724740 0.720608 0.180014 -0.553381 0.215082 0.204280 -0.241741 -0.899183 -0.652878 -0.661146 -0.049204 -0.400318 0.387792 -0.372687 0.582546 -0.218710 -0.062399
VERTEX_POSE A577 0.491828 0.201861 0.859729 -0.253905 0.166143 -0.199814 0.538303 -0.549402 -0.145258 -0.371920 -0.583055 0.531418 0.478335 -0.363518 -0.639459 -0.130587 -0.290752 -0.497656 0.571007 0.376195
VERTEX_POSE A578 0.865904 0.937962 -0.270000 0.903931 0.839114 0.126019 -0.939455 0.182158 0.554071 0.296599 0.606286 0.815233 -0.033394 -0.468921 -0.095698 0.152635 0.121342 0.057980 -0.071003 0.603842
VERTEX_POSE A579 -0.845154 0.344291 0.363461 0.280016 -0.636823 0.580730 -0.514437 0.571371 0.484736 -0.376103 -0.595876 -0.404394 -0.464132 -0.156559 -0.232993 -0.463466 -0.353059 -0.458216 -0.404577 0.411469
VERTEX_POSE A580 0.245497 -0.185294 -0.496555 0.662280 -0.751344 0.229441 0.114354 0.688190 -0.586346 -0.345615 -0.263926 -0.139883 -0.517213 0.605198 -0.382020 -0.380417 0.116027 -0.661852 0.674720 0.277509
VERTEX_POSE A581 -0.818736 0.695736 -0.367427 -0.455078 -0.810334 -0.573344 0.549912 0.160246 0.564655 0.308719 -0.626520 -0.203546 -0.412587 -0.289462 -0.503001 -0.372573 -0.568930 -0.240832 0.541526 -0.417522
VERTEX_POSE A582 -0.520388 0.321965 0.156802 -0.933543 -0.755937 0.321513 -0.108964 0.132452 -0.316587 0.651609 0.520157 -0.346234 -0.668406 0.655890 -0.500649 0.263623 -0.005662 -0.652591 -0.217413 -0.530725
VERTEX_POSE A583 0.322661 -0.019637 -0.372236 -0.566531 -0.125831 0.661804 0.148535 -0.417424 0.294199 0.728468 0.433397 -0.193746 -0.338037 0.350176 0.652206 -0.549429 0.430741 0.112040 -0.176440 -0.574250
VERTEX_POSE A584 0.700061 0.072772 0.086789 0.675418 0.048800 0.837067 -0.230732 -0.118320 0.109509 -0.411151 0.307623 -0.019782 0.635538 0.528166 -0.533746 -0.499653 -0.075952 0.045274 -0.352357 0.778871
VERTEX_POSE A585 0.177070 0.422406 0.425130 -0.358153 0.807318 0.552113 -0.090479 -0.306259 0.461919 -0.065632 -0.637411 0.465181 0.799451 0.316311 -0.515177 0.566316 -0.613882 0.000808 0.166343 0.151687
VERTEX_POSE A586 -0.563376 0.604078 -0.236473 -0.310998 -0.590063 -0.483680 0.582540 -0.110302 0.136383 -0.651073 -0.413446 -0.608975 -0.174596 -0.549638 -0.613679 -0.430308 0.539617 -0.001115 -0.145264 0.472873
VERTEX_POSE A587 0.219377 -0.866236 0.004788 0.447704 0.691798 0.197854 -0.540308 -0.581844 0.211606 -0.000139 -0.246934 -0.188150 -0.829206 0.453412 0.621243 -0.134479 -0.247327 0.703373 0.048993 0.577692
VERTEX_POSE A588 -0.033458 0.289666 0.630946 0.980644 -0.272835 0.678123 -0.104736 0.139841 -0.129027 -0.439093 -0.607797 0.544936 0.584632 -0.248400 -0.353257 0.330769 0.552933 -0.318992 0.587388 -0.493548
VERTEX_POSE A589 0.270472 -0.779268 -0.808727 0.646887 -0.128518 -0.456071 -0.188269 -0.054364 -0.323159 0.674989 -0.525665 -0.492294 -0.232993 -0.440151 0.304247 -0.587647 -0.622245 -0.593842 -0.330651 0.373897
VERTEX_POSE A590 -0.312677 -0.664080 0.294900 0.633053 -0.613869 -0.360868 -0.383832 -0.835423 0.047531 0.815422 -0.460062 -0.005429 0.266604 0.008530 0.536259 -0.341455 -0.160028 0.761520 0.009567 -0.254421
VERTEX_POSE A591 0.900013 0.462529 0.094821 -0.619779 0.151391 -0.099130 -0.353172 0.853573 0.632919 0.310144 0.203034 -0.425466 0.769181 0.386097 -0.639179 -0.152594 -0.187027 -0.003902 0.405162 -0.214804
VERTEX_POSE A592 0.999909 -0.961331 -0.334732 0.880032 0.031815 0.366801 0.566392 -0.238353 0.647739 -0.618978 -0.383773 -0.073863 -0.392557 0.673747 -0.481587 0.016003 -0.377935 0.456628 0.376443 0.446248
VERTEX_POSE A593 0.650294 0.134538 -0.929191 -0.023875 0.748276 -0.122032 0.467760 0.556926 0.432496 0.794429 -0.305851 -0.285577 0.220583 -0.475575 0.647378 -0.087236 0.447086 0.545346 -0.306296 -0.412591
VERTEX_POSE A594 0.172905 0.486827 0.633894 0.192944 0.193044 -0.086086 0.541325 -0.173477 0.652444 -0.583801 -0.070143 -0.447601 -0.242020 -0.602380 -0.098347 0.084310 0.723445 0.597401 0.548143 -0.280626
VERTEX_POSE A595 -0.792833 0.675987 -0.624050 -0.904139 -0.979881 -0.462272 0.055206 0.074608 -0.028365 -0.799483 0.193455 0.417605 0.338761 -0.477498 0.670726 0.084115 0.672124 0.401538 -0.485742 -0.526549
VERTEX_POSE A596 0.473888 -0.976905 0.050822 -0.192336 0.541735 -0.084702 0.362460 0.108040 -0.225374 0.256189 0.670516 0.662889 0.560161 -0.343587 -0.703561 0.325296 -0.585994 -0.087242 0.619187 0.278020
VERTEX_POSE A597 -0.416225 0.468265 -0.844103 -0.129917 0.891819 0.582687 -0.199055 0.043877 -0.032435 -0.822203 -0.542899 0.588544 0.136093 -0.213233 0.516721 0.212850 -0.170005 -0.214566 0.469609 -0.793074
VERTEX_POSE A598 0.169334 -0.228259 0.212309 -0.564262 0.992644 -0.484974 0.052162 0.498752 0.335952 0.903821 0.200688 -0.076372 -0.092594 -0.277129 -0.694168 0.414465 -0.554515 -0.405259 -0.005661 0.571562
VERTEX_POSE A599 0.856884 0.089246 0.479631 -0.355118 -0.898990 -0.183549 0.438867 -0.552530 -0.808597 -0.204674 -0.189253 -0.256490 0.727164 0.030425 -0.175680 -0.485287 -0.424283 0.464575 0.035107 -0.691341
VERTEX_POSE A600 -0.658528 0.638319 0.180674 0.380711 -0.853561 0.533019 0.488034 0.065500 -0.291317 0.194043 -0.880902 0.363853 -0.463462 -0.415002 -0.257904 0.680886 -0.009983 -0.657360 -0.213933 0.217703
VERTEX_POSE A601 -0.340666 0.472930 -0.229652 -0.895594 0.137178 0.615720 0.534148 0.063415 -0.649913 0.158146 0.553898 -0.158248 -0.075844 -0.553454 0.415890 -0.538996 0.573516 -0.022231 0.627222 0.232258
VERTEX_POSE A602 0.516175 0.913012 0.235536 0.818183 0.443186 0.639961 0.231771 -0.015702 -0.031304 -0.154210 0.760803 -0.477870 0.841713 -0.030217 -0.185251 -0.323243 -0.625722 0.571657 0.330962 -0.168791
VERTEX_POSE A603 0.829936 0.288552 -0.219153 0.249929 0.132997 -0.066607 0.478250 -0.374613 0.152754 -0.642100 0.029422 0.702439 -0.084053 -0.669850 0.294391 -0.360392 0.326775 0.626214 0.471208 0.550743
VERTEX_POSE A604 0.270151 0.472653 0.024411 -0.749500 0.931984 -0.136843 0.340383 0.671342 0.599779 0.261265 -0.514990 -0.672776 -0.257564 -0.471306 -0.219313 0.810691 -0.229763 0.347582 -0.303844 0.095735
VERTEX_POSE A605 -0.635985 -0.177805 -0.726230 -0.807027 0.548158 0.401705 0.127335 -0.128371 0.125831 -0.851593 -0.371065 -0.730510 0.185433 -0.620163 -0.165956 0.186980 0.356811 -0.511482 -0.435004 0.577854
VERTEX_POSE A606 -0.744213 -0.814704 0.741713 -0.285065 -0.520784 -0.202573 -0.765496 -0.230250 -0.480537 -0.443413 0.493544 -0.524013 0.125474 -0.757590 -0.412127 0.274986 0.038737 -0.532550 0.355021 0.357709
VERTEX_POSE A607 0.763374 0.522396 0.983770 0.975241 0.652591 0.664248 0.679222 0.020556 -0.607993 0.452379 0.503276 0.007462 -0.348242 0.251453 -0.267848 0.063697 -0.794853 0.342520 -0.456816 0.226431
VERTEX_POSE A608 0.855843 -0.975944 -0.866501 -0.060932 -0.285700 -0.136969 -0.543148 0.334207 -0.442079 0.610559 0.342887 0.532675 0.235217 -0.543220 0.492808 0.440247 0.522054 0.509120 -0.288205 0.450673
VERTEX_POSE A609 -0.878310 -0.876742 -0.528287 -0.381134 -0.681670 -0.286931 0.008743 -0.225191 0.420971 -0.755520 0.438418 -0.559968 -0.059696 0.504104 0.376949 0.647316 0.607018 0.533666 0.080814 -0.366726
VERTEX_POSE A610 0.918220 -0.133314 0.347231 0.255257 -0.984232 -0.051230 -0.280258 -0.581212 0.514277 0.093380 0.439381 0.218527 -0.601891 -0.356952 -0.589583 -0.576946 0.534567 -0.580976 0.466471 -0.236561
VERTEX_POSE A611 0.101341 -0.161238 -0.363057 -0.398652 -0.037044 0.300399 -0.640763 -0.679568 0.281193 0.336300 -0.269482 -0.702880 -0.326287 -0.172433 0.093631 -0.593563 0.637105 0.572611 -0.132457 0.173006
VERTEX_POSE A612 -0.697046 0.818994 0.104286 0.163788 -0.492005 -0.033243 -0.603339 0.393223 -0.156187 -0.650939 0.231854 -0.812562 0.135236 0.030345 -0.553653 -0.048059 -0.268032 0.087816 -0.437792 -0.847855
VERTEX_POSE A613 -0.602168 -0.811349 -0.495967 0.321714 -0.740169 0.705701 0.055448 -0.193599 -0.379025 0.628196 0.197273 0.102416 -0.119164 0.934812 0.181345 -0.535200 0.161339 0.561206 0.549232 0.153948
VERTEX_POSE A614 -0.575998 0.819125 0.264708 0.034816 0.837126 -0.552590 0.503012 -0.487600 0.566840 0.670673 -0.035993 0.484638 0.158704 -0.262506 -0.258547 0.190135 -0.322530 0.267611 -0.485632 -0.766822
VERTEX_POSE A615 -0.996985 -0.108234 -0.808926 -0.160794 0.556795 -0.580454 -0.135615 0.002865 0.449101 -0.072357 -0.314868 -0.200011 0.671657 0.571279 0.006826 -0.710448 0.650151 -0.649100 -0.143223 -0.389608
VERTEX_POSE A616 0.574902 0.611058 0.929163 0.963561 -0.932851 -0.073823 0.590923 0.194848 0.869291 0.174700 -0.205732 -0.096759 -0.440647 -0.733218 -0.286462 -0.270003 0.298644 -0.384007 0.594322 -0.541213
VERTEX_POSE A617 -0.139374 0.423203 -0.971765 0.723818 -0.752937 0.227600 0.799005 0.089376 0.278257 0.090794 0.408762 -0.534343 0.383285 -0.616867 -0.549630 0.318203 0.628497 0.532123 0.324326 -0.222242
VERTEX_POSE A618 0.222392 0.025530 0.195863 -0.713090 0.248593 -0.648829 -0.504021 0.035685 -0.233701 0.792721 -0.003158 0.000132 -0.101914 -0.961129 -0.716159 0.154690 0.009531 0.107337 -0.288513 0.273600
VERTEX_POSE A619 -0.458556 -0.099276 0.560109 0.944204 -0.205686 0.457150 -0.013885 -0.567976 -0.359546 -0.207370 0.221450 0.425067 0.179883 -0.314982 0.653351 -0.511507 0.557877 -0.232789 -0.814130 -0.466822
VERTEX_POSE A620 -0.868902 0.643936 -0.780492 0.370705 0.118544 -0.140243 -0.655021 0.130714 -0.531594 -0.515391 -0.316960 0.633729 -0.549427 0.087554 0.520766 -0.016837 -0.609887 -0.157891 0.056272 -0.709100
VERTEX_POSE A621 0.909715 0.361450 -0.509238 0.919964 0.634724 -0.099865 -0.393204 0.197429 -0.113888 0.632569 0.759001 0.655473 -0.270125 0.366612 0.228085 0.601346 -0.499714 -0.703839 -0.103257 0.028657
VERTEX_POSE A622 -0.558543 -0.636747 -0.345070 -0.675575 0.945705 0.046642 0.392509 0.409748 0.693081 -0.054433 -0.641580 0.078409 0.563068 -0.179488 0.630132 -0.372891 0.589700 0.338008 0.621998 0.201295
VERTEX_POSE A623 -0.868993 0.682604 -0.115224 0.250738 -0.849641 -0.658331 0.283730 -0.499322 0.139702 0.024468 0.561877 0.568352 0.224264 -0.555969 -0.234921 0.743967 0.354247 0.410940 0.561354 -0.019487
VERTEX_POSE A624 0.560009 -0.504012 -0.438429 -0.103912 0.383000 0.164525 0.655266 -0.415089 -0.740991 -0.123752 0.337256 0.578720 -0.440622 0.227931 0.206441 -0.283626 0.056071 -0.215242 -0.529830 -0.811704
VERTEX_POSE A625 0.614362 0.850080 -0.711176 0.517370 0.138749 0.366573 -0.767992 0.409761 0.066747 -0.333299 -0.798404 -0.804585 -0.094867 0.268057 0.451604 0.527534 0.199626 0.099330 -0.108662 0.287996
VERTEX_POSE A626 -0.661826 0.358592 0.260726 0.346599 -0.829522 -0.445419 0.415105 0.521462 0.146643 -0.820353 0.192995 0.467312 0.116615 0.138408 0.169772 -0.090724 0.819557 0.729996 0.364525 0.000206
VERTEX_POSE A627 0.033897 -0.480917 0.612393 0.703752 -0.075265 0.513906 -0.533922 0.030301 -0.126314 0.711971 -0.134984 0.542261 0.262306 -0.494196 -0.449551 -0.123478 0.316136 -0.473077 -0.352099 -0.797928
VERTEX_POSE A628 -0.801862 0.318345 -0.555280 -0.612548 0.030568 -0.222758 -0.234955 0.668033 -0.468058 -0.336434 -0.531217 -0.694976 0.144768 0.390793 -0.498053 0.246887 -0.344616 0.015897 0.865851 0.007790
VERTEX_POSE A629 0.507508 -0.869667 -0.526965 0.782338 -0.836877 -0.265632 -0.364262 -0.304000 0.495891 -0.394914 -0.286480 -0.237742 -0.202376 -0.772021 0.705978 -0.312291 0.067764 -0.358617 -0.756885 0.474242
VERTEX_POSE A630 -0.109218 0.608329 0.092024 -0.651366 0.025744 -0.404898 0.162801 0.138436 -0.551874 -0.042279 0.044199 -0.163903 -0.946683 0.219787 0.503891 -0.270634 -0.553774 -0.500722 -0.047513 -0.789880
VERTEX_POSE A631 -0.460391 -0.043336 0.625395 0.768163 0.177007 0.714572 0.548300 0.380597 0.128081 -0.469132 0.131609 0.599314 -0.352900 -0.269303 0.335681 -0.307152 -0.454274 -0.033529 0.510296 -0.747620
VERTEX_POSE A632 -0.833158 0.603262 0.243383 0.886743 0.300300 -0.038309 -0.269313 0.139827 0.058117 -0.584875 0.421567 0.501293 0.051942 0.712938 0.642425 0.507270 -0.110172 0.575456 -0.570412 -0.531330
VERTEX_POSE A633 -0.593043 0.521341 -0.672439 -0.833183 -0.531070 -0.499645 -0.160588 -0.337178 0.110764 0.215094 -0.594208 -0.775828 0.319135 -0.143503 0.333664 0.702570 -0.344919 -0.157626 0.576624 0.627428
VERTEX_POSE A634 -0.630455 -0.754784 -0.593758 0.018092 -0.689996 0.061831 0.767688 -0.587062 -0.519220 0.508685 0.369264 -0.637492 -0.009884 0.172843 -0.036750 0.092251 0.323566 -0.564660 -0.378532 -0.620027
VERTEX_POSE A635 0.436993 0.075916 -0.732207 -0.862756 0.232284 0.157087 -0.156297 -0.463889 -0.372672 -0.574353 0.557038 0.556870 0.301233 0.675136 -0.453999 -0.127870 0.111343 -0.565879 0.733892 0.079434
VERTEX_POSE A636 -0.229028 -0.656464 -0.398669 -0.640210 -0.982912 -0.073124 0.562791 0.561214 -0.487768 0.374096 -0.253176 -0.220912 -0.436562 -0.408736 0.422016 -0.421065 0.452128 0.727898 0.418850 -0.499456
VERTEX_POSE A637 -0.374668 -0.569487 -0.852046 0.733028 -0.210780 -0.662548 -0.137582 -0.707848 0.407202 -0.314396 -0.498667 -0.547667 -0.495257 0.470623 0.215002 -0.352462 -0.138725 -0.221478 0.716043 -0.097733
VERTEX_POSE A638 0.200367 -0.401689 -0.748436 -0.887516 -0.115125 0.296419 -0.943765 -0.086573 -0.552728 -0.255638 -0.164272 -0.685749 -0.152150 0.033058 -0.180651 -0.141813 0.906888 -0.322088 -0.026380 -0.376803
VERTEX_POSE A639 -0.373185 -0.632408 -0.265170 0.298858 -0.268612 0.077982 -0.470415 0.346674 -0.092436 -0.591264 0.459615 0.404897 0.470903 0.752588 0.517664 -0.453992 -0.196850 0.743946 0.035456 -0.251857
VERTEX_POSE A640 -0.252977 -0.446229 -0.380332 -0.648106 0.107549 0.585706 -0.074445 -0.278740 0.628877 -0.262910 -0.293562 -0.450072 -0.557209 -0.681142 -0.130114 -0.553268 0.403252 0.204860 -0.555652 0.457775
VERTEX_POSE A641 0.118587 0.464998 0.598795 0.367741 -0.099357 -0.125805 -0.031044 -0.378549 -0.238479 -0.733043 0.414538 0.780347 -0.511683 -0.079167 0.180676 0.330660 0.821109 0.534524 0.300880 -0.066118
VERTEX_POSE A642 0.728155 0.206355 0.371773 0.900206 0.694344 -0.312791 0.783750 -0.030410 0.438618 -0.214079 0.547360 0.373151 0.335968 0.491187 -0.209434 0.289934 0.505014 0.725722 0.378112 -0.450743
VERTEX_POSE A643 0.049977 -0.627235 0.723953 0.515682 0.615544 0.424554 -0.202783 -0.742257 -0.239223 -0.713272 0.086418 0.065217 -0.643975 0.249751 0.728556 0.058672 0.577864 0.476948 -0.178817 -0.212798
VERTEX_POSE A644 0.516419 0.653649 -0.897172 -0.310545 0.160473 -0.466446 0.106215 0.664387 0.421966 -0.033247 -0.390517 0.776837 0.044787 0.613972 0.022537 0.887507 -0.157759 -0.019732 -0.444903 -0.065098
VERTEX_POSE A645 -0.847843 0.025480 -0.363519 -0.064978 0.531470 -0.457092 -0.504913 0.020668 -0.137005 -0.044866 -0.327963 -0.282070 -0.688128 -0.009221 0.742431 -0.478409 0.385558 0.376203 -0.201628 -0.862133
VERTEX_POSE A646 0.052991 0.264530 0.915028 -0.645111 0.172339 0.063290 0.222894 -0.355917 -0.661321 0.435883 -0.475501 -0.429151 0.358697 0.440985 0.237889 0.619489 0.535131 -0.563815 -0.497889 0.407909
VERTEX_POSE A647 0.091321 0.264707 -0.968009 -0.346985 0.227622 -0.070169 0.779155 0.403141 0.105499 0.435981 0.085730 -0.311619 0.391649 -0.518366 -0.250240 0.130593 -0.667357 -0.907866 -0.179984 0.340676
VERTEX_POSE A648 0.012783 -0.551317 -0.335284 -0.341159 0.778532 -0.152258 -0.245848 0.686556 0.307619 0.511997 0.625110 0.140631 0.560826 0.014916 0.869359 -0.460722 0.035360 0.326536 0.388106 -0.369333
VERTEX_POSE A649 -0.724617 -0.709939 0.110890 -0.358201 -0.579068 0.163852 0.817266 0.337628 -0.625306 0.472490 -0.528215 0.490443 0.281947 -0.393259 0.285605 0.164790 0.350272 0.509941 -0.046679 -0.574154
VERTEX_POSE A650 0.632765 -0.834570 0.592099 -0.402780 -0.978064 0.274424 0.421702 0.198524 0.728744 -0.530678 -0.017604 0.574848 0.159132 -0.064234 -0.158080 -0.504432 0.771901 -0.195406 -0.510660 -0.600268
VERTEX_POSE A651 0.143881 -0.907381 -0.115776 -0.970454 -0.102923 -0.542889 -0.043203 -0.797677 -0.252163 0.732206 0.044203 -0.550141 -0.384242 0.162638 -0.380105 -0.363390 0.445946 -0.441078 0.426982 0.369376
VERTEX_POSE A652 -0.814902 0.651511 0.601653 -0.438237 -0.944344 0.177958 0.296983 0.847917 0.724213 0.312585 -0.433949 -0.331100 -0.447148 -0.158996 -0.565439 0.777152 -0.223869 0.120413 0.100926 -0.131632
VERTEX_POSE A653 -0.925777 -0.471317 -0.752971 -0.078355 0.967641 -0.319749 0.299409 -0.643733 0.385483 -0.462161 -0.392261 -0.192131 0.649640 -0.135149 0.497258 0.461790 0.457525 -0.681898 -0.247951 0.451824
VERTEX_POSE A654 0.274888 0.775223 0.769000 0.280284 0.047436 -0.548665 0.357170 0.300365 -0.450852 0.412689 0.293761 0.615617 0.596977 0.393329 0.267117 -0.332384 0.625929 -0.212985 -0.485033 0.526299
VERTEX_POSE A655 0.745108 -0.852501 -0.836776 0.457851 0.438655 -0.381861 -0.539539 0.483481 -0.269855 -0.314386 -0.475727 0.549450 -0.160918 0.603811 0.505448 -0.696086 -0.379614 0.473273 0.315640 -0.176737
VERTEX_POSE A656 0.688585 -0.621237 -0.464148 -0.560985 0.106390 0.464527 0.803370 -0.199872 0.323832 0.225401 0.552400 -0.511839 0.255267 0.159986 -0.060144 0.035530 0.790418 -0.643235 0.487204 -0.067451
VERTEX_POSE A657 0.613062 0.133815 0.029725 -0.373117 0.217914 0.386051 -0.302688 -0.060778 -0.613076 -0.517339 0.428005 -0.453100 -0.209128 -0.861506 -0.002827 -0.520639 0.175623 -0.519419 0.570913 0.200202
VERTEX_POSE A658 -0.220995 -0.333419 0.775617 0.161603 -0.636610 -0.138009 0.461981 0.661437 0.064272 0.513632 0.024765 -0.117709 0.353895 -0.744425 0.044169 -0.622200 0.087841 -0.980314 -0.101890 0.001849
VERTEX_POSE A659 0.886723 0.697109 -0.019427 -0.173533 -0.863043 -0.320655 0.316924 0.473789 -0.060604 0.416565 0.502323 0.778116 0.424291 0.213081 -0.484629 0.614628 -0.324573 -0.230604 -0.410174 0.610283
VERTEX_POSE A660 0.120570 0.264148 0.502760 -0.590780 0.381037 -0.340238 0.181203 0.289953 0.162211 0.863092 -0.475756 -0.452618 0.089725 -0.053884 0.733257 -0.235925 -0.169279 0.339702 0.398154 0.811187
VERTEX_POSE A661 0.669786 -0.725090 -0.132359 0.510237 0.389135 0.528525 0.005014 -0.514860 -0.318057 -0.689862 0.356289 0.117785 0.491682 0.641352 0.753042 -0.446781 0.336095 0.196353 0.287578 0.289282
VERTEX_POSE A662 -0.573668 -0.346228 -0.394033 -0.405370 0.313964 0.739814 -0.457621 0.418079 0.532906 0.635483 -0.385425 -0.177258 -0.532699 -0.393656 0.071548 0.141707 0.448610 0.363521 -0.287915 -0.566076
VERTEX_POSE A663 0.287412 -0.132590 -0.253857 -0.704036 -0.318663 0.355870 -0.431851 0.058284 0.609006 0.768150 0.051033 0.231624 -0.182890 -0.832205 -0.380635 0.099210 0.297795 0.551303 -0.424450 0.461249
VERTEX_POSE A664 -0.923257 0.796251 0.195202 0.677055 0.858065 0.551996 -0.074613 -0.330224 -0.524650 0.718330 -0.256615 -0.396161 -0.413520 -0.698556 -0.493978 -0.410403 0.530049 0.138151 0.372834 0.237000
VERTEX_POSE A665 -0.204123 -0.101011 0.012209 0.612722 0.623968 0.048798 0.131910 0.097812 0.680280 -0.529173 0.416794 0.412297 0.819888 0.360791 -0.603136 -0.035002 0.744439 -0.032805 0.170689 -0.363807
VERTEX_POSE A666 -0.275594 0.943326 0.013936 -0.566792 0.913621 -0.361589 -0.567640 -0.448947 0.619981 -0.354427 -0.006047 0.066466 -0.312982 -0.593261 -0.506763 0.421282 -0.314851 0.472917 0.526051 -0.589339
VERTEX_POSE A667 -0.152285 -0.860212 0.796532 -0.963155 0.875153 -0.260217 0.639898 0.462201 0.324884 -0.490448 0.014554 -0.454788 -0.358792 -0.193717 -0.737930 -0.340990 0.268771 -0.274526 0.324014 -0.822432
VERTEX_POSE A668 0.421210 0.329501 0.160163 0.345750 -0.586813 0.236526 -0.070227 -0.096193 -0.044243 0.150899 -0.184645 -0.381381 0.387096 -0.805958 -0.331108 0.752156 0.536449 0.828863 0.506672 -0.138951
VERTEX_POSE A669 0.924773 -0.458363 0.265500 -0.454308 -0.201504 -0.450366 0.638279 -0.467485 -0.544173 -0.430642 -0.501340 -0.256273 0.403459 0.479261 -0.422037 -0.485107 0.316290 -0.507203 0.095076 0.447645
VERTEX_POSE A670 0.474530 -0.492620 -0.468638 0.335703 -0.393459 -0.531258 -0.499755 0.462629 0.508219 0.383050 0.710505 -0.374573 0.496085 0.179865 -0.044286 0.385694 -0.483368 -0.563216 0.456790 0.123133
VERTEX_POSE A671 -0.831768 0.883272 0.779830 0.697644 0.520737 -0.491380 0.556097 0.091992 -0.607495 -0.041888 -0.672379 0.240578 0.397363 -0.495523 0.322523 0.710673 0.042715 -0.477071 0.161395 0.540441
VERTEX_POSE A672 0.043360 -0.993365 -0.135705 0.913433 0.699139 -0.692759 0.017297 0.486696 0.584601 -0.339210 0.642827 -0.287063 -0.916666 -0.225042 0.013097 0.116104 -0.447467 0.309435 -0.175726 -0.314689
VERTEX_POSE A673 0.202685 0.713735 0.903135 0.235909 -0.699115 0.477853 0.211073 -0.545172 -0.084679 -0.605013 0.156434 0.474149 0.509963 0.300170 -0.209797 0.349182 0.663636 0.704027 -0.455430 0.384449
VERTEX_POSE A674 0.218209 -0.743964 0.503784 0.213326 0.136281 -0.113417 0.130638 0.280651 0.755595 -0.474856 0.037607 0.516854 0.634283 0.511060 0.378086 0.234507 -0.752516 -0.078271 0.547847 -0.303903
VERTEX_POSE A675 -0.440220 0.660284 -0.032877 -0.397112 -0.140388 -0.035682 -0.618132 -0.588115 -0.166424 -0.462404 0.315564 -0.914621 0.325181 -0.185418 0.335722 0.525555 -0.096986 -0.147612 -0.148808 0.714671
VERTEX_POSE A676 0.354842 -0.260785 -0.460384 -0.829069 0.832355 -0.569476 0.130996 -0.219829 -0.769707 -0.325319 0.369294 0.095392 0.429563 0.856593 -0.167357 0.680437 -0.151451 0.214804 -0.479050 0.242090
VERTEX_POSE A677 -0.728800 0.520567 0.418812 0.568215 -0.691380 0.149533 0.214690 -0.294768 0.059990 -0.463918 0.605596 0.492484 0.169263 -0.440046 0.474338 0.639145 0.588882 0.711691 -0.549119 -0.077092
VERTEX_POSE A678 0.651101 -0.075009 -0.000887 0.255904 -0.912766 -0.458712 -0.380141 0.606088 -0.694487 0.149523 0.075810 -0.428778 -0.471552 -0.692878 0.007339 -0.106381 0.372989 0.351237 -0.774246 0.087808
VERTEX_POSE A679 -0.632375 0.187898 0.204332 -0.170228 0.610887 0.634685 0.579842 0.501281 -0.157080 0.305422 0.004039 -0.645834 0.505324 0.138681 -0.377358 0.146973 0.371750 -0.114018 -0.541801 0.768941
VERTEX_POSE A680 -0.453417 0.810628 -0.470298 -0.789986 -0.270448 0.387429 -0.596668 0.046701 0.363367 0.174892 -0.762514 -0.440115 0.327937 0.269341 0.598779 0.674441 0.280487 0.406971 -0.225802 0.514950
VERTEX_POSE A681 0.283867 0.090422 -0.408787 0.853123 -0.890830 0.445298 -0.793157 -0.179362 0.362312 0.335108 0.204100 -0.001741 -0.017987 -0.798736 0.710951 0.036354 0.271101 -0.406185 -0.506912 0.463355
VERTEX_POSE A682 0.511506 0.280517 -0.911444 -0.140682 -0.492036 0.226544 -0.467783 -0.393407 0.765261 0.074919 0.491120 0.282651 -0.599118 -0.362594 -0.063356 0.446497 -0.548445 -0.528344 -0.466117 0.414447
VERTEX_POSE A683 -0.268318 0.462138 -0.868645 -0.228223 -0.214792 -0.286150 -0.275665 0.421633 0.282088 0.663318 0.692216 0.450964 0.252881 -0.410336 0.796954 -0.473333 0.135416 -0.006350 0.442748 -0.395410
VERTEX_POSE A684 0.358089 0.619105 -0.161758 -0.225232 -0.923189 0.156464 0.087794 -0.003741 -0.212952 0.555977 -0.144532 -0.557455 0.175813 -0.701919 -0.314337 -0.804624 -0.195702 -0.721531 0.069651 0.669408
VERTEX_POSE A685 -0.213606 0.055740 0.857556 -0.860398 0.555400 -0.570366 -0.316572 0.328822 0.702895 -0.468777 -0.201600 0.398321 0.529675 0.710630 0.052743 0.293499 -0.355447 -0.138489 0.559762 -0.468931
VERTEX_POSE A686 -0.523211 0.609637 -0.705421 -0.770372 -0.776137 -0.214754 0.105019 -0.811836 -0.033300 -0.345388 0.469362 -0.208409 -0.423773 0.044627 0.718748 -0.604407 -0.319674 -0.626689 -0.569900 -0.128214
VERTEX_POSE A687 0.046675 0.997868 0.374094 0.213783 0.183201 0.493856 -0.507995 0.622542 -0.429999 0.470716 0.474377 -0.047024 -0.427642 -0.324524 -0.464656 -0.422934 -0.302645 -0.594214 -0.398267 0.436461
VERTEX_POSE A688 -0.600544 -0.810445 -0.112718 -0.233516 -0.226686 -0.594616 -0.291728 -0.166296 -0.096458 0.788176 -0.591161 0.554932 -0.368645 -0.455099 0.570664 0.149468 0.103173 0.059337 0.368013 0.636486
VERTEX_POSE A689 0.255794 -0.723782 -0.929805 0.391231 -0.412747 0.609023 -0.351764 0.295403 0.397018 0.302646 0.521100 0.499348 -0.284365 -0.721436 0.455628 0.656327 -0.142119 -0.120506 0.522531 -0.317056
VERTEX_POSE A690 -0.066602 0.694977 -0.645334 -0.959750 0.320158 0.011388 -0.566400 -0.572294 -0.690444 -0.530376 0.006537 -0.400788 -0.012158 0.535460 -0.208908 0.375303 -0.594519 -0.564698 0.506844 -0.179631
VERTEX_POSE A691 0.520026 0.453703 -0.609958 0.175705 -0.845650 -0.357361 0.216712 -0.496921 -0.083311 0.089705 -0.796111 -0.384669 0.617010 0.201155 -0.410139 0.382458 0.270538 -0.741059 -0.646539 0.074985
VERTEX_POSE A692 -0.074420 -0.448872 -0.062163 -0.098532 0.976388 0.184559 0.286395 -0.834057 0.777492 0.387882 0.053025 -0.336438 0.106315 -0.208752 0.419605 -0.856340 -0.198197 0.268671 0.151341 0.467630
VERTEX_POSE A693 0.359730 -0.651251 -0.039366 -0.365120 -0.365877 0.756370 0.491494 -0.046257 0.404673 -0.241179 0.430015 0.101301 -0.449362 -0.745408 0.492876 -0.556196 -0.021240 -0.104671 -0.434726 0.506817
VERTEX_POSE A694 -0.192562 -0.678887 0.136185 0.471668 -0.164313 0.472717 -0.453323 0.731625 0.592580 0.340199 -0.010902 0.632503 -0.168330 -0.611844 0.035284 -0.126115 0.038926 -0.155187 -0.796570 -0.297889
VERTEX_POSE A695 0.002324 -0.652620 -0.866962 -0.421477 0.834453 -0.357824 -0.255667 -0.441584 -0.794898 -0.384926 0.379889 0.222401 -0.203994 0.471613 -0.427908 0.851437 0.042661 -0.086782 -0.141096 -0.660642
VERTEX_POSE A696 -0.844393 0.247738 0.972842 -0.752397 -0.741910 0.699236 -0.320392 0.394134 0.277232 0.438494 -0.391519 0.620449 0.336104 -0.311644 -0.210423 0.261442 -0.354526 0.070549 -0.723708 -0.684515
VERTEX_POSE A697 0.531843 -0.735561 -0.849879 0.904876 -0.250692 0.548142 0.077916 0.414007 0.056301 -0.403876 -0.758862 -0.255815 -0.483072 0.076278 -0.150824 0.772171 -0.403984 -0.779860 0.034731 0.289318
VERTEX_POSE A698 0.850038 -0.512833 0.929571 -0.384633 0.709606 0.300838 0.576085 -0.361059 0.615956 -0.405032 -0.461357 -0.228746 0.439653 0.200279 0.680826 0.166317 0.704905 0.119357 0.532089 -0.346097
VERTEX_POSE A699 0.576817 -0.422760 0.133005 0.593353 -0.328722 -0.479244 0.541075 -0.458217 -0.571365 -0.622417 -0.048189 0.624445 -0.062452 -0.548410 0.232225 -0.241265 0.416612 0.002550 -0.507667 -0.559818
VERTEX_POSE A700 0.456616 -0.193924 0.415622 -0.549432 0.547804 -0.553302 0.480926 -0.568995 -0.486817 -0.176795 0.341952 0.380629 0.767703 0.064425 0.478638 -0.002901 0.084133 0.287912 -0.384809 -0.740327
VERTEX_POSE A701 0.324568 -0.005453 -0.539067 0.951070 -0.683854 -0.436640 0.167789 -0.793013 -0.091756 0.501431 -0.132435 0.333857 0.661664 0.253877 0.500324 0.339124 -0.373801 0.662678 -0.409401 -0.386537
VERTEX_POSE A702 0.745049 -0.539489 -0.087164 0.290997 -0.807986 -0.579414 0.681141 0.149038 0.213067 0.021380 -0.624838 -0.685537 -0.508861 -0.453738 -0.385725 -0.122476 0.254439 0.011685 -0.511517 0.562804
VERTEX_POSE A703 -0.500023 -0.187288 -0.720084 -0.635999 0.246943 0.184933 0.454433 -0.166776 -0.361830 -0.538590 -0.451662 0.563043 0.272499 -0.583650 0.626028 -0.651445 -0.056164 -0.354896 0.069101 -0.651449
VERTEX_POSE A704 -0.472747 -0.291718 -0.635932 0.186979 -0.382969 -0.608964 -0.116717 0.571393 0.388140 0.658905 0.379821 0.518375 0.024758 0.195164 -0.259010 0.453411 -0.672300 0.377771 -0.588240 -0.197915
VERTEX_POSE A705 -0.036743 -0.283452 -0.583381 -0.495677 0.328295 0.517251 0.346542 -0.027538 -0.417905 0.880225 -0.153686 -0.549860 -0.055196 0.437600 0.274596 0.116789 -0.467697 -0.424332 -0.297366 -0.751923
VERTEX_POSE A706 0.059756 -0.527004 0.247039 -0.033110 -0.893445 -0.381348 0.064782 -0.030454 -0.502912 -0.217045 0.700022 -0.503215 0.492601 0.132006 0.335677 -0.495113 0.497690 -0.485540 -0.678897 -0.493883
VERTEX_POSE A707 0.882095 0.447497 -0.096316 0.357911 -0.550614 0.842924 0.290862 -0.188097 -0.306787 0.186546 -0.775171 -0.176495 0.797672 -0.111083 -0.361945 0.319972 0.460856 -0.182225 -0.376746 -0.372829
VERTEX_POSE A708 0.234458 -0.762885 0.835431 -0.927462 0.636915 0.247480 0.352507 -0.664430 0.461423 -0.095116 0.506492 0.475823 0.153513 -0.352496 0.499880 0.522042 0.379817 0.499555 -0.755379 -0.182986
VERTEX_POSE A709 -0.289143 0.397987 -0.753847 -0.777207 -0.806211 0.629859 0.145680 -0.495981 0.323236 0.693412 0.492760 0.024903 -0.550935 0.200805 0.053985 -0.137985 0.667458 -0.703748 0.418793 -0.159271
VERTEX_POSE A710 -0.750279 -0.364605 -0.891984 -0.812317 -0.939727 -0.656846 0.537817 0.381442 -0.440697 0.122063 -0.855495 0.136435 -0.335246 -0.160972 -0.422940 -0.478893 -0.056915 -0.420532 -0.595083 0.305743
VERTEX_POSE A711 0.781041 -0.952258 -0.634866 -0.717448 -0.633533 -0.054845 0.571298 -0.687988 0.472924 -0.228956 0.288329 -0.452812 -0.426468 -0.200948 0.714910 -0.276373 -0.501200 -0.239164 -0.602446 -0.389817
VERTEX_POSE A712 0.994724 -0.511591 -0.162635 -0.924083 -0.697041 -0.211117 -0.563678 -0.788251 -0.289609 0.785732 -0.459037 0.698071 -0.018281 -0.072360 -0.433611 -0.021099 0.252584 0.442983 0.253207 -0.314501
VERTEX_POSE A713 0.761227 0.915912 -0.803428 0.047001 -0.431763 -0.680968 0.341599 0.552967 -0.260926 -0.657435 0.228103 -0.499051 -0.461516 -0.222801 0.445733 -0.444386 0.558994 0.143076 0.201525 0.529228
VERTEX_POSE A714 -0.487277 0.509881 -0.503511 0.054329 0.151675 -0.522505 0.649130 0.045717 0.088582 0.435416 -0.120725 -0.561750 -0.530145 0.438681 0.531173 -0.176564 -0.053347 0.348473 0.277153 0.887721
VERTEX_POSE A715 0.352813 -0.892486 0.675607 -0.149315 -0.620229 -0.058642 0.379563 -0.558426 -0.485031 -0.781289 -0.258231 0.410866 -0.344208 0.548284 0.453237 -0.343275 -0.511471 -0.622151 0.095931 0.243431
VERTEX_POSE A716 -0.452380 -0.028348 -0.945872 0.186602 -0.876363 0.507012 0.762453 0.350893 -0.218294 -0.284192 0.492889 0.298857 -0.397236 0.689299 0.582773 -0.332188 -0.145655 -0.516088 0.264110 0.370926
VERTEX_POSE A717 -0.010488 0.119517 -0.208933 0.283956 0.375538 -0.844283 0.183794 -0.465148 0.196390 0.788919 -0.144786 -0.076297 0.226385 0.548671 0.265382 -0.435626 -0.506584 -0.415173 -0.320634 0.452778
VERTEX_POSE A718 -0.600512 -0.894618 0.049701 -0.935532 0.562972 -0.376116 0.072825 0.413397 0.202884 -0.091793 0.289350 0.763032 -0.261973 -0.283375 0.462454 0.728154 0.465551 0.145925 -0.622440 0.669582
VERTEX_POSE A719 -0.052924 0.161207 -0.058590 0.953087 -0.103049 0.116485 -0.052280 -0.081633 -0.607401 -0.665838 -0.083028 -0.584482 0.738190 0.019363 -0.192683 0.042826 -0.901611 0.488620 0.084666 -0.416132
VERTEX_POSE A720 -0.754694 0.395735 -0.138737 -0.324813 0.962792 0.412084 0.435810 -0.297569 0.489971 0.197537 -0.579987 0.651450 0.118763 0.736188 -0.214698 0.495037 0.122793 -0.345879 0.715460 0.134226
VERTEX_POSE A721 0.332886 0.800359 0.404367 -0.895282 -0.116870 0.011774 0.616858 -0.322802 0.750712 -0.182678 -0.469832 -0.074584 0.148953 -0.657225 0.582068 0.522945 0.486499 0.303195 -0.538941 0.080198
VERTEX_POSE A722 -0.532898 -0.385089 0.331452 0.128791 0.051301 -0.405789 -0.716413 -0.243699 0.454508 0.007666 -0.878926 0.285830 0.383670 0.144233 -0.559370 0.279922 -0.163142 -0.483905 0.511012 -0.347393
VERTEX_POSE A723 0.170886 0.946864 0.799099 0.576655 0.939180 -0.233613 -0.270253 -0.388334 0.461695 0.664237 -0.425622 -0.801637 0.572227 -0.103044 0.294584 0.339492 0.220398 -0.053496 0.207495 0.780288
VERTEX_POSE A724 -0.307385 -0.850892 -0.634999 -0.260402 0.517252 -0.562511 0.312073 -0.431943 -0.097864 -0.172391 0.635464 -0.225473 0.774342 0.178400 0.065316 -0.272323 -0.601000 -0.786702 -0.446235 0.128771
VERTEX_POSE A725 0.274539 -0.063976 -0.532363 -0.399540 0.886989 0.310424 -0.698084 0.505205 0.720930 -0.001025 -0.639228 0.384328 0.497658 0.361994 -0.214675 -0.483107 -0.419021 -0.436009 0.177827 -0.171861
VERTEX_POSE A726 -0.826790 -0.705756 0.932138 -0.844823 0.773632 0.139742 0.156733 0.604092 -0.517368 -0.205004 0.098963 0.501548 0.291185 0.491243 -0.352384 0.917294 -0.182294 0.580584 0.084797 -0.592224
VERTEX_POSE A727 -0.151778 0.396846 -0.662157 -0.012799 0.775343 -0.064015 0.115960 0.855487 0.572396 0.269706 -0.382948 0.384232 -0.597601 0.073655 0.675227 0.367108 0.322955 -0.254360 0.649551 -0.108478
VERTEX_POSE A728 -0.193617 0.200463 -0.382242 -0.494664 -0.363703 0.237760 0.643766 -0.102644 -0.379793 -0.264691 0.528498 0.008734 0.654347 0.480217 -0.877130 0.295524 -0.367394 -0.172611 0.000533 0.586998
VERTEX_POSE A729 -0.976752 -0.218589 0.861708 -0.229455 0.483238 0.246430 -0.049686 0.618308 0.458669 0.138350 -0.527365 0.290868 -0.691982 0.324933 -0.454551 0.455920 0.402188 -0.661569 -0.540082 -0.268783
VERTEX_POSE A730 -0.574961 0.974086 0.470848 -0.419446 -0.553380 -0.682116 -0.326543 -0.138156 -0.508063 -0.221402 0.056562 -0.364210 0.584082 -0.615401 -0.059449 -0.573229 -0.006038 0.374708 -0.417861 -0.773924
VERTEX_POSE A731 -0.737001 -0.993461 -0.966620 -0.044096 -0.815899 -0.186187 0.020716 -0.344366 -0.430048 -0.245241 0.551030 -0.551749 -0.234217 0.332815 -0.653511 0.598655 -0.346124 -0.221110 -0.725384 -0.589245
VERTEX_POSE A732 0.347816 0.775959 -0.677359 -0.278385 0.799384 0.117852 0.448730 0.025103 0.206729 0.546457 -0.276825 -0.380083 0.523095 -0.471070 0.508416 0.411143 0.599487 0.735136 -0.239499 -0.584334
VERTEX_POSE A733 -0.829913 -0.565403 -0.616317 0.871550 -0.361366 -0.414076 -0.213502 0.512005 0.095867 0.683849 -0.406175 0.424791 0.513820 0.722204 -0.637683 0.417804 -0.074166 -0.481936 0.219539 0.213996
VERTEX_POSE A734 -0.237024 -0.180749 -0.686704 0.319905 0.431044 -0.279907 0.392192 0.542612 0.736277 0.501560 0.352696 -0.376774 -0.236490 0.617652 0.149173 -0.375835 0.426938 -0.464045 0.630431 -0.131940
VERTEX_POSE A735 0.875069 -0.515759 -0.313291 0.908594 -0.583584 0.034997 -0.615556 0.146791 0.731660 -0.057803 0.213385 -0.616247 -0.388752 0.309067 0.033679 -0.381023 -0.891575 0.287323 -0.566959 0.206132
VERTEX_POSE A736 0.133345 0.151145 -0.199697 -0.624126 0.966929 -0.128317 0.256248 -0.340113 -0.368980 0.419689 0.520451 0.505570 -0.595096 0.269234 0.346585 0.263315 -0.649284 0.686780 0.578553 0.345538
VERTEX_POSE A737 0.822732 0.292247 0.560336 -0.713205 0.537599 0.048588 -0.655560 0.753468 0.222414 -0.075694 -0.086253 0.358049 0.393322 0.331613 -0.637129 0.520706 0.489958 -0.643459 -0.372388 -0.273533
VERTEX_POSE A738 0.757165 0.931737 0.590392 0.266505 -0.134198 -0.400063 0.667568 0.573698 0.651933 -0.026148 0.434499 -0.379033 -0.268505 0.383812 0.397196 0.654566 -0.222192 0.336902 -0.230474 0.534228
VERTEX_POSE A739 -0.632198 0.388260 -0.364266 -0.551588 0.603844 0.374628 0.048885 -0.089793 0.548263 -0.003488 -0.489175 0.640149 -0.527164 0.407550 -0.354446 -0.830292 -0.399061 0.153748 0.174103 -0.653681
VERTEX_POSE A740 -0.466410 -0.309766 0.806488 -0.490412 0.731387 0.165513 0.232993 0.500757 0.688674 0.511175 -0.018527 0.060647 -0.500990 0.734162 -0.336958 -0.117718 -0.297737 0.617345 -0.647739 -0.348221
VERTEX_POSE A741 -0.993115 -0.432868 0.698408 0.454188 -0.073925 -0.520305 0.593052 -0.418427 0.031525 0.729383 0.427272 0.092555 0.035252 -0.662981 0.540357 0.161342 -0.438497 0.654017 0.298355 0.102639
VERTEX_POSE A742 -0.851157 0.436003 0.000868 -0.269036 0.970311 -0.536400 -0.627425 -0.549170 -0.303418 0.003424 0.292215 -0.273273 0.705048 -0.597539 0.602501 -0.312787 -0.362562 -0.427233 -0.106765 0.352873
VERTEX_POSE A743 -0.471686 0.178643 -0.356147 -0.414495 -0.965653 0.717928 0.185057 -0.186771 0.170222 -0.589007 0.200497 0.248540 -0.112337 -0.825699 0.598247 0.228064 0.488225 -0.189557 0.744441 -0.069106
VERTEX_POSE A744 0.768112 -0.516956 0.894980 -0.498812 0.494313 0.407076 0.501725 0.451970 0.750753 -0.045583 -0.504469 0.069264 0.673973 -0.351154 0.010989 -0.348475 -0.478087 -0.515501 0.412941 -0.435153
VERTEX_POSE A745 -0.338434 -0.054117 0.497357 0.785293 0.121985 0.207266 -0.015704 -0.936513 0.203092 -0.307370 0.063058 -0.292426 0.645308 0.121243 0.120731 0.672366 -0.184915 -0.903164 -0.191779 -0.264714
VERTEX_POSE A746 0.881127 0.286157 -0.680540 0.436191 -0.585883 -0.550693 0.456452 0.414106 -0.600439 -0.338683 -0.346716 -0.395747 0.271445 0.284481 0.214065 0.776147 -0.470264 0.365747 -0.029298 0.637360
VERTEX_POSE A747 -0.684268 0.454696 0.949109 0.687790 0.617950 -0.219770 -0.243990 0.651022 0.426120 0.697978 0.032038 0.691165 -0.137997 -0.105581 0.089115 -0.530678 -0.580497 -0.533360 0.390682 -0.476466
VERTEX_POSE A748 0.651078 -0.934599 -0.711576 0.069249 -0.502477 -0.710259 0.094288 0.594769 -0.442031 0.694129 -0.455723 0.289751 0.184381 0.322421 -0.397405 -0.600898 -0.498864 -0.241361 -0.337964 0.292823
VERTEX_POSE A749 -0.719385 0.391539 0.369161 0.500659 0.977089 -0.330105 -0.256718 -0.281493 0.742367 0.416335 0.202457 -0.249732 0.232139 0.506435 0.379697 -0.079424 -0.685010 -0.365220 0.836997 -0.392502
VERTEX_POSE A750 0.262808 -0.384097 -0.109481 0.640877 -0.485100 0.072075 0.574081 0.444355 -0.445325 0.473533 -0.494662 -0.207830 -0.246014 -0.584621 0.756990 0.415329 -0.461185 -0.424574 0.461710 0.058178
VERTEX_POSE A751 0.896383 0.461136 0.149687 0.744436 -0.539685 0.103786 0.666978 0.277164 0.078649 -0.576485 -0.297655 -0.852425 0.123963 0.075286 -0.348460 0.197842 -0.735130 0.367410 0.410240 -0.537121
VERTEX_POSE A752 0.613501 0.191898 -0.226472 0.605377 -0.139781 0.063991 -0.318890 -0.653287 -0.332794 -0.429483 0.505383 -0.698697 0.447028 -0.415902 0.611424 0.449413 -0.037607 -0.152106 0.558612 0.378702
VERTEX_POSE A753 0.729910 0.230814 -0.778029 -0.230332 0.566201 0.408135 -0.476540 0.103714 -0.295890 0.624117 -0.336887 -0.498835 0.093901 0.794485 0.337252 0.203687 0.469612 -0.619112 -0.577132 -0.154946
VERTEX_POSE A754 0.067269 0.408000 -0.051213 0.321091 -0.600506 -0.347240 0.586768 -0.230549 0.703516 0.606619 -0.272016 -0.296078 0.365163 0.357291 0.245990 -0.391010 -0.503361 -0.486123 0.038499 -0.701303
VERTEX_POSE A755 -0.693884 0.341006 0.138529 -0.655025 -0.622529 -0.181250 -0.638254 -0.602325 -0.907882 -0.026470 0.391285 0.120730 -0.750914 0.413182 0.354528 -0.149353 0.525400 0.051319 0.075847 0.193225
VERTEX_POSE A756 0.004449 -0.833162 -0.310392 0.370128 0.453190 -0.026708 -0.282577 0.605888 -0.129100 0.291340 -0.635302 -0.900625 -0.330488 -0.137447 -0.251478 0.833701 0.299528 0.329019 -0.176046 -0.347394
VERTEX_POSE A757 0.240479 0.702244 -0.119076 0.476268 -0.826873 -0.509993 0.594984 -0.211230 0.244702 -0.143292 -0.547937 0.477120 -0.191444 -0.427120 -0.082024 -0.499486 0.550171 0.667576 0.582516 0.412344
VERTEX_POSE A758 0.154339 -0.262147 0.476372 0.332176 -0.847186 -0.738283 -0.533694 0.292717 0.082497 0.192895 0.532204 -0.077274 0.606476 0.215641 -0.364346 0.207415 -0.749444 0.556250 -0.516845 -0.151354
VERTEX_POSE A759 0.810832 0.367301 0.307367 0.875464 -0.910513 0.639728 -0.258289 -0.315331 0.028856 0.582126 0.317228 -0.731744 -0.384371 -0.232484 0.228729 -0.488195 -0.076190 0.046358 -0.456444 0.860279
VERTEX_POSE A760 0.263727 -0.516345 -0.257367 -0.753187 0.656365 -0.467657 -0.595007 -0.185295 -0.328747 0.718646 -0.536921 0.621776 0.092883 -0.088303 0.427473 -0.325507 -0.744016 0.322309 0.122200 0.340622
VERTEX_POSE A761 0.579377 -0.288061 -0.052780 0.912730 -0.400566 0.644115 0.332505 -0.287005 0.004357 0.150615 -0.463754 -0.643820 0.404272 -0.538788 -0.324281 0.428510 0.621277 -0.255802 -0.720901 -0.162120
VERTEX_POSE A762 -0.926169 0.373840 0.340747 -0.168632 -0.726411 0.730545 -0.606975 0.212441 0.335522 0.705864 0.348823 0.424863 0.285864 -0.631371 -0.414639 -0.212341 -0.047443 0.035986 -0.080815 -0.657504
VERTEX_POSE A763 -0.388457 -0.740386 0.065274 -0.031572 0.455749 0.626130 -0.364636 0.482622 0.049327 -0.521199 0.039272 -0.577928 -0.605956 0.315531 0.174269 -0.476972 -0.815028 -0.491078 0.026594 -0.041270
VERTEX_POSE A764 0.749465 0.146536 0.330903 0.784280 0.238068 0.304455 0.005800 0.314897 0.171652 0.571930 -0.045029 -0.919462 -0.026658 0.187902 -0.165803 0.464016 -0.745564 -0.070299 0.675900 0.554652
VERTEX_POSE A765 -0.163193 -0.806909 0.654043 -0.848727 0.704633 -0.285486 0.149761 0.611292 -0.557957 0.666867 0.097444 0.744735 0.426339 0.474652 0.037825 0.477709 -0.395399 0.226097 0.350555 -0.484965
VERTEX_POSE A766 -0.513388 -0.256145 0.751982 -0.122978 0.872165 -0.502962 -0.474013 -0.424466 0.606920 0.072661 0.228217 0.573007 -0.628967 -0.400615 -0.016480 0.477030 -0.514678 -0.223760 -0.383243 0.585116
VERTEX_POSE A767 -0.117190 -0.702318 -0.868794 -0.839846 0.204997 -0.536940 -0.249502 -0.278304 0.549166 -0.255686 0.560386 -0.351904 0.667973 0.582370 -0.493506 -0.234125 0.350980 0.206706 0.609402 -0.382325
VERTEX_POSE A768 -0.340461 0.485338 0.214379 -0.561932 0.242231 0.206263 -0.397507 -0.543213 0.888904 0.359459 0.241542 -0.209037 -0.107412 0.731651 -0.089796 0.568786 -0.327880 -0.339919 0.614592 -0.061300
VERTEX_POSE A769 -0.756223 -0.324408 0.342375 -0.856473 -0.262033 -0.130576 -0.642190 0.599773 0.598709 -0.652718 -0.328071 -0.598544 -0.328256 -0.681896 -0.312946 -0.058836 0.179444 -0.410254 -0.224361 0.188307
VERTEX_POSE A770 0.250612 0.685942 -0.233059 -0.391434 -0.191159 0.734358 -0.078409 -0.660346 -0.182407 -0.402476 -0.324682 0.225006 -0.240611 0.240309 0.433361 -0.577461 0.558479 -0.434760 -0.663709 -0.298123
VERTEX_POSE A771 0.193129 -0.824428 0.020867 -0.052344 -0.026381 -0.286108 -0.578397 0.417160 0.095397 0.700279 0.533526 -0.332598 0.050399 -0.596069 -0.541969 -0.122550 0.410988 -0.710415 0.396873 -0.130835
VERTEX_POSE A772 -0.749338 0.242724 0.040783 0.597715 0.664042 -0.095660 0.575414 0.376448 0.688964 0.020481 0.052797 0.274631 -0.428382 -0.509235 0.648826 0.094864 0.362734 -0.140643 -0.689905 0.681618
VERTEX_POSE A773 0.399456 0.121945 0.767809 0.339529 -0.220848 -0.516333 0.338252 -0.554734 -0.372731 -0.742057 0.231414 0.653134 -0.174815 -0.538007 -0.275875 -0.427433 -0.589771 0.302955 -0.348823 -0.037908
VERTEX_POSE A774 0.721443 0.354216 0.664720 0.533161 0.007965 0.792005 0.291965 -0.061975 -0.564732 0.275102 0.287619 -0.003495 -0.263851 -0.033103 0.125812 0.502778 0.734393 -0.194847 0.718799 -0.610742
VERTEX_POSE A775 -0.981226 0.725768 -0.064237 -0.901097 0.158355 0.112197 0.424411 -0.189383 -0.166552 0.892437 0.016371 -0.751952 -0.129092 -0.640430 0.085688 -0.080388 0.049405 -0.622012 -0.017423 0.742479
VERTEX_POSE A776 -0.938978 -0.932172 0.265165 0.124822 0.901137 -0.136062 0.738088 0.585130 -0.152269 0.195975 -0.584685 -0.470388 -0.322420 0.010824 0.715829 0.287704 -0.314348 -0.473947 0.479679 -0.465654
VERTEX_POSE A777 0.602570 -0.359627 0.984180 -0.030648 0.422082 -0.216291 -0.625801 -0.594473 0.799986 -0.158601 -0.420027 0.003026 0.057755 0.064433 -0.133688 -0.735612 0.468454 -0.543469 0.196871 -0.496567
VERTEX_POSE A778 -0.665493 0.180464 -0.115128 0.786693 -0.223696 -0.485370 0.745863 0.224750 0.465938 0.092179 0.562944 -0.320680 -0.633083 0.406340 0.663216 0.166634 -0.103839 -0.068015 -0.081424 -0.675786
VERTEX_POSE A779 0.712099 -0.866771 0.553590 -0.805929 -0.601340 0.434802 -0.427206 0.123765 0.372441 -0.147168 -0.741415 -0.757424 -0.037191 -0.142499 -0.287725 -0.388095 -0.546305 0.125534 0.802394 -0.340927
VERTEX_POSE A780 0.883185 -0.968088 0.353341 -0.529989 0.399171 0.447545 -0.338825 0.721505 0.701732 -0.078628 -0.179964 -0.275645 -0.751104 -0.315241 0.191390 0.514591 -0.245617 -0.441208 0.223728 0.536040
VERTEX_POSE A781 0.597315 0.796367 0.775391 0.427570 0.291205 0.173305 0.033866 -0.604953 -0.737341 -0.317967 -0.387260 0.570475 -0.170778 -0.552271 0.223164 -0.896867 0.303056 -0.225940 -0.253404 -0.295322
VERTEX_POSE A782 0.608483 0.594365 -0.296723 0.938506 -0.141025 -0.170691 -0.532829 -0.632440 0.444670 -0.276126 0.360322 -0.535318 0.499199 -0.245161 -0.096492 -0.509719 -0.204756 0.690838 0.361710 -0.606761
VERTEX_POSE A783 0.496686 0.223810 -0.873131 -0.924612 -0.740610 -0.449239 -0.630047 0.595373 0.122281 0.628241 0.712745 -0.563431 0.416083 -0.135839 -0.353459 0.127778 0.186232 0.583818 -0.137484 0.290500
VERTEX_POSE A784 0.327225 0.027181 0.997362 -0.802762 -0.142594 -0.729621 -0.317396 -0.365338 -0.465192 0.618748 0.492701 -0.205331 -0.347624 0.705043 -0.214960 -0.538800 0.125601 -0.403586 0.324442 -0.333036
VERTEX_POSE A785 -0.324248 0.002365 0.652063 0.259597 0.258470 0.279059 0.652620 -0.559089 0.665050 -0.172680 0.149515 0.499534 -0.374519 -0.500862 -0.393812 0.129181 -0.482048 0.274250 0.622348 0.426418
VERTEX_POSE A786 0.802802 -0.435184 0.265398 -0.579637 -0.363139 -0.558765 -0.181016 -0.575484 0.084383 0.687882 -0.025823 -0.591393 0.016936 -0.137381 0.535025 -0.001254 -0.796629 0.211339 -0.702683 0.121080
VERTEX_POSE A787 -0.668326 0.194019 -0.313030 0.567366 -0.689404 0.353624 0.096554 -0.264630 0.401921 0.566470 -0.413417 0.183872 -0.456763 0.379361 -0.822567 0.172575 -0.279633 0.054629 -0.656791 -0.732767
VERTEX_POSE A788 0.916231 -0.295391 -0.467013 -0.264135 0.431596 0.334868 0.613949 0.641168 -0.566519 0.549632 0.024908 -0.402360 -0.223789 0.526057 0.173503 0.506933 -0.532019 0.612309 -0.117935 0.168829
VERTEX_POSE A789 -0.042860 0.302669 -0.258230 0.752539 -0.210325 -0.504484 0.396542 -0.438970 -0.610930 0.126704 0.543105 -0.466593 0.068213 -0.378075 -0.121080 -0.671082 -0.503946 -0.374021 -0.609669 0.339764
VERTEX_POSE A790 -0.857494 -0.438681 0.994337 0.442830 -0.599917 0.270183 -0.767897 -0.408321 -0.809718 -0.401948 -0.009614 -0.196293 -0.106534 -0.338543 -0.439421 0.424569 -0.416928 -0.199338 -0.239091 0.738066
VERTEX_POSE A791 0.179958 0.188264 0.275620 -0.017322 0.087961 -0.014632 0.662857 0.542705 -0.116268 -0.028735 0.622363 -0.809501 -0.436779 0.180963 -0.184338 0.258785 -0.467839 -0.544973 0.549590 -0.257904
VERTEX_POSE A792 -0.463482 -0.985392 0.688990 0.665269 0.389109 0.232898 0.717487 0.440102 0.330818 -0.058779 -0.516995 -0.703464 -0.260786 0.069803 -0.572548 0.616053 -0.337698 0.116810 0.185004 -0.648162
VERTEX_POSE A793 -0.783663 0.935159 0.335083 -0.725802 -0.326328 0.286813 0.499077 -0.333605 -0.210260 0.562644 -0.189335 -0.194735 -0.395205 -0.895473 -0.455847 -0.391315 0.224901 0.792346 -0.353609 -0.020176
VERTEX_POSE A794 0.791501 0.447878 -0.659106 0.951106 -0.456290 0.165659 -0.630185 -0.342023 0.004313 -0.392224 -0.597841 0.605335 0.565126 -0.533498 0.732457 -0.219339 0.462340 -0.263846 0.285570 -0.165013
VERTEX_POSE A795 -0.714017 0.161144 0.019893 0.449549 -0.372823 0.413127 0.095396 -0.663612 -0.180430 -0.853210 -0.015737 0.832554 -0.079555 0.505784 -0.074535 0.400080 -0.179334 0.313161 -0.310707 -0.520955
VERTEX_POSE A796 0.053145 -0.871750 -0.010874 -0.574530 -0.621695 0.595003 0.367850 -0.102830 0.592947 0.179802 -0.252965 -0.529522 0.457431 -0.380809 0.078275 -0.198036 0.712883 0.088681 -0.764131 -0.521744
VERTEX_POSE A797 -0.721887 -0.808267 -0.907124 -0.171872 -0.584125 0.736765 0.037132 -0.660853 -0.368254 -0.582271 -0.338004 -0.321574 -0.228582 -0.396253 0.321402 -0.181925 0.489270 -0.338905 0.757783 -0.229401
VERTEX_POSE A798 0.168792 0.458826 0.151099 0.609703 0.832174 -0.509306 -0.627611 0.545173 -0.469274 -0.230929 -0.780605 -0.499546 0.096393 -0.021394 -0.454495 0.586996 0.050865 -0.253531 0.446005 0.300662
VERTEX_POSE A799 0.712684 0.613588 -0.796495 -0.136462 0.620536 -0.448644 -0.147585 -0.187810 0.557979 -0.392301 0.252108 -0.517913 0.335369 0.647396 -0.195292 -0.722685 0.495153 0.425448 0.435400 0.486695
VERTEX_POSE A800 -0.478110 -0.132675 0.435251 -0.028345 0.153842 0.017211 -0.751720 0.105747 0.644313 -0.229895 0.588997 -0.398739 -0.515802 0.022449 -0.516774 -0.149475 0.109316 0.398140 -0.306057 -0.793377
VERTEX_POSE A801 -0.580595 0.144767 0.918040 -0.781732 -0.358985 0.797751 0.294758 -0.188631 -0.573432 0.561617 -0.001834 -0.019521 -0.629705 0.322679 -0.078372 0.009600 -0.711816 0.168068 0.448424 0.594652
VERTEX_POSE A802 -0.094187 0.789161 0.224371 0.811194 -0.405845 0.222009 -0.597252 -0.387313 -0.768349 0.220694 0.135960 -0.563823 -0.284612 -0.475700 0.021206 0.271379 -0.715516 0.204953 0.663275 -0.305368
VERTEX_POSE A803 -0.227448 -0.889951 -0.523966 -0.430631 -0.182116 0.049364 0.440801 -0.624741 -0.237254 0.591633 0.069684 0.248967 0.048698 0.693875 0.568218 -0.459095 -0.339407 0.745935 0.492468 0.090461
VERTEX_POSE A804 0.818860 -0.733288 0.685849 0.557798 0.420167 0.056887 -0.322214 -0.485069 -0.701137 -0.417846 0.537507 0.515184 0.125340 0.580819 0.487732 -0.648019 0.240926 0.043294 -0.534737 -0.283547
VERTEX_POSE A805 -0.372744 0.143376 -0.110909 0.344355 0.602120 0.331805 -0.697155 0.393478 -0.245263 0.257015 0.761035 0.571932 -0.246629 0.028116 0.284184 0.154913 -0.446337 0.649526 0.602573 0.256890
VERTEX_POSE A806 -0.208674 0.835817 0.411797 -0.331728 0.976239 0.432454 -0.840797 -0.007568 0.642268 0.076646 0.328185 -0.067963 -0.252058 -0.548318 -0.557000 -0.428115 0.035865 -0.292588 -0.200923 0.768309
VERTEX_POSE A807 0.879882 -0.665460 -0.048986 -0.317380 0.321303 -0.496576 -0.575606 0.490523 -0.285642 0.542628 0.472333 0.371951 0.440799 0.463231 -0.655492 0.419784 -0.470364 -0.322185 0.060913 0.316958
VERTEX_POSE A808 -0.770175 0.783749 -0.126729 -0.686293 0.024202 -0.095922 -0.396997 -0.514641 0.372462 -0.354046 -0.618140 0.717447 0.491557 -0.181989 0.532166 -0.619140 0.563418 0.232682 0.303449 0.049867
VERTEX_POSE A809 0.125832 0.016281 -0.703331 -0.545035 -0.247456 -0.799571 -0.286520 -0.171891 0.555748 -0.532800 -0.078676 0.147665 0.684353 -0.566574 0.032368 -0.386920 -0.796689 -0.170228 0.126427 -0.092439
VERTEX_POSE A810 0.591981 -0.532231 -0.495396 -0.123309 0.719964 0.209435 0.339131 -0.050431 -0.306091 0.450574 0.678929 -0.139967 -0.314737 -0.435273 -0.831747 0.300505 -0.393967 -0.388654 -0.701862 0.437995
VERTEX_POSE A811 -0.886990 0.815661 -0.773388 -0.216282 -0.576627 -0.158623 -0.186561 0.701706 -0.422605 0.548109 0.219764 0.651128 0.640935 -0.064792 0.209014 -0.458923 -0.369414 -0.573227 0.208240 -0.564489
VERTEX_POSE A812 -0.276853 -0.187352 -0.927940 0.882535 -0.956252 -0.002937 -0.305875 -0.707318 0.155084 0.639238 -0.380452 0.390965 -0.555277 0.311490 0.505446 0.417122 0.377723 0.753400 -0.124466 -0.339495
VERTEX_POSE A813 0.200464 -0.937867 0.207881 -0.184803 -0.421061 -0.204151 0.142204 0.662070 -0.475705 -0.588370 0.324318 -0.715197 0.627262 -0.243037 0.468446 0.402559 0.205019 -0.032848 -0.279442 -0.596138
VERTEX_POSE A814 0.609696 0.039471 -0.646518 -0.140894 -0.317237 0.207259 -0.542810 -0.542195 0.688612 -0.116496 0.665278 -0.412596 -0.180617 0.236417 -0.474803 0.234442 0.322886 0.295270 0.777303 -0.321372
VERTEX_POSE A815 -0.949628 0.839830 -0.930578 -0.920227 -0.098846 0.552682 -0.500725 -0.587965 0.469434 0.641897 -0.260887 -0.582795 -0.277760 -0.441327 0.161247 -0.259796 -0.086323 -0.329428 0.438859 -0.619688
VERTEX_POSE A816 0.876216 0.064498 -0.140056 -0.925206 0.837408 0.324327 0.337849 -0.540248 0.013791 0.461120 0.779964 0.050625 0.494560 0.032480 0.869709 -0.386033 0.261187 0.368328 0.528786 -0.174684
VERTEX_POSE A817 0.412498 0.604287 0.618880 0.279469 0.319624 -0.271522 -0.724071 -0.577311 -0.441532 -0.383494 0.387156 0.749918 -0.191940 -0.312807 0.274027 -0.351218 0.232422 0.306364 -0.410438 0.604115
VERTEX_POSE A818 -0.617954 0.033848 -0.243608 0.647140 0.211750 -0.765448 -0.131967 -0.437257 0.392047 0.408565 -0.505390 0.370209 0.052648 -0.452933 0.263931 -0.325380 0.451476 -0.231677 0.840842 0.380010
VERTEX_POSE A819 0.792446 0.769107 0.392931 -0.189341 0.269005 -0.438481 0.374351 0.192978 0.591979 0.035186 -0.249871 -0.453250 -0.660673 -0.552481 -0.108895 0.624306 -0.744509 0.489899 -0.179935 -0.201978
VERTEX_POSE A820 -0.630361 -0.093044 -0.639350 0.032008 -0.890701 0.408577 -0.341325 -0.005636 -0.330116 0.211809 0.884212 -0.104564 0.256610 -0.184712 0.583711 0.795598 0.023073 -0.610276 0.373910 -0.428353
VERTEX_POSE A821 -0.475447 0.595167 -0.249272 0.089970 0.611834 -0.300432 -0.449482 0.739252 0.356225 0.540604 0.669825 0.432392 0.312734 -0.049213 -0.533520 0.255387 0.031002 -0.557887 0.585396 -0.038190
VERTEX_POSE A822 -0.027596 -0.042629 -0.331448 0.793337 -0.643034 -0.558531 0.365001 -0.522180 -0.396071 0.177117 0.624123 -0.654019 -0.452946 -0.198931 -0.299631 0.351693 0.483849 0.116839 0.711727 -0.253212
VERTEX_POSE A823 -0.093844 -0.078436 -0.950361 -0.302724 0.498407 -0.525327 -0.035006 0.394235 0.314777 0.426633 0.716311 0.255024 0.356029 -0.549369 -0.628295 -0.141869 -0.105841 0.406392 -0.818459 0.135896
VERTEX_POSE A824 -0.259110 0.530326 -0.914188 0.364167 -0.714494 0.413591 -0.155626 0.646222 -0.511414 0.483648 -0.019265 0.416491 0.294758 0.300195 0.467767 -0.276531 -0.667717 0.418482 0.760601 -0.214624
VERTEX_POSE A825 -0.236095 -0.594751 0.009445 0.744442 -0.099324 0.527989 -0.339832 0.525903 0.574846 0.009914 -0.287751 0.333608 0.314342 -0.655779 0.352255 -0.566956 -0.173189 -0.394211 -0.681297 -0.424953
VERTEX_POSE A826 0.192139 -0.917292 0.069533 -0.853175 -0.874416 -0.632265 -0.338620 0.378440 0.032460 -0.698708 -0.705179 0.474613 -0.280027 0.391181 -0.412398 -0.346285 0.238170 -0.451506 0.445887 -0.386986
VERTEX_POSE A827 0.794035 0.658577 0.074938 0.789638 -0.336190 0.103048 -0.594568 0.684893 -0.434207 -0.552723 -0.515451 -0.317087 -0.364731 -0.154528 0.632517 -0.075878 -0.487026 0.547926 -0.449667 -0.064490
VERTEX_POSE A828 0.042017 -0.403018 0.102322 -0.427430 0.316552 0.043764 -0.373075 0.083699 -0.834929 -0.330819 -0.409520 0.382974 -0.446527 -0.593857 0.378345 -0.408262 -0.123407 0.105663 0.620733 -0.676308
VERTEX_POSE A829 -0.639069 0.541533 -0.779368 0.756528 0.957758 0.756708 0.334163 -0.304985 -0.108437 0.818827 0.268463 0.044395 -0.320380 -0.457445 -0.532757 0.331280 -0.730738 -0.360324 -0.073939 0.302784
VERTEX_POSE A830 0.506719 0.272165 0.278442 -0.346824 -0.715654 0.602562 -0.659349 -0.332043 -0.205819 -0.268156 0.027125 0.763284 0.375818 0.280168 -0.022658 0.199643 -0.862177 0.106969 0.558798 -0.259169
VERTEX_POSE A831 0.563907 0.464307 -0.462428 0.544224 -0.529606 -0.379109 -0.350530 0.512528 -0.363599 0.323472 -0.443523 -0.482366 0.105035 -0.500882 -0.530354 0.531462 0.518414 0.458388 0.692106 0.144799
VERTEX_POSE A832 -0.219664 -0.313699 -0.861328 0.974797 -0.401227 0.642294 -0.402736 0.484163 -0.308222 0.497673 0.525372 0.251094 0.183611 0.529492 0.547419 0.738345 -0.274303 0.360197 -0.106106 -0.366015
VERTEX_POSE A833 -0.587468 0.061325 -0.497186 -0.535630 -0.121499 -0.549648 -0.356102 -0.465056 -0.539522 0.112149 0.361895 -0.415473 -0.272418 -0.287538 -0.031560 -0.688109 0.680090 0.482896 -0.559382 -0.327954
VERTEX_POSE A834 -0.663541 0.574357 0.013606 -0.886406 0.288278 0.561436 -0.577452 0.393031 0.644175 -0.030622 -0.227544 -0.055711 -0.318549 -0.820394 0.501065 0.514272 -0.287705 -0.125130 -0.547415 -0.194755
VERTEX_POSE A835 -0.400804 -0.046987 0.824521 0.532595 -0.981061 0.255984 -0.402536 0.725828 -0.293636 -0.181250 0.522734 -0.267252 0.776852 0.431188 -0.878396 -0.263072 -0.087877 -0.072428 -0.363878 -0.079228
VERTEX_POSE A836 0.039787 -0.795298 0.391905 0.808725 -0.519379 0.083690 -0.385092 0.558448 0.163958 0.575820 0.565331 -0.629851 0.266636 -0.358017 -0.145784 0.615861 0.172438 0.740371 0.264114 -0.458940
VERTEX_POSE A837 0.127785 0.410174 -0.574597 -0.218135 0.264517 0.423989 0.462402 -0.561195 -0.044572 -0.779119 -0.415278 0.601934 -0.290262 -0.277950 -0.647650 -0.004271 -0.456726 0.190977 -0.308038 0.476182
VERTEX_POSE A838 -0.520922 0.287552 -0.224465 -0.784785 0.340243 0.023149 0.662087 -0.278713 -0.381631 -0.420248 -0.743655 0.134512 0.152324 -0.539661 -0.590328 -0.290482 0.272161 -0.698026 0.526736 0.063171
VERTEX_POSE A839 0.269613 0.988451 -0.734824 -0.877567 0.504823 0.781916 0.293897 0.311691 -0.217451 -0.145687 -0.440294 0.165532 -0.697949 0.411987 0.247854 0.405711 -0.410997 0.502484 -0.490577 -0.608554
VERTEX_POSE A840 -0.746383 -0.573545 -0.277929 0.236830 -0.982939 0.523877 -0.011900 -0.508745 0.602412 0.338676 -0.113169 0.478971 -0.737766 0.474959 0.329562 0.556360 0.542637 -0.156935 0.176983 0.456432
VERTEX_POSE A841 -0.928941 0.755321 0.280139 0.091905 0.060206 -0.318429 -0.122903 -0.182400 -0.192379 -0.511756 -0.492972 0.492311 0.166233 -0.792050 0.413517 -0.815159 0.222202 0.669498 0.175738 0.216776
VERTEX_POSE A842 0.382623 0.804112 -0.508211 -0.093849 0.928197 -0.591008 -0.236475 0.426524 0.114854 -0.090910 0.745283 0.655329 -0.640584 -0.028386 0.200020 0.590490 -0.102245 -0.409944 -0.420463 -0.501369
VERTEX_POSE A843 -0.023235 0.239104 -0.205869 0.119365 -0.939191 -0.477050 -0.441198 0.645519 0.289288 -0.130578 0.157937 0.251038 -0.408485 -0.528994 0.689270 -0.461595 0.351478 -0.388102 -0.639033 -0.393687
VERTEX_POSE A844 0.271523 0.817454 -0.511980 0.907102 0.639145 -0.251553 -0.542222 -0.453864 -0.189176 0.021256 -0.738063 -0.310703 0.516429 -0.300569 0.597415 -0.472692 -0.186763 0.668949 0.464121 -0.352205
VERTEX_POSE A845 -0.007681 -0.156417 -0.154730 0.765256 -0.389040 -0.368587 -0.536968 -0.226514 0.168047 0.339511 0.049222 -0.663651 0.697763 -0.090185 -0.279440 -0.151211 -0.733257 -0.563369 -0.294380 0.632826
VERTEX_POSE A846 0.027137 0.078933 -0.136447 0.199138 -0.038037 -0.692651 0.317486 0.284577 0.199750 -0.028498 -0.354546 -0.455817 0.439151 -0.570324 0.216666 0.521428 0.628621 0.474997 0.658521 -0.269962
VERTEX_POSE A847 0.147739 -0.118048 0.347964 0.981896 0.476553 -0.416770 -0.393963 -0.507412 0.103536 -0.274056 -0.264767 -0.156877 0.641945 -0.698970 -0.474777 0.525626 0.407576 0.752036 0.285152 -0.133246
VERTEX_POSE A848 -0.595183 -0.552130 -0.535850 0.044725 0.930584 -0.415555 0.569440 0.684123 0.442724 -0.032336 0.057834 -0.274945 -0.346834 0.146800 0.107807 -0.677031 0.640177 0.737626 0.309883 0.311855
VERTEX_POSE A849 0.409183 -0.887219 0.619945 -0.153722 -0.826287 0.363093 -0.077314 0.434080 0.284640 0.352507 0.301691 -0.125352 0.636946 0.548115 0.830412 -0.213717 0.012790 -0.286088 -0.646828 0.648046
VERTEX_POSE A850 -0.059815 -0.348941 -0.259105 -0.207444 -0.254442 0.407193 -0.107932 -0.562242 0.380624 0.777618 0.170456 -0.262191 0.239205 -0.806472 -0.409902 -0.317609 0.055647 -0.672722 0.474939 0.036536
VERTEX_POSE A851 -0.225544 0.354826 -0.175201 -0.923268 -0.960117 0.396961 -0.613690 0.164708 -0.283814 -0.327889 0.289454 0.576624 -0.406553 -0.265019 -0.523589 -0.513695 0.314573 -0.393994 -0.294459 -0.848467
VERTEX_POSE A852 0.933736 0.707949 -0.629327 0.936248 0.785547 -0.357458 -0.378632 -0.728368 -0.067487 -0.660690 0.614679 -0.655069 -0.277114 0.041146 0.113497 0.116404 -0.125753 0.652436 -0.574268 -0.272292
VERTEX_POSE A853 0.912589 0.608430 0.409447 -0.414108 0.102524 0.258044 -0.371876 -0.258251 -0.213513 0.330509 -0.095313 0.215458 -0.660807 0.575554 -0.624275 0.100433 0.618430 0.672075 0.552919 0.458807
VERTEX_POSE A854 0.680612 -0.723611 -0.125561 -0.225991 0.538290 0.320024 0.486839 0.291105 0.250442 -0.769808 0.337640 0.710171 -0.226455 -0.310456 -0.229920 -0.113162 0.736736 -0.526933 -0.326030 -0.402609
VERTEX_POSE A855 -0.325374 0.238275 -0.543515 0.300415 -0.928947 0.233363 0.541336 0.449200 0.423957 0.520274 0.196383 -0.507568 0.597676 -0.536604 0.686966 -0.132165 -0.560083 0.190407 0.248166 -0.397513
VERTEX_POSE A856 -0.323507 -0.986320 -0.581108 -0.669665 -0.996800 -0.617013 0.429485 0.113363 -0.089889 -0.391952 -0.473866 0.505144 0.567146 -0.607222 0.570232 -0.260343 0.451555 -0.175729 -0.522000 -0.435867
VERTEX_POSE A857 -0.127249 -0.640903 0.943972 -0.079166 0.663874 -0.009372 0.552799 0.443027 0.629693 0.554880 -0.505321 0.076200 0.385314 0.481635 0.397472 -0.190882 0.553742 0.663030 -0.449020 0.098867
VERTEX_POSE A858 -0.531340 -0.103148 0.531423 0.090053 -0.265137 0.480601 -0.568778 0.449120 -0.696301 -0.237892 0.448075 0.388315 -0.296287 -0.340617 0.318118 0.334632 0.692416 -0.179444 -0.648178 -0.045386
VERTEX_POSE A859 0.718511 -0.389338 0.521214 -0.097095 0.319752 0.171293 0.605367 -0.532321 0.387426 -0.318028 0.417071 -0.097603 0.516083 0.717805 -0.309201 0.452285 0.155717 -0.845830 -0.247964 -0.056520
VERTEX_POSE A860 0.233683 0.900630 -0.835396 -0.322638 0.621631 -0.036758 0.027737 0.439028 0.161065 -0.715469 0.186938 0.035182 -0.589351 0.279033 0.703530 0.342510 0.566166 0.690301 -0.150622 -0.611478
VERTEX_POSE A861 0.975379 -0.830984 -0.190135 0.743229 0.019209 0.070752 0.326743 0.685379 0.886337 -0.108499 0.015302 -0.422230 -0.290560 0.399355 0.106185 -0.845957 0.303541 -0.140880 -0.285304 -0.527636
VERTEX_POSE A862 0.282418 -0.925031 -0.941214 -0.552871 0.790146 -0.251138 0.014824 -0.565397 0.033044 0.775108 0.409155 0.322875 -0.441131 0.603976 -0.823038 0.066870 0.355366 -0.392681 -0.447123 0.147808
VERTEX_POSE A863 -0.985981 -0.413069 -0.696724 -0.347841 -0.779596 -0.637589 -0.434413 -0.277168 -0.204392 -0.577787 -0.175200 -0.305257 0.524075 -0.649496 0.162141 0.195325 -0.456271 0.657444 -0.405760 -0.512304
VERTEX_POSE A864 -0.612090 0.230342 0.312679 -0.792401 0.897710 0.252838 0.286857 -0.792712 0.459369 0.662724 0.390259 -0.771663 0.593248 -0.138579 -0.311757 -0.332424 0.017076 -0.179994 0.126731 0.447002
VERTEX_POSE A865 0.618877 0.649326 0.072392 -0.439277 0.078424 -0.320674 0.325421 0.436735 0.548108 0.340023 -0.324573 0.228729 -0.557543 0.656555 -0.631694 -0.404753 -0.437689 0.381303 -0.551186 -0.285096
VERTEX_POSE A866 -0.386785 0.539943 -0.872203 -0.815246 -0.760657 -0.606680 0.473457 0.314185 -0.341340 -0.408071 0.690290 0.360562 0.199248 0.529649 -0.078084 -0.754212 -0.022283 0.615893 0.027947 0.379160
VERTEX_POSE A867 0.427698 0.435043 -0.295416 -0.983676 -0.621669 0.349953 0.001089 -0.157285 -0.389520 -0.844846 0.279845 0.465205 -0.189923 -0.172275 -0.218914 0.454673 0.719454 0.679314 -0.208413 0.591316
VERTEX_POSE A868 -0.253339 0.059500 0.497794 0.342588 -0.657059 -0.050964 -0.531319 0.237213 0.711723 -0.323402 -0.464841 0.244607 -0.572592 0.289173 -0.313280 -0.345877 0.406010 0.576955 0.406962 0.692234
VERTEX_POSE A869 0.092293 -0.172505 -0.096668 -0.600032 0.579586 0.735163 0.257357 0.597093 0.053397 0.498682 -0.104259 0.266713 -0.083735 -0.050298 -0.527115 0.667389 0.354610 0.328176 0.482352 -0.710163
VERTEX_POSE A870 -0.302689 0.423494 -0.030240 -0.861243 0.883154 -0.406109 -0.021646 -0.732323 -0.096251 -0.611453 0.514196 0.001095 0.569989 0.251658 0.878226 0.066997 -0.200274 -0.233515 0.544318 0.309617
VERTEX_POSE A871 0.000278 0.485955 -0.780134 -0.420582 -0.639998 -0.569279 0.390649 -0.212718 0.235020 -0.443323 -0.531481 -0.465870 -0.546364 0.629909 0.546532 -0.199561 0.281207 -0.323970 -0.559034 -0.443189
VERTEX_POSE A872 0.163352 -0.417184 -0.816529 0.491874 -0.360208 0.287574 -0.155607 -0.479532 0.333344 -0.151607 0.790317 0.373299 -0.818940 -0.046858 0.553186 0.183709 -0.350481 0.600679 0.498387 0.142884
VERTEX_POSE A873 -0.920066 0.227606 0.461549 0.044908 0.811351 0.699896 -0.087211 0.005730 -0.269963 -0.591742 -0.437113 0.656680 -0.149188 -0.277037 0.061651 0.471646 0.385914 0.047294 -0.630498 0.763689
VERTEX_POSE A874 0.977043 -0.274942 0.013997 0.698783 -0.579189 -0.262117 -0.326398 -0.269897 0.435359 0.574178 -0.547810 0.738631 -0.073170 0.549411 0.441766 -0.662260 -0.522300 0.032010 0.346181 -0.228932
VERTEX_POSE A875 -0.565125 -0.599729 -0.328509 0.398976 -0.721063 -0.435201 0.144735 0.561526 -0.391142 0.100125 0.467707 -0.252392 -0.744784 -0.257916 -0.665409 0.415973 -0.618961 -0.388765 -0.491213 0.127689
VERTEX_POSE A876 0.072253 -0.928812 -0.693181 -0.189836 -0.577689 -0.554107 0.432391 0.424544 0.601598 0.763877 -0.096705 -0.340651 0.377836 0.269290 -0.086162 0.251943 -0.369468 0.455607 -0.152627 0.775492
VERTEX_POSE A877 0.004180 0.803992 0.877550 -0.102078 0.382774 0.133269 0.169332 -0.345801 -0.536349 0.087462 -0.539112 0.326971 0.327585 -0.680729 0.613731 -0.637152 -0.233817 -0.459340 -0.671120 -0.267801
VERTEX_POSE A878 0.582614 0.282223 -0.980545 0.380872 0.755490 -0.315407 0.586400 -0.182894 0.420467 -0.249483 -0.118846 -0.265224 -0.618414 -0.659926 0.731210 0.325261 -0.495431 -0.344549 0.325058 -0.521029
VERTEX_POSE A879 0.477070 -0.480942 -0.229031 0.854889 -0.647105 0.251716 0.411094 -0.311685 0.317335 0.492699 -0.054179 0.453926 0.450497 0.496219 0.215023 0.041168 -0.806471 -0.763972 0.619360 -0.057348
VERTEX_POSE A880 -0.586637 0.916773 0.497494 0.744200 0.556487 -0.406590 -0.669316 0.181312 -0.461877 -0.257696 0.155610 -0.087101 -0.277336 0.209528 -0.722604 0.627002 0.164399 -0.302675 -0.124744 -0.933800
VERTEX_POSE A881 -0.477201 0.933282 -0.239650 -0.826572 -0.498952 -0.355217 -0.710302 -0.000635 0.468371 -0.335286 0.135846 -0.595167 -0.020148 0.692545 0.254354 0.428861 0.572087 -0.485314 0.445788 -0.417905
VERTEX_POSE A882 -0.748474 0.873884 0.595768 0.931622 -0.607223 0.331818 0.693633 0.334063 0.477361 0.459996 -0.358901 -0.505501 0.310880 0.482134 -0.616472 0.442596 -0.600943 -0.162646 0.121404 0.407439
VERTEX_POSE A883 -0.652901 0.624722 0.868168 0.680448 0.342034 0.293372 0.547100 -0.348527 0.690114 -0.541012 -0.169511 -0.465696 0.143748 -0.442962 -0.237184 -0.456810 -0.711396 0.405642 0.422668 -0.384051
VERTEX_POSE A884 -0.564612 0.541713 -0.830203 -0.240680 0.603572 -0.453589 -0.340349 0.106196 -0.417434 -0.620932 -0.405538 -0.526498 0.113791 0.767763 -0.359862 0.645412 -0.322060 0.461850 -0.262870 0.362049
VERTEX_POSE A885 0.932139 -0.849727 -0.529793 -0.294369 0.931067 -0.004607 0.111428 -0.509131 -0.676383 -0.221313 0.385786 -0.150029 0.522880 0.583874 -0.202491 -0.749555 0.002797 -0.692079 0.321509 -0.501037
VERTEX_POSE A886 0.021725 -0.137003 -0.675347 -0.019137 0.413086 -0.373892 0.241674 -0.829201 -0.860582 -0.442495 0.195905 -0.313830 0.752458 0.314355 0.019256 0.148627 -0.333938 0.144030 -0.396873 -0.252415
VERTEX_POSE A887 0.111881 0.555393 -0.411311 0.089655 0.606773 -0.471192 -0.390619 0.291448 -0.253229 -0.473171 -0.831422 -0.522343 0.771189 -0.304655 0.663920 0.150778 -0.347713 0.014872 -0.077840 -0.100384
VERTEX_POSE A888 -0.195110 -0.490630 -0.585821 0.626465 0.594940 0.123148 -0.066950 0.055565 0.187571 -0.904654 0.134851 -0.794434 -0.222824 -0.545685 0.462863 -0.202957 -0.685397 0.322929 0.293730 -0.459550
VERTEX_POSE A889 0.490385 0.759848 0.856075 -0.929084 -0.852051 0.499215 -0.284740 -0.081556 0.595775 0.659931 -0.333995 -0.278633 -0.282075 -0.426657 -0.320529 0.537586 0.543702 -0.464179 0.338894 -0.635726
VERTEX_POSE A890 -0.169608 -0.833945 -0.890097 0.992559 -0.073475 -0.744894 0.358815 0.166154 -0.114963 -0.372923 0.503464 0.604580 0.040265 0.096276 -0.059477 -0.526986 0.563653 -0.250722 -0.672937 -0.626054
VERTEX_POSE A891 -0.961427 -0.590000 -0.421218 -0.696173 0.216572 0.111211 0.372638 0.231654 0.582994 -0.441412 -0.502145 -0.240406 0.647350 -0.665506 0.687070 0.381200 -0.090655 -0.343351 -0.319251 -0.493022
VERTEX_POSE A892 0.465764 0.928865 -0.334060 0.814145 0.167158 -0.991224 -0.103482 -0.053461 0.023219 -0.577810 0.757284 -0.049697 0.645543 0.249403 0.113197 -0.485897 -0.575925 0.040641 -0.051043 0.172542
VERTEX_POSE A893 -0.887190 -0.758976 -0.831311 -0.560312 -0.283329 0.182704 -0.080155 0.352987 0.387408 -0.582550 -0.657268 -0.547883 -0.463571 -0.143861 -0.535683 0.455767 -0.536357 -0.478959 -0.481237 0.367457
VERTEX_POSE A894 -0.947409 -0.003070 -0.117942 -0.044014 0.436976 0.620747 0.505182 0.417771 0.556441 -0.419115 -0.498797 -0.065748 0.302187 0.247608 -0.445124 0.488122 -0.468750 -0.320294 -0.489442 0.543721
VERTEX_POSE A895 0.853674 0.159206 0.978619 -0.978256 0.064868 -0.275968 -0.328971 -0.007977 0.802326 -0.543488 0.132759 -0.316051 -0.660256 0.186915 -0.088713 -0.300579 -0.920513 -0.415159 -0.264788 0.316275
VERTEX_POSE A896 0.731686 0.890349 0.241081 0.000411 0.795095 0.202985 0.546233 -0.783223 0.483843 -0.345354 0.095722 -0.624995 0.068527 0.046415 0.515664 0.487366 0.472274 -0.261085 0.583214 0.390131
VERTEX_POSE A897 -0.334194 -0.463127 0.009855 0.140740 0.676319 -0.079242 -0.855338 -0.110119 0.167970 -0.050695 0.822523 0.638271 0.348704 -0.222158 -0.670861 0.319498 -0.219083 0.328730 -0.205313 -0.462577
VERTEX_POSE A898 0.281372 -0.405750 -0.316798 -0.961932 0.443199 0.713554 0.144212 0.505682 0.317519 -0.662053 -0.447911 -0.424737 0.383842 0.040286 0.113151 -0.059389 0.463132 -0.443641 -0.624522 0.572317
VERTEX_POSE A899 -0.521653 -0.050151 -0.261125 -0.657001 -0.861964 0.557394 0.191342 -0.705018 -0.709981 0.541520 -0.403213 0.071676 0.602938 0.441622 0.321068 0.397356 0.354644 -0.277519 -0.385639 0.139878
VERTEX_POSE A900 0.758099 0.364369 0.913187 0.540709 0.255905 0.860403 0.216356 0.169265 0.410279 -0.580385 -0.643011 0.260885 0.521154 0.052137 0.148983 -0.581710 0.732547 -0.033492 -0.079720 0.136171
VERTEX_POSE A901 0.978682 -0.982256 0.652962 -0.823175 0.326353 0.599081 -0.573992 -0.211941 -0.106336 -0.609874 -0.328415 -0.606167 -0.128766 -0.220382 -0.266151 -0.509634 0.802548 0.437631 0.149264 0.393157
VERTEX_POSE A902 0.478626 -0.564196 -0.041259 -0.077583 -0.501962 -0.226887 0.164535 -0.601919 -0.439154 0.151576 0.019203 -0.253589 0.443116 -0.534208 0.534901 0.801413 0.179952 0.636584 -0.333674 -0.565300
VERTEX_POSE A903 -0.078549 0.947185 -0.903342 0.032582 0.895697 -0.346849 -0.331103 0.756899 -0.298791 -0.291581 0.084279 0.830107 -0.328481 0.378600 0.167862 0.801163 0.397255 -0.270491 0.235773 0.344748
VERTEX_POSE A904 -0.941384 0.245350 0.114511 0.221734 0.137704 -0.187119 0.606775 0.085858 -0.347760 -0.467140 0.746977 -0.711470 -0.091335 -0.138556 0.264685 -0.628480 -0.366698 0.517495 0.101361 0.530084
VERTEX_POSE A905 0.455669 0.160862 0.972738 -0.378800 -0.081152 0.126850 -0.605893 0.725659 0.104921 0.628172 0.531841 0.907941 0.005672 -0.004818 -0.319976 -0.284465 0.181991 0.214848 -0.396662 -0.396763
VERTEX_POSE A906 0.356327 -0.652544 -0.231851 -0.568442 -0.825366 -0.769938 -0.053538 0.442835 -0.482739 0.309291 -0.209202 -0.017168 0.215558 -0.671182 -0.045485 -0.908912 -0.156603 -0.414481 -0.169959 -0.533968
VERTEX_POSE A907 0.130869 0.316538 0.421330 -0.968102 0.560014 -0.570620 -0.664361 0.319456 0.306197 -0.443745 0.429072 0.415090 0.073932 0.350021 0.085986 -0.469243 -0.767673 0.633201 -0.368864 -0.044811
VERTEX_POSE A908 -0.540152 -0.035146 0.850287 0.519122 -0.698378 -0.083097 -0.553497 0.037151 0.280792 0.611302 0.557413 -0.534731 0.321044 -0.488442 -0.494547 0.397299 -0.001267 -0.619465 -0.242972 0.670324
VERTEX_POSE A909 -0.061059 0.629679 -0.212396 0.812431 0.930124 -0.057332 -0.213435 -0.856989 0.035616 -0.621936 0.145058 0.096632 -0.439271 -0.317320 0.884136 0.324601 -0.193523 0.452117 -0.518957 0.326166
VERTEX_POSE A910 -0.392060 0.835596 -0.807701 0.886787 0.912909 0.405671 0.034220 0.427104 0.559277 0.299843 -0.742664 -0.266860 -0.730847 -0.350843 0.567487 -0.605218 0.022397 -0.359701 0.092181 -0.377412
VERTEX_POSE A911 -0.126789 -0.118373 0.347782 0.263322 0.858109 -0.337421 -0.794205 -0.440386 -0.274882 0.532669 -0.413257 0.777350 -0.119625 -0.422945 0.384131 0.085186 -0.227967 0.242400 -0.252856 0.635946
VERTEX_POSE A912 0.461740 0.562961 0.547954 0.985859 -0.568828 0.748985 -0.085440 -0.095706 -0.336950 -0.716844 0.421935 -0.475848 0.049177 -0.747271 -0.071429 -0.362508 -0.119010 0.306518 -0.587370 -0.490136
VERTEX_POSE A913 -0.140534 0.709480 0.788067 0.818409 -0.694314 -0.808342 -0.213817 0.360304 0.366643 -0.500687 0.707584 0.068561 0.045053 0.351266 0.002121 -0.837339 -0.495728 0.455468 0.020688 0.019290
VERTEX_POSE A914 0.220310 -0.493652 0.215949 -0.056230 0.200143 0.386773 -0.751676 0.014297 0.171725 -0.077050 0.920937 -0.365394 0.206792 0.387109 0.768247 0.266064 -0.037301 -0.311769 -0.561688 -0.020613
VERTEX_POSE A915 0.897127 0.104674 0.717751 -0.254821 -0.965255 0.006293 0.354354 0.063367 0.196795 0.577711 0.552297 0.397295 0.529444 -0.732584 -0.169352 0.419927 0.291829 -0.880175 0.289886 -0.262886
VERTEX_POSE A916 -0.208396 0.859753 -0.741725 -0.475960 -0.763247 -0.414097 0.361757 -0.440740 -0.269938 0.571740 0.127008 -0.581108 0.242869 0.189085 0.407998 0.361435 -0.709377 -0.501506 -0.593822 -0.500649
VERTEX_POSE A917 -0.757965 0.369345 0.540602 0.924632 -0.386771 0.518495 0.540891 -0.234559 -0.230608 0.142328 0.875024 -0.679059 0.198106 -0.349216 -0.343482 -0.339069 -0.239147 -0.314454 0.730045 -0.013115
VERTEX_POSE A918 0.009008 -0.339933 -0.693560 0.834834 0.641517 0.351663 -0.103129 0.212752 -0.337714 -0.531489 0.505330 0.199363 0.183373 -0.567231 -0.676894 -0.311112 -0.536400 0.514151 -0.759255 -0.299836
VERTEX_POSE A919 0.596494 -0.630878 -0.327546 -0.849495 0.831694 -0.545002 0.424221 -0.223664 0.622124 0.231035 -0.629683 -0.378315 -0.690468 -0.609641 0.415693 -0.420843 0.097873 0.003561 0.335864 -0.415008
VERTEX_POSE A920 0.732419 0.129194 0.396677 0.995548 -0.238822 -0.728318 -0.028552 0.191174 0.574328 0.124453 0.664985 0.050651 0.392353 -0.371453 -0.322281 0.686699 0.460395 -0.182398 -0.598498 0.413891
VERTEX_POSE A921 0.839400 -0.173879 -0.583658 0.827393 -0.431958 0.253163 0.741781 0.478194 0.376641 0.171971 0.070214 0.710615 -0.073497 -0.053899 0.503886 -0.165958 -0.486806 0.187551 -0.622289 0.725613
VERTEX_POSE A922 0.635067 -0.220878 0.251236 -0.545668 0.048265 0.556411 -0.082619 -0.525439 0.600998 -0.550974 0.080541 -0.234773 0.184283 -0.572641 -0.506986 -0.751481 -0.349249 0.130597 0.301526 -0.517237
VERTEX_POSE A923 0.198183 0.058058 -0.937383 0.809693 0.928336 -0.640319 0.562726 0.380617 0.067272 0.653361 -0.623547 -0.329229 0.065542 0.143975 0.228125 0.054950 0.594950 0.651946 0.499143 0.302697
VERTEX_POSE A924 0.952210 0.067145 -0.414969 -0.732918 0.284713 0.437022 0.285220 0.603394 0.009637 -0.030394 0.047079 -0.589646 0.202133 -0.359913 0.572204 -0.510782 -0.531583 -0.365814 -0.784837 0.470724
VERTEX_POSE A925 0.687659 0.776052 -0.866706 0.410318 -0.514759 -0.667240 0.445678 0.550826 0.461752 0.844985 -0.119480 0.288731 -0.293767 0.421997 -0.085861 0.030979 -0.486429 0.500838 -0.010621 0.517321
VERTEX_POSE A926 0.051857 -0.782735 -0.958764 0.831437 -0.006796 0.332380 -0.618817 -0.150637 0.009551 0.628154 -0.063978 0.763439 -0.064601 0.300970 -0.524347 -0.385103 0.589705 0.177913 0.264593 0.731355
VERTEX_POSE A927 0.683896 -0.042506 0.826112 0.267493 0.079808 -0.408766 0.556847 -0.108514 -0.652046 -0.446900 -0.362512 0.524032 -0.223858 -0.737677 -0.355235 0.004928 -0.391561 -0.083332 -0.663374 0.399151
VERTEX_POSE A928 -0.646535 -0.687074 0.143149 -0.448941 -0.838440 0.186293 0.106734 0.392312 -0.723073 -0.187846 -0.265805 0.437707 -0.475114 0.315115 0.296899 0.743655 -0.342202 -0.403389 0.417811 0.747689
VERTEX_POSE A929 -0.666771 -0.188485 -0.275562 0.869505 -0.563596 -0.339119 0.331791 0.255857 0.544361 -0.128198 -0.503226 0.612095 -0.320277 0.668795 0.330861 0.808181 0.254774 -0.323326 -0.343141 0.411223
VERTEX_POSE A930 -0.837757 0.907343 -0.435013 0.610492 0.217844 -0.239306 -0.017613 -0.602548 -0.837697 -0.374691 0.329195 -0.380428 0.666663 0.201615 -0.087340 0.643495 -0.003526 -0.297729 0.027783 -0.698502
VERTEX_POSE A931 -0.888436 0.677295 0.056336 -0.908233 0.417465 -0.487195 0.128912 0.514093 0.150924 0.807125 0.001428 -0.096199 0.439556 -0.613768 -0.317218 0.352639 0.433125 -0.793714 -0.119865 -0.414002
VERTEX_POSE A932 -0.688089 -0.170741 -0.622600 -0.953670 0.762757 0.698453 -0.377220 0.204037 -0.314423 0.495188 -0.017950 -0.247422 -0.410568 0.546949 0.112217 0.490871 0.792703 0.582658 0.450525 -0.174685
VERTEX_POSE A933 0.640869 -0.656853 0.523728 -0.467091 0.715882 -0.526626 0.474470 -0.020549 -0.766933 -0.152949 0.406356 -0.176236 -0.082435 -0.181060 -0.247326 -0.781472 -0.438550 -0.205548 0.366047 -0.780605
VERTEX_POSE A934 0.033016 0.624480 0.152994 0.124349 0.313162 0.408516 -0.042812 0.409288 -0.330445 0.437735 0.410720 0.546049 0.459573 -0.618947 0.638106 -0.291741 0.408180 -0.136284 -0.714308 -0.337767
VERTEX_POSE A935 -0.629473 -0.925392 0.491912 0.268064 -0.099540 0.031128 0.317424 0.034611 0.248481 -0.297063 0.178817 -0.947613 -0.248580 0.037662 -0.030042 0.122438 -0.962472 -0.196001 0.856862 0.197627
VERTEX_POSE A936 0.096538 0.504009 0.496465 0.154109 -0.365270 -0.708294 -0.244960 0.373618 -0.496974 0.456173 0.121215 0.375103 -0.481589 0.471796 0.275602 0.624756 0.003275 -0.186219 -0.331138 -0.789376
VERTEX_POSE A937 -0.610658 0.971936 0.921143 0.555908 0.487796 -0.273428 0.159421 0.013854 0.261680 0.637614 0.710190 0.119314 0.393504 -0.540428 0.429385 0.457227 -0.442091 -0.811267 0.451809 -0.089062
VERTEX_POSE A938 0.501396 0.391147 -0.086758 0.299962 -0.539525 0.394036 -0.405415 0.485212 0.312691 0.466390 -0.113597 -0.109567 0.544946 -0.308331 0.614017 -0.329411 -0.702330 -0.598279 -0.461129 -0.404141
VERTEX_POSE A939 0.556386 -0.531137 0.346753 -0.326769 -0.063648 -0.134790 -0.084336 0.077783 -0.229823 0.495925 0.831251 -0.418217 0.464111 -0.318899 -0.593115 -0.703791 0.269033 0.634289 -0.190327 0.359022
VERTEX_POSE A940 0.328283 0.601615 -0.291253 0.368339 0.417920 0.592563 0.193430 -0.427135 -0.558240 0.693012 -0.444631 -0.469381 -0.628378 -0.448311 -0.059785 0.295358 0.341315 0.336666 -0.014979 -0.549891
VERTEX_POSE A941 -0.890665 0.226743 0.105541 0.186749 -0.626616 -0.482665 0.769562 0.406980 -0.545308 0.070516 -0.659506 0.009293 0.202159 -0.532871 0.512923 0.502780 -0.338156 0.454420 0.330371 0.033453
VERTEX_POSE A942 -0.570403 0.350490 -0.305466 0.936553 -0.205539 -0.540918 0.465348 0.599576 -0.211239 -0.653118 0.318785 0.182440 0.565682 -0.271881 0.538642 0.149716 0.667249 -0.582552 0.120325 -0.140512
VERTEX_POSE A943 -0.209977 0.164576 -0.743299 0.354197 0.849093 0.564005 0.707772 0.298337 0.769220 -0.510022 -0.345368 -0.164439 -0.357859 0.311889 0.080772 0.111172 -0.365564 -0.237978 0.313870 -0.748868
VERTEX_POSE A944 -0.031199 -0.063777 -0.106392 0.005158 -0.320930 0.465589 0.493721 -0.647005 -0.319435 -0.437914 -0.508312 0.494973 -0.750593 -0.107191 0.642965 -0.004882 0.173992 -0.150949 -0.032501 -0.530321
VERTEX_POSE A945 0.649908 0.856838 0.910484 -0.119677 0.994603 0.358786 -0.099299 0.299181 -0.170022 0.789263 0.571395 0.777235 -0.093727 0.233076 -0.034664 0.297432 -0.583810 0.486897 0.519570 -0.434558
VERTEX_POSE A946 -0.312850 -0.730750 0.974451 -0.900623 0.883838 -0.683577 0.139781 -0.430310 0.443222 0.352230 -0.332552 -0.427674 -0.279731 0.555874 0.357104 -0.110594 0.451657 0.160776 -0.875165 -0.437323
VERTEX_POSE A947 0.760406 -0.204025 0.151883 0.529198 -0.084177 -0.079329 0.634249 0.563388 -0.054114 -0.038526 -0.599628 0.895208 -0.283827 0.192211 -0.406535 -0.713873 0.481836 -0.155277 -0.077918 -0.232227
VERTEX_POSE A948 0.891942 0.226183 0.451086 -0.195045 -0.392168 -0.548502 -0.465247 -0.667684 -0.539622 -0.391697 0.654865 0.605488 -0.758199 -0.037732 -0.077593 0.228630 -0.340967 0.187932 0.054614 -0.087567
VERTEX_POSE A949 0.696159 -0.070683 -0.719109 0.934211 0.525355 -0.687365 0.587538 0.376674 0.062328 -0.346870 0.709482 -0.647623 -0.624286 -0.039681 -0.058081 0.356851 -0.206034 0.317578 0.131925 0.557429
VERTEX_POSE A950 0.356900 0.165098 0.824337 0.679702 -0.252483 0.174405 0.531491 -0.012463 0.227941 0.131335 0.584365 0.601189 -0.721114 0.056358 -0.480197 -0.206806 0.738139 -0.570622 -0.370801 -0.332169
VERTEX_POSE A951 0.624362 -0.644623 -0.152237 -0.199496 0.369010 0.615600 0.528239 -0.332452 0.276651 0.077704 -0.231868 -0.664741 0.263249 -0.202775 0.319535 -0.492101 0.473162 0.022742 -0.635186 -0.755456
VERTEX_POSE A952 0.535559 0.755439 -0.302767 0.761604 -0.906603 0.090202 -0.511565 -0.473302 0.238249 -0.489261 -0.197538 -0.672491 -0.513009 -0.057084 -0.692669 0.228930 -0.005680 0.055377 -0.428180 0.856547
VERTEX_POSE A953 -0.008033 0.944220 0.075573 -0.865966 0.795782 0.206168 0.359866 -0.612285 -0.180705 -0.846203 -0.030380 -0.231606 0.167363 -0.063139 0.764146 0.002916 0.540572 -0.535985 0.355554 0.572695
VERTEX_POSE A954 -0.177455 0.413435 -0.089620 -0.389803 0.297346 -0.585438 0.247181 0.564207 0.420096 -0.598221 0.513578 -0.582787 -0.212435 0.006312 -0.304292 -0.648084 0.076247 -0.220334 -0.340430 -0.641915
VERTEX_POSE A955 0.487769 -0.177416 0.282265 -0.971314 0.378110 -0.727719 0.060208 -0.432734 0.585618 -0.005190 -0.080019 -0.121482 -0.564940 0.560874 0.280762 0.395595 -0.294821 -0.184099 0.721593 0.636270
VERTEX_POSE A956 -0.320374 0.720272 0.208867 0.544353 -0.718977 0.704040 0.349009 -0.305267 -0.198598 -0.139698 -0.110296 0.625514 -0.036253 0.334032 0.139666 -0.428196 0.726789 0.232622 -0.820981 -0.504824
VERTEX_POSE A957 0.874402 0.630700 -0.048384 -0.558366 -0.709449 0.462166 -0.573279 -0.106194 0.344767 0.728824 0.204456 0.384415 -0.236357 -0.118671 0.043255 -0.242397 0.965527 0.719647 0.159828 -0.024395
VERTEX_POSE A958 0.171664 0.780078 0.108377 0.296179 -0.542082 0.344943 -0.333290 0.526614 0.664589 -0.424169 -0.579797 0.080789 -0.282086 0.035939 -0.208545 -0.649607 0.415839 -0.623954 -0.455452 -0.460760
VERTEX_POSE A959 0.033091 -0.966802 -0.647983 -0.904589 -0.557417 0.689980 -0.526868 0.458506 0.362771 0.388750 -0.400192 -0.494569 -0.023139 0.464167 0.237590 -0.068401 -0.397685 0.302121 0.752376 0.505978
VERTEX_POSE A960 -0.792370 -0.557785 0.676054 -0.688861 -0.273046 -0.382066 -0.755520 -0.492891 0.158060 -0.184410 0.454519 0.181639 -0.383965 0.470963 -0.882987 0.275052 0.322840 -0.127999 -0.414849 0.473750
VERTEX_POSE A961 0.333908 0.687421 0.673364 -0.093329 0.675762 0.038533 0.600102 -0.272251 -0.311459 0.552104 -0.159493 -0.372594 -0.523025 -0.036206 -0.826712 -0.028198 -0.247906 0.281478 -0.246391 -0.915245
VERTEX_POSE A962 0.144655 0.710493 0.408353 -0.812822 0.860048 -0.590388 -0.036818 -0.239761 0.383379 0.088681 -0.027420 -0.081995 -0.633596 0.752297 0.589832 -0.540404 -0.414188 -0.387089 -0.545252 -0.451952
VERTEX_POSE A963 -0.480459 0.271473 -0.946546 -0.642531 -0.510289 -0.548963 0.554049 -0.611948 -0.379444 -0.810878 -0.330435 0.229970 0.176826 0.155109 -0.409718 0.051262 0.401683 0.577847 -0.040136 -0.575260
VERTEX_POSE A964 -0.025223 -0.969432 0.197091 0.439580 0.391644 0.054308 0.575505 0.160570 0.367001 0.403438 0.351074 -0.740052 -0.103739 0.652625 -0.550845 0.346992 -0.645150 0.106082 -0.612263 -0.093945
VERTEX_POSE A965 -0.822329 0.334972 -0.438653 0.311528 0.173210 -0.369767 0.455752 -0.509687 -0.368820 0.425419 0.189335 0.418189 0.730808 -0.101567 0.333346 0.259189 0.692985 0.664260 -0.100248 -0.462415
VERTEX_POSE A966 -0.109932 0.346082 0.545366 0.625533 0.390171 0.550393 0.437553 0.113084 0.423170 -0.453130 0.763777 0.031918 0.580477 0.188248 0.718501 -0.074861 -0.533955 0.027059 -0.510551 -0.288637
VERTEX_POSE A967 -0.928686 0.534577 -0.306443 -0.406311 -0.973627 -0.378911 -0.135930 0.345921 -0.400595 0.295891 0.327239 -0.390015 0.051157 0.564041 0.575057 0.678401 0.405716 0.461679 -0.656602 0.538986
VERTEX_POSE A968 -0.432987 0.306908 -0.517510 -0.132565 -0.338994 -0.026018 -0.648450 -0.428668 -0.809217 -0.190544 0.331178 0.128982 -0.574865 -0.243019 0.564420 -0.239049 0.601784 -0.096357 -0.394451 0.534194
VERTEX_POSE A969 -0.608536 -0.262772 -0.541392 -0.074505 0.850646 -0.289406 0.502689 0.097194 -0.628515 -0.205552 -0.071997 -0.657060 -0.088419 0.429788 -0.126128 -0.687545 -0.482158 0.271249 -0.473831 0.753774
VERTEX_POSE A970 0.627700 -0.996560 -0.959690 0.266920 -0.037275 0.635456 -0.240527 0.207950 0.426821 0.692818 0.279477 0.315035 -0.535722 0.483245 0.212771 -0.367373 -0.603197 -0.519134 -0.200474 0.530356
VERTEX_POSE A971 0.895296 -0.091477 0.191236 -0.764226 -0.921073 -0.552245 0.528332 0.478360 -0.397338 -0.195157 0.443003 0.340860 -0.340649 0.638601 -0.395603 -0.749971 -0.032801 -0.514257 -0.065432 -0.407471
VERTEX_POSE A972 -0.499201 0.963971 0.564149 -0.887756 -0.775970 0.118760 0.504466 -0.604170 0.557670 -0.539848 -0.355202 -0.096293 0.320731 -0.529903 0.659332 0.558022 0.449434 -0.480530 0.199553 0.161313
VERTEX_POSE A973 -0.942702 0.353930 -0.265156 0.203474 0.757186 0.664211 -0.555796 0.435611 -0.185768 -0.306315 -0.454232 -0.645441 -0.229158 0.474643 -0.182653 -0.729165 -0.367731 0.272686 0.114309 -0.493360
VERTEX_POSE A974 -0.314681 -0.926901 0.447937 0.589972 0.928020 0.763902 0.087859 0.583881 0.360410 -0.617741 -0.448686 0.424522 -0.103944 -0.173702 -0.323924 -0.662825 0.629590 0.037571 -0.400668 -0.176660
VERTEX_POSE A975 0.469601 -0.099806 -0.542243 0.117402 -0.096899 0.405074 0.684947 -0.091081 0.150284 -0.348761 0.713220 0.670567 -0.427717 -0.515407 -0.373430 0.301315 -0.208480 0.473519 0.368078 0.417029
VERTEX_POSE A976 0.707205 0.210768 -0.354672 -0.916203 0.751789 0.371661 0.647711 -0.008487 -0.253334 -0.522874 0.429593 0.420367 -0.508390 -0.511558 -0.531850 0.201149 0.175657 -0.581478 0.090287 -0.723070
VERTEX_POSE A977 0.372469 -0.657651 0.422388 0.689348 0.811857 -0.211808 0.846463 0.338802 -0.703786 0.099437 0.030144 0.204052 -0.024656 0.525886 -0.583704 -0.503036 0.355421 -0.278344 0.141277 -0.693848
VERTEX_POSE A978 0.230006 0.696169 0.609640 -0.353400 0.818924 -0.602511 -0.134116 -0.699896 0.562020 0.035144 -0.329254 0.062489 -0.263662 0.425982 -0.442082 -0.466998 0.393036 -0.348959 0.832570 0.256515
VERTEX_POSE A979 0.599148 -0.563049 -0.903586 -0.111248 -0.640378 -0.376170 0.677977 0.447129 0.460540 0.672245 -0.183132 0.251762 -0.086796 -0.336572 -0.617232 0.200156 -0.755523 -0.449489 -0.202082 0.287128
VERTEX_POSE A980 0.068628 0.271667 0.703279 0.623559 0.337212 0.286856 0.234882 0.641531 0.005819 -0.589630 0.105696 0.158683 -0.760364 -0.018936 -0.247931 0.104036 -0.658593 0.911608 0.090504 -0.378368
VERTEX_POSE A981 -0.413094 -0.138733 0.433977 -0.673697 -0.433559 -0.105815 -0.499328 0.471548 -0.795800 0.492624 0.303355 -0.484424 -0.506120 -0.065889 -0.169864 0.236650 -0.672454 0.303292 0.442529 0.478625
VERTEX_POSE A982 0.223509 -0.207672 -0.055823 0.689256 0.728632 0.290396 0.351631 0.038962 0.127127 -0.109210 0.586540 0.660028 -0.331767 -0.603863 -0.533034 0.377043 -0.534299 -0.423966 -0.782430 -0.065779
VERTEX_POSE A983 -0.395813 0.027105 -0.599487 0.385163 0.430610 0.683248 -0.384456 0.211255 0.283003 0.384055 -0.257588 0.623311 0.021008 0.107487 0.251419 0.639888 -0.428703 -0.036807 0.542952 0.832874
VERTEX_POSE A984 0.578873 -0.194513 -0.490450 -0.539663 -0.637777 0.349791 0.359960 -0.520326 -0.528673 0.396531 -0.352836 0.160364 0.060553 0.673228 -0.418910 -0.750854 -0.217260 0.630039 -0.381764 -0.323002
VERTEX_POSE A985 -0.953946 -0.794237 0.854557 -0.700547 0.025978 0.139545 -0.401986 -0.332809 -0.566032 -0.090874 0.414889 0.692642 -0.408246 0.542977 -0.341675 -0.275177 0.542076 -0.252271 -0.766656 -0.358378
VERTEX_POSE A986 -0.908044 0.849689 0.682777 0.413848 -0.191280 0.033923 -0.626657 0.478734 0.615024 -0.144516 -0.545275 -0.585519 -0.374443 -0.668266 0.477501 -0.456359 -0.085826 -0.223059 -0.487796 0.139801
VERTEX_POSE A987 -0.741501 -0.474241 0.718417 -0.995310 -0.356754 0.393785 -0.192047 0.442389 0.655602 0.725516 0.053696 -0.527568 0.523027 0.490586 -0.241884 0.049236 0.470024 -0.279790 0.400953 -0.582934
VERTEX_POSE A988 0.920456 0.836463 -0.193828 -0.258914 0.316529 0.153495 0.254504 -0.230459 -0.145126 0.788542 -0.436843 -0.738476 -0.165348 -0.413739 -0.636585 0.129830 0.578386 0.069217 0.518877 0.500347
VERTEX_POSE A989 0.263620 0.629767 -0.208846 -0.289973 0.266638 0.189414 0.324996 -0.416453 0.072006 0.086285 -0.836982 0.511401 -0.587672 0.079660 -0.604376 0.268311 0.139181 -0.576313 -0.685261 -0.316719
VERTEX_POSE A990 0.291590 -0.441043 -0.929566 -0.899899 0.085829 -0.241020 -0.365631 -0.832548 -0.714254 0.617043 -0.125609 -0.285542 -0.015506 0.436623 -0.539844 -0.383845 0.194596 0.242456 0.581373 -0.250157
VERTEX_POSE A991 -0.871914 -0.721322 -0.517774 0.052225 -0.956517 -0.156994 0.345550 -0.374191 -0.153094 -0.764788 -0.579689 0.100686 -0.131054 0.486571 -0.707562 0.396786 -0.191968 0.664178 0.347965 -0.500338
VERTEX_POSE A992 -0.402472 0.317188 -0.535482 0.616698 -0.057600 -0.378024 0.183480 0.617368 -0.452143 0.597202 0.195279 -0.682109 -0.470308 -0.352173 -0.328657 0.372115 -0.565295 0.281739 0.500025 -0.370322
VERTEX_POSE A993 -0.563755 -0.730551 0.478786 -0.712721 -0.054123 0.423132 -0.651757 0.193625 -0.494291 0.293424 -0.225308 -0.435035 -0.497011 -0.524940 -0.206407 0.236373 0.621804 -0.587177 -0.431536 0.499543
VERTEX_POSE A994 -0.352373 0.550151 -0.464319 0.409694 -0.466806 -0.200331 0.598710 -0.456708 -0.328892 0.277064 -0.493934 0.449435 0.380549 0.261533 -0.045348 -0.647912 -0.489627 -0.804767 -0.013235 0.489196
VERTEX_POSE A995 0.572305 0.347756 0.661609 0.056277 -0.665956 0.406670 -0.069935 -0.217272 0.399283 0.841857 0.233780 0.377749 0.149246 -0.692727 0.527741 -0.445939 -0.120414 -0.503972 0.255442 -0.635428
VERTEX_POSE A996 -0.386084 0.604422 -0.959867 0.598807 -0.880913 0.783840 0.396095 0.132059 0.303880 0.062040 -0.755026 0.136119 0.503238 0.169026 0.281730 -0.324023 0.601110 -0.441985 0.693556 0.150308
VERTEX_POSE A997 0.537695 -0.103767 -0.918954 0.035227 0.923365 0.489924 0.165006 0.708722 0.180965 0.312182 -0.521482 0.515551 -0.789253 -0.276574 -0.515456 -0.100469 -0.105185 -0.442423 -0.492240 0.371771
VERTEX_POSE A998 0.643619 -0.117667 -0.644834 0.649966 -0.639583 -0.133156 -0.602706 -0.212880 -0.077053 -0.480689 0.634272 0.633942 -0.327811 0.346107 0.756216 0.154923 -0.221344 -0.050862 0.523663 0.619353
VERTEX_POSE A999 0.180928 -0.088670 -0.477378 -0.533758 -0.219906 0.465262 0.314791 -0.335502 0.273162 0.124669 0.130355 -0.356590 -0.648435 0.209507 0.582807 -0.143792 0.758317 -0.492030 0.666498 0.501506
