VERTEX_POSE A0 0.660188 0.484813 0.167435 0.186267 -0.534995 -0.377017 -0.234815 -0.356809 -0.290237 0.431162 -0.778772 -0.575755 0.483875 0.425837 -0.416700 0.129828 0.291091 0.518158 0.712721 0.011433
VERTEX_POSE A1 0.079418 0.586202 0.757823 -0.418494 0.595584 0.731048 0.425600 0.394682 0.118065 0.169784 -0.500821 -0.541780 0.732183 -0.107589 -0.113353 0.409519 0.437760 -0.381123 -0.293667 0.624657
VERTEX_POSE A2 0.753847 -0.835496 -0.436000 0.326181 0.872507 -0.105640 -0.525268 0.364082 0.780659 -0.254905 -0.044375 -0.257859 0.600937 0.247701 0.287023 0.372831 -0.614797 0.480144 0.398734 0.652796
VERTEX_POSE A3 -0.339573 0.441211 -0.090325 0.603391 0.898710 0.342109 0.709640 0.500661 -0.037422 -0.206536 0.552870 -0.896442 0.091422 0.336602 0.140783 -0.550117 0.106229 -0.241109 0.377844 -0.564878
VERTEX_POSE A4 0.663996 0.285728 0.549959 0.379533 0.876228 0.223389 0.389739 0.357127 0.902582 -0.132793 0.271726 0.257755 -0.534152 -0.563789 0.169158 0.687310 -0.354246 0.200974 0.269734 -0.596051
VERTEX_POSE A5 -0.459742 -0.795252 -0.438615 0.863741 -0.478512 0.772811 0.198324 -0.131060 0.271066 0.189598 -0.259113 0.204317 -0.485687 0.772213 0.296572 0.563047 0.484520 0.446750 -0.609760 -0.290879
VERTEX_POSE A6 -0.181669 0.963713 0.778965 -0.356120 -0.095316 0.420346 0.252739 0.269307 0.522295 -0.531976 0.229366 -0.011037 -0.436322 -0.804440 -0.610204 -0.550080 0.466369 -0.421955 0.400199 -0.101202
VERTEX_POSE A7 0.196970 0.375343 0.134147 0.877692 0.332827 -0.566772 0.185355 -0.117722 0.548230 0.365175 0.346989 0.536084 -0.200539 -0.742792 0.237344 0.580192 0.179806 -0.185731 0.674872 -0.530726
VERTEX_POSE A8 -0.263722 0.375469 0.385377 -0.752429 -0.497759 0.299089 -0.661682 -0.568349 0.429318 -0.231292 0.728094 -0.552266 0.191313 0.036728 -0.157735 -0.436642 0.367510 0.629566 0.530495 -0.102205
VERTEX_POSE A9 -0.276644 -0.718812 -0.938567 0.687997 -0.851467 -0.078903 -0.272729 -0.057814 0.302734 -0.832498 -0.320901 -0.740338 -0.166820 -0.480962 -0.077424 -0.435077 0.734644 0.589943 0.124279 -0.350219
VERTEX_POSE A10 -0.030626 0.654428 -0.574433 0.176466 0.118298 -0.383453 0.520503 0.509682 -0.447985 0.543811 -0.587231 0.365437 0.356659 -0.425946 0.720025 0.442424 0.132783 0.017112 -0.332268 -0.443084
VERTEX_POSE A11 -0.083913 0.751883 0.829128 -0.516745 0.263488 -0.169361 0.323306 0.023512 -0.445202 0.291901 -0.053294 0.429690 0.391813 0.799646 0.143019 0.799891 -0.446378 -0.753674 0.130092 0.397392
VERTEX_POSE A12 -0.242313 0.425602 -0.203540 -0.191984 -0.117085 -0.387150 -0.599618 0.139250 -0.005046 0.133671 0.634452 0.048502 -0.640152 0.398614 0.220107 -0.446955 -0.617601 0.894030 -0.114136 0.194308
VERTEX_POSE A13 0.890254 0.194930 -0.015526 -0.548817 0.217914 0.618605 0.372044 0.339987 -0.447202 0.614010 -0.510201 0.370322 -0.090530 -0.274290 0.447203 0.485205 -0.334827 0.283213 -0.490872 -0.660878
VERTEX_POSE A14 0.732917 -0.520800 -0.531877 -0.548265 -0.734507 0.560374 0.209149 -0.038313 -0.414039 0.604793 0.573174 0.279597 0.756657 -0.396610 -0.207590 -0.021886 -0.599920 0.627124 -0.132186 0.390896
VERTEX_POSE A15 -0.217387 0.972822 -0.420683 0.778120 0.421374 0.414058 -0.198579 -0.490022 0.632028 0.401858 0.435594 0.277962 -0.608076 -0.299055 0.377442 -0.508379 0.546159 -0.457570 -0.413365 0.427098
VERTEX_POSE A16 -0.708723 0.400419 0.026057 0.647527 0.491731 -0.546711 -0.321429 0.497449 -0.204491 0.105323 0.653258 0.706046 -0.230504 0.327731 -0.238121 -0.746565 -0.396723 0.322627 -0.524499 0.246987
VERTEX_POSE A17 -0.504500 -0.397146 0.408260 -0.706586 0.895651 0.422998 0.317869 0.204388 0.322481 -0.134786 0.429359 0.366941 -0.107101 0.640463 0.531008 0.620775 -0.403349 -0.548146 0.695672 0.448323
VERTEX_POSE A18 -0.662795 -0.392960 -0.956126 -0.549531 0.275533 -0.499810 -0.324674 0.119054 -0.068665 -0.445141 0.807942 0.719866 -0.243544 -0.024767 -0.136923 -0.753201 -0.563552 -0.456640 0.264217 -0.121863
VERTEX_POSE A19 -0.319514 -0.828854 -0.846892 0.163325 -0.309295 0.084663 0.437928 -0.541456 -0.075542 0.784210 -0.159997 -0.330785 -0.265706 -0.516848 -0.881441 0.182258 0.350112 0.317440 0.299025 0.539922
VERTEX_POSE A20 -0.804782 0.617289 -0.197927 0.924193 0.839295 -0.465449 0.194326 0.507459 0.167696 -0.551629 -0.248378 0.141843 -0.701279 0.613418 -0.762082 -0.402801 -0.429213 0.392870 -0.062466 -0.346825
VERTEX_POSE A21 -0.391919 -0.313993 0.707638 0.393360 0.120580 0.445428 -0.504393 0.008944 0.563429 -0.250778 0.575644 0.475196 0.525922 0.004541 0.102274 -0.536839 -0.616439 -0.497865 -0.343377 0.537155
VERTEX_POSE A22 0.376505 0.981111 0.181550 -0.512365 -0.559206 -0.093822 -0.040490 0.544949 0.120622 0.488570 -0.146435 0.573326 -0.315317 0.614487 0.495779 0.719950 0.117259 0.634151 -0.376705 -0.538743
VERTEX_POSE A23 0.040286 -0.780127 0.537742 -0.748549 -0.127437 -0.777176 -0.037249 -0.138754 -0.280814 0.674006 -0.525944 0.176014 -0.454781 -0.670804 0.525833 0.374039 -0.332273 -0.098281 -0.444520 -0.379140
VERTEX_POSE A24 0.803187 0.015047 -0.697826 0.489049 0.448447 0.311336 -0.144917 -0.571764 0.498919 -0.597499 -0.225167 0.682876 0.313567 0.568657 -0.422630 -0.436539 0.330720 0.095989 -0.577151 0.435476
VERTEX_POSE A25 0.755922 -0.457779 0.127814 0.561205 -0.123602 -0.557531 -0.396920 0.013005 0.507853 -0.505855 0.453553 -0.224436 -0.073513 -0.614567 -0.191643 0.714441 0.440631 -0.586639 -0.265962 0.471457
VERTEX_POSE A26 -0.658959 0.052344 0.190375 -0.300905 0.666014 -0.266963 -0.368443 0.559908 -0.239591 -0.820694 -0.331331 0.470480 -0.400776 -0.090276 -0.305855 -0.054022 0.632635 -0.745941 0.164834 -0.410299
VERTEX_POSE A27 0.362354 -0.849168 0.884728 0.497053 0.895291 -0.303749 -0.486295 -0.162798 0.007235 -0.502383 0.382095 -0.520893 -0.328386 0.475605 0.785170 -0.476672 0.111275 0.140935 0.419612 0.767410
VERTEX_POSE A28 0.111586 -0.315637 0.019025 -0.698559 0.578470 0.624843 -0.453315 0.355118 -0.521616 0.176377 0.673962 -0.210613 -0.600974 -0.376574 0.410326 0.062789 0.408973 -0.353218 -0.631098 0.332565
VERTEX_POSE A29 0.668371 0.231636 -0.304909 -0.893218 0.671784 0.142174 0.694806 0.556145 -0.554183 -0.482122 0.589982 0.529562 -0.065439 0.247748 -0.621063 0.527927 -0.120792 -0.080699 0.042580 -0.516386
VERTEX_POSE A30 0.147908 -0.837751 -0.379084 0.999455 -0.719599 0.118899 0.451565 -0.172959 0.176486 0.417184 -0.757955 0.811284 -0.488037 -0.050476 0.458228 0.617634 0.579601 -0.294212 0.048936 0.238964
VERTEX_POSE A31 -0.228226 -0.830825 -0.813541 0.487708 -0.956525 -0.301432 0.357734 0.320855 0.662587 0.638532 -0.346427 0.447668 -0.663105 -0.072237 -0.510840 0.062372 -0.581325 0.093561 0.143892 0.658698
VERTEX_POSE A32 -0.252212 -0.182162 -0.547086 -0.311712 0.267368 0.766754 -0.116869 -0.403008 0.140567 0.108081 -0.343130 -0.202480 0.771012 0.037956 -0.591151 -0.422818 -0.571505 -0.043264 0.448805 -0.625929
VERTEX_POSE A33 -0.098245 -0.673247 0.184916 0.325637 -0.847092 0.246899 -0.354050 -0.046332 0.639150 0.501480 -0.498111 0.537413 0.220677 0.544225 0.409915 -0.458140 0.432779 0.271450 -0.603802 -0.516005
VERTEX_POSE A34 0.432201 0.610386 0.096134 0.091099 0.942185 -0.098204 0.816118 0.526301 -0.357376 0.364294 -0.589803 -0.609361 0.111854 -0.065151 -0.290468 -0.324546 0.608018 0.637923 0.288789 -0.034782
VERTEX_POSE A35 -0.588216 -0.896434 -0.997127 -0.932179 0.143595 0.168156 -0.647707 -0.547256 0.411390 -0.148074 -0.348770 0.422511 0.596105 -0.497104 0.771118 -0.196499 0.575924 0.171297 0.405705 0.008354
VERTEX_POSE A36 0.442013 -0.468499 0.746302 0.189378 -0.325604 0.563413 0.009937 -0.361263 0.260938 -0.628158 0.097902 0.780796 0.267423 0.236988 0.059738 -0.582584 -0.542888 -0.035582 0.440907 -0.713452
VERTEX_POSE A37 -0.749468 0.574099 -0.124901 0.734979 -0.153131 0.385990 0.673043 0.011401 -0.849758 0.072597 -0.268254 0.177045 -0.629693 0.240309 -0.141659 0.358747 0.123329 0.278408 -0.128567 -0.924636
VERTEX_POSE A38 0.608755 0.478909 0.137020 0.945513 -0.523578 -0.320752 0.815862 0.389141 0.386418 0.368961 -0.437339 -0.236224 -0.394991 0.053886 -0.762594 0.052704 -0.625519 0.332336 0.198597 -0.512958
VERTEX_POSE A39 -0.821709 0.906970 0.131679 0.436949 0.176636 0.786139 -0.159102 0.260371 0.381890 0.493047 -0.048354 0.147342 -0.242523 0.695248 0.462116 -0.111778 -0.637533 -0.029750 -0.812576 -0.200126
VERTEX_POSE A40 -0.026113 0.855287 -0.063468 0.422976 -0.004598 0.394679 0.781807 0.059573 0.314966 -0.386553 -0.667329 -0.641902 0.416933 -0.373219 -0.241600 0.135936 -0.538430 0.524038 0.216893 -0.349175
VERTEX_POSE A41 -0.421871 0.133337 0.562587 0.121979 0.594720 0.647642 -0.225270 -0.261663 0.529991 0.509079 0.671241 0.286330 0.166237 -0.321645 -0.435614 0.603307 -0.019360 -0.167109 -0.546331 0.614116
VERTEX_POSE A42 0.094378 0.658853 -0.039193 0.920204 -0.559876 0.020066 -0.749771 -0.577287 -0.521314 -0.166588 -0.247830 -0.404374 0.427409 -0.382590 -0.402937 -0.458276 0.677454 -0.633997 0.131897 -0.001023
VERTEX_POSE A43 0.731574 0.280889 0.732993 -0.769008 0.878317 0.060111 0.821670 -0.175854 0.099674 0.155490 -0.443722 0.852527 -0.104363 0.406713 0.186776 -0.481597 -0.701033 -0.474093 -0.240528 0.339593
VERTEX_POSE A44 -0.531617 -0.671733 -0.452938 0.573162 -0.187366 -0.532946 -0.185667 0.050195 -0.103407 0.671234 -0.715224 0.488035 0.156624 0.024815 -0.573074 -0.242100 -0.303862 0.372402 -0.657137 -0.626887
VERTEX_POSE A45 -0.172705 -0.861947 0.428929 -0.628062 -0.294384 -0.727905 0.094531 0.527793 0.500989 0.018184 0.003206 -0.090621 0.240809 -0.038952 -0.377431 -0.686822 -0.565902 0.261723 -0.678984 0.632188
VERTEX_POSE A46 -0.485812 0.253711 -0.687690 -0.990887 0.299691 -0.575878 -0.012861 -0.239665 -0.424245 -0.766387 0.214398 0.161323 0.179881 -0.444934 -0.565853 0.269450 -0.493294 -0.377049 0.554549 0.674751
VERTEX_POSE A47 -0.240340 0.728686 0.573119 0.220690 -0.695635 -0.200523 -0.271185 -0.420347 0.414409 -0.534347 -0.545007 -0.835842 -0.288839 -0.202054 0.101999 -0.746634 0.618144 0.281103 0.006373 -0.321478
VERTEX_POSE A48 0.322795 -0.259093 -0.162811 -0.334648 -0.398733 0.613706 0.378878 -0.601849 0.040914 0.833621 0.318728 0.251544 0.030081 0.322101 0.586977 -0.387986 -0.047737 0.462466 -0.100449 0.655867
VERTEX_POSE A49 -0.148608 0.860750 -0.643816 -0.540418 -0.424776 -0.070616 -0.163516 -0.200881 -0.062034 0.397395 0.241581 -0.205111 0.650639 0.514798 -0.641857 0.358092 -0.666366 0.732880 0.513594 -0.438435
VERTEX_POSE A50 0.440146 0.899832 0.726227 -0.615985 -0.004929 -0.548520 0.483034 -0.328355 0.237747 0.153207 0.669901 -0.293887 0.648386 0.400898 -0.638357 -0.524386 0.482290 0.385660 0.218679 0.223815
VERTEX_POSE A51 0.518013 -0.641803 0.639262 -0.410454 -0.559438 -0.029084 0.705316 0.249021 0.175685 -0.389436 0.561223 -0.310368 0.422178 -0.335400 -0.599293 0.111302 0.658240 0.716107 0.400309 0.277928
VERTEX_POSE A52 0.459474 -0.453243 -0.936178 0.852942 0.695804 0.641158 0.050586 0.656614 0.130503 0.050857 -0.170321 0.101989 0.560031 -0.513544 -0.649531 0.517798 0.525288 0.373620 0.642733 -0.013918
VERTEX_POSE A53 -0.183348 0.880943 -0.092223 -0.128350 0.435865 0.002277 -0.412556 0.581125 -0.335031 -0.481095 0.334401 0.630938 0.366604 0.615325 0.671225 -0.646513 -0.346312 -0.197797 -0.214402 0.227844
VERTEX_POSE A54 -0.441700 -0.421930 0.177004 -0.159003 0.313125 0.266347 -0.306378 -0.416568 -0.103440 0.452596 0.353573 0.609808 0.510404 0.328155 0.737879 -0.284393 -0.024259 0.045037 0.599914 -0.770184
VERTEX_POSE A55 0.262661 0.561805 -0.634003 0.341991 0.144251 -0.120518 -0.374210 0.357765 -0.455581 0.568105 -0.419145 -0.297458 -0.732731 -0.518071 -0.363949 0.017882 -0.329361 0.746312 0.003042 -0.565195
VERTEX_POSE A56 -0.427426 -0.576836 -0.964409 -0.567146 -0.687737 -0.750999 0.416127 -0.462117 0.585736 0.274795 -0.401442 0.054495 0.374966 0.347599 -0.254813 -0.029862 0.666265 0.158161 0.780919 0.246084
VERTEX_POSE A57 -0.100659 0.630414 -0.632621 0.540092 -0.020861 -0.297870 0.663435 -0.309225 0.182874 -0.196986 -0.006887 0.745302 0.223237 0.470002 -0.229469 0.570587 0.572301 0.519326 0.381637 -0.596576
VERTEX_POSE A58 -0.374985 0.712637 -0.749275 -0.160956 0.039541 0.059294 -0.246439 0.670311 0.433403 0.579214 -0.284680 -0.367817 -0.376668 -0.060715 -0.234619 0.612735 0.628824 0.786328 -0.294032 0.265586
VERTEX_POSE A59 0.684160 0.107527 0.054616 -0.265704 0.890734 0.111009 -0.648150 -0.559512 0.206792 0.598003 -0.342972 -0.770433 -0.165921 -0.245523 0.119927 -0.375605 0.673374 0.580486 -0.231699 -0.235803
VERTEX_POSE A60 -0.432288 -0.137950 0.062470 0.646874 -0.349077 -0.396604 -0.374803 -0.239935 -0.574325 0.236287 0.290723 0.132183 0.767726 -0.561642 0.541299 -0.402060 -0.292103 0.449865 0.229427 0.676125
VERTEX_POSE A61 0.772923 0.874886 -0.128359 -0.161500 0.319943 -0.204240 0.728736 -0.632397 0.809568 -0.228755 -0.450889 -0.171202 -0.387566 -0.499076 0.494124 0.461470 0.188090 0.171517 0.231200 0.335141
VERTEX_POSE A62 -0.544066 0.276702 0.241075 -0.777997 0.934209 -0.777508 0.273479 0.233745 0.357613 0.533471 -0.024043 0.431310 0.227950 0.731586 -0.192311 0.711850 -0.049497 -0.211144 -0.286227 0.638057
VERTEX_POSE A63 0.315500 0.679888 0.515384 -0.664838 0.918291 0.543302 0.460425 0.371725 -0.618731 0.581629 0.075738 0.370188 0.042121 0.487090 -0.248318 0.390026 0.366384 0.351133 0.543896 -0.696125
VERTEX_POSE A64 -0.325323 -0.798361 -0.943443 -0.835864 0.472850 0.797099 0.560737 -0.181916 0.518956 -0.756411 -0.266061 0.125758 -0.153712 0.233002 -0.212490 0.272957 -0.561146 0.185339 0.123624 0.725908
VERTEX_POSE A65 0.888135 -0.112912 -0.662791 0.313102 0.876394 -0.592404 -0.658845 0.029188 0.355422 -0.015868 0.854081 -0.657444 0.262719 0.498755 0.290341 -0.684562 0.144624 0.078748 -0.167409 -0.004511
VERTEX_POSE A66 0.727284 0.783454 0.518258 -0.597017 0.061886 0.276013 -0.585235 0.574227 0.595845 0.120726 0.386781 -0.488968 -0.564170 -0.046654 0.566660 -0.244522 -0.697240 0.092692 -0.514632 -0.179841
VERTEX_POSE A67 -0.883310 -0.266861 0.802858 0.353514 -0.852754 -0.697644 -0.206531 -0.036745 -0.384604 0.292193 -0.502654 0.323220 -0.682819 -0.647746 0.468921 0.545252 -0.243644 -0.202520 0.329282 -0.516770
VERTEX_POSE A68 -0.861334 -0.538813 0.212309 0.048081 -0.276738 0.289320 -0.664018 -0.587117 0.270965 0.155670 0.408741 0.740827 -0.011863 0.046641 0.293974 -0.404400 0.609146 0.455660 0.609234 -0.339103
VERTEX_POSE A69 0.336039 0.262363 -0.344723 -0.651504 0.538308 -0.441928 0.376332 -0.292005 -0.596851 -0.506280 0.588682 -0.450749 0.229716 -0.315871 0.307189 0.538626 0.621815 -0.388496 0.509085 0.285932
VERTEX_POSE A70 -0.705019 -0.359891 -0.065463 -0.209537 0.323882 -0.181136 0.576051 -0.109143 0.149397 -0.537751 -0.316734 0.130462 -0.119218 -0.833230 0.111861 0.587371 -0.397271 0.956732 0.140616 0.188865
VERTEX_POSE A71 0.112554 -0.683526 -0.851159 -0.528942 0.718664 0.562927 -0.598479 0.040733 -0.637612 -0.494058 -0.570535 0.180254 0.576894 -0.561206 0.357868 0.012771 -0.525049 0.340593 -0.254481 -0.286710
VERTEX_POSE A72 0.914168 -0.604300 -0.782135 0.470475 0.133028 -0.692246 -0.341104 0.628458 -0.528557 0.662453 -0.283889 0.467703 0.071475 0.462667 0.076317 0.608752 0.507327 0.129818 0.262899 0.230230
VERTEX_POSE A73 0.389360 -0.701038 0.895344 -0.289333 0.764006 0.388280 -0.646171 0.453486 0.252494 0.673639 0.680294 0.687308 -0.145072 -0.051068 -0.559547 -0.322686 0.558764 0.000739 -0.059182 -0.129330
VERTEX_POSE A74 -0.155872 0.597363 0.881834 -0.297950 0.596981 0.205326 -0.477367 -0.166747 0.148909 0.408706 -0.535271 0.140290 -0.439393 0.564170 -0.924212 0.064894 0.122070 0.248631 0.638594 0.593710
VERTEX_POSE A75 -0.617449 -0.276033 -0.235074 0.043638 0.945662 0.713888 -0.598465 -0.146559 0.487343 0.206254 0.186663 -0.306866 -0.729003 0.307058 -0.395577 -0.253087 -0.164909 -0.047035 -0.061648 -0.906751
VERTEX_POSE A76 -0.783345 -0.562985 0.324273 0.082605 -0.530378 0.054466 0.755581 0.190912 0.274556 0.211581 0.615888 -0.597027 -0.389571 0.613652 0.487499 -0.138292 0.451941 0.572325 -0.461996 -0.058444
VERTEX_POSE A77 0.358316 -0.148926 -0.805856 -0.288837 -0.103328 -0.387874 0.628532 -0.644060 0.077144 0.530653 0.628446 0.332024 -0.385505 -0.388580 -0.848145 -0.404699 0.197596 -0.118373 0.104688 0.014256
VERTEX_POSE A78 0.142211 -0.547346 -0.661955 -0.735672 -0.749973 -0.267988 -0.452683 -0.726398 0.134504 0.229548 0.152493 -0.745888 -0.366045 0.546176 -0.587157 0.656080 -0.353355 0.094809 -0.421849 -0.161010
VERTEX_POSE A79 0.539450 0.177923 -0.838537 0.747957 0.070890 0.104809 0.294758 0.617931 -0.227110 0.798519 0.149073 0.443796 -0.232121 0.020141 0.231195 0.432842 -0.754435 0.828873 0.185073 0.162359
VERTEX_POSE A80 -0.790292 -0.288176 -0.449672 0.170745 0.471896 0.465634 -0.604711 0.013597 -0.397976 -0.080542 0.506499 -0.502754 -0.728784 0.086401 0.564424 -0.084467 0.651476 0.231222 -0.299294 -0.558021
VERTEX_POSE A81 -0.417643 -0.647514 -0.935728 -0.351658 0.245098 -0.291376 -0.595896 0.378535 0.086933 0.010052 0.865713 -0.624759 0.710263 0.189743 -0.542074 -0.291007 -0.266204 -0.472626 -0.235900 -0.019632
VERTEX_POSE A82 0.057464 0.536119 0.800725 -0.662497 0.511452 -0.346349 -0.225418 0.860937 0.703718 0.214254 0.333647 -0.593012 0.402617 0.005407 -0.129594 -0.642322 -0.342455 -0.127927 0.573240 -0.173674
VERTEX_POSE A83 0.669182 0.258582 -0.385850 0.023687 0.167700 -0.310705 0.615573 -0.716162 -0.537420 0.021870 0.311819 -0.156914 0.585111 0.593830 -0.506994 -0.525151 -0.172936 -0.577041 -0.049526 0.085670
VERTEX_POSE A84 0.399009 -0.766571 -0.027951 0.519992 -0.319037 -0.122899 0.008296 -0.641164 -0.508740 0.505007 0.561001 0.380367 -0.134662 0.388223 -0.754525 -0.293062 -0.125924 -0.109969 -0.800550 0.328043
VERTEX_POSE A85 0.615764 -0.885811 -0.022271 0.178499 -0.175423 0.676431 -0.013299 -0.431117 -0.484407 0.432719 -0.370805 0.537532 0.545224 0.327982 -0.133351 0.638742 0.314038 0.032691 0.327591 -0.685893
VERTEX_POSE A86 -0.068157 -0.179613 -0.019853 -0.634322 -0.688049 -0.179317 0.797967 0.032419 0.581347 0.259989 0.706935 -0.128459 0.485354 -0.391504 0.707903 0.163243 -0.488036 0.335042 -0.182862 -0.328234
VERTEX_POSE A87 0.971583 -0.343407 0.007640 0.952846 -0.006774 0.613687 -0.204914 -0.231757 0.498791 0.442388 0.392614 -0.451964 0.284531 -0.532484 0.335161 0.545583 -0.587199 -0.240815 0.619423 0.404724
VERTEX_POSE A88 -0.484896 0.744603 0.345108 -0.281408 0.803716 0.891946 0.101154 0.369246 0.132420 -0.391853 -0.400636 0.063556 0.514053 0.121263 0.063225 0.705172 -0.590075 0.422919 -0.273315 -0.583313
VERTEX_POSE A89 0.556858 -0.466976 0.230872 0.204722 0.351493 -0.532563 0.580108 -0.109642 -0.368666 0.381769 -0.361885 -0.475197 -0.267858 0.559313 0.442435 0.663936 0.579023 -0.398625 -0.071887 0.457076
VERTEX_POSE A90 0.655743 0.764120 -0.937744 -0.312858 -0.116040 0.835411 0.449239 0.162732 0.484253 -0.687314 0.112263 0.082732 0.006538 -0.836537 0.225164 0.061544 -0.505951 0.100216 -0.567410 -0.071661
VERTEX_POSE A91 0.082816 -0.393346 -0.592422 -0.634534 -0.545361 0.093190 0.905653 0.204737 0.420353 -0.026727 0.513295 -0.447499 -0.130548 0.810508 0.267237 0.286703 -0.043332 0.736851 -0.282555 0.189233
VERTEX_POSE A92 0.329780 -0.592090 -0.897487 -0.956778 -0.328565 -0.395631 -0.416518 0.655524 0.414897 -0.071178 0.271168 -0.507962 0.133799 0.354752 -0.538406 0.574174 -0.243028 0.351327 0.688382 0.558431
VERTEX_POSE A93 -0.888323 0.040822 0.303331 -0.090855 -0.181832 -0.498757 -0.521504 0.022588 0.310599 0.203037 0.841183 -0.676408 0.731352 0.036920 -0.253174 -0.176911 0.439899 0.364890 0.347329 -0.311492
VERTEX_POSE A94 -0.601684 -0.713458 0.922962 -0.299372 -0.627070 -0.159588 -0.102810 -0.455189 -0.172538 -0.117140 0.669555 -0.663798 0.698999 0.145645 -0.697371 -0.657588 -0.092778 -0.133448 0.233852 -0.560962
VERTEX_POSE A95 -0.995542 -0.390452 -0.840930 -0.792642 -0.855715 -0.094602 -0.542412 0.224582 -0.553783 0.234485 -0.151047 0.707048 0.490603 -0.044972 -0.173517 0.123861 -0.848445 -0.392875 0.628310 0.452622
VERTEX_POSE A96 0.999811 0.927910 0.640540 -0.777752 -0.305438 0.695980 0.157999 0.070488 -0.095036 -0.055240 0.568261 0.014039 -0.917022 -0.300418 -0.572986 -0.081210 0.441906 -0.421983 0.352790 -0.621755
VERTEX_POSE A97 -0.874400 -0.930004 0.441220 0.103612 0.434816 -0.710529 0.268093 0.647792 -0.279775 -0.506049 -0.067704 0.437556 -0.152976 0.602061 -0.468270 -0.367352 -0.324974 -0.078379 0.716723 -0.328172
VERTEX_POSE A98 -0.878852 0.342688 0.961928 0.560872 -0.708469 -0.288834 -0.448612 -0.330847 -0.552593 0.135832 -0.591524 -0.690277 0.397431 0.298753 0.365813 0.639146 -0.560401 -0.030244 0.462427 0.370590
VERTEX_POSE A99 -0.861522 -0.610903 -0.147151 0.270329 0.417825 0.875608 -0.095359 -0.165158 -0.263116 -0.601963 0.413012 0.246082 -0.428209 0.504149 0.321571 0.072480 0.380478 -0.010821 -0.663273 -0.634992
VERTEX_POSE A100 0.461639 0.332360 -0.903503 0.452108 -0.026876 -0.764047 -0.265994 0.450227 -0.254195 0.646898 0.424036 -0.177343 0.517184 -0.411216 -0.433205 -0.383163 -0.506633 -0.364006 0.310607 -0.437850
VERTEX_POSE A101 -0.583870 0.982797 -0.103535 -0.648665 0.615414 0.366199 0.370968 0.561321 0.620002 0.200583 -0.498557 0.217356 -0.698833 0.499343 -0.006446 0.555445 0.432442 0.658947 -0.158940 -0.003333
VERTEX_POSE A102 0.251031 -0.294429 0.001690 0.741387 0.136488 -0.308886 -0.605053 -0.487814 0.502627 -0.124213 0.459739 -0.123626 -0.251156 -0.157910 -0.776235 0.356146 0.368303 0.184746 0.654648 -0.624575
VERTEX_POSE A103 0.375807 0.728060 -0.685638 -0.077417 -0.893848 -0.585939 -0.563696 -0.330364 -0.184866 0.700245 -0.256201 -0.752140 0.333294 0.364898 -0.121384 -0.272225 0.633933 -0.205063 -0.081924 -0.538702
VERTEX_POSE A104 0.805489 -0.718241 -0.208191 0.062001 0.379420 0.802520 0.188759 0.312915 -0.566927 -0.035948 0.362144 -0.035754 0.410242 -0.449392 0.130805 -0.458582 -0.712837 0.127152 -0.764514 0.246669
VERTEX_POSE A105 -0.904840 -0.697066 -0.116476 -0.556563 -0.266531 -0.460478 -0.355577 0.555127 -0.595442 0.036079 -0.143192 -0.294107 0.234854 0.565544 0.497809 0.373529 0.567170 0.314796 -0.823155 0.172651
VERTEX_POSE A106 0.758358 -0.547973 0.079288 0.966221 -0.948186 0.511703 -0.616662 -0.353394 0.033090 0.422563 -0.599116 0.360361 -0.295151 0.470438 0.750887 0.428854 -0.106240 -0.208265 -0.412478 -0.532517
VERTEX_POSE A107 -0.977856 -0.281225 -0.883918 -0.855394 0.849042 -0.296662 -0.061521 0.484700 -0.405344 -0.440040 -0.740965 0.699506 0.233548 -0.274151 0.507722 -0.731258 0.086940 0.024443 0.461841 -0.365129
VERTEX_POSE A108 0.453475 0.154008 0.077668 0.154600 0.630141 -0.442721 0.176229 -0.374563 0.395308 -0.634393 -0.645940 0.378144 0.723400 -0.404637 0.597383 0.169693 0.069061 0.384539 -0.119936 0.523415
VERTEX_POSE A109 -0.099431 -0.095319 0.417333 -0.769452 -0.698158 -0.156099 0.319291 0.017618 0.613187 0.337418 -0.683127 -0.462293 0.266138 -0.488623 -0.562648 -0.307674 -0.472573 -0.263339 0.786581 0.266364
VERTEX_POSE A110 0.561594 0.896697 -0.722455 0.892563 -0.080068 0.287378 0.738248 0.602348 0.150028 -0.516503 0.448934 -0.482599 0.416293 -0.388139 0.813625 0.080941 -0.525271 -0.004159 -0.091447 0.095254
VERTEX_POSE A111 0.663183 0.865832 0.627996 -0.674655 0.102037 0.307267 0.290694 0.251012 0.367322 0.841952 -0.109587 -0.515567 0.259651 -0.690852 0.662201 -0.354372 -0.379105 0.257570 -0.116687 -0.551349
VERTEX_POSE A112 0.482926 0.257167 0.481604 -0.121109 0.546940 -0.038502 -0.510000 0.173471 0.660364 -0.238339 -0.711084 0.541403 0.689837 0.288090 0.341413 -0.276283 0.420807 -0.390840 0.361784 -0.451877
VERTEX_POSE A113 -0.380942 0.432816 -0.921731 -0.769934 -0.568616 0.828195 -0.189334 -0.506418 0.328856 0.396542 0.573920 -0.369849 -0.441820 -0.250770 -0.262793 0.542700 -0.534561 -0.009963 -0.563186 0.255962
VERTEX_POSE A114 0.332365 0.124414 -0.757854 0.349032 -0.730263 -0.574576 -0.412136 0.285676 0.463268 -0.865325 -0.147012 0.260071 0.189387 -0.681223 -0.438244 -0.205912 -0.451361 0.442212 0.055584 0.478524
VERTEX_POSE A115 -0.118065 0.490596 -0.546347 -0.601117 -0.772098 0.287815 -0.226609 -0.440831 -0.129156 -0.508083 0.512569 -0.770341 0.482054 -0.005255 -0.454829 -0.492355 -0.653062 -0.316523 -0.464446 0.341209
VERTEX_POSE A116 -0.765178 0.547005 0.055998 0.408565 0.255961 0.322786 -0.771766 -0.312216 0.503316 0.178490 0.517230 0.532036 -0.072611 0.430224 -0.279747 -0.603522 0.455745 0.530246 0.054837 -0.492135
VERTEX_POSE A117 -0.735792 0.944801 0.222294 0.714710 -0.418312 -0.666866 -0.607372 0.268304 0.518419 -0.767334 -0.261566 0.338571 -0.156006 0.272876 -0.075663 -0.095408 0.596126 -0.407647 -0.094113 -0.655568
VERTEX_POSE A118 -0.146482 -0.852810 0.461293 -0.648271 0.221128 0.458213 0.040293 -0.781662 -0.241445 0.661970 -0.416837 0.518716 -0.196272 0.041658 -0.617209 -0.060630 -0.186381 -0.285888 -0.719704 -0.422820
VERTEX_POSE A119 -0.250074 0.291609 -0.598894 -0.872843 0.059677 -0.506393 0.484508 0.169889 -0.002356 0.551931 0.471845 -0.614458 -0.415404 0.509428 0.256844 0.479742 0.075410 -0.547753 0.240647 -0.695195
VERTEX_POSE A120 0.821066 -0.522175 -0.546834 -0.080567 0.933181 0.662492 0.039074 0.561316 -0.309602 0.365556 0.443111 -0.608235 0.267359 0.351463 -0.089925 0.119596 -0.554621 -0.295320 -0.882643 0.239678
VERTEX_POSE A121 -0.490739 0.911309 0.523548 0.038871 -0.894912 0.078672 -0.514438 0.008423 -0.337000 -0.376107 0.504659 -0.485404 0.634086 -0.185892 0.610907 -0.010804 -0.468234 0.520977 0.437854 0.701034
VERTEX_POSE A122 0.832742 0.898262 -0.191316 -0.507377 0.514315 -0.432847 -0.074488 0.220503 0.348095 -0.416044 -0.571313 0.384325 0.857233 -0.105043 0.508339 -0.205313 -0.149814 0.534191 -0.210611 0.769092
VERTEX_POSE A123 0.150846 -0.114266 -0.444321 -0.037345 -0.395384 0.596431 -0.358244 0.658652 0.342406 0.511978 -0.337361 -0.441449 -0.534078 -0.149125 0.340277 0.164953 -0.129642 -0.465147 0.545061 0.642900
VERTEX_POSE A124 -0.379063 -0.047869 -0.173121 0.948016 -0.076744 -0.489833 0.230553 -0.750668 0.638730 0.067002 -0.613191 -0.038241 -0.656199 -0.228367 0.436646 0.536549 0.078165 0.399957 -0.473153 -0.047258
VERTEX_POSE A125 -0.768942 -0.815196 -0.268354 0.193251 0.887245 0.638912 -0.443533 -0.107556 -0.281579 0.577126 -0.198306 -0.558798 -0.530161 -0.622210 -0.420279 -0.409536 0.718684 -0.153671 0.146334 0.213200
VERTEX_POSE A126 0.155304 0.495283 -0.285252 0.170013 -0.251099 0.733186 0.525419 -0.029231 -0.263673 0.404481 -0.365456 0.385477 -0.725208 0.009008 -0.274281 0.153206 0.850638 -0.411209 -0.104555 -0.376724
VERTEX_POSE A127 -0.379251 -0.119959 -0.532581 -0.829737 0.617819 -0.236419 0.286965 0.462171 -0.711961 0.098518 -0.627861 0.542961 0.596132 -0.525053 -0.376204 0.446722 0.114622 -0.029678 0.594148 0.321512
VERTEX_POSE A128 -0.643342 -0.745199 -0.827134 -0.703137 0.322061 0.458067 -0.177889 -0.793296 -0.288960 0.619331 -0.162160 -0.056220 0.417852 0.136107 -0.655791 0.074282 -0.564097 -0.522928 -0.636134 0.087494
VERTEX_POSE A129 0.276452 -0.162030 -0.323324 -0.269115 0.040432 -0.628355 0.367871 -0.449962 0.265493 -0.722278 -0.471998 0.488351 0.354869 0.357149 -0.252488 -0.285286 0.526172 0.482128 0.368328 -0.412723
VERTEX_POSE A130 -0.240773 0.269138 0.320268 0.440592 0.035643 0.498754 -0.391740 0.123166 -0.218975 -0.020998 0.966011 0.373459 0.504096 -0.011729 -0.503372 -0.573166 -0.209049 -0.557172 0.513290 -0.088398
VERTEX_POSE A131 0.818297 0.587160 -0.730637 0.748971 -0.704815 0.561731 0.411820 0.396416 -0.273707 0.369375 -0.720392 0.315271 -0.469167 -0.082004 -0.516330 0.457422 0.477148 0.493508 0.514406 -0.299157
VERTEX_POSE A132 0.692582 -0.179233 0.573141 0.082220 -0.344154 -0.414578 0.817201 0.355732 -0.530388 0.035803 -0.329272 -0.476352 -0.123665 -0.369469 0.088164 0.270768 -0.754108 0.558685 0.492232 -0.244637
VERTEX_POSE A133 -0.989742 0.974709 -0.678042 0.181979 -0.827868 0.472248 0.580301 0.047982 -0.135665 0.485257 -0.760229 -0.066339 0.323344 -0.065267 0.755635 0.072257 0.178605 -0.428010 0.563919 0.619346
VERTEX_POSE A134 0.194104 0.315220 -0.416275 -0.328446 -0.598663 0.345172 0.649150 -0.641770 0.392360 0.204729 0.270114 -0.563116 0.630861 0.180279 -0.442935 0.207738 0.203200 -0.462189 -0.309110 -0.664363
VERTEX_POSE A135 0.498071 0.102526 -0.635050 -0.855779 -0.964734 -0.020770 0.667566 -0.645468 0.902658 -0.174478 -0.080352 -0.278883 -0.207941 0.298344 0.325774 0.399363 0.482652 -0.029527 0.566730 0.504928
VERTEX_POSE A136 -0.894583 -0.722357 0.205482 0.625417 -0.094399 -0.584924 0.292048 0.449895 -0.500862 -0.574449 -0.529998 0.004623 -0.439020 0.680590 0.631327 -0.264359 0.024765 -0.091682 -0.567532 0.229957
VERTEX_POSE A137 -0.047539 0.767247 0.663013 -0.362225 -0.546849 -0.278549 -0.705781 0.111544 -0.173405 -0.524581 -0.628152 -0.687705 0.469129 -0.434145 0.462900 0.081095 -0.596023 0.452909 -0.005468 -0.221942
VERTEX_POSE A138 0.520215 0.821301 -0.518968 -0.711173 0.884308 -0.166293 0.722774 -0.632785 0.682096 -0.255416 -0.547667 -0.529398 -0.536158 -0.326690 -0.384237 -0.226307 -0.392549 -0.281409 0.271441 0.197034
VERTEX_POSE A139 0.558893 0.431651 -0.716851 -0.219983 -0.464259 -0.247130 0.585840 0.382367 -0.699713 0.133853 -0.036503 -0.095073 -0.460269 0.872408 -0.031904 0.569125 0.186160 -0.662775 -0.321128 -0.238142
VERTEX_POSE A140 0.853030 -0.328072 0.080346 -0.131676 -0.245007 -0.165266 0.472593 0.476807 -0.760267 -0.477916 0.373623 0.357635 -0.535344 0.426441 -0.350810 0.474312 0.115477 -0.379093 -0.191539 -0.661721
VERTEX_POSE A141 0.081809 0.717998 -0.241423 -0.818610 -0.195760 0.720547 0.371130 -0.053061 0.515930 0.072052 0.127916 -0.347674 0.354060 0.672058 0.065087 -0.728642 -0.128170 0.299191 -0.448099 0.716053
VERTEX_POSE A142 0.222076 0.297483 0.911145 0.105362 0.637778 0.223575 0.541710 -0.249377 0.463619 0.122950 -0.401510 0.266651 0.633051 0.045421 -0.318111 -0.138324 -0.877613 -0.750183 0.521101 0.065835
VERTEX_POSE A143 0.335956 0.929095 -0.438050 0.747215 -0.698068 -0.782291 0.288616 -0.488751 -0.425951 -0.732467 0.380143 0.448095 -0.171132 -0.419327 0.048657 -0.525348 -0.663900 -0.058573 -0.273710 0.003783
VERTEX_POSE A144 0.700868 0.150815 -0.163154 -0.588544 0.235623 0.298026 -0.564965 -0.442544 -0.772579 0.226764 -0.097510 -0.275376 -0.307751 -0.628554 -0.487560 -0.500809 0.205307 0.027488 0.532797 -0.597842
VERTEX_POSE A145 -0.445559 -0.578103 -0.846709 -0.545605 0.907515 0.239106 -0.707134 -0.540984 0.177194 0.275623 -0.436193 0.630968 0.554160 -0.263527 0.635993 -0.339435 0.268503 0.329883 -0.041038 0.612806
VERTEX_POSE A146 -0.782108 0.419691 0.015603 -0.853903 -0.470166 -0.196787 -0.425445 0.661585 -0.540261 0.383260 -0.059104 -0.317591 -0.515044 0.222499 0.744294 -0.154371 0.112735 0.120641 0.618877 0.704696
VERTEX_POSE A147 0.935689 -0.302180 0.892844 0.820021 -0.508416 0.015823 0.388986 0.826337 0.224714 0.122242 -0.462393 -0.626522 -0.565132 0.078434 -0.320523 0.669628 -0.305468 -0.673787 0.256849 -0.062427
VERTEX_POSE A148 -0.181351 -0.633302 0.375585 -0.830895 -0.510797 -0.731828 0.297112 0.323025 0.339763 -0.143889 0.091997 0.528839 0.035321 0.470516 -0.219508 -0.745017 0.579473 -0.145375 -0.578552 -0.574471
VERTEX_POSE A149 0.071410 0.566881 -0.523104 -0.502174 0.750963 -0.544887 -0.360005 0.326575 0.507410 -0.401068 -0.589667 0.568617 -0.431839 0.686859 0.104948 0.205445 0.181218 -0.333607 -0.693433 -0.202549
VERTEX_POSE A150 -0.314385 0.989429 -0.706050 0.947178 0.551261 0.263632 0.115734 0.072045 -0.651766 -0.060510 -0.124507 0.279802 0.663814 0.492429 -0.565385 0.651518 -0.075607 -0.328253 -0.343249 0.855047
VERTEX_POSE A151 -0.360285 -0.155477 0.828751 0.088538 -0.577616 0.016831 -0.356169 -0.612687 0.855635 -0.311515 0.098481 -0.247130 -0.857148 0.060524 0.452955 0.120674 -0.066720 -0.036938 -0.163821 0.778974
VERTEX_POSE A152 0.580670 0.478190 -0.999556 0.536697 0.856051 0.429639 -0.447141 -0.526016 -0.166229 -0.466967 -0.300966 -0.415546 0.383291 -0.042404 -0.573050 -0.637165 0.376969 0.535456 -0.170633 0.699159
VERTEX_POSE A153 -0.481642 0.887691 0.102633 -0.560199 0.065576 -0.589094 -0.712369 -0.098736 0.476908 -0.618850 -0.317398 0.395744 0.098711 -0.600997 -0.184927 0.128776 -0.552339 -0.484475 0.288492 -0.472477
VERTEX_POSE A154 0.790560 0.730258 -0.615571 -0.948808 0.026999 0.280908 0.493630 -0.560837 0.230023 -0.262917 -0.648740 0.589070 -0.414687 -0.093222 -0.330517 -0.709819 -0.167079 0.641821 -0.106752 0.477486
VERTEX_POSE A155 -0.798392 -0.569679 -0.172677 0.484712 -0.220693 -0.057839 0.097957 -0.880962 -0.558988 0.490644 -0.003169 0.416414 -0.492034 -0.252031 -0.341974 -0.515767 0.310782 0.627567 0.491487 0.252568
VERTEX_POSE A156 -0.250584 -0.927505 0.834279 0.633053 -0.047179 0.566463 -0.153196 -0.405898 -0.198355 -0.691378 0.403408 -0.558696 0.485382 -0.274149 0.388861 0.509957 0.716415 0.420024 0.053617 -0.290000
VERTEX_POSE A157 -0.054136 0.225540 0.099177 0.221205 0.775900 0.421955 -0.510048 0.347768 0.022112 0.070493 -0.355514 0.467074 0.755808 0.446649 0.414882 -0.402336 0.263323 0.656642 0.041975 -0.695581
VERTEX_POSE A158 -0.177643 0.310362 0.294742 0.654976 -0.602874 0.143038 -0.683420 0.257822 0.398389 -0.371617 0.022944 -0.333876 0.282412 -0.319747 0.684717 0.101244 -0.667589 -0.490424 -0.552115 -0.620554
VERTEX_POSE A159 0.106074 -0.672704 -0.992855 0.929916 -0.725118 -0.061037 -0.606613 -0.673902 -0.307450 -0.590144 0.595119 0.764677 -0.080717 -0.115669 0.262298 -0.525149 0.097615 -0.498215 0.038132 -0.410830
VERTEX_POSE A160 -0.777684 -0.936489 0.775854 0.952090 -0.183667 -0.552765 0.538863 -0.446785 -0.066439 -0.410528 0.320768 0.559548 -0.217722 -0.525910 -0.491062 -0.336054 0.294199 0.368511 0.617057 0.578236
VERTEX_POSE A161 0.581583 -0.420500 -0.384991 0.095568 0.432769 0.304630 -0.149241 -0.509832 0.467635 -0.585241 0.546548 0.813798 0.513453 -0.040349 0.162019 -0.609121 -0.414132 -0.000659 0.023624 0.517903
VERTEX_POSE A162 -0.075629 0.914456 -0.723492 0.678887 -0.429934 0.825341 -0.363594 -0.328841 0.176041 0.147118 0.649440 0.114704 0.782942 -0.524808 -0.516463 -0.290504 -0.382898 -0.089057 -0.385700 -0.219218
VERTEX_POSE A163 0.914897 -0.115722 0.348995 0.034310 0.472179 0.523515 -0.066415 -0.093584 0.639672 0.571591 -0.322098 -0.409682 0.362168 -0.601032 -0.295630 0.722485 0.448560 -0.248024 -0.125391 -0.570131
VERTEX_POSE A164 0.591841 -0.445792 -0.063033 -0.722452 0.604900 0.046622 0.732337 -0.047409 -0.153084 -0.441894 0.082526 -0.817389 0.152385 -0.530254 -0.537823 -0.156287 0.647590 0.130437 -0.469857 -0.538888
VERTEX_POSE A165 -0.881525 0.229676 -0.139767 -0.649558 -0.028597 0.126097 0.310038 0.544990 -0.315276 -0.545229 0.272808 0.591424 -0.079437 -0.602826 0.660369 -0.521253 0.434529 -0.314374 -0.573225 -0.276310
VERTEX_POSE A166 0.412968 0.986804 0.713945 0.178531 0.507445 0.387231 -0.025362 -0.079470 -0.747066 0.144953 0.479527 0.482473 0.218839 0.441611 0.170114 -0.652455 0.658323 0.173855 0.710463 0.367872
VERTEX_POSE A167 0.697259 -0.168149 -0.857551 0.902964 -0.489499 0.554667 -0.291301 0.184245 0.047547 -0.789677 0.066143 -0.513417 -0.386731 0.509304 0.129340 0.369527 0.834637 -0.640123 0.073778 -0.075288
VERTEX_POSE A168 0.070937 -0.003077 -0.476754 -0.011783 0.424554 0.436771 0.307759 0.339924 0.547149 0.174180 0.539000 0.328880 0.588578 -0.651155 -0.292212 0.562755 -0.008750 -0.562413 0.460249 0.412130
VERTEX_POSE A169 -0.066817 0.808105 -0.805023 0.467358 0.391753 0.526189 0.055733 0.635556 -0.381160 -0.844140 0.157768 -0.453749 0.368214 0.568037 -0.284304 -0.071900 0.453021 -0.539561 0.378907 -0.208046
VERTEX_POSE A170 0.256151 -0.736499 -0.574402 -0.317019 0.046242 0.428809 -0.784375 0.173052 0.069716 -0.365344 -0.650396 0.036861 -0.012835 -0.645211 0.791130 0.496138 -0.177295 -0.428973 0.070445 -0.315131
VERTEX_POSE A171 -0.076033 0.668851 0.603592 0.856541 -0.820453 -0.030673 -0.644593 -0.699478 -0.791753 -0.224440 0.219938 0.553781 -0.020733 0.004002 0.031342 -0.163720 -0.267159 0.254029 -0.711964 0.625274
VERTEX_POSE A172 -0.985007 0.526103 -0.046446 0.648748 -0.804007 -0.534612 0.457443 -0.686942 0.238220 -0.538823 -0.526302 0.253800 0.643749 0.147863 0.205010 0.177898 0.204572 0.742292 0.233141 -0.432901
VERTEX_POSE A173 -0.521773 0.560984 -0.663257 0.788344 -0.315979 0.146262 0.460949 0.080266 0.573374 0.503886 0.285753 0.337718 -0.444337 -0.510337 0.119802 0.453777 -0.796957 -0.722111 0.360938 -0.127741
VERTEX_POSE A174 -0.740077 0.597945 -0.834459 0.603756 -0.518521 -0.680027 0.026641 -0.191395 -0.457204 -0.138279 0.401315 0.455480 -0.451192 0.457168 0.116151 0.861856 0.443915 -0.327987 -0.183845 0.629485
VERTEX_POSE A175 0.715860 -0.323082 0.790400 -0.939796 0.431616 -0.259920 -0.558797 -0.367602 0.144931 0.489840 -0.505803 0.694541 0.182298 -0.302298 -0.308543 0.577320 0.447143 -0.577798 0.285083 -0.563658
VERTEX_POSE A176 0.032668 0.982882 -0.509965 -0.757262 -0.408464 0.008319 0.856949 -0.029640 -0.336269 0.423984 0.076617 0.780387 -0.002377 0.336446 -0.281564 -0.252632 -0.456732 0.445615 0.148483 -0.819422
VERTEX_POSE A177 -0.522185 0.017636 0.181144 0.749853 0.011313 0.485529 0.441576 0.680551 -0.673693 0.228178 0.014554 0.154641 0.448654 -0.274733 -0.512619 0.434620 0.371916 -0.153973 -0.602296 0.568189
VERTEX_POSE A178 0.651549 0.374738 0.683244 0.880226 0.923200 -0.325797 0.620579 0.565398 -0.180693 0.028682 -0.154793 -0.305280 0.152157 -0.751050 -0.686008 -0.669818 0.247037 0.545347 -0.377163 0.176812
VERTEX_POSE A179 0.851317 -0.650420 0.865620 -0.588157 0.080739 -0.587691 0.105922 0.536667 -0.284749 -0.901779 0.089628 0.642459 -0.060567 0.715026 0.361867 -0.287399 -0.406473 0.172729 -0.298844 0.165750
VERTEX_POSE A180 0.549225 -0.415483 0.658040 -0.752321 -0.237724 0.498875 -0.520662 -0.380353 -0.659533 -0.118498 -0.650421 0.066568 -0.646805 -0.114665 0.138834 -0.255307 0.378295 0.540771 0.480968 -0.525385
VERTEX_POSE A181 -0.662835 0.364167 0.977194 0.827404 0.474461 0.316982 -0.327777 -0.474227 -0.461287 0.342914 0.139933 0.243047 -0.691462 0.367698 0.601485 0.441878 -0.381869 -0.515637 -0.318744 -0.688840
VERTEX_POSE A182 -0.508968 0.194103 0.694370 0.500381 0.503123 0.314717 0.718835 -0.227396 0.053405 -0.258598 -0.106665 -0.162562 0.433991 0.838211 -0.285935 -0.384439 0.336086 0.888772 -0.283304 0.348370
VERTEX_POSE A183 0.129895 -0.937293 0.658484 0.784376 -0.381674 0.570027 -0.187861 -0.664954 0.124182 -0.523374 -0.142077 0.499967 -0.303983 0.731654 0.421238 0.773543 0.030085 -0.481913 0.003703 -0.037786
VERTEX_POSE A184 -0.144477 0.251858 0.079827 -0.732795 -0.459963 0.295747 -0.458306 0.424861 -0.429170 -0.440803 0.613083 -0.154680 -0.736944 -0.602662 -0.792882 0.225595 0.041577 0.275243 0.040844 0.280522
VERTEX_POSE A185 -0.718408 -0.075639 -0.921201 0.551573 -0.469878 -0.399568 0.328558 0.651950 -0.591753 0.504587 -0.128403 0.670938 0.473254 0.450146 0.175325 0.341460 -0.464773 0.096320 0.544864 -0.373937
VERTEX_POSE A186 0.331503 -0.506972 -0.514194 0.269088 0.397633 -0.416449 -0.349773 0.751732 -0.497008 -0.489713 -0.403633 -0.594798 0.433122 -0.379098 0.180302 -0.670576 -0.337960 0.439614 -0.023948 -0.118518
VERTEX_POSE A187 0.604938 0.324353 -0.085894 0.900258 0.492858 -0.349924 0.634297 0.259291 0.372935 -0.470285 0.669799 -0.646192 -0.228104 0.505533 0.041838 -0.326706 -0.352662 0.564941 0.466616 0.322806
VERTEX_POSE A188 0.227456 -0.850099 0.177977 -0.227221 -0.693978 -0.926747 -0.307889 0.086146 -0.228453 0.359023 -0.283525 -0.273091 0.831397 -0.078119 -0.099226 -0.284072 -0.490040 0.067268 -0.066242 -0.816058
VERTEX_POSE A189 -0.846141 0.803390 0.780548 -0.075936 0.794759 0.671272 -0.459329 -0.527976 0.464782 0.311763 0.049740 -0.387503 0.384153 -0.812535 -0.295919 -0.425480 0.146072 -0.309265 -0.602672 -0.192919
VERTEX_POSE A190 -0.288988 0.651648 -0.078749 0.830174 0.767739 0.666583 -0.238214 -0.107537 -0.355869 0.466175 -0.618156 -0.406206 -0.347016 -0.291388 -0.185016 0.516026 0.655266 0.479365 0.582436 -0.303379
VERTEX_POSE A191 0.449772 -0.786588 -0.046170 -0.275131 0.122355 -0.327604 -0.438106 0.607833 -0.016487 -0.524608 0.231204 0.529463 -0.512737 0.013189 -0.552724 0.243784 0.330522 0.553687 0.458825 0.683861
VERTEX_POSE A192 0.735443 -0.617110 -0.604443 -0.980368 0.227528 -0.063919 0.604432 0.387475 0.521451 -0.166020 -0.522217 0.396684 0.056151 0.584178 -0.419390 0.559102 -0.445190 0.625106 0.539771 -0.194150
VERTEX_POSE A193 0.635384 0.566104 0.197760 0.509061 -0.662194 0.461331 0.337474 -0.619901 -0.057576 -0.496870 -0.328709 0.448667 -0.205665 -0.402318 0.654991 0.288332 0.525968 0.391847 -0.716798 0.263004
VERTEX_POSE A194 0.364670 0.097690 -0.697175 0.759178 -0.405466 0.634028 -0.024865 0.101528 0.476085 -0.152360 -0.028780 0.285427 -0.088412 -0.901621 0.174251 0.977705 -0.035749 -0.509430 0.111555 -0.417930
VERTEX_POSE A195 0.327284 -0.062902 0.332524 -0.702820 -0.167572 0.119504 -0.040952 -0.233412 0.317617 -0.142774 0.282540 -0.266191 -0.180922 -0.863027 0.704389 0.609297 -0.332411 0.563752 -0.757603 -0.101870
VERTEX_POSE A196 0.753859 -0.204220 -0.942007 0.859503 0.309209 -0.023081 0.571504 0.095817 -0.688679 0.417621 0.407722 -0.387174 0.238071 -0.633592 -0.454781 -0.358622 -0.479544 -0.410438 -0.560079 0.439524
VERTEX_POSE A197 -0.222362 0.084494 -0.983230 -0.062291 -0.898021 -0.464072 0.722153 -0.015805 -0.302606 -0.016593 -0.908631 -0.510404 0.188003 0.367290 0.540723 0.445915 -0.195863 0.374396 0.493999 0.029600
VERTEX_POSE A198 0.024542 0.768948 0.474973 -0.799856 0.342929 -0.390374 -0.510991 0.423847 -0.585016 0.535047 0.448681 -0.285683 -0.637466 0.042743 0.583937 -0.177365 0.429755 -0.287693 -0.121624 -0.657664
VERTEX_POSE A199 -0.175204 0.792703 -0.418760 -0.152280 -0.266237 0.461235 0.760584 -0.113949 0.169242 0.419762 0.248927 0.442604 -0.157221 -0.163446 -0.570017 0.362558 0.528108 -0.487649 0.298572 -0.787044
VERTEX_POSE A200 0.710821 -0.107401 -0.788253 -0.594933 0.493732 -0.677428 0.518634 0.336268 -0.473001 -0.555629 0.164426 0.460589 0.390417 0.052249 0.032046 0.406694 0.406671 0.322789 -0.323217 0.831731
VERTEX_POSE A201 -0.719306 -0.967550 0.900571 -0.116874 -0.610829 -0.106627 0.675093 0.243099 -0.835056 0.043235 -0.539560 -0.230757 0.344435 0.467220 0.082678 0.582865 -0.207753 -0.480861 -0.289850 0.623155
VERTEX_POSE A202 0.748763 0.461553 -0.815169 -0.295739 -0.086691 -0.322299 -0.223251 -0.077778 0.258291 -0.214334 0.634054 0.670100 -0.007027 -0.646772 -0.281553 -0.837042 -0.294857 0.548728 -0.451145 0.294400
VERTEX_POSE A203 0.725814 -0.581298 0.165301 -0.946185 0.689725 -0.617011 -0.391525 -0.341263 0.336217 0.450321 -0.713890 0.379665 -0.508888 0.262851 -0.184586 -0.397052 -0.477714 -0.572746 0.476762 0.276766
VERTEX_POSE A204 -0.241079 0.593434 -0.762686 -0.328530 0.073192 -0.512139 -0.663262 0.211958 -0.617807 -0.047109 0.070379 -0.465056 0.241948 -0.453947 -0.078652 -0.023396 -0.795755 0.365466 -0.706243 -0.332907
VERTEX_POSE A205 -0.991314 0.059499 -0.649627 -0.691984 0.394788 0.613163 0.408143 -0.364193 0.304792 -0.524860 0.572348 -0.165345 -0.167927 0.182135 0.543952 0.327734 0.536895 -0.455971 0.649871 0.467282
VERTEX_POSE A206 0.441674 0.095620 -0.044299 -0.885980 0.121341 -0.397481 -0.288523 0.612593 -0.546444 -0.304215 -0.016466 0.125419 0.332951 -0.315432 0.611475 0.013871 0.651502 -0.392142 0.844487 0.317026
VERTEX_POSE A207 0.791589 0.576316 -0.272651 -0.085792 0.664728 0.133529 0.582433 0.553195 0.472240 0.109378 0.446459 0.367482 -0.723247 0.420454 -0.704316 -0.294173 0.453213 -0.357847 0.197948 0.335358
VERTEX_POSE A208 -0.513499 -0.922865 0.531517 -0.942131 -0.593899 -0.086966 -0.530964 0.562219 0.857175 0.076728 0.412456 -0.100123 0.095831 0.476693 0.323929 -0.750942 -0.443458 0.377800 0.372951 -0.299831
VERTEX_POSE A209 0.093224 -0.529642 -0.361055 0.994245 0.044542 -0.483786 -0.350786 0.648626 0.368104 -0.479949 -0.440235 -0.535709 -0.256700 -0.300453 -0.047148 -0.708470 -0.123652 0.584161 -0.280665 0.529071
VERTEX_POSE A210 0.642907 0.925896 -0.407031 0.326051 -0.254533 -0.344531 -0.699960 0.489480 -0.419575 -0.077151 -0.205902 -0.430194 -0.345542 -0.685166 -0.355728 0.467126 -0.204540 0.627412 -0.408040 -0.454669
VERTEX_POSE A211 -0.964274 -0.338348 0.189557 -0.694452 0.168377 0.399534 0.327675 0.040026 0.049216 -0.104490 0.688739 0.447538 0.251389 0.569611 0.699558 0.150450 -0.446328 0.385070 -0.892121 0.019272
VERTEX_POSE A212 0.430389 0.834525 -0.383861 0.821649 -0.480997 0.123778 0.433295 -0.777294 -0.757487 -0.482035 -0.390190 0.462528 -0.201175 -0.302891 -0.336779 0.538766 0.339719 0.289033 -0.499157 0.190822
VERTEX_POSE A213 -0.866062 0.119999 -0.712661 -0.173568 -0.751411 0.477444 0.662332 0.172134 -0.421019 -0.107929 0.855035 0.639059 -0.461154 0.151909 0.430186 -0.201878 0.399967 -0.036531 -0.544288 -0.237139
VERTEX_POSE A214 0.165621 -0.275641 -0.151960 -0.910076 0.786703 -0.628636 -0.153409 -0.624553 -0.427596 -0.497888 0.169021 -0.046677 -0.375735 -0.141717 0.395441 0.149135 -0.746636 -0.513250 0.751768 0.061779
VERTEX_POSE A215 -0.714089 0.086383 0.695965 -0.911145 0.059039 0.411608 -0.367556 -0.739247 0.654066 0.655910 -0.134185 0.181888 0.158781 0.394477 0.569377 -0.333993 0.510481 0.213314 -0.545823 0.138946
VERTEX_POSE A216 -0.584469 -0.955640 -0.633862 -0.621994 -0.221289 0.758897 -0.451549 -0.118375 0.163030 0.281001 0.913190 -0.596967 -0.285641 -0.002527 0.145710 0.793587 -0.388988 0.141050 0.075967 -0.027451
VERTEX_POSE A217 -0.502876 0.217387 0.333847 0.359012 0.184337 0.393911 0.278179 -0.497221 0.810912 0.163067 -0.074035 0.233656 -0.539713 0.153902 0.021505 0.689809 0.633754 -0.363591 0.359026 -0.567416
VERTEX_POSE A218 0.890850 -0.589265 -0.389928 0.989113 -0.448103 0.253892 -0.713223 -0.279977 0.630813 0.596917 -0.249473 -0.537327 0.046562 -0.598506 0.113834 -0.201548 0.622260 -0.485731 0.303666 0.337579
VERTEX_POSE A219 0.642987 -0.805738 0.544115 0.150784 0.084733 0.315317 -0.731339 -0.600775 0.382801 -0.007030 0.184127 -0.653022 -0.231212 0.005642 0.167689 0.639959 -0.652229 -0.547249 0.045693 -0.423949
VERTEX_POSE A220 -0.349017 0.020777 0.114394 -0.716923 -0.020904 0.312077 -0.231745 -0.448535 -0.631030 0.350181 -0.480657 0.165660 0.626936 0.570706 -0.499355 -0.610142 0.491314 -0.477085 0.241548 0.026273
VERTEX_POSE A221 -0.398138 -0.937616 0.531323 0.819287 -0.680363 -0.330311 -0.434054 0.642434 -0.007002 -0.189830 0.276641 -0.935505 0.243349 -0.223087 -0.090195 -0.842572 -0.501246 -0.086838 -0.080096 0.457966
VERTEX_POSE A222 0.092759 -0.592326 -0.502055 0.875653 -0.792912 -0.476163 0.222635 0.308121 -0.065652 0.001365 0.543293 0.665551 0.488468 0.495326 0.517379 -0.029721 -0.464636 0.241495 -0.843177 0.385566
VERTEX_POSE A223 -0.613574 0.403666 0.509952 -0.697291 -0.793377 -0.878432 0.058321 0.265962 0.367593 0.054719 0.520239 -0.151635 -0.415624 0.579452 0.088318 -0.886771 -0.105032 0.249879 0.185736 0.558408
VERTEX_POSE A224 -0.762754 0.628488 -0.270917 0.328348 -0.342558 -0.237213 -0.032573 0.427139 0.432711 0.642713 -0.495854 -0.836166 0.159674 -0.514379 -0.228997 0.493479 0.374090 -0.069848 0.562888 0.408842
VERTEX_POSE A225 -0.542571 0.505363 -0.199229 0.634832 -0.198378 0.440395 0.003024 0.665318 -0.600186 -0.642819 -0.030200 0.040713 -0.302307 0.280908 -0.249641 0.603022 -0.276030 0.617941 -0.362972 -0.633512
VERTEX_POSE A226 0.713710 -0.659236 -0.157524 -0.400111 0.039051 0.547101 -0.586495 -0.568863 0.598650 0.407352 0.049058 -0.418782 0.269662 -0.541859 -0.292563 -0.019784 -0.516430 -0.285181 -0.645739 0.337161
VERTEX_POSE A227 0.991105 -0.575732 -0.212924 0.187851 0.966651 0.209233 0.384440 -0.569118 0.011048 0.269504 0.059418 0.307114 -0.730736 -0.550663 0.176680 0.492014 -0.454373 0.911353 0.059335 0.403595
VERTEX_POSE A228 0.235067 -0.410143 -0.182459 -0.427459 -0.096399 0.313720 0.002850 -0.615864 0.446799 -0.125319 -0.267408 0.265806 0.300578 0.679638 0.590146 -0.655903 0.287003 0.532002 0.680978 -0.070186
VERTEX_POSE A229 -0.261748 -0.890288 -0.682551 -0.199966 -0.618020 -0.481611 -0.378803 -0.633710 -0.569734 -0.302863 0.236322 0.247013 0.115821 -0.725770 0.109412 0.486187 -0.120524 0.608660 -0.717628 0.035981
VERTEX_POSE A230 -0.184099 -0.783029 0.368316 -0.964430 -0.299587 -0.278391 -0.531789 0.285392 0.406288 -0.477351 -0.164364 -0.395367 0.184645 0.727136 0.015836 0.660053 -0.211858 -0.775154 -0.139903 -0.563849
VERTEX_POSE A231 -0.054112 0.482456 0.029288 -0.022392 -0.602667 0.067615 -0.469261 0.801922 0.354401 0.583175 0.310034 -0.916420 0.278646 0.256130 -0.026381 0.307662 -0.230268 0.171191 0.517109 0.377060
VERTEX_POSE A232 0.018946 -0.857838 -0.781980 0.683159 -0.228849 -0.452049 -0.294623 0.333974 -0.175012 -0.846377 -0.207596 -0.063886 0.293661 -0.528071 0.762610 -0.194433 0.443723 -0.423519 0.269819 0.607961
VERTEX_POSE A233 -0.435337 0.678524 0.553147 -0.260169 0.613723 0.601490 0.137268 -0.503611 -0.131301 0.521550 0.547801 -0.068619 0.594478 0.065428 0.562600 -0.390906 0.664766 -0.547487 -0.450479 -0.009745
VERTEX_POSE A234 -0.328298 0.901158 -0.805411 0.031423 -0.912942 0.242080 0.597976 0.737275 -0.549782 0.072945 0.104123 -0.250382 0.735111 -0.384162 -0.369352 -0.306763 0.545365 -0.663344 0.051104 0.024105
VERTEX_POSE A235 0.777867 0.735596 -0.544665 -0.645371 0.844343 0.380618 0.122529 -0.740028 -0.400741 0.399256 0.352762 -0.128953 -0.342117 0.180205 -0.187786 0.796279 -0.163263 -0.801651 -0.272904 -0.518448
VERTEX_POSE A236 -0.426651 -0.261977 0.903520 0.047847 0.008511 0.045761 -0.720224 -0.610326 -0.735375 -0.139884 0.043098 -0.229746 0.127259 -0.551552 -0.312815 -0.546979 0.536889 -0.553618 0.382530 -0.182169
VERTEX_POSE A237 -0.886624 -0.003222 0.150290 0.145442 0.208399 0.045246 0.499946 -0.453512 0.530044 0.460513 -0.377849 -0.430611 0.080104 -0.415443 -0.506980 0.692800 0.455689 0.523978 0.227142 0.520875
VERTEX_POSE A238 0.569456 0.311912 0.182684 0.268837 0.509071 0.485900 0.373879 0.519499 -0.377732 0.415227 0.276278 0.225304 0.649756 0.012823 0.113611 0.423484 -0.804529 -0.746693 0.293733 0.079752
VERTEX_POSE A239 0.059850 -0.184842 0.435037 0.105717 0.414612 0.305960 0.724165 -0.598166 -0.106846 0.518765 0.509362 -0.577653 0.266572 -0.132152 -0.577394 -0.221752 -0.525646 -0.477394 0.293656 0.298295
VERTEX_POSE A240 0.206600 0.467137 0.789235 0.139687 -0.747059 -0.622544 -0.624241 -0.162031 -0.354042 0.039507 -0.239953 -0.443815 0.445196 0.708615 0.112105 0.469563 -0.534667 -0.526834 0.435974 -0.358001
VERTEX_POSE A241 0.212363 0.237808 0.775652 -0.405111 -0.745462 0.633508 0.452713 0.350256 -0.067057 -0.356459 0.760908 -0.327750 0.810181 0.178281 0.576676 -0.101937 0.142862 -0.392677 -0.034688 0.496130
VERTEX_POSE A242 0.095576 0.476809 -0.375407 0.411265 -0.417011 0.234286 0.459800 -0.398439 -0.344774 0.177165 -0.450546 -0.578366 -0.075753 0.567790 -0.429154 -0.598995 -0.560056 -0.554582 0.626628 -0.046975
VERTEX_POSE A243 -0.363012 0.301662 -0.594626 -0.038663 -0.228057 0.449576 0.697906 0.352497 0.000335 0.550042 -0.704072 -0.135063 0.160395 0.607873 0.711923 -0.104813 -0.036675 -0.522308 0.416736 0.095782
VERTEX_POSE A244 0.346301 -0.642193 -0.937009 0.421321 -0.496873 0.253633 0.095262 -0.295088 -0.285743 -0.708199 0.536720 0.422061 0.325418 0.724508 0.632198 -0.063473 0.120319 0.525558 -0.615998 -0.292346
VERTEX_POSE A245 -0.738803 -0.798832 0.472633 0.501189 -0.630308 0.044696 -0.392619 0.593238 0.219828 -0.462523 -0.676391 0.674561 -0.209160 -0.114819 -0.226831 0.516432 -0.386070 -0.665728 -0.566985 -0.168317
VERTEX_POSE A246 -0.077101 -0.611955 -0.898661 0.050191 0.830983 0.037815 0.507334 0.526551 0.109887 -0.047083 0.416616 -0.041986 0.485380 -0.720357 0.713263 -0.489335 -0.170033 -0.689918 -0.515123 -0.036732
VERTEX_POSE A247 0.761832 -0.597832 -0.570871 0.799327 0.281838 0.213637 -0.040697 0.473703 0.740242 -0.091244 0.477783 0.174745 -0.607221 -0.381810 0.611923 0.341677 -0.630305 -0.037636 0.710322 0.065309
VERTEX_POSE A248 -0.241679 0.418555 -0.193520 -0.139799 0.554029 0.241842 0.738127 -0.094902 -0.688314 0.232532 0.235837 0.543824 0.158883 -0.271000 0.399492 -0.393513 0.647165 -0.111349 -0.470108 -0.665666
VERTEX_POSE A249 -0.186251 -0.201220 -0.288589 0.039304 -0.617120 0.495460 0.698343 -0.424437 0.454079 -0.599229 -0.025308 -0.183761 0.388771 0.688954 0.385904 0.036658 0.539173 0.604683 -0.027468 0.232051
VERTEX_POSE A250 0.404819 -0.403571 0.973244 -0.049889 -0.633429 0.345679 0.459699 -0.093460 0.586158 -0.266039 -0.742597 0.447508 -0.566054 0.500203 0.519522 0.591029 0.325077 0.258376 -0.219471 0.289719
VERTEX_POSE A251 0.409305 -0.560668 0.920874 0.143278 -0.466875 -0.422575 -0.386250 -0.704165 -0.384863 0.694743 0.157754 0.424299 0.073725 0.048851 -0.462196 0.378395 -0.199229 0.528824 0.468535 -0.661201
VERTEX_POSE A252 0.415611 -0.138836 -0.757266 -0.141410 -0.297484 0.718487 -0.375890 0.542275 -0.663245 -0.405397 0.435005 -0.202762 0.070512 0.446015 0.049165 0.552110 -0.001526 -0.018791 0.620131 0.563717
VERTEX_POSE A253 -0.502422 0.004103 -0.528811 -0.174236 -0.426341 0.414693 0.012236 0.413672 -0.551062 -0.009166 0.789416 -0.477111 0.737885 -0.184024 0.276102 0.531545 -0.061049 0.469567 0.415633 0.410008
VERTEX_POSE A254 0.795731 0.842998 0.430826 0.445987 -0.260252 -0.261409 -0.492114 -0.081126 -0.441194 0.600716 0.540404 -0.529326 -0.552713 0.227408 -0.663590 0.189804 -0.370245 0.128357 -0.235473 0.715951
VERTEX_POSE A255 0.652857 -0.510348 -0.028183 -0.813062 0.359958 0.623151 0.199358 0.245206 0.572353 0.128842 0.057634 0.083478 -0.385563 0.827462 0.266180 -0.878905 -0.358836 0.454175 0.150074 -0.350849
VERTEX_POSE A256 -0.044994 -0.490534 0.271960 -0.539404 0.375281 0.163755 -0.434144 -0.603790 -0.193662 -0.426254 0.678854 -0.162348 0.651333 0.178628 0.927828 0.198357 0.204103 -0.220132 0.407733 -0.317852
VERTEX_POSE A257 0.509440 -0.816238 -0.726698 -0.954124 0.778799 -0.135602 0.521677 -0.086157 0.587751 -0.368756 -0.627796 0.237081 0.108962 0.483358 -0.365423 0.431458 -0.603073 -0.668147 -0.627570 -0.033424
VERTEX_POSE A258 0.643962 -0.086080 0.758893 0.374789 0.326609 -0.677817 0.524202 0.418469 0.096251 -0.582087 0.399199 -0.728376 -0.565971 -0.342115 -0.019195 -0.161404 0.623224 0.019987 -0.200030 0.400091
VERTEX_POSE A259 -0.809927 0.099323 -0.910499 0.033136 -0.721117 0.473656 -0.545124 -0.408760 -0.745078 -0.325355 0.272755 -0.014144 0.695381 -0.218562 -0.339902 -0.268720 -0.549608 0.323691 -0.203024 0.639282
VERTEX_POSE A260 -0.752308 -0.706526 -0.409249 -0.154090 -0.839221 -0.885465 0.401292 -0.156486 -0.305986 -0.459729 0.660970 0.331057 0.492671 -0.051454 -0.110994 -0.374657 -0.676301 -0.020167 -0.494490 -0.280355
VERTEX_POSE A261 -0.540138 0.130890 0.127209 0.410359 -0.972978 0.010517 -0.828590 -0.216895 0.412269 -0.279510 -0.034732 -0.256144 -0.115654 -0.772179 -0.775644 -0.307295 0.441802 -0.403349 0.357081 -0.400377
VERTEX_POSE A262 0.135961 -0.418221 0.118788 -0.989256 -0.323784 0.483901 0.307928 0.640574 -0.597985 -0.380125 0.241794 0.546114 -0.618078 0.118846 -0.161205 0.584813 0.173917 -0.289871 -0.191466 0.697731
VERTEX_POSE A263 0.266638 -0.564364 -0.191228 -0.470931 -0.068069 0.310980 0.091880 0.302749 -0.656590 0.342508 -0.497901 0.457479 -0.401138 -0.510088 0.387671 0.825599 0.060875 -0.335566 -0.178105 0.629716
VERTEX_POSE A264 0.024525 -0.190585 -0.319644 -0.849810 0.640745 0.110271 0.361546 -0.589784 -0.705029 0.293355 -0.248959 -0.414635 0.538739 0.471913 0.057326 0.192602 -0.568776 -0.561753 -0.675198 -0.209682
VERTEX_POSE A265 0.807663 -0.517063 0.313377 0.042167 -0.236726 0.332312 0.337846 0.189601 -0.701247 0.109017 0.412439 0.395278 0.605603 0.457245 0.286852 0.030613 -0.562454 -0.399115 0.711536 -0.518188
VERTEX_POSE A266 0.044505 -0.828768 0.264107 -0.116302 -0.223726 -0.399427 -0.667797 0.447777 -0.118492 0.704575 0.384839 0.757358 -0.100484 0.608732 0.306719 -0.093549 -0.480249 -0.398434 0.196905 0.224055
VERTEX_POSE A267 0.597875 0.547437 -0.416125 0.198038 -0.350744 -0.195218 0.353768 0.329902 -0.416227 0.297410 -0.637194 -0.255123 -0.779945 0.249046 -0.761901 0.194072 0.424751 0.378238 0.374723 0.492656
VERTEX_POSE A268 0.921039 0.479716 -0.536333 -0.812391 0.971673 0.512974 0.290379 -0.177445 0.104062 -0.710077 -0.106650 -0.226201 -0.319436 0.755384 -0.027729 -0.520212 -0.536374 -0.821032 0.197004 -0.314383
VERTEX_POSE A269 -0.386039 0.483143 -0.553210 -0.847464 -0.714655 -0.268805 -0.138361 0.367418 0.577388 -0.492750 0.439520 0.115325 0.273638 0.728929 0.736199 0.075340 -0.356126 0.197682 0.810864 0.116885
VERTEX_POSE A270 -0.342275 -0.637405 -0.981088 -0.696246 -0.936132 0.230061 -0.011747 0.058481 0.219455 -0.799362 0.364213 -0.811437 0.090906 0.526031 0.456171 0.587162 0.502874 0.179971 -0.088656 0.578219
VERTEX_POSE A271 0.127639 -0.053148 -0.747098 0.327296 -0.775387 -0.049742 -0.830667 -0.306523 -0.002794 0.493269 -0.392478 0.287644 0.227185 -0.061266 -0.614530 0.112326 -0.663695 -0.732893 0.049477 0.554761
VERTEX_POSE A272 0.826323 -0.279049 -0.777558 -0.252576 -0.460117 0.367027 0.832286 -0.292670 0.605906 -0.456501 -0.458641 0.350755 0.085885 -0.154435 0.426495 0.138761 0.791435 -0.439593 0.268841 -0.231890
VERTEX_POSE A273 0.753301 0.839404 -0.356495 0.715019 -0.353143 -0.348251 0.412489 0.562445 0.464072 -0.258290 0.714592 -0.474772 -0.166090 0.406781 0.195646 -0.692238 0.030418 -0.632197 -0.506320 -0.081347
VERTEX_POSE A274 0.764627 -0.751486 -0.341724 -0.711367 -0.003444 0.172847 -0.880123 0.092195 0.253989 -0.121372 0.495209 -0.337880 0.275753 0.717133 -0.757922 -0.366872 0.148828 0.465838 -0.004155 0.458082
VERTEX_POSE A275 0.172624 0.078758 -0.714567 -0.831255 0.043010 0.522495 0.608263 0.404313 0.576496 -0.636080 -0.233268 0.514245 -0.193875 0.301441 -0.359860 -0.420596 0.679432 0.026527 -0.104546 0.479188
VERTEX_POSE A276 -0.985502 -0.959427 -0.883861 0.216208 0.016549 0.132197 -0.563933 0.482928 0.613851 0.413816 -0.316421 0.099741 -0.661748 -0.741802 -0.766168 0.173347 -0.288909 0.093535 0.206826 -0.181436
VERTEX_POSE A277 -0.312474 -0.363442 -0.240385 0.338824 -0.172461 0.026122 -0.147218 0.187816 0.239498 0.619768 0.349288 0.787721 0.193243 -0.543974 -0.524421 0.686342 -0.390081 -0.215489 -0.292927 -0.628214
VERTEX_POSE A278 -0.065544 0.480926 -0.285438 0.968072 -0.675152 -0.479511 -0.546115 -0.078162 0.179217 -0.462007 0.806559 -0.192082 0.603017 0.233989 0.643185 -0.278855 -0.453354 -0.536066 -0.216607 -0.288224
VERTEX_POSE A279 -0.227180 0.459128 -0.077381 -0.923591 -0.429422 0.296642 0.095273 0.652482 -0.281933 -0.626554 -0.205853 -0.621128 0.391882 -0.305500 -0.590821 -0.361565 0.607206 0.312488 -0.560404 -0.264314
VERTEX_POSE A280 0.501275 0.435339 0.471025 -0.621872 0.210419 -0.490573 -0.398839 -0.212492 0.639179 0.133804 -0.013361 -0.545743 0.144367 0.147231 0.127934 -0.629508 0.763869 -0.191275 0.637104 0.591181
VERTEX_POSE A281 -0.660725 -0.922645 -0.312194 -0.081817 -0.308581 0.413707 -0.462964 0.205518 0.494173 0.549501 -0.105407 0.317882 -0.418293 -0.825638 -0.396485 -0.495594 0.136346 -0.571306 0.251258 -0.496371
VERTEX_POSE A282 -0.817876 0.898459 -0.156507 0.219687 0.103703 -0.139706 -0.147745 -0.008450 0.545736 0.275294 -0.002557 -0.716593 0.586352 -0.235183 0.054105 0.513155 0.820047 0.407704 0.543367 -0.521664
VERTEX_POSE A283 -0.083114 -0.703498 0.713759 0.236718 0.912935 0.533157 0.036886 -0.648517 -0.484956 -0.060109 0.167021 0.478913 -0.741178 0.291336 -0.220246 -0.026409 -0.585795 -0.450218 -0.667071 -0.351421
VERTEX_POSE A284 -0.163148 0.081458 0.158996 0.743947 0.265078 -0.123355 -0.099132 -0.830563 -0.383885 -0.478384 0.455132 0.042813 -0.384363 -0.303186 -0.806454 -0.183864 -0.105346 0.430366 -0.761434 0.000670
VERTEX_POSE A285 0.977855 0.741457 -0.725680 -0.334326 0.843451 -0.567237 0.227513 0.578886 -0.663077 -0.348852 -0.451112 -0.162179 -0.750296 0.375549 -0.249662 0.402346 0.340331 0.387218 -0.318927 0.452246
VERTEX_POSE A286 -0.430257 -0.213846 -0.314424 0.423657 0.272894 0.602043 -0.215798 0.318002 -0.428858 0.408519 0.749471 0.355777 -0.380020 0.533188 0.070763 0.315621 0.190367 0.567486 0.736554 -0.128993
VERTEX_POSE A287 0.791859 0.590924 -0.569044 -0.795457 -0.359641 0.383939 0.200676 -0.527104 0.081536 0.163612 0.297396 -0.683994 0.533515 0.252024 0.520023 0.735160 0.217802 0.328133 -0.328425 0.723023
VERTEX_POSE A288 0.487295 0.925219 -0.452378 -0.288450 0.622251 -0.212357 0.645800 -0.163712 -0.028958 -0.372654 0.771067 -0.518043 -0.594572 -0.447555 -0.609870 0.300905 0.421686 0.560140 0.003300 0.023003
VERTEX_POSE A289 -0.786295 0.700074 -0.555531 -0.201554 -0.400497 0.631303 0.422773 -0.328317 -0.416873 -0.161523 0.347582 0.581124 -0.183782 0.646214 -0.028751 0.502516 0.594441 -0.298567 0.713355 0.021017
VERTEX_POSE A290 0.981932 -0.309752 -0.479544 0.237679 -0.080758 0.401055 0.748205 -0.068965 0.283463 -0.292783 -0.459703 -0.734358 0.115916 0.298875 -0.453921 0.146088 -0.833390 0.116096 -0.565410 -0.007270
VERTEX_POSE A291 0.734987 -0.781307 0.138373 0.557460 0.783030 -0.190853 0.372793 0.109004 0.458777 -0.591745 -0.499168 0.387165 -0.341573 0.721236 0.616239 0.571950 -0.313804 -0.472707 -0.258967 -0.346835
VERTEX_POSE A292 -0.326432 -0.169036 0.571677 -0.791195 -0.373475 0.269781 -0.613167 0.705637 -0.366429 0.378804 0.648336 0.857931 0.364929 0.062157 0.148229 -0.483930 -0.233665 -0.186895 -0.336411 -0.152554
VERTEX_POSE A293 0.117893 0.272027 0.639245 0.248423 0.595457 0.216799 0.737066 0.149790 0.627342 -0.459703 -0.351432 -0.103422 -0.482643 0.593153 0.612704 0.068539 0.628910 0.416339 0.088116 -0.326650
VERTEX_POSE A294 0.001625 -0.345671 0.947145 -0.913471 -0.285039 -0.160114 -0.534255 -0.768980 -0.603779 -0.312519 0.060572 -0.204292 0.769490 -0.557852 0.371826 -0.053957 -0.263233 0.655610 -0.147909 -0.156556
VERTEX_POSE A295 0.698093 0.640379 -0.747967 -0.641005 -0.732730 0.491267 0.286924 0.296572 -0.811744 -0.083697 0.107119 0.299248 -0.413033 -0.200876 -0.077644 0.548943 0.581766 0.064429 -0.662370 0.722335
VERTEX_POSE A296 -0.074444 0.754964 -0.047378 -0.709410 -0.641269 0.017220 0.074945 0.253231 -0.370718 0.566466 0.221671 -0.173791 -0.728558 -0.253355 0.792023 -0.103862 0.481701 -0.452513 -0.363201 0.768447
VERTEX_POSE A297 -0.953870 -0.174439 0.211252 -0.029773 0.491235 -0.341689 -0.087282 -0.374739 0.814775 0.133491 -0.271343 -0.232187 -0.558190 -0.527546 0.246937 -0.779933 0.519318 0.323267 -0.233859 -0.487798
VERTEX_POSE A298 0.295968 0.187816 -0.164092 0.557033 -0.083474 0.067899 0.374065 -0.506998 0.179787 0.483567 0.260773 0.660271 -0.176465 -0.614519 -0.692394 -0.237539 -0.497892 0.218401 -0.733944 0.222307
VERTEX_POSE A299 -0.153404 0.234680 0.416289 -0.521801 -0.669596 -0.345588 0.034354 0.519335 -0.231222 -0.650791 -0.554124 -0.177624 -0.339727 -0.114333 0.533958 0.379446 -0.491409 0.714453 -0.562048 0.410710
VERTEX_POSE A300 -0.339909 -0.691295 0.658042 0.122763 0.776581 -0.015886 -0.337388 0.510949 -0.763204 0.517822 -0.150324 -0.232268 -0.079184 0.655102 0.599936 0.659933 0.126505 -0.058275 0.419820 0.520741
VERTEX_POSE A301 0.953693 0.550411 -0.145180 0.860787 -0.019606 0.613611 0.305161 0.329650 -0.039155 0.142214 0.176777 0.333679 -0.472645 -0.725899 -0.513765 0.589670 -0.445716 0.496641 0.561737 -0.366726
VERTEX_POSE A302 0.974234 -0.818468 0.669192 0.805495 -0.444983 -0.082765 0.311091 0.794449 0.214487 0.754973 0.093766 0.616338 -0.470339 0.489580 -0.245140 0.184415 0.045531 -0.712165 -0.279305 0.343943
VERTEX_POSE A303 -0.513586 0.029656 0.880484 0.870187 -0.683536 0.091302 -0.646974 -0.086373 0.037904 0.135191 0.231533 -0.004614 0.476243 0.667721 0.789592 -0.306506 0.429092 0.605599 0.492336 -0.555842
VERTEX_POSE A304 0.706994 0.389815 0.498326 0.575806 0.627250 -0.408194 0.444531 0.640727 0.293260 0.309656 -0.393470 0.058067 -0.447652 0.522132 -0.155598 0.662595 -0.049377 0.848406 0.259000 0.399488
VERTEX_POSE A305 0.738861 -0.569954 -0.672532 -0.905872 0.551574 -0.622828 -0.333041 0.181801 -0.020857 0.528275 0.245050 -0.286366 0.329478 -0.889172 0.660465 -0.418795 -0.289634 -0.305666 -0.571020 -0.179955
VERTEX_POSE A306 0.659038 -0.891586 -0.834082 -0.961068 0.359474 0.357445 0.222182 -0.276903 -0.386406 -0.625026 -0.196440 0.145021 -0.462766 -0.666800 0.708818 -0.525016 0.466304 -0.446620 -0.264922 0.471883
VERTEX_POSE A307 0.721492 0.430388 0.614465 -0.207986 -0.356200 -0.189117 -0.812125 -0.418122 -0.509725 -0.310282 0.468311 0.434441 0.064380 -0.418535 -0.210161 0.016603 -0.571663 -0.686665 0.489650 -0.322316
VERTEX_POSE A308 -0.573612 0.066604 0.087082 0.432952 -0.620887 0.120182 0.325183 -0.530819 -0.405543 0.554274 0.665021 0.517643 0.209242 0.104883 0.433830 0.653372 -0.067102 -0.604093 0.341115 -0.510367
VERTEX_POSE A309 -0.406506 0.589339 -0.119520 -0.992996 0.684321 0.440577 0.690474 0.561970 0.466014 -0.468691 0.079344 0.503020 -0.390558 0.133433 0.201425 0.383752 -0.717383 0.543252 0.061428 -0.381382
VERTEX_POSE A310 -0.505688 -0.110485 -0.462916 -0.131577 0.214378 0.609881 -0.402652 -0.513716 -0.718646 -0.323870 -0.067430 -0.113575 -0.113383 -0.332694 -0.215757 0.616935 -0.724471 -0.228346 -0.582680 -0.309848
VERTEX_POSE A311 0.927663 -0.498057 -0.441892 0.811080 0.589532 -0.343080 -0.349798 0.465444 -0.022507 0.457334 0.826170 -0.629920 -0.509647 0.059047 -0.558526 0.399439 -0.271944 -0.415980 0.499194 -0.152857
VERTEX_POSE A312 -0.067231 0.666694 0.568287 -0.074813 -0.624260 -0.797684 0.424852 -0.097177 -0.447946 -0.279369 0.614875 0.019087 -0.627527 0.254316 -0.104256 0.034606 0.421618 -0.389629 -0.588614 -0.608314
VERTEX_POSE A313 -0.323564 -0.212025 0.380577 -0.911890 -0.681919 0.334698 -0.491511 -0.388426 0.207584 0.274229 -0.098799 -0.556333 0.283275 0.387525 0.450036 -0.318584 0.830073 0.576929 0.708149 -0.012921
VERTEX_POSE A314 -0.155450 -0.201555 -0.728133 0.047799 0.502467 -0.432900 -0.155819 -0.539135 -0.298800 0.115812 -0.328299 -0.570777 0.748375 0.268965 0.331060 0.238572 0.422402 0.536591 0.587645 -0.592273
VERTEX_POSE A315 0.769621 -0.251848 -0.272718 -0.330866 0.640818 -0.661622 0.456345 -0.376839 0.025575 -0.770119 -0.274848 -0.527853 -0.331536 0.031171 -0.455877 -0.177952 0.763426 -0.274136 -0.238922 -0.445712
VERTEX_POSE A316 -0.345709 -0.470568 0.654897 -0.246216 -0.838468 0.241068 0.216253 -0.832560 -0.788925 -0.382986 -0.248624 -0.474217 0.842063 -0.048840 -0.074017 -0.302894 -0.459942 0.298537 0.075778 -0.176347
VERTEX_POSE A317 0.414293 0.584599 -0.042557 -0.528545 -0.224639 0.642573 0.534312 -0.471210 -0.231499 -0.409593 -0.411060 -0.710948 0.616424 -0.325195 0.020435 0.405386 0.672941 0.166260 -0.049281 -0.224476
VERTEX_POSE A318 0.561480 -0.660924 0.158238 -0.126323 -0.718823 -0.228577 -0.611243 0.418552 -0.314623 0.479415 0.690230 -0.340656 0.544854 -0.384173 -0.238484 0.143867 0.319641 0.822097 0.281033 0.314065
VERTEX_POSE A319 -0.858414 -0.545349 -0.797482 0.465335 0.783783 0.477575 -0.754412 -0.094747 -0.233499 0.231607 -0.775413 0.556917 0.076857 -0.558511 0.449844 0.537911 0.158662 -0.452641 -0.286297 -0.229456
VERTEX_POSE A320 0.627998 0.284673 0.401912 0.269901 0.374864 -0.023037 0.580108 0.706927 -0.536047 0.351869 -0.498716 0.248561 -0.593137 0.142130 -0.733074 -0.398430 0.187625 0.336070 0.170601 -0.442869
VERTEX_POSE A321 0.543412 0.029324 0.678695 -0.888644 0.200419 0.287609 -0.480447 -0.627002 0.382584 -0.681290 0.589402 -0.584012 -0.069768 0.357964 -0.476029 -0.367094 -0.361923 0.450818 0.406681 -0.018621
VERTEX_POSE A322 0.876573 -0.326655 0.340892 0.022795 0.566813 0.544570 -0.415689 0.519175 0.004819 -0.161298 0.558016 -0.005121 0.523719 0.519924 -0.469313 0.403730 0.343910 -0.695082 -0.603246 0.174587
VERTEX_POSE A323 -0.698434 -0.884362 -0.026411 0.478706 -0.998611 -0.180595 -0.446400 -0.564385 -0.494863 -0.405340 0.506423 -0.274874 -0.480183 0.239285 0.670387 -0.219991 0.523186 -0.444434 0.597875 0.306634
VERTEX_POSE A324 -0.338695 -0.698649 0.317939 0.359779 -0.204123 0.142260 -0.515384 0.124183 0.186148 -0.186450 -0.871678 0.396497 -0.407723 -0.176723 0.533460 -0.348215 0.439052 0.709452 0.641968 -0.027559
VERTEX_POSE A325 -0.121802 0.327674 0.288037 0.109324 -0.718226 0.442872 -0.573833 -0.417107 0.576031 0.193768 -0.187648 0.385901 -0.509404 0.450346 -0.168598 -0.049421 -0.766579 -0.542870 -0.609291 0.018820
VERTEX_POSE A326 0.999659 0.756016 0.225622 0.837701 -0.731340 -0.482209 -0.660803 -0.252522 -0.573254 0.451689 0.388745 0.540315 -0.171196 -0.157892 0.192972 0.533881 -0.380439 -0.331173 0.212084 -0.784504
VERTEX_POSE A327 0.586862 -0.943684 -0.729438 0.650369 0.154608 -0.538038 0.788831 -0.080334 -0.503020 -0.357856 0.490412 0.498418 0.134975 -0.324886 0.455611 0.361996 0.804231 -0.038528 -0.316900 0.026541
VERTEX_POSE A328 -0.075671 -0.846764 -0.500711 -0.920449 0.773009 -0.617731 0.101432 -0.539433 0.481101 0.572617 0.012187 -0.315190 0.243704 0.783949 0.147513 0.635497 -0.292039 0.515602 -0.445615 -0.094871
VERTEX_POSE A329 0.295626 -0.056168 -0.938470 0.394734 0.185186 0.924016 0.071893 0.026922 -0.052291 -0.804172 -0.373342 -0.201319 0.227635 0.509532 0.029349 0.488123 -0.733501 0.319484 -0.240951 0.249490
VERTEX_POSE A330 -0.566543 0.290996 0.686851 -0.871432 0.485012 0.147144 0.466505 -0.138594 0.446359 -0.469585 -0.721118 0.072145 -0.048615 0.384453 0.742971 0.529450 0.071558 -0.471064 0.528376 -0.554847
VERTEX_POSE A331 0.584420 -0.538060 -0.842669 0.202314 0.549589 -0.252605 0.247732 0.454270 0.749700 -0.052072 -0.111470 -0.585679 -0.021750 -0.536892 -0.159523 -0.808085 0.490980 -0.075322 0.531454 0.501895
VERTEX_POSE A332 0.249319 -0.505757 -0.083650 0.255521 -0.834420 -0.037731 -0.309934 -0.310646 0.022731 0.589711 0.402747 -0.538788 -0.497978 0.677592 0.711301 -0.525519 0.165017 0.449241 0.178967 0.504908
VERTEX_POSE A333 -0.592308 0.472528 0.356043 0.934063 -0.959971 -0.488079 -0.202595 -0.109098 0.083525 -0.597283 0.498800 -0.672085 -0.253116 -0.441836 0.518962 -0.580882 -0.606304 -0.183802 -0.448015 0.420086
VERTEX_POSE A334 -0.929166 0.491596 -0.962185 0.072502 0.866053 -0.254862 -0.534801 0.122487 -0.506438 0.501083 -0.609502 0.160185 -0.422003 -0.719851 0.154941 -0.429175 -0.268751 -0.793032 -0.317216 0.151958
VERTEX_POSE A335 -0.043687 0.884058 -0.585324 -0.168673 0.792830 0.474984 0.404095 0.458847 -0.127425 0.621483 -0.658205 0.670229 0.130939 0.043323 -0.552052 0.422368 0.591884 -0.064693 -0.504902 0.063418
VERTEX_POSE A336 -0.853447 0.902574 0.683511 -0.971809 0.591602 0.553807 0.415072 0.375486 0.289181 -0.893606 0.266491 -0.068769 0.018092 0.669709 -0.615952 0.070725 0.545596 -0.474917 -0.154450 -0.204468
VERTEX_POSE A337 0.729872 0.600009 -0.796267 0.111434 0.225527 -0.229658 0.461763 0.319994 -0.662236 0.138816 -0.656897 -0.622666 -0.646926 0.381019 0.202833 -0.305519 -0.565477 -0.282571 0.505619 0.033926
VERTEX_POSE A338 -0.322195 0.314446 -0.970859 0.623340 -0.563370 0.167831 -0.527005 -0.458871 0.505121 -0.576475 0.519034 -0.279034 -0.427952 0.246147 -0.241717 0.204157 0.675053 0.761839 0.406349 0.061290
VERTEX_POSE A339 -0.427059 -0.030822 -0.229407 0.461143 0.970715 0.609641 -0.572551 -0.118794 -0.041188 0.487059 0.533587 -0.043735 0.197847 -0.492051 -0.697762 -0.614116 0.233916 -0.371292 0.136663 -0.635879
VERTEX_POSE A340 -0.676634 0.189348 0.084213 0.118438 -0.090152 -0.168074 0.127809 -0.285837 0.347809 0.327552 0.504575 -0.851214 -0.187818 0.455706 -0.326456 0.881520 -0.231085 0.140145 0.253026 0.634534
VERTEX_POSE A341 0.172117 -0.796039 -0.433775 -0.508237 0.651007 0.315317 0.512136 0.434103 0.529128 0.241411 -0.267140 0.519397 -0.151915 -0.640791 -0.385701 -0.321419 -0.315623 0.449512 -0.743673 0.479542
VERTEX_POSE A342 -0.499396 0.471121 0.328701 0.272223 0.560247 0.076333 -0.162571 -0.828983 -0.416332 -0.234548 -0.269276 0.532480 0.083221 -0.411408 -0.591970 0.696092 -0.264641 0.432293 0.653520 0.031408
VERTEX_POSE A343 0.256135 -0.143958 -0.347501 -0.956375 0.285589 0.681471 0.250305 -0.207539 -0.372520 0.836914 0.227787 0.575258 0.190651 0.051959 0.251741 0.204791 0.639859 0.050305 -0.398291 0.702084
VERTEX_POSE A344 0.848553 -0.008064 0.946802 -0.420127 0.969088 -0.273293 0.461591 0.154279 -0.755336 -0.636167 0.000761 0.461042 -0.564656 0.031902 0.325062 -0.232542 0.563288 -0.191189 0.096501 0.811102
VERTEX_POSE A345 0.345153 -0.730434 0.600568 -0.679978 0.062714 0.224133 -0.143192 -0.743802 -0.457438 -0.254090 -0.458961 -0.550883 0.782401 -0.205303 -0.239888 -0.035940 0.432028 0.616033 0.549082 -0.085538
VERTEX_POSE A346 0.025756 0.604194 0.379782 -0.287241 -0.073593 0.493390 0.018337 -0.837971 -0.279260 -0.649284 0.017542 0.414817 0.109051 0.316549 -0.699407 0.200313 -0.430780 0.131670 -0.725312 -0.108266
VERTEX_POSE A347 -0.497157 0.521368 0.601698 0.333658 -0.869379 0.096343 0.568473 0.507907 -0.382105 -0.645496 0.651424 0.516656 0.137719 0.551182 0.631194 -0.424316 -0.113721 0.423525 -0.247312 -0.030724
VERTEX_POSE A348 -0.240554 0.854166 -0.441989 -0.208523 0.838075 0.017277 0.346785 -0.760992 -0.317012 -0.697590 0.026276 0.248244 -0.598568 -0.338316 0.877942 -0.035533 0.263268 0.258454 -0.183201 -0.486243
VERTEX_POSE A349 -0.412764 0.943270 -0.461980 0.586436 0.207584 0.196585 -0.651726 -0.646947 -0.692315 0.185160 -0.418446 0.440395 0.079954 0.267546 0.339188 0.728472 -0.523019 -0.416001 0.062479 0.247452
VERTEX_POSE A350 -0.355571 0.976019 0.804216 -0.201008 0.914403 -0.536541 0.388611 0.040596 0.555428 -0.138416 0.618224 -0.471924 0.142376 0.462865 -0.314551 -0.377503 0.573633 -0.286304 -0.816727 -0.269910
VERTEX_POSE A351 -0.612556 0.138839 0.959922 -0.938622 0.212939 -0.421023 -0.002286 -0.008777 0.605470 -0.341108 0.122461 0.537758 -0.156937 -0.528780 -0.198884 0.175398 -0.831918 -0.356942 -0.910081 -0.115027
VERTEX_POSE A352 -0.869351 -0.027406 -0.783285 0.697793 -0.591997 -0.556585 -0.686633 0.222199 -0.186986 0.461484 0.701898 0.644412 -0.083313 0.396571 0.164273 0.072937 -0.517044 -0.461516 0.550733 -0.182655
VERTEX_POSE A353 -0.478998 -0.350636 0.145108 0.821787 0.481216 -0.185552 -0.609631 -0.226162 0.061201 0.319603 0.466168 -0.332064 -0.291185 -0.383916 -0.678812 -0.234545 0.654746 0.625118 -0.621614 0.394277
VERTEX_POSE A354 -0.310990 0.254476 -0.066489 0.540084 0.214328 0.036439 -0.179716 -0.502712 -0.027859 0.377182 0.555754 0.430505 -0.523302 -0.185901 -0.796598 -0.561609 0.179905 -0.421893 0.485990 -0.609502
VERTEX_POSE A355 -0.208046 0.273946 0.534654 0.057572 0.203880 -0.515235 -0.581118 0.390881 0.537053 -0.670871 0.263193 -0.158736 -0.220365 -0.452000 0.628435 -0.061348 -0.205582 0.161182 0.399887 0.728953
VERTEX_POSE A356 0.399200 0.977038 -0.566855 -0.068889 0.762990 -0.271202 0.595645 0.058507 -0.564661 -0.512320 -0.003716 0.472411 -0.566917 0.190073 0.493699 0.241293 0.490585 -0.375094 -0.055838 0.848388
VERTEX_POSE A357 -0.311331 0.010493 -0.840867 0.377785 0.482988 -0.210100 -0.066456 -0.340683 0.655930 -0.373594 0.307300 -0.040618 0.716860 -0.178839 0.495355 -0.090451 -0.833410 -0.527814 -0.577877 -0.250892
VERTEX_POSE A358 -0.621184 0.330261 0.805216 -0.292059 -0.641512 -0.334911 0.619298 0.477584 0.829308 0.118555 0.526925 0.012979 -0.725318 0.280326 -0.446471 -0.268852 0.618925 -0.024038 0.063617 0.180588
VERTEX_POSE A359 -0.676471 -0.869726 -0.067566 0.010663 0.535998 -0.093957 -0.513882 -0.757645 -0.784433 0.302667 -0.213150 -0.133541 0.656006 -0.188655 -0.565836 -0.439648 0.290322 0.194508 0.143820 -0.510552
VERTEX_POSE A360 0.984295 0.954325 -0.779337 -0.227482 -0.331826 -0.094224 -0.177762 0.356224 -0.746623 0.350269 0.341655 -0.171489 -0.672609 0.543962 -0.631094 -0.129843 -0.557810 -0.077388 -0.613556 -0.386432
VERTEX_POSE A361 -0.187727 -0.378743 0.492067 -0.163491 0.843500 -0.448595 0.220457 -0.313164 -0.496552 -0.627895 -0.508424 -0.192299 0.731212 -0.442940 -0.700604 0.074123 0.637200 0.156121 -0.130313 -0.203011
VERTEX_POSE A362 0.907948 -0.407786 0.089765 -0.787023 0.085587 0.251963 0.600033 -0.615981 -0.110662 0.187682 0.628040 -0.378761 0.662812 0.287889 -0.418577 -0.402076 -0.200428 -0.778204 0.061254 -0.321061
VERTEX_POSE A363 0.233614 -0.551431 0.137013 -0.971961 -0.166247 -0.624483 0.706169 0.012161 -0.281665 -0.353531 -0.690717 -0.715960 -0.468573 0.151195 -0.126611 0.091138 0.417199 -0.045347 -0.385324 0.570830
VERTEX_POSE A364 0.219964 -0.906216 -0.151890 -0.229428 0.883528 0.188846 0.261901 0.569874 -0.347275 0.447836 -0.668858 -0.131744 0.819653 0.291821 -0.550171 -0.190117 0.344755 -0.723666 -0.151245 0.154458
VERTEX_POSE A365 0.978782 -0.916190 0.127580 0.285479 -0.048359 0.492936 0.594809 -0.566358 -0.371316 -0.140390 -0.455951 0.167537 -0.290890 -0.532465 -0.603296 -0.085877 -0.418619 -0.476554 0.731095 0.112194
VERTEX_POSE A366 -0.810073 -0.667373 0.551689 -0.140634 -0.373417 -0.436038 -0.294157 -0.839594 0.082218 0.696781 -0.368369 0.522709 -0.551315 -0.107306 -0.273168 -0.352034 0.130657 -0.674734 -0.009576 0.361664
VERTEX_POSE A367 0.366517 0.996358 -0.468380 -0.201237 0.475131 0.324689 -0.135471 -0.080690 -0.526154 0.687557 0.365946 0.131298 0.253082 -0.527920 -0.357202 -0.631895 0.419099 0.687682 0.213476 0.636576
VERTEX_POSE A368 0.708654 0.683819 0.331312 -0.603087 -0.822833 -0.724236 0.547925 -0.386555 0.493978 0.218648 -0.436533 -0.067547 -0.588041 -0.532444 -0.092000 -0.278461 -0.524852 -0.467376 -0.478162 0.317882
VERTEX_POSE A369 -0.132268 0.647073 0.580830 -0.517294 0.063213 0.389887 -0.770839 -0.194417 -0.289030 0.353808 -0.606509 0.473919 0.031095 -0.488850 -0.567064 -0.390745 -0.500240 0.467214 0.356340 -0.324245
VERTEX_POSE A370 0.939458 -0.034464 0.302213 -0.740094 0.445846 0.353895 0.020338 0.554961 0.245711 0.755373 0.037191 -0.339484 0.346765 -0.620871 0.680381 0.245672 -0.266061 0.486021 -0.498395 -0.484114
VERTEX_POSE A371 -0.967980 -0.126833 -0.584475 0.515351 0.087016 0.090162 -0.049561 -0.059173 -0.346516 -0.667770 0.581386 0.318725 0.573389 0.616792 -0.619974 0.280001 -0.381348 -0.621164 0.380068 0.364184
VERTEX_POSE A372 -0.960151 0.851034 -0.852945 -0.025531 -0.285780 0.291426 -0.793361 -0.402762 -0.507251 0.267282 -0.259972 -0.512073 -0.344102 0.453214 0.620721 0.347080 0.234026 -0.101262 0.245496 -0.714161
VERTEX_POSE A373 -0.559938 -0.563343 -0.369086 0.532129 0.006093 -0.438088 -0.395111 -0.530417 0.680571 -0.703934 0.095176 -0.008631 -0.042087 0.462161 -0.404156 -0.158573 0.703986 0.426010 0.566963 -0.020268
VERTEX_POSE A374 0.288155 0.729209 0.068025 0.558977 -0.627396 0.185591 0.307087 0.525277 -0.498174 -0.472519 0.207149 -0.592303 -0.075409 0.503409 0.600632 -0.628454 0.445203 0.076136 0.530832 0.479110
VERTEX_POSE A375 0.888401 -0.157031 -0.906144 0.554342 -0.316691 0.653770 -0.125283 0.452767 -0.029415 0.189671 0.481834 -0.744277 -0.190417 0.263637 0.131519 -0.542548 -0.587115 -0.021780 -0.785947 0.385526
VERTEX_POSE A376 0.785215 -0.293777 -0.768518 0.852151 -0.931193 0.347811 0.400824 0.280483 -0.034382 -0.530415 0.610099 -0.350721 -0.400178 -0.603850 0.586356 0.159134 -0.425160 0.641114 -0.610356 -0.060934
VERTEX_POSE A377 -0.686088 0.333403 -0.552193 -0.728264 0.299011 0.545421 0.503744 -0.630439 0.756569 -0.272805 0.274275 -0.021204 0.258128 0.361187 -0.327432 0.474280 -0.161056 -0.149861 -0.616642 -0.609036
VERTEX_POSE A378 -0.608756 -0.635663 0.695555 -0.112000 -0.186071 -0.791841 0.396729 0.283956 0.104305 0.589205 -0.366410 0.058482 0.468862 0.423498 -0.355001 -0.517922 0.302885 -0.482352 -0.085843 -0.716954
VERTEX_POSE A379 -0.455339 -0.439611 -0.210507 -0.356371 0.906882 -0.024914 0.091383 -0.593270 -0.331815 -0.391553 -0.408286 0.598125 0.512271 -0.459214 0.063748 -0.520855 -0.474456 0.726265 -0.551927 0.212948
VERTEX_POSE A380 -0.098852 0.276673 -0.014173 0.858172 -0.493405 0.436935 -0.244200 -0.100958 -0.521414 -0.018955 -0.837431 0.518121 0.264494 -0.391174 0.308584 -0.793113 -0.247831 -0.416584 -0.490941 0.272175
VERTEX_POSE A381 0.035673 -0.659644 0.499771 0.686993 -0.271667 0.243840 0.439781 0.455775 0.473238 -0.644419 -0.104572 -0.564647 -0.231939 0.668240 -0.627754 -0.160361 -0.470252 0.060715 -0.558395 0.337124
VERTEX_POSE A382 -0.067894 0.699227 -0.250585 -0.294993 0.119822 -0.403770 0.500362 0.741022 0.391206 -0.207129 0.214069 -0.703527 -0.145187 -0.427583 -0.403328 -0.653205 0.342073 -0.162187 0.508901 -0.324375
VERTEX_POSE A383 0.031797 -0.750733 0.202542 0.555965 -0.085402 -0.508204 0.259476 -0.323094 -0.535047 -0.812394 0.029684 0.582646 -0.289884 0.143482 0.340259 -0.385188 -0.707018 -0.014147 0.200713 -0.611774
VERTEX_POSE A384 0.556674 -0.010279 -0.355121 0.508780 -0.790451 -0.058185 0.115748 -0.506007 -0.688427 -0.391567 -0.525397 0.207677 0.151576 -0.354629 0.306341 -0.899664 0.122968 0.621054 -0.030120 -0.571868
VERTEX_POSE A385 0.621116 -0.046296 0.682927 -0.754909 -0.665850 -0.163313 -0.703160 0.375066 0.176028 0.361981 0.290770 -0.831776 0.075242 -0.462305 -0.268259 0.598153 0.430947 0.422526 0.105296 -0.612648
VERTEX_POSE A386 0.823751 0.523213 -0.262804 -0.386463 -0.881522 0.788762 0.459556 0.287945 -0.146576 -0.493639 0.689010 -0.457232 0.486798 0.012692 -0.238246 0.305532 -0.265168 0.300911 -0.463473 -0.609818
VERTEX_POSE A387 -0.044126 -0.033241 0.078025 -0.560109 0.972538 0.510582 -0.066397 -0.511270 -0.420942 -0.403373 -0.581976 -0.138850 -0.406408 -0.333365 0.325314 0.579495 -0.498863 -0.661064 0.576107 -0.199779
VERTEX_POSE A388 -0.690215 0.964197 0.842059 0.622876 0.817138 0.384333 0.286776 0.514896 0.354905 0.411348 -0.710346 -0.759402 0.496712 -0.152958 -0.064919 -0.679082 -0.392828 -0.381346 -0.201684 0.229304
VERTEX_POSE A389 -0.797434 -0.146526 -0.457588 0.321478 -0.523034 0.468880 0.704279 0.021777 0.513317 -0.614291 -0.429053 0.383030 -0.184523 0.789509 0.602630 0.051584 -0.094812 -0.082351 -0.299879 0.427931
VERTEX_POSE A390 0.279403 0.097033 -0.989541 0.450554 0.508536 0.607205 0.128323 0.689649 0.690545 -0.530923 -0.401021 -0.181691 -0.659524 0.425028 -0.327152 -0.516412 0.041304 -0.120038 0.000558 0.425690
VERTEX_POSE A391 -0.705920 0.918522 -0.937278 -0.604606 -0.514688 -0.421370 -0.299870 0.687821 -0.638176 -0.091982 -0.348472 -0.351450 -0.387863 0.149182 0.533254 -0.487867 0.310599 0.085452 -0.716356 -0.535484
VERTEX_POSE A392 0.014839 0.474731 -0.965521 -0.842014 -0.679534 -0.272286 -0.286263 0.198451 -0.630523 -0.445622 0.133836 0.347847 -0.668670 -0.654626 0.586716 0.008044 0.358135 0.251133 -0.521815 0.621216
VERTEX_POSE A393 0.187351 0.689247 0.100223 0.663531 -0.405876 -0.210906 0.259662 -0.677778 0.493397 -0.058468 -0.209500 0.082453 -0.882293 0.072814 0.680513 -0.048756 -0.453539 0.492119 0.385148 0.534534
VERTEX_POSE A394 0.527694 -0.632909 0.199735 -0.576567 0.319065 0.384050 -0.752139 0.390929 0.295622 0.294692 0.684457 -0.425832 0.357232 0.454676 -0.609195 -0.413338 -0.050777 0.461152 0.221314 -0.411564
VERTEX_POSE A395 -0.765197 0.568515 -0.117412 -0.071442 -0.796005 0.480087 0.060710 0.839548 0.072288 -0.688905 0.000571 -0.048408 0.716496 -0.054817 -0.045693 0.062459 0.299790 -0.871699 -0.066756 0.449756
VERTEX_POSE A396 0.166133 0.773057 -0.772197 -0.050990 0.545764 -0.128269 -0.290404 0.013046 -0.283828 -0.038145 0.416559 0.200906 -0.691258 -0.594536 -0.666576 0.384774 -0.628892 -0.646763 -0.536956 0.278083
VERTEX_POSE A397 0.717621 -0.300282 -0.248575 0.282799 0.945649 -0.586355 -0.573289 -0.509476 -0.784112 0.413432 0.460158 -0.202686 0.023421 -0.268744 -0.015735 0.587181 -0.590390 -0.005109 -0.393806 0.328489
VERTEX_POSE A398 0.601320 0.564873 0.414209 0.727321 0.679125 0.098806 -0.863223 0.191213 -0.771046 0.100736 0.398435 0.381883 -0.117166 0.619775 0.468453 0.305082 -0.126662 0.174479 0.371342 0.636021
VERTEX_POSE A399 -0.125213 0.456875 0.559116 0.345923 0.722932 -0.375069 0.487875 0.120589 -0.346396 -0.602241 0.707526 0.457568 -0.280852 0.014073 -0.392157 0.385663 0.275837 -0.613333 -0.414330 -0.639204
VERTEX_POSE A400 -0.414647 -0.653209 -0.667745 0.765505 0.008861 0.256231 0.440127 0.137662 -0.218762 -0.613399 -0.587394 0.503916 -0.194988 0.025378 -0.088504 0.614632 -0.736108 -0.790396 0.119317 0.305808
VERTEX_POSE A401 0.540778 -0.469591 -0.283578 0.987227 0.124972 -0.101104 -0.538126 0.643766 -0.203422 -0.490992 0.193920 -0.103620 0.398212 0.586290 -0.774378 0.420624 0.114722 0.581377 0.365855 0.437108
VERTEX_POSE A402 -0.093193 -0.669958 0.974641 -0.138726 -0.190053 -0.533353 -0.033028 -0.793071 0.108285 -0.335016 0.269413 -0.374662 0.771645 0.295133 0.588352 0.539278 -0.316141 0.466132 -0.020417 -0.333775
VERTEX_POSE A403 -0.374798 -0.802175 -0.520690 -0.260026 0.723082 0.481287 0.647040 0.090875 0.381289 -0.599684 -0.481641 -0.314817 -0.152913 0.609940 0.495866 0.172561 0.007342 0.527246 -0.410559 0.622642
VERTEX_POSE A404 0.980840 -0.032934 0.347336 0.519356 -0.868935 -0.775674 -0.347060 0.067916 -0.194296 0.410161 0.614118 0.433078 0.290865 0.232512 -0.235981 0.243424 0.504972 0.342542 -0.753299 0.556046
VERTEX_POSE A405 -0.805037 -0.940749 0.042666 -0.579749 0.182551 0.683299 -0.080887 0.702243 -0.528732 -0.441637 0.441891 0.132101 0.695058 -0.059619 0.434433 -0.461071 -0.322208 0.217628 -0.320503 -0.451902
VERTEX_POSE A406 -0.486397 0.040794 -0.426833 -0.705684 -0.593610 0.023024 0.851572 -0.521834 0.509218 -0.079010 -0.164760 0.816139 0.139028 0.302700 0.241858 -0.470320 -0.744894 -0.124854 -0.167491 -0.232486
VERTEX_POSE A407 0.766055 0.673289 0.578818 0.371507 -0.800128 0.244730 0.624333 -0.203655 -0.030337 0.205263 0.634456 0.839232 -0.011937 0.414746 0.032474 -0.716271 0.190281 -0.483551 0.234283 0.589720
VERTEX_POSE A408 -0.491125 0.392654 0.490472 -0.308013 -0.518438 -0.290442 -0.724900 -0.369689 0.064798 0.254450 -0.911946 -0.154027 0.416970 -0.156603 -0.592665 0.461570 0.075871 0.732440 0.151209 -0.037458
VERTEX_POSE A409 -0.095153 0.405131 -0.731279 0.182317 0.220319 -0.391515 -0.168762 -0.497313 -0.333996 0.584205 -0.493625 -0.488208 0.190539 0.704622 -0.064900 -0.729340 -0.107199 0.701857 0.248964 -0.032100
VERTEX_POSE A410 -0.689284 -0.766323 -0.631689 -0.984864 -0.893245 0.603269 0.451741 -0.446514 -0.190504 -0.652432 -0.173850 0.255304 -0.477181 -0.632844 -0.474027 0.218431 -0.145806 -0.556680 0.307976 -0.590466
VERTEX_POSE A411 0.410023 -0.330673 -0.523701 -0.449841 -0.011843 0.054388 0.143617 -0.429116 0.157501 0.083837 0.351148 -0.538804 0.594308 0.529661 -0.243690 0.560449 -0.629225 0.789012 0.552305 0.126843
VERTEX_POSE A412 0.940520 0.745488 0.768492 -0.130691 0.948652 -0.712860 0.673325 0.153585 -0.463717 -0.330805 -0.407923 0.468694 0.449742 0.169968 0.084022 0.183566 0.308809 0.223747 0.448595 -0.828105
VERTEX_POSE A413 0.242821 0.932905 0.117727 -0.279857 0.226576 -0.697268 0.556485 -0.225860 0.492905 0.598488 -0.410402 -0.026679 -0.507886 -0.839198 0.170280 0.263064 -0.243659 0.491075 0.070616 0.130135
VERTEX_POSE A414 -0.558180 -0.081406 0.678841 -0.893876 0.902755 0.603089 -0.368921 -0.659345 0.624190 -0.099128 0.376157 0.459285 0.608717 0.297665 -0.100718 0.574526 -0.549404 -0.159950 -0.391732 0.182538
VERTEX_POSE A415 0.497194 -0.264792 -0.586629 -0.621911 -0.841799 -0.131829 -0.618025 -0.458101 0.569609 -0.490958 -0.300746 -0.782056 -0.146510 -0.252248 0.215160 0.420314 -0.450757 0.016156 -0.422939 0.657939
VERTEX_POSE A416 -0.136063 -0.113391 -0.199347 -0.034766 0.560726 -0.085029 0.375039 -0.441479 -0.011345 -0.525707 0.554939 0.174404 -0.721600 -0.483725 -0.917198 -0.075253 0.130237 -0.347811 -0.237924 -0.496173
VERTEX_POSE A417 -0.734430 -0.558193 -0.583963 -0.280339 -0.978766 0.215257 -0.581443 -0.688757 0.774069 -0.087682 0.130861 -0.257186 -0.636479 0.078017 -0.536969 -0.053474 -0.126463 0.001258 0.496257 -0.697431
VERTEX_POSE A418 -0.546931 0.701967 0.491396 -0.182020 -0.869261 -0.513849 0.302912 -0.738927 0.457826 -0.460983 -0.630023 -0.511944 -0.421156 -0.053290 0.471493 0.007671 -0.198593 0.204846 0.719936 -0.121566
VERTEX_POSE A419 0.173722 -0.149194 -0.357287 -0.411890 0.377864 -0.268370 0.737729 -0.242666 -0.545735 0.008006 0.445039 0.323296 0.357321 0.831322 -0.246861 0.485815 -0.136143 0.681682 0.303310 -0.182816
VERTEX_POSE A420 -0.531864 0.295281 -0.041552 -0.958861 -0.501800 0.360141 0.383128 -0.052828 -0.280714 0.646128 0.671032 -0.621418 -0.074862 -0.319851 0.498930 0.403540 -0.403493 -0.395483 0.516994 -0.530862
VERTEX_POSE A421 0.732472 -0.201000 0.501855 -0.731466 0.639275 0.392487 -0.286043 0.587229 0.760287 -0.347378 -0.085278 0.023646 -0.095040 -0.368099 -0.509650 -0.636980 0.408574 0.087264 0.618653 0.587758
VERTEX_POSE A422 0.467802 -0.230672 -0.294565 -0.016496 0.863176 0.508286 -0.257532 0.703849 0.468071 0.303433 -0.214970 -0.033434 -0.234996 -0.545940 -0.590680 0.531379 0.382156 -0.415371 -0.709943 0.119546
VERTEX_POSE A423 0.482975 -0.229988 -0.007073 -0.800875 -0.181334 0.335423 0.199867 0.447405 0.564762 -0.375770 0.331408 -0.359932 -0.809593 0.333248 0.653090 -0.160482 -0.207615 -0.111609 0.371017 0.732011
VERTEX_POSE A424 -0.080177 -0.511752 -0.397922 0.932065 -0.766601 -0.197709 0.657359 0.542980 -0.763426 -0.391733 0.054230 -0.298374 0.641973 -0.544512 -0.378910 -0.046084 -0.433562 0.381434 0.013089 -0.466651
VERTEX_POSE A425 -0.004504 0.136419 0.905170 0.406938 0.182241 -0.494342 -0.572979 0.517739 0.647734 -0.184453 0.454742 -0.516218 0.590422 0.297758 -0.257607 -0.509675 -0.532872 0.056777 0.171190 -0.390568
VERTEX_POSE A426 0.717778 -0.661473 0.875515 0.127683 0.022661 0.647755 -0.101045 0.174733 -0.276017 0.189849 -0.679655 0.629805 -0.101428 -0.232322 -0.214801 0.240002 0.672246 -0.247860 -0.941201 0.040604
VERTEX_POSE A427 -0.914044 -0.738696 -0.170119 -0.118925 0.779163 -0.181866 -0.512011 0.679637 -0.687417 0.338581 -0.162581 -0.275365 0.493894 0.123676 0.508823 0.060414 -0.377118 0.399570 0.612884 0.595102
VERTEX_POSE A428 -0.286883 0.836137 -0.343405 -0.310263 0.127890 -0.414049 -0.726261 0.456875 0.001277 0.018025 0.420580 0.562532 0.254695 0.699175 0.030476 -0.175964 0.196746 0.714977 -0.613505 -0.294657
VERTEX_POSE A429 0.319099 0.903400 0.289724 -0.144996 -0.298214 -0.586553 0.085368 -0.447771 -0.012271 0.271449 -0.450632 -0.557293 0.648521 0.367928 0.561783 0.674061 0.093692 -0.172132 -0.209977 0.672520
VERTEX_POSE A430 -0.039257 0.718180 -0.611004 -0.773002 0.502095 0.546157 -0.421822 -0.484939 -0.423173 -0.514439 0.540282 -0.512326 0.413581 -0.430920 -0.362543 -0.004321 -0.354076 0.358778 0.621571 0.402328
VERTEX_POSE A431 0.298471 -0.817072 -0.011149 -0.544758 -0.863249 -0.787070 0.478580 0.053205 -0.463468 -0.754956 -0.416458 0.211955 -0.027972 0.263726 0.166097 0.429236 -0.839774 0.305295 -0.126399 -0.221270
VERTEX_POSE A432 -0.140123 -0.566191 -0.993854 -0.157769 0.826758 0.680669 0.228404 -0.585634 0.336310 0.455817 0.454216 0.357387 0.327526 0.416367 -0.454375 0.731567 -0.421444 -0.299004 0.312408 0.315822
VERTEX_POSE A433 0.867550 -0.951778 -0.636363 0.088272 -0.687958 0.533475 -0.133840 0.601196 -0.167442 0.441854 -0.420876 -0.543285 0.528183 0.563384 0.531989 0.493073 -0.302417 0.330449 0.514542 0.229278
VERTEX_POSE A434 0.923672 -0.619248 0.468161 0.195216 0.859833 -0.391161 0.881296 0.091490 0.738619 0.323383 0.520317 0.161477 -0.181051 0.345822 -0.435227 -0.135198 0.687452 0.293149 0.260159 -0.358771
VERTEX_POSE A435 -0.159283 0.400875 0.353482 -0.638413 0.957823 -0.541121 -0.333850 0.190560 -0.061353 0.699402 0.649821 0.485945 0.218342 0.045448 0.392092 0.183478 -0.482436 0.559951 -0.563953 0.553724
VERTEX_POSE A436 -0.937487 -0.892527 0.406303 0.508523 0.494593 -0.620405 -0.176362 0.739216 0.032616 -0.711118 -0.024764 -0.501376 -0.220766 -0.363364 0.418700 -0.625938 0.082817 -0.432836 -0.150568 -0.560405
VERTEX_POSE A437 -0.562725 0.421546 -0.958673 0.489532 -0.733777 0.811694 0.174247 -0.554944 -0.113220 -0.510764 -0.262599 0.306902 0.238866 0.586998 0.016823 -0.597504 -0.159688 0.483593 -0.542853 0.503003
VERTEX_POSE A438 -0.393229 0.074164 -0.067700 0.733095 -0.842305 0.509845 0.486968 -0.254615 -0.354287 0.535435 0.474226 -0.454859 0.143269 0.349049 0.545227 0.360006 0.466292 -0.332219 0.571001 -0.609112
VERTEX_POSE A439 -0.428612 0.500127 -0.103225 -0.799490 0.976155 -0.015991 0.681820 0.713715 0.613976 -0.124057 0.193206 -0.663179 0.238049 -0.233505 -0.298525 -0.136314 0.317995 0.306357 0.666695 -0.545562
VERTEX_POSE A440 0.342123 -0.173322 -0.689952 -0.328151 0.486542 0.570138 0.263260 0.573142 -0.679176 0.271302 0.241031 0.285422 -0.668380 -0.153017 0.360387 0.635217 -0.417429 -0.048143 0.082807 -0.644788
VERTEX_POSE A441 -0.082513 0.307841 0.300612 0.748231 -0.735550 0.400927 0.310962 0.420618 -0.706016 -0.117281 0.697181 0.280863 0.217583 0.316999 0.509113 -0.598792 0.439338 -0.052147 -0.695452 -0.208596
VERTEX_POSE A442 0.981411 -0.830545 0.373074 -0.249330 -0.035688 0.325443 0.582980 0.551585 0.078782 -0.800060 0.418917 -0.372901 0.025516 -0.058411 -0.861824 0.137785 0.209618 0.078002 0.020062 -0.687685
VERTEX_POSE A443 0.282643 -0.427835 -0.921459 0.541158 0.435194 -0.208339 0.323607 -0.471036 -0.192514 0.333894 -0.028632 -0.372309 0.685952 -0.099665 -0.838939 -0.306367 0.421873 -0.277669 -0.468404 -0.767721
VERTEX_POSE A444 -0.839691 0.240746 -0.581662 -0.531626 0.491026 -0.501788 -0.392291 -0.426999 0.835030 -0.346058 -0.072256 -0.041568 -0.434397 0.566213 -0.092911 0.452934 0.593564 -0.201426 -0.576629 0.373545
VERTEX_POSE A445 -0.576770 0.088049 0.051915 -0.143206 -0.132932 0.256714 -0.186325 0.237479 -0.240884 -0.638088 -0.289795 -0.837711 0.401977 -0.123531 -0.416310 -0.574194 0.504353 -0.031620 0.258540 0.768108
VERTEX_POSE A446 -0.220163 0.307374 -0.508088 0.919247 0.593395 -0.753827 0.020214 0.600321 -0.352850 0.177737 -0.538868 0.308523 0.545053 0.511629 0.430996 -0.463426 0.279241 -0.162167 -0.675392 0.097448
VERTEX_POSE A447 0.024246 -0.872645 0.218992 0.433608 0.051752 -0.505251 0.157541 -0.650206 0.636310 -0.308238 -0.593475 0.547771 0.205627 0.199818 0.016584 0.477872 0.279673 0.198753 0.780721 -0.326920
VERTEX_POSE A448 -0.311200 0.529856 0.467952 0.576455 -0.111699 -0.401247 0.131057 0.459044 -0.189279 -0.369435 0.470492 -0.274634 0.563635 -0.511235 0.681179 -0.298173 -0.195521 -0.513562 -0.663137 -0.518002
VERTEX_POSE A449 0.232906 0.009341 0.983308 -0.262773 0.724134 -0.306150 0.267236 0.524992 -0.780417 -0.429416 -0.101157 -0.219107 0.140573 0.695734 0.019479 0.707151 -0.081486 -0.498833 0.473670 -0.472722
VERTEX_POSE A450 -0.802032 -0.021839 0.861705 -0.978282 -0.570384 -0.571169 -0.093904 -0.102113 0.310881 -0.307754 0.641448 0.484204 -0.278277 -0.736917 -0.553836 -0.009468 -0.186090 -0.189556 -0.904954 0.021007
VERTEX_POSE A451 0.156937 -0.174862 -0.573599 0.617594 0.386502 -0.820838 0.242547 -0.369074 0.082703 -0.823890 -0.513447 -0.535131 -0.395654 0.319335 -0.173026 -0.256615 0.315179 -0.055525 -0.199955 0.631541
VERTEX_POSE A452 -0.034622 0.808341 0.485163 0.005761 0.363409 0.460847 0.564631 0.596085 -0.274674 0.429477 -0.316781 0.596014 0.363171 -0.614343 -0.164944 0.102093 -0.394661 0.574226 -0.595336 -0.105631
VERTEX_POSE A453 0.665769 0.747489 -0.432860 0.005222 -0.707208 0.210290 -0.334002 -0.155923 -0.496120 -0.387622 0.465508 0.191456 -0.683043 0.385067 -0.386009 0.454805 0.549593 0.723868 0.254552 0.555573
VERTEX_POSE A454 -0.360088 0.595150 0.419328 0.816719 -0.794832 0.660254 -0.307604 -0.181547 -0.128024 0.810839 -0.225233 -0.300967 -0.092367 -0.764957 -0.588663 -0.230280 0.443554 0.332519 0.431694 0.366621
VERTEX_POSE A455 0.885201 -0.703411 -0.912760 -0.062174 0.596808 -0.330471 -0.486893 0.437648 0.553799 -0.566438 -0.143687 -0.449391 -0.218734 0.467083 0.497765 0.439617 0.729480 0.366570 -0.448303 0.193679
VERTEX_POSE A456 -0.338735 -0.116092 -0.527690 -0.587841 0.475034 0.458365 -0.087083 -0.085934 -0.468346 0.489614 -0.681700 -0.061044 0.655259 0.415065 0.394960 -0.119321 -0.595578 0.640963 0.555961 -0.030135
VERTEX_POSE A457 -0.642310 0.933677 0.294843 -0.055598 0.227829 0.124687 0.259786 -0.561976 -0.588807 0.179413 -0.577701 -0.052308 0.501775 -0.141178 -0.517587 0.523828 0.573989 -0.605910 -0.611677 -0.032384
VERTEX_POSE A458 0.971157 -0.442107 -0.082879 0.818901 0.375972 0.494471 0.589752 -0.227773 -0.066235 0.692635 -0.150919 -0.275974 -0.193904 -0.925995 0.670592 -0.270405 -0.257241 0.474611 -0.248457 0.041263
VERTEX_POSE A459 0.374382 -0.279955 0.128905 0.101896 -0.397077 0.418636 -0.183169 -0.383072 -0.015451 0.498994 -0.041746 -0.288950 0.411416 0.616281 -0.616434 -0.658905 0.112433 -0.600851 0.337691 -0.677547
VERTEX_POSE A460 0.676789 0.837077 -0.415433 0.799407 0.929615 0.317846 -0.109679 0.509343 0.306008 0.058580 0.380900 -0.515485 0.508558 -0.244849 0.471967 -0.340267 -0.723083 -0.562899 -0.781106 0.112623
VERTEX_POSE A461 -0.068100 -0.723927 0.306118 -0.954101 -0.121933 -0.588385 -0.169556 -0.523089 0.220251 0.643480 -0.595429 -0.196858 0.725647 0.295972 -0.590275 0.030824 -0.192758 -0.467028 0.172254 0.497079
VERTEX_POSE A462 -0.327147 -0.097027 -0.882244 0.557138 -0.260325 -0.178363 -0.282250 -0.553181 0.707349 -0.408431 0.363626 0.384338 0.641903 0.130145 0.216534 0.534201 -0.435052 0.522724 -0.236875 -0.596287
VERTEX_POSE A463 -0.463334 -0.729114 -0.409288 -0.358362 0.756373 -0.006753 -0.916923 -0.144494 -0.242863 -0.102812 0.741703 -0.805677 0.169407 -0.457066 -0.500564 -0.288338 0.206813 -0.203205 0.191950 0.421090
VERTEX_POSE A464 -0.200549 -0.675705 0.669755 0.134172 0.190109 0.386991 0.632673 -0.506955 -0.385098 0.713047 0.522807 0.475723 0.208596 0.358270 0.450756 -0.212656 0.580455 -0.521962 -0.050533 0.066214
VERTEX_POSE A465 -0.403475 0.283726 0.585917 -0.247647 -0.400493 -0.345796 -0.675077 -0.384480 -0.030437 0.560269 -0.406512 0.675206 -0.079833 -0.673710 0.032854 -0.414173 -0.058362 0.650012 -0.229035 0.479200
VERTEX_POSE A466 0.377382 0.671761 0.944194 0.003225 0.714196 -0.631683 0.189652 0.484018 0.619318 -0.288586 0.268721 0.199822 -0.324179 0.558326 0.206831 0.579252 0.567578 -0.367035 -0.663419 0.244219
VERTEX_POSE A467 -0.138036 -0.568232 0.076058 -0.357305 -0.315298 0.292578 -0.207879 -0.217898 0.823578 -0.343823 0.044227 0.342153 0.122259 0.398753 0.282922 0.854414 0.216707 -0.197494 -0.305943 0.862901
VERTEX_POSE A468 0.033801 -0.294728 0.627244 -0.758115 -0.134270 0.373799 -0.353943 -0.578365 -0.421223 0.355109 -0.308097 -0.627999 -0.142153 -0.565687 0.476401 0.675716 -0.441726 0.248003 -0.521366 -0.235472
VERTEX_POSE A469 0.984153 -0.254076 -0.123506 -0.263681 0.871891 -0.578802 -0.639516 0.088739 -0.032572 -0.122208 -0.547020 -0.605724 0.310948 0.523087 -0.468799 0.600574 -0.513751 -0.277945 -0.344540 -0.394126
VERTEX_POSE A470 0.433352 0.931896 0.972833 -0.156795 -0.339143 0.016704 0.478623 0.793221 -0.616381 -0.607122 0.176507 0.687780 -0.617386 0.379166 0.237187 0.142630 -0.189195 0.300827 0.028531 -0.400104
VERTEX_POSE A471 -0.624077 0.531950 0.937292 -0.086266 -0.647727 -0.052619 -0.782252 -0.160982 0.813960 0.137297 0.388181 -0.100740 -0.371312 0.312322 0.021199 0.333380 -0.697924 -0.569300 0.346722 0.488628
VERTEX_POSE A472 -0.098359 -0.946234 -0.822894 -0.515450 -0.863660 0.063617 0.018777 0.579901 0.440763 0.347483 0.239171 0.428850 -0.890889 0.065099 -0.109535 -0.075911 -0.707775 -0.778313 -0.281881 0.318321
VERTEX_POSE A473 0.414762 -0.898650 0.345908 0.593875 0.625170 0.470177 0.437121 0.357873 0.558456 0.327930 -0.723216 0.048518 -0.631102 -0.452389 -0.345354 0.123782 -0.158375 -0.587739 0.536447 -0.345177
VERTEX_POSE A474 0.658566 -0.895885 -0.984167 -0.545108 0.787467 -0.211816 0.167737 0.629815 -0.122164 0.519176 -0.690410 0.240382 0.604311 0.346685 0.862753 -0.274133 -0.061885 0.371597 0.511839 0.051444
VERTEX_POSE A475 0.061949 0.294512 -0.404556 -0.047076 0.627366 0.009604 0.358575 0.534524 -0.421208 -0.248175 0.604521 -0.408786 0.661736 -0.431936 0.710716 0.452002 0.267085 -0.387644 0.409431 0.301554
VERTEX_POSE A476 0.837992 0.189399 -0.602177 -0.549331 -0.507763 0.253110 0.821239 0.254953 -0.382336 0.005308 -0.672230 -0.538797 0.543794 -0.171748 -0.390608 0.032587 0.047072 -0.588963 -0.169601 0.671858
VERTEX_POSE A477 -0.561597 0.411489 -0.492255 -0.625862 0.380862 -0.127059 0.484585 -0.581317 -0.553267 -0.115592 -0.239820 -0.051474 -0.382334 -0.717907 -0.154908 -0.758753 0.091811 0.806911 -0.173005 -0.284142
VERTEX_POSE A478 -0.913805 0.421866 0.814436 -0.613468 -0.320882 0.526069 -0.192682 0.053785 -0.107891 -0.365594 -0.918786 -0.462931 -0.512286 0.328830 0.341844 0.501123 -0.165530 0.616805 -0.561830 0.131950
VERTEX_POSE A479 -0.473207 -0.280744 0.865775 -0.972876 0.380539 -0.682313 0.522256 -0.260761 0.291624 0.544718 0.347376 -0.521681 -0.024536 -0.046653 0.412312 0.528186 -0.597318 -0.085165 0.388521 0.672583
VERTEX_POSE A480 0.671309 -0.579171 -0.508947 0.111365 0.104996 0.217727 -0.455720 -0.005411 0.252283 0.872202 0.105356 -0.800917 0.079136 -0.065789 -0.398808 0.027108 0.711510 -0.297376 0.156796 -0.691590
VERTEX_POSE A481 -0.715837 -0.599973 0.676140 -0.591751 0.108734 -0.327028 0.541957 0.160444 -0.393637 0.566381 -0.215945 0.233263 0.432495 0.666501 -0.482459 -0.422075 0.666267 0.671509 0.142462 0.198720
VERTEX_POSE A482 0.683729 0.544394 -0.707824 0.644717 -0.232960 0.638308 -0.470141 0.425859 0.507303 0.192441 0.263913 -0.137796 0.649816 0.610697 0.266808 0.049514 -0.466269 0.495008 0.563224 -0.398293
VERTEX_POSE A483 -0.363314 -0.770829 0.976216 -0.882874 -0.531595 0.919290 -0.184206 -0.078873 0.082028 -0.485190 0.173039 -0.359754 -0.639838 -0.422913 -0.130228 0.314950 0.477725 0.042375 0.471246 -0.746163
VERTEX_POSE A484 0.949932 -0.852484 -0.756720 0.413471 0.401526 0.345105 0.450204 -0.114099 0.216065 0.451297 0.088414 -0.385429 0.694019 -0.406415 0.760027 -0.116437 -0.503250 -0.328667 -0.313733 -0.748819
VERTEX_POSE A485 -0.676359 0.139543 0.711503 0.461436 -0.027792 0.511283 -0.500623 -0.368526 0.201728 0.501393 0.317122 -0.543746 -0.401454 0.552717 -0.486586 0.443442 -0.575300 0.406781 0.374400 0.356589
VERTEX_POSE A486 -0.478113 -0.474240 -0.936544 0.054952 -0.934787 -0.280438 -0.640852 -0.378245 0.506117 0.197133 -0.706488 0.094936 0.436743 -0.309626 -0.806384 0.437229 -0.309384 -0.077025 -0.410527 -0.407700
VERTEX_POSE A487 -0.388803 0.031424 -0.284410 0.825631 -0.123440 -0.052580 0.398901 0.875172 0.632321 0.044032 -0.124762 0.713780 -0.339336 0.313799 -0.104387 -0.566157 0.031880 -0.277538 -0.635025 0.344996
VERTEX_POSE A488 -0.318669 0.073220 0.006346 -0.594161 -0.799963 0.240659 0.275593 -0.293377 -0.789040 -0.062606 0.243126 0.220687 -0.248835 -0.553435 -0.460192 0.532369 -0.630834 -0.242939 -0.758151 -0.388044
VERTEX_POSE A489 -0.506956 0.083653 -0.019423 -0.126146 0.441185 0.930222 0.143277 -0.180231 -0.181365 0.363515 0.362181 -0.151709 -0.680811 -0.331034 -0.275190 0.619531 -0.531746 0.055212 -0.002662 0.666337
VERTEX_POSE A490 0.985579 0.751470 0.844495 -0.072473 0.479483 -0.128237 -0.704578 -0.505890 0.486188 0.095170 0.408737 -0.586616 -0.346171 0.716550 0.299081 -0.514306 0.161372 -0.560007 0.331914 -0.193711
VERTEX_POSE A491 -0.641880 -0.089703 0.590913 -0.794754 -0.870348 0.687188 0.338622 -0.405022 -0.093922 0.450026 -0.162194 0.350242 -0.735057 0.166376 0.569679 0.250448 0.644314 -0.267857 0.282451 0.605664
VERTEX_POSE A492 0.424944 0.359726 -0.713305 -0.080247 -0.680748 -0.161860 0.170658 0.088209 0.357595 0.074755 0.862354 0.226887 0.403317 -0.440250 0.098918 -0.895890 -0.108914 -0.885813 0.002254 0.207082
VERTEX_POSE A493 -0.341568 -0.345557 0.962251 -0.515336 -0.780842 -0.254055 -0.078044 0.551464 -0.051186 -0.597940 -0.636605 0.270542 0.646209 -0.159042 0.289206 0.303978 -0.413801 -0.880910 0.355511 -0.306749
VERTEX_POSE A494 -0.105214 0.181183 -0.818375 -0.153117 0.886025 -0.573995 -0.655611 0.218119 -0.763580 0.600457 -0.022800 0.153476 -0.018364 -0.529136 0.125530 -0.102402 0.663078 0.219462 0.445873 0.481920
VERTEX_POSE A495 -0.775605 0.684021 0.956450 -0.946076 0.509360 -0.167077 0.315026 0.576103 0.220153 0.030899 0.491743 0.894143 -0.069050 -0.201363 0.038652 0.923531 -0.343083 0.350189 0.205248 0.517727
VERTEX_POSE A496 0.254957 0.938168 0.548168 0.237018 -0.181335 0.030213 -0.284394 0.531756 -0.408271 -0.209558 -0.485996 0.322752 0.550742 0.391219 0.674457 -0.661603 -0.064064 -0.522820 -0.366293 0.569111
VERTEX_POSE A497 -0.727832 -0.147056 -0.874181 0.850108 0.600221 0.568402 0.415122 0.269024 -0.164861 -0.642274 -0.220509 -0.604376 0.309368 0.548008 -0.516280 0.159351 -0.078715 -0.133879 0.542269 -0.756632
VERTEX_POSE A498 0.086359 -0.884211 0.032508 -0.303381 -0.805938 -0.077110 -0.310935 -0.578570 0.577501 -0.616972 -0.195259 0.411719 0.249285 -0.471794 0.640438 0.540724 0.133585 -0.284381 0.410048 -0.621849
VERTEX_POSE A499 -0.711242 -0.356560 0.175412 0.478903 0.684395 0.459137 -0.244384 0.195385 0.274080 -0.214933 0.835198 0.546544 -0.411610 -0.494617 -0.627905 -0.465998 0.099675 -0.145251 -0.712393 -0.098428
VERTEX_POSE A500 -0.743679 0.598868 0.002314 -0.413572 0.472111 0.774106 0.089310 0.577178 0.379119 -0.477447 -0.313128 -0.472198 -0.221452 0.465468 -0.127898 -0.636354 0.470461 0.133040 -0.556849 -0.361694
VERTEX_POSE A501 -0.480290 -0.952315 0.005342 0.539825 -0.145080 -0.457125 0.777845 0.230211 -0.430900 0.054397 -0.555067 -0.378451 -0.564788 0.021649 0.619870 0.270097 -0.487804 0.279101 -0.007731 0.632836
VERTEX_POSE A502 -0.335319 -0.824610 0.112704 -0.607363 -0.963333 0.153657 -0.233102 0.851748 0.229859 -0.295551 0.328936 0.611455 0.771404 0.128002 0.651651 -0.374038 -0.314075 0.353593 -0.351205 -0.226492
VERTEX_POSE A503 0.157962 0.652634 0.179420 0.070978 0.608451 0.628860 0.240065 -0.277047 0.016055 0.415923 0.372349 0.677492 -0.194017 -0.230339 -0.241424 -0.616264 -0.471236 -0.294952 0.593256 -0.713780
VERTEX_POSE A504 0.934472 -0.850964 -0.648750 0.133699 -0.519910 0.788496 0.132998 -0.281609 -0.024046 0.730532 0.624746 -0.316375 -0.470262 0.205765 -0.116855 -0.060008 0.261793 0.513758 -0.473167 0.647699
VERTEX_POSE A505 -0.676754 -0.720495 0.128537 -0.152472 0.824134 0.292432 -0.453947 -0.630603 0.405242 -0.156861 -0.299477 -0.551398 0.507721 -0.619965 -0.588213 -0.600999 0.215375 0.316590 0.387745 0.286201
VERTEX_POSE A506 -0.780089 -0.052854 0.774864 -0.976098 0.235817 -0.347040 0.590372 -0.086145 -0.465908 0.536250 0.070530 0.292500 0.301529 -0.792656 0.711432 0.381804 0.109654 -0.266086 -0.356656 -0.589302
VERTEX_POSE A507 0.772465 0.338435 -0.250927 0.584368 -0.027673 -0.507003 -0.180522 -0.236384 -0.580104 -0.500416 0.312287 0.340331 0.176367 0.434184 -0.429025 0.724201 -0.353855 -0.326404 0.401775 0.729979
VERTEX_POSE A508 -0.238351 0.690994 0.636282 0.221667 0.204996 0.464962 0.625873 0.520506 0.613378 -0.499497 0.368838 0.393789 -0.367526 -0.269325 0.477220 0.193093 -0.674777 -0.157382 -0.431771 0.255289
VERTEX_POSE A509 -0.693894 -0.630988 0.589300 -0.589567 0.914935 0.584628 0.313831 -0.609460 -0.669922 0.464075 -0.414689 0.254161 -0.366166 0.051569 -0.347805 -0.718303 -0.421421 -0.154430 0.190020 0.525677
VERTEX_POSE A510 -0.700743 -0.942309 -0.385152 0.611492 -0.647134 0.140837 0.081574 0.583839 0.604268 -0.161030 -0.000689 -0.533682 -0.307090 0.637209 0.490468 -0.597660 0.265799 0.299415 0.718272 0.427138
VERTEX_POSE A511 -0.567042 -0.888177 -0.872665 -0.666968 -0.690008 -0.198938 0.768537 0.299942 -0.077409 0.341181 -0.643327 -0.087555 0.065588 0.686816 -0.558811 -0.520563 0.072327 -0.796553 0.132887 -0.138625
VERTEX_POSE A512 -0.409731 -0.230961 0.265440 -0.181317 0.023669 0.172630 -0.302902 -0.766246 -0.233340 -0.592629 -0.309759 -0.284174 -0.278704 0.280095 0.184552 -0.691082 0.485112 -0.894951 0.042074 -0.055942
VERTEX_POSE A513 0.982986 0.602084 -0.092976 0.256209 0.119906 0.042088 -0.292612 0.308173 -0.861233 0.122848 -0.217377 0.324462 -0.384088 -0.790462 0.304371 0.113972 0.399877 0.242052 0.859519 -0.270269
VERTEX_POSE A514 0.069644 -0.659006 -0.896449 -0.549841 -0.221602 0.817001 -0.348766 0.352625 0.147416 -0.351528 -0.865426 0.459855 0.153973 -0.205099 0.311133 0.855032 -0.175420 -0.050081 0.001425 0.232069
VERTEX_POSE A515 -0.459800 -0.083445 0.508720 -0.767846 -0.574805 -0.805816 0.398558 0.429081 0.289294 0.551068 0.041983 -0.146287 0.532472 -0.701848 -0.331449 -0.218045 -0.551847 -0.368390 -0.454318 -0.130388
VERTEX_POSE A516 -0.693372 -0.258372 -0.381473 -0.282355 -0.907886 0.120257 -0.713569 -0.323491 -0.555841 -0.400464 -0.293677 0.065371 0.228114 0.200848 0.368487 -0.524581 0.693468 -0.732477 -0.056802 0.536535
VERTEX_POSE A517 0.591531 -0.133246 -0.832993 0.505111 -0.156389 -0.598525 -0.387163 0.471905 0.376610 0.327653 0.111335 -0.021512 -0.674303 -0.570760 0.145805 -0.225818 0.632838 -0.691528 0.486899 -0.196620
VERTEX_POSE A518 0.151397 0.947980 -0.775690 -0.942215 0.301755 -0.158342 -0.293945 0.601182 -0.411569 -0.418468 0.357513 0.120119 0.762814 0.392312 0.581152 -0.086789 0.564001 0.673330 -0.386086 -0.196873
VERTEX_POSE A519 -0.012041 0.814848 0.624874 0.123484 -0.707849 -0.263665 -0.769345 0.128780 -0.371144 -0.364787 0.324184 0.345576 0.112190 0.349681 0.700223 -0.273937 0.487575 0.427783 -0.432909 -0.719940
VERTEX_POSE A520 -0.915424 0.950406 0.147584 -0.621035 -0.715204 -0.546446 0.516750 -0.255343 -0.331801 -0.546697 -0.154784 -0.110651 0.408046 -0.554707 -0.589380 -0.452565 -0.187482 0.481344 -0.250549 -0.753652
VERTEX_POSE A521 0.136976 0.699449 -0.931194 -0.014688 -0.218762 -0.232813 -0.771721 -0.456798 0.509835 -0.172961 0.553008 -0.509056 -0.258515 0.596270 0.626995 -0.205108 -0.218929 0.183320 -0.515395 0.286442
VERTEX_POSE A522 0.346079 -0.274855 0.215786 0.328729 -0.578197 0.481274 0.210196 0.323168 0.270076 0.424459 -0.556498 -0.539588 0.058378 -0.577108 -0.280958 -0.616129 0.157734 0.570387 -0.626601 -0.477429
VERTEX_POSE A523 0.509520 0.310132 0.434279 0.298717 -0.395952 0.366557 -0.160525 -0.404093 -0.588522 0.699575 0.006467 0.620483 0.605084 0.144817 0.262485 0.344012 -0.497686 0.255696 0.018831 0.753660
VERTEX_POSE A524 0.795408 -0.646108 -0.968943 0.469976 0.000396 -0.428868 -0.387508 -0.370299 -0.327043 0.394889 -0.565603 -0.835526 0.109391 0.352292 0.086505 0.063027 -0.639558 -0.059393 -0.823384 -0.099137
VERTEX_POSE A525 -0.759135 0.906329 0.397412 -0.824387 -0.692173 -0.725428 0.471557 -0.486226 0.124084 -0.476306 -0.499656 -0.369517 -0.039777 0.673415 0.552291 0.596671 -0.125441 -0.129572 -0.439509 -0.211435
VERTEX_POSE A526 0.733915 -0.005847 0.390729 0.352642 -0.886592 0.232637 -0.262652 -0.681249 -0.738859 -0.365783 0.163470 0.029068 0.813256 0.057255 -0.523400 0.301500 -0.050816 0.353801 -0.211965 0.709448
VERTEX_POSE A527 0.050365 -0.707939 0.579225 -0.293007 0.819061 -0.521900 0.047073 0.021272 -0.027834 -0.853763 -0.515068 0.651958 -0.306836 0.528557 -0.546407 -0.342658 0.605698 -0.056881 -0.239392 0.296666
VERTEX_POSE A528 -0.486967 -0.240727 0.523231 -0.974279 0.908048 0.535675 0.719815 0.213982 0.531449 0.074611 -0.315666 -0.506572 0.486322 0.501277 0.301907 -0.473511 0.703759 0.287840 -0.124811 0.328652
VERTEX_POSE A529 -0.179727 0.109942 -0.576762 -0.950739 -0.692529 0.356875 -0.476673 0.622556 0.201230 0.305631 0.307045 0.671603 0.195545 -0.574201 0.461082 -0.559346 -0.144052 -0.410486 -0.572946 -0.409499
VERTEX_POSE A530 0.339123 -0.064499 -0.245363 -0.814104 0.503456 -0.446619 -0.216139 0.061754 -0.412863 -0.575592 0.530770 -0.149940 0.727705 0.653307 0.345020 -0.213144 0.467906 -0.698967 0.216779 -0.262153
VERTEX_POSE A531 -0.230646 -0.641859 -0.474455 -0.387851 0.380159 0.757636 -0.071110 0.372529 0.210882 0.506726 -0.201357 0.037152 -0.354957 -0.807235 0.486931 -0.529285 -0.127145 -0.378200 -0.576225 0.391004
VERTEX_POSE A532 0.339984 0.157628 0.428580 0.589086 0.162390 -0.652108 -0.253593 -0.131637 -0.227556 0.628617 -0.733231 -0.194712 -0.249564 -0.075901 -0.459614 -0.446726 -0.152414 -0.523274 0.527906 0.645022
VERTEX_POSE A533 -0.996197 0.110891 0.867341 -0.421467 0.540123 0.463261 -0.356643 0.536215 -0.017481 0.504026 -0.470812 -0.216558 -0.360214 -0.166014 0.470171 -0.516611 -0.679592 -0.719114 -0.471299 -0.037457
VERTEX_POSE A534 0.927316 -0.989225 0.704964 0.683127 -0.011389 0.278458 0.305538 -0.421936 -0.082586 -0.201073 0.765285 0.407545 -0.274119 -0.266553 0.697755 0.535829 0.406362 -0.512529 0.709903 -0.011287
VERTEX_POSE A535 0.274456 0.306663 0.779829 -0.277214 0.642480 -0.476387 0.569640 0.543819 -0.063010 0.656617 -0.233153 0.613745 0.202125 0.377825 0.609016 0.371459 -0.147249 0.146631 -0.255986 0.696755
VERTEX_POSE A536 -0.672950 0.390396 -0.004122 0.426061 0.364257 -0.483236 -0.172602 -0.321383 0.484800 0.596000 0.282784 0.302540 -0.585603 0.042819 -0.033768 0.445082 -0.752063 0.662405 -0.271963 -0.499313
VERTEX_POSE A537 -0.852773 -0.042079 0.479828 0.707029 -0.775572 -0.579845 0.209169 0.167870 -0.114596 -0.499574 0.648604 -0.010255 -0.717437 -0.607831 0.340056 0.421771 -0.252328 0.731371 -0.118608 0.343517
VERTEX_POSE A538 0.046920 -0.354902 -0.471098 -0.692846 -0.385193 0.813000 -0.234691 0.231715 0.107393 -0.776920 -0.182724 -0.529603 -0.385432 0.602046 0.091916 0.406055 0.051441 -0.196389 -0.166966 -0.740145
VERTEX_POSE A539 0.088699 0.081389 -0.367839 -0.352272 -0.430746 0.133754 -0.500383 0.260341 0.623291 -0.106281 -0.770655 0.503621 0.749840 0.331811 0.154756 -0.095123 0.112393 -0.562170 0.408671 -0.464309
VERTEX_POSE A540 -0.546667 0.326933 0.069128 -0.882538 -0.860637 -0.267989 0.182862 -0.649613 -0.021140 -0.563080 -0.332808 -0.711050 -0.370727 -0.170583 -0.640390 0.449160 0.379273 -0.109743 -0.557063 0.542491
VERTEX_POSE A541 0.346177 -0.297211 0.143751 0.918645 -0.032327 -0.644842 -0.539945 0.207509 0.144573 0.228428 -0.610357 -0.612696 0.751285 0.165048 0.306183 0.300181 0.501501 0.306811 -0.041733 0.552865
VERTEX_POSE A542 0.521657 0.193212 -0.240504 -0.019240 -0.120754 0.310079 -0.300953 0.371630 0.414673 0.665562 0.370216 -0.626867 -0.265416 0.578217 -0.564236 0.533985 -0.304765 -0.143431 0.332970 0.545540
VERTEX_POSE A543 0.043602 -0.904028 -0.665432 -0.063855 0.163032 -0.421718 -0.679932 -0.570140 -0.816686 0.106305 0.340815 0.063180 0.149187 -0.449064 0.243294 0.024178 -0.340149 -0.303305 0.709613 -0.491350
VERTEX_POSE A544 0.329164 -0.695127 -0.949225 0.174854 -0.912422 0.573228 0.314503 0.415512 -0.166875 0.422655 0.528562 0.728846 -0.413579 0.117178 0.156190 -0.152597 -0.506561 0.296565 0.726717 -0.526913
VERTEX_POSE A545 -0.408699 0.534206 -0.136953 0.430918 0.657644 -0.570510 0.742432 0.015700 -0.188307 -0.498826 0.397866 -0.559891 -0.395416 -0.720533 -0.570512 -0.188158 0.561542 -0.009886 -0.090608 -0.083418
VERTEX_POSE A546 0.583802 0.012527 0.843288 0.168299 0.588228 -0.318281 -0.508277 0.716878 0.659780 0.467462 0.553474 0.668613 -0.638266 -0.221869 -0.097117 0.247331 0.160370 0.083144 -0.233617 0.323742
VERTEX_POSE A547 0.635791 0.046501 -0.330698 0.892499 -0.820308 -0.798451 -0.398229 0.001378 -0.015645 -0.538856 0.648971 -0.362012 -0.009478 -0.602798 -0.086955 -0.154790 -0.093008 0.472882 -0.725946 -0.454773
VERTEX_POSE A548 -0.817168 -0.599040 0.030054 -0.063971 -0.498745 0.578106 -0.361030 0.621109 0.230798 0.518438 0.474073 0.346405 0.552931 -0.326567 0.439896 -0.499256 -0.444087 -0.546827 -0.214221 0.292607
VERTEX_POSE A549 -0.264800 -0.039493 -0.932402 0.226084 -0.110017 0.038620 0.219189 -0.694921 0.807685 0.355482 0.086771 -0.301005 0.004995 -0.554995 -0.493989 0.420245 0.442355 -0.107355 0.805579 -0.076531
VERTEX_POSE A550 -0.376249 -0.138651 -0.705824 0.015983 -0.528157 -0.320618 -0.509092 0.720346 0.658787 -0.506105 0.036962 0.410407 0.321635 0.006449 0.488783 0.330361 0.591502 0.236347 -0.521627 -0.360305
VERTEX_POSE A551 -0.732592 -0.648634 -0.822362 0.314994 -0.213949 -0.308279 -0.713160 -0.577932 -0.478980 0.260372 -0.352498 -0.385434 0.323634 -0.181487 0.709903 -0.077840 -0.473279 -0.151726 -0.559296 0.533675
VERTEX_POSE A552 0.872176 -0.340043 -0.863596 -0.788604 0.671221 0.369244 0.579478 0.027173 -0.665688 0.482487 -0.560271 0.432196 0.533224 0.032831 0.476293 -0.202018 -0.792866 -0.082886 0.325995 0.235887
VERTEX_POSE A553 0.969830 0.586495 0.509962 -0.655287 -0.106355 0.199363 0.474755 -0.063254 0.672370 0.489422 -0.031493 0.183236 -0.116411 0.971538 0.644562 -0.396586 -0.165758 -0.243182 0.603525 0.153770
VERTEX_POSE A554 0.776928 0.661499 0.611917 -0.386289 0.390099 0.497043 0.565350 -0.285086 0.083797 -0.303978 -0.589872 0.728419 -0.348996 -0.195745 -0.448691 0.176888 -0.726897 0.118358 0.659461 0.063887
VERTEX_POSE A555 0.667584 0.013849 -0.832540 0.681372 -0.328383 -0.120385 0.565626 -0.343929 0.314526 0.442745 0.003131 -0.677985 -0.233495 0.416145 -0.544106 0.598817 0.113862 0.361754 0.266347 0.834003
VERTEX_POSE A556 -0.789305 0.492823 -0.092626 -0.479675 0.201473 0.496203 -0.717220 -0.388070 -0.371363 -0.015849 -0.174388 0.095166 -0.463965 0.528339 -0.459663 -0.202843 -0.646447 0.628908 0.478473 -0.349220
VERTEX_POSE A557 0.510842 -0.344348 0.002647 0.966353 0.503507 0.513718 -0.250540 0.263337 0.408342 -0.616852 0.331988 0.448295 -0.048475 -0.670195 0.550632 0.744006 0.299739 0.255316 -0.028782 -0.530503
VERTEX_POSE A558 -0.282051 0.305909 0.746685 -0.611635 -0.509322 -0.098759 -0.445693 0.341653 0.275030 -0.147083 -0.042512 0.429711 0.432433 -0.585701 -0.726739 0.576213 0.043926 0.449226 0.510592 0.732455
VERTEX_POSE A559 -0.276272 -0.747904 -0.569395 -0.453953 0.109521 -0.799544 0.374551 -0.167637 0.057733 -0.117675 -0.645088 -0.588333 -0.400711 0.254535 -0.104845 -0.732625 -0.417396 0.016345 -0.385429 0.562807
VERTEX_POSE A560 -0.668884 0.765594 0.425885 -0.984385 0.810978 -0.106549 0.687076 -0.477436 -0.762879 -0.245129 -0.380756 -0.201626 -0.569944 -0.037904 -0.519319 0.329228 0.217532 0.310351 -0.186041 -0.760476
VERTEX_POSE A561 -0.942928 -0.758590 -0.498678 -0.425739 0.994133 -0.513936 -0.750511 0.002673 0.023793 -0.007402 -0.571200 0.668970 -0.481071 -0.452932 0.093111 0.409947 -0.234370 -0.528311 0.192854 -0.643153
VERTEX_POSE A562 0.493082 -0.389763 -0.043850 0.158196 -0.510320 -0.574585 0.667735 0.092524 0.244419 0.432295 0.423731 -0.544380 -0.238080 0.592361 0.490110 -0.005571 0.654688 -0.271209 -0.557260 0.179954
VERTEX_POSE A563 0.671099 -0.076778 -0.145536 0.604701 -0.026632 0.092758 0.062074 -0.248950 0.494226 0.522400 0.413675 0.042196 0.749840 -0.537471 0.551709 -0.379706 -0.630118 0.664058 -0.129649 0.284559
VERTEX_POSE A564 -0.939125 0.352301 -0.631337 0.152794 0.534257 -0.804365 -0.280569 -0.218243 -0.204726 -0.146051 -0.583202 0.114003 0.670786 -0.426357 -0.315841 0.120955 0.649548 -0.445345 0.659823 0.092478
VERTEX_POSE A565 0.420399 -0.378988 -0.338886 -0.158677 0.478291 -0.547890 0.447153 -0.632829 -0.005522 0.489656 0.232276 -0.748843 -0.349340 0.128313 -0.044891 0.660638 0.364564 0.370143 0.042551 -0.629448
VERTEX_POSE A566 -0.054445 -0.770115 -0.365706 -0.672514 -0.384152 -0.035550 0.163216 -0.588898 0.509950 -0.469252 -0.262582 0.696811 0.698072 0.162871 0.480029 -0.400954 -0.224689 0.150709 -0.324183 0.712206
VERTEX_POSE A567 -0.612076 -0.257303 0.364541 -0.421145 -0.101486 0.271346 -0.172786 -0.015897 -0.523899 0.255208 -0.692959 0.110666 0.084384 -0.522753 0.720488 0.593614 -0.198386 0.347205 -0.738590 -0.454892
VERTEX_POSE A568 0.567626 0.578932 -0.859058 -0.451648 0.702719 -0.398849 0.490392 0.597424 0.579403 0.151341 0.355159 -0.591336 -0.146870 -0.350861 -0.306758 -0.571908 0.624047 -0.247857 0.622866 -0.066395
VERTEX_POSE A569 0.992475 -0.125017 0.163196 -0.365360 0.230655 -0.526692 0.172806 -0.517637 0.063279 0.696850 -0.294635 -0.497535 0.318473 0.026585 -0.438830 0.225278 0.779534 -0.527711 -0.576509 -0.191997
VERTEX_POSE A570 0.476623 0.824086 0.996702 0.226582 0.467768 -0.126054 -0.311835 -0.815637 0.166841 -0.735057 0.068700 0.396943 -0.453245 0.405358 -0.488766 0.060822 0.391307 -0.748210 -0.391561 0.112165
VERTEX_POSE A571 -0.979041 -0.094135 0.210069 -0.334186 0.842082 -0.495797 -0.449047 -0.135160 0.183996 0.341906 0.597126 0.055353 -0.658688 0.691096 0.636271 -0.485847 -0.381017 -0.558951 -0.107424 -0.048833
VERTEX_POSE A572 0.338653 0.577772 -0.693053 -0.446715 -0.801672 0.158897 -0.167274 -0.574399 0.605839 0.119178 0.528427 0.457336 -0.397271 -0.480572 -0.409560 -0.800425 0.313433 -0.480433 0.399137 -0.248278
VERTEX_POSE A573 -0.001720 0.017299 -0.243802 -0.792658 -0.652986 -0.487686 -0.380603 0.226013 0.259314 -0.494320 -0.194273 0.395254 0.354620 -0.585709 -0.626087 0.564847 -0.178238 0.383025 0.407408 0.732360
VERTEX_POSE A574 0.064561 0.001837 0.544637 0.601959 0.005114 0.450470 -0.504809 0.598226 -0.256265 0.082179 0.378525 0.749325 -0.130261 -0.329042 -0.084641 -0.046248 0.548910 -0.403427 -0.848120 -0.298788
VERTEX_POSE A575 -0.332183 0.882645 -0.642279 0.728139 -0.714094 0.220298 -0.294563 0.121835 -0.175043 0.839926 -0.171570 -0.444794 0.149650 -0.192602 -0.547184 0.003143 0.830189 0.650828 0.430525 0.478968
VERTEX_POSE A576 0.589581 -0.448495 0.619245 0.638260 -0.995341 0.259756 0.634652 -0.602494 -0.489428 0.584170 0.000877 0.208079 -0.268890 -0.224097 -0.037052 0.357532 0.710815 0.805181 0.236286 0.285522
VERTEX_POSE A577 -0.351636 -0.985636 0.387925 -0.229741 -0.406658 -0.772896 -0.044243 -0.249333 -0.224318 -0.674220 -0.119400 0.052285 -0.630558 0.596750 -0.093342 0.318902 0.681774 0.583837 -0.210160 -0.320390
VERTEX_POSE A578 -0.696392 -0.070854 0.027024 0.620638 -0.534402 0.392466 0.315059 -0.534074 0.100000 -0.312374 0.484591 0.332719 -0.761530 -0.494548 0.042618 -0.423022 0.317264 -0.850560 -0.210439 -0.367018
VERTEX_POSE A579 0.772413 -0.047535 -0.350702 -0.425710 -0.494086 -0.568265 0.417429 0.422009 -0.035977 -0.245113 0.840355 -0.814820 -0.385083 -0.315458 0.067717 -0.524503 0.039968 -0.085230 0.585047 -0.120830
VERTEX_POSE A580 0.383563 -0.025129 0.455523 0.996343 0.483325 -0.414058 0.019604 -0.541698 -0.211625 -0.594644 -0.551226 0.102227 0.333230 -0.074238 -0.327712 -0.595237 0.608489 -0.816043 0.425046 0.164146
VERTEX_POSE A581 -0.072641 0.790495 0.321200 -0.363379 -0.062559 0.065491 0.346119 -0.346511 -0.530855 0.417608 0.035698 -0.648393 -0.255647 0.540712 -0.506051 -0.342201 -0.765261 0.193398 -0.723428 0.025733
VERTEX_POSE A582 -0.960179 0.303831 -0.173064 0.889284 0.291965 -0.034992 -0.284661 0.536695 -0.456034 0.486239 -0.307467 -0.367527 0.131378 -0.379705 0.609272 -0.252232 -0.642832 -0.533404 -0.775666 -0.244977
VERTEX_POSE A583 0.255739 0.634828 0.591926 -0.792261 0.154547 0.652028 0.053136 -0.194196 0.733226 -0.101507 -0.016108 -0.014011 -0.356771 0.608080 -0.177125 0.189427 -0.664975 0.075294 0.907582 0.387395
VERTEX_POSE A584 -0.102812 0.376990 -0.168838 -0.018666 0.831087 -0.032550 0.581724 -0.404048 -0.104867 0.483022 0.543534 -0.268162 -0.490853 -0.441979 -0.748545 0.317380 -0.302273 -0.596417 -0.294314 0.504580
VERTEX_POSE A585 0.816749 -0.034671 -0.561146 -0.497005 -0.317936 -0.040101 0.195919 0.075055 -0.214575 0.688260 0.054004 -0.403991 -0.228375 -0.858878 0.857958 -0.101356 -0.273910 -0.230323 -0.652292 0.422790
VERTEX_POSE A586 -0.076677 -0.351323 0.759387 0.889110 0.826164 0.744868 0.354410 -0.304952 0.142415 -0.673510 -0.127189 0.514373 -0.186068 -0.213836 0.390258 -0.309045 0.811082 -0.089488 -0.539117 -0.432722
VERTEX_POSE A587 0.107883 -0.130187 0.738536 0.501659 0.032559 0.355372 0.317773 0.873842 -0.149124 -0.161740 0.106048 -0.439987 0.364394 0.134510 0.673570 0.502837 -0.436328 0.451870 -0.698020 0.129143
VERTEX_POSE A588 0.327591 0.620981 0.441500 -0.530652 -0.814428 -0.424112 -0.567603 0.649098 0.626976 -0.562887 0.015546 -0.588378 0.038078 -0.087629 0.112893 -0.149825 0.238337 -0.260953 -0.580592 -0.716900
VERTEX_POSE A589 0.641273 0.954586 0.506072 -0.722525 -0.683158 -0.492066 -0.416427 -0.083281 0.711971 -0.030607 -0.585442 0.218296 0.072849 0.291303 -0.008549 0.799129 0.279942 -0.450824 0.426307 -0.697924
VERTEX_POSE A590 0.831611 0.121908 -0.830859 -0.952294 -0.857920 -0.353645 0.104960 -0.527588 0.716439 -0.003113 -0.677458 -0.172279 -0.959703 -0.145150 0.444617 -0.078504 0.446761 -0.366451 0.248556 -0.205032
VERTEX_POSE A591 0.658707 0.386575 -0.132615 -0.515037 0.996550 -0.282627 -0.735727 -0.063589 0.678502 -0.306444 0.592707 -0.308761 -0.491553 0.266211 0.354717 -0.345867 -0.741855 0.488467 -0.059576 -0.153093
VERTEX_POSE A592 0.698344 -0.804004 -0.992606 -0.148264 -0.689025 0.323402 0.425924 -0.652665 0.134034 -0.385192 0.437103 0.363680 -0.572137 -0.190526 0.468898 -0.400374 -0.305259 -0.724788 -0.427289 -0.503474
VERTEX_POSE A593 0.324694 0.732145 0.125290 0.205901 -0.368240 0.397974 0.216998 0.018134 0.332781 0.674502 -0.434010 0.640847 0.111467 0.611025 -0.512168 0.538820 0.613355 -0.240567 0.441823 -0.248497
VERTEX_POSE A594 0.329806 -0.690203 0.721849 -0.910337 -0.030082 0.370647 -0.486013 -0.220635 0.519833 -0.052182 0.847749 0.421394 0.440613 -0.302612 -0.464779 -0.544925 0.183435 -0.445873 0.519602 0.327749
VERTEX_POSE A595 0.759219 0.548297 -0.623943 -0.995470 0.845232 -0.661259 0.153968 -0.557390 -0.029295 -0.359042 0.551203 -0.286169 -0.160337 0.277013 0.076388 0.905804 0.345678 -0.688586 0.034536 0.435043
VERTEX_POSE A596 -0.254907 -0.646843 0.786404 -0.952776 -0.889949 0.583720 -0.238413 0.388790 -0.662319 -0.410880 0.180061 0.213245 -0.241189 0.641533 0.335394 0.336382 -0.317475 0.250284 -0.776538 -0.551421
VERTEX_POSE A597 -0.724639 -0.460318 -0.643857 -0.582851 0.585766 0.758366 -0.315982 -0.568468 -0.041368 0.458672 -0.362913 0.226796 -0.330005 0.432381 0.273325 -0.229315 0.496129 -0.545002 -0.726833 -0.334726
VERTEX_POSE A598 -0.852857 -0.709006 0.740598 -0.416615 -0.256254 0.324720 0.293614 -0.567202 0.622721 0.097956 -0.115755 -0.579001 0.515356 -0.498936 -0.269141 -0.771488 -0.435350 0.314796 -0.208352 -0.475831
VERTEX_POSE A599 -0.687281 0.932089 0.927346 -0.404424 0.812770 -0.011723 0.481784 0.020215 -0.408352 -0.138276 -0.755949 0.173709 -0.508241 0.452629 0.762572 0.402692 -0.267086 -0.470553 0.572970 0.389775
VERTEX_POSE A600 -0.732163 0.414664 0.519339 0.051789 -0.183578 -0.716974 0.315771 -0.558272 0.190010 -0.002472 -0.522403 -0.465135 0.373606 0.625622 -0.154828 -0.009295 -0.138878 -0.457736 -0.872133 0.068834
VERTEX_POSE A601 0.623767 -0.884919 0.737299 0.809967 -0.788486 -0.752274 -0.032799 -0.424880 0.571581 -0.353273 -0.140476 -0.003820 -0.642354 -0.507433 -0.254638 -0.149857 0.577160 0.206212 0.662606 -0.457319
VERTEX_POSE A602 -0.666322 -0.162046 0.137416 0.261390 0.654852 0.430201 0.319169 -0.641135 0.408260 -0.640864 -0.237398 -0.492633 0.444032 -0.309531 -0.448922 -0.384308 -0.643249 -0.451699 -0.377580 0.151686
VERTEX_POSE A603 0.606490 -0.007564 0.826285 0.605074 0.014749 0.692744 0.224702 0.111397 -0.056088 0.517633 -0.307463 0.313524 0.591888 0.380853 0.493692 -0.165355 -0.768777 0.418248 -0.551264 0.396220
VERTEX_POSE A604 -0.377954 0.132379 -0.506503 -0.982691 -0.441472 -0.253746 0.048255 0.550124 0.353964 -0.347109 0.487323 0.207907 0.873605 0.367815 0.125238 0.322416 -0.568020 0.866840 -0.100247 -0.044110
VERTEX_POSE A605 0.398240 0.839791 -0.317947 -0.136650 -0.340034 0.757658 -0.260189 -0.206758 -0.293047 0.651453 -0.458986 0.468964 0.429901 -0.303021 -0.345316 -0.551790 -0.529049 0.030110 -0.136471 -0.612265
VERTEX_POSE A606 -0.725694 -0.124919 -0.815993 0.333213 0.300656 0.744223 -0.280735 0.293506 0.291211 0.739286 -0.482819 -0.056870 -0.337796 -0.061541 -0.449683 0.367695 0.637520 -0.394816 -0.354031 -0.520116
VERTEX_POSE A607 -0.788373 0.683884 -0.887258 0.655569 -0.436813 -0.064073 -0.689008 0.596564 -0.203228 -0.107819 0.442061 0.142649 0.583616 0.539832 -0.938129 0.242924 0.043365 -0.232720 -0.337673 -0.394200
VERTEX_POSE A608 -0.953397 0.854155 -0.930022 0.633608 0.253308 0.033070 0.485265 -0.831402 0.478566 -0.062211 -0.095973 -0.497065 -0.560297 -0.179617 -0.708294 0.471116 0.125320 0.145349 0.474093 0.501590
VERTEX_POSE A609 -0.422086 0.804227 0.211031 -0.046149 0.766254 0.826314 0.072960 -0.347287 0.037442 0.571975 0.705407 0.107110 0.089346 0.160334 -0.550999 0.204243 -0.460353 -0.027053 -0.786017 0.379684
VERTEX_POSE A610 0.984040 -0.363651 -0.237960 -0.770141 0.069100 -0.180510 -0.681641 -0.620426 -0.669398 0.313894 -0.156269 -0.492118 0.387055 -0.118761 -0.458460 -0.505919 0.725812 0.258760 0.176267 0.223033
VERTEX_POSE A611 0.430167 -0.170973 0.525500 0.629951 -0.263366 0.134108 -0.370577 0.027116 0.110710 -0.295357 0.868771 -0.354677 -0.816464 -0.150636 0.488144 -0.323789 -0.461752 -0.778253 0.063127 -0.092716
VERTEX_POSE A612 0.505273 0.594722 -0.467770 0.590473 -0.296305 0.520363 -0.514019 -0.340814 0.229378 -0.543274 0.773197 -0.592339 -0.502285 -0.139681 0.448064 0.378538 0.193080 -0.353527 0.212263 0.478770
VERTEX_POSE A613 -0.976139 0.940180 0.588977 -0.880858 -0.638934 0.470916 -0.429738 -0.480951 -0.589792 -0.164750 0.290092 -0.032528 -0.667879 -0.122414 0.249989 -0.479077 0.742768 -0.605666 -0.335568 -0.343283
VERTEX_POSE A614 -0.314094 -0.536145 0.117426 0.837690 0.891180 -0.708073 -0.659567 0.191298 0.412073 -0.164141 0.753816 -0.237508 0.318999 0.620832 -0.391238 0.615457 0.094847 0.345472 -0.239754 0.027169
VERTEX_POSE A615 -0.597539 -0.028288 0.363392 -0.428194 -0.465219 -0.516319 -0.432000 -0.220292 -0.413018 0.527978 0.701870 0.676461 0.045211 0.178286 -0.227360 -0.437777 0.329849 -0.231385 0.583886 -0.564149
VERTEX_POSE A616 0.840609 -0.094491 -0.972170 -0.377863 0.043130 0.091641 -0.683877 -0.193004 -0.358543 -0.309231 0.860712 -0.478326 -0.415198 -0.449312 0.567445 -0.508625 0.115118 -0.558802 -0.074831 -0.082406
VERTEX_POSE A617 0.609230 0.112531 -0.123187 0.726800 0.717344 0.825528 0.059464 -0.078863 0.276147 0.632821 -0.251636 0.198554 0.194480 0.939777 0.213060 0.136170 -0.216949 -0.396771 0.734600 0.014571
VERTEX_POSE A618 0.510345 0.841525 0.101928 -0.926535 0.567341 0.770798 -0.005209 -0.492364 0.256840 0.200888 0.371309 0.084619 0.546547 0.546953 -0.569052 0.290908 -0.470323 -0.094466 -0.759128 0.315192
VERTEX_POSE A619 0.168200 -0.473510 0.469331 0.091485 0.228702 -0.147145 -0.382040 -0.227093 0.570170 0.437914 0.466332 0.539525 -0.253167 0.114740 0.375213 0.387857 -0.841721 -0.470513 0.669141 0.096458
VERTEX_POSE A620 0.250502 0.067117 -0.617115 -0.995725 -0.965814 0.328250 0.077331 0.120072 0.780440 -0.491730 -0.168772 -0.031023 0.474547 -0.666337 -0.438934 -0.683791 -0.507684 0.299233 0.243839 -0.505323
VERTEX_POSE A621 0.341956 -0.036567 0.271068 -0.878829 0.709421 0.603982 -0.311839 0.692789 -0.152340 0.288222 0.416634 0.655566 0.677100 -0.301645 -0.375241 0.273778 0.158672 -0.203533 0.535038 0.479889
VERTEX_POSE A622 -0.173093 0.913065 -0.663285 0.576448 0.225252 -0.210428 0.511972 -0.746825 -0.741970 -0.257761 0.233087 -0.278496 -0.449534 -0.169666 -0.240098 -0.373575 -0.518664 0.519610 -0.574287 -0.300207
VERTEX_POSE A623 -0.051154 0.263114 -0.609721 -0.143989 -0.654839 0.451219 -0.189363 -0.859504 -0.681242 0.453273 -0.477675 0.293211 0.747128 0.089347 -0.493665 -0.322544 -0.087114 -0.051320 -0.310565 0.132317
VERTEX_POSE A624 -0.333350 -0.304422 -0.603641 0.327073 -0.658819 -0.594211 0.619202 0.117213 0.100617 -0.204958 0.067525 -0.411096 -0.522912 -0.661062 -0.629403 -0.043159 0.018147 -0.267660 -0.547066 0.737814
VERTEX_POSE A625 -0.843286 -0.777138 -0.941435 0.666111 -0.804830 0.227745 -0.579114 -0.063091 0.518179 0.457727 -0.558061 0.700303 -0.214878 -0.064691 0.156355 0.626156 0.468252 0.405896 -0.129877 0.679075
VERTEX_POSE A626 -0.291935 -0.188589 -0.233665 -0.139459 -0.809607 0.701087 0.088104 0.398140 -0.150791 -0.731865 0.254727 0.314311 -0.470340 0.335980 -0.129703 0.481111 0.697784 0.608379 0.062638 -0.420491
VERTEX_POSE A627 0.411743 0.048735 -0.817237 0.374297 -0.548768 -0.438859 -0.217151 -0.464016 -0.170246 -0.669240 0.306089 0.478469 0.405063 -0.233335 0.686222 -0.422885 0.251230 -0.280332 0.402562 0.757256
VERTEX_POSE A628 -0.567925 -0.237457 -0.585293 -0.916739 0.780936 0.161338 -0.709866 0.251115 0.389159 0.411192 -0.403515 0.326032 -0.526027 -0.333602 -0.663293 -0.220879 -0.686481 0.525615 -0.038994 -0.437689
VERTEX_POSE A629 -0.144791 0.102406 -0.493067 0.443926 -0.065862 0.806355 0.405495 0.248805 0.186658 0.094141 -0.547404 0.487104 -0.851499 -0.148585 -0.189111 -0.314488 0.636080 -0.204738 -0.052508 -0.460185
VERTEX_POSE A630 0.724461 -0.019175 -0.889891 0.969873 -0.735998 -0.580259 -0.723002 -0.041400 -0.429386 -0.113757 -0.034240 -0.266333 0.310701 -0.272497 -0.240569 0.174076 0.940782 0.591710 -0.580939 0.194392
VERTEX_POSE A631 -0.300088 -0.822792 0.934046 0.135050 -0.402642 0.497013 -0.649639 -0.283683 0.090721 0.489104 -0.761699 -0.266738 0.104578 -0.387398 0.512416 0.572176 0.405501 -0.641115 -0.020605 0.157573
VERTEX_POSE A632 -0.521024 0.217486 -0.755768 0.253893 0.145652 0.546496 0.255515 -0.706734 -0.470064 0.551284 0.008115 0.237938 0.659890 0.051185 -0.287962 -0.367509 -0.616523 0.583820 -0.245522 0.343132
VERTEX_POSE A633 -0.941860 0.818779 0.247525 0.231263 0.918854 0.192733 0.053937 0.336372 0.516570 -0.574394 -0.550480 0.690940 0.659654 -0.175808 -0.030821 -0.292685 -0.192667 -0.466543 0.382564 -0.718190
VERTEX_POSE A634 -0.693599 0.169644 0.760331 -0.259876 0.612107 0.382832 0.193929 0.358102 -0.605039 0.296418 -0.573923 0.024629 0.604460 0.201815 -0.633042 -0.412319 0.594800 0.293288 -0.582365 -0.384523
VERTEX_POSE A635 0.101022 -0.650134 -0.262270 0.271202 0.704180 -0.779154 -0.249188 0.213714 0.438410 -0.205201 -0.467463 0.366096 0.281633 0.723380 -0.019489 0.474255 0.173276 0.257506 -0.769131 0.427202
VERTEX_POSE A636 0.456379 0.658570 0.929578 -0.905387 -0.421180 0.043969 -0.327490 0.670667 -0.445130 0.270426 0.032604 -0.234694 0.326959 -0.509863 -0.805622 -0.518525 -0.038958 -0.309545 0.666221 0.536344
VERTEX_POSE A637 -0.419292 -0.955275 0.944338 -0.926663 -0.087237 -0.396965 0.362211 -0.429034 -0.358637 -0.565769 -0.108060 -0.631487 0.294252 0.713462 -0.483568 -0.520000 -0.202209 0.284928 -0.437864 0.504318
VERTEX_POSE A638 0.312649 -0.966250 -0.149528 -0.073229 -0.732633 0.690436 -0.437488 0.025643 0.619694 0.400876 -0.531972 -0.191720 -0.393495 -0.495178 0.283199 -0.386320 0.548888 -0.149398 -0.586362 -0.412152
VERTEX_POSE A639 0.502982 0.512726 0.999556 0.728221 0.832128 -0.223788 -0.609065 -0.721243 0.855696 -0.472628 0.090111 0.266870 0.503777 -0.394832 0.358892 0.387572 -0.479537 0.132967 -0.040725 0.292986
VERTEX_POSE A640 0.158622 0.848952 0.155369 0.027188 -0.320984 0.630683 -0.675786 -0.378998 -0.544102 -0.236932 -0.422445 -0.435020 -0.695437 0.482928 0.119796 -0.059250 0.396323 0.320311 0.005809 0.536292
VERTEX_POSE A641 0.296689 -0.329901 0.612512 0.156630 0.336467 -0.765682 0.460510 -0.187163 0.113342 0.536247 0.836182 0.012124 0.086121 -0.078870 -0.000518 -0.531374 0.345610 0.633038 0.458906 -0.374302
VERTEX_POSE A642 -0.066851 -0.658247 0.525056 0.358172 -0.431239 0.046491 -0.141870 -0.611589 0.087201 -0.401840 0.648535 0.214231 -0.872953 -0.181217 -0.298612 -0.042377 0.391737 -0.924755 -0.233570 -0.138069
VERTEX_POSE A643 -0.336105 0.443674 0.687599 -0.382339 0.382711 0.460427 -0.361037 0.314503 0.385644 -0.407478 -0.666722 -0.374603 -0.563962 -0.344509 -0.214807 0.523614 -0.546079 0.672916 0.333751 -0.199198
VERTEX_POSE A644 0.320550 -0.389722 0.201489 0.275773 0.697533 -0.001613 0.480082 -0.269865 0.661974 -0.220757 0.252264 0.480053 -0.098167 -0.835003 0.183219 0.840087 0.088093 -0.545681 -0.073513 -0.398178
VERTEX_POSE A645 0.619055 -0.194393 -0.357517 0.195861 -0.540058 -0.839005 0.498141 0.180441 -0.147074 -0.589635 0.688970 -0.247013 -0.339212 -0.635339 -0.082061 -0.048368 -0.248165 -0.454632 -0.535520 -0.165891
VERTEX_POSE A646 0.066356 -0.584614 0.050991 0.189467 0.917493 0.259586 -0.485976 -0.766586 0.176667 -0.539130 0.052464 -0.129721 -0.635523 0.512833 -0.788139 -0.004943 -0.375108 0.513239 0.263158 -0.076739
VERTEX_POSE A647 0.161159 0.515787 0.229319 0.897910 -0.259337 0.339337 0.612914 0.531298 -0.894230 0.010069 0.296384 -0.015754 0.068342 -0.700673 -0.121162 -0.079890 0.143934 0.265093 -0.783059 0.343831
VERTEX_POSE A648 0.228285 0.918139 0.519296 -0.077339 -0.822714 -0.821192 -0.315012 -0.353697 0.212299 -0.367480 -0.514855 -0.041903 0.636774 -0.057121 0.287259 -0.598823 0.395687 -0.443056 -0.040695 0.670814
VERTEX_POSE A649 -0.423299 -0.743089 -0.847082 0.262933 0.484834 0.140456 0.435105 -0.753119 0.307052 -0.557214 0.058829 -0.123694 0.173574 -0.269103 0.857547 0.393973 0.287997 0.367837 -0.561118 -0.523442
VERTEX_POSE A650 -0.670640 -0.957723 -0.301350 -0.010605 0.969365 0.028926 0.293948 -0.290573 -0.297460 -0.341194 0.756339 0.224712 0.455599 0.022687 -0.794851 -0.181424 -0.484787 -0.477909 0.746121 0.328611
VERTEX_POSE A651 -0.521213 -0.014744 0.902181 -0.073064 -0.788528 0.221098 0.690061 -0.349215 0.023432 0.259640 0.632097 0.314450 -0.449503 -0.551632 0.432391 0.436455 -0.171777 -0.815307 0.252700 -0.380390
VERTEX_POSE A652 0.918657 0.220344 0.423986 0.384104 0.194255 -0.598344 0.306339 0.376141 0.231969 -0.529042 -0.399269 -0.709651 -0.429540 -0.283295 -0.056866 -0.652614 0.585247 0.285197 -0.125940 0.525673
VERTEX_POSE A653 0.156267 0.955342 0.035365 -0.434157 0.194617 0.126444 -0.256951 0.844059 -0.109218 -0.953314 -0.170074 -0.087285 -0.123974 -0.424919 -0.730494 0.027397 0.273551 -0.656387 0.095122 -0.057035
VERTEX_POSE A654 0.427633 -0.751630 -0.707541 0.782947 -0.443367 -0.638574 -0.521310 0.150365 -0.162304 0.697146 0.469068 0.713767 -0.393260 0.434249 -0.208235 -0.295867 0.276808 0.114262 -0.005771 -0.701549
VERTEX_POSE A655 -0.414693 0.915922 0.820345 -0.288824 0.535436 0.489290 -0.642972 0.401308 -0.387740 -0.129669 0.315334 -0.286993 0.470810 0.674120 -0.008084 0.208027 -0.509814 0.726514 0.552119 0.158645
VERTEX_POSE A656 0.312981 -0.821797 0.093930 -0.768045 0.389787 -0.316136 0.300038 -0.818117 0.773295 0.630487 -0.061574 -0.363730 0.470485 -0.026157 -0.363918 0.454305 0.379252 -0.193228 0.291057 0.427056
VERTEX_POSE A657 -0.864301 0.059781 0.058795 -0.356512 -0.252975 -0.421503 -0.162289 0.547257 0.125386 0.935105 0.306473 0.733284 -0.205434 0.485266 0.469130 0.036533 -0.507462 0.220966 -0.236014 0.337021
VERTEX_POSE A658 0.997050 -0.035342 -0.996892 -0.914527 0.986668 -0.423267 0.167725 -0.219169 0.557015 0.031785 -0.430669 -0.451193 0.184885 0.506378 -0.527780 -0.519917 -0.577247 -0.168679 0.816310 -0.420543
VERTEX_POSE A659 0.745056 -0.059253 0.508637 -0.684784 0.170723 -0.222123 -0.367371 -0.691440 -0.187447 -0.470208 -0.250372 0.243019 -0.564999 0.028760 -0.490375 -0.463783 0.660597 -0.784856 0.331096 -0.148352
VERTEX_POSE A660 -0.009092 -0.837813 0.565728 -0.912586 0.681164 -0.101738 0.155718 0.506694 0.519302 -0.083624 0.274712 0.700794 0.588807 -0.243776 0.207644 -0.569729 -0.614113 -0.430982 0.545411 -0.480867
VERTEX_POSE A661 0.721512 0.945483 -0.886782 -0.944654 -0.749330 0.111013 -0.045864 0.411882 0.501411 0.504509 -0.560912 -0.244205 -0.133425 0.229612 0.339629 0.570171 0.675360 0.749186 -0.632827 0.083055
VERTEX_POSE A662 -0.555032 0.117954 0.442683 0.450266 0.768080 0.720153 0.460227 -0.259520 0.406815 -0.290274 -0.348375 -0.121808 -0.122047 0.352855 -0.279070 -0.406942 -0.755670 -0.472403 0.723488 -0.340206
VERTEX_POSE A663 0.469883 0.379673 0.809960 0.341307 -0.173184 0.408344 -0.218145 0.633913 0.416987 0.636891 0.320693 -0.008693 0.420733 -0.501188 -0.683113 0.486996 0.450035 -0.438929 -0.364144 0.203932
VERTEX_POSE A664 0.779651 0.764262 0.360743 0.286609 -0.830476 0.387238 -0.616572 0.582630 -0.576307 -0.076633 -0.169977 0.686617 0.117224 -0.514347 0.077282 0.717884 0.600112 0.201250 0.291318 -0.083448
VERTEX_POSE A665 -0.248631 -0.712402 0.203014 -0.809610 0.380187 -0.201112 0.472737 -0.690409 0.725107 -0.298269 0.024492 0.172955 0.698445 0.580361 0.047358 0.352820 0.119085 0.633733 0.274314 -0.414409
VERTEX_POSE A666 -0.429095 0.729539 -0.452310 -0.387491 -0.469004 0.340881 0.528226 0.731864 0.520881 -0.359434 -0.086216 0.465899 -0.604588 0.312707 0.282198 0.316581 -0.052356 0.561948 0.355013 -0.597005
VERTEX_POSE A667 0.236030 0.422832 0.290321 0.381222 -0.251656 0.721354 0.122126 0.069126 -0.529258 0.089690 -0.078811 -0.203001 0.743301 -0.440576 -0.300996 0.176062 0.845633 0.260242 0.627334 0.282503
VERTEX_POSE A668 0.332077 -0.667678 0.147352 -0.736273 -0.707050 0.387138 -0.040742 -0.311085 -0.496253 0.303310 0.370843 -0.583128 -0.680790 0.094494 -0.408920 0.060432 -0.869838 -0.310811 0.662734 -0.012460
VERTEX_POSE A669 0.883554 0.763289 0.398161 0.539280 -0.201637 -0.340997 0.406971 -0.233948 -0.483645 0.372593 0.440946 0.704494 0.034357 0.419445 0.361869 0.557655 -0.625520 0.150159 0.619184 0.428515
VERTEX_POSE A670 -0.260987 -0.064442 0.289877 0.109443 -0.419529 0.112636 -0.921913 0.284307 0.035284 0.168988 -0.249004 0.014779 0.121732 0.448890 -0.398204 -0.324607 -0.729181 -0.909551 0.036480 0.352079
VERTEX_POSE A671 -0.509301 -0.818726 -0.697279 0.290915 -0.028034 -0.677878 0.611531 -0.060640 -0.544549 -0.155641 -0.335434 0.474787 0.556535 -0.526704 0.063060 0.005916 -0.578950 -0.120615 -0.540407 -0.520775
VERTEX_POSE A672 0.180243 -0.566613 0.010673 -0.304090 -0.865169 0.669710 0.116960 -0.244475 -0.080438 -0.812771 -0.186303 -0.292373 -0.401016 -0.143853 -0.543760 0.386005 -0.680024 -0.404798 0.126134 0.649921
VERTEX_POSE A673 0.672162 0.277311 -0.185066 -0.532385 0.149233 -0.161459 -0.137066 -0.201706 -0.012499 0.831663 -0.338674 0.975525 0.040415 0.099787 -0.095561 0.536578 0.467354 -0.113992 -0.001005 0.785008
VERTEX_POSE A674 0.154594 0.624948 0.990320 0.908576 -0.645323 -0.206286 0.615558 0.425433 -0.444832 -0.643858 0.204119 -0.784914 0.268023 -0.535351 -0.202491 0.216690 0.585634 -0.320121 -0.296215 0.384414
VERTEX_POSE A675 -0.499207 0.043665 -0.787838 0.971683 0.832364 -0.139606 -0.467655 -0.336826 0.320692 0.165152 -0.895206 -0.744178 0.223594 -0.280683 -0.555587 -0.263374 -0.066066 -0.123245 0.796657 0.044794
VERTEX_POSE A676 0.291217 -0.917082 0.457416 0.663476 0.609174 -0.070854 -0.582125 -0.346433 -0.409778 0.191550 -0.208778 -0.425584 -0.389509 -0.512487 0.495630 0.427788 -0.754040 -0.632686 0.538256 -0.071946
VERTEX_POSE A677 -0.779050 -0.959667 0.041310 0.098043 -0.727830 -0.169268 0.784175 0.249518 -0.237669 0.306970 -0.778362 0.542810 -0.284379 -0.237291 -0.761967 -0.434583 -0.115475 -0.199063 -0.145276 0.512104
VERTEX_POSE A678 0.661952 -0.440548 0.441481 0.869592 -0.426973 0.491551 0.664563 -0.558356 -0.457570 0.551576 0.233060 -0.477280 -0.143614 -0.503863 -0.526728 0.386402 -0.022267 0.209210 0.290151 0.616074
VERTEX_POSE A679 -0.480498 -0.998944 -0.023288 -0.413863 0.786460 -0.337062 -0.531319 -0.538183 0.525817 -0.673941 -0.021720 0.411240 -0.261589 0.204359 -0.456050 -0.208016 -0.262122 -0.482500 -0.389621 0.774220
VERTEX_POSE A680 -0.202349 -0.702756 0.194228 -0.639024 0.757004 -0.225715 -0.166976 -0.502362 0.297149 0.253181 -0.410864 0.300781 0.627790 -0.459847 -0.666642 0.670294 0.251646 -0.570855 -0.254175 -0.551397
VERTEX_POSE A681 0.991312 -0.398271 -0.859870 -0.141012 -0.457608 -0.361828 -0.170836 0.759108 -0.576720 0.498677 0.000521 0.098186 0.047310 0.577171 -0.449565 -0.810405 -0.196678 -0.569847 0.251281 -0.227916
VERTEX_POSE A682 -0.001710 -0.013688 -0.121107 0.513073 0.997932 0.596462 -0.035764 0.374250 -0.464320 -0.435062 -0.073429 0.228440 0.674480 -0.485514 -0.011420 0.248534 0.753898 -0.613453 0.541063 0.224630
VERTEX_POSE A683 -0.283691 0.517588 -0.381785 0.745080 -0.048741 0.628799 0.564083 0.477383 0.316905 -0.543674 -0.150345 0.033604 0.502106 -0.682015 0.124542 -0.280587 0.360304 0.698242 -0.235349 -0.393113
VERTEX_POSE A684 0.147579 -0.442930 0.175496 0.424831 0.737009 -0.187832 -0.453079 0.808301 -0.338645 -0.402051 -0.075481 0.284922 0.639192 0.541110 0.071715 0.075484 -0.218988 0.873908 -0.467771 -0.013967
VERTEX_POSE A685 -0.574077 0.234682 0.171352 0.296020 -0.445436 0.539100 -0.069862 -0.629579 0.410396 0.396986 -0.318634 -0.516941 -0.515521 -0.617932 -0.352186 0.426255 -0.051226 0.386889 -0.624553 0.342984
VERTEX_POSE A686 0.301616 0.433510 -0.561440 -0.543744 -0.513305 -0.217594 0.594847 -0.693035 0.253874 0.524938 0.619755 0.103189 -0.567417 -0.133917 0.512430 -0.146069 -0.287131 -0.784199 -0.165224 0.187690
VERTEX_POSE A687 -0.539441 -0.264727 -0.730575 0.656786 0.126796 0.253065 -0.562021 -0.539387 -0.453207 0.112785 0.257575 0.133889 -0.739917 0.502417 0.820836 0.322124 0.350722 -0.197137 -0.142025 0.516999
VERTEX_POSE A688 -0.438378 -0.705537 -0.769854 0.939508 0.301590 0.038209 0.310264 0.745716 -0.697471 0.419427 -0.438883 0.348744 -0.461972 -0.380074 0.485800 0.473908 -0.281393 -0.393002 -0.538340 0.166287
VERTEX_POSE A689 0.298666 -0.601832 -0.558332 -0.458271 -0.526637 0.105648 -0.505870 -0.643025 0.658254 -0.033491 0.371315 0.465581 0.611818 -0.128594 -0.565445 0.465425 0.046193 -0.138008 -0.389912 0.655724
VERTEX_POSE A690 -0.794385 0.676020 0.778062 0.972002 -0.702482 0.617620 -0.130461 -0.382017 -0.169257 -0.295292 -0.525939 0.439135 0.468521 -0.466842 -0.203415 0.822250 0.026156 -0.596389 0.013231 -0.599021
VERTEX_POSE A691 0.552530 -0.543350 0.795874 -0.973079 -0.017247 0.405723 0.438771 0.513036 0.095527 -0.051188 -0.555084 0.356837 -0.587920 0.508052 -0.610951 -0.493647 0.230655 -0.570675 0.464243 0.342573
VERTEX_POSE A692 0.020178 -0.656349 -0.445115 -0.402925 -0.275966 0.415901 0.077089 0.069521 0.834721 -0.004706 -0.421762 0.209400 -0.730273 0.429082 -0.235926 -0.024679 -0.671653 0.175378 0.678327 0.426678
VERTEX_POSE A693 -0.349417 -0.206026 0.220745 0.422268 -0.934402 -0.499945 0.170982 -0.316057 0.215774 -0.032675 -0.519092 0.533833 -0.244480 0.505463 -0.528528 -0.794569 0.185560 -0.373064 0.527814 0.583718
VERTEX_POSE A694 0.022413 0.836323 0.605834 0.368228 0.809569 -0.217738 0.821278 0.451666 0.750781 0.314541 0.010327 0.209170 -0.246229 0.058643 -0.398670 0.305852 -0.736969 0.431542 0.269059 -0.499329
VERTEX_POSE A695 -0.200171 -0.892088 0.915628 0.883685 -0.106442 -0.527954 0.446808 0.634040 -0.371995 -0.104363 -0.436599 -0.141625 0.073570 0.268480 0.073286 -0.810128 0.531596 -0.746629 -0.357423 -0.229560
VERTEX_POSE A696 0.401952 0.081572 -0.576241 0.612658 0.445786 -0.373331 -0.545827 0.486766 0.418486 -0.147608 -0.580280 0.237659 0.680899 0.520117 -0.550476 0.456233 -0.341643 0.570953 -0.092265 0.197718
VERTEX_POSE A697 0.593318 0.565862 -0.846476 0.980737 -0.659435 0.032410 0.610054 0.262506 0.299204 0.124483 0.324627 -0.867560 -0.077137 0.472574 0.225366 0.408077 0.525760 -0.325540 0.663221 -0.570928
VERTEX_POSE A698 -0.964141 0.530745 0.205950 0.264907 0.641901 0.102804 -0.415600 0.353896 -0.425725 0.620745 0.235267 0.301884 -0.258400 0.661469 -0.518735 0.045903 0.569989 -0.669305 -0.610799 -0.238700
VERTEX_POSE A699 -0.265972 0.413895 0.571111 0.876385 0.738736 0.119200 0.794292 0.523313 0.578706 0.236392 -0.642813 0.686618 -0.489352 0.458460 0.422241 0.255049 -0.037890 0.034034 -0.093295 0.318298
VERTEX_POSE A700 0.476872 0.329150 0.551685 0.520017 0.138928 0.393207 0.070119 -0.778427 -0.384482 -0.642758 0.087986 -0.408527 0.360218 0.156235 -0.005455 -0.647928 -0.238092 -0.728449 0.179939 -0.552461
VERTEX_POSE A701 -0.225128 -0.533697 -0.504173 -0.625650 -0.777628 -0.743086 -0.412215 0.495591 0.194231 0.037927 0.531665 0.358659 -0.150275 0.488132 0.530517 -0.484580 0.172553 -0.003576 0.755804 0.451302
VERTEX_POSE A702 0.224727 0.595169 0.873832 0.167300 -0.289298 -0.629746 -0.636683 -0.219033 0.288026 -0.013451 0.255585 -0.034496 0.557222 -0.651457 -0.093005 -0.026449 -0.550446 -0.714577 0.532220 0.399141
VERTEX_POSE A703 -0.342885 0.762537 -0.437642 -0.784073 0.273759 -0.346169 0.092606 -0.905519 0.736344 -0.539017 -0.372149 -0.212588 0.091903 -0.113473 0.399094 0.561816 -0.004302 0.365370 0.613842 -0.169251
VERTEX_POSE A704 -0.552967 0.743613 0.310760 -0.158036 0.371605 0.515188 0.193328 0.558467 -0.016833 -0.715344 0.177335 -0.810031 0.111983 0.555210 -0.148983 -0.516733 -0.315745 -0.236542 0.413949 -0.498712
VERTEX_POSE A705 -0.620679 0.220117 0.864152 0.075876 0.065379 -0.154565 -0.655265 0.371054 0.237292 -0.184358 -0.820709 0.585029 0.306555 0.029967 -0.703771 0.066831 -0.400664 0.286790 -0.661965 -0.165303
VERTEX_POSE A706 0.157908 -0.193798 -0.225481 -0.812391 0.106122 -0.261548 -0.470014 0.640157 0.533698 -0.273063 0.000376 -0.461494 -0.645586 -0.169500 -0.584685 0.215935 -0.459257 -0.303192 0.491034 0.592074
VERTEX_POSE A707 0.738251 0.826531 -0.231824 -0.494560 -0.019220 -0.122552 0.735898 0.496119 -0.720885 0.060131 -0.559087 -0.540954 -0.404539 0.423129 -0.318745 -0.162711 0.487295 0.266601 -0.514502 0.157461
VERTEX_POSE A708 -0.399729 0.260450 -0.094538 -0.826080 0.337549 -0.257750 -0.287024 -0.675474 0.393351 -0.515580 0.245794 -0.635293 -0.622683 0.090622 -0.591951 0.350639 0.489412 0.157598 -0.375650 0.485369
VERTEX_POSE A709 -0.180140 0.365654 -0.784000 -0.942799 0.679149 -0.013118 0.489191 0.670825 -0.242837 0.561063 0.071482 -0.698790 -0.529228 0.464965 -0.477831 0.079641 -0.537766 -0.473527 0.399344 -0.198743
VERTEX_POSE A710 -0.742247 0.827587 0.744888 0.091577 -0.232760 0.139950 0.327920 0.191447 -0.157206 -0.609195 -0.269551 0.671380 -0.234174 -0.601592 0.258933 0.643709 -0.344240 0.661742 -0.228366 0.640528
VERTEX_POSE A711 0.397922 0.557694 -0.900310 -0.465105 0.094553 0.217567 0.455715 0.673488 -0.586920 0.536620 -0.460908 -0.066176 -0.575632 0.022557 0.548582 0.407519 -0.223223 -0.550334 0.083305 0.532579
VERTEX_POSE A712 -0.188828 0.967383 -0.643869 -0.083811 -0.778458 0.191150 0.434510 0.749776 -0.700048 -0.023774 0.193682 -0.145039 0.672637 0.080854 -0.108082 -0.590196 0.618386 -0.663835 0.099318 -0.106699
VERTEX_POSE A713 0.256043 -0.186100 -0.376219 -0.395350 -0.234828 -0.572247 -0.513875 0.280218 0.446098 -0.370748 0.364354 -0.047272 -0.069798 -0.840700 0.233794 0.636026 0.242159 0.645473 -0.434831 -0.152663
VERTEX_POSE A714 -0.885770 0.075282 -0.282095 -0.720025 -0.954188 -0.257882 -0.651696 -0.466284 0.301786 0.291207 0.176631 0.578942 -0.350909 -0.352236 -0.438801 -0.428153 0.596672 -0.560984 0.428998 -0.520858
VERTEX_POSE A715 0.958751 -0.475547 0.531626 -0.658980 0.958551 -0.711826 0.016069 -0.066930 0.272393 -0.417601 -0.807412 0.047402 -0.862323 0.410383 -0.258777 -0.217494 0.221370 -0.591517 -0.185596 -0.355227
VERTEX_POSE A716 0.681966 -0.951418 0.795133 0.900670 0.319736 0.385779 -0.895991 0.206967 0.135223 -0.117921 -0.494686 -0.574994 -0.323477 -0.233894 0.698782 0.222389 -0.335879 0.118219 0.170881 0.738193
VERTEX_POSE A717 0.415846 -0.491208 0.156465 -0.263769 -0.467494 0.438812 -0.420826 -0.113405 -0.649208 -0.070169 -0.638836 0.266071 0.868548 -0.117142 -0.542594 0.207577 0.456530 0.144118 0.143242 -0.597399
VERTEX_POSE A718 -0.580690 0.259727 0.801052 0.997807 0.085346 0.302241 -0.487420 0.468663 -0.513729 0.029827 -0.516992 -0.377647 0.643639 0.550697 -0.680613 -0.511130 0.370725 -0.197185 -0.293270 -0.269017
VERTEX_POSE A719 -0.756413 -0.656955 -0.974721 0.840177 -0.378674 0.441705 -0.683094 0.083065 0.740549 0.126858 -0.545729 0.288080 0.565103 0.424036 0.040910 -0.418911 0.466547 -0.414513 -0.149873 -0.545716
VERTEX_POSE A720 -0.285488 -0.093040 0.598133 0.277960 0.005870 0.872497 0.263024 -0.405998 0.084691 -0.311502 -0.159264 -0.417282 0.722009 -0.474578 0.216113 0.204752 0.513392 -0.103670 -0.520159 -0.566573
VERTEX_POSE A721 -0.375075 -0.064253 0.579114 0.969809 0.382864 -0.483406 -0.451047 0.724348 -0.734113 -0.010501 -0.468359 0.256590 -0.872807 -0.401119 0.351350 -0.094293 0.308287 -0.195221 -0.160512 -0.004774
VERTEX_POSE A722 0.796117 -0.200305 0.821153 0.867099 0.604079 0.475959 0.445392 -0.079783 -0.662712 0.163301 0.618502 -0.411586 0.484401 -0.481327 0.232845 0.705485 0.379619 -0.332650 0.206413 -0.485081
VERTEX_POSE A723 0.734690 0.250611 -0.846982 0.875036 0.729903 0.565716 -0.475746 0.400001 0.420675 -0.372822 -0.507486 0.565191 0.607951 -0.429157 0.414892 0.305308 0.602309 0.106873 -0.414552 -0.188428
VERTEX_POSE A724 0.275507 0.729721 -0.200141 0.392076 0.448463 -0.037666 -0.262790 0.520552 -0.169314 0.511020 0.506527 0.684799 0.447288 0.348554 0.035742 0.586527 -0.570476 0.706885 -0.354571 -0.159759
VERTEX_POSE A725 -0.181470 -0.363982 0.426987 0.235327 0.413648 0.366949 0.208881 0.514186 0.641378 -0.639852 0.272546 -0.243095 0.209221 0.626208 -0.080029 -0.433640 -0.349160 -0.623284 -0.561374 0.383774
VERTEX_POSE A726 -0.465481 0.358523 -0.931354 0.758720 -0.376539 0.470061 -0.204134 -0.035175 0.357631 0.498169 0.369811 -0.562990 0.546350 -0.425469 -0.505978 -0.094796 0.804250 -0.279593 -0.634565 -0.184828
VERTEX_POSE A727 -0.322541 -0.188707 0.223618 0.004734 -0.105752 -0.017336 0.034623 0.595029 -0.595900 0.371225 -0.486467 -0.563309 -0.810111 0.112728 0.289044 -0.041909 0.244049 -0.493700 0.450508 0.580536
VERTEX_POSE A728 -0.588152 -0.798120 0.580511 0.216063 0.754213 0.343654 -0.435170 -0.598150 -0.318381 0.512692 0.156557 0.831776 0.511112 0.137769 -0.144399 -0.149175 0.306406 -0.260447 0.514087 -0.710522
VERTEX_POSE A729 -0.429622 -0.110732 0.274596 0.023627 -0.734638 0.273345 0.244146 -0.930383 -0.442865 0.650689 0.035798 0.224689 0.039803 0.078703 0.794983 0.424599 0.343381 0.216031 -0.578902 -0.094876
VERTEX_POSE A730 0.411487 -0.774812 -0.205271 -0.118881 -0.367016 -0.428511 -0.264915 0.201158 0.027870 0.120293 0.645077 -0.227847 0.923793 -0.201612 0.836107 0.037137 -0.181715 0.254191 0.246123 0.685378
VERTEX_POSE A731 0.888720 0.531030 0.132196 -0.263920 -0.106858 0.169652 0.424323 0.782513 0.675984 -0.036253 -0.443800 0.112057 -0.103127 0.054837 0.621216 -0.475640 0.376633 0.340289 0.762737 -0.214137
VERTEX_POSE A732 0.345249 0.355570 0.770422 0.397977 -0.512265 0.290400 0.112011 0.564837 -0.553513 0.528495 0.330757 0.509392 0.081982 -0.433356 0.289593 -0.474884 0.606911 -0.515701 -0.689863 -0.124182
VERTEX_POSE A733 -0.363786 0.820357 -0.331438 -0.951581 0.343686 -0.583458 -0.187986 0.536683 0.498399 -0.148580 0.500407 -0.527392 -0.209904 -0.456338 -0.079573 0.925657 -0.025042 -0.355952 0.204168 0.502686
VERTEX_POSE A734 -0.454165 0.293568 0.694554 -0.047994 -0.833100 0.748792 0.541683 -0.105429 -0.301738 0.703481 0.450517 0.168010 -0.401240 0.586921 -0.563341 0.218556 -0.262548 0.051823 -0.054163 -0.610337
VERTEX_POSE A735 0.792283 0.099183 0.081183 -0.760059 0.859340 0.569513 -0.607582 -0.181186 -0.260558 -0.109459 -0.864987 -0.503344 -0.464502 -0.108669 -0.165171 -0.633840 0.413683 0.571951 -0.036701 -0.189809
VERTEX_POSE A736 0.015535 0.040474 -0.467286 0.124295 -0.590935 -0.262939 -0.476581 -0.423268 0.389612 -0.258553 0.772549 0.570586 -0.145853 -0.243764 0.622530 -0.233316 -0.374010 0.256815 0.793921 -0.157186
VERTEX_POSE A737 0.703743 -0.900230 -0.530927 0.139615 0.273023 0.611352 0.265528 -0.103292 -0.261304 0.417447 0.745281 0.539699 0.419558 -0.115789 0.155962 -0.673284 0.007494 -0.492311 0.354814 -0.648401
VERTEX_POSE A738 0.530533 -0.074286 0.849359 -0.254618 -0.159881 0.717938 -0.103654 0.283241 0.306245 -0.677694 0.295415 0.310755 0.125521 -0.264688 -0.146508 0.418209 0.857538 0.522251 0.582522 -0.164537
VERTEX_POSE A739 0.615805 -0.699076 0.438176 0.298214 0.746614 0.345397 0.846679 -0.078185 -0.393961 0.033594 0.360818 0.007322 -0.307480 0.383455 0.652613 -0.065449 0.678949 0.547301 -0.427993 -0.505656
VERTEX_POSE A740 -0.476396 0.465425 -0.314927 0.196817 -0.047828 -0.615690 -0.164023 0.377401 -0.042020 0.474619 -0.400558 0.661966 0.270454 0.614172 0.401577 -0.396169 -0.537374 0.140343 -0.719540 0.176475
VERTEX_POSE A741 0.788286 -0.246698 0.594248 0.836959 0.607359 0.141212 0.616303 -0.573752 -0.223056 0.383865 0.475006 -0.338888 -0.288285 -0.664627 -0.709843 -0.293607 0.058436 -0.558197 0.550912 -0.005768
VERTEX_POSE A742 0.013727 0.858618 0.537866 0.833110 -0.158833 -0.175162 -0.295618 0.677687 0.314556 0.510247 -0.038944 0.567158 -0.487079 0.359590 0.662143 0.363384 0.195522 -0.332072 0.531943 0.609664
VERTEX_POSE A743 0.334775 0.432808 0.041204 -0.886994 0.173714 -0.023230 -0.126856 -0.510981 0.157688 0.354328 -0.780673 -0.521866 -0.407868 -0.345446 0.594234 -0.770061 -0.099093 -0.590878 -0.314656 0.017194
VERTEX_POSE A744 0.044329 0.567201 -0.781971 -0.558391 -0.627469 -0.593081 0.065684 0.676219 -0.079371 -0.740622 0.360840 -0.600093 0.339757 -0.235779 -0.388650 0.059504 -0.227495 0.361654 0.572878 0.552428
VERTEX_POSE A745 0.127957 -0.066100 -0.744229 -0.886915 -0.113021 -0.444966 -0.067885 -0.560563 -0.491392 -0.138569 -0.442771 -0.651134 0.437145 0.576029 -0.037174 0.674163 -0.283284 0.367672 0.574977 -0.278683
VERTEX_POSE A746 0.293526 0.957261 -0.427170 -0.545974 0.132264 0.775159 0.617375 0.101961 -0.488375 0.715218 -0.436057 0.348776 -0.253038 -0.559249 -0.193658 0.205917 0.577976 -0.038359 0.029689 -0.390693
VERTEX_POSE A747 -0.273705 0.615783 -0.986838 -0.657721 0.692267 0.579140 -0.071317 -0.342319 -0.499602 -0.344485 0.462225 0.488588 -0.570199 0.197516 0.169787 -0.455437 0.364465 0.383991 0.586254 0.705208
VERTEX_POSE A748 -0.456197 0.442692 0.412236 -0.150684 0.419485 -0.197343 -0.036131 0.411610 0.591538 0.166859 0.623086 -0.055306 -0.961604 0.130499 -0.582761 0.197398 -0.093191 -0.518140 0.084881 0.645466
VERTEX_POSE A749 0.712836 0.216987 -0.626118 -0.548167 -0.782390 0.657159 -0.401055 0.320190 0.295909 0.840605 -0.087468 0.113118 -0.002741 0.639107 -0.601866 0.153142 0.607558 -0.324872 -0.330270 -0.335026
VERTEX_POSE A750 -0.030118 0.958828 -0.961559 -0.817544 -0.686407 -0.444206 -0.253253 0.597570 -0.319583 -0.284356 -0.771194 -0.516788 -0.324468 -0.096620 0.658295 -0.552288 -0.050262 -0.011224 0.666860 -0.190545
VERTEX_POSE A751 0.258315 -0.650348 0.010369 -0.872724 -0.574645 0.629955 -0.684535 0.119314 0.095251 0.250815 0.603748 0.562527 0.149641 0.167054 -0.497869 -0.492853 0.615665 -0.172549 -0.450784 -0.462927
VERTEX_POSE A752 -0.662239 -0.847266 0.952996 -0.578359 0.600475 -0.664978 0.040197 -0.620595 0.250904 -0.028379 0.306793 -0.582147 -0.088163 0.473211 0.116536 -0.962702 -0.209433 0.377326 0.251021 -0.502940
VERTEX_POSE A753 -0.234001 -0.241476 0.859594 -0.950445 0.917672 0.482957 0.756388 0.165372 -0.615752 0.546494 0.045045 0.479446 0.027701 -0.681437 0.116463 0.296265 0.041978 -0.379696 0.201696 -0.710285
VERTEX_POSE A754 -0.006995 0.600263 0.163386 -0.997688 -0.844742 0.528698 -0.554434 0.486777 -0.398811 -0.584713 0.155224 0.595302 0.297574 0.280201 -0.289482 0.505283 0.632363 0.351063 0.082782 -0.510449
VERTEX_POSE A755 0.613268 0.882455 -0.247145 0.813718 0.048938 0.751686 -0.119379 -0.574978 0.435193 -0.492724 0.416367 0.045520 0.658142 -0.219005 0.423157 0.493097 0.242420 0.253852 0.258217 0.623946
VERTEX_POSE A756 0.584529 0.394542 0.286582 0.284882 0.331320 -0.255150 0.408071 0.675916 -0.224430 -0.334000 0.581605 0.558315 -0.245893 0.446768 -0.607421 -0.643609 -0.066487 -0.451503 0.497219 -0.029162
VERTEX_POSE A757 0.527524 -0.041214 0.232032 0.761032 -0.221281 -0.594856 0.411195 0.142497 -0.132702 -0.074415 0.554680 -0.523916 -0.611109 -0.542342 -0.594966 0.134801 0.219072 -0.007958 0.658602 -0.574367
VERTEX_POSE A758 -0.709273 -0.306252 0.976473 -0.181548 0.943186 -0.168144 -0.382809 0.486109 -0.154809 -0.081193 0.040127 0.558462 -0.325581 -0.653111 -0.718539 0.250358 -0.561474 -0.345809 -0.823519 -0.142406
VERTEX_POSE A759 0.996377 0.596422 -0.132907 -0.499055 0.085534 -0.676587 -0.361311 -0.408877 -0.311743 -0.279134 -0.261028 -0.257000 0.712154 -0.139000 -0.360620 0.526742 -0.095366 -0.498949 -0.083177 0.858061
VERTEX_POSE A760 -0.902098 0.848054 -0.493372 -0.215340 0.044081 0.696095 -0.366308 0.374868 0.316013 0.508391 0.378044 -0.453462 -0.500107 0.687899 -0.455803 0.341136 0.196813 0.046941 0.490791 0.452345
VERTEX_POSE A761 0.702215 -0.081063 -0.228798 0.699570 -0.423830 0.023586 -0.367442 0.655591 0.491447 0.132934 -0.104710 0.778492 -0.319694 -0.281889 0.075592 -0.599276 0.346784 0.382308 0.621271 0.599597
VERTEX_POSE A762 0.885096 0.127452 0.999289 0.237024 0.978675 -0.413507 -0.698375 0.148052 0.293293 -0.316552 0.746072 0.389669 -0.158199 -0.462356 -0.179871 0.621395 0.435291 -0.747527 0.030131 -0.134932
VERTEX_POSE A763 0.443151 0.203624 -0.722950 -0.817363 0.531815 -0.212046 -0.650507 0.293855 -0.468482 0.076536 0.699780 0.556757 -0.556303 0.288891 0.352779 -0.164557 -0.201725 -0.548753 -0.484181 -0.547546
VERTEX_POSE A764 -0.661571 -0.260706 0.439764 0.747989 0.919856 0.580703 0.715817 0.189303 -0.512017 0.053371 0.793157 0.376101 -0.508762 0.184177 -0.486757 0.289161 -0.519942 -0.149121 0.377232 0.175517
VERTEX_POSE A765 -0.569069 -0.578981 0.693842 -0.810969 -0.854425 0.180249 0.722330 0.251361 0.284332 0.138538 0.592409 0.390557 -0.476096 -0.185425 -0.768910 -0.229647 0.467490 -0.378032 0.423840 -0.577010
VERTEX_POSE A766 0.235434 -0.697193 0.358233 -0.577422 0.391155 0.475797 -0.389172 0.257630 -0.209300 -0.866506 -0.250393 0.788247 -0.105378 -0.193147 0.232130 0.093286 0.597202 0.233651 0.279118 -0.690634
VERTEX_POSE A767 0.353963 0.779767 0.972477 -0.127716 -0.671079 0.319150 -0.637614 0.352457 -0.478101 0.115167 0.593279 0.183293 -0.423782 0.405572 -0.612594 -0.021646 0.282561 0.510583 0.632554 0.528644
VERTEX_POSE A768 -0.865325 -0.479210 -0.837084 0.328646 0.418598 -0.441647 0.199319 0.417537 -0.371573 -0.864912 0.050440 0.449086 -0.341102 -0.482337 0.116443 0.262147 -0.348305 -0.672045 0.164707 -0.684947
VERTEX_POSE A769 -0.234033 0.228522 0.207592 0.167959 -0.768725 -0.133895 0.560362 0.766966 0.683585 -0.168786 0.278165 0.191138 0.400452 -0.515760 0.309978 0.686664 -0.226102 0.618194 -0.160117 0.131370
VERTEX_POSE A770 -0.030232 -0.919309 0.410653 -0.829502 -0.924465 0.083991 -0.122077 -0.560848 -0.688394 0.622543 -0.180531 -0.516039 -0.552775 -0.480853 -0.471572 -0.131942 0.588057 0.174305 0.523994 -0.275369
VERTEX_POSE A771 -0.341722 0.986214 -0.152011 -0.474537 -0.629230 -0.076424 -0.313874 -0.157903 0.282691 0.253847 0.495757 -0.893467 -0.125670 0.412393 0.059450 0.552438 0.499726 -0.335301 0.718376 -0.556326
VERTEX_POSE A772 -0.445746 0.981823 -0.198161 0.004918 0.838634 -0.725589 0.089912 0.144104 -0.268064 0.180568 -0.545683 0.414500 0.598817 0.471037 -0.111795 -0.637093 0.566460 -0.466212 0.441410 0.372439
VERTEX_POSE A773 0.983495 0.939309 -0.051481 -0.996392 -0.083298 0.561090 -0.478341 0.110084 -0.204254 0.514215 0.224398 0.616124 0.316982 -0.620117 -0.230556 0.322288 -0.509303 0.459015 0.549933 0.541842
VERTEX_POSE A774 0.993054 0.419022 0.889193 -0.361531 0.544484 -0.218408 0.575010 0.053651 -0.557819 -0.548488 0.077435 0.376533 0.137205 -0.710862 0.202811 0.376886 0.635562 0.676924 -0.455692 0.286112
VERTEX_POSE A775 0.598583 0.549025 0.019868 0.446528 -0.788835 -0.458093 0.196217 -0.126571 0.528430 -0.137400 -0.741774 -0.552671 -0.768107 -0.277939 -0.449228 0.554712 -0.334963 -0.060514 0.211957 -0.494268
VERTEX_POSE A776 0.111452 -0.126791 0.204290 -0.883307 0.803681 0.713659 0.360350 0.476685 0.394588 -0.659009 -0.428128 -0.247982 -0.507020 0.564539 -0.500207 0.122121 0.208012 0.152604 -0.404811 0.476974
VERTEX_POSE A777 0.286580 0.376282 -0.537977 0.092495 -0.323252 0.475756 -0.070118 0.603500 -0.197189 0.140803 0.723192 0.413673 0.690488 0.049413 0.654001 0.053580 -0.313739 0.368686 -0.703998 0.109120
VERTEX_POSE A778 -0.675123 0.164808 0.033030 0.788807 0.903432 -0.685121 0.422474 0.383645 -0.683340 -0.473339 -0.529649 -0.249948 0.211813 0.307463 -0.001151 -0.517306 0.265076 -0.034358 -0.533850 0.638349
VERTEX_POSE A779 0.655255 -0.684099 -0.383474 -0.033991 0.223167 -0.540117 0.494803 -0.528539 0.000595 -0.554479 -0.325705 0.390164 -0.372177 -0.390154 0.545522 0.440823 0.316787 0.508381 0.338944 -0.601654
VERTEX_POSE A780 -0.000584 -0.406730 -0.164095 0.544328 -0.105641 -0.497831 -0.071753 0.245941 0.392427 -0.829741 -0.293258 0.327728 -0.041996 0.357972 -0.395006 -0.526576 0.592213 -0.578559 -0.165332 -0.612089
VERTEX_POSE A781 0.294760 0.123636 0.071471 0.971263 -0.782975 -0.307303 0.370488 0.562335 -0.416402 0.472621 -0.334272 -0.608753 -0.080927 0.442258 0.595197 0.525138 0.448579 -0.085640 0.597536 -0.418600
VERTEX_POSE A782 -0.086429 -0.334447 0.626895 0.093285 0.648521 0.207040 -0.612066 0.148004 -0.762269 -0.425447 0.084001 0.336582 -0.497702 0.494086 0.500113 -0.153777 -0.431358 -0.112610 -0.415951 -0.735423
VERTEX_POSE A783 0.337176 -0.253997 -0.211099 0.965969 -0.505166 -0.588974 0.589718 -0.033999 -0.672049 -0.062525 0.354061 0.297331 0.684492 -0.266770 0.226232 -0.015955 0.701533 -0.248743 -0.423721 -0.556928
VERTEX_POSE A784 -0.939241 0.882160 -0.068935 -0.979182 -0.865303 0.470578 -0.211667 -0.002843 0.537855 0.537596 0.315492 0.543894 -0.026623 -0.763579 0.366377 0.062410 0.493317 -0.243341 0.813378 -0.272106
VERTEX_POSE A785 0.906576 -0.734184 -0.209719 0.095597 0.803779 0.100680 0.260652 -0.728467 -0.247252 0.675596 -0.251948 -0.841793 0.155964 0.299600 0.145344 0.502052 0.140049 -0.446083 -0.446374 -0.544504
VERTEX_POSE A786 -0.049555 -0.371541 0.541756 0.779687 0.543771 0.390594 0.151281 0.586217 -0.223238 0.199979 0.040412 0.210055 0.689391 0.369348 0.720845 0.212199 -0.637353 -0.483591 0.645626 -0.334783
VERTEX_POSE A787 0.645288 0.276701 -0.782353 0.305699 0.466017 -0.205911 -0.122326 -0.629150 0.076971 0.726054 0.192884 -0.187822 0.667957 -0.396550 -0.045334 0.095499 0.608018 0.956213 0.050943 -0.200073
VERTEX_POSE A788 0.434100 0.224602 -0.977686 -0.143370 -0.417502 -0.706944 -0.164955 0.301765 -0.161640 -0.860885 -0.358822 0.343144 -0.443058 0.724133 0.376514 -0.165394 -0.471765 0.463241 -0.089503 0.182358
VERTEX_POSE A789 0.241172 0.322207 0.518229 -0.401861 0.486957 0.678412 0.491872 -0.048838 0.485426 -0.124029 -0.488628 -0.200279 0.461580 -0.614745 -0.219111 -0.425718 -0.616660 0.464755 -0.590244 0.026009
VERTEX_POSE A790 0.641664 -0.126877 0.084740 0.806644 -0.448449 0.191150 0.630682 0.492074 -0.401554 -0.262967 -0.199480 0.638123 -0.642364 0.159181 -0.401980 -0.043232 -0.263104 -0.483143 -0.344367 0.789625
VERTEX_POSE A791 0.532002 0.072656 -0.471058 0.641289 0.626579 0.265535 -0.841464 0.309792 -0.053605 -0.214244 -0.415288 0.068048 0.152913 -0.559589 -0.799058 -0.409015 -0.299047 -0.532441 0.235292 0.573582
VERTEX_POSE A792 -0.056614 -0.758856 -0.710569 -0.702291 -0.936873 0.113292 0.381395 0.276423 0.597090 -0.563154 0.037452 -0.394632 0.019768 -0.765197 -0.670585 -0.560459 0.441059 0.158839 -0.472113 -0.377000
VERTEX_POSE A793 0.526761 -0.999425 0.084028 0.043669 -0.469774 -0.557683 -0.826530 0.036821 -0.428211 0.327224 0.743887 -0.514622 0.277626 -0.502879 -0.489945 0.363995 -0.185974 0.027275 0.014292 -0.397245
VERTEX_POSE A794 -0.024847 -0.723721 -0.194008 0.823926 0.158395 0.386879 0.383271 -0.464164 -0.699596 -0.102060 -0.127739 0.398626 0.378327 0.395549 -0.376194 0.612667 0.545644 -0.245898 0.569381 -0.560400
VERTEX_POSE A795 0.281815 -0.019562 0.729195 -0.954302 0.982983 0.050527 -0.573674 0.061205 0.139697 0.238524 -0.384176 0.274882 0.014201 -0.852153 0.751376 -0.486183 0.126686 0.581210 0.614352 0.326264
VERTEX_POSE A796 0.957692 -0.578406 -0.222129 0.232699 -0.324199 -0.017635 0.354321 -0.507081 -0.646267 -0.415578 0.194482 -0.091808 -0.257895 0.474713 -0.183210 -0.589685 -0.691078 0.734870 -0.536202 0.045879
VERTEX_POSE A797 -0.789413 -0.420913 -0.835775 -0.753496 -0.450450 0.097559 -0.531583 -0.115741 -0.398806 0.240255 0.656129 0.630386 0.394777 -0.286531 0.547920 -0.512545 0.572827 -0.365833 -0.491066 -0.381927
VERTEX_POSE A798 -0.364222 -0.239795 0.701672 -0.082018 -0.688096 0.531033 0.011699 0.742067 -0.350606 -0.339171 0.347908 -0.718403 -0.047450 0.184412 0.280406 -0.515540 -0.510134 -0.018661 0.785362 -0.184534
VERTEX_POSE A799 -0.907633 -0.057616 -0.059214 -0.438655 -0.905600 -0.393100 -0.441983 0.376159 -0.083929 -0.561258 -0.681090 -0.477217 0.618002 -0.047500 0.471197 0.307821 -0.442368 -0.623431 0.113842 -0.443481
VERTEX_POSE A800 -0.023446 0.807608 0.371817 0.414463 -0.219175 -0.195720 -0.707300 0.076695 0.360634 -0.470773 -0.163756 -0.019906 0.300988 -0.831451 -0.756112 0.206913 0.239109 0.509445 0.380385 0.467780
VERTEX_POSE A801 0.605547 -0.159104 0.112325 0.088480 -0.612561 0.191935 0.368845 0.325332 -0.576144 -0.111615 0.515702 0.749158 -0.397385 0.433749 -0.011597 0.534446 0.583297 0.264285 0.638708 -0.315970
VERTEX_POSE A802 -0.249355 -0.071402 0.788775 0.086808 -0.534830 -0.428923 -0.012979 -0.066057 -0.491568 -0.314078 -0.436445 -0.694065 -0.124363 0.538328 0.082538 -0.682161 -0.437156 0.292997 -0.648365 0.569429
VERTEX_POSE A803 0.530807 0.789432 -0.826344 -0.580618 -0.380542 -0.695019 0.409448 -0.107521 0.335777 0.292179 0.820801 -0.324629 0.507201 0.275741 -0.487052 -0.446185 0.377424 0.248190 0.539119 -0.310231
VERTEX_POSE A804 0.589042 -0.219795 -0.939155 0.092088 0.304141 0.166795 0.672778 -0.389611 -0.077887 0.112182 -0.446014 -0.602392 -0.080820 -0.623810 -0.341910 -0.542196 -0.028121 0.697377 -0.484021 -0.509260
VERTEX_POSE A805 -0.256301 -0.652381 0.677968 0.725277 -0.990346 0.291998 -0.868097 -0.373190 -0.268296 -0.198737 0.527245 0.608304 -0.144371 0.657734 -0.549040 -0.272425 -0.019096 -0.413855 -0.334444 0.386992
VERTEX_POSE A806 0.129390 0.338456 0.193524 0.865909 -0.169377 -0.583241 0.411840 0.003167 -0.331261 -0.266967 0.561457 0.695093 0.288036 0.507404 -0.220780 0.577247 0.467608 0.134900 0.585609 -0.456772
VERTEX_POSE A807 -0.299506 0.653414 0.265135 0.208781 0.107823 -0.509686 -0.694679 0.242339 -0.122351 0.319962 0.339672 0.714474 -0.141443 0.617435 0.057948 0.365667 -0.371844 0.459804 -0.511202 -0.553535
VERTEX_POSE A808 -0.969722 0.723902 -0.860008 -0.182228 -0.313598 0.319169 0.257887 -0.669113 -0.095189 -0.847126 -0.463754 -0.154596 0.437105 -0.353680 -0.495062 -0.046654 0.310021 0.787455 -0.150445 0.340614
VERTEX_POSE A809 0.454267 -0.496736 -0.773446 0.654716 -0.265945 0.289082 0.465620 -0.453857 -0.810245 -0.092455 -0.274757 -0.046695 0.481282 -0.567520 -0.088246 -0.564442 -0.535952 -0.499966 0.473733 0.330451
VERTEX_POSE A810 -0.644251 0.969315 0.881661 -0.825210 -0.669011 -0.636762 -0.430155 0.005766 -0.383997 -0.501453 -0.259620 0.466308 -0.662737 0.261842 0.458700 -0.277421 -0.670235 0.138681 -0.217552 0.644040
VERTEX_POSE A811 0.029694 -0.682829 -0.024103 -0.637900 0.580761 0.398718 0.644691 -0.357283 0.389303 0.013099 0.433838 0.672111 -0.252620 -0.474767 -0.472212 0.356841 -0.503140 0.121453 0.626937 0.453410
VERTEX_POSE A812 -0.250973 0.626900 0.298024 0.625979 -0.048920 -0.055135 -0.686580 0.264262 -0.055497 0.358799 0.685887 0.272429 -0.611853 0.149931 -0.683708 -0.137278 -0.472362 0.672463 0.081620 -0.462730
VERTEX_POSE A813 0.269320 -0.365132 0.508556 0.268076 0.979511 0.631287 -0.441079 -0.203131 0.285278 -0.578912 0.137795 -0.094872 0.207650 -0.540325 -0.710815 -0.635268 0.033425 -0.076379 -0.153708 -0.804166
VERTEX_POSE A814 -0.633130 0.063175 0.764798 -0.671930 -0.924405 0.063484 0.380873 0.544344 0.263288 0.180621 0.690835 -0.702631 0.230481 -0.018495 -0.657993 -0.134048 0.347557 -0.002314 -0.866730 0.324499
VERTEX_POSE A815 -0.190214 0.509060 -0.770911 0.646797 0.085776 0.305543 0.004522 -0.391823 0.298918 0.754542 -0.335067 -0.438472 0.106978 0.425020 0.410875 0.399475 0.726753 0.675437 -0.509530 0.159351
VERTEX_POSE A816 0.175896 -0.099316 -0.701162 -0.636327 0.783290 -0.258070 0.519645 0.694421 0.403414 -0.244895 -0.071696 -0.868606 -0.153112 -0.326802 -0.107589 -0.572243 0.624505 0.067870 0.564880 -0.125830
VERTEX_POSE A817 0.317315 0.691633 0.306554 -0.892243 0.619366 -0.014535 -0.725719 -0.589045 0.532556 0.451311 -0.583814 0.536045 -0.333753 0.555667 -0.613179 0.237146 0.013972 0.229871 0.319407 0.056800
VERTEX_POSE A818 -0.544926 -0.214239 -0.553264 -0.047504 -0.448207 -0.641789 0.374081 0.416182 -0.192946 0.571475 -0.416883 0.668930 0.377881 0.557253 -0.181267 -0.622405 0.254318 0.265621 -0.057423 -0.527061
VERTEX_POSE A819 -0.390004 -0.874714 -0.678848 0.220303 -0.634211 -0.305919 -0.510685 0.387583 -0.149434 0.596611 0.342477 0.545588 0.369643 -0.277469 -0.756202 0.291165 -0.523292 -0.120727 0.402297 0.617791
VERTEX_POSE A820 -0.441513 0.013840 -0.175217 -0.294104 0.106323 -0.000113 -0.366264 0.675915 0.250763 -0.437149 -0.504181 -0.566290 0.303469 0.280598 -0.376582 -0.763271 0.070807 -0.688927 0.008713 -0.452981
VERTEX_POSE A821 -0.903262 0.658884 0.531476 -0.240860 0.103344 0.298401 0.388971 0.409668 -0.732461 0.586713 0.219275 0.199956 -0.149075 0.852638 0.035558 -0.322682 0.055873 -0.577245 -0.614917 0.232332
VERTEX_POSE A822 -0.858002 0.197941 -0.149907 -0.138408 0.992368 -0.467929 0.050457 -0.546728 0.498102 -0.113916 -0.317505 0.582243 -0.290830 -0.464152 0.168311 -0.486099 0.594177 0.406941 0.814618 0.178313
VERTEX_POSE A823 0.501873 0.254984 0.114214 0.003605 0.169451 0.284508 -0.377952 -0.180103 0.490767 -0.620332 0.207575 0.007701 0.473045 0.295997 0.592760 0.393023 -0.679708 -0.571646 -0.306760 -0.612257
VERTEX_POSE A824 0.623499 0.659459 -0.384496 0.802809 0.633570 -0.642701 0.371324 -0.507144 -0.211888 0.397339 -0.159653 0.301278 0.375020 -0.224774 -0.505486 0.214542 0.782391 -0.442443 -0.719425 -0.233785
VERTEX_POSE A825 0.117151 0.474221 0.656085 -0.314482 0.150763 0.907038 0.259788 0.153150 -0.217452 0.127909 -0.182177 -0.327603 0.435310 0.791069 0.124489 -0.771113 0.541491 0.084709 0.363372 0.156056
VERTEX_POSE A826 -0.216312 -0.764579 -0.156592 0.049303 0.152434 -0.552693 0.175893 0.312897 -0.185409 -0.249196 0.526429 0.012246 0.865021 -0.239335 0.533212 0.330861 0.729502 0.612934 -0.221884 -0.188451
VERTEX_POSE A827 0.581191 -0.918947 0.393375 0.035508 -0.690629 -0.655359 -0.234009 0.269536 0.519753 -0.693057 -0.307825 0.459381 0.593491 0.198635 0.202357 0.037523 0.301915 -0.219959 0.333574 -0.837846
VERTEX_POSE A828 0.327737 -0.946693 0.820310 -0.067978 0.700313 -0.428490 -0.267883 -0.362652 0.445585 0.177784 -0.030627 0.326149 0.378446 -0.822523 -0.500795 0.843325 0.161425 0.510570 0.205457 0.406133
VERTEX_POSE A829 0.419466 -0.004374 -0.454919 0.967285 0.464338 0.771420 -0.496001 -0.064845 -0.445655 -0.430494 -0.300068 -0.009299 0.283987 0.757941 0.127168 0.650836 -0.575514 -0.435941 -0.253815 0.007959
VERTEX_POSE A830 0.673557 0.023437 -0.665839 0.596854 -0.596229 0.060696 -0.701331 0.508606 0.261991 0.595071 0.081282 0.559009 -0.045079 0.250126 -0.433930 -0.248812 -0.516378 0.653368 -0.300141 -0.636792
VERTEX_POSE A831 -0.695709 0.860916 0.192127 -0.653515 -0.518862 0.055424 0.658172 0.236292 0.616355 -0.588060 0.191469 0.461635 0.102321 -0.633922 0.399406 0.380486 -0.356865 -0.494370 -0.256431 -0.615057
VERTEX_POSE A832 0.025013 0.836523 0.657406 0.055765 0.851777 0.111196 -0.662058 0.566330 0.095387 0.606853 0.583227 0.464395 -0.240019 0.300276 -0.857847 -0.079379 0.365781 -0.164232 -0.359860 -0.339346
VERTEX_POSE A833 -0.575797 0.952035 -0.877063 -0.316338 -0.131060 -0.069158 0.291213 -0.546128 0.361852 0.206724 -0.696204 0.570786 0.585641 0.461043 0.597897 -0.720902 -0.051575 -0.425445 -0.098922 0.042700
VERTEX_POSE A834 0.835099 0.650347 0.365783 -0.234133 0.100596 0.642655 0.490942 0.579473 0.038292 -0.733567 0.547126 0.108486 0.202967 -0.383729 0.687168 -0.418153 -0.440086 -0.318685 0.069331 0.154727
VERTEX_POSE A835 -0.385945 -0.383272 0.718251 -0.852147 0.155919 -0.382354 0.318075 -0.323783 0.689970 -0.029865 0.359406 0.496845 0.577637 -0.603405 0.360639 -0.449546 -0.246293 -0.028832 -0.601813 -0.584152
VERTEX_POSE A836 0.167901 -0.700346 0.800905 -0.591061 -0.121406 -0.564439 0.393682 -0.661751 -0.042259 0.370377 0.382186 0.769769 0.138903 -0.571473 0.284883 0.611205 0.297624 -0.076946 0.561223 0.029287
VERTEX_POSE A837 -0.035511 -0.011196 -0.440692 -0.368224 0.931219 0.216690 0.759389 -0.410890 -0.611422 0.298265 0.596160 -0.519257 -0.433254 -0.588471 -0.321626 0.288378 -0.351492 0.454023 -0.251983 0.076922
VERTEX_POSE A838 0.314549 -0.729858 -0.016614 0.356635 -0.736259 -0.298461 -0.673601 -0.072359 0.551431 0.202385 0.456690 0.409740 -0.591294 0.488900 0.510070 0.160742 -0.429625 0.422832 -0.360327 -0.602160
VERTEX_POSE A839 0.198180 -0.976444 0.940897 0.226712 0.564997 0.246275 0.893033 -0.336087 -0.813994 0.331987 0.212922 0.165951 -0.020343 -0.377087 0.418643 0.244541 0.829694 0.271955 -0.179057 -0.105464
VERTEX_POSE A840 -0.581244 0.492068 -0.214139 -0.713508 -0.334726 -0.825276 0.047106 -0.330004 0.224989 -0.313461 0.284867 -0.162645 0.659981 0.711012 0.163501 0.636317 -0.451706 -0.463803 -0.243002 0.316815
VERTEX_POSE A841 0.670298 -0.760543 -0.134953 0.531425 -0.405269 0.223274 0.661293 -0.235487 -0.611050 0.100018 0.452095 -0.366071 -0.586719 -0.349357 0.664682 -0.449632 0.335411 0.030940 -0.079241 -0.711059
VERTEX_POSE A842 -0.772126 -0.659273 -0.083206 0.588812 0.145758 -0.570759 0.001040 -0.233620 0.392128 0.507962 0.156945 -0.525877 0.660466 0.441295 -0.393248 0.040786 -0.573435 0.298797 0.551447 -0.630254
VERTEX_POSE A843 0.167783 0.118968 -0.916114 0.912471 0.616354 -0.126530 0.389879 -0.753297 0.523947 0.527862 -0.201144 -0.387041 0.350794 0.389231 -0.380241 -0.503468 -0.488933 0.644272 -0.439113 -0.039099
VERTEX_POSE A844 -0.060382 -0.125675 -0.626396 -0.200500 -0.425758 0.295090 0.702958 0.419856 0.815326 -0.009136 0.072879 0.431587 -0.091715 -0.564773 0.238924 -0.698852 0.418336 0.069378 0.094662 -0.569593
VERTEX_POSE A845 -0.405256 0.403901 -0.318408 0.916881 0.221353 0.001075 -0.466956 0.257596 0.373525 -0.098018 0.589340 0.692792 -0.187346 -0.659837 0.344118 -0.525365 0.264386 -0.511957 -0.679145 -0.284671
VERTEX_POSE A846 0.977569 -0.371972 -0.687025 0.559267 -0.297870 -0.477423 -0.549942 0.284076 -0.329528 0.569231 0.410431 -0.491783 -0.426083 -0.138754 -0.583665 0.393979 0.068464 -0.284541 0.191767 -0.852588
VERTEX_POSE A847 -0.884486 0.775009 -0.327559 0.163173 -0.642468 -0.577991 0.449750 -0.538420 -0.328075 0.624933 0.487731 -0.309280 -0.160904 0.103019 0.448362 0.332484 -0.609229 -0.511478 -0.520334 -0.300750
VERTEX_POSE A848 0.912058 0.095534 0.988146 -0.975362 -0.159282 -0.323879 -0.513515 0.198918 -0.627973 0.242046 -0.542371 -0.337770 0.546584 -0.024900 -0.539313 0.036897 0.733133 0.309525 0.614492 0.357996
VERTEX_POSE A849 -0.567358 0.413789 -0.240289 -0.488237 0.253923 -0.629789 0.680509 -0.318500 0.372193 0.591046 0.651641 0.552134 0.121571 -0.652510 -0.113267 -0.309613 0.128127 0.383610 0.277368 -0.178145
VERTEX_POSE A850 -0.274490 0.900294 -0.006407 -0.616524 -0.276679 -0.347799 0.378356 0.410225 -0.458607 0.059973 -0.700684 -0.450641 -0.704767 0.444478 -0.215664 -0.448483 -0.367777 -0.647400 0.394228 0.089093
VERTEX_POSE A851 -0.529455 -0.890626 -0.187072 -0.269466 0.947042 0.142695 0.171890 0.528918 -0.621886 -0.088456 0.363292 0.550512 -0.400452 0.607558 0.339540 0.829830 0.032643 0.417786 -0.337120 -0.466982
VERTEX_POSE A852 -0.470620 0.072674 -0.708813 0.270904 -0.642733 0.415983 0.322297 -0.431666 0.589623 -0.205762 0.303158 -0.397416 0.708575 0.423282 0.222360 -0.141515 0.736540 0.521459 0.575918 0.010085
VERTEX_POSE A853 -0.132492 0.098235 0.843686 0.245068 -0.284311 -0.353244 -0.431127 0.632449 -0.453383 -0.663281 -0.269179 0.521655 -0.525573 -0.199368 0.057856 -0.157763 -0.585331 -0.627846 0.270318 -0.381039
VERTEX_POSE A854 0.972418 0.364358 0.927142 0.734140 0.116492 -0.438150 0.392829 0.708072 0.305635 -0.575467 0.568236 -0.025500 0.450524 0.208547 -0.758827 -0.541009 -0.008912 0.371675 -0.137332 0.363553
VERTEX_POSE A855 -0.847121 -0.267867 -0.093309 0.073713 0.990837 -0.143133 -0.159931 -0.623944 -0.286124 0.644291 -0.157085 -0.177781 0.299300 0.696743 0.338377 0.685083 -0.299293 0.866915 -0.019784 0.104841
VERTEX_POSE A856 0.984659 -0.427544 0.499772 0.930586 0.866452 0.860117 -0.439792 -0.182347 -0.317947 -0.090188 -0.449326 0.223097 0.629461 -0.658201 -0.168988 -0.284076 -0.513601 -0.284218 -0.567035 -0.260463
VERTEX_POSE A857 -0.243894 0.599780 -0.229450 -0.216557 -0.731074 -0.060026 0.005651 -0.445159 -0.649671 0.234745 -0.613570 -0.267228 -0.577331 -0.093015 -0.675119 -0.237467 0.568506 0.217089 -0.745091 -0.305801
VERTEX_POSE A858 0.734069 -0.186814 -0.699934 -0.890779 -0.699792 0.532495 0.764065 -0.163731 0.226757 0.201878 0.362801 0.408782 -0.473371 -0.539140 -0.246699 0.007999 0.516122 -0.661111 0.388980 -0.533398
VERTEX_POSE A859 0.312396 -0.374237 0.320082 -0.137392 0.566765 -0.019374 0.679288 -0.092581 0.503099 -0.507238 -0.452981 -0.396986 -0.222970 0.526017 -0.102180 0.385348 -0.505588 0.760577 0.288215 0.503908
VERTEX_POSE A860 -0.824428 -0.404594 0.315631 -0.249272 0.733264 0.295182 -0.617841 -0.244608 0.624010 0.470354 0.447992 0.102232 -0.544415 0.759357 0.701000 -0.012631 -0.375547 -0.147061 0.317004 0.147689
VERTEX_POSE A861 0.407627 0.836623 -0.365772 0.706075 -0.296021 0.223843 0.575353 0.204050 0.370436 0.401477 -0.301063 -0.667124 0.185172 -0.677687 -0.392825 0.651690 0.373641 -0.461849 -0.220901 0.518515
VERTEX_POSE A862 0.616687 -0.513321 -0.487791 0.209094 -0.952098 -0.383999 0.648112 0.104581 0.020791 -0.371597 0.335973 0.742115 0.389735 0.541699 0.492180 -0.290362 -0.441782 -0.243179 -0.453500 0.622556
VERTEX_POSE A863 0.200585 -0.568072 -0.026963 0.806493 0.585041 0.268422 0.615191 0.349579 -0.880669 0.147318 0.328874 0.040980 0.129591 0.648351 0.088291 -0.760365 0.487742 0.378018 0.069918 0.333745
VERTEX_POSE A864 0.831829 0.788658 -0.242835 -0.610263 0.572919 -0.269069 -0.598118 0.014742 0.411871 0.448027 0.620752 0.320953 -0.378322 0.296065 0.306788 -0.540711 0.379729 0.748889 -0.077658 -0.618547
VERTEX_POSE A865 0.451786 -0.862974 0.877992 0.974960 0.148498 -0.262519 -0.270401 0.731684 0.405363 0.691117 0.440986 -0.136670 0.593052 -0.191556 -0.571116 0.209359 0.372520 0.649548 -0.231727 0.307742
VERTEX_POSE A866 0.814640 0.048656 -0.308713 0.954347 -0.259040 -0.402112 -0.517430 -0.419586 0.706063 -0.323913 -0.589686 -0.404816 0.055868 -0.279099 0.082501 -0.747728 0.595905 0.411215 0.255203 0.207892
VERTEX_POSE A867 -0.000269 -0.911688 -0.441930 -0.201323 -0.548486 0.249003 0.225972 0.422001 -0.693502 -0.125104 0.195628 -0.332743 0.677987 -0.610448 0.381367 -0.422216 -0.624204 0.448212 0.543464 0.146174
VERTEX_POSE A868 -0.583726 0.125830 -0.562700 -0.393264 0.079717 0.680726 -0.044870 -0.112755 0.009404 -0.530528 -0.827127 0.534388 -0.331584 0.359195 0.263505 -0.331896 0.191666 -0.426051 -0.704573 0.370661
VERTEX_POSE A869 0.129189 0.318798 0.674673 0.310982 0.004701 -0.463565 -0.533590 0.154037 0.324512 0.491736 -0.270845 -0.418526 0.343255 0.587708 -0.709729 0.390210 -0.549416 0.030325 0.450988 0.505626
VERTEX_POSE A870 -0.802090 -0.888132 -0.501034 -0.974612 -0.983489 0.125804 0.705233 0.446332 -0.361452 -0.388571 0.760928 0.817144 -0.407976 0.307218 -0.164922 0.236464 0.351022 -0.398249 -0.359581 -0.064629
VERTEX_POSE A871 -0.164970 -0.382102 0.223161 -0.106772 0.744991 0.523613 0.430769 -0.053151 0.757758 -0.168564 -0.321808 0.358383 -0.034894 0.487088 -0.046575 0.824706 0.280723 0.144998 -0.323522 0.759970
VERTEX_POSE A872 -0.200513 0.558255 -0.460280 -0.157594 0.599432 -0.005009 0.714619 -0.180401 -0.411434 0.337648 0.677369 0.672032 -0.273215 0.291775 -0.250465 -0.085894 -0.635976 0.562438 0.541562 -0.137942
VERTEX_POSE A873 -0.574216 -0.547405 0.415760 0.614200 0.162268 -0.659420 0.004875 -0.196343 0.318896 0.489929 0.302831 0.545581 0.323414 -0.408200 0.345890 -0.673424 -0.449426 0.214878 -0.449277 0.707906
VERTEX_POSE A874 -0.997187 0.736866 0.307047 -0.194301 0.361345 0.662281 0.596247 -0.090752 0.308151 -0.063279 -0.453764 0.475122 -0.085252 -0.023194 -0.488130 0.720132 -0.350203 -0.049145 -0.338567 -0.814053
VERTEX_POSE A875 0.739105 -0.567420 -0.086676 0.641907 -0.826326 -0.366197 -0.294371 0.797698 0.356829 -0.593149 -0.306567 -0.308906 0.542176 -0.059716 -0.800024 -0.310304 -0.490049 -0.055781 -0.413856 0.161187
VERTEX_POSE A876 0.020528 0.856496 -0.902648 0.531082 -0.616379 -0.256768 0.089452 -0.283425 -0.411561 -0.730280 -0.034339 0.431954 -0.506914 -0.630556 0.371157 0.348535 -0.473755 -0.663585 0.283286 -0.544469
VERTEX_POSE A877 0.980382 -0.635106 0.620022 -0.635034 -0.936525 -0.376474 -0.580016 -0.697909 0.036790 -0.741050 0.485866 -0.684781 0.107153 0.190336 0.620997 -0.208607 -0.207280 0.048497 0.243779 -0.444594
VERTEX_POSE A878 0.854619 -0.792411 0.585765 -0.194920 -0.468794 -0.627610 -0.731808 0.168512 0.417676 -0.376192 -0.669274 0.093060 -0.252932 -0.175871 0.459769 -0.497104 0.200595 -0.460005 0.108853 -0.672687
VERTEX_POSE A879 -0.067414 -0.047970 -0.914503 0.555720 0.224339 0.576836 -0.319737 0.680999 -0.582183 0.261563 0.491009 -0.284492 -0.159468 -0.210729 -0.457146 -0.805840 0.162016 0.195972 -0.393123 -0.473808
VERTEX_POSE A880 -0.586975 0.778683 -0.620266 -0.123271 0.317399 0.561618 0.346145 0.651713 0.169722 -0.821792 -0.021088 -0.134336 -0.165763 0.351641 0.618695 0.184284 -0.649428 0.504926 -0.378686 0.171512
VERTEX_POSE A881 -0.419871 -0.892117 -0.420642 0.188556 0.254527 -0.283500 -0.009259 -0.448517 -0.034744 0.585805 0.278026 0.270700 -0.375436 -0.621177 0.379913 -0.589563 0.547966 -0.837143 -0.410135 0.188166
VERTEX_POSE A882 0.403131 0.061405 -0.101575 -0.713746 0.171381 -0.321752 -0.442960 -0.644951 0.331913 0.545749 -0.494281 0.666878 -0.660760 -0.108606 -0.258425 0.064972 -0.533620 -0.524213 -0.255186 0.207796
VERTEX_POSE A883 -0.057595 -0.148643 -0.329079 -0.852367 0.674666 0.145673 -0.559968 0.250514 0.834051 0.266219 -0.334566 -0.366938 -0.352231 -0.631983 -0.353766 0.626691 -0.283902 -0.152787 0.314251 0.587627
VERTEX_POSE A884 0.447637 0.206118 -0.576956 -0.566376 0.970216 0.475011 0.538608 -0.364625 0.604226 -0.392312 0.598193 0.329297 0.435937 -0.001343 0.508380 -0.472392 -0.552373 -0.205888 -0.377885 -0.451771
VERTEX_POSE A885 0.375549 -0.574237 -0.174433 -0.979606 -0.712127 -0.285599 -0.556268 0.625709 -0.305648 0.492582 0.603423 -0.636710 -0.412800 -0.426399 0.634814 -0.473873 0.179696 0.128934 0.230150 -0.173960
VERTEX_POSE A886 0.095284 0.583490 0.577612 0.221346 0.665503 -0.395954 0.176035 -0.291330 0.009549 -0.301981 0.496562 0.421588 -0.767568 -0.424516 0.616515 0.517496 -0.400588 -0.534136 -0.144419 -0.572598
VERTEX_POSE A887 0.432296 0.778574 0.922816 -0.635789 0.836668 0.263616 -0.649982 0.128188 -0.498792 0.315269 0.526585 0.171720 -0.090595 -0.502920 0.807380 0.413343 0.403170 -0.019075 -0.546872 0.539260
VERTEX_POSE A888 -0.868345 -0.974457 0.596117 -0.196163 -0.443201 0.176766 0.156354 0.430445 -0.651045 -0.020762 -0.561935 0.050050 -0.987374 0.069684 -0.656481 -0.005725 0.376766 -0.333800 -0.013493 0.593412
VERTEX_POSE A889 -0.170646 -0.603323 0.877679 0.330567 0.965712 0.289066 0.093050 -0.645361 -0.639626 0.193845 -0.275196 0.661304 -0.097154 0.191401 0.070283 0.891417 0.392485 -0.255063 -0.386915 0.563114
VERTEX_POSE A890 -0.255308 -0.595663 0.242898 0.226819 0.403432 -0.288661 -0.530402 -0.787309 0.618454 0.436301 -0.462037 -0.419576 0.428868 -0.214967 -0.590828 0.468286 -0.002263 0.095227 0.353687 -0.347060
VERTEX_POSE A891 -0.692773 -0.379052 -0.088252 0.554565 -0.709937 -0.587149 0.488881 0.155348 -0.176371 -0.218510 0.917285 0.514135 0.179030 0.340940 -0.452002 0.318238 -0.072711 0.394347 0.761526 0.113706
VERTEX_POSE A892 -0.763019 -0.766700 -0.488094 0.036642 -0.330309 -0.121375 0.250413 0.082662 0.516444 -0.330207 0.713529 -0.464823 -0.285007 0.512095 -0.518161 0.515535 0.423933 0.483738 0.693723 0.205141
VERTEX_POSE A893 -0.638621 -0.108984 0.755106 -0.564088 0.451335 0.451020 -0.788211 -0.011946 -0.705443 -0.343870 0.102998 -0.235720 0.168726 -0.767954 -0.401865 -0.038070 0.516070 -0.286133 -0.480166 -0.364920
VERTEX_POSE A894 0.507812 0.052877 0.884785 0.361058 0.875105 -0.488960 0.623269 0.294375 -0.193883 0.450796 -0.460350 0.440873 0.297847 0.736965 0.590031 0.546468 -0.384639 -0.425232 0.144838 0.101768
VERTEX_POSE A895 -0.931190 -0.978042 0.269071 0.426379 -0.757390 0.321839 -0.297464 0.492204 -0.427177 -0.388160 0.418069 -0.566800 0.340598 -0.346903 0.613079 0.353114 -0.147373 0.129661 -0.721215 -0.663998
VERTEX_POSE A896 0.813165 0.028042 0.633099 -0.589127 -0.400167 -0.211187 0.203427 0.182373 0.404451 -0.204547 -0.754252 0.089115 -0.471765 -0.191100 -0.464687 0.591203 -0.590066 -0.753621 -0.587107 -0.114655
VERTEX_POSE A897 0.322452 -0.898467 -0.423928 0.315405 -0.383936 0.248237 -0.823739 0.508121 0.553332 0.225628 0.035628 -0.556987 -0.407588 -0.434632 -0.168648 0.260741 0.480302 -0.541780 0.190875 0.566523
VERTEX_POSE A898 0.068541 -0.889729 0.827140 -0.774944 -0.305876 -0.380507 0.304226 -0.024051 0.331946 0.161803 -0.769742 -0.319161 0.145846 -0.591734 -0.614538 0.485680 0.091046 -0.515272 -0.790006 -0.220183
VERTEX_POSE A899 -0.770561 -0.846128 -0.929602 0.017609 0.679550 0.587481 -0.423281 -0.669514 0.479032 0.590506 -0.073027 0.272666 0.298547 0.256917 0.075561 0.557632 -0.258939 0.587654 -0.268424 0.642933
VERTEX_POSE A900 -0.548359 0.420331 -0.749255 -0.373613 0.620766 -0.426024 -0.021704 -0.708638 0.830579 0.189051 -0.410711 0.010013 0.715230 0.408533 0.024148 0.433520 -0.383208 0.357713 -0.514097 0.124105
VERTEX_POSE A901 0.266451 -0.777861 -0.673893 -0.749555 -0.289366 -0.414023 0.069600 0.294329 -0.234660 0.523597 0.667126 0.623479 0.704333 -0.104877 0.416291 -0.385783 0.659211 0.459886 -0.275842 0.150847
VERTEX_POSE A902 0.064469 -0.228231 0.293560 0.910837 0.424542 0.005561 -0.615886 -0.600244 0.955472 0.184802 -0.176464 0.271479 -0.448134 0.359791 0.114504 -0.385218 0.671060 -0.015149 0.487151 0.169697
VERTEX_POSE A903 0.251128 -0.021413 -0.209535 0.468793 0.220198 -0.631166 0.553111 0.048386 0.292491 0.794753 -0.171476 -0.195315 0.088448 -0.258798 -0.382752 -0.216102 -0.813886 -0.575700 -0.088950 0.488742
VERTEX_POSE A904 0.692235 -0.325266 0.741867 0.864645 0.872903 0.755610 0.145432 -0.195995 0.526841 -0.430999 -0.302752 0.063643 -0.695452 0.611500 -0.367472 -0.508012 -0.692813 -0.111379 0.226627 -0.126511
VERTEX_POSE A905 0.067283 -0.491365 -0.399393 -0.283464 -0.214113 -0.009116 0.247724 0.830909 0.586977 -0.473039 -0.057684 -0.150012 -0.504209 -0.180060 -0.128608 -0.661500 0.513175 -0.785068 -0.151846 -0.102438
VERTEX_POSE A906 -0.009768 0.411167 0.703789 0.110700 0.393872 -0.547660 0.448817 -0.303121 0.062577 -0.647947 -0.691993 -0.212878 0.389473 -0.536587 -0.334933 -0.310510 -0.091585 -0.733931 -0.361418 0.364622
VERTEX_POSE A907 -0.287238 -0.468770 0.839219 0.395726 -0.743476 0.546582 -0.480794 -0.589073 0.383206 -0.458222 0.377588 0.488825 0.543129 -0.296374 0.071242 0.446969 -0.230676 0.557114 0.253178 0.607759
VERTEX_POSE A908 0.047665 -0.126471 -0.779371 0.081502 -0.150638 0.524063 -0.021063 -0.704519 -0.253525 0.622471 0.125974 0.642817 -0.253745 0.424145 0.132623 0.487129 -0.404684 0.479875 0.557140 0.379625
VERTEX_POSE A909 -0.155149 0.618755 0.289554 0.915780 0.925078 -0.554357 -0.202014 -0.554425 -0.129602 0.310852 -0.525949 -0.249903 0.845162 0.310106 -0.778117 -0.215878 0.425719 -0.089295 0.318841 -0.372275
VERTEX_POSE A910 0.645349 0.483260 0.924716 -0.048554 0.480863 -0.435678 0.015691 0.795135 0.594313 0.163365 0.564473 0.552552 0.135908 -0.113989 -0.090567 0.954570 -0.053648 -0.378763 0.208303 -0.182371
VERTEX_POSE A911 0.460690 -0.347787 -0.399637 0.958231 -0.833239 -0.125982 0.628009 -0.544555 -0.152764 0.478065 0.786493 -0.004701 0.095108 -0.285705 0.596947 0.559861 0.011157 0.777447 -0.233600 0.056004
VERTEX_POSE A912 0.424981 0.726638 0.868912 0.104337 0.179604 -0.835806 -0.396532 -0.007605 -0.097870 0.297982 -0.064907 0.434500 -0.530192 -0.599928 0.310792 -0.379687 0.797379 0.080429 0.573327 0.001749
VERTEX_POSE A913 0.048480 -0.455335 -0.176859 0.237700 -0.347756 0.060958 -0.224473 -0.617834 0.556419 0.710509 0.074261 -0.421031 -0.165059 0.495105 0.085227 0.057693 0.564581 0.708626 -0.643596 0.221102
VERTEX_POSE A914 -0.596905 0.503570 0.271284 -0.894136 0.841427 -0.506276 -0.042900 0.387185 0.686079 -0.550770 0.204853 0.326449 0.669934 -0.397212 0.246680 0.493629 0.805366 0.324899 0.048278 -0.041617
VERTEX_POSE A915 -0.127382 -0.067244 -0.708044 0.537961 0.149820 0.376711 0.527634 -0.306861 -0.308353 0.586612 -0.436141 0.097684 -0.554476 -0.400684 0.293494 0.260081 0.708696 -0.816901 0.049028 0.229826
VERTEX_POSE A916 -0.575971 -0.029572 0.648709 0.258094 -0.059883 0.099701 -0.342319 -0.608460 0.853525 0.109754 -0.350432 -0.401885 0.449472 -0.616394 -0.032731 -0.758362 0.002417 0.314599 0.305995 0.356408
VERTEX_POSE A917 0.498379 0.087060 -0.151104 0.327210 0.506930 0.070081 -0.809998 -0.282001 0.483196 -0.338231 0.022826 -0.143944 0.021090 -0.852770 -0.597760 0.109315 -0.209173 0.619333 0.465949 -0.385985
VERTEX_POSE A918 -0.695086 -0.288670 -0.785228 0.902171 -0.013512 0.613343 0.491285 -0.575361 0.271191 0.117141 0.110993 -0.671406 0.543344 -0.176050 -0.149726 -0.631273 -0.706312 -0.277602 0.226250 -0.356048
VERTEX_POSE A919 -0.444316 -0.004030 0.244826 -0.938069 0.496917 0.531563 -0.355801 0.358791 -0.631750 -0.669689 -0.099091 -0.306785 0.398967 -0.433262 -0.175865 -0.338239 0.217909 -0.439644 0.389027 0.791359
VERTEX_POSE A920 -0.672267 0.483737 -0.273425 -0.342224 0.472642 -0.458766 0.082374 -0.258771 -0.065870 -0.581653 -0.520972 0.276154 0.068486 0.592848 -0.660403 0.518102 0.040328 -0.522304 -0.617879 0.555455
VERTEX_POSE A921 0.049606 0.115666 0.457670 0.128990 -0.610080 -0.413958 0.559214 0.468276 -0.392880 0.006206 0.364526 -0.403270 -0.604475 -0.220232 0.514671 0.383979 -0.230880 0.496760 -0.417626 0.738939
VERTEX_POSE A922 -0.137089 0.616919 -0.843426 0.616496 0.786980 0.429763 -0.743092 -0.235860 0.879643 0.244582 0.251663 0.159552 0.620956 -0.314572 -0.072270 -0.000305 -0.254674 -0.104174 -0.049074 0.846889
VERTEX_POSE A923 -0.435287 0.717037 0.238481 0.694418 -0.857668 0.560811 0.310288 0.230873 -0.133101 0.078816 -0.341103 -0.472706 -0.520287 0.576238 -0.504351 0.791358 0.340842 0.435837 -0.023734 0.618161
VERTEX_POSE A924 0.410985 -0.993318 0.212776 0.564903 0.841255 0.497929 0.135641 -0.688760 0.397320 -0.148624 -0.027896 -0.296620 -0.755172 0.025007 -0.622387 0.028318 -0.694363 0.344752 -0.623238 -0.205100
VERTEX_POSE A925 -0.629276 -0.330204 -0.958642 -0.022446 0.662085 0.430426 -0.198567 0.545462 -0.078393 0.692979 -0.049149 -0.534052 0.442718 0.477680 -0.549745 -0.471827 0.428990 -0.470273 -0.248459 -0.536512
VERTEX_POSE A926 -0.366477 0.738995 -0.492448 0.120798 -0.615058 -0.476851 0.269919 -0.382461 0.406683 0.518732 0.577559 0.056692 0.527690 0.024232 -0.765765 0.039921 0.612535 0.132711 -0.614825 0.379953
VERTEX_POSE A927 0.224149 0.034724 -0.154125 0.975776 -0.558912 -0.691571 -0.180234 -0.249974 -0.378290 -0.004097 -0.433622 0.147338 0.505962 -0.734004 -0.593688 0.420328 0.408797 0.066732 0.731318 0.208826
VERTEX_POSE A928 0.693176 -0.228671 -0.382570 -0.707041 -0.721851 0.451697 -0.269163 -0.621760 0.565307 -0.471860 0.344605 -0.265806 -0.539486 0.534890 0.104384 0.571795 0.338067 -0.628370 -0.294796 -0.307029
VERTEX_POSE A929 0.702064 0.849266 -0.665308 0.345854 0.079066 0.261926 -0.664749 -0.111570 -0.154209 -0.665357 0.534850 0.781996 0.068678 0.058716 0.299871 -0.258248 -0.623210 -0.454064 -0.209762 -0.556461
VERTEX_POSE A930 0.453588 0.188596 -0.083727 -0.006615 -0.879362 -0.278312 -0.214702 0.568810 0.549833 0.056089 0.439699 -0.474347 -0.544357 -0.322649 -0.520462 0.129129 0.584792 -0.352620 0.798597 -0.192446
VERTEX_POSE A931 -0.855183 -0.808340 -0.131825 -0.080654 0.898915 0.079518 0.074969 0.959281 0.532498 0.493504 -0.233774 -0.638316 0.369577 -0.111247 0.406826 -0.570218 -0.101372 0.370361 0.537678 0.049773
VERTEX_POSE A932 -0.031485 -0.928595 -0.339201 0.596299 0.789700 0.006388 0.475078 0.249441 0.403517 0.623728 -0.649316 0.021585 -0.188733 -0.187920 0.691154 0.136166 0.631322 0.599144 -0.575416 -0.286856
VERTEX_POSE A933 -0.481943 0.960365 -0.790167 -0.095778 0.545180 0.339227 0.321476 0.090017 -0.336214 0.616929 0.588054 0.787215 -0.134723 0.209349 -0.074890 -0.564355 0.760429 0.382844 0.423562 0.154950
VERTEX_POSE A934 0.395945 0.170247 0.658640 -0.611860 0.119113 -0.425101 0.768554 -0.124321 0.024541 0.470342 -0.249319 0.454189 0.123723 0.091359 -0.772903 -0.287455 0.260035 0.122561 0.300277 0.920011
VERTEX_POSE A935 -0.339250 -0.253861 -0.597334 0.460943 0.662603 -0.191145 0.395506 0.628067 -0.566751 -0.407617 -0.469037 -0.046858 0.546615 -0.388195 -0.549565 -0.319903 0.459913 -0.581411 0.525640 -0.152710
VERTEX_POSE A936 0.585339 -0.530999 -0.189561 0.620758 -0.668933 0.020331 0.291399 0.130340 0.334867 -0.851073 0.259779 -0.584226 -0.001580 0.805134 -0.644457 -0.436667 -0.428235 -0.361671 0.009027 -0.289655
VERTEX_POSE A937 -0.613823 -0.418587 0.362429 0.498840 -0.487016 0.308891 0.168857 0.478885 0.111294 -0.570059 -0.041274 0.607954 -0.173808 0.555799 -0.701902 0.026748 0.677468 -0.172990 -0.784599 0.033024
VERTEX_POSE A938 0.373512 0.277368 -0.758115 -0.143331 0.919127 0.740605 0.044410 -0.573504 -0.030796 -0.701344 -0.266559 0.620188 0.103716 0.658792 0.009077 -0.546362 0.407131 0.256594 -0.443706 0.016603
VERTEX_POSE A939 -0.366996 0.342530 0.031069 -0.297740 0.180430 -0.668576 -0.428017 -0.458473 -0.053416 0.368480 0.274721 0.255578 -0.560795 -0.123910 -0.277656 0.601510 -0.536864 0.638545 0.068688 -0.640902
VERTEX_POSE A940 0.231028 -0.799832 -0.348017 0.414620 -0.561938 0.192703 0.107200 0.331353 -0.441368 0.109026 -0.563243 -0.687287 -0.466204 -0.023996 -0.015816 -0.668907 0.471782 -0.543550 0.558425 0.591446
VERTEX_POSE A941 0.018861 -0.239372 -0.833399 0.808115 0.399990 -0.280991 -0.590893 -0.469180 -0.783920 -0.091485 0.562657 -0.390302 -0.163001 -0.474769 -0.298600 0.690007 -0.481489 -0.254982 0.373895 0.077782
VERTEX_POSE A942 -0.906306 0.994742 0.631432 -0.339509 0.347190 -0.311776 0.472856 0.688582 0.286351 -0.437639 0.196580 0.263289 0.654758 -0.010554 0.415662 0.387088 -0.501183 0.760726 -0.079588 0.485712
VERTEX_POSE A943 -0.343991 0.926806 -0.479105 -0.481043 0.617666 -0.373550 -0.471954 0.555745 0.647925 0.417996 0.242061 -0.292186 0.321097 0.510526 0.238294 -0.589703 -0.332751 0.546348 -0.389469 0.511072
VERTEX_POSE A944 -0.932659 0.305293 -0.010258 0.045816 -0.947766 0.332911 0.860140 -0.366255 0.628811 -0.246956 -0.089040 0.322311 -0.039465 0.475168 0.585084 -0.318035 -0.240178 -0.218083 -0.310594 -0.757931
VERTEX_POSE A945 -0.503210 0.498312 -0.097285 -0.233645 0.188617 0.782295 -0.325815 -0.341061 -0.382025 -0.171734 0.052495 -0.307769 -0.861796 -0.247519 -0.364727 0.098456 -0.297006 0.119685 -0.334613 0.855245
VERTEX_POSE A946 0.528627 -0.140438 -0.187149 -0.943083 -0.232513 0.391660 -0.440479 0.678812 0.133841 0.758156 0.547044 -0.318458 -0.238792 0.426348 -0.836237 0.087598 0.226560 0.167279 0.408022 -0.082789
VERTEX_POSE A947 -0.508631 -0.724279 -0.361549 -0.696090 -0.007649 -0.582552 0.563670 0.247864 -0.390843 -0.163707 0.693709 -0.298989 -0.468735 -0.147429 -0.388217 0.389948 -0.604892 0.517463 0.532639 0.264011
VERTEX_POSE A948 0.995169 -0.414628 0.751611 -0.906436 -0.304452 -0.567831 0.138562 -0.611482 -0.092852 0.466869 -0.418768 -0.604330 -0.629146 0.177884 -0.147612 -0.244609 -0.254215 -0.530983 0.554234 0.595361
VERTEX_POSE A949 0.833540 0.570892 0.027624 0.959089 0.753975 -0.233355 0.623213 -0.241191 0.625032 0.282561 0.626822 -0.592815 0.236732 0.687932 -0.126566 0.552020 -0.224714 0.432934 0.413517 -0.158665
VERTEX_POSE A950 0.047053 0.271691 0.883276 -0.634159 -0.510732 0.003915 0.045587 0.604319 0.206414 0.519425 0.123634 -0.536182 0.569585 -0.504037 -0.102669 -0.613214 -0.432956 0.812001 0.166315 -0.421911
VERTEX_POSE A951 -0.677098 -0.930891 -0.521814 -0.248660 -0.831811 -0.566395 0.261279 0.607291 0.538833 0.600073 0.480489 0.580014 -0.292230 0.076977 -0.222884 0.184810 -0.310099 -0.052555 -0.672378 0.546115
VERTEX_POSE A952 -0.116854 -0.313442 -0.514707 0.088079 -0.856105 -0.625396 -0.700836 0.078588 0.413908 -0.064727 -0.340976 -0.557352 0.495088 0.046973 -0.224766 -0.022691 -0.935331 -0.276405 0.508932 -0.022544
VERTEX_POSE A953 0.909965 -0.111390 -0.960150 0.982336 -0.723752 -0.342955 -0.381415 -0.436536 -0.451073 -0.043636 0.637900 -0.331078 0.899833 -0.218146 0.182448 -0.019580 -0.550766 0.732130 0.206242 0.227132
VERTEX_POSE A954 -0.112385 0.786146 0.716667 -0.554241 -0.689478 -0.720702 0.185915 -0.535552 0.551294 -0.331513 -0.416255 0.042155 0.255892 0.530520 0.047799 -0.417817 -0.321934 -0.415453 -0.784528 0.393475
VERTEX_POSE A955 -0.705870 -0.306760 0.698069 -0.347018 0.985150 0.083692 0.663758 -0.074656 -0.443346 0.027126 -0.057173 -0.563416 0.445809 0.587317 0.688987 0.249453 0.511574 0.065577 0.545635 -0.620087
VERTEX_POSE A956 -0.719311 0.558406 -0.918792 -0.040109 0.938333 0.573181 0.011801 0.214551 0.681615 0.474069 -0.186561 0.179725 -0.693258 -0.546395 -0.406353 0.424335 -0.064225 0.097163 -0.338309 0.785169
VERTEX_POSE A957 0.521138 0.525141 -0.775781 0.566557 -0.304536 0.286870 0.387038 -0.092324 -0.276185 -0.666276 0.084098 -0.435969 -0.330496 -0.151058 0.539182 -0.387000 -0.742874 0.600534 -0.383772 0.640096
VERTEX_POSE A958 0.518280 0.727964 -0.456056 -0.371242 -0.573762 -0.320855 0.281812 -0.900820 -0.351219 -0.009846 0.192023 0.537264 -0.113290 -0.175689 -0.654010 0.119936 0.273149 -0.239405 -0.945127 -0.214879
VERTEX_POSE A959 0.973865 -0.670265 -0.301362 0.252850 -0.783518 -0.367434 -0.628913 -0.537985 -0.336679 -0.185014 0.573145 0.345237 -0.088700 -0.493824 0.254041 0.532396 -0.225115 -0.753601 0.528134 -0.295868
VERTEX_POSE A960 0.223202 0.374407 -0.441089 -0.087589 0.774530 0.386814 0.212003 -0.269509 -0.041554 0.910984 -0.136832 -0.093568 0.348065 0.649174 0.916220 -0.011226 0.158427 0.020818 -0.062355 0.679792
VERTEX_POSE A961 -0.028133 -0.083440 0.460217 0.622143 -0.453123 -0.233312 0.057444 -0.285946 0.378882 0.821192 0.327866 0.475306 0.206572 -0.781897 -0.581066 0.455349 0.060771 0.488324 -0.268941 0.442360
VERTEX_POSE A962 -0.881318 -0.478605 0.566814 -0.827804 -0.884603 -0.376706 0.377273 -0.115126 0.587488 0.098683 0.477456 -0.401895 0.597877 0.587179 -0.360725 -0.679792 0.587070 0.470434 0.168380 0.263346
VERTEX_POSE A963 -0.808283 0.445812 0.219710 -0.491291 0.564230 0.566113 0.747085 -0.024264 -0.574525 0.645827 -0.067341 0.224305 0.033574 0.898755 -0.074787 0.122645 -0.066823 -0.541784 0.092749 0.427376
VERTEX_POSE A964 0.489924 -0.123075 0.670049 -0.473635 -0.907943 -0.314899 0.457445 0.009613 -0.728496 0.008765 0.314922 0.050139 0.774714 0.323777 -0.322956 -0.432964 0.502157 0.513146 -0.055028 0.737387
VERTEX_POSE A965 0.514627 0.691642 0.225454 -0.439664 0.234510 -0.373203 0.343867 -0.611483 -0.064346 -0.447410 -0.611082 -0.431882 -0.519232 -0.118477 0.512362 -0.581624 -0.013590 0.638391 0.271461 -0.488310
VERTEX_POSE A966 -0.147533 -0.808050 0.622376 0.969652 0.226833 0.231369 -0.414802 0.239617 0.124293 0.629364 0.682437 -0.663404 0.429214 -0.359880 0.112165 -0.175141 -0.317542 -0.691617 -0.465769 0.496505
VERTEX_POSE A967 0.075264 0.345926 -0.519511 -0.852878 -0.576876 -0.189387 0.647225 -0.088118 -0.521413 -0.277954 0.754685 0.131386 0.684368 0.498599 0.564960 0.000161 0.133730 0.596506 -0.188365 0.395223
VERTEX_POSE A968 0.900804 -0.726944 -0.412117 -0.940824 0.747494 0.281663 -0.740669 -0.356937 0.295458 0.291927 -0.049673 0.541301 0.338237 -0.667832 -0.621877 0.333785 -0.516752 0.391961 0.374661 0.396353
VERTEX_POSE A969 -0.774020 0.469319 0.864261 -0.173678 0.145960 0.636229 -0.033772 -0.314282 -0.441146 -0.430887 0.366255 -0.319494 -0.450091 -0.222141 0.513646 -0.355934 0.724759 -0.186265 0.695647 0.438705
VERTEX_POSE A970 0.708268 -0.311544 0.511557 -0.150618 0.603554 0.616868 -0.656173 0.327068 -0.388097 0.108205 0.668169 -0.062224 0.141387 -0.386536 0.665896 0.717516 0.164903 0.146853 -0.151358 -0.519590
VERTEX_POSE A971 0.131832 -0.526776 0.239866 0.473796 -0.814444 -0.681789 -0.254180 -0.210929 0.685657 -0.518439 -0.155097 -0.096845 -0.467893 -0.649501 -0.107607 -0.561302 0.704190 -0.209952 -0.364183 0.117128
VERTEX_POSE A972 0.244841 -0.770053 -0.969139 -0.365563 -0.454050 -0.028612 0.300439 -0.405550 -0.398308 0.562156 -0.386117 -0.093035 0.143007 -0.451052 0.847836 -0.010306 -0.453441 -0.336229 -0.757073 -0.526674
VERTEX_POSE A973 0.801963 -0.316802 0.142989 0.509873 -0.049256 0.301547 -0.049355 -0.730822 -0.146074 -0.402321 0.548058 -0.064640 0.084899 0.124173 0.640310 -0.693524 0.072751 -0.688155 -0.589507 -0.380551
VERTEX_POSE A974 0.787841 -0.599970 0.760761 0.992752 0.803223 -0.234727 0.104389 -0.728508 -0.344902 -0.859614 0.041647 -0.795450 0.076049 -0.007187 -0.309680 0.258417 0.668557 0.311936 -0.421431 0.143253
VERTEX_POSE A975 0.312181 0.535240 0.020603 0.680252 -0.401816 0.504449 0.406207 0.489374 -0.492856 -0.153714 0.310031 0.360232 0.326208 0.198568 -0.391672 0.012514 0.743640 -0.468455 0.839524 -0.268261
VERTEX_POSE A976 -0.701248 -0.818490 -0.954296 -0.723772 -0.860638 0.084231 -0.142855 -0.887998 -0.274401 0.535528 0.081669 0.467356 0.476873 -0.335123 0.476098 0.513788 0.187893 -0.687400 0.448795 -0.239122
VERTEX_POSE A977 0.316468 0.259592 -0.426387 -0.950330 -0.429290 0.232336 0.205965 0.651123 -0.297554 -0.569801 0.427965 -0.264626 -0.244768 0.480778 -0.823907 0.550377 0.034909 0.329594 0.519691 0.400647
VERTEX_POSE A978 0.803551 0.810961 0.659054 0.984162 0.590535 0.361186 -0.271288 -0.803477 -0.609683 0.228339 -0.208705 0.597114 -0.159718 0.406071 0.340041 0.690990 -0.326946 0.160183 0.609334 0.197683
VERTEX_POSE A979 -0.706079 -0.233118 0.797316 -0.630208 -0.165091 -0.516887 -0.399947 0.631310 0.379432 -0.739640 0.049201 0.589809 0.070521 0.603390 0.378019 -0.289089 -0.378484 -0.313185 -0.452139 -0.302814
VERTEX_POSE A980 0.150008 -0.169516 0.601237 -0.991242 -0.675316 -0.471532 0.520859 0.439145 -0.045658 -0.526404 0.733530 -0.214573 -0.588564 0.010886 0.429877 -0.207029 -0.231636 0.738063 0.249672 0.464016
VERTEX_POSE A981 -0.149396 0.082652 0.542330 -0.649997 -0.920198 -0.662565 -0.589847 0.319546 -0.062095 -0.310084 -0.712482 0.059117 -0.078685 0.556592 -0.667991 0.710661 -0.066096 -0.327789 -0.211420 -0.275855
VERTEX_POSE A982 -0.383177 -0.164009 -0.724498 0.121132 0.003099 -0.239049 -0.073512 -0.474217 0.535722 0.042361 -0.566289 0.097203 -0.835682 -0.313091 -0.556481 0.354646 -0.572534 0.580290 0.410687 -0.169154
VERTEX_POSE A983 -0.966846 0.517042 -0.913470 0.096838 -0.531421 -0.153648 0.316018 0.624375 0.579081 0.208861 -0.504479 0.374517 0.126262 0.514199 -0.493694 0.763573 -0.280303 0.507011 0.507469 0.112637
VERTEX_POSE A984 -0.239431 0.971262 0.582180 -0.667661 -0.643950 0.377998 0.768788 0.324835 0.764055 -0.038587 -0.617538 -0.007783 0.404912 0.142330 0.420436 -0.395037 0.413759 0.310660 -0.295751 0.567163
VERTEX_POSE A985 0.504438 -0.377863 0.992169 0.566891 0.313621 0.218960 0.564933 0.079901 0.252256 -0.070059 -0.192708 0.885701 0.157638 -0.099647 0.184525 -0.218052 0.949687 -0.264402 0.776882 0.211293
VERTEX_POSE A986 -0.672715 -0.789718 0.784599 0.749820 -0.546271 -0.692682 0.220102 -0.514046 -0.452943 0.304650 0.005788 0.226998 -0.278296 -0.532976 -0.483609 -0.463285 0.593148 0.172129 0.752769 0.315967
VERTEX_POSE A987 0.041258 0.529668 0.663388 0.292230 -0.705617 -0.296185 -0.396492 0.699213 0.671763 0.495504 0.242641 0.068606 0.318819 0.589474 0.574476 -0.638585 0.174842 -0.355359 0.296368 0.272356
VERTEX_POSE A988 0.025576 -0.852722 -0.783612 0.133447 -0.990915 -0.155874 -0.446978 -0.634854 0.485580 0.313154 -0.500389 -0.177707 -0.012836 0.514715 -0.539303 0.780464 -0.223732 -0.646133 -0.304723 -0.177719
VERTEX_POSE A989 0.845564 0.938246 -0.671457 -0.621422 -0.120033 -0.162938 -0.581364 -0.529585 -0.168787 0.061212 -0.351513 0.864108 -0.152840 -0.394343 0.407668 -0.219613 0.601708 -0.179130 -0.765950 0.280036
VERTEX_POSE A990 0.015123 0.859403 -0.637973 -0.454920 -0.489135 -0.289160 0.336955 -0.809660 0.511110 0.627050 -0.100205 0.296638 0.215344 -0.131045 -0.245024 -0.395451 -0.438724 0.712125 -0.538995 -0.353211
VERTEX_POSE A991 -0.751222 0.521685 -0.224701 -0.954142 0.783615 -0.250667 0.306031 -0.485418 0.175199 -0.600572 0.481973 -0.626549 -0.571552 -0.199965 0.279249 -0.462509 -0.666012 0.660248 -0.071213 -0.220257
VERTEX_POSE A992 -0.182569 -0.145194 0.788760 -0.999280 0.426844 -0.131642 0.904328 -0.390093 -0.607820 -0.243264 -0.353131 0.368751 -0.246921 -0.478174 0.494063 -0.097879 -0.575873 -0.482855 -0.229049 -0.403541
VERTEX_POSE A993 0.133806 -0.619202 0.928840 -0.282724 -0.373738 0.196625 -0.287088 -0.479439 -0.564677 -0.459211 0.409394 -0.309182 0.719993 0.307407 0.735407 -0.019040 0.610690 -0.077857 -0.433535 0.367551
VERTEX_POSE A994 -0.559504 -0.032503 0.995009 -0.445433 0.347845 0.181376 0.426468 -0.432811 -0.252148 0.547174 -0.073913 -0.429518 -0.528800 -0.711830 -0.501182 0.477285 -0.203884 0.684000 0.106280 -0.508863
VERTEX_POSE A995 -0.692644 0.731731 0.458809 -0.472915 0.518900 -0.454460 0.259331 0.641399 -0.168063 0.347129 0.432099 0.719258 -0.201427 0.476393 0.381563 0.111025 0.300297 0.319840 0.871406 -0.291151
VERTEX_POSE A996 -0.351568 -0.927560 0.154294 0.277612 0.860772 0.550710 0.164156 -0.072553 0.526682 0.535843 -0.301422 -0.607259 0.380276 -0.294081 -0.165102 0.720504 0.545042 -0.152652 0.148957 -0.721336
VERTEX_POSE A997 0.292963 0.159447 0.617385 -0.475780 -0.425322 0.390750 0.426477 0.251002 -0.519282 0.603156 -0.449175 -0.129814 -0.317414 0.461282 -0.406172 0.409067 0.721982 0.629152 0.431547 0.034653
VERTEX_POSE A998 0.382619 0.077657 0.939298 -0.325793 0.942025 -0.070754 -0.560639 0.342606 0.336028 0.201139 -0.754537 -0.712602 0.121051 -0.214118 0.611594 -0.054004 0.192802 0.015189 0.792248 0.479870
VERTEX_POSE A999 -0.450764 -0.654505 0.742177 0.336788 0.608267 0.376260 0.051882 -0.783135 0.469345 -0.687713 0.037238 0.583456 0.400720 -0.096715 -0.319007 -0.552719 -0.394856 0.442670 -0.241421 0.469092
VERTEX_POSE A1000 0.518943 -0.371234 0.481646 0.350542 0.720638 0.446693 0.045975 0.092419 -0.115274 -0.951183 -0.054093 -0.243300 -0.149278 -0.444219 -0.781209 0.251464 -0.183082 -0.343067 -0.087282 0.870450
VERTEX_POSE A1001 0.090888 0.766113 0.450855 0.523589 0.545578 0.521746 0.377231 -0.680795 0.451198 0.564321 0.557012 0.399133 -0.023281 0.095090 -0.523928 0.607849 -0.320177 0.300657 -0.411359 -0.338674
VERTEX_POSE A1002 0.681069 -0.181281 -0.017956 -0.189417 0.793823 -0.642085 -0.411971 -0.417590 -0.091075 -0.619966 0.753651 0.500785 -0.233581 0.043695 -0.491786 0.569687 0.499051 -0.294608 -0.258493 -0.081651
VERTEX_POSE A1003 -0.236216 -0.141288 0.512507 0.984978 -0.733412 0.452903 0.574110 0.052009 0.391784 -0.515380 0.671309 0.694278 0.141939 0.011250 -0.392555 0.473141 0.734650 0.072549 0.400965 -0.082474
VERTEX_POSE A1004 -0.107150 -0.550689 -0.406156 0.033462 -0.503677 0.864163 0.145069 -0.051580 0.458879 -0.036243 0.425811 0.030067 0.361113 -0.592573 -0.191050 0.799153 0.536739 0.072447 0.456719 -0.420467
VERTEX_POSE A1005 0.468910 0.218750 -0.257195 -0.196665 0.597046 -0.606221 -0.026614 -0.683989 -0.411724 0.774167 0.074885 0.572359 0.545899 -0.234357 0.195066 0.255605 -0.270180 0.311984 -0.191357 -0.631372
VERTEX_POSE A1006 -0.924035 -0.606048 -0.466889 0.665231 -0.135228 0.788236 -0.308262 0.103409 0.529461 -0.062091 -0.341966 0.045770 0.409639 -0.817718 -0.221558 -0.742866 -0.249616 0.217192 0.425987 0.376025
VERTEX_POSE A1007 0.191602 -0.369179 -0.360452 0.309690 -0.364316 0.019931 -0.369877 0.204080 -0.571394 0.388634 -0.468008 0.102231 -0.714656 -0.247671 0.587883 0.094283 -0.748132 0.563075 0.438784 0.343915
VERTEX_POSE A1008 -0.214622 -0.521658 0.316418 -0.146995 -0.832245 -0.391364 0.586827 0.007745 -0.399826 -0.216799 -0.485297 -0.046570 -0.285777 -0.733466 0.757132 -0.142714 -0.091365 -0.334000 -0.711756 0.467020
VERTEX_POSE A1009 0.879516 -0.795087 -0.807835 0.649393 -0.544694 -0.745886 0.285869 -0.553817 -0.053394 -0.538908 -0.313251 -0.052945 0.717073 0.266276 0.127881 0.091271 0.231977 -0.649343 -0.324551 0.685890
VERTEX_POSE A1010 0.485523 0.397703 -0.563136 0.679481 0.470594 -0.411112 -0.410691 0.257275 0.540442 -0.669775 -0.023456 -0.490280 -0.431703 -0.703724 0.210667 0.394602 -0.635825 0.504136 -0.201634 -0.183738
VERTEX_POSE A1011 0.935386 0.308826 -0.082345 -0.138237 -0.507561 0.374936 -0.329368 0.177856 -0.545436 -0.575345 -0.325876 0.088961 0.636621 -0.078945 -0.491585 0.059627 0.862749 0.558886 -0.389426 0.334072
VERTEX_POSE A1012 -0.269880 0.287565 0.734495 0.999395 -0.464891 0.560586 -0.495814 0.076657 -0.432623 0.231302 -0.107328 0.453342 0.608980 0.624211 -0.133074 -0.572185 0.504567 -0.524741 -0.049155 0.581702
VERTEX_POSE A1013 -0.897654 -0.766305 -0.287634 -0.199387 -0.526308 -0.412655 0.650230 -0.097529 -0.729010 -0.042742 -0.460353 0.176523 0.325320 -0.023812 -0.481830 -0.110685 0.855157 0.186923 0.676232 0.216108
VERTEX_POSE A1014 0.968540 -0.174132 0.004184 0.958601 -0.038982 0.398453 0.340956 -0.775676 0.637128 -0.490360 0.299835 -0.017201 -0.696128 -0.530228 0.397857 0.398200 0.102650 -0.526039 -0.011723 -0.129413
VERTEX_POSE A1015 0.490690 0.258827 0.316675 -0.668265 -0.108841 -0.185555 -0.614964 0.250310 0.793842 -0.159077 0.534097 -0.332099 0.468481 0.392915 0.223496 -0.276261 -0.665148 -0.418503 -0.548378 0.235119
VERTEX_POSE A1016 0.606783 -0.144168 -0.295466 -0.632496 0.787313 -0.473954 -0.748275 0.183439 -0.110553 -0.278302 -0.626117 0.509490 -0.159591 -0.590358 -0.630119 0.200334 -0.470321 -0.326366 0.545004 -0.067855
VERTEX_POSE A1017 -0.704176 0.036150 -0.211217 0.708421 0.414747 -0.737316 0.121355 0.345021 0.144479 -0.253182 0.715957 0.264974 0.934111 0.233414 -0.281429 0.013333 0.409689 -0.534862 0.220069 -0.382151
VERTEX_POSE A1018 -0.468052 -0.211505 -0.019937 0.623965 0.185543 0.397922 0.699639 -0.274682 -0.602143 -0.037461 -0.348266 0.627975 -0.179956 0.102581 0.154016 -0.134143 -0.882647 0.246999 -0.677291 -0.116923
VERTEX_POSE A1019 -0.367641 0.003110 -0.079078 0.500952 0.796398 -0.472486 0.381700 0.790178 -0.523754 0.570016 -0.560101 0.515968 0.413389 0.173612 0.457645 0.432202 0.041068 -0.163638 -0.414363 0.173431
VERTEX_POSE A1020 -0.858612 -0.025604 0.117326 -0.913002 -0.705286 -0.649660 -0.580721 -0.258367 -0.115034 0.238987 0.014188 0.414151 -0.427465 0.657251 0.291568 0.393435 -0.422937 -0.555136 0.517814 0.567618
VERTEX_POSE A1021 0.547071 -0.352103 0.342089 -0.830956 0.696408 -0.713920 0.293795 0.021796 0.365289 -0.607124 -0.028118 0.441979 0.509688 0.698563 0.341510 0.357899 -0.533044 0.211916 0.396499 -0.476035
VERTEX_POSE A1022 -0.118863 -0.475205 0.696221 0.546810 0.580013 -0.003296 0.357061 0.164684 -0.704109 -0.579841 -0.267589 -0.352501 -0.065055 0.571501 0.228454 -0.060715 -0.695613 -0.572513 0.726893 -0.301305
VERTEX_POSE A1023 -0.041180 0.829203 -0.093914 -0.912281 0.721558 -0.569219 0.682371 0.342523 -0.011042 -0.472230 0.629205 -0.565972 -0.491181 -0.371403 -0.034684 -0.207356 0.590271 0.595265 0.164661 0.020473
VERTEX_POSE A1024 -0.319123 0.028695 0.270930 -0.113679 -0.677330 0.295297 0.543216 -0.059641 0.587538 -0.592475 -0.419100 0.496749 -0.192398 0.378778 -0.551314 -0.546045 0.056275 0.129973 -0.136777 0.821071
VERTEX_POSE A1025 0.321633 0.492291 0.691230 -0.898623 -0.072142 0.377846 -0.582111 -0.086812 0.458971 0.465429 -0.132642 0.694368 0.144726 -0.347060 0.359300 -0.487600 0.538322 0.187976 0.431073 0.751418
VERTEX_POSE A1026 0.266176 0.560934 -0.635105 -0.385197 0.240458 -0.310399 -0.293712 0.008994 -0.420360 -0.643838 -0.332352 0.549564 -0.087400 0.276252 0.645944 -0.545539 -0.333279 -0.087665 -0.440402 0.837897
VERTEX_POSE A1027 0.329309 0.101135 -0.574776 -0.836067 -0.816557 0.153963 -0.051573 -0.555705 0.256921 0.540769 0.467125 -0.572327 0.736166 -0.328695 -0.448687 -0.114061 0.599422 -0.617583 -0.387245 -0.075092
VERTEX_POSE A1028 -0.385404 -0.348262 0.308615 -0.374403 0.502536 -0.256010 -0.364206 0.664890 -0.014373 0.457063 -0.115414 0.419789 0.473859 0.706525 0.412357 0.347744 -0.205513 -0.766806 0.559445 0.056451
VERTEX_POSE A1029 -0.351205 -0.361409 -0.695807 0.289010 0.182483 0.450433 -0.235101 0.631387 0.309650 -0.465982 -0.450514 -0.197259 0.527440 0.407961 0.713641 0.626755 -0.297773 0.391194 -0.237854 0.378532
VERTEX_POSE A1030 0.878545 0.446630 -0.832599 0.500720 0.791709 0.175735 0.279214 0.363042 -0.687525 -0.387910 0.591405 0.586102 -0.063236 0.492144 -0.166113 -0.158478 -0.517909 -0.354002 0.861656 0.089466
VERTEX_POSE A1031 -0.866461 0.280504 -0.209739 0.976139 0.223175 0.591052 0.109880 0.160331 -0.114557 0.107604 0.909833 0.638790 -0.466079 -0.098119 0.096099 -0.588228 0.361263 -0.469304 -0.642733 -0.079745
VERTEX_POSE A1032 0.739683 -0.595296 0.755048 -0.187400 -0.271939 -0.004202 -0.825665 -0.227034 -0.701897 0.200744 -0.566102 0.595427 -0.099126 -0.426615 0.249749 0.225179 -0.663965 -0.300692 -0.466313 -0.071647
VERTEX_POSE A1033 0.559614 -0.734650 0.149445 -0.688696 0.585532 -0.697753 -0.308899 -0.360346 -0.047619 -0.536161 -0.422203 -0.075137 0.364026 0.036260 0.668701 -0.495716 -0.104929 0.240971 0.488736 -0.824360
VERTEX_POSE A1034 -0.102677 -0.860784 -0.697232 0.961117 0.489763 0.250019 0.293399 -0.622555 -0.214629 -0.881293 -0.240788 0.673867 -0.122935 0.543050 0.145835 -0.274310 0.225088 -0.645028 0.216518 0.457032
VERTEX_POSE A1035 -0.367467 -0.145986 -0.651108 0.846062 0.224384 -0.426196 -0.029795 -0.697841 -0.613721 0.715344 0.076491 -0.100617 0.082674 0.475365 -0.526268 -0.406122 0.505278 -0.393219 -0.561805 -0.160900
VERTEX_POSE A1036 0.028524 0.484100 0.892250 0.114639 0.182578 0.395695 0.795053 -0.137261 0.155016 -0.325834 0.479006 0.084122 -0.184561 -0.795431 -0.497662 0.476903 0.255531 -0.751433 0.014940 -0.231745
VERTEX_POSE A1037 -0.026712 -0.466831 -0.164121 0.626348 -0.645465 -0.466263 0.293702 0.514169 -0.522405 -0.548983 0.050659 -0.059859 -0.318660 0.680049 0.158463 -0.710070 -0.187267 0.693541 -0.081328 0.485313
VERTEX_POSE A1038 0.824135 0.484835 -0.011560 0.155752 0.860069 -0.295541 0.326805 0.575724 0.755121 0.168777 -0.065415 0.454909 0.466553 0.417884 -0.151993 0.690951 -0.666158 -0.335267 0.411858 0.214172
VERTEX_POSE A1039 0.813901 0.962442 0.208668 0.967644 0.350333 -0.361723 0.147624 -0.320890 -0.424440 -0.345283 0.224981 0.050383 -0.855294 0.223328 0.563217 -0.299135 -0.680082 0.607664 0.194875 0.577950
VERTEX_POSE A1040 -0.147196 -0.261918 0.028044 0.275740 -0.190159 -0.355573 -0.406531 0.650013 0.255251 -0.383141 -0.544003 -0.437154 -0.208056 -0.492483 0.672887 0.254410 0.160624 -0.405628 0.761527 -0.114912
VERTEX_POSE A1041 0.309658 -0.117462 0.425304 -0.164767 0.330662 0.522706 -0.363455 -0.347738 0.047731 0.481619 0.295347 -0.441775 -0.679688 0.514601 0.687320 -0.050171 0.670946 -0.238595 0.414066 0.277246
VERTEX_POSE A1042 0.749287 0.271268 -0.873678 -0.170592 0.842773 0.210890 -0.049838 -0.324829 -0.256836 -0.617232 -0.554835 0.588725 0.501499 -0.458396 0.504658 -0.453018 -0.220928 0.536920 -0.399767 0.572458
VERTEX_POSE A1043 0.582924 -0.974353 -0.237461 0.275136 0.344950 -0.739789 -0.203137 -0.352772 -0.024202 -0.028627 -0.414064 -0.525004 -0.341978 0.634209 0.409837 -0.663864 0.260245 -0.092364 0.632654 0.483895
VERTEX_POSE A1044 0.412004 0.116233 -0.862330 0.635847 0.804355 0.004083 -0.766305 -0.201376 0.730447 0.097710 -0.264808 0.368794 -0.581176 0.252629 -0.238537 -0.132320 0.738044 -0.522993 -0.218985 -0.529899
VERTEX_POSE A1045 0.717827 -0.902864 0.130507 -0.211991 -0.196209 -0.217354 -0.628120 0.326856 -0.088911 0.429857 -0.393266 0.076634 0.630696 0.594458 -0.610563 0.097915 -0.475676 0.752458 -0.115429 -0.398572
VERTEX_POSE A1046 0.073614 0.284474 -0.920787 0.606870 -0.763891 0.203275 0.743624 0.144866 0.600198 -0.486365 -0.080760 -0.429296 0.247390 -0.392398 0.377266 0.261265 0.572274 -0.521360 -0.284625 0.700726
VERTEX_POSE A1047 0.018787 0.972064 -0.157796 -0.996649 0.591668 -0.613297 -0.559878 -0.173475 -0.264223 -0.288205 0.235160 -0.230077 0.660093 -0.353836 0.195159 -0.255610 -0.885774 0.680464 -0.320024 0.069364
VERTEX_POSE A1048 -0.986349 0.133286 0.919290 -0.503570 -0.781462 -0.505084 -0.139322 -0.435235 0.520091 -0.465847 -0.598366 -0.159877 0.714207 -0.290115 0.520188 0.163527 0.432264 0.422184 0.476175 -0.426039
VERTEX_POSE A1049 0.605562 -0.927032 0.059276 0.230835 0.421652 0.838290 -0.054886 0.326181 -0.373577 0.463809 0.048344 -0.350886 -0.526270 0.321799 -0.044145 -0.710340 -0.253655 -0.180665 -0.018045 0.850513
VERTEX_POSE A1050 0.651146 -0.024826 0.763126 0.504303 0.388066 -0.429750 0.461073 0.589093 -0.457398 -0.499754 0.492887 0.723036 -0.175381 0.514223 -0.286990 -0.399361 -0.357883 0.030956 -0.589415 0.132389
VERTEX_POSE A1051 -0.844960 -0.892318 0.036616 -0.416572 -0.486747 0.438708 0.431694 -0.494442 -0.119401 0.239662 0.449296 -0.200994 0.355414 0.589332 0.561996 -0.666259 0.346081 -0.661091 -0.431256 -0.294238
VERTEX_POSE A1052 0.152633 -0.279134 -0.598634 0.399879 0.118060 -0.558994 -0.285868 0.100070 -0.571821 0.327795 0.483123 0.583945 -0.069503 0.433375 0.139642 0.447163 0.591562 -0.007430 -0.778489 0.467781
VERTEX_POSE A1053 -0.467716 0.499969 0.459347 0.051112 -0.031922 -0.437676 -0.094427 0.855362 -0.514770 0.275463 -0.083435 -0.665076 0.030688 -0.302665 0.307076 0.595091 0.382543 0.082650 -0.748417 0.153133
VERTEX_POSE A1054 0.113859 0.936885 0.942702 -0.328853 -0.765189 0.570091 0.479713 -0.414281 0.140468 0.046587 0.717247 -0.751911 0.575643 -0.156218 -0.272811 -0.638059 -0.276346 -0.124379 0.170942 0.461689
VERTEX_POSE A1055 0.833509 0.749561 0.672296 -0.713800 0.440731 -0.839360 0.272964 -0.236982 0.470179 0.312119 0.068624 0.096926 0.243772 -0.536153 -0.011803 -0.855677 -0.364096 0.254700 0.190955 -0.720489
VERTEX_POSE A1056 0.853917 -0.007740 0.150577 0.152490 0.895936 0.499796 -0.442626 -0.371669 0.584526 -0.251562 0.732102 0.003792 0.305746 0.358177 -0.218874 0.332653 0.345589 0.600511 0.732571 -0.279582
VERTEX_POSE A1057 -0.619965 0.497819 -0.692403 0.285950 0.475269 0.193949 -0.437630 -0.367059 -0.119615 0.409039 -0.328795 0.431793 -0.590278 0.349800 -0.526447 -0.023633 0.708432 0.696049 0.540538 0.364591
VERTEX_POSE A1058 0.162818 -0.149304 -0.902481 -0.549867 0.624173 0.288618 -0.453845 0.564796 -0.660828 0.466769 0.570503 -0.628322 -0.656004 -0.136638 -0.222520 -0.310836 -0.088829 -0.188951 0.221790 -0.573560
VERTEX_POSE A1059 -0.531487 0.643998 -0.540808 0.778087 0.398472 -0.678838 -0.326111 0.168592 -0.356412 -0.439832 -0.705775 -0.095436 0.021846 0.228707 -0.593773 0.344995 0.390309 0.224666 -0.762038 0.518469
VERTEX_POSE A1060 0.028830 -0.863590 -0.388210 -0.425040 -0.342248 0.569273 0.045653 -0.306017 0.379599 -0.180594 -0.474392 -0.646079 0.235833 -0.697320 0.205713 0.953762 0.095106 -0.268509 0.004732 0.431284
VERTEX_POSE A1061 0.041364 -0.702674 -0.735080 0.950853 0.415883 0.525205 -0.717071 -0.140566 -0.072339 0.321367 0.255518 0.347794 0.472420 0.076728 0.593574 0.068465 0.673807 0.495617 0.393273 -0.674572
VERTEX_POSE A1062 -0.397948 -0.075498 0.249452 0.754226 -0.378353 0.622854 0.105494 0.130088 -0.699838 0.274335 0.371781 0.349658 0.350140 0.515076 -0.003861 -0.841421 0.536739 -0.002098 -0.288139 -0.539874
VERTEX_POSE A1063 -0.231487 -0.458887 -0.633162 0.387560 0.385813 -0.245686 -0.621488 -0.730658 -0.444349 0.367077 -0.289197 0.033529 0.263530 -0.285896 -0.388445 -0.571938 0.535663 -0.768231 0.287132 0.117615
VERTEX_POSE A1064 -0.399022 -0.437324 0.414365 -0.737843 0.001415 -0.610893 0.557926 -0.254412 -0.500619 -0.109143 0.410892 0.365266 0.821643 0.254943 -0.448200 0.013171 0.425102 0.204666 -0.039192 0.721619
VERTEX_POSE A1065 0.499375 0.063718 0.552221 0.715343 -0.888590 -0.473906 -0.488546 0.446538 0.182904 -0.626963 -0.552967 0.425971 -0.293255 0.689289 0.668794 0.248350 0.084883 -0.336485 0.469643 0.111833
VERTEX_POSE A1066 0.401045 0.395128 -0.284270 0.233622 -0.389802 0.111381 0.561531 0.389823 -0.347101 -0.404272 0.634530 -0.664233 0.557845 0.174882 -0.596185 -0.389092 -0.222268 -0.265469 0.242207 -0.604503
VERTEX_POSE A1067 0.629501 -0.953224 0.306615 0.376796 -0.816007 0.244929 -0.124858 0.415303 0.492000 0.334743 0.045117 0.395979 -0.708751 0.413009 0.522309 -0.263298 -0.776485 -0.518015 -0.548364 -0.227996
VERTEX_POSE A1068 -0.527338 0.596887 -0.611900 0.341691 -0.534055 -0.549556 -0.094312 -0.502438 -0.546674 0.575827 -0.121836 0.488670 -0.119463 -0.663164 0.361622 0.739925 -0.273626 0.171951 0.312678 0.466964
VERTEX_POSE A1069 0.225180 -0.120037 0.704170 -0.610626 -0.529734 0.490859 -0.036846 -0.384871 0.580774 0.611039 0.054974 -0.406885 0.611187 0.451237 -0.074103 0.490971 -0.532489 0.500712 -0.103300 0.601409
VERTEX_POSE A1070 0.443402 -0.990783 -0.484718 0.344440 0.534326 -0.227935 -0.439384 0.246647 0.855376 -0.513452 -0.063551 0.337546 0.590923 -0.446932 0.264741 0.325466 0.822362 0.179868 0.296968 0.243102
VERTEX_POSE A1071 0.325466 -0.665032 0.416144 -0.382569 0.275786 0.512061 0.501087 -0.621489 -0.689531 0.569174 0.054937 0.352828 0.608921 0.630633 0.369541 -0.202539 0.330198 -0.035949 0.114656 -0.322497
VERTEX_POSE A1072 -0.465162 0.762501 0.129474 0.224607 0.800929 0.739197 0.103174 0.107436 0.526440 -0.348564 -0.473808 -0.307126 -0.027691 0.115803 0.286275 0.383353 0.694648 0.012982 -0.848606 0.517704
VERTEX_POSE A1073 0.192689 0.280485 -0.358395 -0.826152 0.377098 0.710711 0.587390 0.045676 0.254059 -0.224836 -0.676879 -0.648477 0.545246 -0.315497 0.098308 0.001901 -0.663403 0.012542 -0.554189 0.010343
VERTEX_POSE A1074 -0.091610 -0.639385 -0.821318 0.892567 -0.379264 0.405439 -0.539206 0.117707 0.509043 0.446504 -0.221286 0.215938 -0.068914 -0.890680 -0.458377 0.546711 -0.115555 0.565470 0.454147 0.361266
VERTEX_POSE A1075 0.946842 -0.121266 0.267144 -0.139546 0.605283 0.645820 -0.063406 0.247615 0.047377 -0.650807 0.013144 -0.553079 -0.298259 -0.446414 0.370168 0.350431 -0.809111 0.371149 -0.600558 -0.290806
VERTEX_POSE A1076 -0.089484 0.377620 0.772111 -0.038144 -0.819111 -0.142278 -0.720114 -0.091794 0.461526 -0.465573 0.107056 0.673303 -0.026599 -0.631602 0.115407 0.496166 -0.259343 -0.547810 -0.133378 -0.716891
VERTEX_POSE A1077 0.982004 0.645089 -0.742104 0.499437 -0.143154 -0.285747 0.495060 -0.787062 0.048550 -0.791612 -0.566596 0.349308 -0.004639 0.041588 -0.888833 -0.182422 0.234784 0.062865 0.308165 -0.051462
VERTEX_POSE A1078 -0.034371 -0.149202 -0.890652 -0.136195 0.196951 -0.591124 0.585043 -0.169866 -0.240926 -0.523302 0.521079 -0.097862 -0.577166 -0.587339 -0.731160 -0.225209 -0.130511 0.219899 -0.006326 -0.581052
VERTEX_POSE A1079 -0.075832 -0.489094 0.691401 0.458286 -0.600572 -0.783662 0.143807 0.470277 0.193855 -0.659398 -0.047881 0.227714 -0.376576 0.706535 0.084865 0.299637 -0.278080 -0.537808 -0.559394 -0.447244
VERTEX_POSE A1080 0.587565 0.718057 0.317172 -0.269728 -0.721502 -0.677294 -0.408585 -0.505676 -0.471794 0.465217 0.294686 -0.515801 0.271428 0.397493 0.207161 0.049674 0.309800 -0.098570 -0.735180 0.635197
VERTEX_POSE A1081 -0.383224 0.825972 0.872474 -0.631892 -0.414983 -0.490062 0.581164 0.337039 -0.426978 -0.776050 0.396443 0.089628 -0.009558 0.482721 -0.205886 -0.211626 -0.672267 -0.726021 0.122950 -0.210418
VERTEX_POSE A1082 0.079207 -0.381412 -0.271983 -0.958286 -0.087319 -0.768446 0.302716 0.169740 0.096215 0.518719 0.737802 -0.192646 0.320686 -0.221292 -0.187228 0.453542 -0.592354 -0.572771 -0.575111 0.164268
VERTEX_POSE A1083 -0.259802 -0.561077 0.718538 -0.869849 0.396558 0.334883 0.339547 -0.437209 0.248742 0.269386 -0.680218 0.409903 -0.874135 -0.248981 -0.333166 -0.081238 -0.085731 0.739568 0.203536 0.526129
VERTEX_POSE A1084 0.149059 0.325940 0.331822 0.419220 0.553095 -0.638713 -0.640564 -0.015899 0.198891 -0.360126 0.858839 -0.603748 0.614988 0.460461 -0.356007 0.093050 -0.186909 -0.247456 -0.270406 -0.123221
VERTEX_POSE A1085 -0.806933 -0.444528 -0.329281 -0.287139 0.147491 0.429135 -0.176033 0.467570 -0.381439 0.402297 -0.530411 -0.250430 0.577712 0.537346 0.413158 -0.164475 -0.440743 -0.661009 -0.668106 0.130567
VERTEX_POSE A1086 -0.426293 -0.811517 0.390834 -0.583649 -0.162712 -0.523431 0.478629 -0.618962 0.151672 0.117455 -0.415446 0.135262 0.609088 0.114702 0.826988 0.201994 -0.314501 0.028450 -0.587648 -0.576388
VERTEX_POSE A1087 0.002976 -0.681800 -0.517602 -0.428290 0.449032 -0.598083 -0.592372 0.520027 -0.321013 0.070874 -0.509427 0.427520 -0.006225 0.381147 -0.567114 0.705704 0.202616 0.186695 0.382118 0.532663
VERTEX_POSE A1088 -0.426898 -0.946709 -0.021683 0.998811 -0.377240 -0.400019 -0.243291 0.383109 -0.335914 0.852483 0.257550 -0.105086 -0.423864 0.294613 0.428665 0.149062 -0.504550 -0.729623 -0.110468 -0.667479
VERTEX_POSE A1089 0.736526 0.039179 0.488353 -0.133516 -0.538538 0.098119 -0.562385 0.297931 -0.522415 0.209399 -0.297285 0.075299 0.369154 0.855967 -0.743943 -0.468806 0.286411 -0.397913 0.532748 0.090269
VERTEX_POSE A1090 0.471489 0.962198 -0.058410 -0.650203 -0.152496 0.117350 0.195207 0.710845 0.710410 -0.585002 -0.160991 -0.616348 -0.600599 0.253966 0.077311 0.506026 -0.092125 0.309330 -0.053713 0.629123
VERTEX_POSE A1091 0.601932 -0.810299 0.590107 -0.426229 0.280512 -0.056598 0.418198 0.310225 0.409591 -0.784778 -0.052838 -0.704397 -0.131075 -0.483038 -0.571854 -0.435520 0.600490 -0.076413 -0.048743 -0.554126
VERTEX_POSE A1092 -0.222111 0.336505 0.753274 -0.182663 0.877344 -0.184691 0.589916 0.172998 0.031489 0.321518 -0.278257 0.656335 0.455565 -0.477876 0.008042 0.512770 0.660415 -0.730792 0.279559 -0.477631
VERTEX_POSE A1093 -0.926459 -0.113300 -0.808958 -0.895977 0.469151 0.621323 0.214087 0.465515 -0.452468 -0.043630 0.480100 -0.602042 0.376826 -0.128063 0.176943 0.758974 -0.421881 -0.124366 0.483966 0.598678
VERTEX_POSE A1094 -0.629556 -0.269186 0.956945 0.961332 -0.333674 -0.486434 0.429926 -0.112790 0.323312 -0.407828 -0.712426 0.224786 0.595514 -0.572347 0.615766 -0.080619 0.314032 -0.478701 -0.536380 -0.231369
VERTEX_POSE A1095 0.378867 0.899181 0.167639 0.079494 -0.121241 0.050077 0.465057 0.252190 0.409801 -0.397617 0.529051 -0.688401 -0.291256 0.613656 -0.287791 -0.588629 -0.522775 0.522337 -0.440804 0.081473
VERTEX_POSE A1096 0.572916 0.950418 0.743263 0.819366 0.580562 -0.170908 -0.328535 0.012761 0.099921 -0.555987 0.046572 -0.956157 0.162025 0.072027 -0.093976 -0.502963 0.718987 0.194265 0.551107 0.689593
VERTEX_POSE A1097 0.771490 -0.874058 -0.327324 0.194954 0.276523 -0.142438 -0.627902 0.097802 0.551172 -0.450024 -0.653626 -0.711243 0.055445 -0.494775 -0.196432 -0.590769 0.468121 0.362586 0.226131 0.315069
VERTEX_POSE A1098 0.008368 0.945957 -0.525747 -0.543710 0.062752 -0.192573 -0.016904 0.297367 0.453841 0.557481 0.566773 -0.637198 0.726540 -0.057641 -0.590156 -0.364788 0.454728 -0.051362 0.167327 -0.616637
VERTEX_POSE A1099 -0.954422 0.547305 -0.868637 0.161056 -0.953493 -0.253733 -0.654080 0.470480 -0.161068 -0.422807 0.237280 0.732121 -0.495528 -0.394509 -0.514430 -0.003408 -0.515894 0.330208 0.384518 0.548236
VERTEX_POSE A1100 -0.003330 0.005905 -0.623154 0.584328 0.746790 0.568713 0.182496 -0.132246 0.140445 -0.706502 0.114880 0.545040 -0.110008 -0.676591 -0.438925 0.388046 -0.557665 -0.408800 -0.552149 -0.447826
VERTEX_POSE A1101 -0.548230 0.955174 -0.010464 0.800730 -0.402922 0.090170 0.661803 -0.688199 -0.238848 0.361453 0.558639 0.571543 0.282877 0.395003 -0.326911 -0.442104 -0.200044 -0.708017 0.394833 0.135127
VERTEX_POSE A1102 0.371044 0.882273 0.547507 0.778487 0.322293 -0.329974 -0.314600 0.696060 0.194730 -0.354624 0.124157 0.711003 0.260745 -0.053159 -0.545320 0.058661 -0.599117 -0.224274 0.838951 0.371911
VERTEX_POSE A1103 0.531508 -0.231594 0.506321 -0.191064 0.547718 0.216327 -0.558041 0.021725 0.730201 0.519228 -0.378428 -0.618551 0.276824 -0.630959 0.133669 -0.581147 -0.630757 0.139775 -0.068042 -0.245677
VERTEX_POSE A1104 0.644460 0.235659 0.631141 0.974577 0.974176 0.215628 -0.511806 -0.073826 0.568868 0.288338 -0.585093 -0.335464 -0.274469 -0.794700 -0.625995 0.537762 -0.142408 0.354243 0.538882 -0.019706
VERTEX_POSE A1105 -0.720566 -0.757112 0.726189 0.671054 0.943029 -0.474604 0.205245 -0.295228 -0.128676 -0.894945 0.319197 -0.165174 -0.174483 -0.190903 0.714932 -0.238286 -0.602989 0.468811 0.264052 0.641026
VERTEX_POSE A1106 0.478350 0.647139 -0.226535 0.669390 0.153001 0.438022 -0.577147 0.208238 0.069469 0.613179 0.164002 -0.243363 0.162901 -0.726205 0.820525 0.406584 -0.139758 -0.266127 0.314746 0.618736
VERTEX_POSE A1107 -0.445024 -0.386721 0.403252 -0.063566 -0.844934 -0.065428 0.316693 0.350398 -0.518098 -0.141988 0.515194 -0.450358 0.355676 0.360767 0.445441 -0.582997 0.622729 -0.571011 -0.642771 -0.306355
VERTEX_POSE A1108 -0.738562 0.887977 0.984085 0.170491 -0.200126 0.525232 -0.473274 -0.083959 -0.373938 0.046307 0.437481 -0.195807 -0.785537 0.459009 0.262541 -0.288007 -0.468924 0.690676 0.271755 0.609083
VERTEX_POSE A1109 -0.556020 -0.502063 -0.117187 -0.466805 -0.650047 0.450196 -0.016747 -0.419253 -0.218128 0.674493 -0.670535 0.225784 0.736726 0.601702 0.152185 0.039386 -0.011111 0.821952 -0.021497 -0.111540
VERTEX_POSE A1110 0.479144 0.124185 0.094653 -0.605280 -0.445507 0.452693 -0.436441 0.554766 0.252560 0.164834 -0.468497 0.328994 0.866040 0.266772 0.588771 -0.071940 0.170371 0.525732 -0.164766 -0.610370
VERTEX_POSE A1111 0.849003 0.606034 0.301257 0.900763 0.078372 0.684513 0.167446 0.446996 -0.168840 0.575809 0.225636 0.222084 0.420722 -0.835249 0.270311 0.538962 0.126326 -0.616884 0.415836 0.188900
VERTEX_POSE A1112 0.060755 -0.676091 -0.244712 -0.098698 -0.065030 -0.631527 -0.269133 0.654478 -0.246015 -0.015011 -0.536383 -0.054151 0.114967 0.245463 -0.370591 -0.685750 -0.418343 0.632756 -0.666237 0.220655
VERTEX_POSE A1113 -0.441649 0.742773 0.822670 -0.563566 0.467174 0.556606 0.363859 -0.606121 0.576413 0.117403 0.629726 0.465144 0.154805 0.084446 -0.372274 0.892220 0.235496 -0.054689 0.183855 -0.416501
VERTEX_POSE A1114 -0.410799 -0.955044 0.019796 -0.969086 -0.525070 -0.060473 0.054317 -0.554859 -0.538769 -0.357659 -0.243607 -0.597295 -0.280124 0.581126 -0.212387 0.826241 0.306435 0.551545 -0.328612 0.448529
VERTEX_POSE A1115 -0.790185 0.649849 -0.912891 -0.679478 -0.511935 0.302191 0.019645 0.927591 -0.403180 0.795741 0.082580 -0.536734 -0.166425 0.354528 0.659020 0.215928 -0.083051 -0.154063 -0.540451 0.012951
VERTEX_POSE A1116 -0.248582 -0.701754 -0.506611 0.149295 -0.385335 -0.297739 0.238191 -0.505416 0.876037 0.180290 -0.331123 -0.053369 0.671493 0.604258 0.048480 0.641144 -0.184737 -0.372440 0.220888 -0.485445
VERTEX_POSE A1117 0.162909 -0.766560 -0.589370 -0.552734 0.312219 0.112029 0.617818 0.456145 0.135959 0.280071 -0.684815 0.496442 0.147239 0.441998 -0.769288 0.484632 0.065614 0.361533 0.532272 -0.351129
VERTEX_POSE A1118 0.212791 0.968050 -0.430493 -0.107768 0.937097 0.073120 0.546642 0.595271 0.152261 0.424587 0.241351 0.252357 -0.641475 0.304971 -0.806327 -0.224145 0.503773 -0.507565 0.243263 -0.490518
VERTEX_POSE A1119 0.324520 -0.648464 0.471706 0.148106 0.237426 0.619952 0.048767 -0.334267 0.037810 0.548380 0.319814 0.207151 0.355192 0.701005 -0.491306 0.667392 -0.452321 0.574402 0.354017 -0.299971
VERTEX_POSE A1120 -0.100566 0.272619 0.898983 0.313750 0.773680 -0.590930 0.776533 0.143770 0.335373 0.320066 -0.303704 0.197453 -0.095990 0.257882 0.677364 0.473450 0.436501 0.201291 0.247358 -0.793762
VERTEX_POSE A1121 -0.315720 0.930248 0.511097 0.242029 -0.215399 -0.548739 0.577760 -0.400894 -0.093027 -0.663578 -0.320128 0.587809 -0.033712 -0.322156 -0.484028 -0.345756 0.531351 0.332308 0.324304 0.592185
VERTEX_POSE A1122 -0.073549 -0.458763 0.061813 0.721877 -0.482062 0.228047 0.776258 0.038129 0.007666 -0.435756 0.673800 0.674769 0.106121 0.147515 0.405780 0.020122 0.481625 -0.572682 0.442575 0.539274
VERTEX_POSE A1123 0.677323 -0.390876 0.652256 -0.868913 0.651025 0.516477 0.297959 0.525956 0.711844 -0.584729 -0.380277 0.108666 0.150161 -0.231067 -0.065850 -0.584874 0.708198 -0.458677 -0.452423 -0.154351
VERTEX_POSE A1124 -0.242179 -0.183052 0.702140 0.346052 -0.746248 0.745434 0.176833 -0.557747 0.327609 0.104345 0.217605 -0.349396 0.556257 -0.571207 0.432419 0.346523 0.459709 -0.167142 0.726872 0.322423
VERTEX_POSE A1125 0.296896 0.272051 0.018759 0.683209 0.184264 -0.587267 -0.349277 -0.584433 -0.388678 0.530456 -0.010974 -0.369419 0.499684 0.419606 -0.451299 0.108059 -0.176118 -0.404854 -0.579017 0.671737
VERTEX_POSE A1126 0.056190 -0.491694 -0.180105 0.210581 -0.470216 0.824534 -0.077984 0.513895 0.405269 0.657606 -0.614956 0.117010 -0.008574 0.026814 0.347632 -0.695726 -0.576708 -0.146154 -0.278145 -0.156300
VERTEX_POSE A1127 -0.669264 -0.232634 0.445403 0.165418 0.834314 0.745841 -0.535219 0.311216 -0.397928 -0.072931 0.397145 -0.120412 -0.207297 -0.609673 -0.518544 -0.620168 0.328759 -0.044590 -0.529756 -0.515399
VERTEX_POSE A1128 0.068386 0.397993 0.691435 -0.121837 -0.539213 0.516393 0.319582 -0.222838 -0.281028 -0.575960 0.064786 -0.324270 -0.419404 -0.305526 0.512372 -0.439064 -0.634457 0.535431 -0.444366 0.671017
VERTEX_POSE A1129 -0.935442 -0.545737 0.294149 0.666870 0.592536 0.377296 0.285816 0.453944 -0.674016 -0.173295 -0.133942 -0.592573 0.069104 0.626679 -0.042241 -0.329994 -0.472409 0.224551 -0.880117 0.400122
VERTEX_POSE A1130 -0.623686 -0.685328 0.576766 -0.673526 0.880820 -0.541641 0.412669 0.512602 0.097638 -0.631768 0.675135 0.536774 -0.106573 -0.172304 0.554769 0.645576 0.333321 -0.318114 0.049472 -0.375021
VERTEX_POSE A1131 -0.934945 -0.596103 -0.931719 -0.537509 -0.792424 0.225354 -0.524335 0.174003 -0.746274 0.010652 -0.548037 -0.013508 -0.168331 0.221198 0.225193 -0.685501 -0.572044 -0.584291 -0.476144 0.541494
VERTEX_POSE A1132 -0.483672 -0.590563 -0.716316 0.467600 -0.810386 -0.357978 0.641685 -0.073394 -0.372592 -0.540124 0.201839 0.396721 -0.406277 0.205755 0.058352 0.281065 0.947633 -0.756462 -0.229015 0.116323
VERTEX_POSE A1133 0.747358 -0.803055 0.124273 -0.895038 0.203113 0.650207 0.316734 -0.025660 -0.523874 0.556600 0.452183 -0.033439 0.660323 -0.688849 -0.253942 -0.391874 -0.530755 0.487014 0.016862 0.196619
VERTEX_POSE A1134 0.596564 0.172303 0.574602 0.271426 0.755295 0.463483 0.510216 0.567544 0.285819 0.411154 -0.247488 0.415303 -0.521746 0.538531 -0.727518 0.158834 0.571495 -0.041623 0.522670 0.004572
VERTEX_POSE A1135 -0.839212 0.645096 0.914825 0.442177 -0.836210 0.377703 0.070191 -0.666994 -0.670625 0.175348 -0.645102 -0.200892 -0.399222 0.125924 0.446235 0.620137 -0.026795 -0.410024 0.648366 0.349838
VERTEX_POSE A1136 -0.973208 -0.560167 -0.149538 0.776016 0.146142 -0.760871 -0.602519 -0.197264 0.161935 0.000173 -0.516131 -0.411145 0.537403 -0.455527 -0.197046 0.492622 -0.187446 0.432417 -0.324795 -0.672350
VERTEX_POSE A1137 0.074914 -0.180558 -0.651934 -0.059184 -0.091704 0.729000 0.025435 0.001357 0.545537 0.499241 0.275065 0.292295 -0.374241 -0.166093 -0.292415 0.617040 0.357266 -0.002247 0.478870 -0.876990
VERTEX_POSE A1138 -0.284236 -0.741624 0.318077 -0.621389 -0.681144 -0.108154 -0.505373 -0.505886 -0.043119 -0.691421 0.422099 0.589969 0.067664 0.569811 -0.790598 0.224517 0.439320 0.115474 0.459944 -0.219600
VERTEX_POSE A1139 -0.711770 -0.672190 -0.165453 -0.053493 0.946016 0.466708 0.485416 0.673483 0.596572 -0.516299 -0.271006 -0.564802 0.233635 -0.122089 -0.322288 -0.616752 0.668990 0.058433 0.250675 -0.102583
VERTEX_POSE A1140 0.518894 0.317379 0.230880 0.474011 0.258249 0.199463 -0.433672 0.367188 -0.253771 0.239064 -0.188668 -0.896882 -0.256094 0.340697 0.016524 0.767947 0.616729 -0.301902 0.315359 -0.577190
VERTEX_POSE A1141 -0.805092 0.382561 -0.587270 -0.226669 -0.126651 0.224810 0.331848 0.343209 -0.425579 0.619855 -0.620744 -0.190657 -0.642776 -0.263244 -0.853873 -0.059258 0.486079 -0.053792 -0.298302 -0.437394
VERTEX_POSE A1142 -0.862767 0.933844 -0.864196 -0.152730 0.024388 -0.142405 -0.472345 0.447104 -0.362083 -0.566752 -0.682626 -0.880266 0.460799 0.086869 -0.211149 -0.415390 0.566666 -0.170777 -0.266079 -0.073908
VERTEX_POSE A1143 -0.420351 0.641288 0.986167 -0.624687 -0.806782 -0.780076 0.351894 -0.372322 0.003947 -0.415916 -0.284108 -0.392161 -0.508813 -0.296743 -0.366467 -0.545329 0.633028 0.321524 -0.383289 -0.540258
VERTEX_POSE A1144 -0.246741 0.125334 -0.764600 0.209765 -0.659477 0.413019 0.306576 -0.602657 0.594040 0.578949 0.517139 0.634345 -0.694937 -0.062569 -0.238732 -0.036887 0.348750 0.130938 -0.294162 0.493791
VERTEX_POSE A1145 -0.273566 0.978800 0.155600 -0.121816 0.499319 0.088725 0.100104 0.744952 -0.626270 0.760248 -0.060733 0.158091 0.146777 0.586737 -0.510891 -0.555647 0.047681 -0.560278 -0.285857 0.307936
VERTEX_POSE A1146 -0.210536 0.291138 -0.926724 -0.304164 -0.318717 -0.024593 0.557956 -0.447559 -0.533102 -0.502455 -0.527303 -0.695977 0.288189 -0.068743 0.106759 0.544359 -0.281363 0.468419 -0.238420 -0.661628
VERTEX_POSE A1147 0.504677 0.423579 -0.271211 -0.640940 -0.044811 0.799722 0.102879 0.478669 -0.007528 -0.431543 0.510490 -0.373287 -0.290266 0.142421 0.335003 -0.813644 -0.424286 0.329874 0.238570 -0.556753
VERTEX_POSE A1148 0.889343 -0.787760 0.566230 0.325450 -0.188463 0.151617 0.539384 0.504666 -0.515424 0.058867 0.497901 0.314951 -0.379064 -0.249718 -0.340315 -0.708212 0.370008 0.704515 -0.245654 0.546024
VERTEX_POSE A1149 -0.997746 0.259187 -0.357216 0.588068 -0.381620 0.452104 0.582012 0.480559 0.586256 0.089877 -0.650612 -0.097194 -0.370384 0.445471 0.632431 -0.352249 0.365862 -0.206133 0.626036 0.116053
VERTEX_POSE A1150 -0.170803 0.775116 -0.799505 0.507166 -0.807386 0.065325 -0.260673 0.737819 0.397093 0.513236 0.318209 -0.682288 -0.368058 0.214787 0.215063 -0.125697 0.501632 0.571209 -0.719286 -0.237904
VERTEX_POSE A1151 -0.211223 0.484859 0.465212 -0.360801 -0.414782 0.410634 -0.831006 -0.013435 -0.356489 -0.500406 0.352307 0.617037 0.071986 -0.343462 0.224331 -0.012010 -0.339016 0.522720 0.231724 0.801749
VERTEX_POSE A1152 -0.313466 0.189435 -0.846119 -0.169903 0.402980 -0.128351 -0.019398 0.382448 -0.540548 -0.202321 0.684124 -0.718647 0.457026 -0.254131 -0.023555 0.663685 -0.075884 0.417524 0.556183 0.561575
VERTEX_POSE A1153 0.755649 -0.683647 0.262309 0.229043 -0.289448 -0.685391 0.028392 0.103006 0.001526 -0.734030 -0.643531 -0.199242 -0.253967 -0.003519 -0.577968 -0.319187 0.341042 -0.395590 0.542232 -0.677448
VERTEX_POSE A1154 -0.533900 -0.906017 0.117469 -0.229714 -0.763758 0.454559 -0.417439 -0.763967 0.795986 0.493971 0.202526 0.151160 -0.664460 0.538873 -0.357784 0.333081 -0.255178 -0.094467 -0.171134 -0.140846
VERTEX_POSE A1155 0.444355 -0.993616 0.856021 -0.823851 0.656732 0.610115 -0.444644 0.401422 0.366060 0.286470 -0.093809 -0.391922 0.142168 -0.318694 0.304958 0.834151 0.236751 -0.497150 0.064858 0.820026
VERTEX_POSE A1156 0.052544 0.588404 -0.718933 -0.087748 0.894816 -0.146434 0.611148 0.055334 -0.144311 -0.589309 0.609535 0.499658 0.057205 0.530034 0.567156 -0.406806 -0.542651 -0.621616 -0.332340 -0.223607
VERTEX_POSE A1157 0.522290 -0.397712 0.937364 0.980867 -0.233974 0.681519 0.405061 0.495359 0.211087 0.158481 -0.554428 -0.042353 0.733141 -0.483326 0.608665 -0.179566 -0.148189 -0.344538 0.490988 0.437795
VERTEX_POSE A1158 0.775091 -0.226250 0.301423 0.341567 0.491046 -0.234217 -0.599910 0.372078 0.003756 0.359447 0.802173 -0.693952 0.250076 0.225257 -0.629157 -0.298313 -0.247449 -0.260232 0.599481 -0.325738
VERTEX_POSE A1159 -0.879070 -0.013603 0.972502 0.790415 -0.644397 -0.226220 0.713002 0.040950 0.125462 -0.486594 -0.253569 -0.509644 -0.435480 0.662434 0.646475 -0.156889 0.036368 -0.505388 -0.201488 -0.702770
VERTEX_POSE A1160 0.586848 0.056551 0.231513 0.647737 -0.641437 -0.392607 -0.200188 0.680990 0.106531 -0.835914 0.112652 -0.702195 -0.076325 -0.585028 0.576773 -0.152971 -0.315856 -0.093624 -0.481608 -0.285552
VERTEX_POSE A1161 -0.848595 0.088422 -0.121811 0.668042 0.371866 -0.441643 0.004359 -0.638105 0.395529 -0.330283 -0.426681 0.186057 -0.680694 0.425198 -0.090300 0.522118 0.437615 0.778291 0.393627 -0.196127
VERTEX_POSE A1162 -0.814015 0.390294 -0.959217 -0.747095 -0.436821 0.579845 0.499029 0.464737 -0.350925 0.191115 0.505235 0.593798 -0.596403 0.316229 -0.428025 -0.217430 0.654780 0.069495 0.558098 0.004468
VERTEX_POSE A1163 -0.896823 0.465988 0.515197 0.115337 -0.451823 -0.099433 -0.742099 -0.460177 0.730463 -0.363232 0.414642 -0.640642 -0.114082 0.456785 0.140345 0.353907 -0.611543 -0.162537 -0.423186 -0.183499
VERTEX_POSE A1164 0.898762 0.285367 -0.997538 0.773004 -0.425021 -0.231550 0.456311 -0.468336 0.929654 -0.134341 -0.185450 -0.095778 -0.393462 0.646174 0.108068 0.588349 0.492628 0.247541 0.522269 0.293337
VERTEX_POSE A1165 0.782549 -0.437403 0.615384 0.524332 -0.681526 -0.055990 0.162166 0.253576 0.330638 0.691623 -0.598878 -0.293786 0.144227 -0.322213 0.607716 0.350022 0.584940 0.657202 -0.593332 -0.362034
VERTEX_POSE A1166 -0.736035 0.111084 0.430022 -0.442485 -0.288033 -0.630349 -0.602701 0.298797 -0.489198 -0.138450 -0.433374 0.129593 -0.164718 0.738557 -0.013323 -0.240573 -0.364535 0.588536 -0.729778 -0.211079
VERTEX_POSE A1167 0.925554 0.725200 -0.147077 0.549019 0.721121 0.204683 -0.349292 -0.609391 -0.410290 0.611350 -0.121071 0.147880 0.190421 0.655676 0.283156 -0.455622 0.397257 -0.829290 -0.510289 0.162053
VERTEX_POSE A1168 -0.142537 0.382039 0.963451 -0.534852 0.226770 0.071625 -0.009699 -0.201836 -0.299435 0.230084 -0.559401 0.407608 0.862938 -0.168429 -0.418871 -0.108665 -0.633279 0.750740 -0.436459 -0.465749
VERTEX_POSE A1169 -0.020271 0.369460 -0.251901 -0.063874 0.030823 -0.386096 0.606937 -0.345293 -0.501831 -0.589368 -0.578794 -0.173744 -0.408594 0.591702 0.141953 -0.321899 -0.198655 -0.740782 0.117070 0.395216
VERTEX_POSE A1170 -0.786216 -0.946990 0.687470 -0.504474 0.667137 0.078533 -0.457677 -0.717698 -0.407598 0.141046 -0.429812 -0.318323 -0.369051 0.537749 -0.586057 -0.558548 0.019476 -0.618792 0.567858 -0.103047
VERTEX_POSE A1171 -0.623643 -0.300581 0.194331 0.939158 -0.514982 0.663136 0.047486 -0.325113 -0.225944 -0.724145 0.344336 -0.583559 0.021900 -0.766334 -0.042074 0.567867 0.256770 -0.408519 0.387824 0.350052
VERTEX_POSE A1172 0.174637 -0.247979 0.160829 0.709457 0.904172 0.280289 -0.330214 -0.288633 0.686713 -0.137874 0.244289 0.422566 0.686226 -0.578466 -0.074235 0.623747 0.606578 0.515549 -0.109470 0.393005
VERTEX_POSE A1173 -0.648983 0.986854 0.823275 0.342796 -0.308475 0.066039 0.596533 -0.622969 0.188388 -0.419456 0.293209 -0.167226 0.372755 0.415742 0.905621 0.294584 0.258884 -0.334715 0.492422 0.534860
VERTEX_POSE A1174 -0.043993 -0.659293 0.180498 -0.685528 -0.321763 -0.088611 0.605417 -0.487817 -0.237285 -0.220886 0.309936 -0.332289 -0.325518 -0.767661 0.655681 0.387016 -0.092463 0.628896 -0.573530 -0.261000
VERTEX_POSE A1175 0.927897 0.877355 0.396228 -0.080778 -0.755305 0.489192 -0.215352 0.495233 0.446942 0.650450 0.335040 -0.679628 0.500094 0.273329 0.251602 0.273320 -0.747328 -0.189039 -0.453586 0.096361
VERTEX_POSE A1176 0.077451 0.965654 -0.021125 -0.779020 -0.809156 0.138005 0.006742 0.625601 0.855791 -0.259644 -0.406006 -0.411263 -0.013417 -0.635602 -0.007500 -0.608708 0.199435 0.281751 0.749556 0.004316
VERTEX_POSE A1177 0.745470 0.631845 0.253774 0.010307 0.359520 0.556821 -0.157131 0.347526 -0.530373 -0.053131 0.626284 -0.243763 -0.405226 0.448206 0.329425 0.707114 0.509354 0.490626 -0.555220 0.163295
VERTEX_POSE A1178 0.432574 0.300934 -0.874983 0.278282 0.199884 -0.380183 0.329543 -0.258043 0.522430 0.185666 -0.117622 -0.561843 0.262135 0.642575 -0.478021 -0.625439 -0.453941 -0.195847 0.630112 -0.548282
VERTEX_POSE A1179 -0.033206 -0.822106 -0.454896 0.546430 0.002381 0.085444 -0.617483 -0.302384 0.888716 0.066136 0.091852 0.150321 -0.211026 -0.797119 -0.420685 0.041979 -0.216071 -0.057538 -0.753688 0.466950
VERTEX_POSE A1180 0.747725 -0.108968 0.896558 -0.401625 0.977899 0.529272 0.646280 -0.054818 -0.235542 0.423850 -0.626038 -0.059857 -0.259282 -0.746112 0.410192 0.258457 -0.023398 0.701820 -0.518311 -0.218727
VERTEX_POSE A1181 -0.738229 0.076050 -0.674488 -0.214552 0.392499 0.648618 0.418249 0.316357 0.459423 -0.010549 -0.622233 -0.276163 0.158080 -0.674111 -0.035071 0.818795 -0.129163 0.539193 -0.359919 -0.204049
VERTEX_POSE A1182 0.755571 0.662752 -0.989683 -0.814370 0.587598 -0.492337 0.317022 -0.593722 -0.520065 0.267682 0.188949 -0.521082 0.217756 0.377251 -0.375808 -0.755931 -0.406834 -0.272723 -0.457158 0.551325
VERTEX_POSE A1183 -0.565741 -0.919532 -0.949561 0.428473 0.380880 -0.337052 -0.606126 0.312571 0.171867 -0.378782 0.463444 0.088029 0.500302 0.001156 -0.589623 0.470306 0.619064 0.708133 0.132836 0.551613
VERTEX_POSE A1184 -0.982580 0.392403 0.587821 -0.985509 -0.896949 0.087304 0.394237 0.452004 -0.598205 0.138595 -0.482880 -0.775716 -0.262059 0.447713 -0.076065 0.505486 0.493716 -0.164342 0.707938 -0.343973
VERTEX_POSE A1185 -0.778329 0.756735 0.127786 -0.044084 0.823841 0.514807 -0.338036 -0.728010 0.485398 -0.422810 0.632772 -0.261899 -0.759433 0.085604 -0.519979 -0.074985 0.018478 -0.400491 -0.352989 -0.248860
VERTEX_POSE A1186 0.878613 -0.913149 0.906460 0.604622 0.037612 -0.099355 0.483552 0.367456 0.261557 -0.104130 -0.605607 0.719117 0.092905 0.542140 -0.452094 0.598315 -0.015841 0.447435 0.623476 -0.451718
VERTEX_POSE A1187 0.069964 -0.019193 0.868888 -0.073257 0.997867 -0.234761 0.459335 -0.655844 0.129475 0.014918 -0.224101 -0.500147 0.554236 0.622823 0.706004 0.663911 0.048344 -0.423715 0.202074 -0.359725
VERTEX_POSE A1188 0.743961 -0.640976 0.065150 -0.063217 -0.410133 -0.289028 -0.397851 0.316009 0.248648 -0.055679 0.586320 -0.641323 -0.260705 0.426630 -0.046833 -0.749611 -0.537644 -0.664189 0.456871 -0.292050
VERTEX_POSE A1189 0.653704 -0.139398 0.207883 -0.053810 -0.471342 0.131148 0.145602 0.641853 -0.428492 -0.696283 -0.119041 0.816052 -0.089423 -0.367958 0.345700 -0.572060 0.583627 0.117242 -0.398423 -0.312795
VERTEX_POSE A1190 0.190894 0.967204 0.841390 -0.282843 -0.646530 0.279364 -0.206251 0.801511 0.362427 -0.228350 -0.544644 0.466973 0.751552 0.130728 0.592580 -0.536868 0.017897 -0.470518 -0.228603 0.208645
VERTEX_POSE A1191 0.330810 0.415575 -0.703338 -0.415480 -0.051570 -0.402472 -0.270668 0.597071 0.175667 0.480847 0.677184 -0.628604 -0.421460 0.053993 -0.141246 0.244534 0.289558 0.626150 -0.676831 0.313319
VERTEX_POSE A1192 0.805109 0.949023 -0.913928 -0.385769 0.900524 -0.568224 0.494341 -0.217336 -0.517411 -0.542857 -0.133913 -0.541290 0.267294 0.604905 0.338794 0.475326 0.315742 0.040399 -0.404416 0.685003
VERTEX_POSE A1193 0.376879 0.357498 0.882173 -0.029938 -0.083351 -0.346777 0.643955 -0.347559 0.101069 0.329246 -0.003958 0.707334 0.540246 -0.119077 -0.601216 0.355077 0.192914 -0.088021 -0.242844 -0.909831
VERTEX_POSE A1194 0.433986 -0.118437 0.811859 0.699857 0.496606 -0.489035 0.256003 -0.296583 0.082865 -0.688218 -0.714765 -0.495707 -0.608250 0.560650 -0.587006 -0.004494 -0.154230 -0.404569 0.301379 -0.251066
VERTEX_POSE A1195 0.703871 0.234390 -0.911466 -0.612765 -0.524497 0.510119 0.004205 0.436294 -0.087575 0.767929 0.002838 -0.565520 -0.291065 0.720305 0.479580 0.249404 0.518317 -0.426965 0.513172 0.148822
VERTEX_POSE A1196 0.159429 0.920095 0.497557 -0.505606 0.235123 0.781214 0.587426 0.064267 -0.096271 -0.048868 0.906252 0.254771 -0.570617 -0.039512 -0.558913 0.571423 -0.042774 -0.056072 -0.020376 -0.413747
VERTEX_POSE A1197 0.697951 0.992647 0.241882 -0.742628 -0.791427 0.741440 -0.479984 0.123244 -0.401496 -0.521351 -0.613977 0.099576 -0.537601 -0.161949 0.417719 0.142857 -0.200380 0.323518 0.434034 -0.735842
VERTEX_POSE A1198 0.629425 -0.040411 -0.058542 0.936254 -0.803377 0.679849 -0.153352 -0.510842 0.413105 0.310785 -0.071001 0.175613 -0.512907 -0.269026 -0.390225 -0.651370 -0.227792 -0.428992 0.438793 -0.780855
VERTEX_POSE A1199 -0.983108 0.302135 0.461008 -0.040459 -0.538107 0.403534 -0.591472 0.664222 0.439970 0.456922 0.080820 0.363139 -0.566562 -0.643833 0.121182 0.124694 0.336398 -0.705005 -0.323794 0.156820
VERTEX_POSE A1200 -0.322320 0.362107 0.989981 0.193497 0.239396 0.368973 -0.746273 -0.103389 -0.687854 0.010217 0.418837 0.311266 0.632183 -0.364252 0.348068 0.205329 0.638152 0.415546 0.034021 0.523420
VERTEX_POSE A1201 0.843209 0.012599 -0.371072 -0.568219 0.863760 0.532786 -0.151534 0.557658 0.086993 -0.408545 0.580069 0.113304 -0.698087 -0.415943 -0.409404 -0.565953 -0.017599 -0.726720 0.049994 0.423343
VERTEX_POSE A1202 -0.606751 -0.998446 -0.344661 -0.101300 -0.053089 -0.318058 0.298430 -0.212034 -0.294894 0.045520 0.826764 0.715406 -0.393969 0.308311 0.329069 0.824642 0.281094 0.437932 0.271333 -0.312143
VERTEX_POSE A1203 0.852318 -0.885872 0.150809 -0.097046 0.143568 0.541109 0.575648 -0.502916 0.428811 0.294699 0.489947 0.492859 -0.453244 0.431791 0.010230 -0.468511 -0.494812 0.529441 -0.396041 -0.275220
VERTEX_POSE A1204 -0.805774 -0.000547 -0.547798 0.774577 -0.444715 -0.076355 0.541894 0.615912 0.053506 -0.583363 0.545331 0.178834 -0.143805 0.548892 -0.704459 -0.474484 -0.026851 0.680487 -0.346733 -0.145816
VERTEX_POSE A1205 0.349256 -0.657739 0.835837 0.213171 0.625148 -0.050102 0.604849 -0.006718 -0.276823 0.094611 0.399874 -0.717385 -0.219516 -0.642633 -0.226192 0.750781 -0.134468 -0.595865 -0.115525 0.639529
VERTEX_POSE A1206 0.780214 0.991483 -0.452963 0.822175 0.388264 -0.744086 0.195386 -0.636337 0.368049 0.531234 -0.287231 0.336379 -0.299627 -0.415727 0.292133 -0.497771 -0.545952 0.335237 0.584861 -0.204158
VERTEX_POSE A1207 0.271678 -0.034893 0.431077 0.995557 -0.253871 0.615451 0.397760 -0.202569 0.562180 -0.051164 -0.441410 -0.094448 0.601001 -0.160606 -0.027099 0.640160 0.520267 -0.543617 0.261080 -0.683850
VERTEX_POSE A1208 0.094727 0.974106 0.089611 -0.776521 -0.015332 0.387380 0.262247 -0.752573 0.404037 -0.457716 -0.152934 0.379460 -0.465705 0.438191 0.677559 0.566720 0.387445 -0.289162 0.428567 0.260998
VERTEX_POSE A1209 0.212789 0.292417 -0.327946 0.100457 -0.411852 -0.260447 -0.517490 -0.400219 0.020993 0.613330 -0.789486 -0.740322 0.381731 0.279928 -0.550489 -0.008657 -0.025962 -0.283923 -0.458517 -0.370813
VERTEX_POSE A1210 -0.761528 0.143001 0.976181 0.541987 0.748510 -0.180568 0.382339 -0.435412 0.719058 0.404437 -0.189172 -0.511664 0.263034 0.457732 0.411474 -0.433707 0.528470 0.138707 0.657996 0.534631
VERTEX_POSE A1211 -0.157549 -0.134862 -0.013831 -0.178146 -0.037433 0.291058 0.025445 0.176695 0.703553 -0.436852 0.367400 -0.389357 -0.758262 0.285427 0.486714 -0.157719 -0.627745 0.178350 0.456811 0.598552
VERTEX_POSE A1212 0.474560 -0.631534 -0.002433 0.885905 0.980646 -0.210025 0.496292 -0.199657 0.806863 -0.049672 0.393952 0.079412 0.610560 0.507404 -0.383965 -0.542759 0.590237 -0.388748 0.289579 0.446207
VERTEX_POSE A1213 0.994043 -0.194247 0.986498 0.727617 0.336108 0.469339 0.308205 -0.213320 0.387699 -0.882008 0.018656 -0.306822 0.073143 -0.514637 0.624282 0.163721 -0.506263 0.381500 0.308087 0.658022
VERTEX_POSE A1214 0.276710 -0.054394 0.036608 -0.749673 -0.656553 -0.476490 0.462003 -0.292143 -0.007956 -0.042191 0.501960 -0.502662 -0.834730 -0.019939 -0.407999 0.069117 -0.536328 0.594779 -0.288482 -0.612081
VERTEX_POSE A1215 0.491980 0.760869 -0.414612 0.900395 -0.916303 -0.473072 -0.518267 0.569460 -0.330383 0.472934 -0.358192 0.337169 -0.572752 -0.336687 0.500453 0.390237 0.649590 -0.550376 0.165540 0.109950
VERTEX_POSE A1216 -0.784286 -0.437512 0.114283 -0.316468 0.159949 -0.128940 -0.373895 0.232438 -0.481172 -0.028301 -0.286527 0.452866 0.738442 -0.140525 -0.236338 0.015739 -0.849590 0.700646 -0.560230 -0.349748
VERTEX_POSE A1217 0.155324 0.032457 -0.056932 0.854949 0.381059 0.439846 0.160741 -0.480012 0.165436 -0.875056 0.043197 -0.540530 -0.300339 -0.720345 -0.391822 -0.193558 0.498526 -0.577468 0.284201 -0.017230
VERTEX_POSE A1218 -0.438056 -0.258324 -0.545724 -0.172862 -0.918436 -0.541500 0.097721 0.641407 0.469443 0.635751 0.470750 0.153436 0.567231 -0.289544 0.670588 -0.454849 0.168250 -0.114757 0.240069 -0.504824
VERTEX_POSE A1219 0.959675 -0.078488 -0.820567 0.620315 0.749816 -0.244983 0.334300 0.531606 0.484630 -0.280451 0.238222 -0.708036 -0.604217 -0.193755 0.356615 -0.074569 -0.668758 -0.276818 0.662535 -0.419366
VERTEX_POSE A1220 -0.190972 0.893059 -0.849049 -0.198862 0.909717 -0.199645 -0.427026 0.357363 0.762387 -0.425750 -0.440229 0.088141 -0.353150 0.545007 -0.552970 -0.638342 -0.457028 -0.255663 0.322784 -0.415432
VERTEX_POSE A1221 0.752838 -0.291120 -0.704334 0.544295 -0.564966 0.067371 0.552815 -0.504337 -0.549418 -0.627739 -0.289939 -0.393405 0.006154 0.428387 -0.700646 0.439796 -0.261648 0.218925 -0.326927 -0.640003
VERTEX_POSE A1222 0.290485 -0.662913 -0.523905 -0.795165 -0.301754 -0.171250 -0.136047 -0.527439 -0.235001 -0.588321 -0.399388 0.346739 -0.777812 0.417591 -0.797746 -0.052541 0.554283 0.398524 0.166187 0.284052
VERTEX_POSE A1223 -0.385864 0.842082 -0.762976 0.415369 0.810241 -0.116121 -0.709176 0.296232 -0.548500 0.456124 -0.375192 0.285028 0.014993 -0.239323 -0.616803 -0.467935 -0.402773 0.473263 -0.264259 -0.742951
VERTEX_POSE A1224 0.129718 -0.933622 -0.822161 -0.485643 0.351683 0.241358 -0.910406 -0.314722 0.417618 -0.037468 0.459713 0.409499 0.168776 0.127121 -0.666428 -0.341892 0.589845 0.394367 -0.156148 0.570559
VERTEX_POSE A1225 -0.275529 0.218650 -0.712045 0.904692 -0.805148 0.644868 -0.490030 0.484559 -0.000491 0.277554 -0.219109 -0.390047 -0.323681 -0.190582 -0.519327 -0.659343 0.110709 0.402874 -0.378592 -0.817690
VERTEX_POSE A1226 -0.681993 0.076472 -0.674442 0.802604 -0.714257 0.598448 -0.305272 0.416533 0.033495 0.496377 0.795816 -0.140051 -0.534615 0.136647 -0.716065 -0.356178 0.405239 0.329203 -0.497738 0.101415
VERTEX_POSE A1227 -0.710854 0.986473 0.675397 0.008751 -0.413194 0.239830 -0.559316 0.143586 -0.447862 -0.655619 -0.519699 0.214080 -0.461379 0.352407 -0.808988 0.022178 0.555995 -0.203985 0.209683 -0.525333
VERTEX_POSE A1228 -0.577578 0.211297 0.529836 -0.837936 -0.596574 0.704278 0.167041 -0.613289 0.091682 0.421423 0.560529 0.274973 0.322865 0.099996 0.627613 -0.550560 0.514128 0.161487 0.622207 0.188037
VERTEX_POSE A1229 0.947432 -0.963939 0.267015 0.738859 -0.517634 -0.051215 0.369926 -0.242875 -0.112748 0.358110 -0.267192 -0.523798 0.623984 0.522310 0.353750 -0.141926 0.770621 -0.764958 -0.570449 0.054364
VERTEX_POSE A1230 -0.693962 0.288608 0.136405 0.968293 0.048699 -0.499388 -0.715334 -0.222851 -0.776633 0.390375 -0.199225 -0.091751 -0.334544 0.785573 0.355855 -0.340883 -0.541673 -0.111360 -0.328303 0.010597
VERTEX_POSE A1231 0.100102 -0.426596 0.519817 0.355561 0.642821 0.647833 0.317902 -0.324188 0.014885 -0.625484 0.227427 -0.587525 0.245037 0.290139 -0.308373 -0.440182 -0.797429 0.373915 -0.503890 0.350864
VERTEX_POSE A1232 0.790642 0.048661 0.895943 -0.829361 -0.653874 -0.139204 0.755883 0.538633 -0.665104 -0.509016 0.538982 0.584797 -0.181421 0.615500 0.231266 0.048566 0.183858 0.377872 -0.366430 0.082029
VERTEX_POSE A1233 -0.300712 0.290161 0.791744 -0.133007 0.995610 -0.552446 0.257428 0.188499 -0.721011 -0.003343 0.033940 -0.031823 0.790614 -0.566934 -0.256893 0.063677 0.432295 0.328541 0.551901 0.674554
VERTEX_POSE A1234 -0.047580 -0.312468 -0.329374 -0.741486 -0.213610 0.412987 -0.507968 0.301694 -0.269203 -0.820446 -0.418947 -0.545373 -0.001193 0.456598 0.256688 0.235745 -0.663915 -0.627417 0.115149 -0.290170
VERTEX_POSE A1235 0.984868 -0.951886 -0.651854 0.945216 -0.098589 -0.143059 -0.715632 0.087056 0.721685 0.131985 0.418235 0.323837 0.384755 -0.550680 -0.087152 -0.089000 -0.657563 0.588420 -0.560797 -0.286117
VERTEX_POSE A1236 -0.951456 0.632422 0.627581 -0.919836 0.620758 0.583789 -0.363672 -0.656096 -0.388728 -0.363301 0.127236 -0.512173 -0.658859 -0.260330 -0.355314 0.305729 -0.189482 0.345705 -0.456277 0.670578
VERTEX_POSE A1237 -0.267366 -0.320985 0.217663 -0.919310 -0.825347 0.613740 0.260184 -0.185700 -0.533593 0.040133 0.325278 0.174503 0.666756 -0.134056 0.110064 0.423738 0.823269 0.544092 -0.553693 0.404929
VERTEX_POSE A1238 0.256546 0.013221 0.779223 0.940773 0.647540 0.028155 0.182545 0.831165 -0.754140 -0.607926 0.028326 0.094813 0.192508 -0.308260 -0.385039 0.517340 -0.395191 0.522720 -0.540744 -0.239088
VERTEX_POSE A1239 0.143271 0.606528 -0.282808 -0.696357 -0.394574 0.257040 -0.488765 0.315271 -0.342774 0.168188 -0.128990 -0.148624 0.176710 -0.770564 -0.890789 -0.261151 0.253699 0.029006 -0.795861 -0.475219
VERTEX_POSE A1240 0.945423 0.971431 0.889718 0.181147 -0.237199 -0.618986 -0.222081 -0.637056 0.025136 0.380145 -0.522378 0.522391 -0.709188 -0.199641 -0.547003 -0.498407 0.354773 -0.210048 0.234120 0.394413
VERTEX_POSE A1241 0.495017 -0.843778 0.755404 0.482760 0.396050 -0.109021 -0.289324 0.445880 0.477011 -0.526207 -0.237612 0.428462 -0.434860 0.524561 -0.581284 -0.670222 -0.374631 0.488983 0.033122 -0.573776
VERTEX_POSE A1242 0.985722 -0.528334 0.703361 0.125497 0.567993 0.690664 0.116603 0.424383 0.437927 -0.471666 0.138743 -0.006998 -0.293074 -0.640797 -0.351711 -0.760705 0.418133 0.455470 -0.315230 -0.463889
VERTEX_POSE A1243 0.419983 -0.660102 -0.112715 0.067052 -0.256553 0.334209 0.590911 -0.110590 -0.052830 -0.281016 0.441557 -0.091106 0.672085 0.604506 0.737264 0.062218 -0.299002 -0.577629 0.341005 -0.581350
VERTEX_POSE A1244 0.489060 -0.038025 0.741901 0.210377 -0.267842 -0.438271 0.265332 -0.157915 -0.346444 -0.099298 0.858078 -0.267887 -0.501290 0.174983 0.534729 0.551049 0.452621 -0.574628 0.603981 -0.057276
VERTEX_POSE A1245 0.262432 0.417271 -0.260031 0.375823 0.911440 0.228868 -0.621570 0.343292 -0.796362 -0.544229 -0.049967 -0.355698 0.477479 0.061399 0.380862 -0.296247 -0.626750 -0.204573 0.041442 -0.695031
VERTEX_POSE A1246 -0.088037 -0.899233 0.472672 -0.032553 -0.172856 0.393867 -0.662675 0.511325 0.495027 0.434698 0.556674 -0.354031 -0.506958 0.093981 0.580555 -0.313119 -0.580671 0.370724 0.129806 -0.287489
VERTEX_POSE A1247 0.704774 0.524464 -0.143815 0.893909 0.892107 0.888387 0.355682 -0.070404 0.118715 -0.608215 -0.605082 -0.140237 0.429134 0.150117 -0.137265 0.481855 -0.768516 0.397702 -0.295339 0.125571
VERTEX_POSE A1248 -0.582244 -0.550271 0.683037 0.230772 0.292499 -0.132768 -0.081306 -0.400304 -0.580635 -0.295641 -0.042168 -0.519808 -0.021883 -0.595865 -0.406817 -0.460523 0.635302 -0.457750 0.832722 0.281629
VERTEX_POSE A1249 0.473907 -0.157557 0.926948 0.794585 -0.091292 -0.317938 -0.872245 -0.115252 0.025922 0.286139 -0.544420 -0.699754 0.352006 0.474862 -0.593816 -0.008045 -0.272683 0.236579 -0.182590 0.624878
VERTEX_POSE A1250 0.664449 -0.554024 0.035618 0.514224 0.641923 -0.437486 -0.297651 0.448425 0.542077 -0.747873 0.228978 0.061335 -0.230128 -0.838903 0.495836 0.015715 0.038118 0.514921 0.546703 0.203157
VERTEX_POSE A1251 0.226783 -0.657213 0.833988 -0.968090 0.202215 -0.324392 0.228481 -0.190211 0.341444 -0.679961 0.499080 0.816149 0.106858 -0.545044 0.198897 0.560984 0.472459 0.269309 0.399158 0.440964
VERTEX_POSE A1252 0.226745 0.551323 -0.777385 0.338881 0.343742 -0.612715 0.043245 0.498567 -0.366744 0.279607 -0.393149 0.464278 0.826231 0.168613 0.428568 -0.377085 0.553640 0.301421 -0.308382 -0.511778
VERTEX_POSE A1253 -0.045066 -0.216937 0.511713 0.719059 -0.659831 0.442693 -0.421007 0.541379 0.321269 -0.242734 -0.028023 0.282395 -0.510887 0.010614 -0.348281 -0.663054 -0.574220 0.706939 0.251369 -0.613418
VERTEX_POSE A1254 0.840920 -0.815131 -0.928988 0.447280 0.012456 -0.517585 -0.553914 -0.058224 0.393105 -0.489240 -0.740039 0.437463 -0.274270 0.192242 0.216102 0.589938 -0.440696 -0.582666 0.174850 -0.466671
VERTEX_POSE A1255 -0.643537 0.617701 -0.599546 0.853238 -0.304576 0.443313 -0.712436 0.128162 0.126093 -0.137122 0.118976 -0.539745 -0.319735 0.751487 -0.540361 0.187801 -0.091145 0.451951 0.579770 0.629586
VERTEX_POSE A1256 0.679405 -0.998287 0.799667 0.623751 -0.464979 -0.036613 0.827129 -0.115965 0.687285 -0.373883 -0.285507 0.416886 0.228323 0.456020 0.124783 -0.067807 0.816924 0.580461 0.345457 -0.172394
VERTEX_POSE A1257 -0.841073 0.261341 -0.603430 0.249884 0.298199 -0.526602 0.618107 -0.324800 0.541693 0.197849 -0.322602 -0.013424 -0.577056 0.122026 0.270565 0.476522 0.805352 -0.596551 -0.136864 0.356300
VERTEX_POSE A1258 -0.354391 0.604174 -0.924149 -0.138011 0.282230 0.471389 -0.247947 0.281876 -0.538247 0.507254 0.622591 0.380214 -0.077918 0.582507 0.393044 0.779308 -0.347517 0.434783 0.260429 0.269896
VERTEX_POSE A1259 -0.898173 0.213010 0.329504 0.785815 -0.061553 -0.386306 -0.291140 0.801955 -0.215011 -0.402570 -0.380877 -0.894798 0.165433 -0.271047 0.008359 -0.341860 0.254179 0.061690 -0.780345 -0.271527
VERTEX_POSE A1260 -0.893641 0.297402 0.663585 -0.011257 0.780566 0.008170 0.650144 -0.677513 0.074581 -0.507396 -0.075826 0.644859 -0.295071 -0.302734 0.457992 -0.129705 -0.322195 0.607266 0.464728 0.582898
VERTEX_POSE A1261 -0.048353 -0.107219 0.212256 -0.169718 -0.669071 -0.122724 0.377044 0.468982 -0.018320 -0.537455 -0.003436 0.616938 0.602658 -0.271953 -0.014260 0.147751 0.783261 -0.777038 0.428897 -0.304283
VERTEX_POSE A1262 0.201930 0.786414 -0.150680 0.141376 -0.418732 0.136027 -0.746561 -0.114427 0.128741 -0.296916 -0.614879 -0.662757 0.158342 0.077176 0.155242 0.525713 -0.689458 -0.708220 -0.230306 -0.357102
VERTEX_POSE A1263 0.897000 -0.653937 0.559528 0.159382 -0.873308 0.047393 0.690762 -0.439818 0.373189 -0.677041 -0.290076 0.467580 0.091271 -0.311199 -0.557388 -0.214550 -0.750288 -0.573735 -0.100505 0.250278
VERTEX_POSE A1264 0.650935 -0.817057 0.004000 0.697275 -0.673460 -0.271658 -0.714576 0.260483 -0.774659 0.413254 0.046513 -0.449158 -0.264207 0.352510 0.106462 0.481393 0.694491 -0.336196 0.130608 -0.568686
VERTEX_POSE A1265 -0.845651 -0.526053 0.519946 0.399890 0.367658 0.250782 0.323366 0.379266 -0.542839 -0.163735 -0.442468 0.681911 0.295061 -0.494081 0.406896 -0.869621 0.170563 0.108937 -0.159137 -0.622231
VERTEX_POSE A1266 0.881868 -0.605823 0.907674 0.104598 0.028103 -0.485221 -0.405971 0.315635 0.367398 -0.731204 -0.359598 -0.121994 0.068837 0.618797 -0.688303 0.166147 -0.605082 -0.375414 -0.517866 0.148426
VERTEX_POSE A1267 0.699479 0.815365 -0.368420 0.777439 0.947298 0.662117 0.662709 -0.022795 0.534822 -0.522222 -0.596433 -0.163983 0.511166 -0.474514 0.475494 -0.163228 0.371564 0.150270 0.012917 0.529646
VERTEX_POSE A1268 -0.113016 0.152962 -0.262391 0.480580 0.542311 -0.852496 0.431989 0.286981 -0.091340 -0.596718 0.482219 0.123841 0.409030 -0.411770 0.471054 0.459190 0.717963 -0.166371 -0.281338 -0.008960
VERTEX_POSE A1269 0.138414 0.407398 0.686896 0.045372 -0.324356 0.509148 0.490353 -0.082656 0.343388 0.238392 -0.641190 0.316658 0.437809 0.708373 0.406571 -0.120434 -0.200654 -0.597729 0.704658 -0.199973
VERTEX_POSE A1270 -0.157250 0.421893 0.348772 -0.918918 -0.447276 0.655897 -0.113865 -0.631339 -0.456222 -0.585711 -0.447494 -0.385524 0.466519 -0.626113 -0.102672 -0.629912 0.080563 -0.449989 0.171896 0.051498
VERTEX_POSE A1271 -0.167593 0.124393 -0.372673 -0.338273 -0.694888 -0.603954 0.045006 -0.459074 0.099029 0.423447 -0.379400 -0.482343 0.390230 0.749325 0.496821 0.687554 0.023135 -0.382030 0.440066 -0.288589
VERTEX_POSE A1272 -0.366569 0.563620 0.442300 -0.471868 -0.928306 0.688324 -0.091383 -0.530551 0.388282 -0.529972 -0.054408 0.283190 0.397185 0.392551 -0.184535 0.547458 -0.691452 0.511075 0.503303 0.288710
VERTEX_POSE A1273 -0.171529 0.893558 0.052133 0.206579 -0.879283 -0.090781 0.448522 0.544315 0.485138 0.546629 -0.319819 -0.772779 0.170637 -0.540360 0.024182 -0.658666 0.123773 0.398280 -0.192529 -0.542336
VERTEX_POSE A1274 -0.747610 0.464291 0.514612 0.728779 0.048559 0.284017 -0.500925 -0.680965 -0.717271 0.330779 -0.605324 0.099265 0.572504 0.099071 0.591712 0.557457 -0.364466 -0.211851 0.033771 0.164980
VERTEX_POSE A1275 -0.877509 -0.474405 0.184201 0.738509 -0.196148 -0.039066 0.601781 0.509520 0.492166 0.511598 -0.105506 -0.705841 0.100619 -0.388299 0.507843 -0.297847 -0.412585 0.011397 -0.526584 0.638948
VERTEX_POSE A1276 -0.909096 0.310830 0.792102 -0.417598 -0.967843 -0.220195 -0.432545 -0.585381 0.726282 -0.089205 0.326398 0.086671 -0.833257 0.326081 -0.627758 -0.138664 0.532155 0.149785 -0.302329 -0.401591
VERTEX_POSE A1277 0.164353 0.565058 -0.012716 -0.303774 0.875703 -0.472789 0.445378 0.131468 -0.527757 -0.228006 0.545209 -0.417000 -0.566662 0.081578 -0.460285 -0.146902 -0.823777 -0.334949 0.637938 -0.014154
VERTEX_POSE A1278 0.827265 -0.949941 -0.959614 0.632418 -0.304041 0.018522 -0.632535 -0.363436 -0.159674 0.438008 0.526382 -0.719991 0.336731 -0.582492 -0.429252 -0.500798 0.402796 -0.521072 -0.209432 0.298821
VERTEX_POSE A1279 -0.491341 0.760558 0.475139 0.813175 0.324656 -0.077570 0.575958 -0.471268 -0.765621 0.371502 0.186946 0.207301 -0.156474 -0.663181 -0.552312 -0.702796 -0.218054 0.244512 -0.108863 0.505570
VERTEX_POSE A1280 -0.361741 -0.592499 -0.085768 -0.509188 -0.215589 0.473610 0.811555 -0.149037 -0.664011 0.571274 0.308869 0.226331 -0.015955 0.862445 -0.125449 -0.117458 0.295016 -0.517512 0.031211 -0.227028
VERTEX_POSE A1281 0.491714 -0.503965 0.076004 0.146642 -0.662118 0.374203 -0.556162 -0.235111 -0.819121 -0.362009 -0.433792 -0.030196 0.444135 -0.477647 0.377581 -0.434244 -0.405185 0.213387 0.416904 -0.603511
VERTEX_POSE A1282 0.735443 -0.896654 0.309127 0.845085 -0.473129 0.548348 0.516788 0.213119 -0.130329 -0.699438 0.180649 0.108695 -0.218616 -0.398765 -0.355382 0.286318 -0.758499 0.737712 -0.337559 -0.433141
VERTEX_POSE A1283 0.865004 0.958824 0.136847 0.829692 -0.871848 -0.911786 -0.020480 -0.085756 -0.097988 0.616277 -0.542845 -0.363868 -0.191091 0.479755 -0.078246 -0.571665 -0.680351 0.143256 -0.506426 -0.070161
VERTEX_POSE A1284 -0.553352 0.279098 -0.412284 -0.134299 -0.321949 -0.641898 -0.319371 0.544541 -0.624125 0.579105 -0.364244 -0.134138 0.469921 0.077623 0.424057 0.531773 0.351654 -0.024848 0.242965 0.664165
VERTEX_POSE A1285 0.576362 -0.711785 0.380139 0.292364 0.539327 -0.766974 0.035262 0.616305 -0.175642 0.065829 -0.467638 -0.317673 0.719107 -0.352805 -0.364073 -0.004880 -0.366499 -0.383974 -0.690858 -0.377745
VERTEX_POSE A1286 -0.778533 0.576525 0.537301 0.682930 -0.176423 0.049964 -0.609824 0.719013 0.177566 -0.277758 -0.060467 -0.369540 -0.497516 -0.614984 -0.170821 0.550743 0.205176 -0.894558 0.011161 0.243026
VERTEX_POSE A1287 -0.873947 0.280810 -0.612616 -0.510547 0.213073 0.646061 -0.409971 0.307848 -0.086457 -0.421187 -0.861276 0.576140 0.270048 -0.239887 -0.426027 -0.504481 0.325120 -0.248383 0.571925 -0.013554
VERTEX_POSE A1288 0.735289 0.549556 0.776709 -0.457751 -0.162474 0.304059 0.427997 0.489390 -0.557538 0.117344 0.482680 -0.326747 -0.543050 -0.293587 -0.298326 -0.416372 0.585290 0.633196 -0.578601 0.314259
VERTEX_POSE A1289 -0.132924 0.180698 0.613151 -0.455080 -0.894193 0.595607 -0.228836 0.554629 -0.551212 0.516044 0.211110 0.263913 0.677392 0.413637 -0.165659 -0.068014 0.485350 0.494292 0.466741 -0.491079
VERTEX_POSE A1290 -0.772120 -0.506180 0.716887 -0.724732 -0.848481 0.677727 -0.485671 0.542791 0.122617 0.305876 0.082426 0.330784 -0.438170 -0.753350 0.440921 0.357615 -0.356882 0.470979 0.592184 0.060685
VERTEX_POSE A1291 0.841648 -0.153041 0.440294 0.530991 -0.381908 0.445959 0.845162 0.156343 -0.367837 0.339353 0.354895 -0.421759 -0.068187 0.734792 -0.391563 0.279353 -0.158892 -0.578459 0.296401 -0.533330
VERTEX_POSE A1292 0.818723 -0.926520 -0.174593 0.375202 -0.563264 0.537058 0.603761 0.184339 0.290529 -0.659280 0.658571 0.760659 -0.130959 -0.319282 0.106001 -0.424151 -0.646865 0.193192 0.061394 0.109211
VERTEX_POSE A1293 0.429810 -0.719766 -0.433792 0.416643 -0.267212 -0.329183 -0.720470 -0.490116 -0.177929 0.303920 0.192880 -0.743381 -0.145970 0.372584 0.207490 0.082276 -0.561409 0.514113 -0.600399 0.518251
VERTEX_POSE A1294 0.738648 0.193021 -0.000178 -0.309626 -0.255216 0.628837 -0.614759 -0.034060 0.268439 0.451593 -0.015875 0.580154 0.606733 0.120839 0.162745 0.028610 -0.954647 -0.411632 0.221792 -0.269509
VERTEX_POSE A1295 0.469658 -0.743577 0.829407 0.072477 -0.236724 0.065095 -0.447649 -0.818440 0.508604 0.666324 -0.447557 -0.158209 0.497676 -0.005629 0.237671 0.097169 0.228140 -0.809671 0.313847 -0.278871
VERTEX_POSE A1296 0.584159 -0.245819 -0.913846 -0.183467 -0.899554 0.428272 -0.524047 -0.541996 0.694366 0.046963 -0.133171 0.160768 -0.489182 0.687195 -0.002278 0.494802 -0.261792 -0.555507 -0.488919 -0.384361
VERTEX_POSE A1297 0.620516 0.587198 -0.092505 0.794972 0.772887 0.220201 -0.466446 -0.255011 -0.202627 0.415423 0.464710 0.263494 -0.670169 0.531620 -0.915987 -0.398807 -0.043296 0.044633 -0.040973 -0.659181
VERTEX_POSE A1298 0.169137 -0.928212 -0.539013 -0.150084 -0.289426 0.100138 0.295633 -0.576405 -0.182476 -0.884024 0.049407 0.683581 -0.089679 0.387964 0.469076 0.096759 0.298691 0.518998 -0.337191 -0.652368
VERTEX_POSE A1299 -0.528857 0.907143 -0.176237 -0.702887 0.642757 -0.227000 0.075693 -0.223048 -0.446753 -0.647645 -0.553437 -0.726688 0.599331 0.048963 0.469901 0.348373 -0.559507 0.001068 -0.307027 0.573159
VERTEX_POSE A1300 -0.241070 -0.005404 -0.405608 -0.159656 -0.551469 -0.299442 0.114970 0.009850 -0.535599 0.347346 -0.535896 0.753174 0.379744 -0.113884 -0.213791 -0.097758 0.756029 -0.102425 0.844020 0.358006
VERTEX_POSE A1301 -0.988113 0.493680 0.809759 -0.069002 0.263298 -0.090142 -0.554602 -0.425214 0.169521 -0.598513 0.781276 -0.134353 -0.497359 -0.302826 0.482224 0.247664 0.121481 -0.844125 0.159672 0.319904
VERTEX_POSE A1302 0.303550 0.031536 0.451090 -0.041160 0.947868 0.738934 0.575109 -0.217273 0.122372 0.311908 0.673292 -0.629927 0.642082 -0.320540 -0.038911 -0.220310 0.294461 -0.201692 0.333403 0.556792
VERTEX_POSE A1303 0.392361 -0.441784 -0.963309 0.368475 -0.479776 0.738175 -0.618923 0.091797 -0.549065 -0.325394 0.213764 -0.192659 -0.421987 -0.550223 -0.260769 -0.432097 -0.380130 0.220245 0.382455 -0.706140
VERTEX_POSE A1304 -0.159642 0.387238 -0.138108 -0.862423 0.384015 0.745555 -0.593013 0.299229 0.506543 0.578621 -0.220339 -0.244723 0.167969 0.880270 0.167901 0.291148 0.180062 0.315408 0.447830 0.233697
VERTEX_POSE A1305 0.555940 -0.504173 -0.034298 -0.312381 -0.003573 -0.392381 0.575932 0.124876 -0.341807 0.288391 0.003748 0.327930 -0.325087 0.703493 0.147089 -0.315276 -0.692239 -0.774617 -0.616483 0.101464
VERTEX_POSE A1306 0.514852 0.083811 0.220893 0.106984 0.324076 -0.818055 -0.239425 0.369441 -0.297817 -0.580446 -0.650532 -0.067743 0.310210 -0.590465 -0.421738 0.628119 -0.256001 0.244209 -0.339107 -0.161668
VERTEX_POSE A1307 -0.068738 -0.301932 -0.346007 -0.280020 0.416172 -0.096927 -0.448834 0.150375 0.650370 0.169099 -0.670305 -0.372812 -0.107141 -0.558757 -0.521558 0.730569 -0.124820 0.395742 0.474071 0.447537
VERTEX_POSE A1308 -0.279708 -0.939115 0.952986 0.383845 -0.127870 0.031558 0.395759 -0.308828 0.043750 -0.327111 -0.656994 0.694129 -0.596256 -0.019086 0.560336 0.318755 0.483586 0.448662 0.528438 -0.488636
VERTEX_POSE A1309 0.342117 0.133870 0.261279 -0.260598 -0.979965 0.200025 -0.601263 0.522039 -0.453395 0.276622 -0.321370 0.606095 -0.201955 -0.702037 0.191595 -0.211381 -0.129901 -0.591914 -0.690286 -0.338328
VERTEX_POSE A1310 0.439921 -0.541374 -0.870868 -0.466846 -0.259172 -0.706104 -0.055402 -0.221971 0.109553 0.214665 0.509653 -0.093101 -0.409983 0.782623 0.338466 -0.832638 -0.268233 0.605135 0.299128 -0.080838
VERTEX_POSE A1311 0.358552 -0.531614 -0.132782 0.874657 0.656541 0.105442 -0.042772 0.084870 0.349362 -0.652814 0.623777 0.781796 0.022273 -0.534137 0.180168 0.735453 0.526525 0.472400 0.174980 0.202901
VERTEX_POSE A1312 -0.166169 0.629905 -0.662718 0.886044 -0.642083 0.678992 0.233102 -0.314465 -0.119631 0.096759 0.353060 -0.068946 0.280301 0.762698 -0.593902 -0.370040 -0.290413 -0.408882 0.849001 -0.332284
VERTEX_POSE A1313 0.175364 -0.438028 0.438259 -0.621761 0.267699 -0.395329 -0.479869 -0.143560 -0.391431 0.484648 0.741742 0.465297 -0.466046 0.486096 0.583134 0.515234 -0.224308 -0.365992 0.228422 -0.377632
VERTEX_POSE A1314 0.223556 -0.572790 -0.995935 0.704349 0.784693 -0.048450 -0.861776 0.034442 -0.702167 -0.010455 0.685551 0.513443 -0.364018 0.445092 -0.417374 -0.125862 -0.309769 -0.258437 -0.329973 -0.484531
VERTEX_POSE A1315 0.280479 -0.090997 -0.075001 -0.248255 0.035969 0.306351 -0.057990 -0.324919 -0.279234 0.708355 -0.630310 0.382369 -0.317641 -0.580531 0.650550 0.615243 0.360107 0.508680 -0.124298 -0.174481
VERTEX_POSE A1316 -0.248274 -0.149813 -0.181602 0.670604 -0.192974 -0.131630 0.090516 0.383124 0.621311 -0.006587 -0.619978 0.618398 -0.010103 0.683323 0.393906 -0.481368 0.041556 0.243038 0.871749 -0.013600
VERTEX_POSE A1317 0.445023 -0.996265 0.541366 0.387279 -0.391730 0.501474 -0.515245 0.673191 -0.297403 0.577994 0.616074 0.333977 0.195769 -0.320406 0.510720 0.089512 -0.222254 0.536377 0.595069 0.123332
VERTEX_POSE A1318 0.406532 -0.810186 0.312383 0.241198 -0.750959 0.024495 0.427859 0.116253 -0.671506 0.368385 -0.180020 0.597138 -0.168763 -0.006019 -0.118651 -0.441813 -0.828142 0.421696 0.676424 -0.517903
VERTEX_POSE A1319 -0.512985 -0.600257 -0.404894 -0.787148 0.644552 0.684930 -0.487610 0.268124 -0.361560 0.324531 0.738520 -0.364330 -0.148427 -0.568676 0.314002 0.634588 -0.180731 0.410867 0.481854 -0.163224
VERTEX_POSE A1320 -0.687901 0.184433 0.154517 0.932199 -0.285923 0.672020 0.190697 0.608177 -0.458220 -0.590450 0.337030 -0.294115 0.201269 0.397332 -0.492534 0.597982 0.371161 -0.096591 0.465738 -0.469998
VERTEX_POSE A1321 0.634413 -0.316366 0.029270 0.516466 -0.599439 -0.110064 0.936859 -0.164870 -0.640513 0.037740 0.702892 -0.161091 -0.100300 -0.505353 -0.042642 -0.305461 -0.049296 0.741526 0.132301 0.470051
VERTEX_POSE A1322 -0.671337 0.246702 -0.964600 0.743844 -0.737356 0.708445 0.153960 0.528083 -0.319358 -0.794050 0.369609 -0.231272 0.276578 0.507339 -0.107372 0.000895 0.555166 -0.575414 0.518926 0.137532
VERTEX_POSE A1323 -0.869178 0.257913 0.979924 0.307400 0.150813 -0.243656 -0.638202 -0.513571 0.662354 -0.392262 -0.324701 -0.146618 0.337543 -0.664263 0.558912 -0.131578 0.248742 0.409926 0.554599 -0.357347
VERTEX_POSE A1324 0.064223 -0.036132 0.595478 -0.066891 0.133348 0.637761 0.479432 -0.546609 0.524644 0.241974 0.541327 -0.188479 0.283750 0.073974 -0.200853 -0.053695 -0.627232 0.492081 -0.792588 -0.096400
VERTEX_POSE A1325 -0.932689 -0.560277 0.035221 -0.565783 0.007427 0.605939 -0.364630 0.419820 0.416175 0.815014 0.077128 -0.525879 -0.121438 0.202192 -0.022918 0.105862 -0.750709 -0.427273 0.420528 0.461905
VERTEX_POSE A1326 0.600480 0.514336 0.809331 -0.620123 0.914089 -0.344994 0.374453 -0.279639 -0.540374 0.608401 0.461218 -0.310679 -0.015500 -0.485613 -0.629008 -0.459452 -0.307416 -0.311132 -0.527538 0.615431
VERTEX_POSE A1327 -0.351618 0.718049 0.681631 0.749642 0.233794 -0.583906 0.031829 -0.320090 -0.332510 0.646051 0.677897 -0.567532 -0.522056 0.299479 -0.154746 -0.467664 0.231427 0.449947 -0.300588 0.542911
VERTEX_POSE A1328 0.687827 -0.973079 0.942717 -0.770810 -0.219685 0.620503 -0.439713 0.509841 -0.604965 -0.417961 -0.039860 -0.085802 -0.538526 -0.391872 0.483402 -0.158096 -0.734668 -0.089182 -0.562989 0.212540
VERTEX_POSE A1329 -0.230383 0.586123 -0.729682 0.229794 -0.375337 -0.095368 -0.478200 -0.186759 -0.376525 -0.089972 -0.606161 0.788272 -0.365968 0.111807 0.398292 0.001093 -0.754071 0.262915 0.793282 -0.128710
VERTEX_POSE A1330 0.119525 0.625192 -0.494605 -0.953245 -0.123449 -0.529026 -0.609654 0.288130 -0.249589 0.356054 -0.281359 -0.380733 0.200628 -0.682331 -0.487169 0.620474 0.577280 -0.524924 -0.276241 -0.197459
VERTEX_POSE A1331 -0.553243 0.021518 -0.462892 0.069533 0.228845 -0.568678 -0.126472 0.206437 0.639670 -0.422184 0.484748 0.221699 -0.437436 -0.185806 -0.021151 -0.492245 -0.747913 -0.466722 -0.610008 0.358477
VERTEX_POSE A1332 -0.218497 0.079803 -0.919923 -0.839208 0.887961 -0.039915 -0.323070 0.126096 0.476671 -0.168222 0.639714 0.576857 0.532171 -0.482302 -0.380284 0.758932 0.496968 0.542043 0.090241 0.308662
VERTEX_POSE A1333 -0.576925 -0.343272 0.956485 0.005595 -0.175581 -0.051120 0.126608 0.315986 -0.206153 -0.673127 -0.586449 0.552424 -0.517576 0.539104 0.789074 0.283769 -0.514868 0.164552 -0.427153 0.022545
VERTEX_POSE A1334 0.839119 0.579733 -0.426200 -0.561991 0.749070 0.164216 -0.282324 -0.738960 0.514387 0.610046 -0.241272 0.562093 -0.041275 -0.181597 0.144294 0.521376 0.356035 0.609647 -0.524023 0.485785
VERTEX_POSE A1335 0.621861 -0.532958 -0.058031 -0.701631 0.271976 0.425824 -0.765778 -0.026562 0.613070 0.275966 -0.052718 -0.471802 -0.093547 -0.740223 0.445906 0.066105 -0.667562 -0.146252 -0.569478 0.054274
VERTEX_POSE A1336 0.979014 0.152555 -0.077813 0.693214 0.820846 -0.042078 -0.326255 -0.568859 -0.368198 0.736130 -0.442154 0.750944 0.517253 -0.054351 0.546240 -0.234037 -0.244516 -0.019110 0.171309 0.646651
VERTEX_POSE A1337 0.353971 -0.336455 0.794692 0.544993 0.073146 0.336326 -0.188520 0.447096 -0.035786 0.425265 -0.424786 -0.692907 0.528867 0.408622 0.630540 0.709419 0.092482 -0.088909 0.025182 -0.666437
VERTEX_POSE A1338 -0.446877 0.165109 0.595963 0.018349 -0.311852 -0.841747 -0.352546 0.403674 -0.196576 0.507910 -0.047399 0.323458 -0.220775 0.354303 0.131130 0.528504 0.781781 -0.361939 0.538220 -0.313191
VERTEX_POSE A1339 -0.300694 0.213440 -0.124827 0.077059 -0.307024 0.566447 0.507061 -0.297899 0.568223 -0.549522 0.549494 0.187318 -0.591350 -0.646692 -0.211319 -0.259942 -0.389262 0.525848 0.153786 -0.198941
VERTEX_POSE A1340 -0.303911 0.797415 0.055971 -0.715606 0.093181 -0.362544 0.634337 -0.413689 0.832942 0.006100 -0.044608 -0.412413 -0.444842 0.355010 -0.024348 -0.385571 -0.808454 0.063964 0.501028 0.217349
VERTEX_POSE A1341 0.993044 0.623735 0.725095 0.551504 0.428975 -0.662810 0.685988 -0.230091 -0.504391 -0.233054 0.345055 -0.072598 -0.326952 -0.904620 -0.341067 -0.515469 0.094225 0.429738 0.320157 -0.027926
VERTEX_POSE A1342 -0.942142 0.681826 0.742391 -0.048284 -0.650483 0.034974 -0.318028 0.612027 0.870130 -0.434058 0.000059 0.461454 0.716298 -0.089171 -0.163675 -0.404939 -0.313256 -0.043822 0.182738 0.720655
VERTEX_POSE A1343 0.529920 0.427321 0.393254 -0.829562 0.451099 -0.219235 0.477807 -0.023591 0.253189 0.385311 0.497273 0.807998 0.379494 -0.058510 0.339767 -0.655840 0.483538 0.345729 -0.221569 -0.717587
VERTEX_POSE A1344 0.168408 -0.814293 0.163353 0.929743 -0.303326 -0.734202 -0.563813 -0.337354 -0.309300 0.108947 0.491943 0.091054 0.423060 -0.673914 -0.332430 0.392325 0.390901 0.496467 -0.580816 0.192926
VERTEX_POSE A1345 0.281414 -0.890964 0.746457 -0.343936 -0.865790 -0.385718 -0.645547 0.528825 -0.006309 -0.195663 -0.385538 -0.594484 0.678654 0.089149 0.392575 -0.039539 -0.346379 0.586222 0.287839 0.666168
VERTEX_POSE A1346 -0.189601 -0.663676 -0.681747 -0.077817 -0.512932 0.295565 0.315812 -0.600258 -0.487795 0.300528 0.534359 -0.174034 0.583427 0.071827 0.411151 -0.466000 0.445729 -0.689467 -0.502397 -0.387707
VERTEX_POSE A1347 0.920135 0.035894 0.981751 0.600347 0.503700 0.524282 -0.114226 0.056751 0.046530 -0.434647 0.845397 0.585199 0.642300 0.320455 -0.354992 0.598516 0.174385 -0.504466 0.165115 0.385981
VERTEX_POSE A1348 -0.273563 -0.887229 0.287823 -0.956657 -0.257520 0.180991 -0.335553 0.508943 0.640321 0.413377 0.227630 0.070343 0.013529 0.731454 0.583275 0.279447 -0.336971 -0.460515 0.798905 0.201463
VERTEX_POSE A1349 -0.783068 -0.473862 0.630635 -0.836619 -0.263891 0.088352 -0.232436 -0.195832 -0.873776 -0.143614 0.442591 -0.359542 0.037903 -0.709540 0.141896 0.688192 0.389541 -0.281612 0.671046 -0.332528
VERTEX_POSE A1350 -0.592850 0.435637 -0.423143 0.813199 0.148252 0.166535 0.235040 -0.491872 0.121770 -0.616837 -0.555088 -0.232724 0.708831 -0.235169 0.927883 0.234732 -0.036876 0.205694 -0.082024 0.627116
VERTEX_POSE A1351 0.038535 0.297204 -0.557660 0.975542 0.456558 0.140563 0.083977 -0.947243 -0.238708 -0.347989 0.064462 -0.474606 -0.456341 -0.309434 -0.706576 0.701787 -0.030046 -0.445825 -0.413642 0.043861
VERTEX_POSE A1352 0.851345 0.209771 -0.340095 0.679847 0.136669 -0.394096 -0.154417 -0.082692 0.388562 -0.437872 0.791419 -0.711643 -0.555735 0.132701 -0.176149 0.447715 0.380984 0.395277 -0.524531 -0.451729
VERTEX_POSE A1353 -0.264187 -0.317661 -0.387743 0.557043 0.410896 -0.587442 0.208956 -0.430222 -0.158681 -0.724424 0.515608 0.559317 -0.442577 -0.633255 0.478646 0.476735 0.384755 0.296301 0.091633 -0.002984
VERTEX_POSE A1354 0.169357 -0.444883 -0.577736 0.282942 -0.392629 0.513864 0.607210 -0.297348 0.471926 -0.474563 -0.465057 -0.019793 0.297432 0.577767 0.146234 0.516713 -0.157612 0.701037 -0.225007 0.580216
VERTEX_POSE A1355 -0.084433 -0.826360 -0.744617 -0.387044 -0.729982 -0.084817 -0.594851 0.488609 -0.672818 0.592424 0.046584 0.493745 0.376283 0.455335 -0.252394 0.087006 0.739340 -0.482323 -0.382135 -0.071675
VERTEX_POSE A1356 -0.196876 0.122063 0.647478 0.991260 -0.581677 0.684883 0.379807 -0.131203 0.396044 0.457964 -0.059900 0.124362 -0.389920 0.160596 0.180254 -0.437440 -0.872082 0.571075 -0.550114 0.439182
VERTEX_POSE A1357 -0.230163 -0.930547 -0.768405 0.662820 -0.478540 0.489015 0.042851 0.394647 0.523287 -0.727450 0.074141 -0.352662 -0.593684 0.146374 0.088942 -0.193378 -0.887958 -0.595612 -0.281290 0.169889
VERTEX_POSE A1358 0.563949 0.891689 0.937014 -0.637402 0.503812 -0.278756 -0.434586 -0.611883 -0.201441 0.548136 -0.427490 0.269023 -0.047696 -0.653509 -0.584440 -0.543589 0.125093 0.683940 -0.461430 -0.011348
VERTEX_POSE A1359 -0.509049 0.148984 0.590195 -0.779550 0.198638 0.735658 0.421150 0.268001 -0.663109 0.433136 0.271281 0.022206 0.392006 0.518040 -0.122349 0.495224 -0.135934 0.060258 0.485912 -0.753484
VERTEX_POSE A1360 0.539454 0.655576 -0.498086 -0.107387 0.146123 -0.331118 -0.266904 -0.406814 0.460620 0.038329 0.420454 -0.241915 -0.851240 0.143121 -0.617963 0.178772 0.730087 0.487636 -0.413189 0.322817
VERTEX_POSE A1361 -0.316526 0.516881 -0.557591 -0.590647 -0.619637 -0.342409 -0.682830 0.294582 -0.744209 0.118234 -0.343141 0.342693 -0.416320 0.305391 0.226321 0.508973 0.262510 0.400311 -0.295614 -0.795802
VERTEX_POSE A1362 -0.062291 -0.829498 -0.872697 0.289983 -0.572517 0.038292 -0.539933 -0.783535 0.128388 0.112546 0.004904 -0.463062 -0.282314 0.447948 -0.732329 -0.304983 -0.041921 -0.480955 0.723250 -0.428526
VERTEX_POSE A1363 -0.679042 -0.264621 -0.418009 0.053405 0.034084 0.761360 -0.266729 0.489891 0.071622 -0.423085 0.183097 -0.104839 0.716629 0.640373 0.621428 0.480388 -0.544104 0.134300 0.074334 0.142672
VERTEX_POSE A1364 0.106549 -0.826391 -0.601106 0.414948 0.204782 -0.508434 -0.759972 0.252222 -0.545061 0.643588 0.232371 0.367328 -0.039887 0.169725 0.213474 -0.081219 -0.658209 -0.513714 0.007031 -0.648338
VERTEX_POSE A1365 -0.223172 0.750235 -0.298897 0.727992 -0.823448 0.250485 -0.493659 0.290639 -0.360290 -0.774163 -0.402982 0.041191 -0.317546 0.211023 -0.731498 0.231207 -0.259617 0.520253 0.051779 -0.800751
VERTEX_POSE A1366 0.942819 0.202421 0.523960 0.351775 -0.693940 -0.328529 -0.567245 -0.246721 -0.582713 0.522312 -0.492484 -0.374764 0.450862 0.483392 -0.590309 -0.392267 0.509307 -0.252194 -0.219711 -0.451140
VERTEX_POSE A1367 0.085563 0.326163 0.321081 0.108162 0.025628 0.186029 0.696190 0.676706 0.470537 0.180041 -0.470735 0.348442 -0.658230 0.504397 -0.331901 0.193312 -0.171474 -0.715834 -0.110763 0.191460
VERTEX_POSE A1368 -0.869201 -0.586220 -0.504205 0.272985 0.249699 0.608672 -0.179210 -0.757878 -0.627988 -0.695422 -0.336591 -0.228997 0.457424 -0.300242 -0.286227 0.307597 -0.130633 0.317464 -0.424758 0.452898
VERTEX_POSE A1369 -0.504058 -0.632470 0.119923 -0.629876 -0.005792 0.332123 -0.247645 0.513667 -0.242319 -0.585065 0.517995 -0.396543 -0.654150 -0.532155 0.684544 -0.251067 -0.423235 -0.452911 0.324691 -0.074231
VERTEX_POSE A1370 0.784869 -0.460397 -0.803746 -0.814779 0.718604 -0.444234 -0.229596 -0.328127 -0.402848 0.728685 0.080399 -0.629508 0.069190 -0.366034 -0.476861 -0.346823 0.806947 0.129200 0.539658 0.317370
VERTEX_POSE A1371 -0.173113 -0.788805 0.551766 0.557379 -0.657120 0.085348 0.583245 -0.172479 -0.744794 0.376974 -0.442257 0.396887 0.021297 -0.288364 0.290648 0.718544 0.411673 -0.442721 -0.030929 0.722517
VERTEX_POSE A1372 -0.511014 0.991266 -0.154983 0.921628 -0.576817 -0.767905 -0.499623 0.098408 -0.120050 -0.194205 0.507959 -0.197412 0.468830 -0.323982 -0.559668 0.655602 0.160065 0.209068 0.251089 0.775699
VERTEX_POSE A1373 0.842727 -0.778571 0.938645 0.136937 -0.931879 -0.256150 -0.474504 -0.516405 0.429597 -0.713682 0.544433 -0.823505 -0.260537 0.313808 -0.145031 0.421702 0.571130 -0.225032 -0.140683 0.110694
VERTEX_POSE A1374 -0.643193 0.638515 -0.054980 0.727817 0.793979 -0.486032 -0.187946 -0.422854 0.060131 -0.771308 0.582085 -0.338719 -0.523911 -0.471107 0.543281 -0.287762 -0.254693 -0.591839 0.111672 0.442223
VERTEX_POSE A1375 0.657395 -0.823027 -0.991629 0.851371 0.119857 0.191312 0.722946 -0.168656 -0.411057 0.514631 -0.470010 0.544878 -0.101861 -0.494695 0.269387 0.449434 0.700585 -0.651897 -0.011758 0.122896
VERTEX_POSE A1376 0.124141 -0.669535 0.685102 0.793001 -0.797668 -0.590444 -0.453138 0.009010 0.233143 0.492152 0.635610 -0.270833 0.451914 -0.457750 0.003330 0.466568 -0.502103 -0.723642 0.361304 0.366437
VERTEX_POSE A1377 0.167207 0.974839 0.263273 -0.349999 -0.718953 0.239432 -0.594679 -0.128986 0.666343 -0.050782 0.064816 -0.581880 0.174922 -0.295131 -0.376321 -0.530967 0.712765 -0.135859 -0.575547 -0.619698
VERTEX_POSE A1378 0.577529 0.212867 0.990122 0.451718 -0.376443 0.094908 0.370173 0.513855 -0.452482 0.465283 0.539076 -0.454808 0.547508 -0.651823 0.197110 -0.038469 0.016336 0.735221 0.587570 -0.142164
VERTEX_POSE A1379 0.850578 -0.556765 -0.027075 0.836345 -0.055188 0.396594 -0.055713 0.681873 -0.221096 -0.156819 0.453864 -0.101650 -0.227938 -0.515290 -0.877489 -0.085829 0.251672 -0.116233 0.955501 0.013930
VERTEX_POSE A1380 0.384139 -0.499023 -0.106092 -0.186618 0.017155 0.154982 0.720527 -0.395661 -0.287802 0.025211 0.226118 0.562017 0.064304 0.761050 -0.237008 0.689255 0.348232 0.721883 0.031593 -0.303084
VERTEX_POSE A1381 0.984679 -0.351495 -0.433021 0.264917 0.771808 0.517717 -0.684064 -0.175537 0.608566 0.278422 0.608749 0.368005 -0.286400 -0.075965 -0.416662 -0.524570 0.733233 0.229307 0.311991 0.234970
VERTEX_POSE A1382 -0.110887 0.740439 0.415265 0.811887 -0.598630 -0.620443 -0.533393 0.308512 0.525080 -0.505025 -0.516004 -0.441717 0.231510 -0.660585 0.372953 -0.024582 0.436951 -0.071651 -0.637370 -0.106119
VERTEX_POSE A1383 0.235483 0.710748 0.553813 -0.506770 -0.846175 0.665118 0.057970 0.493622 0.565638 0.473270 -0.467531 0.043280 -0.654520 -0.332601 0.474451 -0.586719 0.037946 -0.103414 -0.004257 0.652448
VERTEX_POSE A1384 -0.279508 0.330844 0.179236 -0.178041 0.182704 0.447830 0.176827 -0.727817 0.325827 -0.606455 0.182625 -0.506575 -0.494354 -0.026505 0.066550 0.539732 0.574000 -0.657448 0.255435 -0.326729
VERTEX_POSE A1385 -0.941529 -0.704444 0.837529 0.094829 0.008740 -0.364900 -0.595561 0.547568 -0.069042 -0.156546 -0.363718 -0.552624 0.616105 0.451423 0.384594 0.478209 0.119719 0.639356 -0.111941 0.591407
VERTEX_POSE A1386 -0.848950 0.884388 0.809196 0.106185 -0.576157 -0.479045 -0.351192 -0.796788 0.111886 0.658292 -0.418078 -0.295981 -0.455172 0.320478 0.671351 -0.287437 -0.217024 -0.468702 0.391809 0.201333
VERTEX_POSE A1387 0.523616 -0.547093 -0.173286 -0.186781 0.601027 0.293027 -0.520808 -0.682096 -0.014918 0.410440 0.134920 0.182662 -0.120403 -0.134313 -0.737318 0.289850 -0.600026 -0.580440 -0.679550 0.372116
VERTEX_POSE A1388 -0.171692 -0.634992 -0.930875 -0.242352 0.530201 -0.320932 0.176568 0.571479 -0.544178 -0.756593 -0.231046 0.595932 -0.098930 -0.411099 0.363409 -0.320435 0.637850 -0.337152 0.532846 -0.210179
VERTEX_POSE A1389 0.714999 0.776077 0.746211 0.468783 0.927655 0.665086 0.126867 -0.430912 0.340580 -0.429652 0.673061 -0.452694 0.586121 0.195423 -0.486434 -0.673768 -0.310331 0.010765 -0.042452 -0.476244
VERTEX_POSE A1390 -0.985433 0.601891 -0.583091 0.033669 -0.200336 0.396667 0.738903 0.287767 0.060674 0.479651 -0.447479 -0.403486 -0.120209 0.315735 -0.331915 0.109506 -0.737238 0.752333 -0.444427 -0.271559
VERTEX_POSE A1391 -0.632238 -0.979416 -0.428962 0.650262 -0.323676 -0.299387 0.484995 0.555327 -0.404373 -0.264982 -0.638908 -0.522782 -0.642790 0.454472 -0.547531 0.158954 -0.059583 -0.416844 0.506082 -0.270764
VERTEX_POSE A1392 -0.601527 0.292957 -0.811380 0.878136 -0.691983 0.017307 0.754435 -0.466278 0.571591 -0.271963 -0.607316 0.029793 -0.494750 0.053030 0.775960 0.269993 0.561295 0.264540 -0.197962 -0.309656
VERTEX_POSE A1393 -0.047724 0.772392 -0.455787 -0.676348 0.227147 -0.582759 0.287647 -0.036332 -0.515787 -0.606059 0.441880 0.304001 0.462969 0.358366 0.389782 -0.188780 0.691595 -0.387310 0.547698 0.443500
VERTEX_POSE A1394 -0.311280 -0.244037 0.153029 -0.296333 0.710408 0.382355 0.135822 -0.519610 -0.294115 0.414870 -0.570239 0.609287 0.313556 0.475757 -0.465324 0.694931 0.368885 0.423725 0.477691 -0.205941
VERTEX_POSE A1395 0.505022 0.466566 -0.412486 0.293084 0.512799 0.565388 0.612354 -0.437652 0.740941 -0.347819 0.347207 -0.006131 0.571367 0.173810 -0.362326 0.239416 0.035413 0.005035 0.346792 0.810213
VERTEX_POSE A1396 0.729104 0.522627 0.245315 -0.948356 0.403700 0.361719 -0.591767 0.070637 -0.534185 0.494469 0.086039 -0.255223 -0.139191 0.616745 0.333952 0.205112 0.769328 -0.638078 -0.586401 0.123969
VERTEX_POSE A1397 -0.368461 0.958384 -0.323010 -0.944558 -0.983532 0.410980 0.595716 0.296058 -0.093076 -0.353105 -0.620714 -0.456133 0.530634 -0.313956 -0.780063 -0.002323 0.459446 0.076659 -0.488735 0.466266
VERTEX_POSE A1398 -0.409415 -0.207270 0.908595 -0.598754 -0.461574 0.553300 -0.299924 -0.136999 0.574874 -0.272315 -0.356774 0.333759 0.689606 0.367626 0.329814 -0.309911 0.800409 -0.378426 -0.514090 0.279534
VERTEX_POSE A1399 0.859903 0.936407 0.741110 0.324629 -0.346602 0.253411 -0.362443 0.152711 -0.479032 0.532809 0.193473 0.836873 0.441137 -0.017446 -0.072925 0.452177 -0.713427 0.025247 0.430911 0.655718
VERTEX_POSE A1400 0.127481 -0.674086 0.796912 -0.574435 0.010676 0.406386 -0.587672 0.177051 -0.724926 -0.113037 -0.441191 0.390646 -0.335417 -0.743091 0.277866 0.494897 0.101470 0.281989 0.533327 -0.459917
VERTEX_POSE A1401 -0.624546 0.332333 -0.895151 -0.413532 -0.742970 -0.002977 -0.407419 -0.476400 -0.253944 0.214089 0.547506 -0.312780 -0.233277 -0.478407 0.723342 0.507550 -0.313168 -0.560757 0.690036 -0.382534
VERTEX_POSE A1402 -0.313210 -0.852398 0.292877 -0.117992 -0.003722 -0.193950 0.407794 -0.605575 -0.265573 -0.310176 -0.622954 -0.291515 0.660163 -0.079295 -0.661732 0.187905 0.488000 0.607441 0.516111 0.027852
VERTEX_POSE A1403 0.616468 -0.682820 -0.358070 -0.652807 0.433859 -0.127335 0.776880 0.470580 -0.438875 0.473365 -0.672885 0.282583 0.248971 -0.311712 -0.534829 -0.039607 0.454915 0.652134 0.329892 0.147201
VERTEX_POSE A1404 -0.781818 0.553762 -0.956506 0.723405 -0.674848 0.711616 0.190390 0.053418 -0.325532 0.857877 -0.373343 0.289997 -0.218785 -0.767752 0.414244 0.412095 0.419169 0.363229 0.100545 -0.304328
VERTEX_POSE A1405 0.043598 0.786117 -0.762103 -0.390175 -0.209743 0.804462 0.027419 0.235700 -0.259244 0.457704 -0.543572 -0.324062 0.564709 0.633792 0.225257 0.514071 0.183733 0.360384 0.454521 -0.462087
VERTEX_POSE A1406 0.273862 -0.505847 -0.349699 -0.801436 -0.446285 -0.677008 -0.535875 -0.011564 0.401530 -0.385567 -0.456334 0.453536 0.016413 -0.301053 -0.409254 0.393261 -0.807925 0.085153 -0.639728 -0.219659
VERTEX_POSE A1407 0.342323 0.884226 0.728597 0.516406 -0.472517 0.709799 -0.308181 0.082911 -0.529141 -0.474128 -0.530191 0.437893 0.205767 -0.781025 -0.154942 0.752922 0.026169 -0.020937 0.266450 -0.318336
VERTEX_POSE A1408 -0.789196 0.760957 0.501169 0.259826 0.071304 -0.007216 -0.721439 0.526840 -0.157302 -0.346139 0.005729 0.585663 -0.239564 -0.623123 0.704546 0.340355 0.571158 -0.368534 0.431835 0.088903
VERTEX_POSE A1409 -0.148609 0.707020 -0.359577 0.650282 0.177272 -0.581768 -0.175014 -0.672043 0.582721 -0.030520 -0.447695 -0.007748 -0.490502 0.534268 0.083790 -0.852639 -0.146442 0.561160 -0.029208 -0.202584
VERTEX_POSE A1410 0.192901 -0.672538 -0.298479 0.352751 0.472295 0.173388 -0.242037 -0.640689 -0.160786 0.326598 0.390542 -0.437932 0.591554 -0.613378 0.536550 0.695685 0.106057 0.681479 -0.028953 -0.222518
VERTEX_POSE A1411 0.594943 -0.738066 -0.604923 -0.926791 -0.911541 -0.413784 0.404068 -0.089227 0.170792 -0.566900 -0.738792 -0.464206 -0.690448 0.418159 -0.507292 -0.087163 0.027596 -0.571647 0.176173 -0.520199
VERTEX_POSE A1412 -0.163930 -0.644475 0.207402 -0.084802 -0.050920 -0.238794 -0.758193 -0.483105 0.128825 0.229361 0.277443 -0.069300 -0.105449 0.152759 -0.711942 0.541775 -0.430148 -0.643986 -0.260573 0.693738
VERTEX_POSE A1413 -0.917986 -0.932099 -0.883214 0.164637 0.873665 -0.266606 -0.143166 -0.626529 -0.120737 -0.569188 -0.502867 0.525113 -0.140334 -0.259089 -0.798195 0.003094 0.139875 0.038539 -0.797387 0.517585
VERTEX_POSE A1414 -0.169574 0.972682 0.948890 -0.433562 -0.757716 -0.187107 -0.603569 0.629018 -0.642002 -0.433504 -0.581577 -0.404261 0.290570 0.489499 -0.534586 0.162632 0.148390 -0.321892 0.580431 -0.066893
VERTEX_POSE A1415 0.556562 0.686369 -0.613362 0.737157 -0.868216 -0.458169 -0.450355 0.396267 -0.503672 -0.442678 -0.668772 -0.535436 0.493197 0.330027 0.499642 -0.322752 0.034455 -0.007874 0.503789 -0.534426
VERTEX_POSE A1416 -0.859515 -0.636543 0.954315 -0.740534 -0.117595 -0.092379 0.053238 0.566793 -0.277068 -0.837741 -0.352334 -0.713158 0.397918 -0.412734 0.039168 0.364130 -0.348798 0.636058 0.066539 -0.512443
VERTEX_POSE A1417 -0.018523 0.857070 0.758087 0.672624 -0.333873 -0.466284 -0.134954 -0.754906 -0.261028 -0.226803 -0.174234 -0.427302 -0.209393 0.010064 -0.429425 0.894822 0.050616 0.589450 0.292910 -0.630155
VERTEX_POSE A1418 0.080178 -0.860725 0.213353 -0.449623 0.732811 0.473577 -0.437704 -0.537069 -0.003405 0.596134 0.263524 -0.124187 -0.303496 0.140362 0.802717 -0.040450 0.570729 -0.340495 -0.599411 0.544682
VERTEX_POSE A1419 -0.031207 -0.271535 -0.976560 0.017114 -0.587394 -0.031278 -0.311084 0.221051 -0.743787 0.115863 -0.028121 -0.246843 0.648388 0.615139 0.215144 -0.401741 0.755090 0.581880 0.554977 -0.042298
VERTEX_POSE A1420 -0.303524 0.633147 0.504297 0.141407 -0.406219 0.433705 0.175349 0.628812 -0.141611 -0.437497 -0.468356 0.036512 -0.852240 0.455959 -0.040030 0.197788 0.149394 -0.888206 0.111427 0.393727
VERTEX_POSE A1421 0.094746 0.741166 0.630262 0.584046 -0.467525 0.271899 0.831386 0.468587 -0.484367 0.338861 -0.267820 -0.322291 -0.228620 0.737231 -0.567186 0.354413 -0.254015 0.515644 0.126863 -0.317278
VERTEX_POSE A1422 0.336555 -0.250950 -0.405522 -0.332624 0.088930 -0.522215 -0.429290 0.161730 -0.206047 -0.254623 0.368667 -0.649221 -0.117077 -0.625983 0.071909 -0.605921 0.393341 -0.508111 0.608301 0.539774
VERTEX_POSE A1423 0.094949 -0.073896 0.692917 0.019543 -0.098201 0.236763 0.535470 -0.540090 -0.315609 -0.617491 -0.666156 0.517692 0.139178 -0.440201 0.552975 -0.520894 0.013248 0.520143 -0.203165 0.265680
VERTEX_POSE A1424 -0.952978 0.513558 -0.825525 0.907698 0.759622 0.461884 -0.074222 0.379677 -0.451253 -0.643939 -0.135711 0.422647 0.227646 -0.789561 0.393570 -0.712102 -0.248520 0.499505 -0.144641 0.390204
VERTEX_POSE A1425 -0.974725 0.505013 0.747507 0.371043 -0.200662 0.016562 0.254905 0.620140 -0.378557 -0.368810 0.356054 0.156870 0.512929 0.548259 -0.417487 -0.500453 0.364401 -0.810874 0.534278 -0.235108
VERTEX_POSE A1426 -0.400029 -0.607330 -0.719569 -0.687373 -0.585403 -0.805525 -0.178818 -0.297432 -0.207510 -0.040211 0.735084 -0.017069 -0.932693 0.033956 0.547252 -0.288304 -0.250276 0.091070 -0.115637 0.554431
VERTEX_POSE A1427 0.776126 0.036185 0.419790 0.959342 0.163322 -0.634306 -0.437959 -0.583912 0.033357 0.424337 -0.356829 -0.430548 -0.360390 0.639470 -0.457546 0.420675 -0.135547 0.449248 -0.566818 -0.323147
VERTEX_POSE A1428 -0.343187 0.463397 -0.575503 0.426485 -0.184195 -0.658514 -0.308598 -0.377205 0.282015 -0.348736 -0.512770 0.439864 0.514492 -0.572675 -0.105849 0.492390 0.376332 0.531171 -0.525358 0.353836
VERTEX_POSE A1429 0.190556 0.185400 -0.810974 -0.286126 -0.046976 -0.758130 0.306972 -0.098875 -0.009566 -0.337849 0.496487 -0.324663 -0.735913 -0.571730 -0.397344 -0.343868 0.645636 0.402317 -0.363060 0.001763
VERTEX_POSE A1430 0.636029 -0.027407 0.160901 0.283970 0.816720 0.519880 -0.358504 -0.039526 0.481031 0.303705 0.385038 -0.446408 0.046599 -0.543251 -0.153112 -0.870712 0.233300 -0.524987 0.137578 0.707554
VERTEX_POSE A1431 0.784294 0.789312 -0.778591 0.852050 0.826481 0.265572 -0.415491 0.149879 0.574097 0.384876 0.634987 0.213134 0.496604 -0.666360 0.637221 -0.554018 -0.342158 -0.385237 -0.354523 0.114978
VERTEX_POSE A1432 0.566010 -0.482267 -0.706125 0.300342 0.210054 -0.171893 -0.217559 0.514029 -0.500082 -0.417171 0.521786 -0.196533 -0.615270 -0.502218 -0.815956 0.370302 -0.352748 0.126342 -0.512791 -0.294718
VERTEX_POSE A1433 -0.677181 0.120195 -0.546223 -0.834022 -0.187002 -0.564503 0.520587 0.485990 0.419386 -0.297370 0.720791 0.208947 0.474503 0.354913 0.641554 0.298399 -0.039834 -0.224058 -0.571284 0.341649
VERTEX_POSE A1434 0.400762 -0.893508 -0.136661 -0.800757 0.260340 -0.305273 -0.011984 -0.401882 0.768339 0.277672 -0.482987 -0.275532 0.803435 0.304616 0.430938 0.259195 0.485227 -0.234175 0.458328 -0.526287
VERTEX_POSE A1435 0.784192 -0.928506 -0.662631 0.023746 0.535206 0.453429 -0.386530 0.538329 0.171296 0.511175 -0.494909 -0.499408 0.068102 0.056314 -0.619948 0.229932 0.488149 0.362375 0.729238 0.473081
VERTEX_POSE A1436 0.366416 -0.093688 -0.308326 -0.224197 0.603255 0.321153 -0.083401 -0.478646 -0.331902 -0.721831 0.205519 -0.540048 0.637769 -0.118176 0.295101 -0.079434 -0.645587 -0.638722 -0.242789 -0.545814
VERTEX_POSE A1437 -0.325376 -0.399355 0.513640 -0.602193 0.814055 -0.222263 -0.214962 0.426298 -0.812081 -0.388590 -0.399277 0.122830 -0.305751 0.390979 -0.413009 0.135191 0.709703 0.324745 -0.831281 0.048023
VERTEX_POSE A1438 0.126514 0.955721 -0.934034 -0.459848 -0.937311 -0.518607 -0.130689 -0.688741 -0.554642 -0.273717 0.189896 -0.232037 -0.238555 -0.250511 -0.551063 0.749518 0.289737 -0.256724 -0.537879 0.585553
VERTEX_POSE A1439 0.577221 -0.332731 -0.807157 -0.964371 -0.325441 0.322532 -0.038931 0.578334 -0.365047 0.413659 -0.358779 -0.198966 0.739821 0.077447 -0.344509 -0.497972 -0.437627 0.777457 0.179052 -0.582488
VERTEX_POSE A1440 0.526016 -0.692335 -0.845937 -0.951911 -0.008673 -0.145330 -0.653219 -0.088068 -0.596357 0.291221 0.696414 0.276475 -0.557382 0.483228 -0.642944 -0.135232 -0.502005 -0.365271 -0.399414 0.147423
VERTEX_POSE A1441 -0.680585 -0.716818 -0.232513 0.892903 0.534984 0.420123 0.221176 0.153831 0.560608 -0.234922 0.679832 0.167436 0.762079 0.161088 0.397133 -0.521435 -0.263633 -0.568741 -0.207928 0.647080
VERTEX_POSE A1442 0.172164 -0.070797 -0.412080 -0.891162 -0.236982 -0.102699 -0.653880 -0.455973 0.075769 0.229238 -0.392451 -0.737465 0.051152 0.514471 -0.603970 -0.231446 -0.384383 0.274003 -0.680961 0.475016
VERTEX_POSE A1443 -0.637914 -0.336810 0.361465 -0.036713 0.940407 -0.550767 -0.488631 -0.629058 -0.273026 0.289982 0.031446 -0.167262 -0.549217 0.273019 0.270368 -0.588770 0.448115 0.721829 -0.169885 -0.572669
VERTEX_POSE A1444 -0.598571 -0.648917 -0.115727 0.057540 0.408649 0.577342 -0.038128 0.129163 -0.041815 0.075069 -0.595962 -0.728089 -0.467436 0.153689 -0.339534 0.720047 -0.326910 -0.139754 0.505911 0.705448
VERTEX_POSE A1445 -0.997410 -0.098115 -0.463189 -0.324724 0.005302 -0.622138 -0.327411 0.381478 -0.239884 -0.506801 0.297828 0.063963 -0.382208 -0.620209 0.688909 -0.588798 0.285793 0.276971 0.378403 0.547208
VERTEX_POSE A1446 0.918648 -0.650442 0.748103 -0.299555 -0.927809 -0.662991 -0.509532 -0.301307 -0.002041 -0.125426 -0.654030 -0.625203 0.239851 0.527889 -0.011118 0.689151 -0.331973 -0.411626 0.438393 -0.304278
VERTEX_POSE A1447 -0.458086 -0.285460 -0.161412 0.317006 -0.708946 -0.326150 -0.001530 0.781850 -0.634474 0.263409 -0.016890 0.063567 0.668742 -0.390694 0.484638 0.607138 0.480123 0.502150 -0.338793 0.072555
VERTEX_POSE A1448 -0.015933 -0.241045 -0.705103 -0.652100 0.671429 -0.397264 0.527181 -0.517858 0.238620 0.753390 0.533864 -0.383769 -0.354284 0.534872 0.699122 -0.065202 0.037643 -0.386253 0.157211 0.399133
VERTEX_POSE A1449 -0.001173 -0.511166 -0.038544 0.250822 0.805002 -0.613956 0.285799 0.473077 -0.272320 -0.522287 0.141607 0.322726 0.729893 0.223591 0.321755 -0.272559 0.840015 -0.584142 0.196220 0.022986
VERTEX_POSE A1450 0.510707 0.443005 -0.137972 -0.665880 -0.296340 -0.386513 0.806116 0.057311 -0.638991 -0.187900 -0.708575 -0.495147 -0.031852 0.337001 0.439217 0.449537 -0.563134 -0.064929 0.334323 0.252878
VERTEX_POSE A1451 0.680543 -0.607899 0.799194 0.489307 -0.734790 0.098760 0.488265 0.148030 -0.164565 -0.359427 0.150708 0.696265 -0.574677 0.327568 -0.376918 -0.524720 -0.553885 0.579924 0.163782 -0.735720
VERTEX_POSE A1452 -0.906427 -0.770000 -0.408282 -0.165133 -0.662523 -0.296132 -0.844074 -0.211017 -0.751215 0.386560 -0.528521 0.329743 -0.159782 -0.460886 -0.269720 -0.335467 0.128565 0.408047 0.006462 -0.668725
VERTEX_POSE A1453 -0.152738 -0.807945 0.456506 0.001496 0.792590 -0.132735 -0.450135 0.107810 -0.412248 -0.509328 0.617210 -0.297570 0.418476 0.020007 -0.156357 0.599207 0.637657 0.836324 -0.061581 0.447685
VERTEX_POSE A1454 -0.224508 0.318205 0.492111 -0.491150 0.167009 -0.233201 -0.234221 -0.803680 0.735654 0.018088 0.177645 -0.478498 0.263723 0.271516 -0.322209 0.484204 0.207018 0.267679 0.800506 -0.453833
VERTEX_POSE A1455 -0.859405 0.743558 -0.233807 -0.257435 -0.902900 -0.632053 -0.553698 -0.152287 -0.734197 0.450885 0.061600 0.211754 0.256480 -0.486372 -0.084629 0.613409 0.307044 0.097271 -0.219245 0.801361
VERTEX_POSE A1456 -0.127464 0.697068 0.204013 -0.627461 -0.408073 -0.584671 -0.297647 -0.352179 0.454543 0.055521 -0.737907 0.381838 0.168824 0.504792 -0.518115 0.164770 0.195245 -0.193151 0.923403 -0.196282
VERTEX_POSE A1457 0.375463 0.710875 0.772542 -0.178523 0.581606 -0.027066 0.091767 0.581707 0.835573 0.103642 0.108287 0.192066 -0.900804 0.310345 -0.495375 -0.067062 0.437721 0.137110 0.406070 0.601645
VERTEX_POSE A1458 0.916721 -0.220257 -0.814017 -0.298093 0.260422 -0.585758 0.513051 0.553739 -0.026885 -0.557431 0.136691 0.435592 0.160552 0.521893 -0.538443 0.088388 -0.495744 -0.420125 -0.626466 0.395669
VERTEX_POSE A1459 0.529350 0.160465 0.628510 0.799024 0.407733 0.059152 -0.646697 -0.201754 -0.675616 -0.313760 0.267470 0.510844 -0.012963 0.803394 0.127786 -0.677094 0.161348 0.512594 -0.157205 -0.465059
VERTEX_POSE A1460 -0.433981 -0.103725 0.961568 0.535351 -0.465370 -0.544175 -0.546270 -0.482302 0.441466 0.417110 -0.541779 -0.572112 0.383101 0.086481 -0.316862 0.489631 -0.500600 -0.285074 0.375638 0.464523
VERTEX_POSE A1461 0.552750 0.752336 0.346884 0.985877 0.077142 -0.026263 0.493108 0.670168 0.079213 -0.588154 -0.113692 -0.528860 -0.054873 0.332678 -0.087570 0.630470 -0.629669 -0.840044 -0.102055 -0.175475
VERTEX_POSE A1462 0.313644 -0.050224 0.849919 0.651074 0.234214 0.180779 0.003569 -0.682647 -0.267958 -0.548353 -0.448261 0.776012 0.016606 -0.319079 0.351602 -0.787012 0.398830 -0.411945 -0.282193 -0.268660
VERTEX_POSE A1463 -0.867971 0.414008 -0.744557 -0.164307 0.744684 -0.716393 0.224934 -0.249664 0.611688 0.175520 -0.606907 -0.197248 0.356608 -0.618001 -0.193157 0.211070 0.058765 0.190794 0.864221 0.428898
VERTEX_POSE A1464 0.875568 -0.127470 0.800661 -0.848145 0.890140 0.326218 -0.184660 -0.343453 0.092498 -0.153563 0.428306 0.535358 0.636057 0.499555 -0.439384 0.728398 -0.367810 -0.636678 -0.084771 0.560138
VERTEX_POSE A1465 -0.285594 0.056268 -0.286741 0.850317 -0.505447 0.271837 -0.164989 0.361245 -0.657884 0.176074 -0.044111 0.038585 0.477375 -0.740127 -0.647698 -0.501827 -0.080051 0.268871 -0.679750 -0.559786
VERTEX_POSE A1466 0.916221 0.485502 -0.407188 0.859439 0.279889 0.706199 0.527410 0.317234 0.352411 -0.499993 0.593087 0.347080 -0.588572 -0.368860 0.483515 -0.090420 -0.508644 0.151123 0.342420 -0.390940
VERTEX_POSE A1467 0.241985 0.778842 -0.507665 -0.072342 0.493395 -0.221501 -0.473725 -0.318260 0.859062 -0.219795 0.166045 -0.190737 0.617216 -0.141052 0.191507 0.521973 0.384540 -0.374025 -0.271777 0.838673
VERTEX_POSE A1468 0.389030 0.656913 -0.773101 -0.751876 -0.691392 -0.196768 0.362257 -0.321192 0.421920 0.710449 0.188824 -0.642469 0.341591 -0.482497 -0.297259 0.441036 0.602086 -0.531165 -0.229857 0.515627
VERTEX_POSE A1469 0.042735 0.441222 -0.341222 -0.600409 0.342578 -0.598474 -0.493632 -0.383169 -0.245357 0.708115 -0.462894 0.576686 -0.016752 0.089122 -0.360948 -0.149741 0.628276 0.344643 -0.481869 -0.486043
VERTEX_POSE A1470 -0.180794 -0.553889 -0.314821 -0.036712 -0.832046 -0.427812 0.689735 0.034613 0.559442 -0.199702 0.357226 0.621746 0.452404 -0.637930 0.101460 0.472860 0.457978 0.327321 0.236895 0.504473
VERTEX_POSE A1471 -0.084954 0.964578 -0.619038 -0.703786 0.299935 0.000520 0.551018 0.189408 -0.722482 -0.083999 0.466976 -0.152213 0.272629 -0.775191 0.583741 -0.417500 0.181995 0.337782 0.663845 0.334687
VERTEX_POSE A1472 0.362150 0.724405 0.426265 -0.707507 -0.122438 -0.137079 0.201058 0.582540 -0.465016 -0.012663 -0.703236 -0.611705 0.665072 0.155342 -0.605597 -0.610134 0.164424 -0.155045 -0.380567 0.339027
VERTEX_POSE A1473 0.991369 0.375314 0.273099 0.072126 -0.069028 -0.203386 -0.266012 0.376850 -0.432977 -0.426881 0.417235 0.126722 -0.847497 -0.328886 0.820180 -0.168131 0.101326 0.287072 0.022159 0.751975
VERTEX_POSE A1474 0.277132 -0.372232 0.742427 0.259501 0.240342 0.458953 -0.141054 0.658922 0.322103 0.598079 -0.283695 0.428711 0.201801 -0.476332 -0.632969 -0.043864 -0.219610 -0.318070 0.761418 0.458495
VERTEX_POSE A1475 0.763579 -0.924512 -0.689462 0.350033 -0.713789 0.549699 0.276053 -0.039083 -0.092274 -0.835349 0.088537 0.143876 -0.228123 0.729251 0.348912 0.206387 0.567644 -0.739511 0.362424 0.369604
VERTEX_POSE A1476 0.993960 -0.722801 0.809910 0.747402 0.936274 0.046502 0.328138 -0.321460 0.368406 0.325601 -0.428864 0.678775 -0.478342 0.410691 -0.526379 0.132249 0.538597 -0.352570 -0.734853 -0.503969
VERTEX_POSE A1477 0.195780 -0.022674 0.490530 0.959946 0.312533 0.068325 -0.578298 -0.257010 0.252124 0.249860 -0.282137 0.814202 -0.151856 0.560272 -0.446166 -0.541552 0.510392 0.264153 -0.535540 -0.529093
VERTEX_POSE A1478 -0.694507 -0.209973 0.149126 -0.332961 -0.422735 0.590668 0.161609 -0.506427 -0.641736 -0.375153 -0.611585 -0.277556 0.099940 0.103555 0.387611 -0.869274 0.002653 -0.109574 -0.259843 0.598970
VERTEX_POSE A1479 -0.021973 0.036154 -0.895193 -0.904699 0.607703 -0.755694 0.319138 0.053064 0.481339 0.350219 -0.559919 -0.162471 0.213144 -0.614929 0.380038 -0.081589 0.380214 -0.162525 -0.850536 -0.401217
VERTEX_POSE A1480 -0.805393 0.466160 -0.548014 0.210767 0.117535 -0.231785 0.493390 -0.330798 0.579530 0.524208 0.572337 -0.730675 0.052915 0.514802 0.275979 -0.513982 -0.153247 0.019250 -0.463460 0.523925
VERTEX_POSE A1481 0.816200 -0.766967 -0.988846 0.001159 0.280925 0.758867 -0.026742 -0.536175 0.614011 0.186105 0.700427 -0.212547 0.564084 0.019329 -0.043899 -0.621692 0.421717 -0.002695 0.509861 0.209044
VERTEX_POSE A1482 -0.341431 0.428255 0.904001 0.584608 0.872913 -0.280573 0.385532 -0.123603 -0.089342 0.650667 0.434773 -0.279041 -0.472291 -0.305151 -0.657889 -0.340353 0.642399 0.634520 -0.298495 0.538425
VERTEX_POSE A1483 -0.711820 0.696159 0.043705 -0.954365 0.455012 -0.476989 -0.211352 0.532915 0.322303 -0.529631 -0.580124 -0.095017 0.623463 -0.266791 -0.797765 -0.060512 -0.543175 0.152136 0.531463 -0.115065
VERTEX_POSE A1484 -0.336538 -0.574913 0.467659 -0.997345 0.073515 0.432082 0.664805 0.462160 -0.452955 0.554266 -0.549073 0.748221 0.093393 -0.547094 0.044349 -0.191152 0.348559 0.215255 -0.453390 -0.253222
VERTEX_POSE A1485 0.434061 -0.253540 0.396113 -0.906543 0.039922 0.209579 0.359256 0.344985 -0.359478 -0.428387 -0.634543 -0.498342 0.568087 -0.171983 0.572611 -0.341486 -0.094475 -0.500624 -0.498081 0.663202
VERTEX_POSE A1486 -0.571225 0.439717 0.809898 -0.211800 0.552112 -0.901353 0.136959 0.347404 0.157536 0.531963 0.513209 0.219510 0.689886 0.059607 0.130187 -0.437643 0.654572 0.312428 -0.175452 0.428847
VERTEX_POSE A1487 0.535998 -0.877845 -0.328328 -0.624806 0.665442 -0.461935 0.631945 0.364401 0.689423 -0.159867 0.223619 0.221676 0.376636 -0.376340 0.308973 0.204584 0.752565 0.408297 0.625603 -0.330484
VERTEX_POSE A1488 -0.190476 -0.542665 0.168655 -0.085065 -0.378472 0.340471 0.276603 -0.372240 -0.410487 0.319174 0.668907 0.292500 -0.822202 0.363180 -0.570102 -0.357667 -0.530953 -0.552275 -0.132957 0.013784
VERTEX_POSE A1489 -0.654505 -0.780540 0.995881 0.490107 -0.187467 0.575284 0.498697 0.335155 -0.155758 -0.151986 0.160278 -0.483002 0.030723 -0.440826 0.139316 -0.800445 0.419227 -0.626170 0.294187 0.701358
VERTEX_POSE A1490 0.065348 0.282619 -0.699818 -0.825782 0.073174 -0.051831 -0.743160 0.153074 0.070318 -0.382882 -0.426056 -0.871123 0.204547 0.228830 0.070783 0.421192 -0.628737 -0.478020 -0.286133 -0.589382
VERTEX_POSE A1491 0.375543 0.353610 0.130223 -0.549714 0.156158 0.196660 0.310697 0.495212 -0.530498 0.591669 0.056368 0.361459 0.742874 -0.286777 -0.550684 -0.006232 -0.582816 -0.495976 0.038657 0.574170
VERTEX_POSE A1492 0.898245 0.971796 0.342765 0.475984 0.889675 0.382053 -0.688602 0.188562 -0.706351 -0.589758 -0.173865 0.040787 -0.323397 0.488679 0.536860 -0.155910 -0.003378 0.255387 -0.221628 -0.833905
VERTEX_POSE A1493 -0.621008 -0.767604 -0.849898 0.825291 -0.692612 -0.814772 0.048033 0.538975 0.304039 0.350909 0.538082 0.160574 0.819870 0.084546 0.265540 -0.125612 0.061856 0.383942 -0.431962 0.639531
VERTEX_POSE A1494 0.507572 -0.232382 0.385665 0.285978 -0.099159 0.825444 -0.473569 -0.283372 0.304889 0.468315 0.292106 -0.088867 0.343972 -0.570139 -0.054730 -0.353511 0.656144 -0.463457 -0.559578 -0.280698
VERTEX_POSE A1495 0.773813 -0.155674 0.143426 0.627839 0.779815 0.760815 0.397176 -0.038953 0.463029 -0.616438 0.615406 -0.331442 0.351164 0.658964 0.076131 -0.393260 -0.430509 -0.301853 -0.429284 0.013686
VERTEX_POSE A1496 0.093398 0.288664 -0.136640 0.675609 -0.198059 0.187466 0.141804 0.681322 0.417034 0.651929 -0.217807 0.385570 -0.113845 0.610572 0.498460 0.322450 -0.203128 -0.627545 0.661775 0.272584
VERTEX_POSE A1497 0.423793 -0.746881 0.978477 0.145417 -0.819269 -0.173234 -0.668197 0.307017 0.250533 0.375347 -0.505575 -0.070021 -0.058510 0.195408 0.622592 -0.599794 -0.436895 0.717426 0.222376 0.648901
VERTEX_POSE A1498 0.015798 -0.376832 0.635762 -0.444503 0.273210 0.424992 0.425115 -0.475362 -0.468757 0.768916 -0.110417 -0.025110 0.409491 0.560765 0.396140 0.118617 -0.436201 -0.664899 -0.215157 -0.507060
VERTEX_POSE A1499 -0.517572 -0.054423 0.090259 0.923733 0.110549 -0.441945 0.537833 -0.538888 -0.063087 -0.018002 -0.535308 -0.425982 -0.634074 0.076060 -0.685673 -0.234529 -0.014340 0.386131 -0.503347 -0.645797
VERTEX_POSE A1500 -0.533472 0.694342 -0.362745 0.545008 0.523309 0.635845 -0.640732 -0.325113 0.664975 0.500232 0.151119 0.227805 -0.334172 0.708086 0.268967 0.367654 -0.458837 -0.171087 -0.303959 -0.399433
VERTEX_POSE A1501 0.835004 0.069280 -0.679059 0.518785 0.441165 -0.560979 0.718012 -0.384871 -0.321901 -0.610828 -0.511320 -0.605767 -0.143501 0.437369 0.455074 0.282241 -0.135420 -0.087393 0.105330 0.617086
VERTEX_POSE A1502 0.397474 -0.089845 0.471220 -0.780053 -0.589516 -0.332031 0.008916 -0.585911 0.444742 -0.586658 0.187331 0.096454 0.051222 -0.678089 -0.614435 0.264971 0.398033 -0.552382 -0.763492 -0.058140
VERTEX_POSE A1503 0.828678 0.418746 -0.936481 0.837501 -0.599129 -0.960152 0.162635 0.096037 0.101825 0.855070 -0.507132 -0.239317 -0.224219 -0.479410 -0.101884 -0.187829 -0.342921 -0.009367 0.396046 0.621421
VERTEX_POSE A1504 0.826373 -0.555406 0.594040 -0.409090 -0.627863 0.527194 0.110980 0.103765 -0.033584 0.523082 -0.517525 -0.515801 0.215850 -0.483632 -0.540746 -0.567960 0.077361 -0.403090 0.587281 0.693913
VERTEX_POSE A1505 -0.325394 0.537922 0.213647 0.479448 0.650826 0.301757 0.201242 -0.091274 -0.343721 0.098505 -0.291699 -0.417311 0.509074 -0.622708 0.752642 0.453779 -0.239731 0.224008 -0.696223 -0.679224
VERTEX_POSE A1506 0.592258 0.494234 -0.625943 0.187534 -0.312918 -0.215202 -0.714286 -0.052847 -0.421331 0.192340 -0.384973 -0.733727 0.159804 0.650775 -0.255256 0.503642 -0.490326 -0.415521 -0.416664 -0.430204
VERTEX_POSE A1507 0.820333 -0.278207 0.403949 -0.661688 -0.691588 -0.622031 -0.437194 0.054366 -0.029632 -0.372105 0.660412 0.345644 -0.761911 -0.527523 0.374916 0.237434 -0.169062 0.593437 -0.183074 0.504022
VERTEX_POSE A1508 0.870386 -0.484752 -0.295823 0.439393 -0.036641 -0.735471 -0.242196 -0.092229 0.274759 0.599054 0.357967 0.178289 0.290530 -0.487894 0.407053 -0.284916 -0.658534 0.431406 -0.645671 0.437774
VERTEX_POSE A1509 0.897751 -0.715738 0.523183 0.854573 0.264347 -0.054303 0.260207 -0.661378 -0.243046 -0.592952 -0.242835 -0.126155 0.561910 -0.447338 -0.797457 -0.233572 -0.163141 -0.534908 0.458696 0.526197
VERTEX_POSE A1510 -0.201641 0.757946 0.508756 -0.566387 0.916115 0.394324 0.414189 -0.770204 0.100617 -0.595723 -0.395758 0.526820 -0.590161 0.145430 -0.224538 -0.292467 -0.410810 -0.711638 -0.199334 -0.245451
VERTEX_POSE A1511 -0.935007 0.981408 0.156163 -0.349839 -0.919106 0.354362 0.686862 -0.578530 0.661433 -0.372908 -0.291329 0.550120 -0.294112 0.255730 -0.364009 -0.410786 -0.679013 0.042420 0.365942 0.232321
VERTEX_POSE A1512 0.713951 -0.482706 0.534337 -0.144268 -0.454728 0.694815 -0.283329 0.036850 -0.357104 -0.752931 -0.546342 0.379376 0.266808 -0.640800 0.472260 -0.454387 0.206178 -0.150842 -0.274163 0.497010
VERTEX_POSE A1513 0.456929 0.186201 0.412757 -0.981779 0.789028 -0.638368 -0.597581 -0.384048 0.091833 0.055602 -0.632782 0.412347 -0.545735 -0.163358 -0.069253 0.552104 -0.601491 -0.639709 0.192767 0.252222
VERTEX_POSE A1514 -0.646827 0.677567 -0.800132 -0.304204 0.535907 0.454572 -0.409801 -0.438040 0.658807 0.076389 0.688031 -0.567434 0.047796 0.399698 0.026225 0.446094 -0.409193 0.191491 0.790534 -0.086818
VERTEX_POSE A1515 -0.622586 -0.057619 0.001996 -0.141614 0.618787 0.101318 -0.795358 0.287155 -0.364753 -0.536013 -0.046027 -0.506043 -0.013967 0.207084 -0.444360 0.282611 0.719177 0.634944 0.005646 0.596091
VERTEX_POSE A1516 -0.109010 0.932661 -0.191130 -0.888322 -0.171049 0.442011 -0.343633 0.405247 0.230047 -0.477407 -0.779640 -0.789924 -0.212586 0.120290 0.242403 0.717943 -0.096553 -0.262613 0.305556 -0.451824
VERTEX_POSE A1517 -0.218053 0.117283 -0.990235 0.483996 0.088018 -0.416557 0.242347 -0.351504 0.206449 0.912540 -0.216202 0.529060 -0.225574 -0.363962 0.182770 -0.216352 -0.764420 -0.685966 -0.104149 -0.335999
VERTEX_POSE A1518 0.913412 0.064536 0.673669 0.233580 0.284228 0.384294 0.102067 0.490279 -0.210342 0.219904 -0.757017 -0.589141 0.689192 0.305919 -0.429432 -0.624928 0.017036 -0.525904 -0.275143 0.304426
VERTEX_POSE A1519 0.700515 -0.610004 0.977525 0.026613 0.450479 -0.354523 -0.687281 -0.596274 -0.508535 0.664752 -0.299934 -0.407917 -0.106422 0.283777 -0.443823 -0.246694 0.680107 0.502325 -0.116472 0.106873
VERTEX_POSE A1520 0.127443 0.336743 -0.994354 -0.025898 0.900552 -0.767989 0.362222 0.427925 0.011490 -0.184913 -0.230954 -0.082855 -0.851631 0.449071 -0.045235 -0.008887 -0.514562 0.633363 0.330526 0.545070
VERTEX_POSE A1521 -0.021240 -0.652845 0.973851 0.407798 -0.642597 0.187087 0.208956 0.870075 0.467924 -0.610779 -0.079466 0.483760 0.140846 -0.388943 -0.086978 0.672352 -0.287370 -0.710251 -0.333755 -0.052889
VERTEX_POSE A1522 0.076058 0.743606 0.107748 0.476899 -0.393364 0.245471 -0.532577 -0.410775 0.705906 -0.453538 0.111719 -0.062290 0.033865 -0.647341 0.567722 0.691087 -0.347980 0.339487 0.178656 0.527866
VERTEX_POSE A1523 0.025688 0.308539 0.348411 -0.549914 0.790227 -0.411934 -0.140841 0.279813 -0.734048 -0.384683 -0.492033 0.258344 -0.678753 0.281701 0.474063 -0.350909 -0.670085 0.002633 0.498338 -0.388894
VERTEX_POSE A1524 0.357752 -0.420449 -0.876047 0.233090 -0.335210 -0.019056 -0.137151 0.659182 0.007021 0.486086 -0.558788 0.671307 -0.252364 0.079744 0.402976 0.787367 0.387631 -0.621727 0.247540 0.310835
VERTEX_POSE A1525 -0.416369 -0.488776 -0.506587 -0.237123 0.507478 0.094250 0.417531 -0.647077 -0.487802 -0.297332 -0.497923 0.684676 -0.612591 -0.054961 -0.357088 -0.599312 -0.195478 0.396071 0.053090 -0.540492
VERTEX_POSE A1526 -0.200499 -0.847135 -0.508162 -0.922075 0.570042 -0.216969 0.511797 -0.137430 0.482973 0.022374 -0.489645 -0.350271 -0.121152 0.640934 -0.737350 0.181638 -0.491217 0.230837 0.830598 0.298780
VERTEX_POSE A1527 -0.548850 0.868215 -0.012687 -0.091302 0.466731 -0.107235 0.431536 0.529136 0.005419 -0.396410 -0.453175 0.240639 -0.243048 -0.287195 0.793586 -0.343774 0.475441 0.548439 0.692375 -0.454006
VERTEX_POSE A1528 -0.992576 -0.235657 -0.528110 0.908294 0.688209 0.335782 0.499550 0.313973 -0.655456 -0.267668 0.117240 0.447485 -0.181047 -0.731549 0.457005 -0.198184 0.563244 -0.220296 0.778941 -0.187798
VERTEX_POSE A1529 0.815299 -0.223967 -0.872400 -0.366578 -0.156747 0.128421 0.751220 0.562609 -0.698712 0.369651 -0.284592 0.552915 -0.090789 0.091692 -0.156336 0.041499 0.469586 0.406390 0.537644 -0.611196
VERTEX_POSE A1530 -0.066422 -0.186208 -0.922429 -0.167569 -0.422720 0.252359 -0.579451 -0.321056 -0.484218 -0.369545 0.677015 0.326256 0.626213 0.179982 -0.769599 0.321054 -0.420148 0.055878 0.180153 0.479225
VERTEX_POSE A1531 -0.526048 -0.541315 0.109145 0.453302 0.211517 0.217293 0.230751 0.590374 0.526285 0.728149 -0.303458 -0.368504 0.505219 -0.178196 -0.639800 0.184897 -0.316000 -0.361482 0.356538 0.654035
VERTEX_POSE A1532 0.650303 0.845313 -0.551460 -0.847794 -0.715583 -0.085170 -0.614468 -0.514230 -0.670106 0.454136 0.062218 0.063647 -0.494452 0.440501 -0.066439 -0.185344 0.732812 -0.731600 -0.370614 -0.025350
VERTEX_POSE A1533 -0.668948 0.723946 0.548792 0.052378 -0.012236 0.360066 -0.270680 0.327589 0.342367 0.439428 0.138757 0.377245 0.153177 0.722072 0.570709 -0.671042 -0.275614 0.533961 0.509779 -0.525435
VERTEX_POSE A1534 -0.697370 0.877431 0.172664 0.290804 0.612388 -0.493907 -0.349322 0.560558 0.465944 -0.504328 -0.002627 -0.661445 0.259236 -0.201964 0.265220 0.539434 0.744719 -0.176353 -0.515204 0.300619
VERTEX_POSE A1535 0.476677 -0.710093 -0.957420 -0.256884 -0.343445 -0.438435 0.493456 0.028453 0.369858 -0.272221 0.465079 0.608348 -0.052622 0.131557 -0.019609 -0.546556 -0.742083 0.548186 0.617175 -0.463570
VERTEX_POSE A1536 0.005658 0.261869 -0.237561 -0.468175 -0.361410 -0.365859 -0.402594 -0.486436 0.537641 0.596638 -0.138536 -0.382598 0.380833 -0.558470 0.463228 -0.565767 -0.025287 0.464896 -0.129674 -0.657008
VERTEX_POSE A1537 0.894888 0.371665 0.546721 -0.521662 -0.700530 0.228379 0.116896 -0.514394 -0.452534 0.411101 -0.020007 -0.712566 0.337819 -0.157427 0.423866 0.794460 0.403031 -0.235888 -0.268408 0.740122
VERTEX_POSE A1538 0.297009 0.011699 0.446529 0.081428 -0.035034 0.035343 -0.663207 0.471775 -0.421883 0.446720 0.545728 -0.819069 -0.024028 -0.035170 0.131399 0.485426 -0.308974 0.364178 0.352679 0.618796
VERTEX_POSE A1539 -0.123956 0.777117 0.466615 0.971219 0.601950 -0.317382 0.172868 0.360413 0.752013 0.382712 0.437278 -0.049463 -0.356068 0.752314 -0.404630 0.812602 0.120797 -0.409358 -0.191158 0.313564
VERTEX_POSE A1540 0.792639 0.655927 0.069904 -0.667089 0.563818 0.496218 0.033627 0.375570 -0.472630 -0.471645 0.728768 0.247240 0.638127 0.566082 0.600762 -0.421807 -0.016130 -0.329160 0.437370 -0.084473
VERTEX_POSE A1541 -0.904631 -0.230354 -0.044715 0.515041 -0.118919 -0.124872 0.652657 -0.235369 -0.452314 0.438590 0.717580 -0.607601 -0.502456 0.164083 -0.361157 -0.272773 -0.221916 0.529345 -0.234114 0.594567
VERTEX_POSE A1542 -0.058963 0.758524 -0.377221 -0.378620 0.682844 -0.829865 -0.069790 -0.228395 -0.092116 0.916133 -0.324332 0.059135 0.130767 0.494435 0.156719 0.365157 0.469402 0.524195 -0.073419 -0.614687
VERTEX_POSE A1543 0.506591 -0.826779 -0.395759 0.188642 -0.890910 -0.060304 -0.716791 0.296207 -0.791057 0.319410 -0.288978 -0.462143 -0.415750 -0.089320 -0.060234 0.445678 0.734384 -0.391648 -0.112743 0.530524
VERTEX_POSE A1544 0.552298 0.955847 -0.631958 0.533262 -0.329890 -0.532735 -0.511302 0.533498 0.408403 -0.340228 0.078944 -0.634957 -0.241135 -0.509801 0.212508 -0.369726 0.430726 -0.317916 0.654196 0.513542
VERTEX_POSE A1545 0.294210 0.436091 -0.177354 0.317175 0.218751 0.660947 -0.114046 0.646592 -0.261452 -0.445842 0.377533 -0.052750 -0.481301 0.237773 -0.017305 0.742089 0.434959 -0.701220 0.076631 0.440071
VERTEX_POSE A1546 0.884004 0.115602 0.606237 -0.952971 0.727877 -0.342998 0.451344 -0.587731 -0.498551 -0.564742 0.365949 -0.778753 0.161472 -0.009517 -0.079823 0.591203 0.693546 -0.144815 -0.319000 -0.198890
VERTEX_POSE A1547 -0.556712 0.888508 0.176912 0.644940 0.499060 -0.025195 -0.741874 0.582254 -0.288284 -0.316240 -0.126366 -0.688617 -0.167391 -0.512774 -0.649036 0.231813 0.495393 -0.144279 0.517550 0.369675
VERTEX_POSE A1548 -0.923843 -0.446626 -0.167589 -0.198829 -0.693231 0.466153 0.668312 0.321600 0.106844 -0.100800 0.765770 -0.577402 -0.254165 0.488080 0.654199 -0.690514 0.036103 -0.099577 -0.042301 -0.265790
VERTEX_POSE A1549 0.797416 -0.819862 0.279905 0.280609 0.012105 0.185415 0.742712 0.316392 0.163629 0.168569 0.431149 0.155472 0.549568 -0.735241 -0.811047 0.104775 -0.207324 -0.506831 0.327048 0.361171
VERTEX_POSE A1550 -0.856197 -0.721496 0.154437 -0.328447 -0.050461 -0.086075 0.410939 -0.615044 -0.431648 -0.635070 0.264004 0.221912 0.461775 0.702450 0.632463 -0.115792 0.069149 -0.597509 0.448521 0.231962
VERTEX_POSE A1551 0.203600 0.890118 -0.161942 0.775273 -0.792679 -0.218402 -0.382032 -0.539885 -0.857770 -0.228898 0.227998 -0.296039 0.766894 -0.554952 0.130913 0.354374 0.413749 -0.334296 0.296564 0.421167
VERTEX_POSE A1552 -0.223824 -0.472706 0.253757 -0.311593 0.369508 0.218161 -0.102044 -0.212149 0.231271 0.616423 0.207958 0.680405 -0.618311 0.252374 -0.628545 -0.389450 0.520512 -0.202237 -0.275008 -0.759685
VERTEX_POSE A1553 0.219861 -0.977890 -0.737815 -0.851548 0.556175 -0.570363 0.567106 0.108790 -0.164129 0.590611 -0.320621 0.377779 0.382039 0.828685 0.670502 0.426450 -0.445163 -0.235496 0.041909 0.021872
VERTEX_POSE A1554 -0.770712 0.198657 -0.813531 -0.774641 0.997548 0.756446 0.632361 0.157341 -0.287488 0.186822 0.757606 -0.120942 0.246090 -0.476207 0.515491 -0.535583 -0.117962 -0.254526 0.466698 -0.400735
VERTEX_POSE A1555 -0.866072 0.106845 0.377709 0.921497 -0.965702 0.526201 0.537257 -0.434327 -0.246515 0.324330 0.705211 -0.235199 -0.539237 -0.191108 0.305118 0.174219 0.417905 -0.716888 0.533888 -0.320733
VERTEX_POSE A1556 0.803492 -0.466666 -0.244402 -0.088671 0.063653 0.580238 -0.712746 0.207953 0.514895 0.205495 -0.537092 -0.398889 -0.228860 0.438912 -0.123493 -0.546047 -0.299012 -0.473122 -0.314994 -0.621479
VERTEX_POSE A1557 0.028789 0.351521 -0.321693 -0.696716 0.567590 0.546874 0.485291 -0.635142 0.247536 -0.573813 0.026976 0.439430 -0.575985 -0.159335 -0.664493 -0.220225 -0.657594 -0.070745 0.234462 0.371550
VERTEX_POSE A1558 -0.414922 -0.024940 -0.634978 -0.169805 0.501029 0.226503 -0.014701 0.419573 0.526497 0.513931 -0.530078 0.488317 -0.230315 0.549805 0.598861 -0.542364 -0.313046 -0.272781 -0.623262 -0.377746
VERTEX_POSE A1559 0.810916 0.297677 0.227488 -0.180377 -0.248138 0.264273 -0.544795 0.207192 0.828532 0.237066 0.384158 -0.088147 -0.757788 0.272959 -0.464670 0.202303 0.551138 -0.141444 0.178404 0.656685
VERTEX_POSE A1560 -0.155912 -0.872445 -0.194094 -0.063294 -0.589157 -0.394521 0.515663 0.161549 0.569555 0.278807 0.526011 -0.012295 0.805236 -0.295812 0.316379 -0.009233 -0.780753 -0.647853 -0.088702 -0.011607
VERTEX_POSE A1561 0.518656 0.788852 -0.557407 0.662626 -0.921690 0.110629 -0.465260 0.468727 -0.347718 0.151859 -0.638484 -0.015719 -0.726030 -0.524534 -0.242687 -0.482316 0.151631 0.898726 -0.026914 -0.272957
VERTEX_POSE A1562 -0.715132 0.756362 -0.663368 -0.727075 0.963379 -0.386708 0.267463 -0.063936 -0.625525 0.049660 0.574754 -0.166059 -0.622376 0.431426 -0.536154 -0.461933 -0.684600 0.379656 -0.570318 0.103752
VERTEX_POSE A1563 -0.505609 0.972867 0.254446 0.088912 -0.304740 -0.107007 0.702878 -0.497035 0.538774 0.085064 0.583708 0.578977 0.200709 -0.286296 0.243401 0.546985 0.291729 0.551193 -0.399061 -0.495146
VERTEX_POSE A1564 0.849709 0.512798 0.991385 -0.284996 0.066074 -0.298017 0.004568 -0.287890 -0.629321 -0.473307 -0.281654 0.292157 -0.777750 0.490899 -0.622166 -0.025748 0.443155 -0.206626 0.412797 0.632790
VERTEX_POSE A1565 -0.412502 0.633793 0.509296 0.563729 0.575768 0.577853 -0.087430 0.480146 0.644506 0.246642 -0.714629 -0.467666 0.026563 -0.352590 0.169997 -0.759368 -0.012530 0.055572 0.595128 0.366455
VERTEX_POSE A1566 0.971068 -0.737226 0.297026 0.832029 0.351815 -0.335523 -0.627454 -0.584899 0.043009 -0.142443 0.622899 0.371400 0.264163 -0.393424 -0.572970 -0.238158 0.304151 -0.647567 0.677871 -0.150332
VERTEX_POSE A1567 -0.144633 -0.225333 -0.246177 0.246829 0.704664 0.697867 -0.593606 0.229565 0.476640 0.724140 -0.217352 -0.110713 -0.067352 -0.049287 0.249310 0.340801 0.769739 -0.459763 0.050718 0.552387
VERTEX_POSE A1568 -0.517614 0.005459 0.056017 -0.957933 0.875238 -0.603469 0.097363 -0.145682 -0.127875 0.708643 -0.432597 0.290333 -0.014908 0.503810 0.002004 -0.665741 -0.618499 -0.731557 -0.211926 0.394045
VERTEX_POSE A1569 0.268077 0.274473 -0.256445 -0.086543 -0.683219 0.509195 -0.190436 0.138994 -0.346426 0.607142 0.103968 0.193498 0.410598 -0.856754 0.708042 0.058834 -0.011241 -0.286260 -0.650431 -0.485507
VERTEX_POSE A1570 0.731411 -0.448216 -0.779561 0.218048 0.306614 -0.012418 0.968824 0.186882 -0.643475 0.135842 -0.395796 -0.128032 0.019658 0.542207 0.211022 -0.111828 0.580287 -0.724474 -0.173308 0.421544
VERTEX_POSE A1571 -0.724974 -0.338614 -0.874079 -0.625023 0.439055 -0.255752 -0.623895 -0.111732 0.268451 -0.468491 0.446818 0.867800 0.151994 0.079764 -0.245811 0.142897 0.884027 0.221418 -0.589703 -0.001988
VERTEX_POSE A1572 0.363446 -0.955881 0.698840 -0.571502 0.197862 -0.341636 -0.223296 -0.587563 0.809201 -0.479542 -0.193045 -0.277403 -0.761707 0.558587 0.028568 0.289091 0.493883 0.388214 0.237503 0.248119
VERTEX_POSE A1573 -0.327551 -0.689692 -0.156783 0.839427 -0.010542 0.415759 -0.557197 0.307531 0.322777 -0.587690 -0.608977 -0.749599 -0.584378 0.263879 0.160884 -0.044511 0.407981 -0.367665 0.025936 -0.546343
VERTEX_POSE A1574 0.781617 -0.165393 -0.269838 0.563620 0.548145 -0.724690 -0.220445 -0.314896 -0.281173 -0.727520 0.447375 -0.403312 0.558005 0.188662 -0.381110 0.125789 -0.456528 -0.296412 0.308100 0.675784
VERTEX_POSE A1575 -0.084256 0.999966 -0.933118 0.961760 0.867972 -0.233174 -0.233243 0.280712 -0.069894 0.538279 -0.673023 0.062469 -0.807711 -0.500146 -0.874629 -0.051746 -0.245175 -0.414568 0.027896 0.397472
VERTEX_POSE A1576 0.966659 0.746399 0.665863 0.156603 -0.791792 -0.217244 -0.677949 0.559783 0.443788 0.275824 -0.131487 0.174312 0.519404 0.794915 0.098382 0.075451 0.191714 -0.846046 0.434550 -0.026638
VERTEX_POSE A1577 0.665621 0.950209 -0.663602 0.610648 0.276022 -0.396086 -0.219007 0.602683 0.357762 -0.263318 -0.325237 0.432562 -0.658284 -0.108548 -0.711305 -0.503265 -0.447229 -0.148518 0.442815 -0.564975
VERTEX_POSE A1578 0.359032 0.888473 0.243795 0.606700 0.367032 -0.347867 -0.165856 0.118427 0.092716 0.049053 -0.696645 -0.144699 0.485903 0.611750 0.569721 0.678817 -0.094742 -0.724481 0.522677 -0.342705
VERTEX_POSE A1579 -0.957184 -0.700227 -0.501725 0.957773 -0.485023 0.152491 -0.340377 -0.588538 0.377079 0.458040 -0.575877 -0.433593 -0.119970 0.182779 0.543103 0.432538 0.501891 0.592954 -0.687649 0.191535
VERTEX_POSE A1580 0.463037 -0.869653 0.616304 -0.108743 -0.711873 -0.617973 0.343548 0.051166 -0.192527 0.463076 0.131783 -0.175014 0.391071 0.565765 -0.545053 -0.016397 -0.686825 -0.503318 -0.717168 0.433816
VERTEX_POSE A1581 0.502835 -0.833023 -0.601768 -0.721747 -0.683429 -0.005170 -0.654305 0.349000 0.415409 0.539261 0.689484 -0.705048 0.339638 -0.060905 -0.111891 -0.402864 0.378297 -0.563735 0.058560 0.505957
VERTEX_POSE A1582 0.246416 -0.810109 0.336333 0.733047 -0.277702 0.707259 0.158387 -0.634778 -0.436541 -0.323920 -0.704917 0.540324 -0.471758 0.203334 0.038525 0.772495 0.028909 0.125629 -0.225132 0.240765
VERTEX_POSE A1583 -0.760787 -0.342359 -0.129939 0.579664 0.657635 0.269505 -0.455580 -0.400305 0.064778 -0.527169 -0.382548 0.456988 -0.488994 0.341049 -0.681965 -0.522603 0.470590 -0.499256 -0.048066 -0.596359
VERTEX_POSE A1584 -0.277304 -0.810913 -0.339583 -0.573296 0.872747 0.135829 -0.680319 -0.429111 0.679495 -0.144863 -0.342803 0.062284 -0.214728 0.003557 0.696618 0.427857 0.214660 -0.175158 0.535734 -0.807625
VERTEX_POSE A1585 0.475704 0.388548 0.522802 0.958406 -0.280154 0.607628 -0.030466 0.514822 0.010887 -0.297906 -0.728163 -0.592310 -0.002083 0.370201 -0.381776 0.631898 -0.024195 -0.366176 -0.714860 0.259044
VERTEX_POSE A1586 -0.626859 0.764486 -0.752230 0.501161 0.691933 -0.319356 0.629720 -0.673341 0.064748 0.503220 0.238889 -0.303095 -0.550217 -0.376583 -0.014416 -0.217901 -0.440532 -0.895402 0.001549 0.391996
VERTEX_POSE A1587 -0.473812 -0.277580 0.416015 0.338033 -0.063600 -0.058536 -0.499167 0.029389 0.590497 -0.106384 -0.790756 -0.338377 0.697447 -0.390288 -0.576290 -0.081332 -0.305040 0.448640 0.496455 0.358424
VERTEX_POSE A1588 -0.495507 -0.259931 -0.798891 -0.738310 -0.712564 -0.097687 -0.233217 0.732132 -0.461888 -0.239075 0.027896 0.555560 -0.715749 -0.332205 -0.562540 -0.046190 -0.576722 0.389895 0.611574 -0.142255
VERTEX_POSE A1589 -0.041781 -0.260454 -0.387209 -0.668644 0.192962 0.799116 -0.290182 -0.370594 -0.499160 -0.558693 -0.107640 0.217707 -0.469384 0.186684 -0.248642 -0.086181 -0.867449 0.055082 0.613113 -0.252496
VERTEX_POSE A1590 -0.662897 -0.979903 -0.356498 -0.842344 0.688262 -0.524627 -0.070748 -0.700963 0.098851 -0.078524 -0.496450 -0.254260 -0.188206 -0.175089 -0.523629 0.801182 0.163562 -0.613318 -0.558135 0.452525
VERTEX_POSE A1591 0.348582 -0.132376 0.007015 0.198396 -0.301721 0.350469 0.472272 -0.481732 -0.594679 0.595717 0.475487 -0.355064 -0.133667 -0.417652 0.154527 -0.521894 0.475406 -0.611212 -0.363098 -0.376036
VERTEX_POSE A1592 -0.523124 -0.471602 0.055385 0.993982 0.271272 0.047184 0.366691 0.116215 0.649777 -0.476772 0.265041 0.360772 -0.400950 -0.566497 0.010603 -0.209631 0.771077 0.667304 0.658423 0.027723
VERTEX_POSE A1593 -0.378029 0.776459 -0.019865 -0.569419 0.651641 0.556883 -0.262356 0.676769 -0.677001 -0.416191 0.064766 0.159810 -0.637825 -0.074333 0.376791 0.266084 -0.488263 0.253062 -0.529464 -0.542091
VERTEX_POSE A1594 0.842973 -0.159509 -0.738538 -0.712691 0.393539 0.350521 -0.600986 0.492953 -0.315061 -0.694685 -0.364233 -0.643176 0.277165 0.305034 0.366531 0.172642 0.474490 0.479429 0.222718 -0.553304
VERTEX_POSE A1595 -0.673416 -0.958804 0.046769 -0.291014 -0.662654 -0.579173 0.445313 -0.391215 -0.131454 0.057446 -0.608723 0.681881 0.714338 -0.147725 -0.181042 0.343924 0.631264 0.386705 -0.412108 -0.236833
VERTEX_POSE A1596 0.209469 0.410252 -0.510569 0.994310 0.227409 0.715505 -0.032104 0.153254 0.258383 -0.762507 -0.254815 -0.579795 -0.269478 -0.360238 0.254229 -0.077125 -0.667076 -0.143166 -0.582225 0.580363
VERTEX_POSE A1597 0.814041 0.103265 0.558488 -0.880662 -0.254646 -0.561357 0.486334 0.186064 -0.024253 0.499630 0.563963 -0.084791 0.256577 -0.696421 -0.658272 0.035160 -0.295312 -0.493740 -0.668417 0.274070
VERTEX_POSE A1598 0.181952 -0.184136 0.800592 0.955814 -0.957990 -0.043917 -0.096198 -0.601935 -0.172615 -0.383430 -0.595617 0.356057 0.258539 -0.500949 -0.691555 0.700806 -0.152440 0.602702 0.534561 -0.093417
VERTEX_POSE A1599 0.691855 -0.584290 0.545448 -0.963623 0.102647 -0.333129 -0.626148 -0.504644 0.712650 -0.042542 -0.406533 0.471282 -0.465216 -0.066017 0.156974 -0.525601 0.752883 -0.366616 -0.336819 -0.094198
VERTEX_POSE A1600 0.082118 -0.622261 -0.697957 0.032794 0.062135 0.114000 -0.652062 0.000688 -0.260938 0.676261 0.065177 -0.552962 -0.280931 0.670693 0.203904 0.180392 0.658365 0.756024 0.077604 0.335377
VERTEX_POSE A1601 -0.086637 0.367647 -0.978969 0.173862 0.348624 -0.128544 0.666369 -0.179821 0.021931 0.700366 0.212377 -0.332112 0.130022 -0.731168 -0.933962 -0.125440 0.277615 -0.020302 0.181102 0.557570
VERTEX_POSE A1602 0.966881 0.077096 0.671370 -0.588646 -0.458298 0.301608 -0.226747 0.780857 0.015021 0.912348 0.367372 0.513861 0.283862 -0.422685 -0.802145 0.120255 0.017206 -0.036295 -0.145492 0.276300
VERTEX_POSE A1603 -0.554435 -0.578142 -0.999117 0.461292 -0.740003 -0.099616 -0.480979 0.038862 0.355174 0.387134 0.565461 0.516645 0.493289 -0.191226 0.428905 -0.128877 -0.728654 0.642687 -0.599036 0.333527
VERTEX_POSE A1604 0.585812 0.677955 -0.135751 0.013289 -0.661919 -0.577960 0.235280 0.303318 -0.227734 -0.539365 0.735386 -0.410284 -0.686709 -0.536991 0.474205 -0.185385 0.279941 -0.469996 0.384437 0.021894
VERTEX_POSE A1605 0.748498 0.911703 -0.598469 0.974974 -0.910152 -0.499193 -0.772437 0.111796 0.276117 0.237239 0.073045 -0.365571 0.302316 0.857633 0.511301 -0.175989 0.434821 -0.528674 0.474016 -0.239921
VERTEX_POSE A1606 0.361309 -0.578176 -0.932235 0.423052 -0.872031 0.011142 0.486478 -0.502047 -0.968183 -0.187355 -0.030852 -0.217111 0.533093 -0.338608 0.104500 -0.301052 -0.718399 -0.066636 0.594488 0.340947
VERTEX_POSE A1607 0.552471 0.424354 -0.469888 -0.830108 -0.453711 0.566936 0.340050 -0.547260 -0.422970 0.632828 0.213856 0.578282 0.113328 0.794462 0.303073 -0.440047 -0.072723 -0.270955 -0.526697 0.135324
VERTEX_POSE A1608 0.414119 0.861911 -0.262070 0.585622 0.365870 0.208186 -0.142889 -0.812551 -0.519207 -0.275511 0.216882 -0.385695 -0.382130 0.161413 -0.704541 0.562982 -0.389856 0.204802 0.663855 0.338645
VERTEX_POSE A1609 -0.279659 -0.689703 0.311560 0.029752 0.495002 0.274969 0.516757 0.146627 -0.673404 -0.381784 0.361871 -0.200251 0.646850 0.359535 0.626797 -0.393197 0.182087 0.194791 -0.119101 0.827725
VERTEX_POSE A1610 0.595287 0.724128 0.028387 -0.872335 0.061267 0.619928 0.194872 0.533615 -0.405892 -0.158681 0.255587 0.138917 -0.493514 -0.601363 0.340765 0.603413 -0.532654 0.561713 -0.573743 0.067628
VERTEX_POSE A1611 -0.122844 0.992259 -0.645766 -0.523121 0.653997 -0.686955 -0.441061 0.248422 0.673604 -0.540060 0.185357 -0.092270 0.484500 0.563730 0.167783 0.519792 -0.253049 0.194127 0.094217 0.722567
VERTEX_POSE A1612 -0.776824 -0.522726 0.709792 0.308005 0.811573 0.017888 0.586460 -0.659747 -0.969408 0.106404 -0.065477 0.071031 0.191427 -0.232403 -0.075872 0.555811 0.706753 -0.221644 -0.546966 -0.083276
VERTEX_POSE A1613 -0.158297 0.914019 -0.635280 0.860712 0.783565 0.090705 -0.489042 -0.720646 -0.728807 0.351698 -0.517044 0.428575 0.040313 -0.295634 0.439632 0.126822 -0.321730 -0.289242 -0.787044 0.149753
VERTEX_POSE A1614 0.116369 -0.350100 0.224294 -0.943456 0.311631 -0.518428 -0.303893 -0.797363 0.388608 -0.520590 -0.011619 0.081629 0.664457 -0.305776 -0.698455 -0.159153 0.512617 0.292769 -0.412071 -0.088329
VERTEX_POSE A1615 -0.054128 -0.333640 -0.629791 0.734709 0.684320 0.125533 -0.296244 -0.508680 0.646685 0.301162 -0.228103 -0.354308 0.796394 -0.457642 0.398455 -0.199145 -0.506241 -0.530792 -0.384239 -0.472755
VERTEX_POSE A1616 -0.682592 0.302567 0.887522 0.819118 -0.496589 -0.484862 0.426393 0.471364 -0.358656 0.550463 -0.193268 -0.431202 0.081851 -0.724421 -0.389658 -0.609992 -0.196799 0.546357 0.369310 -0.420652
VERTEX_POSE A1617 0.489511 -0.585614 0.472064 0.557705 0.003564 0.194965 0.405980 0.859122 0.834763 -0.239754 -0.111035 0.415375 -0.213199 0.164675 -0.117446 0.203064 0.151987 0.280767 0.831270 -0.446500
VERTEX_POSE A1618 0.472060 0.388781 0.786223 0.072742 -0.379280 -0.121923 -0.446614 -0.525169 -0.149011 -0.635937 -0.293930 0.299851 -0.138575 0.387829 0.778210 0.237772 -0.562639 -0.517116 0.566022 -0.413314
VERTEX_POSE A1619 -0.178099 -0.957364 -0.911370 -0.919191 -0.209153 0.453181 0.801589 -0.356844 0.515919 -0.217850 0.326926 -0.393782 0.513399 0.737853 -0.338893 -0.122354 -0.321598 0.508470 -0.177335 0.343410
VERTEX_POSE A1620 -0.552270 0.153932 -0.915145 0.889061 -0.803474 -0.209655 0.543638 0.347381 0.519544 0.327897 -0.563038 0.679075 0.348749 0.516744 0.355924 -0.262097 -0.335768 0.313518 -0.637668 0.427258
VERTEX_POSE A1621 0.809164 0.408877 -0.570274 0.230398 -0.691018 0.501312 -0.565480 0.450929 0.146775 -0.455257 -0.611660 0.516653 0.515739 0.335148 0.633658 0.271805 -0.540194 -0.242261 0.364841 -0.135653
VERTEX_POSE A1622 -0.829517 -0.089741 0.095646 0.279205 0.489126 0.034946 0.037514 0.673194 -0.641530 -0.064461 0.258761 0.682173 -0.309059 -0.084262 -0.319005 -0.108639 -0.677895 -0.141751 -0.941869 0.114944
VERTEX_POSE A1623 -0.075395 0.682330 0.140240 0.883043 0.467798 0.317615 -0.602066 -0.339517 0.177676 0.067333 -0.569114 -0.608371 -0.140430 -0.641781 -0.545180 -0.592437 0.381395 0.447455 -0.512134 0.059094
VERTEX_POSE A1624 -0.568865 0.185336 0.409861 0.660979 0.960623 0.658315 -0.504804 -0.077198 -0.605750 -0.069045 -0.464626 -0.057865 0.204891 0.765786 0.100887 -0.314481 -0.214723 -0.431464 -0.774291 0.381612
VERTEX_POSE A1625 -0.986545 0.750750 0.357107 0.566514 -0.117336 0.435819 0.508556 0.590262 0.160725 -0.268469 0.381619 -0.647324 0.072599 0.639965 -0.238817 -0.635381 0.182775 0.555129 -0.510211 0.250989
VERTEX_POSE A1626 0.251190 0.723526 -0.812991 -0.407971 0.805144 -0.262183 -0.640687 0.366093 0.229035 0.321646 0.571007 -0.659794 0.542681 -0.259996 -0.448548 0.178835 0.662125 -0.492219 -0.399473 -0.184174
VERTEX_POSE A1627 0.640604 -0.404412 0.899292 0.655289 0.188032 -0.738476 -0.310955 -0.137934 -0.221777 0.343009 0.840540 -0.307167 -0.361049 0.378744 -0.094241 0.726793 -0.096444 -0.549759 0.356465 -0.348881
VERTEX_POSE A1628 0.827496 -0.145984 -0.084405 0.685852 0.628018 0.710920 0.365431 0.242691 0.114224 -0.396168 -0.494789 0.409661 -0.399093 -0.507613 -0.519435 0.359932 -0.392256 0.209548 0.648602 -0.533618
VERTEX_POSE A1629 -0.566859 -0.460610 0.987602 -0.452157 0.847154 -0.234628 0.255006 0.759840 -0.756213 0.532196 -0.170856 -0.139566 -0.318940 0.464217 -0.304938 -0.564231 0.224507 0.510515 0.481311 0.357142
VERTEX_POSE A1630 0.332459 0.011298 0.444740 0.691666 -0.709321 0.272707 0.381243 0.223947 0.329268 0.446298 0.498447 -0.738131 0.611815 -0.221513 0.509029 0.455615 -0.657463 -0.115179 0.271235 0.469118
VERTEX_POSE A1631 -0.090385 0.231754 0.217638 -0.281354 -0.309847 -0.161702 0.183067 0.295009 0.270275 -0.338374 0.600908 0.587937 0.488028 -0.452540 0.514283 0.389861 0.540363 -0.539117 0.679578 0.234721
VERTEX_POSE A1632 0.346504 0.907037 -0.991367 0.721705 0.195778 -0.008290 -0.440732 -0.284982 0.810726 -0.334744 -0.373069 0.249992 0.401644 0.163743 -0.526495 -0.382054 -0.413396 0.054414 -0.621626 0.762821
VERTEX_POSE A1633 0.299340 -0.911606 0.116110 -0.896980 -0.167619 -0.351544 0.736292 -0.487166 -0.495998 0.374555 0.610084 -0.313899 -0.256765 -0.471541 -0.531076 -0.329115 0.297223 0.499828 0.378599 0.282442
VERTEX_POSE A1634 0.355179 0.653612 0.218521 -0.820062 -0.049850 -0.166291 0.451409 0.149160 -0.134870 0.705246 -0.280586 -0.552312 0.309366 0.434278 0.800365 0.402782 0.370715 -0.092328 -0.202280 0.756965
VERTEX_POSE A1635 -0.067684 0.584992 -0.127119 -0.265006 0.533859 0.694481 0.588946 -0.119417 0.262306 0.043560 0.320266 -0.095995 0.027882 0.903597 -0.100040 0.592808 0.201537 0.655492 -0.546851 0.161448
VERTEX_POSE A1636 0.047837 -0.999903 0.517641 -0.922006 -0.077771 0.453258 0.574600 -0.639412 -0.031786 -0.221805 -0.352461 -0.525861 0.402628 0.204721 -0.547936 -0.376488 -0.648541 0.465601 -0.562837 0.066389
VERTEX_POSE A1637 -0.283512 -0.924564 0.286286 0.602991 0.078119 -0.019884 0.670718 0.237214 -0.704918 0.078141 0.578916 0.067813 -0.664612 0.526172 0.642649 0.032128 0.397730 -0.291716 -0.318261 -0.416581
VERTEX_POSE A1638 -0.515213 0.009346 0.402993 -0.095114 -0.919852 -0.485110 0.800406 -0.327159 -0.653840 -0.556824 -0.230496 -0.490073 0.065215 0.719549 -0.216602 -0.045065 0.298894 0.223773 0.207399 0.482442
VERTEX_POSE A1639 -0.538044 0.862008 -0.744429 0.663616 -0.711902 0.429277 -0.378715 -0.422707 -0.273278 -0.662184 0.603727 -0.475537 -0.163045 -0.628821 0.179068 0.558559 0.247786 -0.694867 0.281984 -0.004383
VERTEX_POSE A1640 0.436830 -0.614267 -0.402153 -0.367257 -0.426880 0.488196 0.557042 -0.057429 -0.543094 0.245213 0.526518 -0.537042 0.013613 -0.779561 -0.412821 0.150989 0.289502 0.088760 -0.778840 0.167195
VERTEX_POSE A1641 -0.919926 -0.266526 -0.568620 0.032552 0.141415 -0.325889 -0.292189 -0.279160 -0.776659 -0.008615 0.575003 -0.160725 -0.387372 -0.545876 -0.430756 0.712374 -0.517763 -0.281450 -0.506969 -0.159318
VERTEX_POSE A1642 0.339112 0.854267 -0.390195 -0.859505 0.942095 0.641443 0.287634 -0.387523 -0.514599 0.021630 -0.495676 -0.106823 0.524352 0.710360 -0.414635 0.674179 -0.286557 0.374707 0.432824 -0.131928
VERTEX_POSE A1643 0.660006 -0.136993 -0.692361 0.940747 -0.615307 -0.602366 0.529326 -0.223951 0.364929 0.413600 -0.748892 -0.552271 -0.502286 -0.500156 -0.379956 0.463686 0.372302 0.233692 0.285401 0.015530
VERTEX_POSE A1644 -0.078223 -0.352507 -0.203900 -0.106736 -0.075020 0.603729 -0.382553 -0.585734 -0.369739 -0.339860 -0.550199 -0.229619 -0.268038 0.237102 0.588297 0.442909 0.055993 0.316205 -0.685664 0.542995
VERTEX_POSE A1645 -0.544519 -0.495833 0.834099 -0.802961 0.253726 -0.526135 -0.090634 0.564842 0.052361 0.616408 0.425780 -0.842009 -0.004469 -0.293168 0.078287 -0.562933 -0.209164 0.073020 -0.543059 0.608250
VERTEX_POSE A1646 -0.394122 0.529367 -0.322152 0.675457 -0.930987 0.273323 -0.821391 -0.053435 -0.443873 0.066203 0.648261 -0.670398 0.063124 -0.557003 -0.393721 -0.450120 -0.231873 0.351882 0.338143 -0.461395
VERTEX_POSE A1647 0.239185 0.950060 -0.316378 -0.287618 0.428391 0.750976 0.032610 0.150191 -0.020947 -0.237669 0.091562 0.556088 -0.531499 -0.316482 -0.162880 -0.062446 -0.896318 -0.315963 -0.809975 0.255955
VERTEX_POSE A1648 0.944992 -0.081448 0.306163 0.754744 -0.742710 0.600731 0.627284 0.305280 -0.213149 -0.202698 0.024001 0.333709 -0.226186 -0.741304 -0.585523 0.139803 0.232803 -0.373484 0.703366 -0.550000
VERTEX_POSE A1649 -0.922061 -0.081852 -0.535929 -0.251801 -0.310267 -0.498274 0.022984 0.451631 -0.028524 -0.091843 0.433957 0.456100 0.624567 -0.261914 0.736359 -0.398039 0.464843 0.025656 0.665220 0.568359
VERTEX_POSE A1650 -0.938914 0.992695 -0.227748 -0.206809 -0.780763 -0.466257 -0.181239 0.150852 -0.456169 0.790822 -0.268985 0.531171 0.567142 0.504359 0.041832 0.130054 -0.591619 -0.539093 0.056475 0.548179
VERTEX_POSE A1651 -0.607279 -0.927516 0.391018 0.643805 -0.546183 0.618246 0.204499 0.564770 -0.444139 0.461512 0.356679 -0.589672 -0.463081 0.353928 -0.231563 0.564947 0.277169 -0.138486 0.459976 -0.593066
VERTEX_POSE A1652 0.887102 -0.672975 -0.106203 0.978597 -0.001285 -0.486140 0.175233 0.077129 0.487301 0.694771 -0.357407 -0.455367 0.550228 0.501499 0.141529 -0.416297 0.279425 0.546641 0.102625 0.732620
VERTEX_POSE A1653 -0.768432 -0.097045 0.867898 -0.927604 0.708363 0.050381 0.614336 0.121018 -0.540213 -0.109776 -0.745166 -0.458455 -0.344443 0.634003 -0.700813 0.407593 0.167368 -0.065669 -0.570760 0.010490
VERTEX_POSE A1654 0.317327 0.754814 -0.468742 0.526848 0.921615 0.242616 0.332705 0.701705 -0.330851 0.791234 -0.247564 -0.259434 0.125515 -0.440347 0.540234 -0.189742 -0.476833 0.687398 0.459892 -0.158264
VERTEX_POSE A1655 -0.681763 0.512361 -0.696342 0.639576 -0.040662 -0.530733 0.284828 -0.246601 -0.095644 -0.286735 -0.743709 0.748011 0.505030 -0.151953 -0.366632 0.498578 0.394330 0.123432 -0.577079 0.455521
VERTEX_POSE A1656 -0.754976 -0.346295 0.225005 0.638910 -0.408972 0.493444 -0.168258 -0.322056 0.607388 -0.110599 -0.407620 -0.389753 0.352395 -0.277660 0.190907 -0.407031 0.724229 0.446363 0.818291 0.358501
VERTEX_POSE A1657 -0.431483 0.478340 -0.281733 -0.881123 0.726759 -0.179714 -0.162018 0.818235 0.565797 0.724753 0.184770 -0.458258 0.090235 0.248739 -0.216780 -0.067866 -0.476705 0.624966 -0.660102 0.085048
VERTEX_POSE A1658 0.958841 -0.892051 -0.797051 0.294866 -0.852630 -0.255795 0.700936 0.188216 -0.493885 -0.369531 -0.546036 0.056743 -0.510250 0.735877 -0.330242 0.292979 0.268766 -0.760504 -0.161073 0.229496
VERTEX_POSE A1659 -0.927480 0.507721 -0.859400 0.324762 -0.780955 0.530959 -0.396063 -0.434793 0.663486 0.467068 -0.285721 0.151243 0.526122 0.181298 0.457325 -0.121425 0.832571 -0.214122 0.577437 -0.057227
VERTEX_POSE A1660 0.001658 -0.982270 -0.294132 -0.333280 0.573913 -0.143430 -0.404084 0.152013 -0.140302 -0.703551 -0.329027 -0.880654 0.099819 0.425334 -0.167533 -0.446824 -0.182457 -0.395125 0.363479 -0.808971
VERTEX_POSE A1661 0.291299 0.119247 0.647690 -0.013468 -0.561951 -0.265288 -0.576398 -0.116186 -0.479528 -0.516096 0.129418 -0.097809 0.330914 0.751361 0.568011 -0.077243 -0.369109 0.606195 -0.534733 0.518620
VERTEX_POSE A1662 -0.017865 -0.260525 0.358238 -0.956592 -0.090802 -0.432654 -0.271454 0.690898 -0.532254 -0.490219 -0.309260 0.080680 0.463397 0.528535 0.287785 -0.572971 0.383250 0.663466 -0.378108 -0.028066
VERTEX_POSE A1663 -0.651838 0.924767 -0.285499 -0.611575 -0.230309 0.191690 0.389990 0.289558 -0.041627 -0.695513 0.646148 0.098539 -0.400062 -0.690868 -0.264577 -0.412345 -0.146114 0.939048 -0.184639 0.000863
VERTEX_POSE A1664 -0.409361 0.207642 -0.236200 0.089552 0.270430 -0.668164 0.697422 -0.060988 -0.106195 -0.410331 -0.134706 -0.587359 -0.386706 0.413667 0.443976 0.438009 0.446392 0.013175 0.061951 -0.779582
VERTEX_POSE A1665 -0.662686 -0.606912 -0.423241 -0.776654 0.859348 -0.438901 0.486966 -0.441092 0.085303 0.096181 0.317214 0.179714 -0.683235 -0.635760 -0.448706 -0.520534 0.521433 -0.752632 -0.125885 -0.169498
VERTEX_POSE A1666 0.280479 0.509759 0.587383 0.123419 -0.696450 -0.227885 0.532675 -0.018756 0.156360 0.067264 -0.461148 -0.413819 -0.502050 0.586347 0.749431 0.240192 0.591871 0.436724 -0.634025 -0.304756
VERTEX_POSE A1667 0.638476 0.207738 -0.718559 0.167546 -0.807341 0.610890 -0.321967 0.708523 0.628127 -0.197627 -0.663774 -0.153324 0.045702 -0.043588 0.451271 0.617310 -0.084868 -0.071533 -0.688564 -0.219767
VERTEX_POSE A1668 0.053803 -0.531477 0.863046 0.826337 -0.062534 0.210993 0.300211 0.513227 0.206834 0.465370 -0.198657 0.633347 -0.718140 0.084740 -0.479458 -0.339643 -0.490203 -0.530748 -0.249442 0.670562
VERTEX_POSE A1669 0.765265 -0.480894 -0.009624 -0.971694 -0.616302 -0.258093 0.269504 0.716960 0.441867 0.382503 -0.495387 0.484123 0.458640 0.227047 0.538149 -0.737643 0.228060 0.462777 0.163069 0.370133
VERTEX_POSE A1670 -0.899568 0.069747 -0.462988 -0.168839 -0.519243 0.570733 -0.710663 -0.264151 -0.548738 -0.061923 -0.552838 0.539558 0.380694 -0.035699 0.267980 0.508789 -0.660627 0.101069 0.295516 0.432309
VERTEX_POSE A1671 -0.509368 -0.145744 -0.539108 -0.540920 0.510587 -0.212393 -0.778039 -0.259260 0.643193 0.010977 -0.146307 -0.316624 -0.155822 -0.587947 -0.663998 0.328523 0.228958 -0.006850 0.512178 -0.716432
VERTEX_POSE A1672 0.845339 0.252580 0.421756 0.060857 0.525113 0.081815 -0.090582 0.411308 -0.842860 0.170352 0.467540 -0.231394 0.462102 -0.646142 -0.247524 -0.858462 -0.251640 -0.409979 -0.110814 -0.362505
VERTEX_POSE A1673 0.439544 -0.075986 0.146817 -0.028343 -0.577148 0.035317 -0.694209 0.130013 -0.009890 0.691626 0.058165 -0.694959 -0.160569 -0.310325 -0.676205 0.092335 0.587222 0.241732 -0.073611 0.733881
VERTEX_POSE A1674 -0.849362 0.717263 -0.231469 -0.600173 0.895280 -0.450599 -0.597800 -0.326948 -0.373991 -0.226990 0.885468 -0.746358 0.169574 -0.292233 0.032512 -0.282904 0.097400 -0.314617 0.694493 0.119012
VERTEX_POSE A1675 -0.232884 0.900073 -0.782144 0.954121 -0.549907 0.180992 -0.060191 -0.366300 0.526367 0.695279 -0.340146 0.474495 -0.591094 0.121187 -0.648417 0.224593 -0.010431 0.211160 0.336349 0.857514
VERTEX_POSE A1676 0.895025 0.428180 -0.019084 0.168696 0.676578 0.389952 0.667894 -0.384997 0.002001 0.527350 0.644832 0.484718 -0.525076 0.149007 -0.730493 0.010479 -0.320058 0.281712 0.002368 -0.557969
VERTEX_POSE A1677 -0.243483 0.246630 0.446379 -0.924717 0.964293 -0.502194 0.313448 -0.218058 -0.222590 0.039560 -0.500253 0.199322 -0.307440 -0.817843 0.717377 -0.150762 0.015553 0.379336 0.884837 -0.181902
VERTEX_POSE A1678 -0.993699 0.850132 -0.098523 -0.333497 0.878484 -0.688126 0.010139 -0.422085 0.396901 -0.347116 -0.616424 -0.207105 0.336867 -0.584372 -0.465972 0.150307 0.309260 -0.330044 -0.862169 0.068802
VERTEX_POSE A1679 0.840017 -0.653267 -0.712921 -0.076560 0.933869 0.646332 0.518781 0.209770 0.442358 -0.497930 0.569825 -0.550899 -0.141630 0.471869 0.033757 -0.196948 0.405789 -0.286259 0.651217 0.493935
VERTEX_POSE A1680 -0.165545 -0.835223 0.910450 -0.176518 -0.345974 0.455786 0.170939 0.583557 0.657871 -0.173416 -0.701001 0.182893 -0.584787 0.261853 -0.213021 -0.772714 0.072136 0.529752 -0.040543 0.307063
VERTEX_POSE A1681 -0.932613 0.842828 0.673729 0.459694 -0.902279 -0.583800 0.503403 0.343654 -0.295456 -0.233136 0.571099 -0.716090 -0.045794 -0.588689 -0.072181 -0.478181 -0.321890 0.232138 0.679322 -0.324931
VERTEX_POSE A1682 -0.767262 -0.580783 0.678097 -0.432755 -0.612315 0.057479 -0.383093 -0.579082 0.605554 0.714907 0.017519 -0.043021 0.206636 -0.617387 -0.719481 0.374325 0.227633 0.332410 -0.399161 0.481013
VERTEX_POSE A1683 -0.278442 -0.508198 -0.195753 -0.197921 0.652741 -0.645514 0.588636 -0.386584 -0.680044 -0.327964 0.385417 -0.069601 0.230569 -0.182518 0.000000 0.484586 0.817737 -0.340599 -0.507900 0.000435
VERTEX_POSE A1684 -0.701044 -0.254218 0.541627 0.532091 0.806084 0.563007 -0.755417 -0.233818 0.406507 -0.095801 0.556006 0.449172 0.446930 -0.681210 -0.027293 -0.049385 -0.192582 -0.561493 -0.466885 -0.367494
VERTEX_POSE A1685 0.550065 -0.825969 -0.790645 -0.905907 -0.690700 -0.471380 0.564876 0.525941 -0.105946 -0.527820 0.373373 -0.542332 -0.406346 -0.472749 -0.551073 0.302653 -0.394093 0.410817 0.381582 -0.452964
VERTEX_POSE A1686 0.039795 -0.995836 0.107904 -0.558344 -0.387921 -0.208350 -0.233809 0.734382 0.886959 -0.090774 0.146132 0.178270 -0.452859 -0.543274 0.191486 0.841822 -0.003610 0.318507 -0.152798 0.379696
VERTEX_POSE A1687 -0.456021 0.399488 -0.233368 0.171001 -0.602888 -0.263256 0.356518 -0.466481 0.201786 -0.748341 -0.628527 -0.291082 -0.462366 0.423887 0.643979 0.290025 -0.199673 0.624933 -0.122408 0.409635
VERTEX_POSE A1688 -0.881418 0.652371 -0.072378 -0.787030 -0.963940 -0.561068 0.660254 0.344321 -0.577959 0.045436 -0.203801 -0.270596 -0.152003 -0.371055 -0.292792 -0.615600 0.722102 0.438425 0.399916 0.425201
VERTEX_POSE A1689 -0.001365 -0.887887 0.310854 0.736522 -0.240551 -0.436138 0.508799 -0.160592 -0.545023 -0.343396 -0.175184 0.277207 0.167689 0.768957 0.547490 0.416267 -0.560846 -0.368978 0.649466 0.194110
VERTEX_POSE A1690 -0.383500 -0.092791 -0.092768 -0.504237 -0.383843 0.514252 0.348870 0.396633 -0.475199 -0.042701 -0.483472 -0.140423 -0.721313 0.586113 0.238083 -0.535445 -0.279577 -0.658277 0.263578 0.432719
VERTEX_POSE A1691 0.120240 0.670101 0.633490 -0.120310 0.609973 -0.466488 0.800523 0.349989 0.326870 0.399100 -0.313903 -0.773470 -0.389689 -0.077462 -0.239950 0.150070 -0.400301 0.140404 -0.159700 0.782772
VERTEX_POSE A1692 -0.710066 0.231360 -0.041457 -0.276946 0.197498 -0.590812 -0.416214 -0.422973 -0.017181 -0.449504 -0.488505 -0.374657 -0.037152 0.412571 -0.023466 0.706949 -0.620321 0.713952 -0.351504 -0.165662
VERTEX_POSE A1693 0.598635 0.646684 -0.734530 -0.460829 0.525355 -0.228940 -0.019991 -0.571122 -0.604662 0.012624 -0.546484 -0.284591 0.925898 0.221938 -0.547038 -0.279649 0.497068 0.449141 0.252882 -0.280789
VERTEX_POSE A1694 0.468402 0.594868 -0.652009 0.268115 -0.620336 -0.060938 -0.458473 -0.792157 0.261303 -0.317075 0.353009 0.547271 0.511107 -0.472033 -0.774349 0.150567 -0.156843 -0.169956 0.636683 0.021395
VERTEX_POSE A1695 -0.119426 -0.560998 0.722343 0.812605 -0.532072 -0.944858 0.003800 -0.237977 -0.071099 0.561640 0.407779 -0.046578 0.450311 0.476517 -0.022481 0.647282 -0.458174 0.315458 0.250584 -0.583173
VERTEX_POSE A1696 0.935949 -0.960228 -0.157771 -0.237482 0.384703 0.690934 0.597899 0.079842 0.386394 0.010795 -0.443692 0.563419 -0.514935 0.463804 0.231792 -0.469515 -0.690428 0.046282 -0.395977 0.323971
VERTEX_POSE A1697 -0.251119 0.104628 0.935374 -0.608466 -0.316786 0.093101 -0.252177 -0.239279 -0.362158 -0.362743 -0.315962 -0.514263 -0.244744 -0.543657 -0.647094 -0.186599 0.709897 -0.420685 0.842678 -0.208317
VERTEX_POSE A1698 -0.480950 0.646741 -0.996216 -0.019849 -0.339413 0.639956 -0.370618 -0.316463 -0.244897 -0.333378 0.479558 0.555678 0.434723 -0.069571 -0.434613 0.448505 -0.590899 0.181151 0.601133 0.562026
VERTEX_POSE A1699 -0.010248 -0.491705 -0.294725 -0.411145 -0.677831 -0.353168 0.111422 -0.637147 0.407658 0.192575 -0.191540 -0.103051 -0.484369 0.584537 -0.828561 -0.004152 0.043627 -0.109337 0.846090 0.462351
VERTEX_POSE A1700 -0.485854 0.623733 -0.074250 -0.580160 0.066912 0.424121 -0.219084 0.478315 -0.337526 0.594650 0.401056 -0.454749 0.289478 -0.425152 -0.600464 -0.305449 0.599217 0.372618 0.649074 0.265617
VERTEX_POSE A1701 -0.380518 -0.283513 -0.459203 0.811312 0.141344 0.313679 0.493900 0.630989 -0.138715 -0.009484 -0.326869 0.425079 0.646558 -0.329975 -0.577357 0.550590 -0.356553 0.606902 -0.186509 -0.508917
VERTEX_POSE A1702 0.480384 0.362551 0.166167 0.047934 0.832756 0.102797 -0.691697 -0.630064 0.555401 -0.445644 0.223224 -0.475254 -0.458143 0.450807 -0.085881 -0.317751 0.511418 0.669119 0.109983 0.297345
VERTEX_POSE A1703 -0.640515 -0.123687 -0.652494 0.480697 -0.407975 0.421773 -0.265284 0.493348 0.473138 -0.582370 -0.268695 -0.395891 -0.487080 0.660038 -0.036388 -0.532420 -0.432673 -0.663471 -0.264106 -0.248102
VERTEX_POSE A1704 -0.940974 0.640501 0.687613 -0.217031 0.564197 0.189270 -0.518716 -0.620545 -0.673926 0.184060 -0.066637 0.157151 -0.574003 0.060217 -0.361409 -0.581446 0.614487 -0.595556 -0.171747 -0.478813
VERTEX_POSE A1705 0.631023 0.079814 0.934698 0.447761 0.728036 -0.359715 -0.717391 -0.182727 0.538662 -0.148995 -0.821662 -0.397870 0.269847 -0.298402 0.560357 0.217934 0.235785 0.328860 -0.585523 0.383202
VERTEX_POSE A1706 0.126601 -0.223614 -0.434639 0.434819 0.042118 -0.300572 0.550485 -0.180058 -0.376655 -0.438838 0.627000 0.668788 -0.151025 -0.260814 -0.255644 -0.678993 -0.580194 -0.505130 0.143343 -0.412069
VERTEX_POSE A1707 0.954052 0.068681 -0.331471 0.951664 0.240775 0.504841 -0.280879 0.165791 0.189613 -0.526229 -0.522793 0.643581 -0.154941 0.486449 -0.225814 -0.692958 -0.138493 0.493957 0.374156 -0.665874
VERTEX_POSE A1708 -0.612461 -0.673556 0.381077 0.523044 0.692329 -0.128700 -0.693923 -0.481886 0.299079 0.320985 0.051557 -0.480290 -0.352641 0.198767 -0.517907 0.522728 -0.671269 -0.628556 0.133564 0.524421
VERTEX_POSE A1709 0.132902 -0.373482 0.466839 -0.898678 -0.079398 0.159086 0.742769 0.063496 0.117946 0.209058 -0.637841 0.286202 -0.012372 0.742210 -0.545592 -0.416385 -0.003280 -0.762364 0.480686 0.195552
VERTEX_POSE A1710 0.794068 0.415414 -0.044392 -0.124896 0.174643 0.210031 0.327555 0.679142 0.284674 0.670005 -0.606281 -0.094905 0.426649 0.010033 -0.781049 0.444503 0.196222 0.505770 0.253356 0.364123
VERTEX_POSE A1711 0.221995 -0.508779 0.291527 -0.653473 -0.653644 0.377741 0.089411 0.704094 0.296495 -0.935978 -0.141104 0.168634 0.169052 -0.302825 0.852760 0.269191 -0.280062 -0.117323 0.122097 -0.560538
VERTEX_POSE A1712 0.200289 -0.530654 0.140568 0.561017 0.018323 -0.153878 -0.379260 0.542139 0.600627 -0.735164 -0.242090 0.597006 0.392681 -0.212606 -0.388830 -0.401260 -0.315937 0.328577 -0.022080 0.708844
VERTEX_POSE A1713 -0.973194 0.834631 -0.366296 0.442349 0.562329 0.339887 0.596809 -0.461065 0.191279 0.601171 0.472608 0.459673 -0.475452 0.330070 -0.785178 0.158372 0.223664 -0.141723 -0.176852 -0.636466
VERTEX_POSE A1714 0.943553 -0.016976 -0.904227 0.148606 0.999096 -0.504385 0.596859 -0.420535 0.468302 0.321268 0.194948 -0.105169 0.665187 0.502694 -0.584360 -0.285280 0.656275 0.416836 0.129180 0.318980
VERTEX_POSE A1715 0.499245 0.215128 -0.317805 0.093107 -0.175593 -0.196222 0.641703 -0.350711 0.202633 -0.337148 -0.912591 -0.397197 -0.397122 -0.015650 -0.432548 -0.508344 0.083306 0.758665 -0.241721 0.192340
VERTEX_POSE A1716 0.576871 -0.991338 -0.156941 0.536443 0.871629 0.221100 -0.550737 -0.779196 0.323275 0.486654 -0.046456 -0.161560 -0.610417 0.519751 0.695665 -0.277428 0.342521 0.580136 0.101396 0.056866
VERTEX_POSE A1717 -0.016653 -0.012813 0.203677 0.590262 -0.388825 -0.505976 -0.695962 0.037288 0.015701 -0.357454 0.418491 0.378937 -0.594829 -0.176338 0.607375 -0.061779 0.628973 0.480878 -0.173852 -0.629899
VERTEX_POSE A1718 -0.956775 -0.385384 0.448826 -0.735892 0.221519 0.394351 -0.193518 0.430919 0.215601 -0.697382 -0.554762 0.213482 -0.542618 0.276812 -0.075140 0.126013 -0.630090 -0.864166 -0.407304 0.181407
VERTEX_POSE A1719 0.695453 0.661034 0.770681 0.749413 0.907689 0.603443 0.522818 -0.160287 -0.214270 0.322305 0.603471 -0.419894 0.365153 -0.741698 0.013772 0.681205 0.202976 0.642997 -0.159389 -0.137170
VERTEX_POSE A1720 0.981982 0.099300 -0.485469 0.326784 0.370624 -0.580721 0.088703 -0.775846 0.064736 0.163286 0.141636 -0.330685 -0.389474 0.390996 0.556539 0.501499 -0.227669 0.489371 -0.749852 -0.416283
VERTEX_POSE A1721 -0.340276 0.521824 -0.643942 -0.240129 0.837676 -0.322319 0.577610 0.168125 0.041305 -0.557284 0.642563 0.512248 0.398606 -0.149505 0.529326 0.335246 0.624962 -0.593144 0.290732 0.381992
VERTEX_POSE A1722 -0.184307 0.331135 0.404171 -0.370897 0.517662 -0.386643 -0.132935 0.119826 -0.518733 0.769251 0.258809 0.678418 0.256113 0.263684 0.301896 0.569981 -0.454517 -0.173294 -0.010446 -0.801589
VERTEX_POSE A1723 -0.728083 -0.669339 0.473074 -0.950163 -0.431877 0.688026 0.464450 0.380968 0.249849 -0.009592 0.371569 -0.372085 0.137847 0.061089 -0.209320 -0.517973 0.782608 -0.530974 0.704909 0.317164
VERTEX_POSE A1724 -0.741641 0.168508 -0.378472 0.299042 0.363031 -0.652930 -0.101793 0.163001 -0.089033 -0.421063 -0.210400 -0.315109 -0.683970 -0.341724 0.618350 -0.574064 0.356030 0.290009 0.122393 -0.828028
VERTEX_POSE A1725 -0.715905 -0.073996 0.752162 0.897218 0.897326 -0.221836 0.693104 -0.110979 0.610403 0.561055 0.386657 0.603555 -0.054914 -0.205415 0.129685 -0.380144 0.725218 -0.443960 0.239372 0.519656
VERTEX_POSE A1726 0.152490 -0.230337 0.195418 0.862443 0.036051 -0.217993 0.258367 0.266779 -0.612613 -0.580882 0.513970 -0.321466 0.648540 0.184732 -0.126349 -0.366119 -0.592791 -0.676668 0.202919 -0.528334
VERTEX_POSE A1727 -0.805692 0.208280 0.463757 -0.938440 -0.252266 0.136660 0.572706 0.166078 0.223694 0.476436 0.637899 -0.622626 -0.310681 0.668230 0.733036 -0.541469 0.344263 -0.079246 -0.235171 0.021338
VERTEX_POSE A1728 0.032975 -0.969369 0.687536 -0.711248 -0.419460 0.699866 -0.345584 -0.606011 -0.474461 -0.134270 -0.581964 0.240404 -0.449775 0.339341 0.361219 0.812234 -0.155064 0.311128 -0.022851 0.393536
VERTEX_POSE A1729 0.671540 -0.583597 0.199202 -0.157406 0.696638 0.203546 -0.516161 0.699406 0.288557 0.735762 0.215473 -0.291800 0.261805 -0.093516 0.766905 -0.206905 -0.539814 -0.449459 -0.284395 -0.405287
VERTEX_POSE A1730 0.184060 0.716575 -0.830968 -0.349586 0.069904 -0.709124 0.455848 -0.468263 -0.333636 -0.098359 -0.089072 0.111999 0.350224 0.278985 0.295675 -0.414095 -0.775328 0.534661 0.698854 -0.306317
VERTEX_POSE A1731 0.547121 0.654365 -0.386714 -0.291408 0.647452 -0.454013 -0.330273 -0.381666 0.519898 -0.789027 0.280975 -0.121796 -0.225207 0.071647 0.377617 0.455565 0.415846 0.605103 0.100491 -0.772867
VERTEX_POSE A1732 -0.708977 0.132891 0.739999 -0.346094 -0.162018 0.523456 -0.128101 0.183847 0.231543 -0.667667 0.361803 0.736255 0.117370 -0.584103 0.359451 0.316016 0.678697 0.033232 0.651282 0.183011
VERTEX_POSE A1733 -0.335555 0.079126 0.335199 0.698349 -0.097340 -0.419671 -0.718039 -0.152938 0.248112 0.323927 -0.658604 -0.406754 0.529818 0.509754 0.751170 -0.262732 0.468643 -0.180586 -0.172498 0.251746
VERTEX_POSE A1734 0.906607 -0.469322 -0.039209 -0.810711 -0.760523 -0.477520 -0.320862 0.650157 -0.450373 -0.474404 -0.029164 0.335623 0.315541 0.538122 0.015758 -0.303952 -0.502809 -0.675461 0.692846 -0.184535
VERTEX_POSE A1735 -0.649951 -0.226608 0.427612 0.436875 -0.597821 0.224658 -0.066335 0.236122 0.409966 -0.432211 -0.685244 -0.551220 0.502189 -0.300944 -0.542934 -0.724977 0.308956 -0.427593 -0.176092 -0.537276
VERTEX_POSE A1736 -0.704532 -0.841060 0.269897 0.146109 -0.369304 -0.463485 0.542335 -0.463002 -0.206193 -0.474110 -0.320644 0.221561 -0.492438 -0.660366 -0.589550 -0.486724 0.446048 0.588224 -0.041205 0.218573
VERTEX_POSE A1737 0.033208 0.307063 0.526153 0.624108 0.281596 0.613477 -0.033243 -0.646869 -0.344778 0.535050 -0.225387 -0.271194 -0.232356 0.356018 -0.479554 -0.692173 -0.501624 -0.448616 0.423702 -0.390366
VERTEX_POSE A1738 -0.695899 0.842073 -0.903859 0.388539 0.642954 -0.081006 -0.138222 0.189972 -0.661535 -0.425704 0.563029 -0.292418 -0.584372 -0.748730 0.683935 -0.676647 0.257393 0.050337 -0.018142 -0.141636
VERTEX_POSE A1739 -0.316993 -0.514616 -0.349026 -0.330846 -0.676974 0.342505 -0.430989 0.763970 -0.499625 0.295828 0.095414 -0.582507 -0.064938 0.181994 -0.535268 -0.580013 0.105971 -0.085087 0.621371 0.602408
VERTEX_POSE A1740 -0.833890 0.933581 -0.007009 0.725430 -0.797802 -0.276452 -0.301415 0.298748 0.646862 0.342382 -0.454220 -0.247462 0.876233 0.357334 -0.665845 0.134847 -0.686610 0.023597 0.077172 0.324519
VERTEX_POSE A1741 -0.901831 0.257487 0.051749 -0.736357 -0.182403 -0.471308 -0.430775 -0.665277 -0.322119 0.630844 -0.471165 -0.387091 -0.250469 0.354202 -0.448279 -0.372368 0.228092 0.568608 -0.463763 -0.397398
VERTEX_POSE A1742 0.905002 -0.023395 0.942500 0.015681 -0.330619 0.000239 -0.548878 -0.112845 0.706801 0.448058 -0.461700 0.221310 -0.208628 -0.297126 -0.332194 0.669075 0.222209 -0.584040 0.082396 -0.797771
VERTEX_POSE A1743 0.366400 -0.597073 -0.866441 0.286447 0.220521 -0.417870 0.387790 0.247957 -0.060658 -0.599961 0.444784 0.458394 0.228363 -0.557710 0.678283 0.352216 0.642865 0.389246 -0.559875 -0.127940
VERTEX_POSE A1744 -0.875024 0.092119 0.685453 0.705993 -0.620074 0.449405 0.486525 0.442486 -0.185861 -0.622004 0.627781 0.455697 -0.033112 0.490545 0.745341 -0.438141 -0.410788 -0.017282 -0.428184 -0.026767
VERTEX_POSE A1745 0.848554 0.959629 -0.961726 -0.835713 -0.331522 -0.028082 0.021144 -0.047424 0.247926 0.591927 -0.646277 0.267455 0.682242 0.359139 0.519100 -0.398622 -0.516981 0.772494 -0.157548 0.428751
VERTEX_POSE A1746 -0.134355 0.618055 -0.184246 -0.620446 -0.955072 -0.435376 0.207458 -0.212894 0.390661 -0.809098 -0.259656 0.620795 0.298879 0.584916 -0.110420 0.090560 -0.140007 -0.510150 -0.452539 0.724932
VERTEX_POSE A1747 0.701847 0.100781 -0.471488 0.242436 -0.748445 -0.137667 -0.514394 0.577148 -0.450657 -0.048008 -0.495644 -0.501967 -0.635548 -0.199099 -0.715896 0.546382 0.414849 0.116094 -0.175040 0.457708
VERTEX_POSE A1748 -0.168098 -0.053184 0.241951 0.754549 0.279653 -0.121101 0.286009 -0.509406 -0.495292 -0.186797 -0.674075 0.676859 -0.302468 -0.206582 -0.452052 0.208071 0.466233 0.278446 0.865174 -0.161487
VERTEX_POSE A1749 -0.091131 -0.767329 -0.735419 -0.356338 0.266447 -0.295836 -0.667232 -0.109357 -0.637687 0.545828 0.431241 -0.416838 -0.496983 0.470821 0.351577 -0.046695 0.478809 -0.456591 0.087756 -0.592572
VERTEX_POSE A1750 0.397300 -0.238185 -0.700807 -0.008151 -0.840757 -0.915378 0.382642 0.088996 0.105180 0.106846 0.931986 0.292384 0.551632 0.046983 0.133364 0.563365 -0.341219 0.218508 0.469565 0.069599
VERTEX_POSE A1751 -0.186116 -0.953884 0.756482 0.081332 -0.349722 0.621681 0.526328 0.394584 0.533190 -0.529061 0.111269 -0.436525 -0.354873 0.698257 0.343890 -0.431195 0.225548 -0.142854 0.362229 0.541744
VERTEX_POSE A1752 0.568594 0.754495 -0.379361 0.403534 0.104123 0.400895 0.181558 0.843636 0.809093 0.343470 -0.463776 -0.372141 0.532480 -0.094077 0.169746 -0.408778 0.162813 -0.131713 0.631213 0.194504
VERTEX_POSE A1753 -0.787007 -0.907050 0.703364 0.620952 0.676905 -0.513473 0.338847 0.348815 -0.793627 -0.007651 -0.066318 0.155962 -0.025440 0.929362 -0.281477 -0.725968 0.078012 -0.054291 0.597869 -0.064269
VERTEX_POSE A1754 0.085801 -0.623223 0.229556 0.131170 0.218400 0.640464 -0.425083 -0.295364 0.484345 0.400623 -0.066547 0.336027 -0.183372 -0.384232 -0.364902 -0.705829 -0.189847 0.330376 -0.356351 0.851267
VERTEX_POSE A1755 0.826953 -0.076996 0.242167 -0.297424 -0.532845 0.361764 0.463746 -0.717512 0.577896 0.138660 -0.017576 0.065630 -0.557172 -0.223645 -0.585626 0.595581 0.002456 -0.433472 -0.317106 -0.659428
VERTEX_POSE A1756 -0.502913 0.018954 0.455526 0.518169 0.574231 -0.278550 0.746102 0.480430 0.607603 -0.192674 0.177263 -0.142613 -0.537146 0.665788 -0.450517 -0.174765 -0.508921 -0.574391 -0.295195 0.188389
VERTEX_POSE A1757 -0.761709 0.146440 -0.575026 -0.006388 -0.745549 0.288603 -0.302139 0.393691 -0.568460 0.122228 0.591189 -0.505275 -0.770814 -0.376313 0.262431 0.152595 -0.503502 -0.519026 0.525674 -0.316824
VERTEX_POSE A1758 -0.978739 -0.868716 -0.294076 -0.235864 0.214889 0.434252 0.426018 0.268783 -0.512887 0.715030 -0.408515 -0.420692 -0.509482 -0.348139 -0.295794 0.211038 0.205998 0.532819 0.055964 -0.772810
VERTEX_POSE A1759 0.530063 0.049586 0.143063 0.806921 -0.845230 0.432956 0.520103 0.254524 0.277753 -0.435939 -0.738142 0.136732 -0.702801 0.565831 -0.477913 0.181271 -0.229673 -0.698789 -0.112522 0.132097
VERTEX_POSE A1760 0.909832 0.562843 0.624176 0.836206 0.951089 -0.477720 0.605448 -0.335758 -0.504682 0.289960 0.713326 -0.330084 -0.630333 0.327587 -0.571033 -0.247127 -0.341936 -0.286438 -0.301605 -0.392682
VERTEX_POSE A1761 0.205321 0.847859 -0.125045 0.414550 -0.715207 0.084846 0.409134 -0.467870 -0.659783 0.161811 0.463805 0.660211 -0.071804 0.141109 -0.057659 0.758986 -0.264709 0.343925 0.474564 0.689928
VERTEX_POSE A1762 0.077184 -0.296050 0.756348 -0.484487 0.802222 -0.393059 0.550855 0.561017 0.541786 -0.099805 0.326502 0.533761 0.698034 0.048708 -0.515559 0.169271 0.018280 0.035636 -0.413151 0.758914
VERTEX_POSE A1763 -0.799146 -0.304266 0.364175 -0.509888 -0.210929 -0.066545 0.720357 -0.344214 -0.182566 -0.021863 -0.789693 -0.404041 -0.141265 -0.287722 0.554582 0.523048 0.017612 -0.701021 0.432519 0.418099
VERTEX_POSE A1764 0.869766 -0.073015 -0.789846 0.112899 0.187453 -0.626413 0.515922 -0.027286 0.154596 -0.139426 0.699965 -0.618115 -0.598027 0.363031 -0.339495 0.431196 0.208487 0.293912 0.413301 0.577967
VERTEX_POSE A1765 -0.016209 0.234628 -0.282860 -0.295197 -0.958301 0.160892 0.458677 -0.270197 -0.975485 0.018953 -0.083956 0.072927 0.363197 0.419442 -0.124995 0.751660 0.292407 -0.040007 -0.303894 0.811487
VERTEX_POSE A1766 -0.449096 0.469125 -0.208213 0.926986 0.191250 0.254650 -0.366497 -0.416468 0.004238 -0.294312 0.425055 0.805967 -0.297835 0.382195 -0.534368 -0.628037 0.379340 0.001805 -0.543989 -0.596583
VERTEX_POSE A1767 -0.834766 0.085925 0.480051 -0.740992 0.818149 -0.055177 -0.777960 -0.195342 -0.714577 -0.116744 0.047981 0.566282 -0.394361 0.512855 0.171525 0.473064 0.191764 -0.369106 -0.042885 0.812247
VERTEX_POSE A1768 -0.983001 -0.458309 -0.756708 -0.671089 0.323294 -0.269188 0.348270 -0.313535 -0.792246 0.220297 -0.289977 0.459749 0.279527 -0.775276 0.079144 -0.577700 -0.389320 -0.286794 -0.646765 -0.254926
VERTEX_POSE A1769 -0.144995 0.311199 -0.112072 0.315525 -0.165796 -0.798122 0.193148 -0.069733 0.256391 -0.605952 -0.116181 -0.356368 -0.530562 -0.635728 -0.412626 -0.294633 0.614318 0.002376 -0.476667 0.447328
VERTEX_POSE A1770 -0.151759 0.571309 -0.868975 -0.071838 -0.858825 0.504695 0.448032 -0.269104 0.316735 0.078628 -0.198301 0.394404 0.276679 -0.359033 0.182819 -0.783127 -0.570854 0.675267 -0.321320 0.658393
VERTEX_POSE A1771 -0.816891 -0.524728 0.236284 -0.945659 0.525492 -0.675878 -0.208160 -0.617487 -0.278008 0.493408 0.422004 -0.554687 0.385135 0.067753 0.354488 0.228182 -0.575815 -0.180449 -0.716116 0.323216
VERTEX_POSE A1772 -0.046826 -0.431314 0.939677 0.579168 0.651801 -0.399666 -0.486936 0.328380 -0.546486 -0.221362 -0.454340 0.617019 -0.013555 0.077791 -0.315792 0.822808 -0.116623 -0.247353 0.191559 0.816143
VERTEX_POSE A1773 -0.246757 -0.452086 -0.926475 0.943843 -0.189444 0.501373 0.319528 0.022931 0.424106 0.125342 0.388354 -0.484853 0.154828 0.828305 -0.240041 0.913489 -0.254468 0.525411 0.154132 0.312750
VERTEX_POSE A1774 0.549509 -0.121801 0.369843 0.340787 -0.253987 0.066139 0.769308 0.407736 0.856465 0.105468 -0.082796 0.177348 0.041298 -0.776369 -0.442517 0.497689 -0.459145 -0.186602 -0.384242 0.115471
VERTEX_POSE A1775 0.078149 0.660805 0.625130 0.285161 -0.968274 0.552230 -0.147712 0.130682 0.624231 -0.106492 0.419172 -0.140527 -0.701488 0.427122 0.525651 0.214387 -0.395145 -0.096551 0.654823 0.684576
VERTEX_POSE A1776 -0.398203 -0.492457 -0.888201 -0.891870 0.479034 -0.513431 -0.327749 0.228375 -0.401728 0.649043 0.507733 -0.498467 -0.430076 0.258680 -0.223200 0.535103 -0.261493 -0.526037 0.004717 -0.744821
VERTEX_POSE A1777 -0.584847 -0.503746 -0.814403 0.720341 -0.209059 -0.608243 0.212823 0.569936 -0.636654 -0.403167 -0.115824 0.332310 0.412416 0.442827 -0.079038 0.284395 -0.643192 -0.328687 0.735660 -0.227959
VERTEX_POSE A1778 -0.220004 -0.238414 -0.846358 -0.472403 -0.716719 0.539763 0.619788 0.201321 0.281033 -0.474567 0.831422 0.356790 0.311811 0.043395 0.693988 -0.495582 -0.516061 -0.144074 -0.218682 -0.002322
VERTEX_POSE A1779 0.433699 0.454359 0.353750 0.862678 -0.241313 0.051326 -0.501500 -0.629319 -0.402245 0.567041 -0.684881 0.329203 0.463446 0.092715 -0.797803 0.046086 0.354170 0.301166 0.458318 0.029371
VERTEX_POSE A1780 0.324023 -0.271075 -0.549822 -0.635997 -0.942612 0.144228 0.724531 0.587031 0.156058 0.051735 0.283664 0.734510 0.255145 -0.299522 0.644016 -0.481487 0.166747 0.024130 0.418867 -0.676322
VERTEX_POSE A1781 -0.822704 0.523401 -0.547165 0.519445 -0.557476 0.522470 0.363943 0.658406 0.505863 0.504958 -0.329119 -0.421697 0.414654 0.370892 0.537581 -0.443298 -0.107126 -0.065620 0.494078 -0.556008
VERTEX_POSE A1782 -0.752417 0.500475 0.110231 -0.055989 0.408964 0.417786 -0.348393 -0.186738 0.651145 -0.083637 0.720447 0.385684 0.536334 -0.197667 0.353710 -0.552504 -0.526900 -0.357213 -0.527933 0.359707
VERTEX_POSE A1783 -0.107384 -0.516579 0.070816 0.767537 0.161512 0.102589 -0.399307 -0.503675 -0.573533 -0.572899 0.121852 -0.542915 -0.192402 0.220601 0.233352 -0.033626 0.821516 -0.557965 0.688616 -0.088937
VERTEX_POSE A1784 -0.609711 0.616352 -0.843801 0.140397 -0.880571 -0.406283 -0.002069 0.562494 -0.459536 -0.457151 0.427153 -0.223249 -0.530947 -0.294033 0.110252 0.496363 0.500131 -0.749510 0.512570 -0.405653
VERTEX_POSE A1785 0.333384 0.877252 -0.660212 -0.924820 -0.372635 0.440542 -0.541553 -0.366748 -0.042420 0.607347 -0.773403 -0.652930 -0.215430 0.028617 -0.511649 0.110110 0.053651 0.340618 0.528503 0.513465
VERTEX_POSE A1786 -0.280431 0.406424 -0.687017 -0.529887 0.628667 -0.119127 -0.407196 -0.070173 0.404213 0.464407 -0.746399 0.773812 -0.149245 0.431002 -0.271863 -0.449502 -0.356162 0.386945 -0.627847 -0.354048
VERTEX_POSE A1787 -0.112624 -0.364694 0.611726 -0.341434 0.693660 -0.676984 -0.125516 -0.451768 0.327683 -0.890677 -0.227097 0.100630 -0.187912 -0.052020 0.181599 -0.084118 0.659959 0.625469 0.385427 -0.553245
VERTEX_POSE A1788 0.571675 0.023692 -0.235239 0.068793 -0.118185 0.497578 0.068593 -0.588658 -0.743858 -0.023058 -0.303943 -0.247601 -0.619201 -0.459230 0.227238 0.101080 -0.534485 -0.293509 0.775330 -0.254034
VERTEX_POSE A1789 -0.259170 0.537708 0.018907 0.234249 -0.156444 0.123033 -0.046663 -0.670155 0.630758 0.126243 -0.465498 -0.541444 0.762036 -0.271477 0.474858 0.497337 0.508237 0.261448 0.392227 -0.046902
VERTEX_POSE A1790 -0.582561 0.684891 -0.245212 -0.534512 0.848430 0.514077 -0.606544 0.584785 -0.702111 -0.225386 0.302545 0.318361 0.501254 0.336618 -0.374767 0.063297 0.553066 -0.031008 -0.571002 -0.383797
VERTEX_POSE A1791 0.481506 -0.413465 -0.611063 -0.095002 -0.167096 -0.398504 -0.627835 0.456736 0.229877 -0.368881 0.182256 -0.514035 0.634785 0.475540 0.721164 0.209812 0.573033 0.063577 0.150919 -0.451297
VERTEX_POSE A1792 0.946151 0.385566 0.893862 -0.351201 0.128349 -0.209259 0.556942 -0.487986 -0.584586 0.550212 0.509435 0.625753 0.342446 0.226684 -0.345755 -0.203019 -0.534155 0.321491 0.478117 -0.406988
VERTEX_POSE A1793 0.494624 -0.611158 -0.488863 -0.018999 0.650652 0.730218 0.348061 -0.508408 0.406805 -0.270687 0.493505 -0.494174 0.357931 -0.395619 0.183049 0.626837 0.289238 0.153545 -0.533426 -0.507741
VERTEX_POSE A1794 0.682361 0.282269 0.753112 0.395110 0.621976 0.675040 0.245042 0.101995 -0.095166 -0.402600 -0.811981 0.089645 0.570623 -0.533369 -0.632181 0.587786 0.036353 -0.357176 -0.326748 0.210901
VERTEX_POSE A1795 0.815917 -0.687449 -0.895984 0.761698 -0.684199 0.569410 0.631592 0.427481 -0.543280 -0.052881 0.679598 0.584609 -0.456237 0.154635 -0.097632 0.389334 -0.564165 -0.171227 0.488428 0.114947
VERTEX_POSE A1796 -0.521586 0.623470 0.228276 0.685804 0.692351 -0.632324 -0.614963 0.113719 0.030568 -0.027809 0.539568 -0.343478 0.402321 -0.655691 0.389294 -0.677205 -0.513111 -0.574199 -0.024059 -0.052158
VERTEX_POSE A1797 -0.766736 -0.248606 -0.455101 0.322096 -0.186774 -0.087177 -0.405396 -0.351018 -0.052974 -0.746739 0.656411 0.867230 -0.003631 0.096275 -0.433391 0.362486 0.437640 -0.222888 -0.382917 -0.495089
VERTEX_POSE A1798 0.981151 0.398476 0.584067 -0.979294 -0.866050 -0.085454 -0.671208 0.257942 0.724152 -0.217310 -0.173110 0.111081 0.702950 0.291159 -0.621019 0.003141 -0.505634 0.265135 0.090046 -0.750373
VERTEX_POSE A1799 -0.504587 -0.834839 0.471568 -0.985286 0.015645 0.470545 0.064696 -0.285021 0.355829 -0.503783 0.720995 -0.121389 0.782529 0.407981 -0.078907 0.159619 0.480143 -0.794363 -0.322779 0.044092
VERTEX_POSE A1800 0.088269 -0.937407 0.432827 -0.362379 0.647430 0.690394 -0.037992 -0.176162 0.061039 -0.613581 -0.495423 0.540887 0.581602 -0.069646 -0.476519 0.526402 -0.396602 0.000725 -0.081943 0.749253
VERTEX_POSE A1801 -0.170608 -0.030216 0.715092 -0.051132 -0.724875 0.524275 0.362315 0.176489 -0.300218 0.601144 -0.633457 -0.132550 0.326778 -0.177068 -0.647457 0.322306 0.672369 0.445235 0.544691 0.290086
VERTEX_POSE A1802 -0.321478 -0.359567 -0.292148 -0.930945 -0.458863 0.445405 -0.608478 -0.029301 -0.471014 -0.561738 0.152899 -0.385685 0.378311 -0.487966 -0.229332 -0.401891 -0.736310 0.615154 0.097822 -0.442154
VERTEX_POSE A1803 -0.958557 -0.368721 0.372503 -0.783210 0.299231 -0.040855 0.592692 -0.582961 0.527426 0.486224 0.355152 0.134139 0.273207 -0.487105 -0.550654 0.576029 0.503442 -0.631617 -0.076490 -0.208082
VERTEX_POSE A1804 0.582635 0.517698 0.788617 -0.107289 0.085681 -0.415514 0.097785 0.575367 0.634223 -0.526289 0.560096 0.347592 -0.042720 -0.495870 0.467310 0.843420 0.253486 -0.293105 0.016627 0.212376
VERTEX_POSE A1805 -0.771969 0.518633 -0.922305 0.409842 0.287150 0.162036 -0.547313 0.388661 0.743826 -0.267276 -0.609071 -0.542073 -0.102720 -0.668911 -0.002130 -0.444447 0.156302 0.355837 0.648789 0.078125
VERTEX_POSE A1806 0.119592 -0.707916 -0.002367 0.501951 0.330957 -0.780396 -0.060394 0.519335 0.393317 0.551602 0.205093 0.135819 0.451897 0.626800 0.332027 -0.467788 0.239195 -0.328018 0.518701 -0.487991
VERTEX_POSE A1807 -0.815567 -0.974759 0.900416 0.000841 -0.435285 0.319244 0.584605 -0.544736 0.171865 0.295302 0.619829 0.442202 0.392782 -0.069859 0.674816 -0.180723 0.409917 0.466505 -0.619754 -0.382312
VERTEX_POSE A1808 -0.356816 -0.985113 -0.736708 0.130183 -0.921909 -0.648410 -0.122488 -0.487325 -0.268778 -0.247824 0.699448 -0.150976 -0.651148 -0.331527 0.359791 0.343745 -0.400134 -0.595885 0.617597 0.057189
VERTEX_POSE A1809 0.899589 0.053670 0.151275 -0.970452 0.614238 0.196012 -0.257865 0.456717 0.281493 0.147788 -0.561349 -0.323953 -0.239581 -0.668716 0.630684 -0.699302 -0.140998 -0.616145 -0.604353 0.096103
VERTEX_POSE A1810 0.618132 0.479599 0.254165 -0.136481 0.323402 0.492975 0.738811 -0.092509 0.163628 -0.373011 -0.524586 0.605265 -0.194140 0.652370 0.418794 -0.521235 -0.075639 0.434128 0.075129 -0.533801
VERTEX_POSE A1811 0.967207 -0.256188 -0.286530 0.494187 -0.864520 -0.295401 0.546869 -0.602180 0.499026 0.382143 -0.293842 -0.236642 0.556617 0.171350 -0.667418 -0.359253 -0.383381 0.402823 -0.340612 -0.612122
VERTEX_POSE A1812 -0.923115 -0.422929 0.604110 0.548993 -0.943238 0.432400 -0.263138 -0.564568 -0.646553 0.398129 -0.588674 0.568802 0.772910 0.015500 0.229145 -0.389737 -0.364144 -0.137685 -0.151546 0.449317
VERTEX_POSE A1813 0.865715 -0.019925 -0.635604 0.807530 -0.267634 -0.331292 -0.263526 -0.541400 0.225193 0.863405 -0.424507 -0.663292 0.390809 0.305156 0.533842 0.064335 0.496491 0.338511 -0.167975 -0.432499
VERTEX_POSE A1814 -0.140177 0.227233 0.784287 0.261724 0.296992 -0.338834 -0.616198 0.295043 -0.387643 0.774309 0.103430 -0.635220 -0.112546 -0.224628 0.176367 0.089578 0.877142 -0.548009 -0.007440 0.287081
VERTEX_POSE A1815 -0.532826 -0.806578 0.760310 -0.310610 -0.823808 -0.103623 0.583228 0.456301 0.578785 0.273499 0.516209 -0.309101 0.111535 0.330691 -0.099667 0.756531 -0.581149 0.740806 0.016219 -0.279689
VERTEX_POSE A1816 0.199098 -0.142673 -0.295816 0.882710 0.359730 -0.482868 -0.569726 -0.551748 -0.473717 0.115163 0.626056 -0.002984 -0.375075 0.037980 0.707973 -0.108420 -0.111569 -0.202969 0.713942 -0.538273
VERTEX_POSE A1817 0.579391 -0.366343 -0.902730 0.731837 -0.074342 0.714024 -0.182558 -0.654461 0.196492 -0.757110 0.290439 -0.473615 -0.470182 -0.362534 0.376765 -0.150250 0.594486 0.292056 0.387053 0.049816
VERTEX_POSE A1818 0.354550 -0.171272 0.372036 0.347956 0.869851 -0.710580 -0.306517 -0.040773 0.335976 -0.453322 0.665553 0.398729 0.032432 -0.641316 0.228348 -0.797849 -0.329060 0.413603 0.250860 0.189236
VERTEX_POSE A1819 -0.229227 0.881019 0.468945 -0.048497 -0.758454 -0.699395 0.304536 0.348298 0.145907 0.660478 -0.183724 0.661049 0.305331 0.548917 0.054328 -0.563681 0.504149 -0.222756 0.245075 0.538014
VERTEX_POSE A1820 -0.679779 -0.828635 0.116176 -0.033915 0.769214 -0.510017 0.156905 0.183430 0.454157 0.377019 -0.710353 -0.617521 0.183549 -0.525691 0.088277 0.882076 0.404780 -0.380131 0.146592 -0.146810
VERTEX_POSE A1821 0.771989 -0.486380 -0.873176 0.813444 0.718281 -0.338672 -0.694885 -0.017073 0.726660 0.110971 0.304853 0.308012 -0.452294 0.540159 0.447881 -0.508188 -0.596251 -0.248592 -0.204930 0.509398
VERTEX_POSE A1822 -0.747720 -0.532446 0.857883 0.856501 0.074450 0.143861 0.620848 0.705758 -0.506886 0.255195 0.103536 -0.291976 -0.617991 0.380901 -0.792256 0.219597 -0.148324 0.097219 0.345381 -0.569298
VERTEX_POSE A1823 -0.733628 0.556931 0.010038 0.614884 -0.102437 0.578470 -0.153197 -0.351631 -0.008228 -0.256279 -0.188132 0.016753 -0.943788 0.079207 -0.181209 0.036591 -0.912541 -0.795102 -0.137031 -0.044237
VERTEX_POSE A1824 0.266613 -0.097539 -0.362039 -0.205555 0.368933 0.455916 0.501413 0.217786 0.686479 0.046706 -0.512934 0.080317 -0.299941 -0.626816 -0.101008 -0.604387 -0.033178 -0.551574 0.539588 -0.543570
VERTEX_POSE A1825 0.934641 0.749823 0.610995 0.251611 -0.303574 -0.077873 -0.672986 0.311082 -0.556761 0.352194 0.746226 0.559178 -0.027719 0.481815 -0.403639 0.272672 -0.327524 0.456453 0.589856 0.083409
VERTEX_POSE A1826 -0.917711 0.869482 0.114054 0.376582 0.213364 -0.604035 -0.238465 0.352521 -0.674928 0.376019 -0.227490 0.050212 -0.713765 -0.543578 0.012816 -0.404726 0.703134 -0.420629 -0.358441 -0.184672
VERTEX_POSE A1827 0.745027 -0.474069 0.866237 -0.519752 0.061284 -0.132744 -0.000704 0.401838 -0.630020 -0.150910 -0.065348 -0.579964 -0.269914 -0.498884 0.466863 -0.756801 -0.333409 0.176449 0.575869 -0.688628
VERTEX_POSE A1828 -0.832095 -0.498783 -0.844106 -0.426293 0.509652 0.181643 0.176118 0.689859 0.066083 -0.689168 0.268889 -0.504900 -0.487767 0.346765 0.598779 0.100768 0.430647 -0.590914 0.495943 0.382218
VERTEX_POSE A1829 -0.936560 0.267958 -0.301878 0.397288 0.347314 0.592233 0.327536 0.542573 -0.254284 0.367341 0.619584 0.074221 -0.544520 0.406431 -0.531735 -0.427322 0.394582 0.544380 -0.527896 0.029148
VERTEX_POSE A1830 -0.759559 -0.308908 0.337805 -0.505037 -0.923071 0.056576 0.501556 -0.061415 0.884804 -0.339269 -0.190314 -0.385801 -0.738521 0.140192 0.250494 -0.105744 0.794974 -0.048287 -0.277023 -0.555313
VERTEX_POSE A1831 0.256174 -0.436190 0.588721 0.211328 0.157081 -0.455993 -0.252454 -0.039444 -0.527168 -0.161010 0.484131 -0.316968 0.775626 0.407176 0.061341 -0.541748 0.575324 0.640260 0.123518 0.516983
VERTEX_POSE A1832 -0.107168 -0.762258 -0.586787 -0.653844 0.622439 0.003182 0.642134 0.187106 0.730422 0.168911 0.380252 -0.265909 -0.286257 0.899434 -0.265805 -0.419345 -0.052397 0.570188 -0.548945 -0.093126
VERTEX_POSE A1833 -0.081037 0.331525 -0.954342 -0.435983 -0.381933 0.305580 -0.048576 0.523038 0.349656 -0.442350 0.589314 -0.312384 0.715813 0.569748 0.506112 0.490889 -0.182676 0.656222 0.220471 -0.145457
VERTEX_POSE A1834 0.297617 0.195089 -0.038776 0.428118 -0.543688 0.390935 -0.589182 0.305123 0.737293 0.460949 0.347407 -0.015473 -0.233157 -0.409110 0.542148 -0.305452 -0.616815 -0.096979 -0.541044 0.488238
VERTEX_POSE A1835 -0.524532 0.755441 -0.798170 0.238867 -0.291880 -0.138163 -0.073999 0.580271 0.722520 0.400704 -0.303586 0.566753 -0.300749 0.633597 -0.369494 0.275236 0.125375 -0.033766 0.817163 0.392373
VERTEX_POSE A1836 0.146993 -0.149842 -0.876647 0.973860 0.905217 0.635156 0.143714 0.033991 0.361470 -0.535956 0.262971 -0.301155 0.280518 -0.575077 0.076181 -0.677753 -0.666544 -0.607798 -0.392503 0.393314
VERTEX_POSE A1837 -0.582791 0.487173 0.958857 -0.069931 0.787269 0.339920 0.293647 0.434580 -0.702875 -0.456894 -0.103099 -0.262442 0.732985 -0.589980 0.445772 -0.361666 -0.444118 -0.350474 0.192225 0.505168
VERTEX_POSE A1838 -0.340100 0.780681 -0.897754 -0.760293 0.272835 -0.357120 -0.290744 -0.599619 0.224603 0.082064 -0.742036 0.122688 -0.650235 0.272713 -0.867435 0.226449 0.109281 -0.233503 -0.659279 -0.059368
VERTEX_POSE A1839 0.790177 -0.134955 -0.613355 0.104043 0.983309 -0.328950 0.055191 -0.853336 0.018324 0.590123 0.224004 -0.212937 -0.193212 0.419862 0.601788 0.566660 -0.150384 -0.695676 0.538770 0.150798
VERTEX_POSE A1840 -0.683202 -0.459157 0.110132 -0.040383 0.401508 0.780811 0.456405 0.303216 -0.262970 0.674503 -0.534650 -0.298725 0.535283 0.206995 0.125858 -0.223242 -0.545250 0.464870 0.019375 -0.531099
VERTEX_POSE A1841 -0.721968 0.260281 0.356411 0.103226 -0.403764 -0.202897 0.370490 -0.606644 0.257423 0.903788 0.233858 0.669855 -0.207466 0.128487 -0.226858 -0.033527 -0.455004 -0.626415 0.041695 0.594774
VERTEX_POSE A1842 0.757384 0.608857 0.100115 -0.401770 -0.881212 0.641889 -0.033614 0.252173 -0.139089 0.012813 0.700245 0.512886 0.348231 0.376969 -0.052610 0.916300 -0.248300 0.550284 -0.194514 -0.492248
VERTEX_POSE A1843 -0.606317 0.117913 -0.285758 -0.491390 0.458270 -0.477724 0.459419 -0.643381 -0.607888 -0.354818 0.463716 0.281186 0.311510 0.377827 0.443421 0.346690 0.080776 -0.355760 0.667687 0.470903
VERTEX_POSE A1844 -0.856254 -0.759645 0.720808 -0.089244 0.328602 -0.454940 -0.021700 -0.496561 -0.585614 0.716901 0.144233 0.126016 -0.183057 -0.424015 0.540712 0.457954 0.308448 -0.376611 -0.492290 0.676532
VERTEX_POSE A1845 -0.382793 -0.163910 -0.115598 0.859954 0.415780 0.518985 0.339845 -0.084569 0.210920 0.355860 0.314659 0.439126 0.515631 -0.273764 0.675249 -0.607091 0.379892 -0.193325 0.351331 0.821324
VERTEX_POSE A1846 -0.139143 0.311335 -0.525448 0.198000 0.634462 0.625566 0.141516 0.626885 0.239474 0.168123 0.350608 0.662306 -0.440934 -0.486829 -0.153650 0.418983 0.037540 0.298434 0.762717 -0.495659
VERTEX_POSE A1847 0.342845 0.097682 -0.575008 -0.206534 -0.311667 -0.394190 -0.414440 0.504439 -0.154019 0.864696 0.278666 0.746693 -0.020352 0.652481 -0.058970 -0.276331 0.169962 0.509769 -0.061376 -0.461809
VERTEX_POSE A1848 -0.803402 0.469747 -0.018329 0.591791 -0.658562 -0.694031 0.541379 -0.396000 0.294406 0.151320 -0.156650 -0.252846 -0.672303 -0.635658 0.488472 -0.023889 -0.489980 0.359318 0.481091 -0.417737
VERTEX_POSE A1849 -0.784593 -0.859936 0.846588 -0.454044 0.504313 -0.040612 -0.580562 -0.280874 0.322348 -0.547810 -0.382938 0.696729 0.268657 0.257971 -0.438982 -0.353469 0.679671 -0.465087 0.407107 -0.495950
VERTEX_POSE A1850 -0.886382 -0.021299 0.893937 0.744969 -0.070121 0.211456 -0.622299 -0.453746 0.182132 -0.180885 -0.466208 -0.102215 0.639007 -0.269274 0.523105 0.414027 -0.490683 0.798766 0.016614 0.513309
VERTEX_POSE A1851 -0.483181 0.641112 -0.902152 -0.442124 -0.889347 0.011864 -0.086657 -0.527809 0.450673 0.653359 -0.437982 -0.426044 0.446513 0.482114 0.601922 -0.479701 0.298427 0.502921 0.368952 0.456177
VERTEX_POSE A1852 0.987396 -0.346317 0.973412 -0.640600 0.222594 -0.029507 -0.718270 -0.169297 -0.450062 0.357584 0.458310 0.854662 0.008063 0.447697 -0.204847 -0.592144 0.409532 0.155446 0.074310 -0.627010
VERTEX_POSE A1853 -0.634102 0.446255 0.751820 0.601470 -0.995671 -0.150920 0.316160 -0.254152 -0.786225 -0.433773 -0.342804 0.570995 -0.341576 -0.715214 0.033864 -0.641381 0.127371 -0.178582 0.428766 -0.538644
VERTEX_POSE A1854 -0.216809 0.198043 0.107886 -0.827240 0.008215 -0.351861 -0.682569 0.097124 0.415692 0.041051 -0.758397 0.241467 0.511382 0.538486 -0.379178 0.413291 -0.327673 0.708034 -0.316376 0.134401
VERTEX_POSE A1855 0.254009 0.556144 -0.388627 0.153844 -0.408473 -0.065388 0.779847 0.283316 0.109851 -0.327838 0.845090 0.373207 0.472835 0.243412 -0.529987 0.241194 -0.172165 0.750658 0.051116 -0.341563
VERTEX_POSE A1856 -0.699461 0.196078 0.362815 -0.146919 -0.299245 0.313125 0.565620 -0.319264 -0.235411 0.622151 -0.079914 -0.608908 -0.123735 0.409292 -0.281120 -0.397669 -0.837525 0.629871 -0.345761 0.150718
VERTEX_POSE A1857 -0.134520 0.067525 -0.778059 0.549342 -0.778421 0.117595 -0.603920 0.759875 -0.652648 -0.384234 -0.029033 -0.516112 -0.217877 -0.241163 -0.434322 0.200432 0.090745 -0.324368 0.632456 0.596115
VERTEX_POSE A1858 -0.000963 -0.917925 -0.522391 0.634093 0.652811 -0.126635 -0.342172 0.023591 0.480536 0.680635 -0.444241 -0.807175 0.398933 -0.261353 0.011054 -0.492254 -0.855325 -0.318426 0.134884 -0.046977
VERTEX_POSE A1859 -0.531556 0.697296 0.518709 0.426789 -0.789594 0.107466 0.833878 0.369388 -0.232947 0.306618 -0.506436 -0.470430 0.236740 -0.579455 0.830056 0.039416 -0.520716 0.154563 0.391194 0.012686
VERTEX_POSE A1860 -0.071080 -0.664517 -0.079938 -0.053370 0.568893 0.744577 0.436793 0.383191 0.094709 -0.619936 -0.080555 0.295647 -0.609641 0.543495 0.488506 -0.221214 -0.631237 0.332551 0.065525 -0.390934
VERTEX_POSE A1861 0.239477 -0.226833 0.815415 -0.870945 0.729741 -0.320014 0.565396 -0.375964 0.396331 -0.607287 -0.117689 -0.402825 -0.008858 0.412134 -0.674202 -0.531817 -0.483476 -0.351706 -0.169178 0.664226
VERTEX_POSE A1862 0.724618 -0.738894 0.107430 -0.361883 0.367488 -0.324066 -0.192379 -0.016700 -0.366191 -0.328453 0.809882 -0.537995 -0.135186 -0.540536 -0.672912 0.530636 0.044672 -0.136511 -0.745157 -0.222795
VERTEX_POSE A1863 0.821753 -0.426775 0.333275 0.292786 0.191333 0.423561 0.251671 -0.859907 0.634690 -0.412663 0.091433 0.064537 -0.601652 -0.075423 0.545347 -0.040672 0.350711 -0.340876 -0.634611 -0.351444
VERTEX_POSE A1864 -0.841560 -0.895308 0.861073 -0.306927 -0.652192 0.418062 0.293242 -0.348397 -0.582530 -0.315600 -0.735934 0.614207 -0.018595 -0.531706 -0.238209 0.568522 0.037265 0.227792 -0.700602 0.230045
VERTEX_POSE A1865 0.022235 0.456195 -0.931347 -0.933765 0.823800 0.008228 -0.464721 -0.328736 -0.676874 0.361583 -0.251531 0.227279 -0.165033 0.695480 0.636542 0.653596 -0.273590 0.291431 -0.445947 -0.519732
VERTEX_POSE A1866 -0.702780 -0.671334 0.535106 -0.468347 0.899453 -0.224743 0.510293 -0.828233 0.644512 -0.456219 -0.451899 -0.545114 -0.192536 0.063423 -0.309975 -0.147598 -0.064682 -0.375316 -0.687467 -0.318765
VERTEX_POSE A1867 0.305433 -0.045150 0.984425 -0.333068 -0.746975 0.201691 0.055747 -0.578164 -0.097352 -0.743794 0.250960 0.916492 0.135295 0.313962 0.025494 0.132834 -0.587656 0.330507 -0.638524 -0.398539
VERTEX_POSE A1868 0.439444 -0.056632 -0.972490 -0.003696 0.611069 -0.356450 0.656619 -0.206345 -0.681541 -0.659635 -0.049962 -0.120901 0.199937 0.165825 0.625747 -0.301885 -0.066785 -0.047635 0.051229 0.960712
VERTEX_POSE A1869 -0.042880 -0.890653 0.637352 -0.228640 0.172288 0.325339 -0.072747 -0.203871 -0.543048 -0.360679 -0.709982 0.382609 0.432541 -0.224849 -0.394805 -0.233984 0.634657 0.544971 -0.789163 0.031870
VERTEX_POSE A1870 0.095610 0.819895 -0.628930 0.770976 -0.763667 -0.103313 0.150196 0.652758 -0.327075 -0.651304 0.017764 -0.882809 0.278564 0.156271 -0.251930 -0.535317 -0.305555 -0.198816 0.434836 -0.675135
VERTEX_POSE A1871 0.756242 0.484211 0.137641 0.955921 0.012577 -0.558900 0.427129 0.206115 0.534120 0.531201 0.622522 0.491320 0.365758 -0.542824 -0.005990 -0.288072 0.508169 0.401143 -0.564466 0.130726
VERTEX_POSE A1872 0.235152 0.369628 -0.006237 0.874587 0.768524 -0.343230 0.501108 -0.709644 -0.576780 0.528733 0.564665 0.721416 0.639081 0.014679 -0.059473 -0.246671 -0.181249 0.159810 0.007791 0.380121
VERTEX_POSE A1873 -0.147006 0.428752 0.471186 -0.630794 -0.644878 0.556588 0.131483 0.383988 -0.337871 0.520015 -0.588804 -0.445841 0.029385 0.185070 -0.526098 -0.585572 0.239773 -0.317015 0.607073 0.643523
VERTEX_POSE A1874 -0.850076 -0.397876 0.851883 -0.535469 -0.529153 -0.893202 0.245298 -0.159947 0.245750 0.735371 -0.543080 0.268824 -0.210829 -0.115009 0.263409 0.338343 0.044193 -0.012114 -0.490033 -0.815047
VERTEX_POSE A1875 0.378899 0.609984 -0.285429 -0.214657 0.097127 0.054106 -0.546796 0.013129 -0.314772 0.311701 -0.541151 0.107781 -0.404231 0.481068 -0.784217 0.201629 0.555592 -0.520940 -0.632298 -0.408503
VERTEX_POSE A1876 0.470201 -0.735158 -0.644413 -0.770840 0.770902 0.519398 -0.337604 0.188525 0.154179 0.634199 -0.670594 0.353696 -0.362021 -0.488467 -0.076724 0.499360 0.444740 -0.758595 -0.321553 -0.279943
VERTEX_POSE A1877 0.010781 0.913460 -0.673565 0.662531 -0.894692 0.173324 0.176540 -0.835923 0.801449 -0.126190 0.350353 -0.360115 -0.530296 0.206943 0.444670 -0.296572 -0.149381 0.014981 0.764029 0.336667
VERTEX_POSE A1878 -0.278257 -0.292334 0.139562 0.578810 0.785460 -0.265526 0.718702 -0.554412 -0.063046 -0.329467 -0.132615 -0.756711 -0.447273 -0.064290 0.525225 -0.106966 0.043447 0.277576 -0.404258 -0.817936
VERTEX_POSE A1879 0.666799 0.734589 0.337259 0.820950 -0.887660 -0.081668 0.672933 0.021935 -0.984661 -0.011550 0.100988 0.024252 -0.092711 -0.503467 0.059757 -0.497379 0.683456 -0.140048 -0.539488 -0.518391
VERTEX_POSE A1880 0.226188 -0.946477 -0.826977 -0.791513 0.609621 0.499515 -0.306059 -0.544055 -0.151002 0.547822 0.347000 0.752851 0.501376 0.170695 -0.032803 0.506660 -0.600625 -0.399779 0.313268 -0.440122
VERTEX_POSE A1881 -0.164638 0.686367 0.033499 0.323779 -0.284662 0.143481 -0.007435 0.507948 0.831529 -0.376710 0.098479 -0.372887 0.104958 0.477001 0.276053 0.718339 -0.451885 -0.269671 -0.575332 -0.548234
VERTEX_POSE A1882 -0.816383 0.375700 0.435106 -0.621174 -0.777007 -0.725003 0.632516 0.182227 0.208003 0.221655 0.291847 -0.290728 -0.630351 0.444321 -0.288089 -0.228163 0.490583 0.513408 0.318420 0.665977
VERTEX_POSE A1883 0.213584 -0.292794 -0.853565 -0.432114 -0.167785 0.063824 0.507411 -0.635977 0.118341 0.648539 0.045012 0.666031 -0.243325 -0.512470 0.733448 0.085570 0.519969 -0.019457 0.505373 0.245996
VERTEX_POSE A1884 0.201260 0.132622 -0.214681 -0.074751 -0.280333 -0.652075 -0.498918 -0.219168 0.067020 0.267085 -0.085106 0.252215 0.381555 0.243122 0.683410 -0.702149 -0.016359 -0.199111 -0.202850 0.940928
VERTEX_POSE A1885 -0.033192 -0.426257 -0.457007 -0.448413 0.231208 0.183315 0.473978 -0.156429 0.387127 0.635185 -0.373783 -0.750237 0.515589 0.030311 -0.491165 -0.172678 -0.562706 0.111492 -0.276107 -0.719903
VERTEX_POSE A1886 -0.532406 -0.736649 -0.242193 0.721731 0.423743 -0.218338 -0.033053 0.283854 0.340563 -0.774884 -0.456389 0.728474 0.148581 0.495351 0.138972 0.601410 -0.676176 0.535124 0.121212 -0.092457
VERTEX_POSE A1887 0.501798 -0.671300 -0.851866 0.778331 0.420422 0.511134 -0.177236 -0.125998 -0.483676 -0.792023 0.039351 -0.335126 0.208040 0.807936 -0.388634 -0.104291 -0.429847 -0.491379 0.535845 -0.380850
VERTEX_POSE A1888 0.832288 0.641268 -0.235067 -0.899071 0.452787 -0.707600 -0.152819 -0.210747 0.138631 0.038277 -0.855486 0.587682 0.165457 -0.240925 0.298274 -0.924696 0.087247 0.213883 0.304538 0.397583
VERTEX_POSE A1889 0.466630 -0.654574 0.235417 0.355824 0.076554 -0.511286 0.636246 0.019992 0.677681 0.535472 0.086815 -0.444976 -0.106872 0.553368 -0.174477 -0.178073 -0.782667 0.225588 -0.515101 0.270702
VERTEX_POSE A1890 0.970242 -0.974005 0.666844 0.205119 0.630828 -0.167228 0.422131 -0.619190 0.518508 -0.650709 -0.311078 -0.160763 -0.281815 -0.659262 -0.408752 -0.525441 0.277304 -0.714326 -0.207062 -0.091155
VERTEX_POSE A1891 -0.238791 0.976751 0.684995 0.047559 0.021681 0.365453 -0.184828 0.716510 0.247224 0.847604 0.314840 -0.299978 0.087282 0.352764 -0.649619 0.406241 -0.064230 -0.541603 -0.273415 0.508843
VERTEX_POSE A1892 -0.293892 0.118594 0.050832 0.484879 -0.193705 -0.623115 0.523772 0.364134 -0.428747 0.103958 -0.241587 0.599221 0.456526 0.513230 -0.262369 -0.373279 0.702938 0.000916 -0.605889 0.226971
VERTEX_POSE A1893 0.694860 -0.712899 -0.225727 0.843236 -0.001685 0.539542 -0.167656 0.133213 0.576670 0.577799 -0.245788 -0.164811 0.343937 -0.741395 0.416676 -0.681885 -0.490437 -0.419003 -0.234051 -0.362833
VERTEX_POSE A1894 -0.417039 -0.450024 0.018271 -0.659655 -0.786987 -0.871353 0.454534 0.108426 0.064715 -0.260091 0.689117 -0.007402 0.036420 0.685685 0.302553 0.488299 -0.066261 0.380739 0.697130 0.196997
VERTEX_POSE A1895 -0.135452 0.223286 -0.088096 -0.822048 0.154102 -0.245395 -0.760394 -0.142943 0.658241 -0.219423 0.419436 -0.568419 0.163097 -0.109074 -0.070375 0.549928 0.320889 0.422429 0.211266 -0.829924
VERTEX_POSE A1896 -0.282905 0.743297 -0.157073 0.909471 -0.177885 0.700175 0.131217 0.383223 -0.412319 -0.520778 0.670118 0.203426 0.231270 0.598332 -0.092244 -0.372435 -0.016279 0.538384 -0.720680 -0.214045
VERTEX_POSE A1897 -0.119818 -0.121358 -0.446624 -0.128002 -0.887534 0.627975 -0.182032 -0.420880 0.179883 -0.359732 0.626658 -0.271137 0.706889 -0.131428 -0.053866 0.209970 0.606978 -0.704892 -0.541920 -0.210866
VERTEX_POSE A1898 -0.830019 -0.821864 -0.103670 -0.155116 0.407127 -0.765523 -0.330269 0.158154 -0.203659 0.633314 0.268156 -0.361388 -0.074091 -0.822501 0.491826 -0.304196 -0.248495 0.001618 -0.625948 0.405984
VERTEX_POSE A1899 -0.843461 -0.313335 -0.129563 -0.094225 -0.566816 -0.282988 -0.102857 -0.000315 -0.674924 0.553557 -0.420468 0.651222 0.674419 -0.214437 0.038290 -0.163894 -0.638642 -0.197076 0.448657 0.607750
VERTEX_POSE A1900 0.837302 -0.012011 -0.809272 0.643358 0.284754 0.105944 -0.759646 -0.439281 0.756149 0.440046 -0.283734 -0.078394 -0.214670 -0.092996 0.250712 -0.087299 -0.534533 -0.589926 0.419039 -0.657384
VERTEX_POSE A1901 0.265591 0.998031 0.267400 -0.384141 0.643460 0.515740 0.239790 0.231731 0.601253 -0.446862 -0.301120 0.401089 -0.052122 0.758268 -0.380250 0.141506 0.464404 0.258931 0.848572 -0.254922
VERTEX_POSE A1902 0.912780 -0.829124 -0.991922 -0.138303 0.445761 0.620584 -0.541017 -0.054357 0.314782 0.431822 0.377008 0.218762 0.158094 0.775162 0.471822 0.645518 -0.502809 0.495294 -0.281324 -0.034891
VERTEX_POSE A1903 0.072454 -0.642383 0.184491 0.517945 0.053278 0.234163 -0.567733 0.314234 0.902072 0.189603 0.281715 -0.210922 0.626970 0.575594 0.202647 0.497654 -0.504545 -0.214195 0.031279 0.485819
VERTEX_POSE A1904 -0.881415 0.426782 -0.261414 -0.014935 0.998582 -0.434952 -0.638457 -0.151611 -0.412297 -0.321988 -0.435431 0.069215 -0.152615 0.093220 -0.693431 0.207474 0.681669 0.393943 -0.649892 0.560404
VERTEX_POSE A1905 -0.937295 -0.227000 0.859962 0.326228 0.916608 0.358518 0.303783 -0.287804 0.871896 -0.414656 0.118746 -0.005548 0.199430 -0.574122 0.332825 0.781207 0.038062 0.021426 -0.292779 -0.756309
VERTEX_POSE A1906 -0.548647 0.967601 0.899062 -0.696712 -0.849595 0.662238 -0.022867 0.494199 0.189917 -0.126051 0.374159 -0.658859 -0.415032 0.360105 -0.108416 -0.148930 0.610665 0.281998 -0.888345 -0.336429
VERTEX_POSE A1907 0.588786 0.691624 0.094173 0.214225 0.769484 0.366535 -0.332122 -0.388972 0.020950 -0.410006 -0.713469 0.497265 0.077825 -0.053557 0.247981 0.831812 -0.429946 -0.745953 0.153695 -0.389796
VERTEX_POSE A1908 0.073486 -0.313540 -0.813603 -0.011241 -0.978084 0.675234 -0.142837 0.076338 0.119901 -0.270894 -0.602703 0.058568 0.526198 -0.736047 0.610342 0.536284 0.228247 -0.392090 0.584576 0.192510
VERTEX_POSE A1909 0.173096 -0.324734 0.038624 0.882098 0.935864 0.080294 0.751858 -0.434098 -0.643840 0.255995 -0.309886 -0.447363 0.396392 0.744516 -0.246573 -0.137683 -0.378879 -0.563995 -0.439423 -0.132956
VERTEX_POSE A1910 0.255585 0.426212 -0.568568 0.035175 0.881824 -0.759006 -0.201089 -0.565280 -0.126936 -0.257773 0.593813 0.331961 -0.685547 -0.240744 -0.037911 -0.649689 0.168942 0.544207 0.032333 -0.491270
VERTEX_POSE A1911 -0.700327 -0.260017 -0.640580 0.197245 0.631537 0.152210 -0.567173 0.745661 0.009178 -0.500415 -0.178536 -0.466833 0.445613 0.298951 -0.409703 -0.456157 -0.515519 0.768738 0.145771 -0.238713
VERTEX_POSE A1912 -0.991542 -0.638367 -0.927877 0.205877 -0.348798 0.526346 -0.590587 -0.443094 0.322685 0.330327 -0.553160 -0.650289 -0.308405 -0.195998 -0.268215 0.526751 -0.561381 -0.352163 -0.411718 -0.379628
VERTEX_POSE A1913 0.439202 -0.198087 0.866538 0.414001 -0.895183 0.002695 0.330794 -0.463892 -0.031286 0.424641 0.308917 -0.754420 0.538930 0.077972 0.180451 0.278754 -0.758810 0.630319 0.584898 0.327876
VERTEX_POSE A1914 0.513258 0.447190 -0.494145 0.765132 -0.536247 -0.693643 0.376667 -0.539569 -0.368889 0.487059 0.481014 -0.575912 -0.653278 0.383987 0.200694 0.408293 0.355244 0.104054 -0.165590 -0.451494
VERTEX_POSE A1915 0.209717 0.494255 -0.142557 -0.868874 0.370869 -0.469616 -0.072895 0.679723 -0.608585 -0.014414 -0.705029 0.154183 0.435065 0.059720 -0.496971 -0.385068 0.167615 -0.371931 0.810506 0.096171
VERTEX_POSE A1916 -0.593989 0.375656 -0.590469 0.965588 0.336025 0.353934 -0.551697 0.135477 0.447435 -0.501444 0.177122 0.488159 0.611959 0.594451 0.619279 0.237757 -0.747047 -0.229623 0.114725 -0.197036
VERTEX_POSE A1917 0.980851 0.710541 0.263662 0.486863 0.887495 0.182539 0.748842 0.382791 0.070835 0.401623 0.107957 -0.286458 0.519855 -0.525197 0.879589 0.013599 -0.475036 0.325465 -0.086603 0.583375
VERTEX_POSE A1918 -0.288484 0.822955 0.005577 0.909456 -0.208709 0.408657 0.389409 -0.254309 0.459556 -0.310707 0.555566 0.560767 0.576743 -0.044890 0.145403 0.040723 0.670646 -0.534982 0.646167 0.418201
VERTEX_POSE A1919 -0.761701 0.016924 0.174464 -0.933484 -0.211188 0.333755 0.275005 0.829166 0.548279 -0.612779 -0.235659 -0.684411 -0.356870 0.248322 -0.339198 0.126456 -0.148638 0.067269 0.636810 -0.416163
VERTEX_POSE A1920 0.447482 -0.944033 -0.500921 -0.157314 -0.035950 0.188822 0.157731 -0.632705 -0.455253 -0.122966 0.322028 -0.546297 0.564367 0.253459 -0.022154 -0.740772 0.254049 0.676874 0.304543 0.605970
VERTEX_POSE A1921 -0.318242 0.848950 -0.327579 0.114575 -0.577881 -0.774531 0.286207 -0.509592 -0.313246 -0.269643 0.621517 -0.193951 -0.772573 -0.284512 -0.331189 0.396673 0.444809 0.393288 0.301927 -0.274282
VERTEX_POSE A1922 -0.000492 -0.006326 -0.140541 0.114075 0.810493 0.761249 0.485272 -0.183361 -0.188469 0.491597 0.133453 -0.182823 -0.097872 -0.961362 -0.159511 0.630711 -0.144225 0.571061 -0.339806 -0.059590
VERTEX_POSE A1923 -0.846411 0.174560 0.549910 -0.672435 0.770345 -0.552798 -0.605214 -0.304629 -0.218216 -0.140944 -0.222965 0.738914 -0.320205 -0.070108 0.305190 -0.227303 -0.710569 -0.087528 0.677977 -0.589630
VERTEX_POSE A1924 -0.623383 -0.863949 0.446694 -0.042189 0.420434 -0.257387 -0.502616 0.422589 -0.594251 -0.040727 0.502429 -0.440857 -0.119816 -0.687209 -0.059786 0.816378 0.244397 -0.618618 0.254733 -0.192346
VERTEX_POSE A1925 0.582469 0.543650 0.877730 0.454420 -0.976494 0.219789 0.293174 -0.667398 0.600961 0.456831 -0.004256 -0.505876 0.468846 0.397056 -0.499395 -0.188348 -0.610790 -0.291946 0.670867 -0.154413
VERTEX_POSE A1926 0.018137 -0.602154 -0.538185 -0.494483 -0.075553 0.004809 -0.404058 -0.174668 0.766170 0.219855 0.396883 0.273541 0.521889 -0.089707 0.379911 -0.713048 0.260550 0.440232 -0.087151 -0.857928
VERTEX_POSE A1927 0.093712 0.879348 -0.710379 -0.132717 -0.757451 -0.457226 0.449720 -0.466623 -0.246454 -0.603464 0.310836 -0.502245 -0.551398 -0.501302 0.511037 -0.122085 -0.647273 -0.465613 0.338583 0.124012
VERTEX_POSE A1928 -0.537349 -0.577708 -0.568894 -0.673582 -0.864028 0.268056 0.480751 -0.628404 -0.424666 0.486167 0.235689 -0.064478 -0.375698 -0.680694 -0.731042 0.277742 -0.292696 0.457411 0.560563 0.023334
VERTEX_POSE A1929 0.188118 -0.424018 0.358144 0.350401 -0.668426 0.715883 -0.056987 0.487286 -0.291037 0.505077 0.735547 0.419222 -0.404760 0.144379 0.474692 0.758031 -0.392502 0.041581 -0.056636 -0.215914
VERTEX_POSE A1930 0.250251 -0.433987 0.160057 0.773058 -0.324267 0.650585 -0.162033 -0.577486 0.200397 0.869397 -0.235633 0.302554 -0.398238 0.129961 -0.649480 -0.128150 -0.677053 0.152370 -0.207069 -0.368370
VERTEX_POSE A1931 -0.700047 0.410281 -0.378166 0.969777 0.420726 -0.642119 -0.519799 0.542004 -0.525835 0.777601 0.043832 0.071540 0.136174 0.105709 0.510939 -0.007576 0.410807 -0.212142 -0.326412 -0.724136
VERTEX_POSE A1932 -0.546291 -0.425987 -0.374456 0.966260 0.975034 0.272139 -0.627228 0.513899 -0.847504 -0.443440 0.114243 -0.441671 0.515197 0.293075 0.020004 0.353869 0.344820 -0.110472 -0.138905 -0.719766
VERTEX_POSE A1933 0.163031 -0.263111 0.168135 -0.365245 -0.878506 -0.427201 -0.328516 0.245063 0.268314 0.104503 0.541648 -0.350145 0.749979 -0.410015 -0.468006 -0.515074 -0.385906 0.635513 -0.231055 -0.574043
VERTEX_POSE A1934 0.372407 0.767898 0.806326 0.487722 -0.525996 -0.360244 0.293076 0.778947 -0.541509 0.290698 0.062862 -0.463561 -0.836045 0.074221 -0.355575 0.361338 -0.518220 0.485458 0.008073 0.339456
VERTEX_POSE A1935 -0.427705 -0.999205 0.364130 -0.048675 0.973616 -0.297715 -0.571527 0.323481 -0.608864 0.335137 -0.627050 -0.471023 -0.272531 -0.080590 0.472870 0.229978 -0.256137 -0.308516 0.658693 0.655795
VERTEX_POSE A1936 0.225736 0.509890 0.028097 0.960983 -0.961898 -0.297454 0.462862 0.489627 0.305154 -0.094627 0.524544 0.301287 0.836140 -0.376476 0.735559 0.045427 0.390940 0.431952 -0.274976 -0.436523
VERTEX_POSE A1937 0.823760 0.735499 0.705387 0.791011 -0.375592 0.157138 0.319842 0.412350 -0.111317 0.682282 -0.499492 -0.373060 -0.612624 -0.329203 0.374101 -0.167965 0.465988 0.826916 -0.169327 -0.504932
VERTEX_POSE A1938 -0.838919 0.692419 -0.541697 -0.834450 0.743100 0.640459 0.047811 0.322877 -0.479157 -0.614214 0.397372 -0.160148 0.679584 0.177161 0.578357 -0.371462 0.033409 -0.008735 0.143656 0.839847
VERTEX_POSE A1939 -0.700779 -0.803650 0.214494 -0.050259 -0.939982 -0.357203 -0.163326 -0.817854 0.586443 -0.776292 0.014645 0.032021 0.247854 0.361618 -0.319916 -0.101494 0.300167 0.652012 0.546775 -0.331711
VERTEX_POSE A1940 -0.003144 -0.589234 -0.255989 0.673109 -0.439727 0.167428 -0.468888 -0.400300 0.649568 0.175177 0.458154 -0.623193 -0.411691 0.337829 -0.178272 0.528362 -0.620029 -0.360387 0.548453 0.362339
VERTEX_POSE A1941 0.416665 0.118631 -0.110265 0.200724 0.624924 0.304470 0.083799 -0.035682 -0.659882 0.356259 0.208481 0.096962 0.803153 -0.557986 0.657754 0.078557 0.098893 0.172660 0.463499 0.796326
VERTEX_POSE A1942 -0.401105 -0.063667 0.573914 -0.853013 0.691555 -0.087418 -0.524526 0.477262 0.530519 0.175741 0.606638 -0.625403 -0.358682 0.012033 0.459125 -0.749626 -0.149461 0.330124 -0.058269 -0.617842
VERTEX_POSE A1943 0.005314 -0.227601 -0.183865 -0.121014 0.211475 0.279486 -0.283882 -0.700825 -0.246948 0.233669 -0.125583 0.541451 -0.228141 -0.298239 -0.447565 -0.875191 0.117086 0.606151 -0.216337 0.624834
VERTEX_POSE A1944 -0.144132 0.920544 -0.243727 -0.385274 0.729741 0.051342 0.119307 0.143130 -0.247583 0.646180 -0.690570 -0.658802 -0.376052 -0.282142 -0.116778 -0.609136 -0.308366 0.698863 -0.236127 -0.572655
VERTEX_POSE A1945 -0.887848 -0.616477 -0.920232 0.912118 -0.844692 -0.210973 0.294668 0.343433 0.855912 0.320416 -0.007624 0.455252 -0.367110 -0.073164 0.112222 -0.649058 0.687507 0.055279 0.504438 0.635592
VERTEX_POSE A1946 -0.784969 -0.733346 0.673577 0.010112 -0.417656 -0.431153 0.540046 -0.114810 -0.213237 -0.079680 -0.913871 -0.616039 -0.719693 0.093955 0.615760 -0.323842 -0.332115 -0.099863 0.281372 -0.180363
VERTEX_POSE A1947 0.261878 0.296200 0.165804 -0.419687 0.065767 0.654734 -0.125905 -0.526499 0.491570 0.472955 0.370648 -0.567652 0.282333 -0.185029 0.058278 0.682272 0.207257 0.063693 -0.463956 0.712900
VERTEX_POSE A1948 -0.906997 -0.905937 0.343430 0.398981 -0.957197 0.526647 -0.122613 -0.074306 0.655384 -0.353919 0.452604 0.239845 0.488987 -0.455396 0.465606 0.157679 -0.490562 -0.137113 -0.771839 -0.584459
VERTEX_POSE A1949 -0.073453 -0.910391 -0.320846 -0.080432 0.373635 -0.177770 -0.311370 -0.619799 0.605669 0.425066 -0.493129 0.596424 0.118616 0.427282 -0.471382 0.632620 0.255899 -0.153752 0.555058 -0.353014
VERTEX_POSE A1950 0.500177 -0.686877 -0.659732 -0.353170 0.854579 0.037595 0.822859 0.127405 0.406939 0.464855 0.177512 0.117471 0.126539 -0.849830 0.635513 -0.073354 -0.323346 0.644446 -0.292267 0.354250
VERTEX_POSE A1951 0.540485 -0.849970 0.842509 -0.758333 0.006853 0.592794 -0.033841 -0.579989 -0.181738 -0.690490 -0.289885 -0.341042 -0.379637 0.393220 0.699254 -0.403280 0.559593 0.101493 0.464025 0.334385
VERTEX_POSE A1952 0.608305 0.938559 0.351575 -0.965856 0.795754 0.154089 0.835175 -0.295966 -0.612431 0.267145 -0.230013 0.529269 0.039337 0.397746 -0.535754 0.132249 0.718725 -0.184464 -0.460520 -0.429804
VERTEX_POSE A1953 -0.500315 0.306798 0.199727 0.760905 0.665072 0.577019 0.258628 0.070298 -0.526058 -0.104762 0.426298 -0.379095 -0.404777 -0.631563 0.082331 0.362826 -0.643758 0.489715 -0.791612 -0.005569
VERTEX_POSE A1954 0.694074 0.324590 0.392420 -0.430768 -0.222803 -0.689288 0.121078 -0.670762 0.164983 0.101263 -0.079481 -0.372304 -0.636457 0.450389 -0.304117 -0.458565 -0.060163 -0.516299 0.599772 0.580768
VERTEX_POSE A1955 0.984922 -0.925390 -0.201731 -0.008045 0.216188 0.385000 0.429868 0.143238 0.871190 -0.274291 -0.344915 0.273007 0.479415 0.531354 -0.037481 0.669444 -0.365938 0.129867 -0.248966 0.666535
VERTEX_POSE A1956 -0.917846 -0.149552 0.077456 0.215325 0.688578 -0.465786 0.566535 0.013125 -0.584905 -0.068240 -0.144087 -0.517544 -0.437163 0.655978 0.302724 0.472845 0.726418 -0.285368 0.509595 -0.145178
VERTEX_POSE A1957 -0.287789 0.722437 0.854234 0.074749 0.701644 0.068839 0.496409 0.678697 -0.384427 -0.269504 0.150618 -0.174480 -0.656239 -0.007799 0.822086 -0.081222 -0.288898 0.375778 -0.493659 0.658150
VERTEX_POSE A1958 0.078634 0.953958 0.087889 0.859237 0.458737 0.451804 0.093019 -0.092572 -0.705816 -0.277560 -0.398331 0.373582 0.135250 -0.099822 0.395406 -0.785947 -0.425258 0.042289 0.527544 -0.801220
VERTEX_POSE A1959 -0.455196 0.272740 0.508562 0.541744 0.824550 -0.306883 0.823360 0.213075 -0.352466 -0.327068 -0.098317 0.562463 -0.238144 0.415121 -0.380981 -0.231753 -0.520085 -0.565756 -0.323547 0.708604
VERTEX_POSE A1960 0.900329 -0.701581 0.212378 -0.574850 -0.966782 -0.131896 -0.010571 0.265190 -0.298381 0.427912 -0.743302 0.550884 0.466538 -0.243224 0.657396 -0.536262 -0.348408 -0.397403 -0.558162 -0.443431
VERTEX_POSE A1961 -0.671115 -0.480029 -0.752054 0.632295 -0.865530 -0.643688 -0.415685 -0.563465 0.287548 -0.195138 -0.471169 0.294303 -0.540732 0.363572 -0.392121 0.605288 0.120131 0.512453 0.361057 -0.560260
VERTEX_POSE A1962 -0.155243 -0.316979 -0.869603 0.511521 0.245276 -0.530831 -0.066886 -0.528652 -0.567023 0.058677 0.660198 0.082527 -0.587973 0.467064 -0.528602 -0.488888 -0.203783 0.332375 -0.638247 -0.158083
VERTEX_POSE A1963 -0.645962 -0.127569 0.837922 -0.608590 -0.991748 -0.498421 -0.088904 0.638079 -0.179919 -0.028367 -0.465499 -0.002121 -0.542246 -0.489526 -0.582650 0.646158 -0.368256 0.616214 0.528905 0.030310
VERTEX_POSE A1964 0.491916 0.256861 0.416081 -0.732950 -0.744036 0.256170 -0.200230 -0.807922 -0.335617 -0.480196 0.425267 0.429483 -0.046588 0.254920 -0.722490 -0.257647 -0.316701 0.339545 -0.812876 0.033559
VERTEX_POSE A1965 -0.782836 -0.549080 0.936722 -0.000757 0.719280 0.433303 -0.633173 -0.524068 0.236983 0.402869 -0.540572 -0.688709 -0.536465 -0.079714 -0.450038 0.379552 -0.306353 -0.281484 0.070247 -0.576999
VERTEX_POSE A1966 -0.073667 -0.126774 0.202052 0.342735 0.981868 0.031706 -0.024410 0.588949 0.574111 -0.595481 0.049007 -0.712237 -0.449274 -0.342775 0.329610 -0.334790 -0.531138 -0.231229 -0.575217 0.501134
VERTEX_POSE A1967 -0.282348 -0.233250 -0.555822 -0.771967 -0.705935 0.708681 -0.259423 0.401263 0.020119 -0.031924 0.761289 -0.617003 0.133843 0.440540 -0.019649 -0.593995 -0.237175 0.341009 0.748957 -0.095391
VERTEX_POSE A1968 -0.959076 -0.813581 0.642110 -0.209746 -0.656311 0.509948 -0.689737 -0.120661 0.492806 -0.052782 -0.355405 -0.206459 -0.323202 -0.468072 -0.652769 -0.559600 -0.008138 -0.168412 0.322281 -0.799982
VERTEX_POSE A1969 0.087413 -0.434355 0.660355 0.508284 0.724968 -0.524415 -0.502912 -0.655782 -0.101737 0.137705 -0.224253 0.640792 -0.716625 0.046266 -0.496565 -0.226958 0.659434 0.239682 0.403801 -0.287517
VERTEX_POSE A1970 0.016873 -0.036900 0.658672 0.177774 -0.645917 0.352566 0.470358 0.455453 0.735399 0.033570 -0.570215 0.064366 0.550425 0.361035 -0.548041 0.545961 -0.515008 0.174334 0.420232 -0.268025
VERTEX_POSE A1971 0.037780 -0.402815 -0.613879 -0.536638 -0.096039 -0.186953 0.428094 0.501435 0.601599 0.143178 -0.013731 -0.496389 0.124474 0.506428 0.312817 -0.699678 0.630699 0.508794 0.539622 0.306797
VERTEX_POSE A1972 -0.495921 0.684276 -0.449910 -0.290991 0.349893 0.270299 0.756354 -0.098548 -0.494998 0.245041 -0.497814 0.376375 -0.271249 0.391782 -0.108730 -0.539739 -0.502220 -0.726936 0.054670 0.580303
VERTEX_POSE A1973 0.615767 0.899433 0.232585 0.324760 -0.954362 0.138258 -0.398918 0.412315 -0.544971 -0.712997 -0.217372 0.556082 -0.044037 -0.659056 0.607914 -0.469098 0.368422 -0.071444 0.332427 0.461146
VERTEX_POSE A1974 -0.956906 0.369584 0.202256 0.342348 -0.884564 -0.289285 0.665297 -0.001100 -0.258258 -0.289009 0.163619 0.707965 -0.334188 0.032775 -0.338091 -0.377126 -0.825972 -0.483836 -0.468987 0.538446
VERTEX_POSE A1975 0.359946 0.604820 0.306363 0.323734 0.079634 -0.195749 0.441065 -0.207248 0.654263 0.654156 -0.272518 0.290912 0.001894 0.657903 0.095156 0.265665 0.647860 0.663278 -0.554040 -0.173848
VERTEX_POSE A1976 0.727920 -0.717044 0.312354 0.236879 -0.799054 0.333095 0.695958 0.503330 -0.684523 0.443656 -0.441814 -0.486073 0.239833 0.437424 0.365210 0.236121 -0.518885 0.225459 0.453364 -0.301461
VERTEX_POSE A1977 -0.741875 0.636238 -0.124167 -0.647540 -0.302220 -0.142840 0.388871 -0.726465 -0.313800 -0.446473 0.086766 0.371490 0.617970 0.055359 0.856097 -0.404934 -0.190445 -0.101091 -0.321844 -0.652216
VERTEX_POSE A1978 -0.378175 -0.098981 -0.527834 0.904047 -0.854599 -0.528487 0.529502 -0.492622 -0.208943 -0.298552 -0.504124 -0.760458 -0.182598 0.607941 0.153567 -0.515677 -0.022059 0.274163 0.575525 0.364834
VERTEX_POSE A1979 0.820923 -0.622981 -0.344216 -0.364140 -0.756251 -0.309770 0.780235 0.117680 -0.335286 0.318793 0.364075 -0.045520 -0.388452 0.750175 -0.519577 -0.213190 0.273779 0.720829 0.305384 0.464632
VERTEX_POSE A1980 0.184672 0.725846 0.554987 0.272028 -0.928584 -0.119803 0.676210 -0.695346 0.308043 -0.008609 0.220502 -0.341125 0.594250 0.626922 -0.394746 0.112477 0.204158 -0.786490 -0.420574 -0.182101
VERTEX_POSE A1981 -0.877998 0.214143 -0.187566 -0.449123 0.999980 -0.615687 -0.401217 -0.615026 0.504580 -0.061827 -0.612341 0.454681 -0.799428 0.213362 -0.334400 -0.175935 0.439415 -0.218562 -0.406404 0.090408
VERTEX_POSE A1982 0.361408 -0.472951 -0.501707 -0.122473 0.250601 -0.432316 0.506894 -0.533056 -0.095831 -0.147734 0.569187 0.197931 0.678597 0.127367 -0.627588 0.293126 0.560685 -0.608996 -0.418111 -0.247565
VERTEX_POSE A1983 -0.207023 0.664405 -0.093438 0.306171 0.867170 -0.229212 -0.671673 -0.005247 -0.018306 0.133825 0.698696 0.217342 0.657555 -0.172927 -0.684921 0.191337 -0.516376 -0.656332 0.248913 0.463949
VERTEX_POSE A1984 -0.378313 -0.479060 -0.987839 -0.688218 0.665052 -0.086995 0.328161 -0.339268 0.542986 0.464551 -0.518803 -0.059418 0.254010 0.586835 -0.714371 0.596036 -0.094434 0.428650 0.506677 0.512297
VERTEX_POSE A1985 0.055482 0.851640 0.890713 0.446760 -0.972202 0.644367 -0.527355 0.263353 0.175954 0.505975 -0.536017 -0.508343 -0.397546 0.040182 -0.267266 -0.520835 -0.642237 0.473274 -0.191242 -0.478799
VERTEX_POSE A1986 -0.222101 0.739015 0.704831 -0.701874 0.083358 -0.104207 0.378705 0.310891 0.612702 0.641232 0.327232 0.438339 -0.141775 -0.253911 0.443194 -0.652136 0.562195 0.474525 -0.004747 -0.644773
VERTEX_POSE A1987 -0.296160 0.371388 0.089617 0.527107 0.353630 -0.322014 -0.152979 0.196667 -0.359830 -0.367757 -0.811283 0.399859 0.196304 -0.504730 -0.468666 -0.463371 0.194238 -0.622330 0.766879 -0.103255
VERTEX_POSE A1988 0.767694 0.574076 0.744947 -0.478491 0.729442 -0.457387 -0.204149 -0.232447 0.827470 0.244815 -0.230733 -0.302541 0.877791 -0.134460 0.007553 0.237641 0.882568 -0.120429 0.267207 -0.309396
VERTEX_POSE A1989 0.856533 0.692974 -0.207280 -0.842636 -0.457905 -0.341808 0.704799 -0.135140 0.392603 0.499265 0.573208 -0.760803 0.146441 0.306267 0.351170 0.477282 -0.403041 -0.163978 0.068921 -0.630022
VERTEX_POSE A1990 0.248645 -0.355872 -0.401820 0.068851 0.178181 0.348625 -0.496918 -0.751447 0.185146 0.069796 0.001354 0.639698 0.160272 0.407195 0.079706 -0.828693 0.515570 0.654687 0.189161 -0.060873
VERTEX_POSE A1991 0.668023 0.872495 -0.042675 -0.053342 0.762660 -0.330620 0.181207 -0.245268 -0.630264 -0.120398 0.764610 0.466125 -0.642206 0.250054 -0.505376 -0.381526 -0.517170 0.144153 0.628234 0.158816
VERTEX_POSE A1992 -0.814582 -0.787055 0.040666 0.789659 -0.323436 -0.130072 0.180484 -0.707665 -0.386304 0.542587 -0.054621 -0.589707 0.036919 -0.323956 0.397815 -0.393827 -0.617062 -0.572573 -0.718723 0.102538
VERTEX_POSE A1993 -0.906598 0.327150 -0.271424 -0.419628 -0.576543 0.446388 -0.082052 -0.181134 -0.502330 -0.271045 -0.488261 0.489585 -0.636031 -0.425182 0.459752 -0.025970 0.478477 -0.311987 -0.717351 0.564864
VERTEX_POSE A1994 -0.977939 -0.255074 -0.204753 0.338068 0.770913 -0.457702 0.573134 -0.523455 -0.527256 -0.060826 0.540492 0.042381 0.354782 0.642005 -0.559447 0.182232 0.070350 -0.444673 -0.713259 -0.129398
VERTEX_POSE A1995 0.677334 0.469806 -0.543253 -0.943291 -0.067472 0.583960 0.645957 -0.292575 -0.405344 0.486589 0.512346 -0.131874 0.298046 -0.534799 0.193653 0.388720 0.517398 -0.663170 0.325632 -0.313354
VERTEX_POSE A1996 -0.689434 0.778070 -0.334701 0.579615 -0.857263 -0.277514 -0.616565 -0.479354 -0.290206 0.458692 0.345809 0.700079 0.204473 -0.093516 0.241005 0.352246 -0.706977 -0.539048 0.493520 -0.376928
VERTEX_POSE A1997 -0.051606 0.618151 0.997300 -0.319198 0.752781 -0.536065 -0.321011 0.420041 -0.197198 -0.473894 -0.467440 -0.806542 0.209178 -0.241474 -0.003254 0.488009 -0.609735 0.152406 -0.624875 -0.418304
VERTEX_POSE A1998 -0.605014 -0.763444 -0.099075 -0.715258 0.226594 0.461032 0.221411 0.550778 -0.126401 -0.709186 0.079631 -0.569000 0.593096 -0.163824 -0.662382 -0.184381 0.589250 0.094659 0.249546 0.562360
VERTEX_POSE A1999 -0.648510 0.964489 -0.692591 -0.630132 -0.513574 -0.185928 -0.494747 0.661408 0.380943 0.588176 0.357378 0.313748 0.372189 0.070992 -0.608045 0.438615 0.486813 -0.593427 0.279941 -0.439084
VERTEX_POSE A2000 -0.964193 -0.816204 0.657654 -0.810914 0.477749 0.548020 0.726823 -0.278420 -0.382707 0.195031 -0.709047 0.048267 0.324695 0.594262 -0.486066 0.038474 0.005667 -0.560910 0.571651 0.257984
VERTEX_POSE A2001 0.411859 0.199656 -0.440403 0.462516 0.580677 0.667641 -0.122389 0.421999 -0.465424 0.358331 -0.128213 0.575980 0.531959 -0.521360 -0.076473 0.748086 0.572899 0.005929 -0.118351 0.453264
VERTEX_POSE A2002 0.389269 -0.438326 -0.306470 -0.166769 0.390387 -0.271011 0.583542 -0.166483 0.694009 0.625481 0.015784 0.066570 0.246767 0.503635 -0.406022 0.360708 -0.579310 -0.524994 0.277937 0.618697
VERTEX_POSE A2003 -0.460114 0.868072 -0.792256 -0.101905 -0.172358 0.046057 0.280853 0.443414 -0.174179 -0.803346 0.560869 0.760007 0.180030 0.428669 -0.007138 0.173021 0.387482 0.624402 -0.461962 -0.393587
VERTEX_POSE A2004 0.027626 0.099090 0.792182 -0.212724 0.626315 0.553174 -0.516474 0.344178 0.198153 -0.371181 -0.780777 -0.735822 -0.644921 0.014120 -0.149739 0.375790 -0.428563 0.301459 -0.195801 -0.296755
VERTEX_POSE A2005 0.432363 0.931257 0.895786 -0.824421 0.505823 -0.511014 0.682575 -0.308662 0.082787 -0.264894 -0.495270 -0.549303 -0.227067 -0.461524 0.598749 0.129431 -0.661247 -0.267911 -0.628976 -0.095838
VERTEX_POSE A2006 0.899832 0.472892 0.514107 -0.778171 0.907276 -0.140623 -0.547878 -0.199598 -0.186489 0.228122 0.626631 -0.701658 -0.530244 0.122931 0.672714 -0.602033 0.235015 -0.024038 0.064720 -0.705089
VERTEX_POSE A2007 -0.244454 0.382046 0.104536 -0.975845 0.827260 0.355052 -0.167441 0.393293 -0.349992 0.408481 0.551778 -0.177537 -0.450494 -0.526443 0.762786 -0.204191 0.181589 0.371593 0.748644 -0.480359
VERTEX_POSE A2008 0.690488 0.567495 -0.228381 -0.471961 -0.796396 -0.468838 -0.085243 -0.234260 -0.301566 -0.689244 -0.511330 0.015491 -0.622676 0.756983 -0.564269 0.035008 0.213624 -0.608776 0.358783 0.254962
VERTEX_POSE A2009 -0.478343 -0.626089 0.986273 -0.874124 -0.947323 -0.376904 0.454834 -0.408080 0.459745 0.325721 -0.712910 0.380153 0.702993 0.567226 -0.533576 0.083541 0.047536 -0.466217 0.431107 0.035004
VERTEX_POSE A2010 -0.423531 0.759065 0.760320 -0.339985 -0.928991 0.687847 0.055668 -0.395631 0.217548 -0.240452 0.287085 -0.605069 -0.422814 -0.503264 0.064024 0.349284 -0.696191 -0.330655 0.798945 0.151995
VERTEX_POSE A2011 -0.124840 0.293342 -0.673394 0.800066 -0.724981 -0.876365 0.284576 -0.194787 0.123764 -0.388784 -0.319330 -0.457182 -0.529768 0.227152 -0.087462 -0.628427 0.323431 0.001138 0.303790 0.838976
VERTEX_POSE A2012 -0.356341 0.588054 -0.201293 -0.323247 -0.947344 0.287159 -0.871829 -0.056921 -0.595600 -0.275675 -0.701288 -0.393439 0.072340 0.131083 -0.308332 -0.398087 0.643978 -0.559408 0.014515 0.270304
VERTEX_POSE A2013 0.937877 -0.713886 -0.741387 0.537542 0.321610 -0.557017 -0.099445 -0.779261 0.001027 0.610908 -0.086508 0.547015 -0.155274 -0.574341 0.042639 0.769904 -0.149325 -0.623448 0.006272 0.181944
VERTEX_POSE A2014 0.668137 -0.042253 0.233168 0.106238 -0.857811 0.835470 -0.395512 -0.202885 -0.405964 -0.176089 -0.214564 0.206639 0.233804 -0.366517 -0.298467 -0.537007 -0.670927 -0.073497 -0.685217 0.572994
VERTEX_POSE A2015 0.265345 -0.891006 -0.189132 -0.011465 0.717709 0.275735 -0.033719 0.721265 -0.125133 0.560078 0.246980 -0.935913 -0.011814 0.059834 -0.065671 -0.823281 0.071413 0.167529 0.085117 -0.640389
VERTEX_POSE A2016 -0.006641 -0.862247 -0.850674 -0.015698 0.349408 -0.534801 0.287147 0.619216 -0.274392 -0.195108 -0.338481 -0.587755 0.376987 -0.115533 0.189267 0.788658 -0.474897 0.507365 0.339675 0.512960
VERTEX_POSE A2017 -0.553964 -0.303238 -0.062001 0.404364 0.225547 0.000630 0.226727 -0.177607 -0.369493 0.017658 -0.523024 0.168154 -0.601670 0.545580 -0.535447 0.544174 0.626558 0.740605 0.538656 0.068330
VERTEX_POSE A2018 0.969186 0.480382 0.900485 -0.484357 0.071339 -0.360955 0.433289 0.547803 -0.446710 0.257076 -0.577234 0.323409 0.391030 -0.566965 0.438478 -0.493669 -0.014687 0.610986 0.591235 0.212244
VERTEX_POSE A2019 -0.238948 0.711829 0.894273 0.505810 0.078851 -0.212914 0.601702 0.100220 -0.638355 0.242354 0.279867 0.379511 0.153871 -0.562333 -0.628599 -0.257464 -0.702954 0.089470 0.699468 -0.318225
VERTEX_POSE A2020 -0.697430 -0.610264 0.730718 0.561727 0.767641 0.293467 0.693477 -0.199535 -0.437570 -0.264775 -0.513249 -0.129658 0.500707 -0.538301 -0.674648 0.437731 0.566776 -0.500448 -0.081657 -0.292846
VERTEX_POSE A2021 0.217830 -0.875490 -0.501335 0.584494 -0.750480 0.562461 0.104270 -0.367896 0.325470 0.464390 0.281008 0.716056 -0.038104 -0.051041 0.254731 -0.697276 0.619460 -0.009147 0.534626 0.631942
VERTEX_POSE A2022 -0.570925 0.584324 -0.148402 -0.547531 -0.158489 0.177387 -0.252016 -0.754648 -0.438193 -0.437512 0.503492 0.606473 -0.608716 0.190635 -0.635525 -0.290741 -0.367926 0.069424 0.538522 0.072738
VERTEX_POSE A2023 -0.512012 -0.397319 -0.228616 0.351387 -0.555794 0.705032 0.203726 0.523657 0.224197 -0.015836 0.235520 -0.097296 -0.567133 -0.114649 0.184155 0.631921 -0.644677 -0.639755 0.487114 0.491488
VERTEX_POSE A2024 0.311232 0.451660 0.227241 -0.835134 -0.327023 -0.614470 0.410473 0.097219 0.303720 0.533545 0.595455 0.365195 0.223127 -0.710980 -0.560083 -0.334878 -0.064373 0.288306 -0.620413 0.355451
VERTEX_POSE A2025 -0.548864 -0.670750 0.646846 0.790536 -0.387576 -0.368688 -0.107931 0.584492 -0.125339 -0.514611 0.489481 0.440699 0.621662 0.617696 -0.713100 0.574662 -0.096046 0.381617 0.082626 -0.167346
VERTEX_POSE A2026 -0.834678 -0.927514 0.228131 0.408096 0.376734 -0.560853 -0.339053 0.457555 -0.566690 -0.129127 -0.799359 -0.184958 0.910697 0.019561 0.027941 0.100099 -0.212900 0.573861 -0.170233 -0.325515
VERTEX_POSE A2027 0.621798 0.229729 0.892540 0.744480 -0.184286 -0.509031 0.555663 -0.306520 -0.138474 0.284746 -0.077029 0.524587 0.197062 0.518311 0.586254 0.614293 -0.360886 0.320667 -0.440420 -0.707974
VERTEX_POSE A2028 0.399530 0.947401 0.644145 -0.528661 -0.634796 0.128199 -0.590903 -0.427703 -0.152276 0.653753 -0.635000 0.500098 -0.082896 0.212916 0.836355 0.303036 -0.103073 0.103869 -0.353183 -0.598237
VERTEX_POSE A2029 -0.439692 -0.690957 -0.870944 0.692838 -0.396672 -0.166066 -0.253179 -0.503099 0.043973 -0.509311 0.422216 0.545543 -0.406609 -0.610155 -0.529037 -0.671862 0.080206 -0.626890 0.244486 -0.435778
VERTEX_POSE A2030 0.973287 0.194218 -0.800052 -0.885651 0.302140 -0.543949 -0.162754 -0.492848 0.624334 -0.045344 -0.773788 0.541067 0.116723 0.343103 -0.019233 -0.387966 -0.051146 0.145616 -0.898506 0.194980
VERTEX_POSE A2031 0.435337 -0.868803 0.301800 -0.339575 0.842954 0.313255 -0.530057 0.662124 0.065294 -0.555522 -0.684276 -0.661502 0.283251 0.131820 -0.373622 -0.308158 -0.149092 0.566065 0.485018 -0.231846
VERTEX_POSE A2032 0.972167 0.508699 -0.311347 0.155354 -0.815996 0.588748 0.675961 0.135450 -0.443893 0.050306 -0.493940 -0.303495 0.286662 0.455700 -0.526559 0.183138 0.563405 0.294891 -0.651791 0.461074
VERTEX_POSE A2033 0.362557 0.755892 -0.106522 -0.052420 -0.307473 0.556956 0.138385 -0.296775 -0.445473 -0.516233 0.150323 -0.248198 0.682828 0.619018 0.176279 -0.491523 0.543112 0.631409 -0.080646 0.459536
VERTEX_POSE A2034 0.975223 0.999269 0.509544 0.558520 -0.329404 0.530934 0.562069 -0.562488 0.258953 -0.546160 -0.153344 0.490248 0.230369 0.331526 0.258548 -0.530528 -0.519885 0.586398 -0.226404 0.529058
VERTEX_POSE A2035 -0.000207 -0.392211 -0.519164 0.942630 0.810319 0.582863 0.409045 0.155536 0.362787 0.001107 0.075784 0.639460 -0.614508 0.182042 -0.264434 -0.013583 0.963680 0.223209 0.674445 0.090817
VERTEX_POSE A2036 -0.205080 0.687149 -0.210736 0.123159 -0.801650 0.384671 -0.619314 0.536980 0.193854 0.292605 0.694466 0.050014 0.081495 0.028762 0.625646 0.638121 -0.055478 -0.648471 0.342042 0.474832
VERTEX_POSE A2037 0.875056 0.472161 0.023651 0.780349 -0.422128 0.106169 -0.591361 0.196641 0.175774 -0.668058 0.111774 -0.651364 0.004950 -0.398104 0.712422 0.327810 -0.226230 -0.161283 0.310658 0.859751
VERTEX_POSE A2038 0.755339 0.989834 0.585372 0.966785 0.637579 0.622048 0.476468 0.140669 -0.678661 -0.066988 0.187470 0.275533 -0.625668 0.349798 -0.168847 0.338780 -0.575067 0.219198 -0.512112 -0.701432
VERTEX_POSE A2039 -0.514592 0.254644 0.560883 0.651197 -0.598046 -0.578613 -0.335890 -0.395954 -0.459296 -0.244670 0.346428 -0.441838 0.586270 0.575653 0.270535 0.533854 -0.239879 0.431096 -0.445648 0.578178
VERTEX_POSE A2040 -0.603287 0.846072 0.009924 0.906225 -0.369452 -0.515121 -0.488052 -0.046316 -0.543898 0.621313 -0.456097 -0.084121 0.524737 0.286274 -0.634321 -0.127602 0.560340 0.171424 0.290077 0.627612
VERTEX_POSE A2041 -0.668193 0.748899 0.345692 -0.373200 0.708588 -0.510834 0.496607 0.075360 -0.635563 -0.217886 -0.525333 0.037719 0.800322 0.079554 0.281161 0.254314 -0.834280 -0.504613 -0.026779 0.126472
VERTEX_POSE A2042 0.360569 -0.452014 0.887490 0.451264 -0.323027 -0.718860 0.078093 -0.538913 -0.361817 0.644549 0.577631 -0.438859 -0.232936 0.428618 -0.398709 -0.505213 0.006023 0.027598 -0.518613 0.438367
VERTEX_POSE A2043 0.040372 0.434126 0.808631 -0.417021 -0.316795 0.147654 -0.440635 0.609224 -0.155182 -0.658917 -0.246219 0.645450 -0.060660 0.444929 -0.708729 0.152678 0.604487 -0.187654 -0.587093 -0.069675
VERTEX_POSE A2044 -0.730316 -0.964987 0.604305 -0.835658 0.030198 -0.450756 -0.446625 -0.161916 0.492333 0.459711 -0.436461 0.461839 -0.331187 -0.428194 0.431259 -0.004516 0.774421 -0.393888 0.692450 -0.014420
VERTEX_POSE A2045 0.028706 0.505733 0.120658 -0.442499 -0.180838 -0.577154 -0.585476 -0.282781 -0.336323 0.026604 0.841179 -0.010803 -0.668523 0.125596 -0.429328 0.321011 -0.430835 -0.607734 0.326402 0.105166
VERTEX_POSE A2046 -0.694283 0.543120 -0.380501 0.571514 -0.599087 0.389099 0.527866 -0.630361 0.731442 -0.500409 -0.231857 -0.354789 0.001579 -0.469268 -0.424693 -0.250524 -0.560472 -0.085761 -0.638893 -0.120602
VERTEX_POSE A2047 0.263043 -0.827234 0.753631 0.148644 -0.620394 -0.682086 0.023750 0.159175 0.185598 0.723495 0.425506 0.652012 -0.093203 -0.290912 0.053230 -0.679054 0.413891 -0.268996 0.078678 -0.733261
VERTEX_POSE A2048 0.474742 -0.797505 -0.941343 0.961865 -0.955291 0.551461 -0.190339 -0.742492 -0.100405 0.607501 -0.403686 0.384696 -0.341283 0.391895 -0.562122 0.049175 -0.093815 -0.470997 -0.689798 -0.351227
VERTEX_POSE A2049 -0.725097 0.023502 -0.480016 -0.912843 0.472252 0.173348 -0.054962 -0.876794 0.643929 0.548358 -0.064664 -0.026880 0.343142 0.388046 -0.453599 -0.213467 -0.137372 -0.590620 0.730047 -0.239999
VERTEX_POSE A2050 -0.975905 0.884596 0.647905 -0.345545 0.458457 0.734564 0.273554 -0.532259 0.133599 -0.781719 -0.348906 -0.235091 -0.311474 0.066995 0.288342 0.208382 0.554274 -0.551505 0.416706 -0.532219
VERTEX_POSE A2051 0.777312 -0.407769 0.789376 0.523592 0.812350 -0.513210 0.118291 -0.590858 0.023735 -0.153576 0.579036 -0.455486 0.260753 -0.043616 -0.653951 -0.624897 0.279212 -0.317699 0.709883 0.485533
VERTEX_POSE A2052 0.492733 0.148012 0.018649 0.671650 0.721772 0.111571 0.671709 -0.029136 -0.802350 0.080642 0.402508 0.087622 0.711451 0.218533 -0.220146 -0.084815 0.458802 0.536325 -0.170141 0.760843
VERTEX_POSE A2053 -0.546829 0.468920 -0.500497 0.106923 -0.700032 0.144720 0.192472 0.594855 -0.604595 -0.462381 0.361479 -0.422965 0.747291 -0.308338 0.658383 -0.009353 -0.030304 0.033961 0.436609 0.647681
VERTEX_POSE A2054 -0.734700 0.194911 -0.439240 -0.125021 -0.743444 -0.198231 0.234404 -0.579359 -0.389310 -0.565719 0.232910 -0.701485 0.594031 0.050885 0.362540 0.053372 -0.583000 0.430843 0.518936 0.517318
VERTEX_POSE A2055 -0.196035 -0.400328 -0.754110 0.836516 -0.605251 0.550001 0.478491 -0.615941 0.102393 -0.172459 -0.405990 -0.201859 -0.141450 -0.028914 0.682053 0.122499 0.653434 -0.425525 0.840411 0.167264
VERTEX_POSE A2056 -0.095693 0.798169 -0.853651 -0.102540 -0.087608 0.503748 -0.461839 -0.544852 -0.050133 -0.615639 -0.121403 0.568661 0.064933 0.581932 0.449516 0.595760 -0.487347 0.467209 -0.220334 0.335032
VERTEX_POSE A2057 -0.569378 0.267398 0.788891 -0.716925 0.633290 -0.449733 -0.071308 0.074165 -0.340291 0.514654 -0.703450 -0.617413 -0.665712 -0.050707 0.517472 -0.533692 -0.592641 -0.181567 -0.045239 -0.381921
VERTEX_POSE A2058 -0.574237 0.829402 -0.861570 0.580996 0.210463 -0.041397 0.057720 0.491261 0.920566 0.004101 0.194260 -0.193416 -0.858562 0.301459 0.004469 0.104521 0.731898 -0.336770 0.498596 0.307203
VERTEX_POSE A2059 -0.696163 0.745570 0.790494 0.368798 0.277596 0.148465 -0.619014 -0.542467 -0.554927 -0.385668 0.508521 -0.207404 0.076858 0.352959 -0.786979 0.206944 -0.562587 0.087536 0.647572 -0.077795
VERTEX_POSE A2060 -0.009069 0.576441 0.917947 0.975913 -0.763382 0.096072 0.349089 0.387145 -0.072546 0.427482 0.522197 -0.582872 0.676337 -0.336303 -0.419232 -0.270964 0.669904 -0.685574 -0.405639 -0.124732
VERTEX_POSE A2061 -0.600949 0.023620 -0.661621 0.695345 -0.487396 0.594299 0.435829 0.103494 0.677876 -0.313976 -0.589512 0.158533 -0.775296 0.433212 -0.258051 0.086838 -0.490313 -0.309144 -0.320700 -0.462261
VERTEX_POSE A2062 0.739174 0.876767 0.092294 -0.970777 0.120550 -0.640655 -0.308111 0.414036 0.114910 -0.058838 0.733728 0.356440 0.037925 0.511971 0.343300 0.615781 0.142792 0.575718 -0.721790 -0.087830
VERTEX_POSE A2063 -0.036902 0.085140 -0.393399 0.131267 -0.579378 -0.264814 0.564685 -0.511240 0.118914 0.071985 0.600576 -0.025585 0.698487 0.532376 0.204968 0.426890 -0.269697 0.934380 0.076359 -0.147585
VERTEX_POSE A2064 0.761608 -0.220489 0.231857 -0.357075 0.205131 -0.036715 -0.458984 0.379059 0.126324 0.571627 0.764185 0.594070 -0.555720 0.343782 -0.660031 -0.115003 0.385735 0.440606 0.374868 -0.073198
VERTEX_POSE A2065 0.714397 0.876037 -0.398163 0.587743 0.791145 0.068328 0.588975 -0.116227 0.728882 -0.240006 -0.361335 -0.412654 0.122626 -0.882586 -0.524599 -0.502085 0.111015 0.136287 -0.573044 -0.254255
VERTEX_POSE A2066 0.962891 0.692928 0.087436 0.073897 -0.769059 0.482573 0.628993 0.119807 -0.471627 0.206491 -0.015945 0.575025 0.216766 -0.103704 -0.342666 0.569337 -0.654109 -0.310834 0.436574 0.739445
VERTEX_POSE A2067 -0.443472 -0.533340 -0.978879 0.766084 0.403481 0.386337 -0.468829 -0.580999 0.151231 0.739923 -0.570776 0.412590 0.031171 0.500861 -0.457959 0.353874 0.144751 -0.669265 -0.326366 -0.254637
VERTEX_POSE A2068 0.589453 0.348198 0.625488 0.368092 -0.630983 -0.749699 0.305610 0.061470 0.159460 0.562058 0.240925 -0.449727 -0.638637 0.389276 0.437476 -0.223085 0.617642 -0.137419 0.364785 0.636521
VERTEX_POSE A2069 0.718229 0.682762 -0.327192 0.040682 0.868520 -0.727196 -0.608430 0.227583 -0.268361 0.636061 0.710160 -0.379847 0.104307 -0.075789 0.180401 -0.113604 0.106774 0.471529 -0.448836 0.653249
VERTEX_POSE A2070 0.041936 0.721305 0.582005 0.417281 0.805435 -0.419395 0.781752 -0.445183 -0.587854 -0.021419 0.374487 0.516729 0.216763 -0.314743 0.456710 0.483949 0.496117 0.054240 -0.327434 -0.562474
VERTEX_POSE A2071 0.986166 0.194270 -0.364588 0.274317 -0.000435 -0.532839 0.233117 -0.711680 0.641624 0.166145 -0.638937 0.391499 -0.310951 -0.028135 -0.017642 -0.847801 -0.274671 0.388354 0.320305 0.095055
VERTEX_POSE A2072 -0.949963 0.431661 -0.981500 0.667482 0.577107 0.120138 0.575203 -0.445920 -0.586073 -0.531755 0.053030 0.141007 -0.356205 -0.761930 0.530166 -0.496127 -0.131114 0.584061 -0.115559 0.447901
VERTEX_POSE A2073 -0.597495 -0.730710 0.469495 -0.131456 -0.517592 -0.716252 -0.091319 -0.492226 0.671740 0.080994 -0.446935 -0.060038 0.386601 -0.566960 0.110407 0.250010 -0.349105 0.141259 -0.879281 -0.338590
VERTEX_POSE A2074 0.026538 -0.371604 -0.555957 0.857296 0.682770 -0.522136 0.503488 0.183004 0.316762 -0.613396 0.297765 0.158343 0.145368 -0.713026 0.727573 0.458911 -0.066859 0.269446 0.372175 0.604127
VERTEX_POSE A2075 -0.680279 0.466674 0.622805 0.831825 -0.392695 0.683471 -0.264330 -0.335288 0.289893 0.444834 -0.529499 0.477677 0.507601 0.235013 0.408099 -0.628385 0.267497 -0.232615 -0.282358 -0.693128
VERTEX_POSE A2076 0.431211 0.775023 -0.409847 0.426046 0.301570 -0.053890 -0.580430 -0.367502 0.564505 -0.394406 0.262914 -0.638585 0.121281 -0.267798 -0.505257 -0.615040 0.503097 -0.123912 0.338470 0.686292
VERTEX_POSE A2077 0.332255 -0.828484 0.063542 0.428810 -0.916317 -0.951847 0.028261 -0.086091 -0.173437 0.444800 0.656063 0.050493 0.088824 0.611157 -0.237220 -0.613737 0.121225 -0.071300 0.645593 -0.417087
VERTEX_POSE A2078 0.582764 0.639440 0.376436 -0.019531 -0.013088 -0.543640 -0.681776 0.364287 0.742407 -0.280743 0.154448 0.170670 0.290325 0.626370 -0.279028 0.539641 0.460993 0.215180 -0.284366 0.488454
VERTEX_POSE A2079 -0.094047 0.977518 -0.351190 0.387911 0.346279 0.472600 -0.363008 -0.478872 0.148923 0.441669 -0.588842 -0.147289 0.737281 -0.181987 -0.785503 -0.127032 -0.098202 -0.340239 -0.336799 -0.617401
VERTEX_POSE A2080 0.607158 0.195018 0.583526 0.515966 0.555935 -0.388634 -0.449091 -0.755338 -0.518159 0.395302 0.272872 0.142350 0.653813 -0.414287 0.700915 0.081263 -0.260310 -0.262545 0.456046 -0.340015
VERTEX_POSE A2081 0.606859 0.524036 0.024341 0.634924 -0.554631 0.255973 -0.224881 0.600244 0.698290 0.458195 -0.421494 -0.612886 0.458617 0.012366 0.031282 -0.710855 -0.323801 0.265068 0.154405 0.597536
VERTEX_POSE A2082 -0.316735 -0.430251 -0.561814 -0.088497 0.158629 0.101680 0.638098 0.362369 -0.639629 0.612289 -0.309033 -0.076605 -0.124862 0.405850 -0.698744 -0.321639 0.531384 -0.293980 -0.314470 -0.571055
VERTEX_POSE A2083 0.099892 -0.656970 -0.397824 0.187617 0.277707 -0.774469 0.284889 -0.376173 0.206210 0.004623 -0.776242 -0.027629 -0.728775 -0.401569 -0.025504 0.510748 -0.184333 0.596877 0.356146 -0.246386
VERTEX_POSE A2084 -0.939970 -0.007044 0.523844 -0.258153 -0.254663 -0.440078 -0.586571 -0.392683 0.453450 -0.074473 -0.513644 0.324226 -0.300484 -0.489890 0.123863 0.683291 -0.432793 -0.693001 0.305304 -0.393279
VERTEX_POSE A2085 -0.051435 0.764660 -0.001055 0.786482 0.415185 -0.031659 -0.804825 -0.227848 -0.441857 -0.471334 0.601654 0.306825 0.048006 0.552528 -0.354209 -0.059226 -0.515594 -0.764300 0.352545 0.122369
VERTEX_POSE A2086 0.903857 -0.057298 -0.151934 0.024133 0.672456 -0.740843 0.016990 0.307891 0.112697 -0.442995 -0.618547 -0.320098 -0.320664 0.251089 -0.294792 0.753452 -0.490308 -0.499086 -0.364624 -0.468139
VERTEX_POSE A2087 -0.035664 -0.208875 0.670192 0.639307 0.657728 -0.396007 0.375252 -0.142014 -0.016458 0.367126 0.480703 -0.066484 0.722738 -0.515737 0.795592 0.386014 0.262693 -0.453345 0.230320 0.643245
VERTEX_POSE A2088 0.379187 0.032058 -0.212164 -0.930443 0.048475 -0.308831 0.696820 -0.243867 -0.683657 -0.000924 0.559614 -0.239430 -0.179115 0.422792 -0.226111 0.489684 -0.153092 -0.573397 -0.492512 -0.652051
VERTEX_POSE A2089 -0.670380 -0.227897 -0.013503 -0.394871 -0.117080 -0.134254 0.629244 -0.428150 0.020444 0.533354 -0.097095 -0.475260 -0.115509 0.535810 -0.066452 -0.553000 -0.699385 -0.866758 0.020848 -0.176148
VERTEX_POSE A2090 0.268173 -0.463305 0.460686 0.008106 -0.064676 -0.010444 -0.417868 0.379271 0.427596 -0.436884 -0.689525 0.431159 -0.342728 0.015102 0.750890 0.584490 0.186045 -0.259458 0.418841 -0.588105
VERTEX_POSE A2091 -0.629882 -0.391502 -0.294216 -0.954530 0.285093 -0.333130 0.545326 0.730047 0.030401 -0.758980 0.446095 -0.829321 -0.324903 -0.021146 -0.439201 0.139916 -0.504957 -0.086189 0.037814 0.112260
VERTEX_POSE A2092 -0.271329 0.795723 0.324875 -0.699526 0.395523 0.173038 -0.001362 0.641200 0.251167 -0.889215 0.225234 0.419900 0.340540 0.530892 0.618723 0.268736 -0.180028 -0.589779 0.145289 0.473155
VERTEX_POSE A2093 0.007347 -0.586538 -0.447020 0.037329 -0.944126 -0.071684 0.437572 0.877323 0.606348 0.219926 -0.203484 -0.542907 -0.490764 0.099743 -0.564582 0.693312 -0.422764 -0.117060 -0.196551 -0.014841
VERTEX_POSE A2094 0.333216 0.693638 0.312385 0.176736 0.705715 -0.104129 0.579116 0.653343 0.849292 -0.232356 0.322918 0.293416 0.777478 -0.342409 -0.126156 0.014880 -0.441090 0.407248 0.077087 -0.396312
VERTEX_POSE A2095 -0.509721 -0.424765 -0.443267 -0.056601 -0.399346 0.249251 0.018108 -0.647193 0.788487 0.332639 0.187657 0.381754 0.228864 -0.227275 -0.334466 0.881024 0.190345 0.241989 -0.245848 0.676787
VERTEX_POSE A2096 -0.278255 -0.710501 0.154817 -0.374928 0.847019 0.561430 -0.247646 0.344133 0.679756 0.109842 -0.696882 0.148448 0.502504 0.381823 0.249096 0.669453 0.258875 -0.372347 0.475319 -0.427928
VERTEX_POSE A2097 0.296106 0.386566 -0.600179 -0.749367 0.936656 -0.075555 0.207426 -0.301584 -0.870844 0.413113 -0.148295 -0.228859 -0.262458 0.587228 0.427822 0.712900 -0.079778 0.022670 0.457386 0.732021
VERTEX_POSE A2098 0.046806 0.041895 -0.422146 -0.290517 -0.995865 0.608324 -0.707018 -0.318777 0.400773 0.453855 -0.376742 -0.428783 0.062939 -0.614828 -0.411583 -0.296152 -0.497263 -0.340687 -0.449971 0.362164
VERTEX_POSE A2099 -0.688802 0.637697 -0.219695 0.993164 -0.783964 -0.156624 0.095953 -0.520471 0.419960 -0.064443 0.668123 -0.694617 0.572142 0.338282 0.559930 0.755389 -0.258639 -0.055565 -0.297795 -0.318421
VERTEX_POSE A2100 0.014336 0.069328 0.072628 0.291315 0.805175 0.499232 -0.556872 -0.209028 0.010349 -0.456911 0.634712 0.511619 0.477938 0.632367 0.258066 0.484605 -0.325570 0.649852 -0.133638 -0.218091
VERTEX_POSE A2101 -0.911258 -0.236800 -0.840141 -0.873236 0.809570 -0.271051 0.430222 -0.460084 0.312985 0.164999 0.673064 -0.444514 0.548474 0.508934 0.128292 -0.509060 0.214282 -0.783913 -0.477199 0.174290
VERTEX_POSE A2102 -0.702636 -0.168033 0.415717 0.267482 0.215601 -0.253252 -0.440247 0.333606 -0.338192 -0.506403 -0.771322 0.426306 -0.204211 0.145594 0.130959 0.620363 -0.471633 0.789052 -0.350979 -0.223904
VERTEX_POSE A2103 0.064373 -0.499010 0.091128 -0.041202 0.382283 -0.344116 0.014170 -0.497106 0.717121 -0.541922 0.145662 -0.199323 0.167921 0.585973 0.568831 0.702771 -0.337448 0.063432 0.428992 0.523864
VERTEX_POSE A2104 -0.508753 0.032490 0.629353 -0.004692 -0.708023 -0.439047 0.698606 0.476934 -0.184706 -0.565755 0.528853 -0.326422 -0.431456 0.144494 -0.328464 -0.037585 0.313073 -0.747449 -0.065610 -0.611518
VERTEX_POSE A2105 0.323902 0.460363 0.859760 0.124778 -0.101630 -0.711717 -0.065392 -0.130497 0.510385 0.583341 -0.044368 -0.140815 0.548131 -0.497183 -0.460976 0.569865 0.259528 0.025241 -0.173909 -0.816368
VERTEX_POSE A2106 0.384094 0.967664 -0.286067 -0.209378 0.989588 -0.727239 -0.387105 -0.408445 0.096035 0.664455 -0.585525 0.352062 -0.544863 -0.545417 -0.572157 0.296180 0.006292 -0.102903 -0.155083 0.439105
VERTEX_POSE A2107 0.922458 -0.192487 -0.780494 -0.578646 0.593547 0.346689 0.520006 -0.773909 0.426380 0.599864 0.540111 0.225314 0.024911 0.184419 0.803582 -0.560862 -0.017587 0.038677 0.233603 0.273909
VERTEX_POSE A2108 -0.343843 0.631879 -0.076698 -0.446412 -0.017947 -0.669363 0.397851 -0.157193 0.701285 0.432589 0.070736 0.156515 0.502253 -0.343169 0.002066 0.157792 -0.757992 -0.188813 0.614349 0.527229
VERTEX_POSE A2109 -0.033143 0.607104 -0.909631 0.771092 -0.023500 0.156672 -0.546890 0.310523 0.890488 -0.042043 0.246696 0.382471 0.570161 -0.281838 -0.082993 -0.100515 0.572028 0.171212 -0.603288 -0.660354
VERTEX_POSE A2110 -0.171589 -0.214969 -0.131684 0.809264 -0.060175 0.266351 -0.734311 -0.554956 0.651844 0.587190 -0.478108 -0.420609 -0.017578 -0.546426 0.543737 -0.324075 0.362607 0.177748 -0.103258 0.182680
VERTEX_POSE A2111 -0.736685 -0.173104 -0.493172 -0.930446 -0.462011 -0.365140 0.266893 -0.568015 0.274465 -0.451547 0.314794 0.390487 0.840750 0.263713 -0.653915 0.115749 0.700635 0.459628 -0.067934 0.133531
VERTEX_POSE A2112 -0.426284 0.131140 0.114710 0.406016 0.421868 -0.273872 0.608152 -0.067713 0.330637 0.502774 0.674211 0.813539 0.257671 -0.388456 0.389514 -0.511050 0.119175 0.045905 -0.223165 0.612988
VERTEX_POSE A2113 0.511676 0.354780 0.306502 -0.279233 -0.901546 0.706087 0.086464 0.698840 0.382923 0.294102 -0.408705 -0.229744 -0.694715 0.346904 -0.323637 0.547767 0.333618 -0.444170 0.351214 0.336063
VERTEX_POSE A2114 0.363207 0.169926 0.109004 0.257171 0.815696 -0.720230 -0.017455 0.318315 -0.517385 0.621149 -0.431288 -0.196302 -0.331265 -0.567638 -0.111297 -0.546144 -0.484360 0.403311 0.453718 -0.394777
VERTEX_POSE A2115 -0.366254 -0.875904 -0.361446 -0.852137 -0.832795 0.562759 -0.366305 -0.401479 -0.237114 0.603300 -0.514818 -0.508518 -0.028115 0.445742 -0.479112 -0.163102 -0.601919 -0.372747 -0.688809 -0.113071
VERTEX_POSE A2116 -0.539759 0.119440 -0.694553 -0.492751 0.513639 -0.421319 -0.479967 0.068344 -0.536119 0.459634 -0.650369 -0.039638 -0.745728 -0.433314 0.401835 0.047005 0.092087 -0.609937 0.006964 0.613277
VERTEX_POSE A2117 0.267064 -0.887372 0.957070 -0.718696 0.488152 0.313237 -0.364393 -0.281711 -0.661644 -0.266903 -0.612280 -0.220229 -0.791001 0.380262 -0.186957 -0.073966 0.602511 0.616973 -0.405988 -0.195277
VERTEX_POSE A2118 0.598082 -0.084779 -0.691254 0.787170 0.824933 0.446394 -0.215370 -0.708572 0.566880 -0.596664 0.487689 -0.381994 0.028119 0.112775 0.569039 0.768344 0.222525 0.098257 0.080408 -0.444802
VERTEX_POSE A2119 0.839429 -0.848502 0.093284 -0.423194 -0.437885 -0.502234 -0.602290 0.090243 0.443248 -0.354052 -0.680499 -0.135315 -0.582892 0.253838 0.686731 -0.194622 0.639825 -0.247755 0.366405 0.234451
VERTEX_POSE A2120 0.596684 -0.115269 -0.056433 -0.113567 -0.628928 -0.551294 0.624916 -0.393577 0.368830 0.618043 0.498343 0.193638 -0.368573 -0.365951 0.722356 0.253927 -0.437010 0.027315 0.164857 -0.521396
VERTEX_POSE A2121 -0.133744 0.451916 0.769433 -0.204724 -0.239743 -0.227635 0.860910 0.090760 0.217939 0.344149 -0.456306 0.247598 -0.168579 -0.735571 0.776966 0.000320 0.473492 -0.485494 -0.334629 0.135231
VERTEX_POSE A2122 -0.790453 -0.240004 0.799068 -0.377725 0.847208 -0.604210 -0.496743 0.485171 -0.074906 -0.542637 -0.810090 0.097210 -0.498916 0.183089 0.466518 -0.003743 0.143515 0.634217 -0.458105 0.232907
VERTEX_POSE A2123 -0.674645 -0.319545 -0.731558 0.186907 0.766595 0.253581 -0.473730 -0.780489 -0.311419 -0.710824 0.469214 0.732689 0.210086 0.327457 -0.066217 -0.045748 0.141904 0.545434 -0.473371 0.208113
VERTEX_POSE A2124 0.873603 0.865379 -0.677587 0.832605 -0.183869 0.188413 -0.409900 -0.158603 0.012688 -0.260207 0.331940 0.506358 0.288145 0.771385 -0.788637 0.359209 0.307016 0.293244 0.743112 -0.418769
VERTEX_POSE A2125 0.542763 -0.546366 0.111452 0.799012 0.552923 -0.226899 -0.364308 0.134074 0.511612 -0.062814 -0.661026 0.486941 0.714388 0.293597 -0.318603 0.286020 -0.677192 0.590042 -0.520747 0.016763
VERTEX_POSE A2126 -0.184366 0.255689 -0.174826 -0.869694 -0.632750 0.311817 -0.142538 -0.795040 0.610821 0.541370 0.131352 0.277453 -0.559232 0.549484 -0.469271 0.551210 0.141577 -0.482154 -0.264631 -0.169357
VERTEX_POSE A2127 -0.404652 -0.845122 0.477230 -0.542322 -0.336850 0.453556 -0.479688 -0.055071 0.361663 0.706248 -0.560156 0.602236 0.308810 0.663198 0.348245 -0.333185 -0.493317 0.423703 -0.254435 -0.000095
VERTEX_POSE A2128 -0.161131 0.840200 0.511273 -0.950355 0.489579 -0.388925 -0.487482 0.235694 0.657417 0.415271 -0.037589 0.301562 -0.456160 -0.209024 0.504190 -0.391183 0.696769 -0.267195 0.478336 0.643317
VERTEX_POSE A2129 0.862440 -0.702416 0.403029 -0.160211 -0.628615 -0.529467 -0.294621 0.454651 0.639488 -0.204610 0.010135 -0.534227 0.088346 -0.178788 -0.051262 -0.914527 -0.312805 0.150640 -0.164829 0.814480
VERTEX_POSE A2130 -0.093454 0.792574 -0.742465 -0.549158 -0.120815 0.176212 -0.128138 -0.198412 0.594941 0.724709 0.200647 0.476207 -0.176653 0.342669 -0.255635 -0.146557 0.895473 -0.568218 0.636940 0.032871
VERTEX_POSE A2131 0.853205 -0.090472 -0.416099 0.340960 0.294754 0.519848 0.330322 -0.389794 0.497481 -0.073022 0.501643 0.214759 0.506817 0.625303 -0.542474 0.703792 0.019658 -0.376659 -0.365198 0.452797
VERTEX_POSE A2132 0.951182 0.060784 0.562887 -0.033447 -0.819046 0.286941 -0.496576 0.053059 -0.277906 -0.592775 -0.461860 0.681354 0.210392 -0.696682 0.502290 0.085191 0.490373 0.351988 -0.592038 0.240914
VERTEX_POSE A2133 0.203910 -0.375459 0.673253 0.718324 -0.905214 -0.225253 0.485975 0.352064 -0.565328 -0.099871 -0.599430 0.581173 0.218153 0.099808 0.463667 -0.542848 -0.298310 -0.277337 -0.641545 0.646362
VERTEX_POSE A2134 -0.082423 0.410518 0.675030 -0.700243 -0.322963 -0.094853 -0.261831 0.734373 -0.560793 0.722947 -0.117814 -0.261588 -0.176917 0.182514 -0.634199 -0.604751 -0.425735 -0.453737 0.108484 0.481929
VERTEX_POSE A2135 -0.557571 -0.906726 0.192241 0.961861 -0.527068 0.400816 0.542991 0.550763 0.056010 0.641207 -0.434131 -0.305851 -0.340972 0.135034 0.727313 -0.311270 -0.514763 0.462256 -0.284366 0.474315
VERTEX_POSE A2136 -0.472189 -0.915096 0.533012 -0.156899 -0.006843 0.069439 -0.422196 -0.265779 0.680539 0.042788 -0.631818 0.450069 -0.695298 0.386841 0.571024 0.522602 0.515142 0.058441 0.251728 -0.339338
VERTEX_POSE A2137 -0.698329 0.378182 -0.611038 0.090380 -0.333375 0.320340 -0.533442 -0.217752 0.161214 0.325753 0.662028 0.027243 -0.746717 0.283342 -0.064115 0.161539 -0.652215 0.930881 0.160135 -0.092932
VERTEX_POSE A2138 -0.635113 -0.099212 0.411747 -0.616785 -0.933521 0.632681 0.125061 -0.081879 0.642820 0.294885 0.298118 -0.120401 0.498938 0.592198 0.154780 0.395692 -0.734794 -0.384765 0.701349 -0.117472
VERTEX_POSE A2139 0.183968 0.716782 -0.543686 0.396689 0.975210 0.091510 0.217617 0.511767 -0.348275 -0.167795 -0.500470 0.616112 -0.678895 0.220839 -0.179078 -0.585805 -0.278522 -0.677250 -0.347017 0.601066
VERTEX_POSE A2140 0.268528 -0.014713 -0.520668 -0.138528 0.643125 -0.561146 -0.332824 -0.237084 0.363142 -0.411181 -0.410224 -0.176816 0.814815 -0.104033 0.536502 0.233910 -0.588202 0.483884 -0.038990 0.647073
VERTEX_POSE A2141 0.193298 0.685819 -0.719937 -0.807521 0.006304 0.040270 -0.225137 -0.384606 -0.397563 0.684438 0.098792 0.804612 0.325108 0.438290 0.182697 0.574076 -0.678756 -0.399429 0.213541 0.435328
VERTEX_POSE A2142 0.447283 -0.456322 -0.036858 0.466243 -0.486801 -0.399212 0.671368 -0.046774 0.540352 -0.147462 0.594668 0.673482 0.608433 -0.152076 -0.101697 0.389039 0.410240 0.291084 -0.077314 -0.672873
VERTEX_POSE A2143 0.842245 -0.883573 0.594042 -0.732513 0.064993 0.245834 -0.119867 -0.468075 -0.646101 -0.036967 -0.048268 0.573953 -0.346294 0.543336 -0.438430 -0.504938 0.495689 0.021830 -0.780630 -0.487498
VERTEX_POSE A2144 -0.295026 0.040599 0.586565 -0.086753 0.104758 -0.411955 0.812337 0.311943 -0.612718 -0.068110 -0.226037 0.208774 0.418059 -0.142029 0.376255 -0.006712 0.755974 -0.519342 -0.400814 0.509833
VERTEX_POSE A2145 -0.189510 0.713605 -0.927854 -0.276586 -0.671106 -0.559386 0.230006 -0.350228 -0.061070 -0.423930 -0.826038 -0.499700 -0.747709 0.421809 0.486314 -0.170358 0.040328 0.444022 -0.423426 -0.124303
VERTEX_POSE A2146 -0.524009 -0.759477 -0.767404 -0.584649 0.232198 -0.719941 0.134278 0.238829 -0.034212 0.969032 0.002525 0.289791 0.063351 0.452650 -0.551663 -0.113037 -0.469920 0.303650 0.161724 -0.719193
VERTEX_POSE A2147 0.165216 -0.839961 0.892013 0.420496 -0.381603 -0.189528 0.766114 0.560748 0.520304 0.176665 -0.340369 0.142798 -0.538086 0.535336 0.583995 -0.069091 0.508599 -0.576126 -0.295886 0.156374
VERTEX_POSE A2148 -0.922446 0.826233 -0.970784 0.004718 0.817046 0.447399 0.223858 -0.264520 0.571643 -0.291705 0.763988 -0.418047 0.663908 0.545631 0.534826 0.650326 -0.132278 0.110712 -0.033145 -0.176469
VERTEX_POSE A2149 -0.925927 0.155744 -0.458658 -0.797479 0.057131 -0.276606 -0.568401 -0.549107 -0.077505 0.722328 -0.658798 -0.239225 0.069990 0.369008 -0.596559 -0.229909 -0.177891 -0.710191 0.312099 0.310894
VERTEX_POSE A2150 0.004645 -0.688464 -0.014703 0.997302 0.180512 -0.508692 -0.032167 -0.043434 0.391865 0.139336 -0.455093 0.405170 0.616348 0.606649 -0.014209 -0.586454 0.638497 0.650622 -0.505705 -0.123702
VERTEX_POSE A2151 0.674238 -0.289036 -0.027218 0.891150 -0.811882 0.263142 -0.450786 0.530565 0.909054 0.331645 -0.169197 -0.287053 0.288914 -0.039086 0.147507 -0.709218 -0.062771 -0.014789 -0.316769 -0.827288
VERTEX_POSE A2152 -0.059671 -0.392340 -0.689225 -0.002203 0.817388 0.196020 -0.557779 0.339295 0.612502 0.459224 -0.216229 -0.669114 -0.037679 -0.500819 0.363000 -0.416878 -0.761430 0.083278 -0.550263 0.086767
VERTEX_POSE A2153 0.214192 0.071532 -0.215636 -0.380423 0.027720 -0.470295 0.620170 -0.563181 0.278464 0.684659 0.483211 -0.678071 -0.170960 0.576653 -0.398666 0.224178 0.213462 0.287342 0.259130 0.266909
VERTEX_POSE A2154 0.999593 0.391419 0.241224 0.078057 0.954714 -0.357085 0.422371 -0.408597 -0.516253 0.563003 -0.056003 -0.434167 -0.630000 -0.607499 -0.482509 -0.060827 0.499672 0.429716 0.322537 -0.459549
VERTEX_POSE A2155 -0.186068 -0.526961 -0.366812 -0.169597 -0.366481 0.536730 -0.620630 0.344816 -0.034293 0.261558 0.025857 0.335026 -0.405227 -0.556175 -0.641563 -0.497543 -0.424604 0.432318 0.366945 -0.625151
VERTEX_POSE A2156 -0.243046 0.525166 0.895816 -0.581411 -0.419357 -0.298937 -0.665513 -0.580860 0.064900 0.097298 -0.129140 -0.050077 -0.655602 0.731267 -0.074650 -0.214344 -0.293174 -0.947810 0.268083 0.158814
VERTEX_POSE A2157 -0.184773 -0.352892 -0.933601 0.208364 -0.678037 -0.497372 -0.695240 -0.451968 -0.629155 0.046654 0.735530 -0.318311 0.317493 -0.129194 0.043344 -0.516514 0.326180 -0.503572 0.383244 -0.362817
VERTEX_POSE A2158 0.409280 -0.372084 -0.889582 0.288080 0.296669 -0.690938 -0.163024 0.134556 -0.031512 -0.540238 -0.453894 -0.414724 -0.454888 0.477978 0.429442 -0.095479 0.733861 0.406442 -0.682295 -0.094123
VERTEX_POSE A2159 0.595823 0.365366 0.407089 -0.531767 -0.929779 0.021549 0.134760 -0.603657 -0.195678 0.775308 -0.336295 0.295625 -0.302109 -0.039347 0.706835 -0.117521 -0.504757 -0.611748 -0.525030 -0.515922
VERTEX_POSE A2160 -0.322333 -0.055308 0.469427 -0.951847 -0.306652 0.535373 0.526342 -0.199292 -0.155111 0.169435 0.751940 -0.194390 -0.555058 -0.428562 -0.022982 0.440976 -0.430338 0.806846 -0.437842 0.161284
VERTEX_POSE A2161 -0.684174 -0.579509 -0.632047 0.738922 -0.824146 -0.616098 -0.170763 -0.098372 0.153771 0.582358 0.131057 -0.115501 -0.471506 0.821626 -0.582916 -0.106680 -0.366739 -0.493605 0.630873 0.404451
VERTEX_POSE A2162 0.449028 -0.725105 0.990991 0.809193 0.364975 -0.634093 -0.568494 0.256045 0.448354 0.019645 -0.302662 0.232620 -0.116240 0.068290 0.573746 -0.685755 0.317188 -0.116655 -0.438927 -0.858816
VERTEX_POSE A2163 -0.371151 -0.994523 0.032315 0.014706 -0.125697 0.583286 -0.763912 -0.139777 -0.397878 -0.231660 -0.698941 0.293193 0.238906 -0.618648 -0.470410 -0.091529 -0.208187 -0.440708 -0.545270 0.256663
VERTEX_POSE A2164 0.519736 0.045032 -0.958794 0.457246 -0.729360 -0.809019 -0.005220 0.162162 -0.485732 0.094416 -0.522511 0.166194 -0.772033 -0.403266 -0.010900 -0.228656 0.714236 0.286029 0.585439 -0.167122
VERTEX_POSE A2165 -0.633394 0.685413 0.666020 -0.891049 -0.957988 -0.753562 -0.209080 -0.218528 -0.275268 0.813620 0.325508 0.114264 0.409291 0.039713 -0.020111 0.353134 -0.903785 0.585587 0.045670 -0.166989
VERTEX_POSE A2166 0.071279 -0.901249 -0.775444 -0.023433 0.347234 -0.579375 0.136703 -0.279122 0.493607 -0.100078 -0.098268 0.393979 -0.557600 0.195882 0.435841 0.812365 0.145413 0.274771 -0.021025 -0.923536
VERTEX_POSE A2167 -0.952453 0.129935 0.574218 -0.699653 0.263797 -0.130890 0.854531 0.160685 0.037679 -0.259451 0.832479 0.461319 -0.323387 -0.116767 -0.796959 -0.260085 0.169417 0.365362 0.173891 0.488694
VERTEX_POSE A2168 -0.331723 0.063595 -0.945017 0.199331 -0.291363 -0.221703 0.452204 -0.493321 -0.335006 -0.583957 -0.310173 -0.630375 -0.264173 -0.258823 0.663286 -0.419662 -0.537564 -0.036025 -0.456731 0.551781
VERTEX_POSE A2169 0.436166 -0.000461 0.636303 0.359782 0.413713 -0.444736 -0.219892 0.347226 0.282813 -0.127437 -0.641945 -0.392980 -0.555696 0.160446 0.534295 -0.756399 0.092391 -0.531341 -0.233390 -0.658074
VERTEX_POSE A2170 0.231515 -0.153282 -0.969467 0.697036 0.239007 -0.528176 0.800880 -0.176682 0.420540 0.300880 0.676173 0.073617 0.061986 0.211931 0.657747 0.211843 -0.668216 -0.325770 -0.468340 -0.141935
VERTEX_POSE A2171 0.936805 -0.951118 -0.465685 -0.939198 -0.648239 0.355960 -0.453147 0.455812 0.662619 0.070754 0.364392 0.623025 0.441395 -0.445091 -0.167594 0.701193 0.248426 0.134089 -0.321171 -0.632165
VERTEX_POSE A2172 -0.370536 -0.314643 0.916366 0.552262 -0.579983 -0.356944 -0.383176 0.709619 -0.179545 -0.432781 -0.526276 0.794577 -0.456759 -0.044551 0.450542 0.420629 0.385999 -0.077546 0.529452 -0.261713
VERTEX_POSE A2173 -0.321202 0.390396 -0.006325 0.163279 0.752205 0.586696 -0.580831 -0.502005 0.496030 0.012787 0.178477 -0.499664 -0.341861 -0.486031 -0.010531 0.604147 -0.683940 0.399958 0.424981 -0.110162
VERTEX_POSE A2174 0.779050 -0.834691 -0.871643 -0.671710 0.416754 -0.101933 -0.937884 -0.146204 0.419862 0.007505 0.672222 0.039100 0.318977 -0.485040 0.898791 -0.119106 -0.338968 -0.063023 0.066214 -0.420212
VERTEX_POSE A2175 0.334439 0.725956 0.502931 -0.534492 0.524775 0.313681 -0.733399 -0.362626 -0.699868 -0.566640 0.323517 0.157886 0.118746 0.730459 0.262317 -0.302882 0.438603 0.563960 -0.187632 0.194668
VERTEX_POSE A2176 0.489288 0.104001 0.065821 0.886693 -0.918900 -0.846877 0.178558 -0.174979 0.360101 0.605311 -0.624907 0.166758 -0.508240 -0.563504 0.338034 0.221914 0.510896 0.105128 -0.542367 -0.017952
VERTEX_POSE A2177 -0.744960 -0.594168 -0.639047 -0.256360 -0.351048 -0.393724 0.148768 -0.661454 -0.163512 -0.253888 0.479514 0.841339 0.222817 0.008269 0.022138 -0.807514 0.056601 -0.331519 0.460090 0.573823
VERTEX_POSE A2178 -0.500346 0.885995 0.394944 0.886004 -0.856828 -0.240018 0.328234 0.480691 -0.436909 0.246816 -0.638486 -0.486855 0.601787 0.222179 -0.556895 -0.612846 0.408576 -0.452042 -0.305968 -0.380755
VERTEX_POSE A2179 0.566841 -0.069767 0.095037 -0.108590 0.898146 -0.213432 0.456996 -0.524542 -0.201217 -0.245330 -0.074953 -0.052145 -0.558908 0.433756 -0.572196 0.505676 0.642287 -0.764088 -0.403586 -0.344327
VERTEX_POSE A2180 -0.670887 0.561576 -0.097705 -0.053839 0.706084 -0.375199 -0.583281 -0.617690 0.208716 -0.349925 -0.285603 -0.771880 0.419778 -0.165297 0.167570 0.570568 -0.525180 -0.437932 -0.188608 0.483480
VERTEX_POSE A2181 0.504299 -0.802469 -0.619759 0.883306 0.323684 0.505957 0.351130 -0.059590 -0.345667 -0.719118 0.185624 0.004720 -0.248251 -0.602251 0.667101 -0.503876 -0.305954 0.423646 -0.209901 0.711111
VERTEX_POSE A2182 0.241079 0.641197 -0.932181 -0.217439 -0.913735 -0.269397 0.637288 0.213702 -0.694625 -0.213091 -0.485750 0.527860 -0.399622 -0.023065 0.397730 0.508129 -0.758429 0.089978 0.361335 0.377666
VERTEX_POSE A2183 0.269442 -0.830764 0.213070 0.943959 0.523472 -0.118626 0.496412 0.038346 -0.180859 -0.835886 0.228752 -0.545509 0.110608 0.599562 -0.516180 -0.130999 -0.765171 0.623855 -0.159607 -0.035231
VERTEX_POSE A2184 -0.281509 0.269063 0.164605 -0.497117 -0.648596 0.204904 -0.615133 0.272054 0.521982 0.451997 -0.351103 -0.162141 -0.463702 -0.038594 -0.802142 0.165113 -0.284297 -0.125806 0.418364 0.848763
VERTEX_POSE A2185 0.240672 0.032616 0.309044 0.860618 -0.959022 0.601585 0.339590 0.490406 0.738812 -0.442052 -0.390231 0.173698 0.441839 0.339831 0.124451 -0.496646 0.431069 0.215855 0.497383 -0.553097
VERTEX_POSE A2186 -0.916626 -0.357725 0.846258 -0.225639 -0.843009 -0.395921 0.245716 -0.611231 0.767029 0.247854 -0.438175 0.037909 -0.250389 0.457741 0.413018 -0.643455 -0.131744 -0.287910 -0.633611 -0.455539
VERTEX_POSE A2187 0.475445 -0.205771 0.060421 -0.078528 -0.067953 0.518684 -0.381259 0.174922 -0.734206 -0.521842 -0.299103 0.099391 -0.652770 0.355492 0.081946 -0.325572 0.150288 0.418705 -0.224089 -0.854973
VERTEX_POSE A2188 -0.944101 0.679724 0.375442 0.068982 -0.637058 0.425701 0.421377 -0.030453 0.360952 -0.483891 -0.731729 0.571258 -0.560182 0.550751 -0.572458 -0.498340 -0.062646 0.185604 0.161691 -0.395467
VERTEX_POSE A2189 0.492655 0.270192 0.956676 -0.937559 0.453660 0.306702 -0.816373 -0.161196 0.541739 0.491260 -0.485413 0.236375 0.095899 0.836608 0.449818 -0.257191 -0.004585 0.595183 0.129825 0.196100
VERTEX_POSE A2190 0.071269 -0.840405 -0.532489 0.389705 0.002268 0.798087 -0.297081 -0.091032 0.002192 -0.325016 0.182945 -0.449340 0.201035 -0.351344 0.380463 0.675153 -0.485518 0.128035 0.556652 0.773999
VERTEX_POSE A2191 -0.266434 -0.375584 -0.155130 0.117135 0.056290 -0.423996 0.429401 0.502201 0.610239 0.675809 0.244775 0.316443 -0.220658 0.493103 -0.386534 0.545389 -0.386680 0.445299 0.112950 -0.543329
VERTEX_POSE A2192 0.808481 0.690682 -0.675370 0.801363 0.629514 -0.312659 -0.324662 0.291541 0.420639 0.572196 -0.430013 0.438695 -0.574950 -0.446361 -0.369392 -0.343494 -0.623212 0.629605 -0.344427 0.377441
VERTEX_POSE A2193 -0.479703 -0.565510 -0.541499 0.198898 -0.632757 0.746350 0.216063 0.185149 0.621638 -0.095206 -0.469038 0.173408 -0.738848 0.616706 0.156027 -0.018901 0.123354 -0.045962 -0.630872 -0.591760
VERTEX_POSE A2194 0.362415 -0.370107 0.877184 -0.868159 0.930593 0.100790 -0.923773 0.186752 -0.151968 -0.219063 -0.476717 0.051227 -0.193960 0.470702 0.244594 0.246854 0.657252 -0.950945 -0.009857 0.290385
VERTEX_POSE A2195 0.328216 -0.264286 -0.634164 0.258609 0.900154 -0.651630 0.663682 -0.217659 0.316771 -0.158497 -0.790569 0.396986 0.487874 0.155138 -0.301007 -0.119865 -0.504944 0.476268 0.531053 -0.220428
VERTEX_POSE A2196 -0.113098 -0.880098 -0.875478 0.307849 -0.590745 0.438698 -0.359180 -0.274444 0.294363 -0.538637 -0.513909 0.609660 -0.181487 0.743918 0.429814 0.636702 -0.300423 -0.405547 -0.377535 0.130039
VERTEX_POSE A2197 -0.566306 -0.271356 -0.898260 0.108408 0.277827 0.695832 0.535947 0.169118 0.646018 -0.407188 -0.214337 -0.132815 0.522530 -0.815867 -0.240574 -0.147957 0.044150 0.151533 -0.502026 -0.507810
VERTEX_POSE A2198 0.375763 0.865650 0.940054 0.558956 0.163951 0.413128 0.273768 -0.802398 -0.218245 -0.623259 -0.018382 -0.474780 0.416644 -0.069875 0.742610 -0.124145 0.351808 0.069341 0.589572 0.476621
VERTEX_POSE A2199 0.555179 0.183497 -0.820496 -0.492821 0.117891 0.532025 0.028529 -0.393531 -0.162217 -0.699887 -0.409807 0.584770 -0.480378 0.650217 0.069150 -0.427239 -0.349702 0.586428 0.309915 -0.363480
VERTEX_POSE A2200 0.869860 0.728183 0.738043 -0.531810 -0.308460 -0.695587 0.166528 -0.211111 0.278511 0.082297 -0.043345 0.482858 -0.077548 0.466512 0.420658 0.615592 -0.616570 0.168777 -0.761924 -0.596458
VERTEX_POSE A2201 -0.392722 -0.287633 0.970587 0.255992 -0.597042 0.306148 0.124593 -0.622896 -0.140726 0.211481 -0.456126 -0.366560 0.059351 -0.588235 -0.683913 -0.607050 -0.052797 -0.533261 0.753471 0.234823
VERTEX_POSE A2202 0.491984 0.232379 -0.286181 -0.432019 0.469653 -0.015688 0.741476 -0.293445 0.519996 -0.266058 -0.253851 0.476372 0.061979 -0.662109 -0.680106 0.002845 -0.558769 0.199710 0.612844 0.314385
VERTEX_POSE A2203 -0.500676 -0.586460 0.654409 -0.979549 0.111556 -0.375954 -0.238476 -0.622567 0.449655 -0.739301 -0.331805 -0.463475 0.163126 -0.474849 -0.267663 -0.535969 0.420472 -0.608290 -0.287560 0.316287
VERTEX_POSE A2204 0.286076 -0.897237 -0.035739 -0.580729 -0.844836 0.219740 0.761852 -0.406173 -0.467474 0.201778 0.607605 0.523712 -0.529561 0.021029 0.547515 0.192622 0.182804 -0.398919 -0.247647 -0.657252
VERTEX_POSE A2205 0.271033 0.397688 -0.157825 -0.103729 -0.113593 -0.459972 0.354076 0.744734 -0.322984 -0.623902 0.095109 0.306155 -0.551320 0.158642 0.611542 0.371415 0.044381 -0.465180 0.208504 -0.639679
VERTEX_POSE A2206 0.833762 -0.860504 0.157340 -0.514040 -0.363669 0.546763 0.431789 -0.335789 -0.392955 0.605872 -0.491479 0.133863 0.643922 0.726584 -0.726816 0.119740 0.137699 0.021356 0.132303 -0.314339
VERTEX_POSE A2207 -0.224636 0.206764 -0.969918 -0.694037 -0.763737 -0.736011 0.265004 -0.261018 0.026609 0.611058 0.178828 -0.445815 0.232279 0.651117 0.045255 0.488573 -0.646034 -0.506736 -0.513540 -0.242026
VERTEX_POSE A2208 0.526074 0.803520 0.203128 0.639911 0.535359 0.193303 -0.357410 -0.864053 0.337522 -0.381396 0.117719 -0.230467 0.446366 -0.018989 0.865592 0.482426 0.020467 -0.215285 0.542972 -0.488647
VERTEX_POSE A2209 -0.666583 -0.974509 -0.447716 -0.628036 -0.220497 0.407772 -0.578131 0.088029 -0.608732 -0.058358 0.731131 0.073036 0.495224 0.224992 0.379687 -0.359428 0.544985 0.560064 0.536585 0.331766
VERTEX_POSE A2210 -0.657795 -0.863003 0.125119 0.197374 -0.865590 -0.664672 0.017460 0.384063 0.033755 -0.896192 -0.349635 -0.248567 0.219632 -0.489139 -0.681098 -0.223236 -0.031524 0.177177 -0.313788 0.700000
VERTEX_POSE A2211 0.855187 0.365096 -0.894577 -0.413928 0.241443 0.005994 0.676732 -0.130649 0.807560 0.023322 0.513332 -0.419018 0.340586 0.262657 -0.395446 -0.452588 0.594447 -0.125926 0.469739 0.545037
VERTEX_POSE A2212 0.837716 -0.776979 -0.067476 -0.744730 -0.896813 0.426453 -0.562307 -0.340349 -0.618005 0.067593 -0.675633 -0.330152 0.207941 0.549004 -0.177992 0.295141 -0.252277 -0.543622 -0.740874 0.250266
VERTEX_POSE A2213 0.583284 0.778194 0.192938 0.979934 -0.779326 -0.699979 -0.357149 0.477228 -0.460634 -0.409565 -0.513749 -0.221743 0.297256 0.366802 0.346841 -0.692374 -0.106569 0.358297 -0.370080 0.602009
VERTEX_POSE A2214 0.124629 0.534332 0.318493 -0.469969 -0.235085 -0.131995 -0.352658 0.299595 0.843292 -0.151302 0.203919 -0.157257 -0.130493 -0.771907 0.356419 0.718456 -0.291306 0.345937 -0.565273 -0.433544
VERTEX_POSE A2215 -0.443793 0.492084 -0.902871 -0.241847 -0.545409 0.160115 0.083654 0.483276 0.470537 0.526324 0.201768 0.803613 -0.003984 -0.390469 -0.120029 0.576415 0.419962 0.304562 -0.619448 0.630000
VERTEX_POSE A2216 -0.176043 -0.189190 -0.498018 0.840553 -0.738347 0.025570 0.118459 0.370426 0.830150 -0.523775 0.048876 -0.040277 0.134840 -0.647205 -0.358056 -0.715255 -0.408781 0.424702 0.426446 -0.523850
VERTEX_POSE A2217 0.208004 -0.823392 0.164751 0.304392 -0.078094 0.327111 -0.072371 -0.347922 -0.419305 0.481603 0.100682 -0.030482 -0.602430 0.730206 0.610115 -0.227526 -0.222140 -0.586525 -0.590026 -0.535040
VERTEX_POSE A2218 -0.968348 -0.713687 0.157550 0.679625 0.386638 0.464418 -0.862566 0.040130 0.215173 -0.058233 0.437678 -0.682671 -0.300139 0.642400 -0.520377 -0.394735 -0.619046 -0.034408 -0.081792 -0.104557
VERTEX_POSE A2219 -0.120145 -0.509466 0.877424 -0.090466 -0.375405 -0.784672 0.316614 0.457983 -0.443547 0.155962 -0.834571 -0.380974 -0.862698 -0.069727 0.028022 -0.362166 0.209665 0.204035 -0.004424 -0.211947
VERTEX_POSE A2220 -0.299342 0.446799 0.121427 0.366833 -0.624435 0.065159 0.545144 -0.437056 -0.612254 -0.539139 -0.171942 -0.618682 0.301065 -0.466663 -0.377034 0.009843 0.562870 -0.309803 0.566930 0.494795
VERTEX_POSE A2221 0.102921 -0.554092 0.625061 0.069330 -0.611094 -0.069387 -0.119053 0.631783 -0.285273 -0.506332 0.476901 -0.200616 0.654998 0.527594 -0.852847 0.244842 -0.295330 -0.382374 -0.490392 -0.088545
VERTEX_POSE A2222 0.613421 0.114951 -0.277706 -0.973331 0.680885 0.531930 -0.474725 -0.604549 -0.257191 -0.350131 -0.379498 -0.494728 -0.414319 -0.088887 0.456215 -0.529451 0.645355 -0.444989 -0.447288 0.257134
VERTEX_POSE A2223 -0.490861 0.137482 0.446057 0.168197 -0.994921 -0.538802 -0.228919 0.246004 -0.343498 0.272819 0.511444 -0.551089 -0.175665 -0.745581 -0.303505 -0.598296 0.349226 0.442591 -0.695952 0.007541
VERTEX_POSE A2224 0.623218 -0.119602 -0.916438 -0.731772 -0.243851 0.641197 0.179029 0.352217 0.094304 -0.234810 -0.544184 0.440638 -0.821854 0.181775 0.346046 0.425782 0.282681 0.515814 0.236810 -0.683269
VERTEX_POSE A2225 -0.024164 0.744844 -0.400522 -0.841490 0.611477 0.257189 -0.599355 -0.406767 -0.541573 -0.387060 0.500877 0.276246 -0.296098 0.685697 0.450526 -0.486353 -0.033353 -0.601054 -0.408345 -0.335216
VERTEX_POSE A2226 0.837356 0.873196 0.811893 -0.573194 0.905234 -0.102682 0.122316 -0.713751 0.410519 0.629389 -0.281192 -0.682871 0.057237 0.204540 0.559895 -0.094123 0.466139 0.202818 -0.759456 -0.390344
VERTEX_POSE A2227 -0.489880 0.000300 -0.791916 0.576076 0.165403 -0.615956 -0.144713 0.131762 -0.100903 -0.585703 0.660561 -0.340551 0.414099 0.502261 -0.440412 -0.524835 -0.515802 0.548160 -0.434834 0.167274
VERTEX_POSE A2228 0.409530 -0.526512 -0.298782 0.266917 -0.110696 -0.036392 0.170523 0.400077 -0.233063 0.883797 0.033562 -0.930418 -0.210104 -0.273537 0.061527 -0.354766 0.093009 0.273667 0.140788 -0.869103
VERTEX_POSE A2229 0.213119 0.738846 0.751947 0.985762 0.069185 -0.566233 -0.072133 0.208702 0.159110 -0.538274 0.734373 0.372546 -0.228186 -0.498900 0.511097 0.681777 0.407981 0.504037 -0.433784 -0.042312
VERTEX_POSE A2230 -0.934701 -0.816202 -0.612411 -0.916745 -0.716705 0.429218 -0.621338 -0.015316 0.541579 0.144600 -0.518374 -0.376280 -0.140422 0.438178 -0.387018 -0.702160 -0.422991 -0.480723 0.283342 -0.600111
VERTEX_POSE A2231 0.279390 -0.798330 -0.560739 0.735107 0.580844 -0.688777 -0.153363 0.300234 -0.033617 0.628451 -0.620193 -0.064121 0.624124 0.321241 -0.422272 -0.315612 -0.640388 0.584834 -0.303951 -0.109217
VERTEX_POSE A2232 0.820397 -0.548787 0.722533 0.241753 0.472143 -0.779743 0.257844 0.425743 -0.292577 -0.491714 -0.014545 -0.534652 -0.264336 -0.636090 0.124347 -0.247221 -0.392046 0.071311 -0.748827 0.510119
VERTEX_POSE A2233 0.557283 0.416177 0.101407 -0.348763 0.752947 -0.319000 0.128166 -0.593971 -0.290881 0.145912 0.712156 -0.527200 -0.833442 0.067209 -0.250596 0.001175 -0.363933 0.687669 -0.517355 -0.055392
VERTEX_POSE A2234 0.778714 -0.384790 -0.906331 0.755559 -0.307600 0.362347 0.122261 0.129663 -0.343472 -0.587341 -0.204228 -0.442018 0.726717 0.229781 -0.486680 0.175719 -0.700090 0.564353 0.284759 -0.631311
VERTEX_POSE A2235 0.106473 -0.446024 -0.313205 0.661024 0.627307 0.241343 -0.450674 0.799605 -0.366479 -0.675937 -0.129961 -0.515286 0.303118 0.077573 0.569980 -0.296756 -0.535849 0.465887 0.400071 0.224923
VERTEX_POSE A2236 -0.171683 -0.186135 0.943583 0.547508 -0.360646 -0.389036 0.535038 0.337058 -0.439192 0.416604 -0.274800 -0.496581 -0.067345 -0.661524 -0.326276 -0.691371 -0.051713 -0.550193 -0.240095 0.608760
VERTEX_POSE A2237 0.612476 -0.245294 0.251009 -0.758482 0.328731 -0.270402 -0.604632 -0.258797 -0.665476 0.448936 -0.188114 0.495781 0.309072 0.377754 -0.171858 -0.529566 0.627302 0.456827 -0.238559 -0.601192
VERTEX_POSE A2238 0.881837 0.760740 -0.283123 0.966987 0.863570 0.394884 -0.008124 0.333470 -0.798993 0.077730 -0.050839 0.217697 0.913055 -0.295999 0.005944 -0.223396 -0.855480 -0.397807 0.332140 0.258363
VERTEX_POSE A2239 -0.645610 -0.382615 0.146711 0.187419 -0.825286 -0.552465 0.794424 -0.063653 -0.470638 -0.064027 0.405550 0.373130 0.336910 0.633844 -0.545285 -0.497508 0.344237 -0.191626 -0.061387 -0.557872
VERTEX_POSE A2240 0.945893 -0.219803 0.803293 -0.386518 -0.891766 0.559923 0.345875 -0.666171 -0.232092 -0.516086 -0.265279 -0.599718 0.581744 0.083535 -0.449319 0.207295 -0.597113 0.266591 0.482315 0.349745
VERTEX_POSE A2241 -0.775958 0.897738 0.841996 0.164361 0.997980 -0.008633 0.337910 0.495025 -0.597296 -0.192155 -0.593997 0.377515 -0.604085 0.189485 0.135502 0.694959 -0.214400 -0.694467 -0.031718 0.565902
VERTEX_POSE A2242 -0.790422 0.982481 0.252134 0.773491 0.416157 -0.834599 0.221408 -0.033435 -0.111157 0.264372 -0.265538 0.117048 -0.697447 0.153037 -0.445406 -0.324794 0.622869 -0.281073 -0.537738 -0.719017
VERTEX_POSE A2243 0.783609 0.003218 -0.264182 -0.131248 -0.788579 0.624483 0.306918 -0.629106 0.547482 -0.703216 0.246226 0.356453 -0.152000 0.173946 0.215878 0.091279 -0.244762 -0.369626 -0.616322 -0.673375
VERTEX_POSE A2244 0.807327 0.675932 0.034934 0.144295 -0.781346 0.576727 0.225413 0.232685 -0.159157 -0.543625 0.786122 -0.588126 0.624561 0.165952 0.540967 0.228338 0.104657 0.059311 0.459832 0.537938
VERTEX_POSE A2245 0.334207 0.516813 -0.429373 -0.696478 -0.818929 -0.033279 -0.255385 -0.235022 0.615692 -0.004930 0.747006 0.265776 -0.643916 -0.274406 0.579853 0.601899 -0.520332 -0.461466 0.397296 0.201749
VERTEX_POSE A2246 -0.660185 -0.504697 -0.167053 0.626906 -0.333988 -0.430847 -0.037507 -0.570268 -0.717549 -0.376140 0.363685 0.151123 -0.342090 0.626523 0.524680 -0.496205 -0.175691 -0.036980 -0.702756 -0.345150
VERTEX_POSE A2247 -0.368717 -0.513257 0.536915 -0.015152 -0.519694 -0.896326 0.287207 0.004081 -0.199095 0.362040 -0.231677 -0.170204 -0.390707 0.692965 -0.246758 -0.285884 0.324623 0.259039 0.743006 0.600607
VERTEX_POSE A2248 -0.457789 0.693421 0.735378 0.607914 0.102977 -0.383947 -0.340317 0.817332 0.750914 0.339085 0.537330 -0.181818 0.561441 -0.053308 -0.462244 0.360288 0.162568 0.204903 -0.569371 -0.118217
VERTEX_POSE A2249 -0.628532 -0.218384 0.990497 0.306530 -0.947350 0.595385 0.472250 0.100141 -0.113744 -0.519848 -0.401262 -0.571700 0.397923 -0.475331 -0.420628 0.514706 0.277451 -0.358901 -0.288916 0.725287
VERTEX_POSE A2250 0.511139 -0.022723 0.414339 0.894382 0.104901 -0.474620 0.281419 -0.086996 -0.584726 -0.573385 -0.454463 -0.521845 0.258626 0.680104 -0.303699 0.586260 -0.453187 -0.261298 -0.425963 0.343475
VERTEX_POSE A2251 0.242869 0.140220 -0.143194 -0.025252 0.478543 -0.013992 -0.887930 -0.119165 -0.089928 -0.207489 0.506358 -0.209056 0.296434 0.566789 -0.532607 0.218900 -0.607488 -0.815072 -0.180936 0.197765
VERTEX_POSE A2252 0.474389 0.227524 0.615558 -0.624140 -0.558444 -0.546465 -0.236450 -0.752820 0.047435 0.687355 -0.140691 -0.465823 -0.206907 0.620434 0.209220 0.401934 -0.076549 -0.662089 0.516985 0.150566
VERTEX_POSE A2253 0.124560 -0.907772 -0.863367 0.921051 -0.214214 -0.162465 -0.532271 -0.488081 -0.878743 -0.006283 -0.024145 0.082099 -0.842915 0.270806 -0.170357 0.074314 -0.613323 -0.407007 0.024899 0.558295
VERTEX_POSE A2254 0.752008 -0.722298 -0.697137 -0.857056 0.483622 0.346997 0.785558 0.342770 0.568857 -0.390767 0.247142 -0.306674 -0.247485 -0.129738 0.397873 -0.406002 0.375755 -0.551038 -0.064140 0.814497
VERTEX_POSE A2255 0.097607 -0.892078 0.699121 -0.355912 0.197704 0.044679 0.181293 -0.809522 0.294516 -0.558715 -0.363205 0.879456 -0.069131 0.281895 -0.220503 -0.793869 -0.018690 -0.298662 -0.141290 0.364613
VERTEX_POSE A2256 -0.899604 0.837072 -0.263889 -0.920439 -0.602737 0.476191 0.520404 0.412876 0.523144 -0.518033 0.563694 -0.533540 0.298393 0.558940 0.167334 0.576423 -0.001511 -0.432316 -0.198796 0.446505
VERTEX_POSE A2257 0.589364 -0.849102 -0.885244 -0.430250 0.388856 -0.551627 -0.669558 -0.040555 0.362152 -0.024939 0.006525 0.519287 -0.214933 -0.728214 0.501138 -0.213377 0.681813 -0.209179 0.677749 -0.056105
VERTEX_POSE A2258 0.607727 0.108223 0.907205 -0.779836 -0.636892 -0.044139 -0.652138 0.630671 -0.566922 -0.305518 -0.227048 -0.108209 0.282972 0.705758 -0.336384 0.631085 0.219541 0.742824 0.055084 0.066419
VERTEX_POSE A2259 0.509927 -0.689440 0.437329 0.346479 0.286567 -0.220837 -0.411622 0.281843 -0.788439 -0.241320 -0.407058 -0.499542 0.085976 0.411573 -0.264461 0.702827 0.439080 -0.100565 0.520552 -0.626645
VERTEX_POSE A2260 -0.197517 0.889743 0.866702 -0.444488 -0.541960 -0.540156 -0.427626 0.466794 -0.499613 0.462512 0.465687 -0.188822 0.216059 -0.415560 0.277601 -0.645404 0.224436 -0.588134 -0.374155 -0.584959
VERTEX_POSE A2261 0.673027 0.292021 -0.705206 -0.696580 -0.353598 0.237655 0.241657 0.156794 -0.085414 -0.114593 -0.585991 -0.232809 -0.655280 -0.423294 -0.596645 -0.366107 0.622438 0.725286 -0.604188 0.255779
VERTEX_POSE A2262 -0.210683 -0.487770 0.876589 0.081586 -0.132589 0.338644 0.421155 0.712370 -0.311234 -0.368736 0.696074 -0.668258 0.048016 0.068568 -0.079900 -0.672524 0.039232 -0.579225 0.481734 -0.042052
VERTEX_POSE A2263 -0.377120 -0.659044 0.589236 0.797265 0.930183 0.574849 0.041493 0.369451 -0.234885 -0.947277 0.106993 -0.684691 0.257361 0.393942 -0.088625 0.072108 0.734044 -0.371109 0.171784 -0.397552
VERTEX_POSE A2264 0.230310 -0.291802 0.396201 -0.045343 -0.600651 0.614395 -0.400978 0.450649 -0.216711 0.608772 0.468900 -0.097406 -0.339455 0.594633 0.282723 -0.177829 -0.472147 -0.697234 -0.567238 -0.023159
VERTEX_POSE A2265 -0.431970 0.127440 0.970258 -0.162856 0.559811 0.452053 0.303967 -0.092047 -0.713691 0.312700 -0.187452 0.318300 -0.599919 -0.039514 -0.302890 -0.587749 -0.550845 0.305344 0.323219 -0.807092
VERTEX_POSE A2266 0.729353 -0.105067 -0.723970 0.458289 0.557490 0.584444 -0.084035 -0.203883 -0.167321 0.556460 0.722796 -0.261199 -0.785297 0.433312 -0.729796 0.137648 -0.495764 0.172050 0.218294 -0.049573
VERTEX_POSE A2267 -0.941373 0.522062 0.339784 -0.497836 0.038703 0.388990 0.118753 -0.400019 -0.779559 -0.407019 -0.257377 -0.416221 0.595975 -0.350581 -0.241887 0.221050 0.805704 -0.096048 0.645123 -0.040948
VERTEX_POSE A2268 -0.819494 0.882147 0.221267 0.078663 -0.111459 -0.583654 -0.400679 0.441769 0.085083 -0.033388 0.279614 -0.461209 0.250962 0.468052 -0.414789 0.782136 -0.255823 0.517054 0.404503 0.664935
VERTEX_POSE A2269 0.611190 -0.344327 -0.007093 0.425276 0.421060 0.490263 0.298407 -0.468609 0.579700 0.249325 0.088086 -0.583981 0.049854 -0.321378 0.218410 -0.776140 -0.555010 0.186689 -0.493873 0.601105
VERTEX_POSE A2270 -0.586983 -0.860553 -0.513505 0.689583 0.213417 0.318496 0.599188 -0.205118 -0.841629 0.033137 -0.497631 0.356868 -0.471295 -0.607889 0.133960 0.557238 -0.468575 0.211944 -0.327480 -0.348136
VERTEX_POSE A2271 -0.873601 -0.337656 0.024560 0.692145 -0.003225 -0.433745 0.044833 -0.690986 0.189417 -0.540369 0.171387 -0.275646 -0.392677 -0.442203 -0.574197 0.529026 0.332056 -0.608526 -0.521467 0.432852
VERTEX_POSE A2272 0.835232 -0.446589 -0.165097 -0.410363 0.419039 0.366316 0.284430 0.673684 0.146621 -0.476121 0.323130 -0.579328 -0.589938 0.106769 0.556818 -0.572568 0.101558 0.445700 -0.128637 -0.648091
VERTEX_POSE A2273 -0.377405 -0.878072 0.738629 0.463074 -0.370427 0.251105 0.110289 -0.503520 0.178000 0.790918 0.219907 0.641158 -0.367340 -0.348395 0.161261 0.476593 -0.499749 -0.684232 0.014337 -0.571822
VERTEX_POSE A2274 0.910008 0.665562 0.760378 -0.439102 0.208196 0.227625 -0.115553 -0.656644 -0.561784 -0.604746 0.368216 -0.410228 0.771273 0.181469 0.138999 -0.157119 0.104164 -0.667066 -0.037183 -0.624063
VERTEX_POSE A2275 0.642559 -0.770657 0.869836 0.733932 0.637693 -0.265918 -0.286518 0.839290 0.769586 -0.217490 -0.087227 -0.162546 0.132477 0.000120 0.020165 -0.893285 -0.109920 0.556953 0.234730 0.525263
VERTEX_POSE A2276 0.956802 0.638741 -0.690744 0.766596 -0.189355 0.285443 -0.258172 -0.080366 0.088492 0.296909 -0.933973 0.590398 0.693562 0.208641 0.718818 -0.360115 0.056462 0.213124 -0.484232 -0.272977
VERTEX_POSE A2277 -0.750177 -0.839135 -0.406675 -0.812197 0.874208 -0.520869 0.382405 0.528473 0.163694 0.240595 -0.172196 -0.047289 -0.878460 0.294019 -0.485964 -0.029395 0.332003 -0.680810 -0.152719 -0.703130
VERTEX_POSE A2278 -0.726158 -0.283914 0.406752 -0.281220 -0.882000 0.150996 0.421980 -0.466083 0.642917 -0.438961 0.309288 0.484545 -0.372497 -0.556653 0.573593 0.694301 0.254151 -0.008093 -0.091863 0.559154
VERTEX_POSE A2279 -0.500987 0.332161 -0.955366 0.374511 0.913622 -0.339920 0.255813 0.300398 0.555481 0.689775 0.081812 0.322755 0.105109 0.646288 -0.683308 0.431169 0.286813 -0.069387 0.511679 -0.634916
VERTEX_POSE A2280 -0.378709 -0.057519 -0.416178 0.494333 0.926858 -0.443694 -0.649973 0.135203 0.506449 -0.562998 -0.646094 0.665837 -0.143138 0.599856 -0.315591 -0.356520 0.122647 -0.060894 0.336115 -0.435217
VERTEX_POSE A2281 0.784981 0.693363 -0.178909 -0.386838 0.222901 0.514117 -0.549925 -0.594154 -0.179191 0.530999 -0.518181 -0.713897 -0.284790 -0.498838 0.236892 -0.141791 -0.046265 0.371224 0.560725 -0.357058
VERTEX_POSE A2282 0.741882 -0.527619 -0.098560 -0.650742 0.392165 0.504111 -0.362859 0.646262 0.584640 -0.146368 -0.740702 -0.178294 0.655168 0.020498 -0.547788 -0.506453 -0.170045 -0.268714 -0.401460 -0.066103
VERTEX_POSE A2283 -0.904320 -0.829994 -0.800620 0.870194 -0.631587 0.101579 0.362929 -0.328130 0.392798 -0.646817 -0.359968 0.764605 -0.044987 0.572707 0.449531 0.645829 -0.296278 0.220665 -0.175475 -0.589050
VERTEX_POSE A2284 -0.090459 0.785590 -0.042276 -0.465786 -0.991314 0.517335 -0.565216 0.526184 -0.120283 -0.342147 -0.666090 -0.521604 -0.725565 0.041002 -0.603923 0.183808 0.524728 0.284785 -0.056884 -0.049337
VERTEX_POSE A2285 0.493890 -0.249917 0.204303 -0.507797 -0.124213 -0.426272 -0.046410 -0.449051 -0.775680 -0.457673 0.075185 0.328159 -0.380349 -0.799319 0.144081 -0.568739 0.150268 0.296925 -0.565908 0.362226
VERTEX_POSE A2286 0.193287 -0.722072 0.898501 -0.485719 0.566117 0.767835 -0.447494 -0.341081 0.041750 -0.427030 0.449088 -0.554336 -0.547057 -0.616916 -0.317715 -0.218025 0.340013 0.021327 -0.520181 0.431033
VERTEX_POSE A2287 0.009937 0.622662 0.693835 -0.386225 -0.594051 -0.755135 -0.154914 -0.608635 0.077602 0.495331 -0.040079 0.438097 0.437305 -0.714961 0.080382 -0.259769 -0.215381 0.474721 -0.686974 -0.265327
VERTEX_POSE A2288 0.083254 -0.099019 0.319059 0.061953 -0.735358 -0.262476 0.648945 -0.694924 0.718641 0.011780 -0.097490 -0.627797 -0.114103 0.295797 -0.024781 -0.514009 -0.480012 0.141133 0.549096 0.435510
VERTEX_POSE A2289 -0.198986 0.386151 0.805706 -0.265554 0.929225 -0.417807 -0.616308 0.274332 0.445176 -0.430382 0.322070 0.046116 0.602416 0.715450 0.672959 0.025559 -0.355449 0.415036 -0.267167 0.427551
VERTEX_POSE A2290 -0.480136 0.933222 0.131163 0.960253 0.692517 0.431417 0.236533 0.751620 -0.494879 -0.327812 0.460993 -0.562560 0.710589 -0.128917 0.109972 0.555556 0.224576 0.490312 0.151702 -0.394333
VERTEX_POSE A2291 0.885737 -0.209276 0.185761 0.617464 -0.277317 0.027733 -0.378843 -0.115051 -0.491160 -0.274561 -0.123790 -0.387126 0.838828 0.048149 -0.438707 -0.056162 -0.784721 0.644718 0.272594 -0.594419
VERTEX_POSE A2292 -0.525959 -0.321829 -0.899500 0.037865 -0.424373 0.478999 -0.512213 -0.043381 -0.169187 0.042020 0.953930 -0.501795 -0.704778 -0.087091 0.466380 0.252142 -0.020049 -0.522137 0.419029 -0.283106
VERTEX_POSE A2293 0.309180 -0.554548 0.007753 0.041839 -0.440072 0.278141 0.563494 -0.502624 0.201429 -0.680667 -0.702886 0.195420 0.447569 -0.325231 -0.271949 0.103786 -0.188457 0.877450 -0.089879 0.334707
VERTEX_POSE A2294 -0.491383 0.131681 -0.225003 0.414729 -0.347134 0.685775 0.537953 -0.319007 0.152025 -0.083000 -0.115266 -0.330538 0.616843 -0.371825 0.389372 0.255302 0.775775 0.495717 -0.507979 -0.380614
VERTEX_POSE A2295 0.704351 0.386369 0.496701 0.992522 -0.025024 0.154505 0.487579 0.477772 0.675785 0.041725 0.098081 0.615015 -0.119385 0.246611 0.372094 0.040593 -0.812619 -0.052393 0.862916 -0.202355
VERTEX_POSE A2296 0.877211 0.572892 -0.021989 0.878984 -0.880262 0.284087 0.557871 -0.293882 -0.223672 0.761290 0.506404 -0.477859 -0.207906 0.541300 -0.680879 0.215278 -0.589763 -0.421093 -0.140170 -0.127916
VERTEX_POSE A2297 -0.762030 -0.973387 0.051027 -0.126982 -0.789644 -0.353863 -0.356795 0.325905 -0.458140 0.136937 0.245820 -0.320143 -0.692639 -0.611074 0.671813 -0.553655 0.339376 -0.333263 -0.260122 0.587172
VERTEX_POSE A2298 0.762978 -0.091569 -0.163515 -0.505314 -0.986321 -0.902797 -0.320835 -0.230210 0.172522 -0.379838 -0.537135 -0.066047 -0.481744 0.497521 -0.128061 -0.060244 0.641063 -0.366650 0.719083 0.000576
VERTEX_POSE A2299 -0.942283 0.455039 -0.800722 -0.042354 0.008280 -0.284329 -0.092330 0.618721 -0.307875 -0.907915 -0.099665 0.715904 -0.264100 0.592569 0.142866 -0.277573 -0.205914 -0.539852 0.142724 0.462291
VERTEX_POSE A2300 0.849160 -0.317714 -0.956066 -0.701706 0.631416 0.624200 0.277078 -0.116836 0.513735 -0.293536 0.367742 0.337638 0.672624 -0.275680 0.207461 -0.531709 -0.814022 0.435214 -0.319262 0.335386
VERTEX_POSE A2301 -0.824004 0.047879 0.322980 -0.815731 0.227096 0.691383 -0.639553 0.332683 0.098408 -0.241586 -0.752116 0.607107 0.679597 0.004772 -0.208022 -0.265928 -0.091600 -0.316943 0.006173 0.561454
VERTEX_POSE A2302 -0.815884 -0.882617 0.223839 -0.350209 -0.994945 -0.188476 0.453464 -0.668495 -0.752581 0.379811 0.134371 0.447356 0.627687 -0.153228 -0.249222 -0.497826 -0.641894 -0.368592 0.091059 0.315518
VERTEX_POSE A2303 0.684392 0.235697 -0.121164 -0.112069 0.050456 0.231279 -0.196626 0.610514 0.611913 -0.507099 0.041862 -0.229464 0.083497 -0.420790 0.527645 0.825767 0.114714 0.490928 -0.123799 -0.659770
VERTEX_POSE A2304 -0.201409 0.169806 0.061608 0.647344 0.856670 0.566553 -0.105329 0.111458 -0.466770 0.470548 -0.425421 0.326827 0.316988 -0.676810 -0.585472 -0.427822 -0.038922 0.107471 -0.695685 -0.589073
VERTEX_POSE A2305 -0.905876 0.782945 -0.015783 0.210689 0.213251 -0.070187 -0.851964 0.204915 -0.155870 0.461330 -0.083726 0.555693 0.066028 -0.153935 0.643178 0.121127 0.670536 0.498302 -0.205672 -0.691148
VERTEX_POSE A2306 0.326951 0.465040 -0.251327 -0.378137 -0.311851 -0.156171 0.411346 -0.279131 0.037934 0.767429 -0.280294 0.453041 0.447866 0.655458 -0.698343 0.193645 -0.015991 -0.530322 0.061362 0.643149
VERTEX_POSE A2307 -0.244607 -0.191453 0.370864 0.413940 -0.332686 -0.261216 0.669092 -0.135486 -0.574686 -0.367982 0.631017 0.172770 0.349951 0.670797 -0.514800 0.473603 -0.018024 0.553744 0.264839 0.364922
VERTEX_POSE A2308 -0.656053 0.943810 0.577542 0.398492 0.087458 -0.338891 -0.471564 0.316510 0.206835 0.424408 -0.542490 -0.573951 -0.382006 -0.688645 -0.690911 0.585766 0.306983 0.188663 -0.329326 0.192498
VERTEX_POSE A2309 0.600793 -0.818874 -0.844575 0.340643 -0.193852 0.374045 0.106121 -0.491606 0.237974 -0.746736 -0.071604 -0.367745 0.502844 0.036419 0.597532 0.390471 -0.372379 -0.557833 -0.160638 -0.783073
VERTEX_POSE A2310 0.254405 -0.859291 0.415499 -0.211549 -0.419063 0.330624 -0.209911 0.700307 -0.224475 0.794246 0.363932 0.505053 0.406870 -0.557772 -0.357433 -0.375565 -0.248996 0.676360 -0.136081 0.063368
VERTEX_POSE A2311 -0.034762 -0.113709 -0.838636 -0.107175 0.014316 -0.515743 -0.317144 0.499276 0.523323 0.322329 -0.179745 -0.632508 0.244552 -0.611990 -0.231924 0.834057 0.320965 0.079290 0.200170 0.490781
VERTEX_POSE A2312 0.385774 0.874488 -0.023484 0.953806 -0.970951 -0.573289 0.187221 0.398517 0.580108 0.399061 -0.332056 -0.130126 -0.580956 -0.586691 0.562084 -0.399000 0.618449 0.044089 0.555867 -0.065088
VERTEX_POSE A2313 -0.003713 -0.386910 -0.683061 0.137709 0.973101 -0.561937 -0.154049 -0.549384 -0.157055 0.290642 -0.024140 0.548943 0.061581 0.265349 -0.226837 0.911668 0.102351 -0.553865 -0.238463 0.785308
VERTEX_POSE A2314 0.060917 0.056297 -0.639256 -0.236981 0.382729 -0.491209 0.004526 0.270539 0.431553 0.120933 -0.063410 -0.573040 0.693944 -0.204117 0.368370 0.586326 0.688140 -0.329249 -0.400022 0.638425
VERTEX_POSE A2315 -0.704685 0.660079 0.934239 -0.511981 -0.962265 0.773396 0.370006 0.447831 0.515887 -0.232100 -0.290925 -0.349838 0.189434 0.679186 -0.088157 0.568477 -0.044664 -0.074577 0.670950 -0.501519
VERTEX_POSE A2316 -0.509822 0.363173 0.521242 0.629912 -0.151112 -0.456812 0.795893 -0.226622 -0.223206 -0.002150 -0.629357 0.081500 0.172002 0.196223 -0.786646 -0.538074 0.020143 0.340659 -0.217809 -0.716690
VERTEX_POSE A2317 -0.745796 0.334225 -0.740755 0.277301 -0.051153 0.594129 -0.179243 -0.096879 0.686654 -0.223954 -0.314649 -0.195621 -0.404308 -0.271535 -0.354416 -0.258862 -0.767667 -0.107884 -0.829001 0.478087
VERTEX_POSE A2318 0.305252 0.282741 0.628074 0.101794 -0.556315 -0.385741 0.704041 0.141621 0.362905 -0.211188 0.783358 -0.356916 -0.028902 -0.172238 0.366044 -0.244820 -0.566890 0.676851 0.631628 -0.123547
VERTEX_POSE A2319 0.573432 -0.735846 -0.159699 -0.308135 0.113530 0.476567 0.103091 0.620679 0.644144 -0.348347 -0.626935 -0.128121 0.445113 -0.424706 0.523445 0.037790 0.162872 0.259910 0.817602 -0.121686
VERTEX_POSE A2320 0.055218 -0.279624 -0.935048 -0.988254 -0.121928 0.588512 0.004199 -0.152329 -0.352436 -0.286970 -0.424640 0.346415 -0.633975 0.610659 -0.577867 0.134673 0.595157 0.274788 0.705386 0.263361
VERTEX_POSE A2321 0.825115 0.215962 -0.240763 0.062047 -0.863798 0.215343 0.335914 0.853994 0.624918 -0.658586 -0.043455 -0.281884 0.248946 -0.226226 -0.290144 -0.438178 0.443264 -0.632031 -0.446600 0.145412
VERTEX_POSE A2322 0.459170 0.054879 -0.973938 -0.690671 0.836213 0.164920 0.356559 0.519915 -0.494756 0.702108 -0.360783 -0.124868 -0.552669 -0.380939 -0.409623 -0.198360 0.672289 0.737994 0.187406 -0.049358
VERTEX_POSE A2323 0.529259 0.398548 -0.834549 0.049612 0.453699 -0.281724 0.276287 -0.460506 0.078601 -0.334487 0.409165 -0.021706 -0.489021 0.420380 -0.932209 -0.261822 0.012365 -0.212058 0.709995 0.666067
VERTEX_POSE A2324 0.134296 0.661414 0.766990 -0.896113 -0.303871 0.274440 0.513936 0.274865 -0.515350 -0.540748 -0.188905 -0.524539 0.014278 0.796280 0.396882 -0.446035 0.012110 -0.475858 0.494278 -0.504535
VERTEX_POSE A2325 0.967787 -0.813441 -0.198942 0.724058 -0.510921 0.017471 0.077336 -0.434355 0.189192 -0.952295 0.129550 -0.543260 -0.016238 0.683747 0.536254 -0.021477 0.002706 -0.617414 -0.293986 -0.571869
VERTEX_POSE A2326 0.233610 -0.215083 0.662152 0.042134 -0.571325 -0.805046 0.263061 -0.496164 0.343356 -0.108390 -0.795812 -0.011941 0.595827 0.132334 -0.255225 0.172816 0.298483 0.410761 0.730873 -0.117897
VERTEX_POSE A2327 0.011506 0.234306 -0.254999 0.982870 -0.184132 0.314719 0.390428 0.232453 0.229108 -0.484239 0.293295 0.708831 -0.095076 0.450160 0.518490 -0.281261 -0.791120 -0.277827 -0.724521 0.177280
VERTEX_POSE A2328 -0.794243 -0.786828 0.852085 -0.402924 -0.300564 0.568846 0.290951 0.003255 -0.647718 0.512688 0.373314 -0.300753 0.384619 -0.538379 0.366128 0.691904 -0.150691 -0.179928 -0.160734 -0.740315
VERTEX_POSE A2329 -0.003411 0.693348 -0.501363 0.536820 -0.557646 -0.255607 0.123356 -0.479224 -0.687521 0.561455 0.294312 0.170424 0.672346 -0.386324 0.508165 0.308498 -0.271593 0.417976 0.349758 0.678760
VERTEX_POSE A2330 0.069224 -0.310656 -0.055721 -0.059483 0.824148 0.036050 0.091199 -0.028196 -0.562833 0.466341 -0.286937 -0.397770 0.491936 -0.076347 0.328577 0.615333 0.697580 -0.644776 -0.391884 0.651480
VERTEX_POSE A2331 -0.945083 -0.104541 0.896019 -0.104630 -0.669148 0.564846 -0.044493 -0.590722 -0.399363 0.686409 -0.277438 -0.627238 -0.648897 -0.227132 0.199745 -0.270083 -0.444566 -0.296871 0.181247 -0.569953
VERTEX_POSE A2332 0.172584 -0.258773 0.821617 0.721089 0.669451 0.603112 0.766543 -0.065853 0.685224 -0.554313 -0.463036 -0.188144 0.175008 -0.393456 -0.241038 -0.085472 -0.422816 0.270605 -0.259262 0.669089
VERTEX_POSE A2333 0.253340 -0.193273 -0.831882 0.590308 0.829203 -0.299898 -0.216622 -0.753368 -0.554991 0.215197 0.137090 0.453289 0.751198 -0.069810 -0.413326 0.019736 0.584309 -0.475118 0.584874 -0.259523
VERTEX_POSE A2334 0.739309 -0.868844 -0.225145 0.783301 0.381307 0.106215 -0.518884 -0.661347 0.534967 0.167387 0.168429 0.522940 -0.652781 0.189075 0.075537 -0.183231 0.656926 -0.650659 -0.492996 0.258747
VERTEX_POSE A2335 0.971175 0.911033 -0.116775 0.368433 0.526120 0.701173 -0.029428 0.516515 0.161513 -0.515900 0.396861 0.535487 -0.374040 -0.622991 -0.207633 -0.628469 -0.236267 -0.390400 -0.445086 0.363007
VERTEX_POSE A2336 0.347464 -0.410328 0.152335 -0.199003 0.042453 -0.563764 0.149450 0.129037 -0.637903 0.219826 -0.570309 0.320053 0.698556 -0.404254 0.408864 -0.117944 -0.488431 0.075146 0.653797 0.506075
VERTEX_POSE A2337 0.066260 0.596196 0.523528 -0.594836 -0.930544 -0.544609 -0.548055 -0.144800 -0.446385 0.143753 -0.003307 -0.687141 0.275885 -0.119681 0.160905 -0.545825 -0.655749 -0.078033 -0.552208 0.731226
VERTEX_POSE A2338 -0.273432 -0.280420 -0.745911 -0.217627 -0.806565 -0.500169 -0.459782 -0.297902 0.628603 0.305339 -0.500955 0.374081 -0.572801 0.459564 0.252030 -0.586117 -0.569326 -0.388887 0.154061 -0.353507
VERTEX_POSE A2339 0.691411 -0.466518 -0.270123 -0.800511 -0.870088 -0.024047 0.346840 0.247095 0.718230 0.020551 0.673629 -0.429530 0.741665 0.336452 -0.412030 -0.468490 0.472139 -0.359587 -0.331254 0.386073
VERTEX_POSE A2340 -0.332946 0.777322 0.678953 0.745808 -0.124395 0.272954 -0.370429 -0.319959 0.441703 0.293702 0.508568 -0.286406 -0.768282 0.560476 -0.597258 0.431268 0.360382 -0.540045 -0.016515 -0.441561
VERTEX_POSE A2341 0.980973 -0.139711 0.669588 0.570824 -0.225629 -0.427913 -0.579553 -0.039770 -0.438397 0.548683 0.339915 0.369598 -0.518222 0.571846 -0.454447 -0.051081 0.633550 0.530635 0.303153 0.393041
VERTEX_POSE A2342 -0.343352 0.419774 -0.108760 0.092314 0.144228 -0.289929 0.769427 -0.036863 -0.193015 -0.047764 0.797438 0.600202 0.180566 -0.343435 -0.381812 0.425067 -0.175245 -0.610461 -0.438651 -0.462682
VERTEX_POSE A2343 -0.947172 0.651811 -0.344532 0.699613 -0.095346 0.495400 -0.590462 0.485239 0.540016 0.123361 0.049421 -0.495491 -0.296153 -0.121734 0.006390 0.723102 0.494667 0.466271 0.159857 -0.708933
VERTEX_POSE A2344 -0.022739 0.473379 0.986527 -0.291467 -0.252528 -0.533480 -0.112034 0.628539 -0.223057 -0.403918 -0.341789 0.217143 -0.866374 -0.086022 -0.772512 -0.097838 -0.235114 -0.147373 0.253224 -0.652258
VERTEX_POSE A2345 0.717565 -0.523929 0.251984 0.855333 -0.473043 -0.130959 -0.298421 -0.616132 -0.685816 0.589311 -0.076763 0.036752 -0.464581 0.403101 0.623089 0.588052 0.133044 0.350594 0.044905 -0.659013
VERTEX_POSE A2346 -0.651858 0.311889 -0.410292 -0.812368 -0.057611 -0.418116 0.285564 -0.823192 0.693668 -0.302181 -0.347333 0.303350 0.490187 -0.213435 -0.349534 0.235520 0.331651 0.360288 0.728963 0.214865
VERTEX_POSE A2347 0.467439 -0.163447 0.507769 -0.661555 0.596360 0.599891 0.373493 -0.160236 -0.659503 0.128845 0.377227 -0.134896 0.767402 -0.233736 -0.116912 -0.457440 -0.679430 -0.416319 0.213880 -0.561931
VERTEX_POSE A2348 0.971769 0.810296 0.511230 0.132634 0.475804 -0.286898 0.557785 0.272318 0.031439 -0.380855 -0.236621 0.841829 0.475976 0.064359 -0.218285 0.465314 -0.847656 -0.400471 0.317421 0.383655
VERTEX_POSE A2349 0.653394 -0.405370 -0.782219 0.289426 0.386074 -0.252643 -0.005995 -0.524777 0.536783 -0.130492 -0.502168 0.754717 -0.227200 0.082428 -0.206665 -0.931870 0.226851 0.189018 0.250866 0.643569
VERTEX_POSE A2350 0.040871 0.100707 -0.651930 0.030309 -0.290109 -0.586005 0.748542 -0.124873 0.485477 0.272128 0.423449 0.423055 0.120596 -0.161351 0.251823 0.021149 -0.882213 -0.422516 -0.592149 -0.027622
VERTEX_POSE A2351 0.026987 -0.469328 0.576181 0.144380 -0.646124 0.179041 -0.645805 0.634211 0.533880 0.427312 0.152803 -0.063719 -0.225578 0.297930 -0.744101 -0.105998 -0.091745 -0.353794 0.581566 0.690832
VERTEX_POSE A2352 0.478509 0.810592 -0.022981 -0.648526 0.522275 -0.808217 -0.363858 0.444347 -0.087616 -0.242000 -0.575946 -0.149748 -0.404109 -0.502283 -0.285434 -0.046516 -0.396176 -0.484986 0.802232 -0.248189
VERTEX_POSE A2353 -0.499959 -0.844415 -0.625869 0.339638 -0.453896 0.121777 -0.341065 0.599858 -0.525540 -0.512670 -0.091879 0.711000 0.022130 0.250055 0.118926 0.410564 -0.521874 -0.435102 0.672155 0.544838
VERTEX_POSE A2354 -0.443754 0.929220 0.741633 -0.806008 0.807574 -0.804535 0.157517 -0.259208 0.290111 0.073200 -0.663357 -0.325399 -0.376521 0.503584 -0.247729 0.743261 0.030605 -0.318285 -0.525000 -0.488094
VERTEX_POSE A2355 -0.387195 0.472006 -0.255992 -0.544639 -0.781595 -0.567512 0.567340 0.154780 -0.576181 -0.020169 0.363254 0.398688 -0.106720 0.757363 0.403170 0.754322 -0.198386 0.156358 0.311975 0.480764
VERTEX_POSE A2356 -0.532173 -0.657855 0.175190 0.063697 0.035183 0.345169 -0.822971 -0.117603 0.075693 -0.028836 -0.739768 -0.558969 -0.127453 0.357818 -0.653045 -0.482132 -0.150810 0.369072 -0.270540 0.536783
VERTEX_POSE A2357 0.789857 -0.285864 0.403785 0.236126 -0.763751 0.178367 -0.682883 -0.622992 0.224173 0.234940 -0.504740 0.561592 0.527852 -0.308065 0.774167 -0.267379 0.511648 -0.056674 0.358266 -0.020741
VERTEX_POSE A2358 0.624311 -0.293689 0.489009 -0.561769 0.034272 0.431936 -0.264613 -0.691522 -0.112567 -0.356704 0.266237 -0.722400 0.380461 -0.193087 0.527151 0.631324 0.389708 0.031778 0.509334 -0.511625
VERTEX_POSE A2359 -0.326416 -0.444683 0.027275 0.660773 0.734618 -0.097087 0.604166 0.043287 0.290420 -0.671917 0.373861 -0.153455 0.152761 0.045892 -0.805921 -0.114165 0.561473 -0.482881 -0.383591 -0.735525
VERTEX_POSE A2360 -0.213555 -0.592515 0.902422 -0.227054 -0.321396 -0.059443 -0.732359 0.173274 -0.649460 0.305358 0.167018 0.427704 0.051659 -0.701285 -0.401553 -0.571820 -0.389106 -0.480097 0.201891 -0.546696
VERTEX_POSE A2361 -0.306465 0.395656 -0.566712 0.378747 -0.141580 -0.541103 -0.042204 0.364099 0.613564 0.190568 -0.326111 -0.389243 0.762963 -0.482487 -0.352569 -0.036975 -0.116739 -0.234377 -0.615161 -0.717399
VERTEX_POSE A2362 -0.271499 0.450776 -0.076706 -0.443857 -0.934530 0.897381 0.258425 0.014905 -0.378465 0.367851 0.510136 0.173355 -0.816539 0.532771 0.135127 0.254396 0.429782 -0.056208 -0.257776 -0.520560
VERTEX_POSE A2363 0.959029 0.148711 0.724038 -0.505965 -0.651946 0.245813 -0.661717 -0.629321 0.198754 -0.488132 0.499505 0.665428 0.536541 -0.300572 0.668137 -0.161288 0.319478 0.104264 0.099838 0.402542
VERTEX_POSE A2364 0.946875 -0.797617 -0.398593 -0.030945 -0.312377 0.097527 -0.207556 0.020991 -0.427921 0.609366 -0.304544 0.022852 -0.574870 0.197567 0.821082 0.455270 0.233363 -0.364246 0.218738 0.901843
VERTEX_POSE A2365 -0.532190 0.581932 0.698149 -0.660555 0.446778 -0.827878 -0.302113 -0.120673 -0.447465 0.837061 -0.116807 0.087398 -0.064835 -0.804171 0.257579 0.444846 0.117510 -0.201016 -0.077239 0.557937
VERTEX_POSE A2366 0.930204 0.059745 -0.392737 0.862468 0.874174 -0.576734 0.307489 -0.205189 -0.575471 -0.397611 0.550427 -0.157260 0.582734 -0.309333 -0.479511 0.262827 0.126593 -0.285568 -0.581979 -0.737031
VERTEX_POSE A2367 0.294339 -0.207945 0.753742 0.770052 0.730076 0.205000 -0.364714 0.016075 -0.445490 0.728139 -0.058889 0.856215 0.510630 -0.077321 -0.132969 0.107970 -0.741844 -0.093425 0.253765 0.663297
VERTEX_POSE A2368 0.534070 0.178128 0.221677 -0.255391 0.516234 0.461572 -0.421088 0.245239 0.205964 -0.232848 -0.140919 0.584856 0.441109 -0.665302 -0.469377 -0.491109 -0.689529 0.426801 -0.576802 -0.043847
VERTEX_POSE A2369 -0.343228 0.779325 -0.138647 -0.355159 -0.932391 -0.580860 -0.069294 0.765929 -0.174000 -0.452040 0.094105 0.512985 -0.758505 0.235398 0.351970 0.148947 0.172156 -0.495266 -0.439708 -0.565196
VERTEX_POSE A2370 -0.014250 0.325537 -0.516381 0.969541 0.859988 0.061532 0.539591 0.565357 -0.607435 -0.196298 -0.085368 -0.404207 0.630476 -0.605070 -0.085810 0.477272 0.324618 -0.675641 -0.212180 0.448997
VERTEX_POSE A2371 -0.798876 -0.044549 -0.099370 -0.509583 -0.608162 -0.684179 -0.500033 0.058813 0.433287 -0.525712 0.726238 -0.042058 0.541243 0.494462 0.098321 -0.415850 -0.261791 -0.576824 0.087856 0.395086
VERTEX_POSE A2372 -0.362255 -0.360386 -0.469059 -0.784335 -0.158020 0.080166 -0.784479 -0.529925 -0.521660 0.050958 0.256535 0.563488 0.460662 -0.433508 -0.577999 0.113142 -0.532860 -0.264277 0.396213 -0.426029
VERTEX_POSE A2373 0.642398 -0.254689 0.374859 0.061856 0.004215 0.233073 0.354975 -0.245408 0.607443 -0.593511 0.456470 -0.059258 0.516775 0.819809 0.656615 0.501591 -0.151919 -0.376876 0.055564 0.190378
VERTEX_POSE A2374 -0.746048 -0.392739 0.556099 -0.809970 0.296492 0.193930 -0.438091 0.338677 0.596789 0.078108 0.430276 0.223439 -0.427718 -0.777181 0.522435 0.672478 -0.309160 -0.532326 0.408419 -0.023866
VERTEX_POSE A2375 0.615006 -0.887007 -0.482533 -0.075802 0.589452 -0.540288 -0.581954 -0.316967 -0.120292 0.534892 0.192742 -0.663919 -0.077455 0.448341 0.100808 -0.023865 -0.681863 0.492613 -0.607166 0.443211
VERTEX_POSE A2376 0.359963 0.221381 -0.373156 -0.082811 0.531172 -0.131527 -0.049267 0.538944 0.251061 0.572327 -0.618653 -0.461525 0.696058 0.274550 0.777008 0.043238 0.283410 0.320814 0.428542 0.413653
VERTEX_POSE A2377 -0.397906 0.919150 -0.854194 -0.622338 -0.761119 0.507236 -0.423105 -0.383873 -0.005156 -0.360907 0.883853 0.629099 0.553005 0.251296 -0.054122 -0.552906 -0.064545 0.586506 -0.281440 0.064259
VERTEX_POSE A2378 0.082444 -0.050454 -0.974764 0.262643 0.185812 0.045237 -0.519594 -0.296309 0.388775 0.533211 -0.565874 -0.813637 -0.115388 -0.426284 0.242274 -0.262316 -0.630842 0.355113 -0.602980 0.110946
VERTEX_POSE A2379 0.331733 0.031677 -0.861927 -0.950177 0.006976 0.225158 -0.431676 0.183413 -0.578430 -0.348544 0.361914 -0.705636 -0.227853 -0.226225 -0.183890 0.582129 0.732901 0.288071 -0.548983 0.497048
VERTEX_POSE A2380 -0.744512 -0.486220 -0.636412 0.667089 0.624955 0.116414 0.866212 0.342106 0.359933 -0.370364 0.396081 0.644278 -0.058763 -0.508576 -0.597046 -0.232525 0.088389 0.292126 -0.234492 0.677954
VERTEX_POSE A2381 -0.876685 -0.949747 -0.626694 -0.707048 0.895703 0.245324 -0.653079 0.411588 -0.295157 0.527303 0.762063 0.424913 0.291367 -0.262354 -0.759963 -0.365161 -0.148414 0.307577 -0.277852 0.398746
VERTEX_POSE A2382 -0.641280 0.562350 0.714255 0.194203 0.360852 0.605793 0.094690 0.208536 0.596468 0.355048 -0.169113 0.087905 0.114867 0.912498 0.108273 -0.845669 0.184455 -0.507731 0.369628 0.247462
VERTEX_POSE A2383 0.733997 -0.675628 0.340606 -0.981437 0.147230 -0.648226 -0.094236 0.068026 0.222422 0.416576 0.435049 0.677367 -0.517148 0.047603 -0.211992 -0.643211 -0.259317 0.162990 0.369354 -0.858250
VERTEX_POSE A2384 -0.376644 -0.794162 -0.252563 0.632591 -0.558193 0.478692 -0.775898 0.138037 0.016995 0.216134 -0.385908 0.132618 0.477476 0.531150 0.532667 0.226830 -0.665268 0.685013 0.268018 0.327596
VERTEX_POSE A2385 -0.085034 0.491569 0.455887 0.388195 0.168426 -0.293175 -0.380002 -0.744001 -0.362534 -0.435770 0.519953 0.634836 -0.668335 -0.120509 -0.614899 -0.275717 -0.051133 -0.038723 0.378168 -0.398715
VERTEX_POSE A2386 -0.653198 0.796378 -0.915385 -0.526077 0.365635 -0.287995 0.750293 -0.187678 0.647990 0.002794 0.281707 0.064312 -0.450980 0.077302 -0.451086 -0.480909 -0.447551 -0.538102 -0.048954 0.824100
VERTEX_POSE A2387 0.091183 -0.452017 0.922627 -0.303713 0.476990 -0.543744 0.622299 0.062729 0.432617 0.386303 0.480578 -0.211303 -0.605932 -0.072691 0.552259 0.231518 -0.713577 -0.409325 0.206787 -0.500633
VERTEX_POSE A2388 -0.295177 -0.794294 -0.140328 -0.375679 0.404675 -0.192702 -0.423996 0.246185 0.944796 0.086794 0.178186 0.059938 -0.717896 0.481616 -0.016932 -0.249384 -0.542955 0.257581 -0.484899 -0.617162
VERTEX_POSE A2389 0.971114 -0.497311 0.573624 -0.087846 -0.600093 0.277241 0.550864 0.479506 -0.393561 0.394708 0.532282 0.323734 -0.246481 0.466487 0.352535 0.661663 -0.499929 -0.734277 0.205435 -0.138602
VERTEX_POSE A2390 0.764767 0.103300 -0.050098 -0.642940 0.211608 -0.385629 -0.377742 0.414711 0.543068 -0.171545 0.699890 -0.213059 -0.678305 -0.369198 -0.248619 -0.410607 0.299754 0.670196 -0.446305 -0.334678
VERTEX_POSE A2391 0.491268 -0.386810 -0.237906 0.397266 -0.916721 0.546448 0.104665 0.043662 0.222481 0.251797 0.319239 0.158674 0.628993 -0.746950 0.786596 -0.343725 -0.035900 0.089369 0.641767 0.580480
VERTEX_POSE A2392 -0.335351 0.898345 -0.993087 -0.709098 0.258327 -0.286989 0.262258 -0.136655 0.473015 0.359261 -0.087483 -0.425405 0.704616 0.504319 0.173610 -0.389425 0.842042 -0.694827 -0.392450 -0.101487
VERTEX_POSE A2393 -0.506732 -0.445925 0.873196 -0.086796 0.277078 -0.422622 0.386687 0.258782 -0.684665 -0.263231 -0.334331 0.288591 -0.019712 0.651682 -0.368232 0.637681 0.270640 0.365713 0.611684 -0.568612
VERTEX_POSE A2394 0.450297 0.761902 -0.513868 0.891301 -0.568667 0.392191 -0.557732 0.476728 0.535803 0.408504 -0.462558 -0.524279 0.131121 0.329261 -0.198338 0.600763 0.309039 0.494869 0.379408 0.595694
VERTEX_POSE A2395 -0.388476 -0.899272 -0.391681 0.259957 0.945950 -0.454954 0.230409 -0.230513 -0.289604 -0.530945 -0.514380 -0.716073 -0.347187 0.539544 -0.033091 0.355301 0.525459 0.441917 -0.646709 0.339208
VERTEX_POSE A2396 -0.038922 -0.863993 0.571345 0.252648 -0.276144 -0.279020 0.370687 -0.486157 -0.499166 -0.836048 -0.206934 0.307944 -0.057381 -0.674985 -0.509277 0.329575 -0.353830 0.564614 -0.227381 -0.374206
VERTEX_POSE A2397 0.380502 -0.178353 0.093396 0.753770 -0.694493 -0.005723 -0.495868 0.409407 0.397131 -0.462534 -0.047174 -0.261380 0.441906 -0.401554 -0.630072 0.094459 0.635181 0.613958 0.579632 0.515228
VERTEX_POSE A2398 0.905863 -0.107217 -0.637939 0.030009 0.676026 -0.302963 0.461706 -0.748351 0.365823 -0.649725 -0.310344 0.010579 0.074304 -0.249084 -0.663990 -0.598255 -0.243513 0.577402 -0.035429 -0.471504
VERTEX_POSE A2399 -0.504852 0.314136 -0.206978 0.997257 -0.759910 0.562639 -0.379357 0.308998 0.030871 -0.078392 0.488900 -0.367271 -0.855595 -0.340707 -0.252138 0.342940 -0.426700 -0.695718 0.017114 0.606088
VERTEX_POSE A2400 -0.962727 -0.399028 0.954748 -0.601389 -0.626884 0.311694 -0.274734 0.892253 -0.332782 -0.359324 -0.146151 -0.871581 -0.037539 0.358691 0.170521 -0.611608 -0.144610 -0.058069 -0.648023 -0.181531
VERTEX_POSE A2401 -0.108387 -0.781680 -0.154320 -0.000449 0.536013 -0.453399 -0.415824 -0.010474 -0.099823 0.371717 0.809556 0.107576 0.356337 0.245510 -0.706628 0.600588 -0.360795 0.523038 0.448593 -0.392507
VERTEX_POSE A2402 -0.303728 -0.730414 0.693652 -0.512326 -0.368072 0.499763 0.233148 -0.503097 0.803570 -0.108788 0.542186 0.184292 -0.415190 -0.130790 0.260093 0.001616 -0.644940 0.053857 0.872595 0.140980
VERTEX_POSE A2403 -0.324982 0.240586 -0.514311 -0.385724 0.215095 -0.298123 0.600423 0.311254 -0.026477 0.227737 0.512028 -0.397473 0.576192 -0.569731 0.312354 0.327396 0.458718 0.809242 0.385283 -0.325472
VERTEX_POSE A2404 -0.465989 -0.036369 -0.779461 -0.938594 -0.459772 0.229882 0.036766 -0.885411 0.335872 0.059792 0.446203 -0.024114 -0.875454 -0.063562 0.184758 -0.476250 0.107754 0.894219 0.042882 0.036044
VERTEX_POSE A2405 -0.049776 -0.123153 0.249751 -0.322296 0.928420 -0.327840 0.290125 0.251428 0.482606 0.340086 0.646933 -0.467767 -0.560146 0.156594 -0.394722 0.688540 -0.392074 0.533855 -0.110984 -0.583110
VERTEX_POSE A2406 -0.709976 0.353580 0.003156 0.538475 -0.195452 0.065903 0.745342 0.606766 0.472216 0.307332 -0.569879 0.576595 0.268951 -0.139116 -0.562582 0.434886 -0.535934 0.351722 -0.297578 0.022247
VERTEX_POSE A2407 0.893974 -0.814988 -0.152618 -0.021405 -0.928599 -0.067531 0.316793 0.501549 0.102312 0.303903 -0.487954 -0.778697 0.550579 -0.171154 -0.446604 -0.356097 0.532257 -0.423259 -0.614282 -0.444702
VERTEX_POSE A2408 0.552318 -0.204003 0.395557 0.055366 -0.832699 -0.051385 0.569286 -0.235333 -0.371231 0.198536 -0.548875 -0.546722 -0.291924 0.559281 -0.496889 -0.502335 -0.500307 -0.560128 0.546751 0.283289
VERTEX_POSE A2409 0.372468 -0.696874 0.028392 -0.198882 0.990360 -0.488043 0.615408 0.081754 -0.657610 -0.255611 -0.234111 0.300762 0.133235 0.697905 -0.404938 0.240796 0.487372 -0.273734 -0.692965 0.462500
VERTEX_POSE A2410 0.225707 0.216690 -0.014545 0.028418 0.078377 -0.201429 -0.491420 -0.688155 0.588304 -0.026290 -0.072237 -0.477709 0.603300 0.105351 -0.334938 -0.627482 0.637878 0.522432 -0.010499 0.321305
VERTEX_POSE A2411 0.807806 0.309778 0.759145 -0.277545 0.792256 -0.545323 0.149026 -0.150749 -0.304203 0.268396 -0.043201 0.376480 -0.430839 -0.744379 0.217341 -0.515891 0.645431 -0.648930 -0.673787 -0.068754
VERTEX_POSE A2412 0.495783 -0.646622 0.401698 0.094071 0.886063 0.549112 0.306492 -0.403460 -0.051803 0.246257 0.839269 -0.051082 0.459294 -0.185455 -0.748248 0.484883 -0.247279 0.365114 0.631948 0.193150
VERTEX_POSE A2413 0.584427 -0.220961 -0.300290 -0.777378 -0.560772 0.122174 -0.514825 -0.635536 0.512614 -0.498801 0.428732 0.340257 -0.277932 -0.345872 -0.294166 0.130193 -0.488203 0.721105 0.626064 -0.233053
VERTEX_POSE A2414 0.541804 0.634150 0.099752 -0.258983 -0.060513 0.640446 -0.448833 0.482031 0.381831 0.654405 -0.252122 0.555047 -0.083110 -0.197968 -0.324481 -0.465021 -0.119264 -0.175127 0.383602 0.806638
VERTEX_POSE A2415 -0.880861 -0.440784 -0.850866 -0.273339 -0.672130 0.284275 -0.185438 -0.657133 0.389448 0.813113 -0.327183 -0.394920 0.091235 -0.379682 0.392511 -0.543762 -0.346338 -0.676381 0.021417 -0.443869
VERTEX_POSE A2416 -0.500607 -0.729392 -0.844403 0.610817 0.607654 -0.034402 -0.831187 -0.516525 0.146713 0.446631 -0.653967 0.352456 0.093769 -0.442787 -0.697609 0.291550 -0.330810 -0.605317 -0.125914 -0.005721
VERTEX_POSE A2417 0.888606 0.430527 0.184367 0.214941 -0.694878 -0.762199 0.018757 0.625312 0.247365 -0.414879 0.415804 -0.476811 -0.031473 -0.614906 -0.032318 0.835561 0.070535 0.359819 0.358289 0.230233
VERTEX_POSE A2418 0.210322 0.107199 -0.928239 0.422948 0.804860 0.548167 0.615583 0.098885 0.502926 -0.231011 0.040636 -0.123190 0.639568 -0.566212 -0.456007 0.391022 0.719168 0.472716 0.075809 0.388293
VERTEX_POSE A2419 0.204216 -0.523686 0.015269 -0.764863 0.012329 -0.297834 -0.296471 -0.177742 -0.686304 0.081249 0.109846 0.321842 0.284009 -0.796266 -0.483603 -0.309802 -0.567563 -0.320667 0.853736 -0.013242
VERTEX_POSE A2420 0.859720 0.933217 -0.242009 -0.872905 -0.294971 0.587815 -0.032810 0.223696 0.351044 -0.384274 -0.665747 0.450598 0.552666 0.335309 -0.571917 0.207233 0.048915 0.033384 0.709134 -0.626032
VERTEX_POSE A2421 -0.024911 -0.789501 0.021663 0.780009 0.016468 -0.482809 0.111346 0.025427 -0.452832 0.068021 0.720670 -0.390017 -0.091186 -0.670904 -0.560758 -0.541695 -0.045438 -0.308668 0.825365 -0.166765
VERTEX_POSE A2422 -0.304516 0.089505 0.777363 0.632404 0.095608 -0.073920 -0.008759 -0.605135 0.218475 0.832591 -0.199541 -0.308319 0.511790 0.537867 -0.896984 0.075466 -0.296363 0.217173 0.197716 -0.465687
VERTEX_POSE A2423 -0.475631 0.831562 -0.235097 -0.582004 0.963357 0.388134 -0.575740 -0.400336 -0.051689 0.542087 0.318087 0.381971 0.396275 -0.447244 0.086369 0.460851 -0.563594 -0.832658 -0.072437 -0.469985
VERTEX_POSE A2424 0.468357 -0.235426 -0.105142 -0.306788 -0.706454 0.300635 0.700480 -0.155236 -0.579060 0.497238 -0.095728 0.669470 0.301122 0.314471 0.348355 -0.386227 -0.470120 -0.069036 -0.149116 0.804260
VERTEX_POSE A2425 -0.854219 -0.148593 -0.736505 0.523705 0.526940 -0.467441 -0.121644 -0.688393 -0.716900 -0.298541 0.609265 -0.514378 0.450186 -0.235608 -0.033464 0.771123 0.301887 -0.043003 0.314289 -0.090914
VERTEX_POSE A2426 0.135893 0.932290 0.373222 0.677953 0.909307 -0.301336 -0.862457 0.272371 -0.069400 0.054481 -0.550078 -0.258156 0.143216 0.514296 0.661922 -0.462368 -0.251995 0.632135 0.137495 0.543347
VERTEX_POSE A2427 -0.570565 -0.099418 -0.533797 0.945860 0.017402 0.278218 -0.311629 0.748610 -0.047818 -0.654516 -0.189011 0.038412 0.686919 0.134944 -0.751912 0.001999 0.539326 -0.594526 -0.051335 -0.307855
VERTEX_POSE A2428 0.526283 0.673053 0.356890 0.277475 0.832447 -0.122356 -0.401341 0.466491 -0.007781 -0.682080 0.201539 0.112111 -0.540385 -0.153738 0.553533 0.239972 0.741620 -0.816089 0.155208 0.410040
VERTEX_POSE A2429 0.041756 -0.174928 0.735283 -0.292037 0.585332 0.649574 0.114661 -0.351147 0.405275 -0.468377 -0.482185 0.485135 -0.278446 0.537139 -0.043749 0.517298 -0.492381 0.420162 0.649882 0.336507
VERTEX_POSE A2430 -0.075417 -0.785283 0.259225 0.943118 0.257492 -0.196037 0.065476 0.793397 0.228137 0.111946 0.214186 -0.807989 -0.437625 0.093060 0.504172 -0.668434 0.399811 0.049884 -0.587249 -0.395142
VERTEX_POSE A2431 0.563556 -0.725975 0.311638 0.676086 -0.794437 -0.429141 -0.202280 -0.225588 0.622540 0.522403 -0.376844 0.341387 -0.531305 -0.621804 0.556788 -0.376031 0.637548 0.041522 -0.512341 -0.118286
VERTEX_POSE A2432 0.933369 0.043392 -0.419037 0.707513 0.121346 0.665920 0.511250 0.513948 0.364494 -0.255467 -0.315347 0.224182 0.336292 -0.741590 0.014554 -0.542867 0.274085 -0.610922 0.515328 0.106469
VERTEX_POSE A2433 0.620855 -0.515697 -0.047122 -0.569208 0.889420 0.600790 0.206598 0.406573 -0.260931 0.370673 0.731525 0.348486 -0.448929 0.434317 0.650308 0.372238 -0.328556 -0.163168 0.692691 -0.054679
VERTEX_POSE A2434 -0.761425 0.514611 0.797327 -0.709638 0.420658 -0.588767 -0.579109 0.366277 -0.352018 0.476813 0.321452 0.472718 -0.611499 0.213527 0.511683 0.140986 0.100060 -0.210130 -0.208505 -0.840775
VERTEX_POSE A2435 -0.532621 -0.992977 -0.198498 0.768919 0.661574 0.342520 -0.070760 -0.389338 0.307243 -0.181368 -0.478256 0.261160 -0.832494 0.485627 0.810398 0.448088 0.348458 -0.251659 0.261285 0.512280
VERTEX_POSE A2436 -0.428921 0.361151 -0.797371 0.108496 0.817840 -0.630656 0.282073 -0.382623 -0.022031 0.910474 0.139666 0.716724 0.243973 -0.560804 0.102797 0.177911 0.626367 0.278437 0.017239 0.356730
VERTEX_POSE A2437 -0.471401 -0.131809 -0.199517 0.828837 -0.774794 -0.232278 -0.517980 -0.143940 0.341385 -0.398231 0.143086 0.575996 0.596471 -0.037905 0.517817 -0.316918 -0.724882 -0.479164 0.341897 -0.657204
VERTEX_POSE A2438 -0.638646 -0.807965 0.648884 -0.252485 0.732975 -0.494945 0.336421 0.787474 0.544468 0.249643 0.363604 -0.293320 0.013007 -0.093351 0.344190 -0.716570 0.488779 0.504065 0.557546 -0.007597
VERTEX_POSE A2439 -0.876603 -0.842852 0.598186 -0.836138 0.985141 -0.343040 -0.107918 -0.452849 0.203330 0.045035 0.651162 0.348138 -0.684295 0.271556 0.037583 0.692601 0.286554 0.847566 0.195881 -0.463746
VERTEX_POSE A2440 0.901067 0.171316 0.828875 -0.370045 -0.784434 0.083108 0.490820 0.403604 0.797824 -0.342970 -0.349097 0.320577 -0.156301 0.389304 0.153293 -0.352243 0.750710 0.479897 0.702113 0.010617
VERTEX_POSE A2441 0.587060 0.408725 -0.365661 0.775933 -0.188648 -0.431657 -0.459538 -0.416058 -0.090579 -0.527106 -0.446380 -0.107423 -0.433570 0.494559 0.007817 -0.466658 0.588221 -0.890992 0.324396 0.192480
VERTEX_POSE A2442 0.931203 0.466926 0.357331 -0.113683 0.777398 0.519125 0.186876 -0.699625 0.069161 0.657818 -0.137203 -0.163217 -0.622835 -0.345189 -0.835635 0.283630 -0.394329 -0.028278 0.252950 0.465885
VERTEX_POSE A2443 0.396850 0.524695 0.230573 0.724026 -0.898371 -0.420522 0.212769 0.308492 0.493150 0.100626 -0.710693 -0.031196 0.739010 -0.070942 0.744678 -0.047685 0.612685 0.156352 0.629440 0.139043
VERTEX_POSE A2444 0.171487 -0.812236 0.334049 0.998555 0.250580 -0.257443 0.494762 0.416266 0.323517 -0.129105 0.735539 -0.231894 0.732203 -0.192305 -0.667008 -0.443643 -0.147576 0.574791 0.074846 -0.476388
VERTEX_POSE A2445 0.473007 0.101075 -0.542917 0.627334 -0.283116 0.445325 0.742382 -0.465647 -0.217104 -0.262981 -0.336435 0.446565 -0.067683 0.189169 0.450634 -0.593364 -0.591491 0.593347 -0.151817 0.533233
VERTEX_POSE A2446 0.515988 -0.916089 0.379707 -0.549313 -0.570501 -0.603821 0.264784 -0.454963 0.449043 0.603167 -0.542158 -0.381860 -0.327810 -0.532424 -0.154971 0.619899 0.276103 0.513739 -0.272663 -0.373316
VERTEX_POSE A2447 0.670880 -0.541628 0.489646 0.609372 -0.141766 0.047203 -0.580818 -0.160589 -0.627080 -0.505698 -0.092031 0.279990 -0.372417 -0.630861 0.676179 -0.075266 -0.102746 -0.262545 0.512407 -0.746457
VERTEX_POSE A2448 0.361613 -0.468397 0.641450 -0.157725 0.022006 -0.357247 -0.152895 0.504640 0.236453 -0.688418 -0.407744 0.823198 -0.166508 0.341445 -0.320016 -0.669989 0.358304 0.190787 0.161535 0.578028
VERTEX_POSE A2449 -0.273690 0.191110 0.451469 0.873635 -0.765641 0.479867 0.342054 -0.247302 -0.173964 0.810688 0.551172 -0.081932 -0.337972 0.587028 0.480926 0.238569 -0.194139 -0.708139 0.233760 -0.502752
VERTEX_POSE A2450 -0.124904 -0.065314 -0.495085 0.844509 0.870563 -0.559191 -0.186980 -0.604934 -0.580617 0.358640 0.441487 0.464360 0.636774 -0.422313 0.366084 -0.547550 0.284903 -0.023284 -0.362111 -0.423824
VERTEX_POSE A2451 0.221333 -0.535181 -0.600560 -0.030631 0.727035 0.547134 0.192484 -0.537381 0.239409 0.767992 0.427506 0.131190 -0.518356 0.097932 -0.263359 -0.059940 0.569745 0.746163 -0.317573 0.440749
VERTEX_POSE A2452 0.701399 0.401609 -0.526868 0.653644 0.250827 0.597531 -0.434843 0.483003 0.122466 0.284738 0.688144 -0.010083 0.188237 0.239331 -0.339027 0.584833 0.318888 0.716183 0.593610 -0.366330
VERTEX_POSE A2453 0.570580 -0.975809 -0.717723 0.476913 -0.033829 -0.460725 -0.145736 0.263617 0.695880 -0.539108 -0.215776 0.514078 0.733388 0.205564 -0.197345 0.361246 -0.804571 -0.016230 -0.140595 -0.440859
VERTEX_POSE A2454 0.745701 -0.703619 0.164343 0.387366 0.690392 0.637672 0.202282 0.490058 -0.544534 0.441579 0.685472 -0.053154 -0.407193 0.069082 -0.179432 0.658165 -0.530644 -0.511699 -0.406328 0.060145
VERTEX_POSE A2455 0.169755 -0.833817 0.367990 -0.653144 0.544373 0.782930 -0.513962 -0.250527 -0.417075 -0.724709 0.078998 -0.290779 -0.353216 -0.468586 0.337640 0.091708 -0.025871 -0.120482 0.278331 -0.843062
VERTEX_POSE A2456 0.716362 -0.124402 -0.454228 0.000618 -0.506889 -0.564415 0.444295 -0.624927 -0.468785 0.382007 0.710180 0.331631 -0.127072 -0.009964 0.450007 0.548999 -0.231384 -0.386253 -0.582346 -0.226878
VERTEX_POSE A2457 -0.118406 -0.771329 -0.462434 0.065319 0.599699 -0.468709 -0.626361 -0.011655 -0.554686 0.043217 0.735828 0.592356 -0.573531 0.336703 0.184196 0.519102 0.372014 -0.296348 0.086020 -0.454597
VERTEX_POSE A2458 0.599190 0.066765 0.834193 -0.707284 -0.438225 0.205760 -0.596128 0.564896 0.515889 0.060005 -0.648657 0.361787 -0.378568 -0.123128 -0.711275 -0.488791 -0.442567 -0.233921 0.508725 0.221608
VERTEX_POSE A2459 0.242645 -0.451349 0.902662 -0.721907 -0.674442 -0.033704 -0.513394 0.054102 0.563565 0.211833 0.533107 -0.626872 -0.101426 0.760406 0.239838 0.492160 0.288677 -0.480384 0.662605 -0.226536
VERTEX_POSE A2460 0.923350 0.053743 -0.727151 0.773281 0.185031 0.522476 -0.373096 0.412031 0.244339 0.908017 0.048571 -0.685715 -0.051351 -0.226059 -0.437705 0.157860 0.816904 -0.074342 -0.093533 0.330812
VERTEX_POSE A2461 -0.476227 0.281482 0.093418 -0.764166 0.819267 0.779550 -0.566287 -0.252676 -0.085119 0.041120 -0.259405 -0.300298 -0.666106 0.394144 0.498337 0.483296 0.237559 -0.215728 -0.018887 -0.810605
VERTEX_POSE A2462 -0.193799 -0.177324 0.214300 0.954179 -0.468879 -0.634253 -0.472209 -0.520317 0.119412 -0.441005 0.526114 0.537200 0.008213 -0.233827 0.432831 -0.735322 -0.154001 -0.327929 -0.204372 0.611623
VERTEX_POSE A2463 0.856719 -0.902865 -0.146188 0.480795 -0.693623 -0.696719 -0.384541 0.328287 0.110291 -0.703935 -0.697738 -0.206824 0.216703 -0.279455 -0.653995 0.342295 -0.468671 0.178698 0.438723 -0.328087
VERTEX_POSE A2464 -0.855372 0.765785 -0.953704 -0.333374 0.708687 0.350399 -0.335704 -0.490572 0.204954 -0.197555 -0.621017 0.478761 -0.354498 0.115864 -0.340510 0.479810 -0.597448 0.700039 0.701704 0.057522
VERTEX_POSE A2465 0.044776 -0.662713 0.011628 -0.755459 0.951780 -0.406223 0.571088 0.053166 -0.584080 -0.440800 -0.668790 -0.049561 -0.502392 0.290038 -0.598700 0.306440 0.193876 -0.364604 -0.365035 0.654357
VERTEX_POSE A2466 -0.675902 -0.895841 0.655314 0.249714 0.967951 0.363020 -0.572298 -0.386313 0.360718 0.075818 0.393214 0.167920 0.777298 -0.529583 -0.826208 -0.010425 0.023116 -0.165175 -0.249852 -0.644324
VERTEX_POSE A2467 -0.284293 0.126936 -0.751076 0.775121 0.526527 -0.454160 -0.227397 -0.824925 0.023730 0.811855 -0.365478 -0.729018 0.299395 0.335682 -0.038426 -0.418534 -0.112440 0.510129 0.156121 -0.246168
VERTEX_POSE A2468 0.573375 0.205478 0.812111 -0.926622 -0.823015 -0.083635 -0.621369 -0.009855 -0.237024 0.445934 0.789646 0.654759 -0.430522 0.559112 -0.202798 -0.219777 0.059121 0.683366 0.425902 -0.245480
VERTEX_POSE A2469 -0.314548 -0.703806 0.304198 0.997229 0.700925 -0.731896 -0.054826 0.453233 0.105630 0.429271 -0.242925 -0.485559 0.095528 -0.822858 -0.254318 -0.702333 -0.138638 0.390800 -0.557067 -0.198119
VERTEX_POSE A2470 -0.160895 0.284084 0.847110 0.938983 0.511668 0.325220 -0.379989 0.525904 -0.570024 0.064143 -0.360683 0.192194 0.425970 0.424997 -0.464177 -0.694356 0.295670 -0.562944 0.433489 0.570342
VERTEX_POSE A2471 0.474442 -0.623206 0.640987 -0.296667 -0.607449 -0.304465 -0.536777 0.765548 0.519795 0.525993 0.605524 -0.304617 0.419907 0.214954 -0.576579 0.146899 0.032300 0.460302 -0.487135 0.005293
VERTEX_POSE A2472 -0.727488 0.704919 0.938537 0.773162 -0.487723 -0.102093 -0.369096 -0.613121 -0.435499 -0.145028 -0.547689 0.565912 0.429337 -0.277604 0.028614 -0.661812 0.442485 0.691984 -0.469479 -0.226414
VERTEX_POSE A2473 -0.229692 -0.248990 0.204442 -0.174701 0.289066 -0.175706 0.057953 -0.365293 0.521712 0.153240 -0.450656 -0.052330 -0.674702 -0.650086 -0.809316 0.290891 -0.269519 0.198020 0.658270 -0.410144
VERTEX_POSE A2474 -0.128709 0.901489 -0.128441 -0.572641 -0.505819 0.652101 -0.523645 -0.519858 -0.576513 -0.282443 -0.291464 0.166139 0.654387 -0.538818 -0.407874 -0.342481 -0.401372 -0.220077 0.317027 -0.439741
VERTEX_POSE A2475 0.443999 0.892683 0.272585 0.771717 0.762857 -0.424283 0.192473 -0.318598 -0.525673 0.664656 0.471555 -0.353166 -0.173444 -0.320992 -0.035747 0.373618 -0.755818 -0.646257 -0.592885 0.042820
VERTEX_POSE A2476 -0.756685 0.852085 0.661525 -0.547367 -0.994050 0.489887 -0.524475 -0.573624 -0.402504 0.294603 -0.439079 0.311682 0.612037 -0.551871 0.343550 0.513186 0.316792 0.618732 0.013652 0.270642
VERTEX_POSE A2477 -0.612720 0.985400 -0.748733 -0.121954 -0.076320 0.462176 0.219085 0.275798 0.426568 -0.389306 -0.508179 -0.273420 0.619149 0.181956 -0.074641 -0.590066 0.748392 -0.723949 -0.262525 -0.269241
VERTEX_POSE A2478 0.114880 -0.648945 -0.237769 0.381088 -0.378909 -0.540704 0.642508 0.283277 -0.106401 0.146224 0.583773 0.228140 0.707619 -0.548332 -0.799358 -0.254135 -0.450769 0.072782 -0.022201 -0.274049
VERTEX_POSE A2479 0.604928 -0.616312 0.302974 0.294908 0.027956 -0.148527 0.409240 -0.472092 -0.508788 -0.425088 0.233139 -0.531470 0.601748 0.560156 -0.056703 0.454273 -0.410325 -0.658330 -0.288720 -0.490544
VERTEX_POSE A2480 0.113590 0.176510 0.702735 -0.248319 0.158039 -0.852061 0.209071 -0.011547 0.150894 -0.445036 -0.641575 -0.375333 0.101942 -0.392783 0.326015 0.864330 -0.300086 0.063739 0.027802 0.586446
VERTEX_POSE A2481 0.989976 0.285742 0.267146 0.225597 -0.508346 0.658140 -0.033596 0.607165 0.318752 -0.617325 -0.203276 0.648989 0.456469 -0.320097 0.193691 -0.541669 -0.424402 -0.080909 -0.340606 0.554482
VERTEX_POSE A2482 -0.173739 -0.151493 0.702414 -0.735723 -0.245009 0.645316 0.469577 -0.395792 0.398354 -0.821945 -0.023164 0.591804 0.146542 0.688843 0.016504 0.160247 -0.338130 0.272723 -0.238223 -0.503960
VERTEX_POSE A2483 -0.185012 -0.421881 -0.824133 -0.594675 -0.591135 0.602634 -0.413953 0.207890 0.410799 0.790745 -0.313530 -0.380127 0.267626 0.716005 -0.250092 0.302964 0.086073 -0.510916 -0.199888 -0.581729
VERTEX_POSE A2484 0.560556 0.309933 0.549423 -0.297490 0.457825 -0.479547 -0.382261 0.362330 0.736454 -0.588757 0.309508 -0.340655 -0.276888 0.489008 0.310858 0.603328 0.550696 -0.122445 0.258011 0.480132
VERTEX_POSE A2485 -0.428038 0.144888 -0.133242 0.651643 -0.554617 0.322811 -0.816145 -0.163536 -0.171554 -0.507319 0.116408 -0.373516 -0.182284 -0.449907 -0.848514 -0.142501 0.195148 -0.082895 0.151658 -0.848060
VERTEX_POSE A2486 0.984743 -0.255698 0.543857 -0.247819 0.953238 -0.069517 0.561223 -0.813511 0.471251 -0.124080 -0.260994 0.083022 -0.456122 -0.317975 -0.678599 -0.537762 -0.333084 -0.552902 0.415208 0.240894
VERTEX_POSE A2487 0.276918 -0.814470 -0.904805 0.703128 0.950936 0.593619 0.133770 0.011957 -0.609852 0.256668 -0.402631 0.398555 -0.490172 -0.376238 0.159346 0.549765 0.548640 0.302424 0.611324 -0.628637
VERTEX_POSE A2488 0.453556 0.373559 0.404324 -0.283038 -0.954918 0.328531 0.245528 -0.002120 -0.404840 0.643238 0.628825 -0.440257 0.461248 -0.767769 0.379184 0.440403 -0.017792 -0.624952 -0.345336 0.121608
VERTEX_POSE A2489 0.583933 0.811067 0.378050 0.044897 -0.484987 -0.474882 -0.590903 -0.273601 -0.582937 0.410481 0.348566 0.019367 -0.659097 0.653779 0.611213 -0.120432 -0.141457 -0.246406 -0.182827 -0.596830
VERTEX_POSE A2490 -0.480437 -0.265819 0.997857 0.981221 -0.723505 0.279881 -0.775222 0.429249 0.552631 -0.200215 -0.728662 -0.526515 0.036841 -0.145861 -0.389269 -0.361808 -0.513157 0.433032 0.476113 0.013828
VERTEX_POSE A2491 0.376906 -0.572698 0.677173 -0.509757 0.230113 -0.573834 -0.555247 -0.232510 0.775941 -0.234607 -0.319909 0.077470 -0.025856 -0.612690 0.005503 -0.600598 -0.204214 0.250197 -0.524666 0.653074
VERTEX_POSE A2492 -0.892294 0.092549 -0.528531 0.280731 -0.665720 0.463913 0.338733 -0.644818 -0.656546 -0.442226 -0.435977 0.552119 -0.569691 0.024360 -0.037638 0.162034 0.618592 -0.217898 0.582146 -0.104328
VERTEX_POSE A2493 0.325764 0.556857 0.212157 0.935399 -0.192384 -0.691425 0.267229 -0.309821 0.257375 0.388912 -0.357807 0.472772 -0.193673 -0.736256 0.433215 0.669660 0.369779 0.210952 -0.539798 0.311729
VERTEX_POSE A2494 0.233625 -0.475563 -0.469014 0.971038 0.536490 0.039759 0.784574 -0.449914 0.597404 0.236979 -0.225294 0.295744 0.391146 0.816670 -0.427016 0.352139 0.278352 0.609689 -0.226469 0.048902
VERTEX_POSE A2495 -0.747666 -0.141666 -0.482236 0.947357 -0.957034 0.437174 0.133327 0.360468 0.219825 -0.560748 0.194652 0.022201 -0.532803 0.592180 -0.870938 -0.060500 0.273796 -0.039109 -0.616642 -0.637599
VERTEX_POSE A2496 -0.629460 0.894144 -0.776215 -0.820060 -0.240605 -0.502074 -0.339583 0.108993 -0.228226 0.616194 -0.331453 0.627427 0.019883 -0.569235 0.363755 0.478465 0.722934 0.412130 -0.525037 0.177757
VERTEX_POSE A2497 0.557724 -0.371405 -0.813701 0.220752 0.504440 -0.748729 -0.196503 -0.492914 -0.137739 0.669730 0.108789 -0.636187 -0.012276 0.493569 -0.075901 -0.104456 0.696507 -0.099690 0.708369 -0.128329
VERTEX_POSE A2498 -0.031959 0.985270 -0.233311 0.722478 0.569493 0.104861 0.395903 0.700749 0.698825 -0.400047 -0.300890 0.344721 0.509117 -0.132244 -0.463022 -0.501806 0.149791 0.409177 -0.414986 0.615215
VERTEX_POSE A2499 0.943915 0.099622 -0.964103 -0.746682 -0.063619 0.767396 -0.008636 0.534178 0.225920 -0.697336 -0.482310 0.362152 -0.033246 0.065889 -0.104876 -0.679722 0.275143 0.466809 0.224768 -0.634024
VERTEX_POSE A2500 -0.756825 -0.075211 0.490497 0.217981 0.205366 -0.351135 0.511084 -0.472899 0.479082 0.762024 0.312315 0.265454 0.224482 -0.493912 0.709084 -0.322564 -0.446398 0.271880 -0.060606 0.485392
VERTEX_POSE A2501 0.807146 0.269354 -0.386201 0.661461 0.081161 0.410981 0.291237 -0.469033 0.559466 -0.044553 -0.431062 -0.338976 -0.526523 -0.142175 -0.626439 0.534242 -0.525354 -0.103744 -0.592077 -0.545878
VERTEX_POSE A2502 0.418357 0.476416 0.676883 -0.043348 0.328932 -0.256288 0.317477 -0.546850 -0.308080 0.210816 -0.197207 -0.741878 0.336535 0.529045 -0.401002 -0.846515 0.070653 -0.358074 -0.157865 -0.614153
VERTEX_POSE A2503 -0.484312 -0.370292 0.429034 -0.008857 0.717643 -0.853383 0.376479 0.158686 -0.483271 -0.361379 -0.528586 0.123449 0.232337 -0.586108 0.149828 0.808416 -0.237219 0.022317 -0.141958 -0.543709
VERTEX_POSE A2504 -0.422546 -0.979637 0.818241 -0.513240 -0.629773 -0.059670 0.231271 0.413775 0.444864 -0.200995 0.502500 0.292019 -0.427479 0.496021 0.620328 -0.348964 -0.574255 -0.573108 -0.775629 -0.021854
VERTEX_POSE A2505 -0.710352 0.377905 -0.451557 0.384011 0.823113 0.451401 -0.393947 -0.149784 -0.368500 0.496239 0.295060 -0.223988 -0.037293 0.623795 0.192845 -0.496730 0.663005 0.757024 0.591964 0.248615
VERTEX_POSE A2506 0.959687 -0.477609 -0.298381 -0.237141 0.480500 0.005002 -0.604992 -0.212320 0.329772 -0.610440 0.541359 -0.676017 0.157947 0.592586 -0.365487 -0.358549 0.180599 0.548312 0.328395 0.527330
VERTEX_POSE A2507 -0.179231 0.872448 0.479765 -0.060606 -0.623823 -0.656285 -0.262479 0.170486 0.589430 0.375584 0.307297 -0.124032 0.511412 -0.533455 -0.361938 0.566552 0.666219 0.274735 -0.455543 0.384814
VERTEX_POSE A2508 -0.323072 0.363304 -0.200291 -0.737943 -0.253207 -0.490720 0.665772 0.090433 -0.153586 0.351167 0.551867 0.542004 -0.064403 0.413386 -0.500368 -0.341503 -0.356115 -0.437572 -0.559157 0.624147
VERTEX_POSE A2509 0.074566 -0.126554 0.463850 -0.856052 -0.898409 -0.485989 0.475332 0.267642 0.511688 0.010981 0.736421 -0.116774 -0.540481 -0.328891 0.228418 0.694109 -0.448782 -0.660439 -0.005643 0.276547
VERTEX_POSE A2510 -0.574303 -0.743864 -0.217260 -0.765698 0.404132 -0.573645 -0.390238 -0.157968 -0.158349 -0.598693 0.592625 -0.612677 0.438151 0.480241 -0.303349 0.492217 -0.124778 -0.422449 -0.234580 -0.614525
VERTEX_POSE A2511 0.790517 -0.460186 -0.497555 0.013738 0.904832 -0.526734 -0.550261 -0.017512 -0.362656 0.708547 -0.260606 -0.594623 0.114685 0.706039 -0.208824 -0.410932 -0.379062 -0.440282 0.114700 -0.538143
VERTEX_POSE A2512 0.064542 -0.840812 -0.269004 0.369545 -0.406755 -0.529820 -0.181900 -0.556327 -0.247920 -0.460279 -0.128536 -0.076876 0.796998 -0.034359 -0.271246 0.337810 -0.533330 -0.760488 0.075724 0.623184
VERTEX_POSE A2513 0.251957 0.104643 -0.514846 -0.501421 -0.840876 0.101055 -0.114204 -0.703102 0.656616 0.574635 -0.339418 -0.316380 -0.121269 -0.334570 -0.673405 0.649738 -0.228993 -0.071220 -0.468921 -0.475466
VERTEX_POSE A2514 -0.394495 0.117933 -0.321689 0.419063 -0.686303 -0.829764 0.383745 0.371914 0.366717 0.076796 0.439504 -0.340565 -0.560139 -0.441618 0.176236 0.714079 -0.490701 -0.173110 0.152242 -0.482392
VERTEX_POSE A2515 -0.374901 0.469121 -0.719580 -0.927945 -0.948930 0.394820 0.311514 0.448683 0.031262 0.799389 0.223570 -0.727781 -0.151728 0.662258 0.208403 -0.326828 0.045140 0.519657 -0.366194 0.555046
VERTEX_POSE A2516 0.823919 -0.750469 0.351912 -0.849778 -0.395493 -0.644260 -0.663621 -0.248679 -0.226840 -0.137807 0.672449 -0.666491 0.474661 -0.148504 -0.252374 0.243980 0.612007 0.159907 -0.505753 0.298939
VERTEX_POSE A2517 -0.409752 0.862235 -0.777832 -0.828755 -0.733065 -0.264614 -0.549045 -0.267579 -0.517081 -0.065112 0.356414 0.293512 -0.539480 -0.528906 0.684822 -0.298435 0.591088 -0.327835 -0.560543 0.415023
VERTEX_POSE A2518 0.902017 0.654651 -0.624385 0.775183 -0.997994 -0.507407 -0.152850 -0.273196 -0.537835 -0.541132 -0.199941 0.376553 -0.593800 0.509434 0.484986 -0.479882 -0.632489 -0.276167 -0.317693 0.475209
VERTEX_POSE A2519 0.277475 0.623090 -0.243764 -0.132816 -0.350411 -0.037720 0.000450 -0.390822 0.361085 0.803297 0.153418 0.496762 -0.438506 0.675302 -0.715454 0.247920 0.601695 -0.330980 -0.317745 -0.075177
VERTEX_POSE A2520 -0.825818 0.673302 0.600219 0.216142 -0.218052 -0.578575 -0.254727 -0.216982 0.374670 -0.457624 0.589391 -0.608332 -0.228442 0.607377 -0.097357 0.815373 0.453328 0.381218 -0.093142 0.176419
VERTEX_POSE A2521 -0.578420 -0.611168 -0.626528 0.756404 -0.721499 -0.091955 0.187562 -0.109009 0.300649 0.114760 0.455370 0.599417 0.585505 0.294365 0.365404 -0.768162 0.396445 0.639010 -0.136974 -0.732759
VERTEX_POSE A2522 -0.345618 -0.949609 -0.566591 0.357428 0.879702 0.390388 0.636702 0.324127 -0.193455 0.374319 -0.840203 0.357281 -0.427665 0.045059 0.659750 0.290639 -0.159714 -0.497244 0.432582 0.401823
VERTEX_POSE A2523 -0.718112 -0.234150 -0.928313 -0.503127 0.116228 -0.098594 -0.723702 0.471888 0.051043 0.069607 0.319494 0.126855 -0.485821 -0.798937 -0.829594 -0.250573 -0.037649 0.532311 -0.415454 0.188485
VERTEX_POSE A2524 0.747344 0.945689 0.585629 0.691804 0.086117 0.444439 -0.635073 0.368495 -0.334889 -0.465681 -0.296601 0.278617 0.325338 -0.641905 -0.141697 -0.521076 -0.564513 -0.769817 0.049596 0.213358
VERTEX_POSE A2525 0.888007 -0.425172 -0.035605 0.328466 0.416192 -0.121391 0.709593 -0.273787 0.645077 0.067888 0.617975 0.284031 0.515988 0.199457 -0.236626 0.474839 0.122285 -0.657628 -0.012390 0.698864
VERTEX_POSE A2526 -0.465779 0.624184 -0.410548 -0.555771 0.159194 0.018027 0.492167 -0.162172 0.229626 -0.375312 -0.060076 0.391502 -0.489399 -0.656528 -0.867888 -0.414838 -0.148822 -0.201107 0.453111 -0.718968
VERTEX_POSE A2527 -0.882116 0.839833 0.809414 0.871744 0.845512 0.056876 -0.150135 0.092041 -0.277985 -0.436207 -0.795215 -0.511139 0.428364 -0.315694 0.432086 -0.578474 -0.104989 0.686679 0.518706 -0.498474
VERTEX_POSE A2528 0.445730 0.203424 0.150694 -0.450782 -0.079368 -0.709172 -0.223863 0.587449 -0.532711 -0.250875 -0.784024 -0.172683 0.257856 -0.165443 0.388847 -0.817585 -0.025141 0.179645 0.389887 -0.110487
VERTEX_POSE A2529 0.502263 0.609454 0.356140 -0.833293 -0.271313 -0.098751 0.589044 -0.180184 0.027221 -0.392122 -0.572959 -0.751274 -0.318688 0.483487 0.651818 -0.248271 0.560872 -0.015096 0.579713 0.301521
VERTEX_POSE A2530 -0.938201 -0.060545 0.845311 -0.874938 -0.218107 0.140288 -0.754799 0.269656 -0.098216 -0.644450 -0.387166 -0.607376 0.055485 0.037304 0.554179 0.037357 0.565550 0.542819 0.102414 -0.675389
VERTEX_POSE A2531 0.688906 -0.871787 -0.358809 0.767199 -0.874002 0.722422 0.046466 0.182282 -0.281725 0.917641 0.008588 0.599891 0.335895 -0.480805 -0.196751 -0.129481 -0.824057 -0.012491 0.161820 0.237605
VERTEX_POSE A2532 0.309408 -0.121192 0.969940 0.828168 0.809849 -0.479884 -0.600048 -0.459495 0.764793 -0.351986 0.160486 0.389193 -0.281662 -0.604818 -0.179245 -0.571229 0.621748 -0.034687 0.332284 -0.103596
VERTEX_POSE A2533 0.480156 -0.584129 0.522194 0.081714 -0.889175 0.479047 0.830642 -0.222145 -0.573526 0.154830 -0.779328 -0.225633 0.405916 0.405737 0.468300 -0.269404 -0.392081 -0.413964 0.220715 0.157955
VERTEX_POSE A2534 -0.795406 -0.242079 -0.929775 -0.241658 0.843641 0.456790 0.206501 -0.075062 0.047301 0.782498 -0.212866 -0.475463 -0.371754 -0.556695 -0.559891 0.436602 -0.275954 0.499562 -0.127405 -0.750329
VERTEX_POSE A2535 0.886862 -0.100829 0.788180 -0.685072 -0.819925 0.131531 -0.181328 -0.271900 -0.766781 0.199180 0.524956 -0.385522 -0.547419 -0.178814 -0.413637 -0.377844 -0.480825 -0.273904 0.696430 -0.622355
VERTEX_POSE A2536 0.769804 0.793776 -0.929363 -0.534275 0.933938 0.639601 0.034962 -0.696849 -0.452966 0.162108 -0.664438 -0.472349 0.443518 -0.147169 -0.395766 -0.519255 -0.158438 -0.077390 -0.711452 -0.161748
VERTEX_POSE A2537 -0.835719 0.280313 -0.228156 0.521201 0.324141 -0.377601 -0.295310 0.290042 0.534292 -0.527768 -0.017890 -0.290758 0.376585 -0.684016 -0.690508 -0.481584 0.015802 -0.102995 0.510406 0.668901
VERTEX_POSE A2538 -0.292369 -0.228381 0.267946 0.254322 -0.443748 0.640597 -0.231220 -0.646767 0.103690 -0.226441 0.585258 0.529204 -0.448564 0.432004 0.477352 0.831906 0.207232 0.266386 0.044556 0.097944
VERTEX_POSE A2539 -0.553269 0.157080 -0.129654 -0.272218 -0.319269 0.382260 0.165873 -0.428158 0.252578 0.650117 -0.448699 -0.501562 -0.429361 -0.686852 -0.468862 0.411402 0.341547 -0.564522 0.442981 -0.164101
VERTEX_POSE A2540 0.238847 -0.846241 -0.764305 0.665149 0.425732 -0.447907 -0.625318 -0.497707 0.343465 -0.409661 -0.394543 -0.322596 -0.028185 0.192046 -0.617746 0.528117 -0.407942 0.442418 0.401813 -0.627157
VERTEX_POSE A2541 0.133327 0.027755 -0.949314 0.488623 0.960384 0.559251 0.702661 -0.121527 -0.302938 -0.157019 -0.524431 -0.039415 0.049092 0.814126 0.585425 -0.176035 -0.190584 0.501190 -0.669488 0.105260
VERTEX_POSE A2542 -0.762752 0.696894 0.372790 0.741520 -0.414437 -0.385110 -0.662010 0.389083 0.575844 0.141431 -0.211341 -0.026880 -0.461299 -0.711326 -0.535900 0.565657 0.019479 0.481853 -0.094745 0.545514
VERTEX_POSE A2543 -0.696611 -0.687053 -0.033309 0.034694 -0.981023 0.029740 -0.685627 -0.060415 0.148895 -0.304302 -0.675913 -0.634083 -0.033821 0.400971 0.132096 0.657957 -0.308722 -0.746616 0.057137 -0.532357
VERTEX_POSE A2544 -0.614715 -0.867602 -0.464160 0.987202 -0.880492 0.095537 0.866861 0.019330 0.429804 -0.335602 0.570904 0.402904 -0.293046 -0.598611 -0.716206 -0.198793 0.259876 0.361745 0.102610 0.497820
VERTEX_POSE A2545 -0.157246 -0.185173 -0.948898 0.160583 -0.100740 0.580556 0.091962 0.099023 -0.570085 -0.249440 0.553455 -0.485508 0.681155 -0.438369 -0.089114 0.396535 0.620221 0.307078 0.555078 0.327171
VERTEX_POSE A2546 -0.071512 0.782068 0.247111 0.106749 -0.929953 -0.380835 0.086813 -0.352026 0.805485 -0.375361 -0.151459 -0.068929 -0.580796 0.483976 0.187713 0.533897 0.733127 -0.407640 -0.478747 0.285358
VERTEX_POSE A2547 -0.790796 -0.618070 0.887752 -0.862575 -0.275985 0.141621 0.805224 -0.553632 -0.752301 0.447253 0.413845 0.382403 0.069645 0.215126 -0.421229 -0.342619 -0.687292 0.300535 0.171290 0.059793
VERTEX_POSE A2548 0.433002 -0.322938 -0.726730 0.331828 0.166195 -0.448520 0.671376 0.267057 0.120619 -0.024802 0.487857 0.814766 0.176420 0.380407 0.317842 0.644591 -0.586315 0.139329 -0.319403 -0.449669
VERTEX_POSE A2549 -0.169495 0.436719 0.622725 -0.118068 -0.927947 -0.760336 0.139388 -0.527572 -0.008052 -0.409955 0.433655 0.372588 0.556717 -0.189188 -0.177159 0.707730 0.530932 -0.501614 -0.041138 0.464683
VERTEX_POSE A2550 0.486679 -0.994981 -0.356012 0.004609 0.373604 0.386047 0.781941 0.421733 0.212464 0.374533 -0.826269 0.501369 -0.195239 0.299327 -0.742489 0.360428 0.193404 0.056262 -0.283313 0.111442
VERTEX_POSE A2551 0.607184 -0.649637 0.873489 -0.452030 0.948142 0.240399 0.337909 -0.074252 0.540283 0.632716 0.157833 -0.094504 0.446896 -0.708220 -0.402748 0.450212 0.657616 0.692218 -0.288238 0.188523
VERTEX_POSE A2552 0.252085 0.825551 0.996197 -0.361664 -0.649447 -0.506865 -0.356214 0.140921 0.519622 0.028275 -0.631642 -0.547970 0.501920 -0.164689 0.336739 0.603413 0.608925 -0.243757 0.506242 -0.428086
VERTEX_POSE A2553 -0.858939 -0.944589 0.077397 -0.637964 0.253306 0.338707 -0.237008 0.630050 -0.828624 0.291537 0.223422 -0.020132 0.545590 0.166241 0.087094 0.194159 0.697829 -0.436656 -0.723510 0.196262
VERTEX_POSE A2554 0.889071 0.116213 0.945176 0.044843 0.064370 0.040730 -0.755746 0.276484 -0.776807 -0.329953 -0.085544 -0.393713 0.131679 -0.661090 0.341833 0.053741 -0.442301 -0.350789 0.547496 0.532511
VERTEX_POSE A2555 -0.000571 0.771240 0.581826 -0.669861 0.436670 -0.030921 -0.777906 -0.384082 0.703986 -0.094263 0.569488 0.204173 0.219979 -0.523676 0.029691 -0.580622 0.206667 -0.678881 -0.021553 0.459584
VERTEX_POSE A2556 -0.970933 -0.369761 -0.958209 0.690502 -0.330502 -0.649002 -0.486376 0.235289 0.659710 -0.404584 -0.040507 0.144259 -0.551258 -0.490826 0.266839 0.414779 0.259868 -0.227080 0.351886 -0.796591
VERTEX_POSE A2557 -0.576707 -0.259602 -0.465372 0.489072 -0.776436 -0.560474 0.324889 0.541024 -0.600443 0.145313 -0.704489 0.439002 0.768797 0.014763 -0.264643 0.477592 0.045224 -0.250157 -0.232782 0.456865
VERTEX_POSE A2558 0.117313 0.611074 0.391241 -0.798117 0.282182 0.186579 0.463752 0.353070 0.762549 0.260538 -0.395434 -0.339005 0.743845 -0.445224 0.426334 -0.279776 -0.265548 -0.294997 -0.292360 -0.670994
VERTEX_POSE A2559 0.474798 0.833663 0.192486 -0.760280 0.590131 0.302372 -0.518516 -0.239002 0.528554 -0.569976 0.158373 -0.221626 -0.005045 -0.780384 0.347896 0.082576 -0.555540 -0.677534 -0.632001 -0.013100
VERTEX_POSE A2560 0.925555 -0.650148 0.890768 0.655779 -0.047749 0.664063 0.550712 -0.296771 0.273643 0.373005 0.309005 -0.210886 -0.104806 -0.568131 -0.270977 0.327252 -0.636692 -0.605176 0.662952 0.297141
VERTEX_POSE A2561 0.179112 -0.449471 0.236552 -0.673055 -0.935925 0.041659 -0.354067 -0.580824 0.479159 -0.186156 0.012027 -0.642838 0.518740 -0.271959 0.571203 0.651257 -0.457817 0.170757 0.383087 0.615581
VERTEX_POSE A2562 0.163704 0.961876 0.833677 -0.993081 0.716129 0.747571 -0.355374 -0.334358 -0.352710 -0.720056 -0.483943 -0.483471 -0.232464 0.201547 -0.280261 0.437946 -0.709423 -0.066655 -0.330745 0.331817
VERTEX_POSE A2563 0.234963 0.228659 0.860707 0.483947 -0.237900 0.662256 -0.354322 0.167334 0.053907 -0.363930 0.746784 -0.013720 0.766232 0.422547 0.159066 0.242763 0.393344 -0.730082 -0.309784 0.284688
VERTEX_POSE A2564 -0.340732 -0.033600 -0.241254 0.408659 -0.825100 -0.092002 0.098596 0.192280 0.336146 -0.917110 -0.143800 0.529355 0.312081 -0.689581 -0.490178 -0.036103 -0.658952 0.598373 0.224701 0.180585
VERTEX_POSE A2565 0.368297 -0.280202 0.903902 -0.234740 0.559770 -0.428867 -0.410035 0.175966 0.152445 -0.423781 0.045280 -0.673229 0.611107 0.116397 -0.560610 -0.463784 -0.500091 0.159101 0.252455 -0.838657
VERTEX_POSE A2566 0.121825 -0.872170 0.648888 0.798875 -0.057825 -0.520992 -0.054483 0.836292 -0.129339 -0.817051 -0.039544 -0.549843 0.339419 -0.198930 -0.561026 -0.291141 -0.481809 0.307833 -0.359847 0.165348
VERTEX_POSE A2567 -0.570928 -0.239824 -0.170618 0.874384 -0.891161 -0.228975 0.402040 0.317988 0.361122 -0.347504 0.548374 -0.435228 0.118164 -0.521418 0.084256 0.798818 0.309500 0.787806 0.255991 -0.480108
VERTEX_POSE A2568 0.532578 -0.999890 -0.324254 -0.713539 -0.116089 -0.259144 0.532667 0.486290 0.589581 -0.531687 0.268205 0.644935 0.534334 -0.476997 -0.411284 -0.251428 -0.672985 0.011985 0.291284 -0.105604
VERTEX_POSE A2569 0.829456 -0.100550 -0.083166 0.053197 0.498427 -0.503198 -0.206758 -0.508867 0.191384 -0.488607 -0.622153 -0.687973 -0.440594 0.459077 0.486336 -0.631620 0.370611 -0.018255 0.354187 0.076658
VERTEX_POSE A2570 -0.124196 0.917255 0.699728 -0.397834 -0.210430 0.257640 -0.589567 0.413297 -0.514872 0.468020 0.497493 -0.102386 -0.022830 -0.749253 -0.569505 -0.018653 -0.141855 0.577676 0.657646 -0.013566
VERTEX_POSE A2571 -0.228575 -0.846131 -0.088560 0.951610 -0.690357 -0.733476 0.437604 -0.388240 0.507908 -0.056908 -0.510460 0.228011 0.338130 0.478064 -0.220564 -0.765933 -0.209883 0.321566 0.322923 -0.562232
VERTEX_POSE A2572 -0.037216 0.927205 -0.032481 -0.458180 0.458812 -0.673399 0.044110 0.104125 -0.442591 0.445227 -0.277322 0.385316 0.030769 -0.770293 -0.201444 0.461129 -0.381752 0.401994 0.765664 0.416131
VERTEX_POSE A2573 0.113052 0.614149 0.072518 -0.656314 0.375133 -0.400920 -0.646525 0.308507 0.793382 -0.478525 -0.249394 0.333848 -0.172914 0.659175 0.145188 0.279505 0.638045 -0.277983 -0.494973 -0.031840
VERTEX_POSE A2574 0.074815 -0.533184 0.878131 -0.013697 -0.671380 0.804537 0.008915 -0.500995 0.420992 -0.527217 0.280014 -0.285641 -0.584938 -0.137796 -0.200684 0.348676 -0.593066 -0.231562 -0.508169 -0.547613
VERTEX_POSE A2575 0.348068 -0.940397 0.503359 -0.470977 0.578320 0.234637 0.248055 0.393987 -0.767745 0.217377 0.525742 -0.421038 -0.544458 -0.455914 0.121160 0.604334 -0.426520 0.404427 -0.479126 0.422603
VERTEX_POSE A2576 0.955806 -0.571024 0.123620 0.504269 -0.725607 -0.661435 -0.056165 -0.357136 -0.274412 -0.429183 0.719073 0.464604 -0.478236 -0.479841 0.037828 0.760557 0.043474 0.519533 0.074100 0.351069
VERTEX_POSE A2577 -0.996697 -0.751116 0.125242 -0.906948 -0.601334 -0.667844 0.227310 0.644420 -0.455639 -0.796070 -0.198807 -0.033499 -0.158499 0.424957 0.587545 -0.363410 0.602004 -0.006812 0.396754 -0.046926
VERTEX_POSE A2578 0.557272 -0.558467 0.391111 -0.333553 -0.697665 0.387798 0.499371 -0.111993 0.674574 0.371075 0.314840 0.133231 -0.045710 0.185040 -0.159463 0.493706 -0.756934 0.592777 -0.605885 -0.530230
VERTEX_POSE A2579 0.388808 0.106038 0.396891 -0.163903 0.440587 -0.106262 -0.751698 0.020380 0.424476 -0.369585 -0.097952 0.122999 0.486716 0.416336 0.768359 0.141631 -0.464348 -0.450582 0.203483 -0.775265
VERTEX_POSE A2580 -0.166193 0.685602 -0.252033 -0.025016 -0.529281 -0.131335 0.613358 0.108054 0.689866 -0.215664 -0.470154 -0.444350 -0.729072 -0.022734 -0.079607 -0.103903 0.555456 0.550502 -0.186920 0.676929
VERTEX_POSE A2581 0.043951 -0.553448 -0.964901 0.671056 0.675940 -0.405227 0.362226 -0.386835 0.236239 -0.367336 0.437953 -0.358587 0.614064 0.666282 0.584343 0.546202 -0.338149 -0.556723 -0.241752 -0.316670
VERTEX_POSE A2582 -0.004009 0.456401 0.270380 0.384067 0.388730 -0.029975 -0.625913 0.461850 0.269223 0.082405 0.200783 0.919509 0.106927 -0.151848 -0.152253 -0.239274 -0.842033 -0.240714 0.729902 0.119595
VERTEX_POSE A2583 -0.914108 0.511153 -0.255836 0.613319 -0.178728 -0.155255 -0.080663 0.552726 -0.479412 0.051838 0.545910 -0.541268 -0.336210 0.086509 -0.080400 0.926000 0.142408 0.668300 -0.142451 0.607218
VERTEX_POSE A2584 0.185012 -0.498037 0.112495 -0.966908 -0.070754 -0.544601 -0.350142 -0.120398 0.277382 -0.835285 -0.062157 -0.668469 0.049973 0.473305 -0.418855 -0.231872 -0.533899 0.064638 -0.351338 0.687441
VERTEX_POSE A2585 -0.114938 -0.427385 0.215556 -0.571091 -0.546900 0.269926 0.218654 -0.398590 -0.777257 -0.172532 0.368945 -0.309332 0.938496 -0.018489 -0.232301 -0.108073 -0.572345 0.416366 0.173115 0.614073
VERTEX_POSE A2586 0.085321 0.282393 -0.674010 0.943459 -0.742058 -0.268080 0.560110 -0.368722 -0.718476 0.061339 -0.364616 0.262747 -0.355765 -0.299999 0.287667 -0.247140 -0.793746 -0.510037 -0.703468 0.105200
VERTEX_POSE A2587 0.214079 0.132203 0.154287 0.723595 0.598744 -0.346715 -0.669544 0.504279 -0.738131 0.342136 -0.070417 0.247223 0.538269 0.793109 -0.174597 -0.224113 0.332844 -0.493303 0.307724 0.030605
VERTEX_POSE A2588 0.308355 0.313012 0.750183 0.917982 -0.323336 -0.549551 0.368419 0.412993 -0.135551 0.231517 -0.889452 -0.334094 -0.472211 -0.179219 -0.326509 0.641174 -0.070732 0.679259 0.420214 0.034484
VERTEX_POSE A2589 -0.797367 -0.106533 0.717230 -0.854658 0.540124 0.070404 0.005211 0.345867 0.484250 -0.794003 -0.353835 0.526743 0.476903 -0.343210 -0.407234 0.151191 -0.798349 0.563248 0.345307 0.004728
VERTEX_POSE A2590 -0.311123 -0.034134 -0.653228 0.963315 0.188875 -0.664225 0.405462 -0.296104 -0.340109 -0.558004 0.318665 -0.136103 -0.672161 -0.656501 0.316811 -0.243550 0.350410 0.569419 0.114523 -0.506946
VERTEX_POSE A2591 0.233910 0.662864 0.640951 0.573761 0.628915 0.460055 -0.199461 -0.152579 0.352903 -0.042817 0.830321 0.522597 -0.407226 -0.461332 0.012450 -0.718343 0.271831 0.624937 0.525864 0.023807
VERTEX_POSE A2592 0.381745 0.443996 -0.046218 -0.527713 0.604199 -0.573306 0.529820 -0.281183 -0.621973 -0.468524 0.127693 0.331234 -0.415789 0.160786 0.177209 -0.250879 -0.933971 -0.378618 -0.513766 -0.080471
VERTEX_POSE A2593 0.852581 -0.072258 -0.819551 0.970233 -0.094996 0.641730 -0.500012 -0.044940 0.517483 -0.184651 0.400036 -0.376945 -0.204868 0.511540 0.240519 0.318467 -0.603535 0.347069 0.756637 0.460460
VERTEX_POSE A2594 -0.531127 -0.108477 0.501659 0.057708 -0.608985 0.556376 -0.579510 0.464490 0.564916 0.269321 -0.666138 -0.496477 -0.083952 -0.047772 -0.298114 -0.667988 -0.502301 0.189615 -0.371993 -0.293121
VERTEX_POSE A2595 -0.958986 -0.589604 0.712528 0.880947 0.779099 -0.267582 0.481807 0.148302 -0.573643 -0.636122 -0.038087 -0.683397 0.331033 -0.482914 -0.357026 -0.069803 0.826814 -0.069531 0.498754 0.244396
VERTEX_POSE A2596 0.220879 0.647540 -0.915650 -0.264507 -0.535226 -0.128065 -0.486984 0.220348 -0.417892 -0.446452 -0.683531 -0.806083 0.341074 0.412850 -0.397275 -0.126604 -0.139174 0.037002 -0.656633 0.542602
VERTEX_POSE A2597 0.590699 0.019354 0.150547 -0.143417 0.333191 -0.089300 0.154299 0.387634 -0.048628 -0.621760 0.682360 0.035124 -0.511151 -0.022823 -0.381983 0.528440 0.541749 -0.917887 -0.221544 -0.300187
VERTEX_POSE A2598 -0.529914 0.170571 -0.458090 0.755331 0.887938 -0.643789 0.382381 0.143379 0.365651 -0.151835 -0.097897 -0.205687 0.333771 0.529528 0.639849 0.589311 0.357511 0.011029 -0.609951 0.749430
VERTEX_POSE A2599 -0.246543 0.647650 -0.239904 0.021955 0.348685 0.362433 -0.432130 -0.730322 0.626381 -0.496156 0.467522 0.407281 0.217597 0.344251 -0.136563 -0.399203 -0.115493 -0.540150 -0.600317 0.340892
VERTEX_POSE A2600 0.420155 0.918804 -0.932620 0.909780 -0.168382 -0.140217 -0.353839 0.722392 -0.465943 -0.027783 0.483820 0.839921 -0.174440 0.338397 -0.118141 0.568057 0.186116 -0.209309 -0.721740 -0.308085
VERTEX_POSE A2601 0.345889 0.087826 -0.758362 -0.642504 -0.322492 0.550306 -0.621151 -0.201884 -0.536654 -0.606135 -0.455382 -0.354435 -0.157104 0.553557 -0.476286 -0.142394 0.188042 -0.238104 0.449237 -0.640379
VERTEX_POSE A2602 0.524882 0.801519 0.671536 -0.026436 0.658328 -0.355141 -0.248811 -0.331486 -0.463841 -0.155367 0.290859 -0.352584 -0.548016 -0.517145 0.045456 0.584845 -0.710582 0.729620 -0.521141 -0.182079
VERTEX_POSE A2603 -0.617061 0.846009 0.034900 -0.548400 -0.709570 -0.100949 -0.540269 -0.131034 0.058889 -0.403206 0.730522 0.870841 -0.264886 -0.359351 0.343633 -0.079079 0.509185 -0.331502 -0.684921 -0.246504
VERTEX_POSE A2604 -0.541059 -0.298024 0.314156 -0.298818 -0.947359 -0.605438 -0.672386 0.131477 0.197091 -0.543945 0.336193 0.231318 -0.113987 0.317977 0.283383 0.149695 0.773949 -0.678812 0.465424 0.411804
VERTEX_POSE A2605 -0.400304 -0.731665 0.549667 0.959868 0.986947 0.610548 -0.329571 -0.134452 0.092925 -0.166598 0.975564 -0.602280 -0.188166 0.080539 0.503336 0.291158 0.091666 0.050078 -0.862235 -0.123726
VERTEX_POSE A2606 0.731007 0.905612 -0.461741 -0.019377 0.868750 0.286084 -0.142420 0.348675 -0.651907 0.278642 -0.521448 -0.460610 0.210774 0.528642 0.159472 0.851894 0.304459 -0.505550 -0.363216 0.484107
VERTEX_POSE A2607 -0.585253 0.130952 -0.562223 -0.794549 -0.672966 -0.512402 0.666155 0.069906 -0.113495 0.331983 -0.510335 -0.217171 -0.549317 -0.563669 -0.615313 -0.376327 0.543955 -0.546618 -0.051522 -0.347939
VERTEX_POSE A2608 -0.397001 -0.482781 -0.325091 -0.947080 -0.614386 0.513690 -0.534425 -0.589697 -0.470005 -0.005958 0.038426 0.308789 -0.135608 0.608273 -0.636230 -0.603976 -0.109213 -0.122793 0.575481 -0.518515
VERTEX_POSE A2609 0.288280 -0.652855 0.929370 0.647070 -0.828915 0.321115 0.431131 -0.421550 -0.042372 0.022452 0.747476 0.151749 -0.585517 -0.434551 0.933727 -0.062836 0.251213 0.014682 0.683260 -0.107851
VERTEX_POSE A2610 0.803554 -0.763010 0.834667 0.041548 0.767621 0.057932 -0.250634 0.078476 -0.345086 0.151540 -0.518391 -0.514950 -0.594745 0.530151 -0.570102 0.690980 0.366318 -0.536069 -0.288172 -0.556653
VERTEX_POSE A2611 0.436806 -0.797179 0.422876 0.027903 -0.143668 -0.034457 -0.364126 0.281891 -0.512009 0.357624 -0.296028 0.670407 -0.288069 -0.562765 0.522854 0.564882 0.553367 0.117633 0.580898 -0.458242
VERTEX_POSE A2612 -0.667769 -0.206302 0.964468 0.318126 0.847025 0.656014 -0.250001 0.646374 0.169558 0.701464 0.075528 0.680296 -0.193187 -0.608365 0.000081 0.096408 0.446779 0.279450 0.631531 -0.082320
VERTEX_POSE A2613 -0.200454 0.693391 0.105047 -0.574385 0.156351 -0.286404 0.406270 -0.603123 -0.573677 -0.285094 0.582385 0.291446 -0.630159 -0.194065 -0.225559 -0.597126 -0.482890 0.673090 0.002638 0.161946
VERTEX_POSE A2614 0.522698 0.713974 -0.832960 -0.358777 0.677604 0.082027 0.671875 -0.634525 -0.482118 -0.390200 -0.501607 -0.581240 0.193835 0.489090 -0.267293 0.596963 0.206780 -0.592915 -0.048901 -0.252589
VERTEX_POSE A2615 0.517243 0.295661 0.076964 0.351219 -0.223729 -0.322201 0.706713 0.404709 -0.486654 0.260706 -0.217502 -0.473552 -0.083716 -0.730978 0.002690 0.446496 -0.131827 0.659618 0.475627 -0.487028
VERTEX_POSE A2616 0.684608 -0.733994 -0.679397 -0.145476 0.609451 0.242030 0.426422 0.770356 0.584549 -0.574261 -0.124947 -0.375337 -0.540948 0.562247 -0.641739 0.099774 -0.210950 -0.216834 -0.431056 0.174120
VERTEX_POSE A2617 -0.391981 -0.003633 -0.506970 -0.415319 0.935546 0.171733 0.592610 0.655049 0.851480 -0.445713 0.059496 0.039187 -0.321957 0.412463 0.459187 0.535492 -0.147737 -0.181940 -0.244426 0.612715
VERTEX_POSE A2618 -0.268678 -0.572136 -0.768750 0.074813 -0.624985 0.736147 0.341320 -0.200055 -0.511166 0.092478 0.376269 -0.327659 0.500033 -0.413274 -0.224326 0.615893 -0.230495 0.197772 0.495572 0.771023
VERTEX_POSE A2619 -0.007037 0.579018 -0.929214 -0.227494 -0.713885 -0.544377 -0.311173 0.505005 0.056472 -0.807476 -0.335259 -0.409126 -0.333190 -0.209651 -0.592983 0.222266 0.184131 0.425971 -0.301224 0.744791
VERTEX_POSE A2620 -0.189348 0.889834 -0.789740 -0.269977 0.475670 -0.312390 0.742333 -0.275151 0.023638 -0.077167 0.788626 0.468912 0.043075 0.108251 0.410242 0.659400 0.345021 0.716712 -0.079516 -0.414250
VERTEX_POSE A2621 0.420199 0.393729 -0.421977 0.038128 0.563890 0.829960 -0.118174 -0.221867 0.413556 -0.069704 0.392221 -0.003630 -0.449761 0.790450 -0.302122 0.212055 0.188327 -0.221012 -0.856694 -0.369675
VERTEX_POSE A2622 -0.773127 0.241883 0.711737 -0.653733 0.915030 0.353381 -0.567522 0.618534 -0.641203 -0.490655 0.153510 0.607637 -0.438321 -0.442957 -0.290512 -0.472825 -0.323217 0.101785 0.146587 0.541452
VERTEX_POSE A2623 -0.807602 0.333830 0.164042 0.202311 0.079869 -0.304555 -0.712720 0.522794 0.296122 -0.053903 -0.459239 0.219247 -0.638757 -0.515717 -0.516363 0.264290 -0.124637 -0.710534 -0.106138 -0.484033
VERTEX_POSE A2624 0.272780 -0.678529 -0.241528 0.008361 -0.531107 -0.187258 0.579677 0.492041 -0.174516 0.510916 -0.815901 -0.708209 0.243761 0.226998 -0.349910 -0.437721 0.005210 0.557208 0.389769 0.201606
VERTEX_POSE A2625 -0.304254 -0.866594 0.213396 0.403975 -0.693955 0.104328 -0.579770 0.405334 0.282487 0.017499 -0.838290 -0.483138 0.354360 0.089432 -0.628084 0.227833 -0.089679 0.530477 0.697195 0.341957
VERTEX_POSE A2626 -0.766589 0.744226 -0.123430 0.083257 -0.141032 0.483996 0.620927 0.231420 0.665468 -0.202030 -0.572897 0.084567 -0.671832 -0.021888 -0.506527 0.301106 -0.703510 -0.243267 -0.177793 0.350468
VERTEX_POSE A2627 -0.506341 0.969011 -0.157178 0.743854 -0.066333 0.743494 0.135391 0.131873 0.228145 0.656255 -0.062763 -0.451242 0.689223 0.324397 -0.304707 0.074618 -0.762621 0.314167 0.265336 -0.540228
VERTEX_POSE A2628 -0.713555 0.152760 -0.636057 -0.739442 0.639236 0.450218 0.242317 -0.354720 -0.415561 0.073946 0.425127 0.524654 -0.612673 0.569948 0.240917 -0.403603 -0.525640 0.539731 0.630516 0.303815
VERTEX_POSE A2629 -0.296503 -0.085203 0.418480 -0.161412 -0.253094 0.610217 -0.076488 0.296961 -0.620032 0.261886 0.478071 -0.399844 -0.071325 -0.636667 -0.189673 -0.959393 0.157620 0.217590 -0.006607 -0.503064
VERTEX_POSE A2630 0.247115 0.616661 0.602918 -0.234191 -0.717648 0.447446 0.524798 0.241909 -0.319431 0.568489 -0.506334 0.521539 -0.490488 -0.131694 0.636015 0.359325 -0.131705 -0.145732 0.178084 0.806484
VERTEX_POSE A2631 0.706600 0.071564 -0.568677 -0.829662 -0.529146 -0.373173 0.389385 -0.495957 -0.577832 0.280036 0.552958 -0.197224 0.459356 -0.478308 0.072514 -0.422824 -0.456490 0.694764 0.616580 0.105369
VERTEX_POSE A2632 -0.950614 -0.997377 0.660117 0.196084 0.424413 0.323444 -0.344540 -0.373394 0.305610 0.598888 0.557097 0.556031 0.345341 -0.589153 -0.506750 0.625533 -0.434683 -0.485819 -0.109879 -0.119034
VERTEX_POSE A2633 -0.228003 0.418180 0.274454 0.739373 0.940680 0.174409 0.900233 0.317861 0.047111 0.205539 -0.221065 -0.646667 -0.041516 0.002168 -0.442917 0.379147 -0.702519 -0.594146 0.043100 0.597124
VERTEX_POSE A2634 -0.910461 -0.082428 0.466223 -0.378061 -0.238717 0.146776 -0.607854 -0.275040 0.231094 0.013601 0.690821 -0.705891 0.254609 -0.333216 0.290685 0.747408 -0.058720 -0.585041 -0.082970 0.576748
VERTEX_POSE A2635 -0.491673 -0.295401 -0.025726 0.897266 0.477054 -0.187244 0.331767 0.371392 0.622594 0.497493 -0.015478 0.422650 0.370234 0.295703 -0.521826 0.354659 0.553720 0.355502 -0.616097 0.683946
VERTEX_POSE A2636 0.371693 0.686515 -0.175879 0.699241 0.927627 -0.562092 0.707335 0.136282 0.809140 0.493262 0.090049 -0.116518 -0.272595 0.596195 0.055471 -0.417049 -0.215493 0.112659 -0.090175 0.755932
VERTEX_POSE A2637 0.820547 -0.176815 -0.995518 0.602561 -0.369967 0.084808 0.633415 -0.543716 -0.585570 0.233088 0.473429 0.622429 -0.377311 0.202671 0.252268 0.421277 0.659053 -0.445935 -0.473938 -0.069362
VERTEX_POSE A2638 -0.076926 0.835551 0.412050 -0.897283 0.804088 -0.765113 0.305922 0.364969 -0.136357 0.327573 0.201784 0.322147 -0.277374 0.254854 0.291026 -0.061920 0.870169 -0.455559 -0.847548 0.062746
VERTEX_POSE A2639 0.974692 -0.796266 0.499030 0.752161 -0.686759 -0.106164 -0.475316 -0.416976 -0.161086 0.334933 -0.344742 -0.083144 -0.386762 -0.669104 0.634426 0.525114 -0.471465 -0.743889 0.486379 -0.193143
VERTEX_POSE A2640 0.108826 0.170330 0.933852 0.249632 -0.198882 -0.737402 0.042473 -0.432893 -0.181259 -0.785073 0.533467 0.021582 -0.390341 -0.375369 -0.317626 0.471750 0.621462 -0.567477 -0.083322 0.030004
VERTEX_POSE A2641 -0.273372 -0.927459 0.246718 0.144265 0.571709 0.306843 0.318531 -0.630016 -0.230843 -0.589850 0.279689 -0.793712 -0.129857 -0.578412 0.414122 -0.553354 -0.418267 0.226016 -0.477023 -0.123881
VERTEX_POSE A2642 0.411498 -0.593445 -0.078094 -0.219936 0.169573 0.281585 -0.505669 -0.254223 -0.356478 -0.488796 -0.299559 -0.609248 0.320967 0.362297 -0.585082 -0.480259 0.089527 0.283072 -0.414378 0.840453
VERTEX_POSE A2643 0.441057 0.964028 0.898320 -0.432242 -0.351857 0.690502 0.634971 -0.247772 -0.481758 0.378351 -0.558365 -0.166656 0.059222 -0.513567 -0.192518 -0.254509 -0.315427 0.475688 -0.620791 -0.513412
VERTEX_POSE A2644 0.526174 0.765933 -0.648235 0.569880 -0.271940 0.264640 -0.166146 0.004415 0.299296 0.139025 -0.556569 0.666906 -0.016188 0.683326 -0.044875 -0.974899 -0.068080 0.627383 -0.048764 -0.467591
VERTEX_POSE A2645 -0.065804 -0.879471 0.088946 0.421287 -0.152822 -0.481500 0.592534 -0.382581 -0.101369 -0.190372 -0.572601 -0.847405 -0.293727 0.411501 -0.151575 -0.533473 -0.579498 0.129664 -0.491725 0.143560
VERTEX_POSE A2646 -0.041700 0.259689 -0.024716 0.918976 0.424414 0.526914 -0.615848 -0.181770 -0.665721 -0.252964 -0.644964 0.456321 0.574314 -0.534496 -0.175317 0.459065 -0.071819 -0.200532 0.127134 0.510036
VERTEX_POSE A2647 0.210782 -0.968061 -0.327633 -0.575596 -0.662490 0.296983 0.564914 -0.560540 0.096462 0.195158 0.368654 0.609624 0.416987 0.130376 0.401125 -0.600846 -0.567687 -0.608238 0.328468 -0.458937
VERTEX_POSE A2648 0.542215 0.116896 0.581976 -0.994032 -0.217276 0.472301 0.604847 0.540622 -0.325720 0.546839 0.016471 -0.548235 -0.026119 0.633397 0.520824 -0.451976 0.410813 0.314671 0.360781 -0.370806
VERTEX_POSE A2649 0.689622 0.687553 0.206534 -0.006210 0.799428 0.031594 0.164673 -0.631152 -0.595847 -0.121104 -0.603166 0.558418 0.283036 -0.147240 0.204989 0.642909 -0.280396 -0.538625 0.681744 0.370860
VERTEX_POSE A2650 -0.796255 0.610957 -0.256847 0.196910 -0.376375 0.438252 -0.010303 -0.043349 -0.371237 -0.088520 -0.466786 0.286805 -0.670859 0.537153 0.475407 -0.419992 -0.700033 -0.601540 -0.604659 -0.040648
VERTEX_POSE A2651 -0.647132 0.006731 0.792236 -0.264009 -0.741606 0.553517 -0.301920 -0.577321 -0.559192 0.483634 -0.639728 -0.512794 -0.498813 0.011680 -0.036502 -0.436224 -0.485747 0.341516 0.485630 -0.146159
VERTEX_POSE A2652 0.109821 0.081282 0.784557 -0.968083 0.363318 -0.570676 0.349131 -0.178367 0.343828 -0.396625 0.176952 -0.287630 -0.437727 -0.784255 0.201898 -0.542004 -0.109333 -0.657737 -0.485205 0.556654
VERTEX_POSE A2653 -0.569382 -0.147160 -0.545109 0.543177 -0.461345 0.096443 0.623181 -0.106479 -0.397437 -0.438371 -0.418932 -0.835061 0.008880 0.372916 -0.065019 0.303749 0.618872 0.362199 -0.571956 0.539527
VERTEX_POSE A2654 -0.454735 -0.659439 -0.043722 0.938302 0.338263 0.047853 -0.153647 0.495644 -0.368637 -0.557644 0.598645 -0.536649 0.073202 -0.054961 0.274510 0.655507 0.626816 -0.706024 0.479977 0.006513
VERTEX_POSE A2655 -0.617399 0.402754 -0.456972 0.040278 0.832211 -0.409616 0.213331 0.175182 0.388123 0.764475 -0.503312 -0.456315 0.598818 0.458027 -0.685703 -0.096966 -0.703208 -0.056243 0.045635 0.108160
VERTEX_POSE A2656 0.126364 -0.013754 0.668287 -0.052848 -0.155300 0.183964 0.017729 0.488305 -0.588843 0.547631 -0.088049 0.548785 0.033242 0.348593 -0.113797 0.522639 0.640935 0.552545 0.652326 -0.470630
VERTEX_POSE A2657 -0.221324 -0.915214 0.832848 0.021559 -0.802769 0.360281 -0.720127 0.267249 -0.391182 0.003261 -0.546796 0.602777 -0.205703 -0.516327 0.377075 0.298452 -0.464853 0.460052 0.591624 0.383289
VERTEX_POSE A2658 -0.123741 0.371765 0.385850 -0.215868 -0.234122 0.217466 0.656684 0.033328 0.122273 0.476832 -0.709861 -0.268130 0.104713 -0.294458 -0.685124 -0.231146 -0.432845 -0.629658 0.526312 0.470028
VERTEX_POSE A2659 0.412809 -0.860995 -0.967771 0.207710 -0.516064 0.047947 -0.052577 0.441392 -0.703867 0.443533 -0.437422 -0.229723 -0.149639 0.447352 0.654080 0.578496 -0.209027 -0.147236 0.665931 0.608292
VERTEX_POSE A2660 0.482173 -0.000417 0.251328 0.860147 -0.055863 -0.178816 -0.568779 -0.257473 -0.523080 0.464115 0.460199 0.794178 0.113928 0.427060 0.248070 0.079564 -0.478099 0.046408 0.664664 -0.557643
VERTEX_POSE A2661 -0.876626 -0.011575 -0.011232 0.549941 0.048230 -0.839993 -0.298198 -0.257419 -0.099926 -0.628147 0.331843 0.272499 0.025674 -0.593433 0.456537 -0.710862 -0.108831 0.041781 0.102599 0.677944
VERTEX_POSE A2662 0.119410 0.210569 -0.536447 0.378048 -0.045211 -0.064076 -0.389562 -0.499889 0.084891 0.545695 0.540374 -0.642193 0.610071 -0.461639 0.512765 0.288994 -0.301847 0.559775 0.307823 -0.392280
VERTEX_POSE A2663 0.531559 0.002206 -0.088555 0.056231 -0.631450 0.615333 0.027456 0.588324 -0.461005 -0.331321 -0.207163 -0.565298 0.649031 0.485933 -0.296535 -0.633138 0.609826 0.036653 0.259551 -0.054215
VERTEX_POSE A2664 -0.104629 -0.593395 -0.736777 0.289315 -0.011090 -0.529393 -0.165940 -0.665743 0.029272 0.385474 -0.277951 0.544929 0.594900 -0.201930 -0.628199 0.576106 0.490121 -0.165242 0.371577 -0.445572
VERTEX_POSE A2665 0.208949 -0.871858 0.929776 0.999987 0.716073 0.637050 -0.199426 0.214538 0.003189 -0.036812 -0.604033 0.009121 -0.704287 -0.547674 0.683813 0.457316 -0.384996 0.355632 -0.503703 0.375432
VERTEX_POSE A2666 -0.960114 0.706805 0.885719 -0.046503 0.845604 0.100090 0.597165 -0.307597 0.045091 0.023956 0.644115 -0.700531 0.556642 0.335178 -0.654495 -0.306940 -0.503148 -0.262375 -0.488629 0.353549
VERTEX_POSE A2667 -0.732936 -0.906880 0.087344 -0.011444 -0.083463 -0.534287 0.370120 0.212857 -0.471890 0.321006 -0.337577 -0.063473 0.321382 0.827900 0.697644 0.499169 0.028875 -0.033502 -0.638366 0.393041
VERTEX_POSE A2668 0.029496 -0.048674 0.934258 0.602548 -0.653894 0.677329 0.322378 -0.247765 -0.365094 0.201923 -0.827895 0.513939 -0.361719 0.009312 -0.284604 0.476189 0.502866 -0.250598 -0.705480 -0.015528
VERTEX_POSE A2669 -0.037040 0.542356 0.297769 0.056214 0.649692 -0.447145 0.760387 0.000906 -0.401028 0.103304 0.440814 -0.534052 -0.388479 0.486471 0.350727 0.510019 0.293832 -0.480641 0.010223 -0.694760
VERTEX_POSE A2670 -0.758244 -0.703146 -0.413626 -0.259283 0.229778 -0.618142 -0.190132 0.639131 -0.043773 0.869916 0.148966 -0.622524 -0.189516 -0.483498 0.371965 -0.306616 -0.175096 -0.300151 0.277787 -0.552170
VERTEX_POSE A2671 -0.861678 -0.878344 0.868109 -0.147820 0.147224 -0.198380 0.233223 -0.546787 -0.271272 -0.173905 0.629875 -0.690043 0.542179 -0.092876 0.639985 0.551215 -0.033417 0.036287 0.563532 0.542715
VERTEX_POSE A2672 0.689588 0.614897 -0.455513 -0.799520 0.221401 0.728265 -0.342331 -0.519036 0.461173 0.530398 0.325549 -0.410683 -0.462075 -0.098964 -0.259490 0.547731 -0.777624 -0.144754 0.296590 0.100636
VERTEX_POSE A2673 0.653254 -0.296591 0.508280 0.520781 -0.600649 -0.674371 0.288618 0.267531 0.341704 -0.249728 -0.209500 -0.377943 0.195452 -0.893470 -0.408028 -0.902440 -0.036519 0.345158 -0.041669 -0.291401
VERTEX_POSE A2674 0.579380 -0.914315 0.766430 0.419938 0.795368 0.568839 -0.559625 -0.004513 -0.407008 0.186695 0.343194 -0.096332 -0.537234 0.732666 -0.658641 -0.582038 -0.465061 -0.260153 0.156770 0.359327
VERTEX_POSE A2675 0.215762 0.380830 -0.103748 0.770359 0.949461 -0.647187 0.601784 0.049365 0.097623 -0.467104 0.048785 0.409368 0.098411 0.522683 -0.510778 -0.591762 -0.238415 0.378341 0.244545 -0.815563
VERTEX_POSE A2676 -0.412549 -0.176063 -0.402774 -0.057933 0.246529 0.798605 -0.048510 -0.129958 -0.027067 0.257894 0.688099 0.561060 0.331706 0.287804 0.216033 -0.667546 -0.162547 0.006243 0.612773 -0.632754
VERTEX_POSE A2677 -0.462321 0.345374 -0.258286 0.338914 0.219781 0.036500 0.619506 -0.741524 0.057581 0.555733 0.192477 0.161474 0.058718 0.132613 0.562104 -0.486609 -0.519447 -0.808280 -0.259108 -0.354520
VERTEX_POSE A2678 -0.573456 0.412768 0.568619 -0.805236 -0.713028 0.665917 0.112248 0.537702 0.582584 -0.618056 -0.393144 0.104841 -0.264556 0.486499 -0.112710 -0.408500 -0.291975 0.439836 0.607079 -0.484132
VERTEX_POSE A2679 -0.870334 0.940834 -0.820798 -0.051964 -0.970748 -0.262600 -0.738336 0.084704 0.332708 0.154334 0.720098 0.649561 -0.225337 -0.590963 -0.398235 0.561563 -0.349136 -0.489720 -0.254777 -0.056132
VERTEX_POSE A2680 -0.772699 0.032927 0.948248 -0.667297 0.019209 0.654290 -0.451399 -0.465823 0.014861 -0.664918 0.363171 0.358494 0.573021 0.004735 -0.566614 -0.157729 -0.028040 -0.349449 -0.029850 -0.806416
VERTEX_POSE A2681 -0.369711 0.023725 -0.688228 0.391674 -0.089403 0.880611 -0.072932 -0.434839 -0.284642 -0.400995 -0.705971 0.148085 0.642015 -0.059101 -0.167452 -0.237797 -0.175834 0.305832 -0.604279 0.527361
VERTEX_POSE A2682 -0.517467 -0.052436 0.971438 0.684027 -0.712353 -0.605041 0.405791 -0.661211 0.017163 -0.588879 -0.516121 -0.424885 -0.693213 0.108708 0.435746 -0.089504 -0.444573 -0.513059 -0.000179 0.294884
VERTEX_POSE A2683 0.337122 -0.885791 0.732805 -0.635379 -0.617473 -0.193873 0.293601 0.658955 -0.283367 0.635477 -0.105475 -0.154182 0.266357 0.489076 0.729164 0.600629 -0.179521 0.571545 -0.279759 0.532193
VERTEX_POSE A2684 0.060906 0.876565 -0.233337 -0.065149 0.449252 -0.074615 0.084286 -0.691081 0.243852 -0.651655 -0.561962 0.007534 0.675416 -0.431816 -0.639542 -0.327717 0.020503 0.725188 -0.068232 0.140428
VERTEX_POSE A2685 0.027799 0.288125 -0.072284 0.622329 0.625910 0.272346 0.216193 0.670317 0.221113 0.632632 -0.510211 -0.150995 0.144414 0.517783 -0.716836 -0.295800 -0.101080 0.583338 -0.666847 -0.109746
VERTEX_POSE A2686 0.719723 0.516963 -0.724167 0.404899 -0.785261 -0.836514 0.200695 -0.499858 0.333378 -0.301684 -0.567575 -0.130950 0.186995 0.245417 -0.249158 -0.886908 -0.016700 0.331476 0.217107 -0.606211
VERTEX_POSE A2687 -0.812730 -0.137189 -0.565050 0.882003 -0.706048 0.126465 0.746980 -0.420090 0.272121 0.227808 0.786636 -0.333927 -0.329621 -0.314364 0.422702 0.245456 -0.256810 -0.787256 0.470346 0.199877
VERTEX_POSE A2688 0.806475 0.372911 -0.239436 -0.356111 0.823141 0.388259 0.222073 -0.568463 0.277283 -0.468966 -0.548953 0.245227 0.432195 0.364866 -0.359544 -0.632535 0.182563 -0.763519 0.379290 -0.457213
VERTEX_POSE A2689 -0.404018 -0.111272 0.661684 -0.810969 -0.019383 0.483861 0.639318 -0.529139 0.770564 -0.515352 0.112731 -0.226269 -0.198955 -0.681591 -0.344948 -0.056326 0.019270 0.043850 0.531911 0.492307
VERTEX_POSE A2690 0.600079 0.001816 -0.532821 0.089713 -0.222113 -0.461319 0.671365 -0.296218 0.306361 0.357504 0.341222 0.262822 -0.470002 -0.541250 -0.099743 0.127638 -0.676598 0.783775 0.429263 -0.212333
VERTEX_POSE A2691 0.288648 -0.627506 -0.988108 -0.495964 -0.232723 -0.124457 0.519452 0.694282 -0.224093 -0.297969 0.642269 -0.543117 0.623470 -0.316182 -0.495942 -0.476650 -0.036936 -0.627182 -0.159607 -0.064246
VERTEX_POSE A2692 -0.280643 0.877153 -0.349548 0.738972 -0.971152 0.220785 0.709157 -0.072138 0.344573 0.270818 -0.746884 -0.013328 -0.455248 -0.347571 -0.157370 0.414035 0.421030 0.898655 -0.212316 0.372677
VERTEX_POSE A2693 -0.280511 -0.787615 -0.069269 -0.532239 0.732677 0.515795 0.324964 -0.584571 0.274304 -0.906516 -0.192423 0.640907 -0.070806 0.500725 0.495416 0.258257 0.127621 0.050141 -0.030286 -0.595178
VERTEX_POSE A2694 -0.179792 0.374700 -0.076662 0.560267 0.135827 0.432716 0.493199 0.241439 -0.597962 -0.014561 -0.516583 0.141562 -0.736004 0.398788 -0.655341 0.226489 0.718127 -0.075408 -0.404405 -0.010537
VERTEX_POSE A2695 0.614728 -0.716242 -0.086325 0.028287 0.017758 0.394452 -0.394934 -0.387176 -0.290978 -0.464802 0.747358 0.773059 -0.204426 0.397290 -0.018891 -0.644227 -0.337416 -0.402197 -0.413725 -0.140936
VERTEX_POSE A2696 0.928438 -0.659473 -0.139493 -0.532252 0.448749 0.299776 -0.260480 -0.485787 0.154309 -0.674720 0.569884 0.487639 0.259059 -0.327321 0.773076 -0.111655 0.116399 -0.225579 -0.630337 -0.564407
VERTEX_POSE A2697 -0.139906 0.081505 -0.190943 -0.486235 -0.018568 -0.728865 0.399402 -0.465999 -0.241687 0.585171 0.489249 0.355438 0.373069 -0.240418 -0.198630 -0.400206 -0.506724 -0.494523 -0.445767 0.478445
VERTEX_POSE A2698 0.881792 -0.623121 -0.998981 -0.983157 0.934295 0.426904 0.765426 0.427442 -0.197816 0.283277 -0.656340 0.299296 0.356230 -0.598687 0.556930 -0.318473 -0.071549 0.615526 -0.324889 -0.151544
VERTEX_POSE A2699 -0.042066 0.291853 -0.205235 -0.929704 0.794855 0.527243 -0.113939 0.478434 0.280837 -0.210079 -0.282187 -0.225172 -0.864128 0.382923 0.432986 0.301906 0.539685 -0.636370 0.324069 0.503568
VERTEX_POSE A2700 0.823054 -0.376139 -0.893174 0.569979 -0.368876 0.337250 0.411861 0.105402 -0.380352 0.765424 -0.485516 -0.088743 0.309867 0.728989 -0.841625 -0.146043 0.259212 0.159334 0.356581 0.393126
VERTEX_POSE A2701 -0.876452 -0.326268 -0.412607 -0.242440 0.164072 -0.612777 0.351424 -0.071864 0.568559 -0.369334 -0.280608 0.358772 0.464564 0.714486 -0.330144 -0.270785 -0.057657 0.252055 0.671528 -0.634256
VERTEX_POSE A2702 0.096256 0.413509 -0.337126 -0.077524 -0.057920 -0.699417 -0.587500 -0.074842 0.480373 -0.424026 0.628407 0.401640 -0.469515 -0.707306 0.070062 0.480196 -0.276772 -0.337394 0.154963 0.150394
VERTEX_POSE A2703 0.512643 -0.761242 -0.348687 0.770459 0.852525 0.185744 0.512573 0.485289 -0.547920 0.290004 0.402459 -0.488753 -0.689006 0.243823 -0.203749 0.073693 0.479404 0.620395 -0.415941 0.559681
VERTEX_POSE A2704 0.776802 0.377141 -0.904327 -0.721660 0.563423 0.275460 0.428028 0.253994 -0.368346 0.601748 -0.031283 -0.570831 0.211091 0.612317 0.595711 0.553712 0.038350 -0.328212 0.321768 -0.747065
VERTEX_POSE A2705 -0.324365 0.499194 -0.570696 -0.657587 -0.262553 -0.039554 0.116117 0.735331 -0.546255 -0.682887 -0.220257 0.392627 0.070156 -0.579764 0.737932 -0.511619 0.174402 -0.036629 0.503494 -0.210318
VERTEX_POSE A2706 -0.271595 0.619588 0.547565 0.540818 0.801987 0.474112 -0.573647 -0.142847 0.517957 -0.039662 0.121141 -0.254039 -0.466389 0.846340 -0.112281 -0.654456 -0.423629 -0.655587 -0.153378 -0.262998
VERTEX_POSE A2707 -0.635747 -0.798922 -0.307100 0.220408 -0.190048 0.422245 0.047771 -0.699084 0.294506 -0.546149 0.187618 0.327478 0.777772 0.392672 0.564434 0.088106 -0.285634 -0.556010 0.294528 -0.490208
VERTEX_POSE A2708 0.213315 -0.155432 0.171017 0.681327 0.957229 0.049441 0.837376 0.492467 -0.188835 0.355268 -0.630722 0.303684 0.400357 -0.501908 -0.722778 0.105942 0.199885 0.589292 -0.032791 0.260385
VERTEX_POSE A2709 0.154949 0.032356 0.116184 0.735582 -0.911042 0.620009 0.469018 0.053157 -0.142499 -0.531282 -0.353052 0.458151 -0.267342 -0.703921 -0.016021 0.531295 -0.487816 -0.620584 0.379494 -0.372906
VERTEX_POSE A2710 -0.506081 -0.858088 -0.127898 -0.831556 -0.160796 -0.072229 -0.109737 -0.427031 0.632961 -0.106705 -0.292999 0.026819 0.536357 0.649342 -0.404119 -0.735648 0.355796 -0.655829 0.384338 -0.428438
VERTEX_POSE A2711 0.440616 0.877495 0.119265 -0.985969 -0.023562 -0.770726 -0.027313 0.499070 0.577591 -0.173933 0.327177 0.020385 0.557124 0.214971 0.073477 -0.671898 0.482471 0.257984 0.455157 0.604064
VERTEX_POSE A2712 0.785238 -0.943919 0.427957 0.127256 -0.000445 0.325492 -0.194914 0.608163 -0.267493 -0.442660 0.603030 -0.015178 0.207922 0.366041 -0.670254 0.613579 0.269431 0.610763 0.588516 0.244771
VERTEX_POSE A2713 -0.023548 0.089476 -0.156460 0.852471 0.126851 -0.455591 -0.463819 0.398876 -0.667827 -0.096957 0.246826 0.268705 0.274718 0.636534 -0.519189 0.728206 -0.265338 0.068442 0.411968 0.551721
VERTEX_POSE A2714 -0.222262 0.991704 -0.147930 -0.621349 0.358965 -0.531278 0.300678 0.138366 -0.784652 -0.448660 0.013763 -0.250866 0.429763 0.350011 -0.197514 0.394107 -0.886343 -0.010948 0.606862 0.269359
VERTEX_POSE A2715 -0.153856 0.932646 -0.805380 -0.937893 -0.551193 0.514601 -0.454835 0.681906 -0.003425 0.127152 0.384501 0.618023 -0.248758 -0.463203 0.592721 0.690885 -0.076785 0.043621 -0.487602 -0.408302
VERTEX_POSE A2716 -0.995749 -0.622399 0.771256 0.474800 -0.247240 0.071812 -0.680176 -0.320062 -0.743618 -0.423399 -0.222558 -0.580027 0.317188 0.277877 0.242781 0.103396 -0.538816 0.215642 -0.496783 0.693174
VERTEX_POSE A2717 -0.502539 0.508667 0.127904 0.783550 0.573704 0.608002 0.617957 -0.116369 0.188493 -0.579788 -0.697893 0.409239 -0.285241 0.505274 0.280617 -0.445963 0.443245 -0.590408 0.041593 0.218255
VERTEX_POSE A2718 0.033414 -0.204543 -0.370431 0.944110 -0.257242 -0.664753 0.433172 -0.336018 -0.498698 0.244056 0.278638 -0.226815 -0.715630 -0.219364 -0.437616 -0.389575 0.649683 -0.257782 -0.298168 -0.582447
VERTEX_POSE A2719 0.810726 0.750512 -0.468180 -0.881312 -0.424099 -0.553455 -0.056901 -0.406820 -0.653615 -0.253519 0.693132 0.313268 -0.829383 0.094431 0.163393 0.492314 0.498838 -0.376352 0.047342 -0.310337
VERTEX_POSE A2720 0.093443 -0.602605 -0.210413 0.972581 -0.445678 0.131916 0.594887 -0.070935 -0.030368 -0.436691 -0.073545 0.642728 0.445749 -0.064103 -0.650115 0.468682 0.446607 0.382004 -0.192497 0.886562
VERTEX_POSE A2721 -0.366507 0.797273 0.096748 0.033823 0.520646 0.482720 0.696069 -0.385863 0.618056 -0.270857 0.392663 0.102855 -0.643418 -0.573532 0.120345 -0.043629 -0.593931 0.599939 -0.161970 0.123419
VERTEX_POSE A2722 0.099374 -0.876994 -0.456287 -0.377276 0.343178 0.075385 0.012944 -0.005212 0.481409 0.325109 -0.753827 -0.067256 0.336424 0.437060 0.526066 0.599670 0.426350 0.693753 -0.649116 0.242736
VERTEX_POSE A2723 0.812800 -0.725452 0.440040 0.711554 -0.416831 -0.173290 0.456910 0.281727 0.642663 -0.337428 -0.367467 -0.737484 -0.484902 -0.257839 0.077654 -0.652118 0.433603 -0.083915 0.130335 -0.728770
VERTEX_POSE A2724 0.352982 -0.990342 -0.972520 0.501584 0.253322 -0.266800 0.538090 -0.465996 0.049799 -0.098840 0.399205 0.806433 0.119493 -0.498578 0.506353 -0.123622 0.375505 -0.140032 -0.819225 -0.483631
VERTEX_POSE A2725 0.919582 0.497705 0.467050 -0.817009 -0.520995 0.512637 -0.284714 -0.082880 -0.219798 -0.874532 -0.378884 -0.086646 -0.353608 0.854361 0.660094 -0.160289 0.238478 0.495642 0.058310 -0.250547
VERTEX_POSE A2726 0.427528 -0.441694 -0.646285 -0.260159 0.600927 0.307803 -0.531213 0.007678 0.509027 -0.548963 0.032879 0.277707 -0.080932 0.381681 -0.432335 -0.493704 -0.649577 -0.618154 -0.407626 0.656681
VERTEX_POSE A2727 0.281420 -0.649816 -0.112013 0.969331 -0.297928 0.507663 0.644023 -0.114138 -0.551213 0.237390 0.201531 -0.173110 -0.355575 -0.825447 -0.212370 0.595951 -0.497581 0.602805 -0.217460 -0.131940
VERTEX_POSE A2728 -0.220324 -0.420790 -0.723893 -0.303244 0.460437 -0.373814 -0.562172 -0.415045 0.305133 0.514258 -0.684223 -0.528681 0.263674 -0.445182 -0.697138 0.296742 0.241990 -0.040633 0.511783 0.320672
VERTEX_POSE A2729 0.309320 -0.064815 -0.645267 -0.243316 0.535221 0.335037 -0.598267 0.458028 -0.449004 0.193998 0.335858 0.455332 0.277190 -0.596818 -0.689444 -0.173610 -0.352290 -0.059038 -0.705313 -0.443970
VERTEX_POSE A2730 -0.760647 0.642037 0.682751 -0.960373 -0.503073 -0.647691 0.713756 -0.216495 -0.367039 -0.307992 0.544084 -0.186492 -0.351054 -0.613256 0.509129 0.183434 -0.385920 0.389598 0.488679 0.363436
VERTEX_POSE A2731 -0.397270 0.203071 -0.617067 -0.733265 -0.908439 0.330960 -0.291148 -0.335632 0.076304 -0.130624 0.647224 0.281143 0.892697 0.189120 0.702886 -0.296844 0.416460 0.558169 0.114656 -0.509162
VERTEX_POSE A2732 0.432868 0.608917 -0.057874 0.514243 -0.300706 0.421605 -0.671498 0.264077 0.067704 -0.622330 -0.354700 -0.378798 -0.227805 -0.651795 0.814614 0.268834 -0.345898 0.102863 0.193982 -0.509872
VERTEX_POSE A2733 0.335609 0.055546 -0.654374 -0.037897 0.439007 -0.676304 -0.327268 0.000842 -0.104117 0.751413 0.593984 0.632065 0.097110 -0.324684 0.172460 -0.312635 0.361970 0.320193 -0.470216 0.640891
VERTEX_POSE A2734 -0.884627 0.441829 0.034247 -0.962806 0.944086 0.077936 0.595291 -0.523928 0.572962 -0.202857 0.137343 0.078010 -0.280301 0.486315 -0.415098 -0.673423 -0.536145 -0.698032 0.269092 0.427414
VERTEX_POSE A2735 0.209671 -0.013942 0.037800 0.792584 -0.737283 0.728646 0.226187 0.500343 -0.232880 0.699237 0.368829 0.082261 0.601210 -0.385665 -0.252203 -0.246850 0.668638 -0.586914 0.193698 0.133448
VERTEX_POSE A2736 -0.988755 -0.445260 -0.225071 0.304516 -0.823546 -0.213863 -0.535523 0.194323 0.555945 0.376961 -0.296727 0.203612 0.458339 0.199780 0.735826 -0.422305 0.487399 -0.249581 0.427433 0.772478
VERTEX_POSE A2737 -0.156222 0.061416 -0.418188 0.578012 0.746073 0.778894 -0.438677 -0.258390 -0.369788 0.255972 -0.517176 -0.319282 -0.540720 0.594346 0.389341 0.664071 0.470203 -0.055256 -0.093131 -0.302366
VERTEX_POSE A2738 0.573924 0.187137 0.730699 0.012992 0.072669 -0.223441 0.582562 0.758212 0.725161 -0.387849 0.506150 -0.007815 -0.340517 0.152515 -0.541366 -0.511834 0.120706 0.362046 0.363687 -0.362071
VERTEX_POSE A2739 0.224560 0.399308 0.945947 -0.014156 -0.866317 0.085371 0.372271 0.621155 -0.800162 -0.281613 -0.238998 0.211850 0.561189 -0.712967 0.553672 -0.671871 -0.176052 -0.031929 0.125553 -0.133155
VERTEX_POSE A2740 0.998727 -0.906228 0.697996 0.313594 0.835031 -0.655295 0.564677 0.124850 0.209600 -0.391733 0.571138 -0.405702 -0.621799 -0.086443 -0.362873 -0.340116 -0.563044 0.479984 0.159284 -0.577688
VERTEX_POSE A2741 -0.932158 0.329049 -0.397199 0.181435 0.911873 0.088646 -0.162821 -0.549409 0.305845 0.492642 -0.521628 -0.808543 0.469956 -0.271711 -0.442288 -0.672118 -0.245258 0.221902 -0.241230 -0.540441
VERTEX_POSE A2742 -0.334824 0.276803 0.065212 -0.000125 0.110121 0.652475 -0.229136 -0.507197 0.018180 -0.253565 -0.555347 0.339689 0.651160 -0.223052 -0.486405 0.537546 -0.494856 0.471135 0.412597 0.373772
VERTEX_POSE A2743 0.783965 -0.850146 0.125953 -0.559150 -0.165414 0.311392 -0.714679 0.148026 0.621882 -0.051464 0.523044 0.006167 0.601632 0.484069 0.377225 0.227895 0.105887 0.611523 0.269608 -0.677479
VERTEX_POSE A2744 0.044295 -0.581475 0.446341 0.033906 0.038724 -0.385030 0.494573 -0.246020 0.435131 -0.146844 -0.302970 0.412068 -0.380965 -0.520833 -0.121396 -0.589154 0.597048 0.691285 0.491526 0.468988
VERTEX_POSE A2745 0.442914 0.268507 0.917282 0.378526 -0.530914 -0.280711 0.649901 0.449391 -0.154089 0.309005 0.450699 0.350312 0.485184 -0.326366 0.716798 -0.229954 0.637091 0.510823 0.440297 -0.287259
VERTEX_POSE A2746 -0.369891 -0.917500 0.320573 -0.497043 0.283393 0.378022 -0.039257 -0.416744 0.356862 -0.293763 0.064092 0.787087 0.004912 0.474516 0.045147 -0.833412 -0.377495 -0.328946 -0.466436 0.674202
VERTEX_POSE A2747 0.048545 -0.203874 0.217597 -0.491294 0.791484 -0.709818 -0.238333 0.565365 -0.579189 0.044486 -0.311129 0.184745 0.477661 0.335072 0.090576 -0.685717 -0.389533 -0.344041 0.492798 -0.565290
VERTEX_POSE A2748 0.940375 -0.222826 0.045186 0.162076 -0.957209 0.626798 0.268685 -0.161005 -0.564799 -0.141273 -0.144570 0.367614 -0.662577 0.588469 -0.157228 -0.622113 -0.341521 0.358142 -0.286039 -0.700174
VERTEX_POSE A2749 0.663523 -0.122044 0.950142 -0.552934 -0.973849 -0.110890 -0.251488 -0.689612 0.782947 0.311566 0.139640 -0.345591 0.358591 0.494482 -0.502594 0.371985 -0.022676 -0.051608 -0.756783 0.509813
VERTEX_POSE A2750 -0.140729 -0.453363 0.749417 -0.372606 -0.632615 -0.367298 -0.100376 0.414246 -0.084868 -0.578151 -0.676491 -0.511464 -0.334122 0.436799 -0.106355 -0.606261 0.043400 -0.764842 0.420092 -0.421998
VERTEX_POSE A2751 0.033818 0.174569 0.834774 0.134657 -0.402888 0.690324 0.489906 -0.172436 -0.639967 0.380331 -0.574941 -0.174813 -0.069924 0.568647 -0.257509 0.019833 0.362779 0.130478 -0.781062 -0.429815
VERTEX_POSE A2752 -0.702984 -0.324771 0.046891 0.480889 0.546796 0.823829 -0.019875 -0.359988 -0.396697 -0.142706 -0.517582 -0.037300 0.561237 0.555090 0.401875 0.017430 0.239452 -0.032287 0.814831 -0.486883
VERTEX_POSE A2753 0.958645 -0.330357 -0.706870 0.250118 0.710563 -0.489960 -0.429664 0.183467 0.022065 -0.563086 0.669739 -0.640938 -0.021325 -0.303344 0.590439 -0.352724 -0.196035 -0.005727 0.611109 0.622368
VERTEX_POSE A2754 -0.153383 0.449117 0.274813 -0.153789 0.180281 0.218137 -0.218636 0.279675 -0.276449 -0.502849 -0.734860 0.874781 -0.320368 -0.068727 0.314421 0.708018 -0.568203 -0.109044 0.308893 0.232776
VERTEX_POSE A2755 0.649998 -0.315113 0.074370 -0.017527 -0.199882 -0.729847 0.252847 0.325505 0.109954 -0.188638 0.893233 -0.430225 -0.820117 -0.074184 -0.164841 0.454017 0.142107 -0.492917 0.147518 -0.265488
VERTEX_POSE A2756 0.878227 -0.832652 0.760180 0.433109 -0.810432 -0.775911 -0.149621 -0.570719 0.168279 -0.396404 -0.407062 -0.341101 -0.607324 0.524833 -0.121146 -0.302370 0.372259 -0.488486 0.600173 0.307497
VERTEX_POSE A2757 -0.725855 -0.992576 0.628528 0.586052 -0.218792 -0.137236 0.122375 -0.036309 -0.529520 -0.355797 0.703038 0.519209 0.310985 0.205401 0.286181 0.418184 0.669787 0.591013 -0.766057 0.116687
VERTEX_POSE A2758 -0.068582 0.035071 0.962357 -0.048196 0.502190 -0.541280 -0.146384 -0.153307 -0.114646 0.337390 -0.519535 0.204691 -0.594618 0.457428 -0.491769 -0.622648 -0.330821 -0.640420 0.351395 0.622815
VERTEX_POSE A2759 -0.342097 -0.253441 -0.963713 -0.870135 0.650005 -0.107055 0.624795 -0.087538 0.915901 0.125377 -0.296143 0.044700 -0.317150 0.556794 -0.038299 -0.684626 -0.522099 -0.382362 0.156892 -0.567477
VERTEX_POSE A2760 0.583465 -0.057392 0.983261 -0.657264 -0.683571 0.148274 -0.663689 0.425899 -0.115819 0.702309 0.200992 -0.074898 0.055616 0.610032 0.594677 -0.018697 -0.502659 0.778043 0.250671 0.391673
VERTEX_POSE A2761 0.170771 -0.322892 0.645109 -0.008569 0.999117 -0.539304 0.518394 0.323473 0.190349 -0.400748 0.108157 -0.093748 -0.509976 -0.338894 0.346442 0.531369 -0.718288 -0.737637 -0.168045 -0.502872
VERTEX_POSE A2762 0.260633 0.949629 -0.580780 -0.603400 0.741566 0.292838 0.699181 -0.218432 -0.099145 0.409337 0.646244 -0.826884 0.413318 -0.084594 -0.362923 -0.182431 -0.549949 0.298273 0.373465 -0.474401
VERTEX_POSE A2763 0.016333 -0.448474 -0.074612 0.856979 0.015723 -0.469736 0.806155 0.260259 0.523893 0.401930 -0.466693 0.467250 0.412471 0.202304 0.336611 0.070419 -0.181095 0.416238 -0.116087 0.800462
VERTEX_POSE A2764 -0.493619 0.732655 0.990734 0.953534 0.438124 0.236811 -0.146383 0.673908 0.502004 -0.816721 -0.079260 -0.321218 -0.061660 0.718167 -0.652743 -0.453290 -0.151327 0.403309 0.319790 0.030028
VERTEX_POSE A2765 0.376006 0.391458 0.453467 -0.566206 0.685652 -0.568795 0.328462 0.240184 0.668868 0.146436 0.137433 0.410600 0.447284 0.424941 0.219270 -0.016152 -0.779160 -0.111429 0.818746 -0.368455
VERTEX_POSE A2766 -0.773996 0.537584 0.963188 0.649563 0.278440 0.823069 -0.126632 0.549894 0.206142 -0.261890 -0.413502 -0.165936 0.448039 0.403207 0.407657 0.789087 -0.437593 0.293842 -0.303284 -0.415414
VERTEX_POSE A2767 -0.482375 -0.712605 -0.234336 0.258051 0.614578 -0.527672 0.411523 -0.385868 0.610403 -0.052726 -0.034572 -0.323536 0.416255 0.269918 0.403644 0.504177 -0.653713 -0.285248 -0.632777 -0.591367
VERTEX_POSE A2768 -0.780216 -0.547125 -0.964721 -0.988194 0.431724 0.193851 -0.864429 -0.015296 0.153199 0.020698 -0.534541 0.539149 0.286188 0.643043 -0.156746 0.402304 -0.369573 -0.789747 -0.092638 0.404900
VERTEX_POSE A2769 0.799927 -0.275279 0.693887 -0.337445 -0.648892 0.541420 0.253745 -0.339854 0.112642 -0.529701 0.685675 0.271241 -0.402729 -0.439930 -0.063498 -0.701829 -0.394000 -0.785221 0.016612 -0.256076
VERTEX_POSE A2770 0.742185 0.686703 -0.288390 -0.756105 0.748261 -0.421619 -0.689564 0.368479 -0.620813 0.398039 0.296936 -0.029680 0.070134 0.661059 -0.010097 0.598546 0.198757 -0.660186 0.053773 -0.547311
VERTEX_POSE A2771 -0.781489 -0.453353 0.733275 0.325400 0.266755 -0.702140 -0.234856 0.203508 0.488979 -0.459417 0.701260 0.030721 0.845331 0.499911 0.153057 -0.097308 0.074941 0.493486 0.098620 -0.459665
VERTEX_POSE A2772 0.867770 -0.946230 -0.703312 0.843990 -0.737019 -0.114828 -0.590359 0.015657 -0.420037 -0.681195 -0.084845 0.391550 -0.328491 0.065283 -0.494286 0.207434 -0.741091 0.642459 -0.191086 -0.662630
VERTEX_POSE A2773 -0.592639 -0.036495 0.776822 0.243769 -0.141618 0.191862 -0.439131 -0.317299 -0.353355 0.488639 -0.796595 0.361722 -0.501851 -0.500416 -0.490579 -0.132042 0.116898 0.683241 0.546906 0.025988
VERTEX_POSE A2774 -0.997524 -0.303500 -0.140772 0.766249 -0.898659 -0.301999 0.758855 0.496581 -0.372269 0.409373 -0.612951 0.004510 -0.254575 0.253765 0.203546 0.062632 0.516345 0.853675 0.433384 -0.216078
VERTEX_POSE A2775 -0.087936 -0.527706 0.743029 -0.122104 0.301705 -0.589665 -0.333442 -0.018381 0.662836 -0.265445 0.524243 -0.191414 -0.334185 0.007000 0.221402 0.587149 -0.485796 0.356771 -0.601608 -0.699131
VERTEX_POSE A2776 0.850275 -0.767988 0.694105 -0.377705 0.327468 0.108350 -0.528618 0.434492 0.151541 0.417504 0.863659 -0.705374 0.317987 0.040732 0.652101 0.127736 -0.169860 0.206171 0.654845 -0.186542
VERTEX_POSE A2777 -0.367416 -0.221000 -0.820199 -0.730794 0.384733 -0.366109 -0.612139 0.582141 0.359634 -0.476985 -0.471693 -0.478808 0.460438 -0.277187 -0.658556 -0.355426 -0.510671 0.271430 -0.243805 -0.317805
VERTEX_POSE A2778 0.960610 0.268420 -0.039375 0.386602 0.093189 0.106448 0.116371 0.592752 -0.159342 0.977702 0.017089 0.594984 0.024050 0.467869 -0.591927 -0.158825 0.649189 0.508817 0.068942 0.089469
VERTEX_POSE A2779 0.790649 0.009186 -0.260709 0.784372 0.370258 -0.595723 -0.246831 0.032305 -0.377190 0.541747 -0.557427 0.402705 -0.604818 -0.409397 -0.422518 -0.454994 -0.464411 0.402677 0.269741 -0.552222
VERTEX_POSE A2780 -0.703893 0.656957 -0.870057 -0.283728 0.410884 0.166264 0.433762 -0.001645 0.470506 0.400275 0.653913 -0.630976 0.521045 0.311729 0.049660 0.613230 -0.676950 -0.591932 -0.063965 0.130227
VERTEX_POSE A2781 -0.180119 0.815057 -0.289958 -0.986004 0.460574 -0.512728 0.301035 0.668807 0.143547 0.611377 -0.402756 0.568301 -0.470879 0.382294 -0.416405 -0.223892 0.103913 -0.469196 -0.513558 -0.483258
VERTEX_POSE A2782 -0.175533 -0.816245 -0.425935 -0.080971 0.967371 0.263459 -0.163164 0.570545 -0.367542 -0.706228 -0.022275 0.601497 -0.427383 0.350150 0.657696 0.088910 -0.534792 0.033750 -0.532971 -0.515145
VERTEX_POSE A2783 -0.406877 -0.667814 0.176833 -0.802839 -0.042319 -0.383860 -0.592752 -0.600283 0.444869 -0.451414 -0.286194 -0.313746 -0.390845 0.527040 0.705905 -0.027396 -0.089730 0.240842 -0.539778 0.521470
VERTEX_POSE A2784 -0.221474 -0.515300 0.003172 0.264114 0.171137 -0.024077 -0.173637 0.514656 0.010271 0.448381 -0.405178 -0.377385 0.309808 -0.489128 0.266918 -0.743732 -0.575719 -0.886369 -0.345957 0.016209
VERTEX_POSE A2785 0.671085 0.632872 0.848878 0.765240 0.147652 -0.400503 -0.000046 -0.620845 0.442440 0.197676 0.403414 -0.237394 0.773080 -0.172797 -0.167147 0.548034 0.348975 -0.748031 -0.250857 0.547875
VERTEX_POSE A2786 -0.756879 0.017073 -0.748796 0.179634 0.757799 -0.208452 0.723475 -0.640911 -0.011594 -0.349071 -0.381566 0.233501 -0.515529 -0.655253 0.593029 0.098191 0.102384 -0.741760 -0.281640 0.061661
VERTEX_POSE A2787 -0.343246 -0.347951 -0.236648 -0.302776 0.360705 -0.069264 -0.433539 -0.380703 0.016690 0.671788 0.160321 -0.790757 -0.324906 0.199043 -0.451330 0.282921 0.421655 -0.407345 0.418493 -0.782274
VERTEX_POSE A2788 0.945230 0.640296 0.477406 0.351292 0.928860 -0.094801 0.148438 0.899818 0.134640 -0.695852 0.235033 -0.682465 -0.359854 -0.266974 -0.611620 0.459036 0.064512 0.364756 0.391851 -0.244234
VERTEX_POSE A2789 0.174539 -0.947856 -0.786439 -0.868562 0.259989 -0.490914 0.807694 -0.095050 -0.281385 -0.197974 -0.684559 -0.588450 -0.437688 -0.231578 -0.288009 -0.340569 0.509906 -0.500603 0.029650 0.456850
VERTEX_POSE A2790 0.314657 0.398607 -0.200361 -0.172911 0.010710 0.665207 0.141515 -0.403648 0.266445 -0.652270 0.613317 -0.429279 -0.616701 -0.461631 -0.458440 0.416895 0.399546 -0.303413 -0.019914 -0.296935
VERTEX_POSE A2791 0.528695 -0.417096 0.460667 0.694028 -0.754711 0.102807 0.171847 -0.892684 0.245962 0.391964 0.115795 0.560652 -0.590200 -0.270442 -0.232331 0.516015 -0.275607 0.748749 0.449694 0.201515
VERTEX_POSE A2792 -0.654690 -0.270748 0.858670 0.122869 0.259106 -0.254884 -0.085153 0.011981 0.830354 -0.290613 -0.402202 0.254137 0.622205 0.377706 0.394588 0.398328 0.296968 0.158940 -0.602070 0.779255
VERTEX_POSE A2793 -0.424710 0.348237 0.218860 0.223690 -0.247724 -0.231363 0.130985 0.033387 0.204667 0.401695 0.642134 0.089112 -0.601094 0.701691 0.711755 0.448725 0.007552 -0.624537 0.508740 0.306793
VERTEX_POSE A2794 -0.454972 0.134430 -0.613945 0.551007 0.261012 0.143088 0.477753 0.602952 0.608961 -0.245099 0.497464 -0.216604 0.467453 -0.205956 -0.310807 -0.700325 0.142232 -0.682037 0.052077 0.571253
VERTEX_POSE A2795 -0.148309 -0.538094 0.849404 0.076404 -0.302770 -0.249829 -0.408673 0.056370 -0.782204 -0.168525 -0.405530 0.507353 -0.716812 -0.246156 0.133234 0.071756 -0.824130 0.224907 0.534432 -0.304278
VERTEX_POSE A2796 0.951296 -0.260305 -0.327673 0.657484 -0.562073 -0.354683 0.541693 0.064992 0.590894 0.184659 0.144134 0.668258 0.201248 0.274875 -0.270117 -0.027816 0.941456 0.074242 -0.794478 0.114480
VERTEX_POSE A2797 -0.228968 -0.327986 -0.650758 0.200570 -0.460548 0.076606 -0.485131 0.405376 -0.396647 -0.749179 -0.230462 -0.515689 0.282371 0.715449 0.493428 -0.339214 0.519981 -0.572185 -0.092624 0.017634
VERTEX_POSE A2798 0.369316 -0.250699 -0.384932 -0.665545 -0.688192 0.413613 0.443986 0.238199 0.402289 0.359861 0.355941 0.444349 0.273025 -0.835343 0.110097 0.299345 0.314838 -0.676403 0.713601 -0.140165
VERTEX_POSE A2799 -0.828920 0.192570 -0.292394 0.669290 0.869651 0.427626 -0.390328 -0.114729 -0.319029 -0.501858 0.642011 -0.630810 -0.487487 -0.585861 -0.535913 0.424126 0.329565 0.173872 -0.422204 0.350447
VERTEX_POSE A2800 -0.429041 0.396735 -0.956871 0.863125 -0.109440 -0.423164 -0.193015 -0.525289 -0.578447 0.309787 0.557740 0.278445 -0.583637 -0.042639 -0.591400 -0.604442 0.072057 -0.242991 0.400993 -0.637172
VERTEX_POSE A2801 0.111501 -0.563996 0.326678 -0.421651 -0.939931 0.089660 0.169731 0.699313 -0.640679 -0.609092 0.332261 0.228797 -0.682600 -0.141485 0.488822 -0.326340 -0.248697 0.538699 -0.166607 0.564531
VERTEX_POSE A2802 -0.610409 0.739217 -0.559119 -0.005310 0.136407 -0.008733 0.601386 -0.199790 0.288099 -0.365858 0.255877 -0.567450 0.422700 -0.082635 -0.534514 -0.563928 -0.559664 -0.556074 -0.088278 0.757997
VERTEX_POSE A2803 -0.561271 0.450505 -0.660183 0.707115 0.153541 0.472292 -0.323447 0.688241 -0.426086 0.438486 -0.002794 -0.524943 -0.388628 0.311950 0.165317 0.742643 0.478905 -0.540830 -0.023696 0.446825
VERTEX_POSE A2804 0.518862 0.399509 0.103500 0.822119 -0.081550 0.228298 0.598205 0.736553 -0.453975 0.100979 0.287984 0.557286 -0.051610 0.036900 -0.260781 -0.685399 0.589835 0.602671 -0.399397 0.159023
VERTEX_POSE A2805 -0.607933 -0.564283 0.300109 -0.239061 0.237747 -0.088843 -0.473208 0.679857 0.528240 0.246903 0.588174 -0.167475 -0.623379 -0.215919 0.308548 0.305161 -0.277018 0.767997 -0.483104 -0.261698
VERTEX_POSE A2806 0.350793 0.922799 -0.917154 -0.414988 -0.544755 0.585982 0.127012 0.614967 -0.568551 -0.020290 -0.100826 0.417675 0.536720 -0.697279 0.379954 -0.832355 -0.350018 -0.120653 -0.050721 -0.054223
VERTEX_POSE A2807 0.369136 0.631521 -0.202395 -0.555586 -0.754082 -0.245176 0.411733 0.469296 -0.007512 0.360864 0.016314 0.043056 -0.806958 0.425376 0.730132 0.218943 0.579437 -0.636306 0.033718 0.512644
VERTEX_POSE A2808 0.024651 0.214717 0.479910 0.030145 -0.377519 -0.636333 0.120978 0.175249 0.603434 0.202682 -0.474752 -0.160816 0.841050 -0.066021 0.041280 -0.424441 0.166081 0.450979 0.238264 0.843775
VERTEX_POSE A2809 0.311403 0.191219 0.043471 0.971614 0.548434 -0.264151 -0.271459 0.765253 0.006666 0.464473 -0.348511 -0.167291 0.723726 0.256207 -0.769271 0.212447 0.023363 -0.557150 -0.376380 -0.476172
VERTEX_POSE A2810 0.159786 -0.359293 0.536896 -0.771214 0.616176 0.629989 -0.277894 -0.613262 -0.120323 -0.717835 0.397062 0.611981 -0.195954 0.561724 0.367861 0.111388 -0.048304 0.280702 0.597228 0.385206
VERTEX_POSE A2811 0.320759 -0.128326 0.609852 0.746418 -0.966635 0.616905 -0.662644 0.062933 -0.230721 -0.529334 -0.432213 -0.482360 -0.509680 0.563144 -0.459080 0.020429 0.218789 0.350387 0.143240 0.666508
VERTEX_POSE A2812 -0.868716 0.006276 0.753513 0.985610 0.009007 0.554431 0.087969 0.232717 0.731286 0.354544 0.088858 -0.093554 -0.142652 0.659397 -0.276890 0.324061 0.678589 -0.269084 0.860927 -0.206541
VERTEX_POSE A2813 0.984253 -0.175538 -0.889039 0.147815 0.583547 -0.742942 -0.162209 0.568123 0.152373 -0.593169 -0.322453 0.639704 -0.189818 0.736413 -0.081156 -0.302547 0.133064 0.094938 0.703046 0.115111
VERTEX_POSE A2814 0.913882 0.203860 -0.213314 0.943579 -0.008954 -0.442855 -0.455502 0.021570 -0.464600 -0.488805 0.162363 -0.106664 -0.408191 -0.331616 -0.413328 0.333569 0.741910 -0.637031 0.525071 -0.559262
VERTEX_POSE A2815 -0.090190 0.490976 -0.243315 0.249724 -0.819856 0.508578 0.363809 0.531847 0.393357 0.408342 -0.216404 0.350407 0.354855 -0.067128 0.679911 -0.707133 -0.192039 0.039430 0.273755 -0.793046
VERTEX_POSE A2816 0.655338 -0.542666 0.959839 -0.086945 -0.268801 0.557391 0.124276 -0.642378 0.292176 0.503797 0.690930 -0.452514 0.255955 -0.166993 -0.219607 -0.694664 0.196169 0.592413 -0.427401 0.208800
VERTEX_POSE A2817 -0.842997 -0.779068 0.037889 0.123213 -0.251155 -0.190769 0.656312 0.525381 -0.700901 0.072186 0.221826 -0.196831 -0.534492 0.073127 0.428830 0.461847 -0.270108 -0.499707 0.255069 -0.772310
VERTEX_POSE A2818 0.566563 -0.856975 0.520037 0.946948 0.540849 -0.022213 -0.749139 -0.093926 0.308355 -0.310537 -0.549614 0.659127 -0.080631 -0.235532 0.637366 -0.021883 0.673972 -0.252468 -0.579118 0.423543
VERTEX_POSE A2819 0.600568 -0.902370 0.437244 -0.735653 -0.339941 -0.411171 -0.041023 0.399393 -0.664368 0.379847 0.372019 -0.058531 0.751168 -0.568106 -0.356020 -0.015192 -0.270652 -0.509291 -0.538098 -0.553254
VERTEX_POSE A2820 0.331542 -0.726924 0.251450 0.254652 -0.991166 -0.709029 -0.254726 -0.206083 -0.307243 -0.596477 0.455165 -0.561394 0.292326 -0.035279 0.194249 -0.293396 0.592213 -0.223571 0.638588 0.631184
VERTEX_POSE A2821 -0.118780 0.541632 -0.680323 -0.225963 -0.448441 -0.425928 -0.210227 0.082785 -0.272609 -0.103423 -0.914934 0.445434 0.631818 -0.084686 0.637273 -0.721024 -0.052650 0.373819 0.161362 -0.382228
VERTEX_POSE A2822 0.129262 -0.319466 -0.102088 0.958375 -0.094652 0.291944 -0.284811 -0.405860 -0.246876 -0.542899 0.662545 0.626212 -0.293639 0.389326 0.512252 0.611948 0.365352 0.446405 -0.404276 -0.333549
VERTEX_POSE A2823 0.676852 0.002328 0.110120 -0.622479 0.267939 -0.349827 0.136806 0.406152 -0.505750 -0.375995 0.451263 -0.001700 0.672879 -0.234348 -0.062977 -0.579705 -0.632577 -0.786046 0.226024 -0.419916
VERTEX_POSE A2824 0.456510 -0.110131 0.538537 0.997727 0.303834 -0.395873 -0.166048 0.597457 -0.308432 -0.761474 -0.507215 0.295504 -0.442891 0.073513 0.685599 -0.386146 0.389672 0.436791 0.217543 -0.478048
VERTEX_POSE A2825 0.674290 0.814964 0.283967 0.509382 -0.833640 0.407760 -0.244606 0.191271 0.499519 0.488579 0.209775 -0.457198 -0.493032 -0.042318 0.226673 -0.508246 0.713329 0.569036 -0.447285 -0.639360
VERTEX_POSE A2826 -0.471457 0.464234 -0.040476 0.453925 0.965169 -0.032150 -0.209487 -0.472922 -0.338040 0.283661 0.226828 0.430544 -0.406820 0.736590 -0.344510 0.581612 0.397576 0.761997 0.609817 -0.155766
VERTEX_POSE A2827 0.407806 0.629564 -0.789136 0.655211 0.741762 0.315907 0.623517 -0.440153 -0.336140 0.485137 -0.302612 0.147967 0.477077 0.839183 0.847833 -0.025528 -0.090121 0.215632 -0.384206 -0.048399
VERTEX_POSE A2828 -0.554678 -0.513022 0.633209 -0.290048 -0.294188 -0.008258 0.497646 -0.687723 0.845962 0.088144 -0.253276 -0.369090 0.483556 -0.195124 -0.000673 -0.657713 -0.547290 0.384775 0.279581 0.353963
VERTEX_POSE A2829 0.897859 -0.786464 0.574592 0.788379 -0.723023 -0.689278 -0.009630 0.456707 -0.558375 0.174599 -0.650025 -0.031154 -0.879847 0.130408 -0.432254 0.015739 0.292018 0.159060 0.441638 0.516339
VERTEX_POSE A2830 0.578887 -0.177867 -0.081530 0.324501 0.611413 0.445393 0.233201 -0.389849 0.702252 0.462598 0.008495 0.206583 -0.610415 -0.635191 0.333315 -0.287812 0.625960 0.393307 -0.525526 0.229461
VERTEX_POSE A2831 0.016281 0.883713 0.676338 -0.426923 0.596372 -0.303330 0.430069 0.135199 0.663155 -0.308007 0.169945 -0.636234 -0.430111 0.454449 -0.225486 -0.524466 -0.760379 -0.112159 0.510012 -0.410048
VERTEX_POSE A2832 0.009359 -0.350461 -0.098730 -0.633271 -0.662955 0.491712 -0.138261 0.223000 0.541218 0.038682 0.464114 0.511348 -0.599106 -0.469128 0.275782 0.408614 0.363328 0.357448 0.673419 -0.618692
VERTEX_POSE A2833 0.968478 -0.438650 0.359351 -0.680809 -0.252180 -0.557117 0.530528 -0.320154 0.320447 0.334496 0.443443 0.185241 0.389553 -0.633602 0.517627 -0.362048 -0.530513 0.533557 0.569053 0.134032
VERTEX_POSE A2834 0.455010 0.334217 -0.983844 -0.719808 -0.250088 -0.059785 -0.744596 0.236302 0.233332 -0.472976 -0.815526 0.596681 0.356094 -0.219423 0.707186 -0.084492 0.329122 -0.292986 0.296528 -0.350158
VERTEX_POSE A2835 -0.471779 -0.950951 -0.995230 -0.811152 0.255495 0.394394 0.239670 -0.595668 0.637702 -0.140583 0.692184 -0.576780 0.239952 0.295598 0.288737 0.746122 0.018324 -0.147463 0.555445 0.279905
VERTEX_POSE A2836 -0.639455 -0.002933 -0.340540 0.080130 0.985567 -0.510216 -0.359270 -0.440256 0.722871 -0.456919 -0.184023 -0.237131 -0.805296 0.268479 -0.180254 0.013174 0.776253 -0.358350 0.116081 -0.312508
VERTEX_POSE A2837 -0.194197 0.257016 -0.900999 -0.134796 0.205158 -0.016015 -0.580166 -0.471699 -0.016219 0.165517 -0.657160 -0.545213 0.538745 0.147337 -0.802646 -0.465503 0.091153 0.240797 -0.359267 0.561805
VERTEX_POSE A2838 0.897358 0.680570 -0.197624 -0.366738 0.501413 0.087358 0.141772 0.452880 -0.337988 -0.018678 0.675767 -0.135396 -0.332944 -0.517916 0.878420 0.232510 0.047136 -0.296949 0.902573 -0.260345
VERTEX_POSE A2839 0.385197 -0.788216 -0.860631 -0.889724 -0.391952 0.523478 0.349411 0.397309 0.570612 0.230818 0.259871 0.104035 0.611824 -0.575593 -0.438006 0.630553 0.000783 0.444634 -0.229586 -0.665811
VERTEX_POSE A2840 -0.882794 -0.551765 0.142472 -0.163182 -0.246408 0.298973 0.243219 -0.405713 -0.747967 -0.472333 0.035466 -0.443940 0.243172 -0.580867 0.209764 -0.394411 0.396742 0.331779 -0.709262 -0.582519
VERTEX_POSE A2841 0.057144 -0.678723 -0.660728 -0.137952 0.117590 0.625693 0.483291 -0.490810 -0.196616 -0.222839 0.131212 -0.721952 0.594736 -0.212223 0.154735 0.599448 0.701159 -0.157138 0.061030 -0.453019
VERTEX_POSE A2842 -0.294045 0.083458 0.749222 0.856694 -0.358587 -0.448244 0.515370 0.234777 -0.602894 -0.772371 0.072636 -0.546087 0.351137 -0.275800 0.304040 -0.075570 0.528002 0.212000 -0.093958 -0.764691
VERTEX_POSE A2843 -0.751510 0.454511 -0.104014 -0.177572 0.762599 0.572687 0.188532 -0.138740 -0.482591 -0.244866 -0.276114 -0.189411 -0.690429 -0.248677 0.523519 -0.274012 -0.642719 0.359426 -0.593904 0.655427
VERTEX_POSE A2844 0.041397 0.145739 -0.549767 -0.990138 -0.298863 -0.764171 -0.575230 0.187427 0.305199 -0.714779 -0.273165 -0.295031 0.223694 -0.039179 0.338506 -0.277385 -0.288145 0.348234 -0.176694 0.897602
VERTEX_POSE A2845 -0.380163 -0.712682 -0.464093 0.800273 0.632459 0.191812 -0.487983 -0.230380 -0.695504 0.530688 -0.172639 0.249127 0.094805 -0.712362 0.132359 0.234085 -0.575062 0.632376 0.645336 0.281007
VERTEX_POSE A2846 0.158299 -0.054513 0.652671 -0.927848 0.942743 0.202213 0.409144 -0.816949 0.755355 0.109387 -0.004361 -0.340489 -0.451888 -0.376475 0.501992 -0.723285 -0.044036 -0.143599 -0.305437 -0.434629
VERTEX_POSE A2847 -0.303265 0.603073 -0.589929 -0.077083 0.432336 -0.529893 -0.447849 -0.321273 0.543839 -0.570991 -0.566874 -0.567122 0.229502 -0.527360 0.071956 0.026217 0.087456 0.310881 0.648107 -0.538220
VERTEX_POSE A2848 -0.223160 -0.491749 0.573797 -0.076513 -0.618697 -0.373924 0.493037 0.541174 0.566669 0.166933 0.173215 0.322831 0.532219 -0.649991 -0.639140 0.282070 -0.420503 -0.162317 -0.605166 -0.278955
VERTEX_POSE A2849 -0.275137 0.088512 0.172708 -0.980899 0.483592 -0.511425 0.091642 -0.487052 0.674415 0.251627 0.001203 0.018162 -0.547878 -0.574928 0.497253 0.074149 -0.591277 0.189787 -0.789061 0.287451
VERTEX_POSE A2850 -0.702698 0.700703 0.847316 0.187265 -0.907605 0.657415 -0.469368 0.356178 -0.532476 0.112485 0.573555 -0.034518 -0.200921 0.678186 -0.425400 -0.234125 -0.004516 0.319559 0.819669 0.290198
VERTEX_POSE A2851 -0.891618 -0.218673 -0.174753 -0.821862 -0.609863 -0.305701 0.794921 -0.316682 0.523735 -0.078963 -0.817526 0.380016 0.156706 0.396039 -0.582780 -0.535024 -0.263685 0.384972 -0.225959 0.070615
VERTEX_POSE A2852 0.606083 -0.369856 0.492385 -0.206862 -0.964849 0.309321 -0.387883 -0.726826 -0.300583 -0.356910 0.421927 -0.519403 0.653530 -0.434679 0.629648 0.272389 0.002341 0.384362 0.469963 0.323652
VERTEX_POSE A2853 0.426565 -0.618763 -0.254772 0.145639 -0.002257 -0.215480 -0.473236 0.433339 0.678049 -0.381475 0.519813 -0.141858 -0.725867 -0.490218 0.390208 -0.213034 -0.494360 0.566950 0.241368 -0.239388
VERTEX_POSE A2854 0.785234 0.783655 0.935367 -0.444341 0.658076 0.063098 -0.873028 -0.301459 0.348234 -0.221258 0.435688 -0.050514 -0.363378 0.693114 0.623898 -0.071075 -0.425152 0.694947 0.227534 0.241117
VERTEX_POSE A2855 0.062593 0.520012 0.030922 -0.209135 0.338985 -0.058293 0.360224 0.359687 0.834428 0.178517 0.305089 -0.337120 0.507937 0.602754 0.028559 0.760176 -0.643003 0.431121 0.050019 -0.027934
VERTEX_POSE A2856 0.100855 -0.803800 -0.970806 -0.344979 0.164103 0.549278 -0.320744 -0.344576 -0.662561 -0.441183 -0.471612 -0.126129 -0.700810 0.643292 -0.387269 0.202314 -0.235153 -0.305649 0.412813 0.435579
VERTEX_POSE A2857 -0.686224 0.247890 -0.105108 -0.990416 0.623246 0.757597 -0.303125 -0.442250 0.425185 0.547444 0.152260 -0.172670 -0.623543 -0.279792 0.383618 -0.424308 0.782961 -0.261318 -0.198940 0.299869
VERTEX_POSE A2858 -0.529600 0.149576 0.241786 -0.553924 0.080747 -0.565063 0.585211 0.470567 0.536248 0.392267 -0.303029 -0.246649 0.514070 -0.566449 -0.377629 -0.459005 -0.071739 0.435550 0.169417 0.600607
VERTEX_POSE A2859 0.546177 -0.316822 0.662403 0.364973 0.869914 0.157836 -0.684236 0.466026 0.330430 0.021263 0.481746 0.508469 -0.086220 0.192597 -0.357250 -0.706923 -0.318839 0.692630 -0.155547 -0.641863
VERTEX_POSE A2860 -0.788365 0.461425 -0.530517 0.797963 0.900222 0.682084 -0.678944 0.260746 0.667086 0.478758 -0.372264 -0.276301 -0.509967 -0.414120 -0.113325 -0.069653 0.228264 -0.023941 0.211914 0.754872
VERTEX_POSE A2861 -0.950713 0.971709 -0.839745 0.770577 -0.307840 0.292089 -0.470311 0.693239 0.487168 0.621965 0.222761 -0.575244 0.539134 0.522431 0.478192 0.081357 0.244020 0.343187 0.307705 -0.370563
VERTEX_POSE A2862 -0.437542 -0.433109 0.338742 0.938050 0.466286 -0.250930 0.445148 0.651662 0.387819 -0.600448 0.660429 0.377312 0.648422 0.171694 0.711884 0.076569 -0.297209 -0.370794 -0.122443 -0.146146
VERTEX_POSE A2863 0.220994 -0.889035 0.370753 -0.835308 -0.762732 0.171219 -0.795161 0.288633 -0.020245 0.357164 -0.201130 -0.811374 0.116397 0.548848 0.195244 -0.050558 0.514896 -0.523284 -0.473337 -0.556674
VERTEX_POSE A2864 -0.982235 -0.466940 0.519606 -0.910232 0.439979 -0.024826 0.568371 -0.784505 -0.592549 0.057255 -0.139836 -0.077559 0.679907 0.579168 0.421740 -0.309894 -0.170609 -0.681461 -0.339660 -0.021332
VERTEX_POSE A2865 -0.982532 0.901108 0.354897 -0.781758 -0.783802 -0.617816 -0.183255 0.481775 0.408484 0.273955 0.528182 -0.303091 -0.296785 0.459285 -0.343535 -0.294107 -0.520120 0.491492 -0.846632 0.086310
VERTEX_POSE A2866 0.749216 -0.839987 0.375523 -0.646460 0.492763 -0.033791 -0.679553 -0.507840 -0.231089 0.476153 -0.820726 -0.840253 -0.181624 0.116229 -0.389802 0.415254 0.221433 -0.295779 -0.325675 0.077237
VERTEX_POSE A2867 -0.621690 0.530127 -0.820934 0.169899 0.425546 0.489996 0.656182 0.229839 -0.504537 0.142294 0.203290 0.203553 0.506634 -0.474632 -0.317121 0.103799 -0.780551 -0.602782 0.530779 0.267044
VERTEX_POSE A2868 -0.176729 0.158124 0.453899 0.083446 0.421356 -0.397952 0.887056 0.208394 0.318704 0.118361 0.365318 -0.329918 -0.267972 0.699776 0.361432 0.320425 -0.351184 0.707519 0.156976 0.458364
VERTEX_POSE A2869 0.646573 0.840583 -0.822101 -0.013198 -0.005823 -0.581124 0.168189 -0.011121 0.416903 -0.384708 -0.551396 -0.065341 -0.546101 -0.301929 -0.646704 -0.537271 -0.006086 0.256887 -0.486647 0.777586
VERTEX_POSE A2870 0.763507 0.741911 -0.681565 0.280175 -0.966406 0.414907 0.083766 0.284423 0.183712 -0.447352 -0.558481 -0.711646 -0.457429 -0.114982 -0.347444 -0.091512 0.688094 0.408589 -0.758448 0.347143
VERTEX_POSE A2871 -0.059523 0.606359 -0.403629 0.920264 -0.825052 0.083736 0.381487 -0.742324 -0.615029 0.617940 0.083501 -0.431410 -0.666645 -0.210091 0.590911 0.023060 -0.239581 0.281846 0.166342 0.583477
VERTEX_POSE A2872 -0.296283 -0.838140 -0.482829 0.848849 -0.888233 -0.346524 0.313320 0.707261 0.723497 0.632687 0.149014 -0.437818 0.396596 -0.447394 -0.171611 -0.176582 0.520073 -0.367883 0.559525 -0.083300
VERTEX_POSE A2873 -0.530538 -0.174630 -0.932343 0.136868 -0.324993 -0.183774 -0.198353 0.797006 0.587171 -0.380538 0.389494 0.441658 0.610172 0.000014 0.634471 -0.277380 -0.227379 0.154410 0.605472 0.401714
VERTEX_POSE A2874 0.188966 0.060870 0.492357 -0.257308 0.937547 -0.341109 -0.497631 0.443807 -0.724941 0.162297 -0.641895 0.017214 -0.368945 -0.081425 0.429128 0.477557 -0.142361 0.416723 -0.601533 -0.603414
VERTEX_POSE A2875 0.745114 0.307599 -0.032597 0.858712 -0.187096 -0.412465 -0.488710 0.194507 0.234808 0.260723 0.634274 -0.163683 0.441532 0.577257 -0.459591 -0.450999 0.386645 -0.732613 0.542987 -0.277747
VERTEX_POSE A2876 0.089299 0.112688 -0.396436 -0.062859 -0.692534 0.654943 0.087530 0.580004 0.101260 -0.761864 -0.139834 -0.503489 0.130105 0.695424 0.062187 -0.588216 0.393875 -0.550843 -0.221306 0.072735
VERTEX_POSE A2877 -0.652734 -0.993643 0.145027 -0.185156 0.880290 -0.458683 0.285003 0.441788 -0.186739 -0.618922 0.250113 -0.724085 -0.308920 0.055079 -0.480007 0.440329 -0.595191 -0.005694 -0.496374 -0.620469
VERTEX_POSE A2878 -0.558152 -0.089328 0.377475 -0.218371 -0.754761 0.586120 0.582372 0.466149 -0.304077 0.544673 -0.559624 -0.487764 0.311281 0.535412 -0.496158 -0.218752 0.418187 0.282691 -0.468431 0.089329
VERTEX_POSE A2879 0.866139 0.620939 -0.822639 0.860628 -0.311231 0.455541 0.554838 0.086019 0.506938 0.070811 -0.156718 -0.410373 -0.207447 0.553732 0.394901 -0.012777 0.805760 -0.459503 0.802461 0.110331
VERTEX_POSE A2880 0.072129 0.094868 -0.682264 -0.166056 0.363882 -0.150635 0.465593 -0.555297 -0.441338 -0.312841 -0.268954 -0.311609 0.092312 -0.583769 0.351082 0.723768 0.030692 -0.749781 0.391143 0.526860
VERTEX_POSE A2881 -0.260850 -0.388625 0.224791 0.968894 -0.662366 -0.589942 -0.180316 0.148019 -0.507634 -0.307661 -0.695269 0.107211 -0.020530 -0.447591 0.374302 0.409362 -0.541703 0.492625 -0.839543 -0.030191
VERTEX_POSE A2882 0.974521 -0.597734 0.002608 -0.961234 0.078906 -0.399713 0.031885 -0.081611 0.511198 -0.700986 0.291667 0.285401 -0.154372 -0.944316 -0.694538 -0.515127 -0.128197 -0.122755 -0.467349 0.010179
VERTEX_POSE A2883 -0.321788 0.725012 0.810121 0.627082 0.399032 -0.504688 0.265289 0.587453 0.178244 0.630705 0.417997 0.239156 -0.507163 0.657933 0.600326 -0.200814 0.194976 0.543997 0.484037 -0.096366
VERTEX_POSE A2884 -0.834285 -0.007388 0.970018 0.114533 0.335377 -0.380638 0.512397 -0.504998 -0.263925 -0.822359 -0.487318 -0.301742 0.188907 -0.322784 -0.819866 -0.068880 0.563416 0.149100 -0.144031 0.293037
VERTEX_POSE A2885 0.759755 -0.814079 -0.062025 -0.405575 -0.263017 0.529123 -0.343444 -0.611227 -0.319708 0.040248 0.356139 0.030527 -0.891890 0.406176 0.282904 0.034470 0.385932 0.732700 0.289431 0.430864
VERTEX_POSE A2886 0.740805 0.245024 -0.158957 -0.582052 -0.261983 0.221108 -0.635900 0.543078 0.540546 0.603995 0.038283 -0.239109 -0.261200 -0.205641 -0.489202 0.392158 0.756243 0.602021 -0.093842 0.299013
VERTEX_POSE A2887 0.266570 0.188812 0.999212 0.769555 -0.500521 0.478684 -0.605753 -0.017864 -0.514482 -0.079187 -0.760796 -0.565707 -0.094907 0.293869 -0.420256 -0.586761 0.424093 0.097626 -0.522968 -0.393265
VERTEX_POSE A2888 -0.926469 0.433810 0.832867 -0.395991 -0.639772 -0.059253 0.523851 -0.501582 -0.581000 0.380438 0.642537 0.705473 0.054894 0.278779 -0.338083 -0.154042 -0.498034 0.216648 0.744382 -0.099026
VERTEX_POSE A2889 -0.788795 -0.605400 -0.917172 -0.135976 0.818764 -0.037946 0.607306 -0.594352 -0.331012 0.259194 -0.025279 0.499310 0.029967 0.493885 -0.489851 0.513998 0.632141 -0.632240 -0.546724 -0.050823
VERTEX_POSE A2890 -0.187253 0.871990 0.661616 0.134528 -0.630606 0.352571 -0.386487 0.487676 0.063459 0.401694 0.283449 0.670696 0.611446 -0.284160 -0.405482 0.538442 0.605009 0.507363 -0.159634 0.484816
VERTEX_POSE A2891 -0.714834 -0.104765 -0.697650 -0.598028 -0.739549 0.570394 -0.477495 -0.518766 0.248722 0.523616 -0.420029 0.664178 -0.202845 0.486532 0.330404 0.472051 0.469618 0.249977 0.483576 -0.311775
VERTEX_POSE A2892 -0.739508 -0.633690 -0.756916 -0.365399 -0.489076 0.716962 -0.217938 0.600973 0.579902 -0.028954 -0.535133 -0.037324 -0.903886 -0.232777 0.329319 0.277515 -0.510332 -0.199584 -0.240082 -0.194524
VERTEX_POSE A2893 0.375204 -0.561119 0.000357 0.072578 0.835680 -0.700765 0.244958 -0.386917 0.034981 0.127517 -0.763528 -0.074555 0.442818 0.399976 0.287856 0.850245 -0.008822 0.647522 -0.068779 -0.327508
VERTEX_POSE A2894 0.506160 0.006200 0.673103 -0.433336 -0.502282 0.623062 -0.482088 0.146701 -0.068314 0.279735 -0.817083 -0.618479 -0.638661 -0.099047 -0.433702 0.349840 0.534772 0.191081 0.398827 0.122729
VERTEX_POSE A2895 -0.721743 -0.100631 0.762690 -0.275630 0.950903 0.578565 0.484006 -0.084261 0.320585 0.500875 0.363167 -0.435415 0.616812 0.105262 0.534969 -0.133672 -0.475560 -0.294466 0.341374 -0.789792
VERTEX_POSE A2896 0.392672 -0.660011 -0.644746 0.290820 -0.948122 -0.625432 0.378837 0.236961 0.182026 0.316524 0.451350 -0.310429 -0.698413 0.631760 -0.087837 -0.504313 -0.489002 0.686746 -0.119090 0.319201
VERTEX_POSE A2897 0.255376 0.166213 0.048627 -0.079796 0.990482 0.673877 -0.072510 0.313168 0.338195 -0.464923 -0.608691 -0.022626 -0.334035 -0.482609 -0.639747 -0.465025 0.146439 0.147395 -0.671387 0.526369
VERTEX_POSE A2898 -0.343433 -0.570504 0.941756 0.894269 0.376450 0.064042 0.599563 0.514201 0.262478 -0.544883 0.774264 -0.681792 -0.474755 0.024555 -0.517852 0.167714 0.131162 -0.440446 0.300176 0.343956
VERTEX_POSE A2899 -0.784057 0.498114 0.809153 -0.625734 0.473234 0.854973 -0.307738 0.195165 -0.487656 -0.284164 0.161800 -0.066215 -0.683393 -0.525834 0.010418 0.381111 0.263685 0.163459 0.460735 -0.767919
VERTEX_POSE A2900 -0.098051 0.006796 0.226525 0.907006 -0.015342 0.625603 -0.479556 0.161328 0.513978 0.433591 -0.014239 -0.021302 0.243405 -0.857377 -0.094979 0.677177 0.474720 0.578768 0.253397 -0.115392
VERTEX_POSE A2901 -0.579927 -0.828593 -0.739809 0.174443 0.410044 0.382108 -0.647415 -0.516205 -0.055835 0.170629 -0.427940 0.584860 0.697852 -0.137861 -0.586753 0.254397 -0.654605 0.405631 -0.004851 -0.320759
VERTEX_POSE A2902 0.156420 0.104473 -0.594476 -0.705470 0.648182 0.563501 0.135904 0.129287 0.265050 -0.069588 -0.762447 0.364784 -0.803612 -0.130760 -0.442123 0.140451 -0.598200 0.532611 0.557825 -0.164371
VERTEX_POSE A2903 0.605666 0.168656 0.743696 0.755855 0.096425 0.083711 0.296987 -0.114232 0.388485 0.768174 -0.375052 -0.719572 0.001727 -0.680146 -0.420513 0.388273 0.567111 -0.384001 0.413459 0.249145
VERTEX_POSE A2904 -0.110465 -0.003223 -0.672152 -0.688689 -0.914949 -0.634387 0.524771 -0.221279 0.345660 0.133109 -0.702647 0.433228 0.084868 -0.421345 0.509895 0.664338 0.500452 0.174338 -0.508280 0.171285
VERTEX_POSE A2905 -0.654614 -0.834657 0.897881 0.037221 0.585729 -0.169896 0.310364 -0.102562 -0.593610 -0.307694 0.546899 -0.051894 0.817848 0.517411 0.442264 0.232424 -0.166177 -0.648438 0.293432 -0.628533
VERTEX_POSE A2906 0.350779 -0.523745 -0.288900 0.614567 0.909329 0.514248 0.300885 -0.366947 0.493812 -0.567306 0.626030 0.358516 -0.492272 -0.618389 -0.528341 -0.586941 -0.267852 -0.289863 0.028304 0.138874
VERTEX_POSE A2907 0.978835 -0.890535 -0.068588 0.248453 -0.607483 0.432049 0.553399 0.105992 0.190236 -0.082058 0.702890 0.467544 -0.486852 -0.560999 -0.409040 -0.564436 0.282131 0.625487 -0.362496 0.316850
VERTEX_POSE A2908 -0.307348 -0.828301 0.042908 0.852065 0.466018 0.402860 -0.768622 0.237447 0.500618 0.560361 0.615781 0.680299 -0.106004 -0.271138 0.180738 0.180654 -0.595169 0.302676 0.226591 -0.369718
VERTEX_POSE A2909 0.792627 0.386927 -0.911426 -0.603804 -0.845432 0.169452 0.404951 0.220732 0.782681 -0.113555 -0.081332 0.016877 0.799209 -0.552521 -0.379970 0.324536 0.578491 -0.462639 -0.281178 -0.552024
VERTEX_POSE A2910 0.844974 0.730403 0.108773 0.109081 0.081286 -0.647481 0.347057 0.388448 -0.267453 -0.571591 -0.498668 0.382598 -0.003944 -0.260583 0.581459 -0.074069 0.514657 -0.157357 -0.739820 0.517363
VERTEX_POSE A2911 0.764781 0.266568 0.360644 -0.313990 -0.170100 0.419147 -0.012776 0.684879 0.447510 0.240922 0.383815 0.565182 -0.605465 -0.389528 -0.173233 0.453963 -0.065444 0.524033 0.607555 -0.477086
VERTEX_POSE A2912 -0.468222 0.998302 0.313365 -0.634910 -0.507798 0.703558 0.262759 -0.478854 -0.527409 -0.346383 -0.282909 -0.390171 0.653425 -0.201667 -0.010107 0.477614 0.685278 -0.272966 0.394839 -0.424718
VERTEX_POSE A2913 0.819495 -0.867331 -0.888619 0.147847 -0.839808 0.460877 -0.439236 -0.691202 -0.705855 -0.443715 -0.332516 -0.181847 -0.493031 0.202447 0.505743 -0.374911 0.212972 0.022715 -0.475974 0.570378
VERTEX_POSE A2914 -0.557008 -0.008421 0.170765 -0.686908 -0.771068 0.838438 -0.260180 0.232753 0.104239 0.754173 0.504111 0.492775 0.411096 -0.676001 0.140566 -0.441001 0.087174 -0.153525 0.006892 -0.476572
VERTEX_POSE A2915 -0.302508 -0.009087 0.283383 0.479624 0.827579 -0.016006 0.040076 -0.092832 0.183581 -0.606596 0.508016 0.686788 -0.262079 -0.669267 -0.137706 0.530508 -0.225878 0.689493 0.529444 0.484111
VERTEX_POSE A2916 0.579249 -0.681411 0.049356 0.742272 -0.102825 0.583938 0.368975 -0.475224 0.464001 0.418585 0.670438 0.292041 0.000096 -0.528347 0.165967 -0.640694 -0.011140 0.575227 -0.527404 0.213074
VERTEX_POSE A2917 -0.816202 -0.763396 -0.988193 -0.268960 -0.033051 -0.436797 -0.369318 0.595172 -0.169168 0.008378 -0.162122 0.613613 -0.748133 0.135567 -0.549415 -0.262459 0.168523 0.319707 0.484713 0.756775
VERTEX_POSE A2918 0.964062 -0.820275 0.282596 0.249178 -0.672942 0.389576 0.495431 0.591340 -0.333495 -0.230780 -0.110011 -0.724302 0.517392 0.303688 0.245537 0.644101 -0.673747 -0.390013 0.136852 -0.303403
VERTEX_POSE A2919 0.652780 0.752400 -0.117777 -0.653719 0.257403 -0.439912 -0.058332 0.211270 -0.142579 -0.572700 0.400046 0.316703 -0.151940 0.768833 0.698344 -0.490434 -0.330425 0.445155 0.636397 0.308290
VERTEX_POSE A2920 -0.604997 -0.368796 -0.905364 0.595064 -0.214287 0.655991 0.256051 0.119740 -0.034670 -0.279123 0.917745 0.220142 -0.501431 -0.371246 0.406047 -0.690722 -0.019626 0.595935 0.357769 0.072098
VERTEX_POSE A2921 -0.223191 -0.948284 -0.055789 -0.616294 -0.303548 -0.187933 -0.711103 -0.622120 0.355127 -0.244101 0.487630 -0.520233 0.557745 -0.219892 0.661235 0.350184 -0.565376 0.361513 0.032227 -0.084744
VERTEX_POSE A2922 0.937946 -0.352365 0.184573 -0.251747 0.517854 -0.209680 0.646306 0.321495 -0.000768 -0.160721 -0.581271 -0.270687 -0.582931 -0.076919 -0.363959 -0.419316 0.664963 -0.866196 0.202046 -0.332676
VERTEX_POSE A2923 -0.344505 -0.002487 -0.662280 -0.770335 0.296637 0.762442 -0.065651 0.287593 0.371451 -0.250536 -0.725842 0.358833 -0.041620 -0.291502 -0.045322 0.822581 -0.427630 -0.387159 -0.504529 -0.350146
VERTEX_POSE A2924 -0.847987 -0.509403 0.944568 0.456284 -0.467868 -0.498975 -0.116188 -0.524850 0.080398 0.643213 -0.527829 -0.322923 -0.644138 -0.220587 -0.410621 0.216732 -0.255664 -0.686783 0.333002 0.576113
VERTEX_POSE A2925 0.444106 0.653835 -0.142323 0.314917 -0.984427 0.601069 0.680838 -0.124794 -0.550084 0.220320 -0.775142 -0.201579 0.539572 0.191442 0.508348 -0.413494 -0.493559 -0.192542 -0.160635 0.321452
VERTEX_POSE A2926 -0.066249 0.896883 -0.899590 -0.045965 0.247540 -0.263826 0.701794 -0.096433 -0.713591 -0.557642 0.240091 -0.228970 -0.117827 -0.710240 -0.477178 0.209082 -0.382895 -0.375576 0.372724 0.531044
VERTEX_POSE A2927 0.544685 -0.169413 -0.700177 -0.252896 -0.415990 -0.112695 -0.632013 -0.356627 0.967570 0.082893 -0.165142 -0.094402 0.088938 -0.902975 -0.066676 0.526502 -0.098772 0.194293 -0.555495 0.142920
VERTEX_POSE A2928 -0.300518 -0.179952 0.906303 -0.764879 -0.993946 -0.070484 0.634300 -0.481684 -0.127159 0.628664 0.311898 0.638542 0.406210 0.296687 -0.711260 0.193206 -0.015729 0.255414 0.010515 -0.763171
VERTEX_POSE A2929 0.590318 -0.673622 -0.957835 -0.151696 -0.376010 -0.583794 0.099760 0.411032 0.330626 -0.487562 0.746378 -0.169170 -0.683120 -0.091547 -0.717723 -0.198836 -0.025063 0.078271 -0.496128 -0.514746
VERTEX_POSE A2930 0.760628 -0.671300 -0.891024 0.121370 -0.942756 0.651556 0.415401 -0.364406 -0.055120 0.224512 -0.676112 0.127954 0.576562 0.226949 -0.693661 0.232073 -0.416457 -0.273675 0.625104 0.430277
VERTEX_POSE A2931 0.601430 0.826844 0.132829 -0.857873 -0.009287 -0.061631 -0.046251 -0.202361 0.598615 -0.489287 0.365781 0.448827 0.858271 0.097108 -0.020033 -0.028419 -0.788578 0.660314 -0.144992 -0.440420
VERTEX_POSE A2932 -0.989609 -0.502215 -0.697644 -0.977253 -0.965966 0.171293 0.641336 -0.195523 -0.289784 0.442151 0.734756 -0.684649 -0.150135 -0.443081 0.191622 0.529137 -0.471851 -0.617431 0.301106 -0.054216
VERTEX_POSE A2933 -0.082952 0.433173 -0.485500 0.415900 0.705426 0.090291 0.817106 -0.013024 -0.545158 -0.437818 -0.012065 0.264755 -0.120085 0.875861 0.734325 -0.326170 -0.139520 -0.292099 0.140876 0.461613
VERTEX_POSE A2934 0.207096 -0.004501 -0.123475 0.897982 -0.912862 -0.203009 -0.618734 -0.176884 -0.121044 0.401824 -0.488262 0.687167 -0.341004 -0.594220 0.643080 0.026005 0.571621 0.241630 0.582019 -0.224641
VERTEX_POSE A2935 -0.100073 0.494562 -0.369796 -0.665942 -0.880915 -0.145653 0.627054 -0.302860 -0.237986 0.669616 0.339787 -0.591740 -0.223389 -0.655520 -0.747419 -0.110570 0.400143 -0.115570 -0.310305 0.450555
VERTEX_POSE A2936 0.262434 0.598516 -0.587619 -0.546879 0.291155 -0.505044 -0.499389 -0.310599 -0.048899 0.650769 0.317477 -0.561905 0.109531 0.488738 -0.315903 -0.325304 0.533913 -0.571845 0.457483 -0.528023
VERTEX_POSE A2937 -0.442125 0.471754 0.587625 0.512549 0.996466 -0.412742 0.111954 -0.805065 -0.186357 0.477439 0.067310 -0.676325 -0.404984 -0.022349 -0.232728 -0.576709 0.341641 0.532295 -0.512750 -0.479709
VERTEX_POSE A2938 -0.121239 0.604027 0.561616 0.582511 -0.488398 0.052065 0.225153 0.553568 0.586608 -0.155227 -0.205308 -0.593071 -0.548181 -0.356579 0.486314 -0.698857 0.127071 -0.254845 -0.369197 0.712822
VERTEX_POSE A2939 0.955086 0.770215 0.455289 -0.694813 -0.242827 0.387096 0.719850 0.430161 0.206839 -0.476820 -0.105431 -0.665190 0.394298 -0.431976 -0.604009 -0.140081 0.719666 0.008351 -0.281718 0.315156
VERTEX_POSE A2940 -0.649497 -0.141320 0.676199 0.908745 -0.848966 0.157433 0.799216 0.340789 -0.555369 0.544921 -0.434926 -0.535199 -0.120538 0.789016 0.245694 0.190820 0.240143 0.565665 0.115642 0.120360
VERTEX_POSE A2941 -0.276265 0.334430 -0.329612 -0.308408 0.592888 0.624290 -0.061901 -0.701622 0.315514 -0.064748 -0.067410 0.366139 -0.807813 0.398876 -0.572338 -0.565020 -0.371614 -0.221550 -0.142009 -0.453854
VERTEX_POSE A2942 0.719866 0.036782 -0.184067 -0.008803 0.587073 -0.286555 -0.261164 -0.439049 -0.217806 0.746855 -0.566618 -0.059909 -0.127811 -0.418154 -0.535621 -0.533619 -0.218125 -0.761556 0.270030 0.513564
VERTEX_POSE A2943 -0.117720 -0.143018 -0.010436 -0.726165 -0.356764 0.009677 0.188046 0.616939 -0.519598 -0.612954 0.264328 0.298925 0.331924 0.608519 -0.097752 0.512290 -0.407767 0.794363 -0.465093 -0.113786
VERTEX_POSE A2944 -0.456771 0.467099 -0.218231 0.839439 0.753080 0.322330 -0.535326 0.551553 0.082832 -0.428033 -0.354169 0.330750 0.388385 -0.509374 0.192893 0.614271 0.548616 0.861765 -0.045186 -0.099557
VERTEX_POSE A2945 -0.837141 -0.971638 0.986698 0.304289 0.816005 0.497868 0.370357 0.680679 0.298232 0.228249 -0.475241 0.731419 -0.582618 -0.233135 -0.032233 0.440189 -0.492204 -0.356611 -0.526810 0.119184
VERTEX_POSE A2946 0.579773 0.847895 -0.727052 0.753458 -0.529185 -0.525961 0.439575 -0.553205 0.025686 -0.316504 -0.484980 0.648210 -0.249231 -0.534560 -0.185314 -0.562441 0.332267 -0.517868 -0.572838 -0.250207
VERTEX_POSE A2947 -0.877521 0.785688 0.831125 0.581711 -0.349745 -0.584089 -0.678501 0.002986 0.073285 0.203903 0.822666 0.444526 -0.380631 -0.264169 -0.592095 0.086589 0.161794 -0.324483 0.587948 -0.476706
VERTEX_POSE A2948 -0.653343 -0.735035 0.998505 -0.964671 -0.217046 -0.293943 0.037219 0.029264 0.698309 -0.036325 -0.671983 -0.484957 -0.694930 -0.489127 0.300121 -0.327023 0.428823 0.317342 -0.638297 0.352772
VERTEX_POSE A2949 0.543835 -0.972379 0.555543 0.002637 -0.202126 -0.762752 0.174913 0.165268 -0.063711 -0.954048 -0.094195 -0.136996 -0.050309 -0.651689 -0.552389 0.010331 -0.393016 0.300416 0.237824 -0.620205
VERTEX_POSE A2950 0.775259 0.538088 -0.286652 0.927992 0.907659 0.751095 0.609676 0.158539 0.203752 -0.044270 -0.378287 -0.326017 0.432819 -0.699452 -0.517273 0.641213 0.405184 -0.143121 -0.166880 0.422323
VERTEX_POSE A2951 -0.258341 -0.103831 -0.906859 0.630392 0.568667 0.162076 0.718135 0.638204 0.516076 -0.278655 0.263772 -0.033658 0.396716 -0.117769 0.264854 -0.456278 0.527578 0.797569 0.202633 -0.480533
VERTEX_POSE A2952 -0.679357 -0.920663 -0.500246 0.386343 0.494326 -0.054148 0.612634 -0.648507 -0.257973 0.020054 -0.012792 -0.143790 -0.461391 0.169486 0.670559 -0.476315 -0.537945 0.678375 0.429557 0.511042
VERTEX_POSE A2953 0.713205 -0.814277 0.897922 -0.323755 0.425513 0.035371 0.218722 0.416530 0.220261 0.179489 -0.003562 -0.443954 0.809085 0.238327 0.741374 0.115260 0.543135 0.451113 0.502037 -0.688981
VERTEX_POSE A2954 0.397154 0.893682 -0.569140 0.860058 -0.134696 0.363237 -0.369613 0.778760 -0.530457 -0.498167 0.180878 -0.111888 0.114716 -0.235754 -0.601216 -0.340105 -0.065984 -0.461190 0.697413 0.548527
VERTEX_POSE A2955 -0.527344 -0.430066 -0.555677 -0.157373 -0.973542 -0.176771 0.473209 0.566508 -0.304712 0.486134 0.349684 0.082563 -0.030127 0.051567 0.927698 0.318127 0.145827 0.091995 -0.661539 0.729976
VERTEX_POSE A2956 0.157311 0.839557 -0.244402 0.991163 0.441085 -0.259108 0.877720 0.401415 0.211826 -0.178457 0.571827 0.639056 -0.052514 0.477604 -0.542095 -0.279136 0.203091 -0.430968 -0.342178 0.492472
VERTEX_POSE A2957 -0.669095 0.790565 -0.468730 -0.185907 -0.887155 -0.340266 0.854751 -0.211182 0.295352 0.327065 -0.186181 -0.637802 -0.342207 -0.656904 0.501118 0.094165 -0.588893 -0.372928 0.190936 0.377388
VERTEX_POSE A2958 -0.982659 0.400521 -0.255855 0.589731 -0.389532 0.804676 -0.371123 -0.433732 0.349944 0.014910 0.633289 -0.401989 -0.616513 0.024656 -0.103382 -0.686168 0.129765 0.240315 -0.105499 0.627196
VERTEX_POSE A2959 0.856792 -0.340395 -0.338098 -0.773716 0.447140 -0.226929 -0.066375 -0.104395 0.683383 0.267571 -0.402241 0.519806 0.203815 0.759624 -0.367447 0.127405 0.484540 0.276181 -0.930714 0.124482
VERTEX_POSE A2960 0.921223 -0.883057 -0.426565 0.662396 -0.263165 0.940024 0.016039 -0.016576 -0.284231 -0.075852 0.021267 0.028428 -0.951752 0.287464 -0.135667 0.237974 0.602312 0.127878 0.177555 0.744216
VERTEX_POSE A2961 0.777970 0.729221 -0.146879 -0.288899 -0.332287 -0.319531 0.889946 -0.036591 0.335323 -0.068350 0.444501 0.599854 0.192541 0.361806 -0.489435 -0.033714 0.817037 -0.431379 -0.406343 -0.051259
VERTEX_POSE A2962 0.458223 -0.513552 0.794731 -0.631589 -0.562148 -0.616948 0.116436 -0.334037 0.091727 0.476263 -0.688238 -0.564481 0.576306 0.432061 -0.474667 -0.569182 -0.374363 -0.258872 -0.321745 0.296520
VERTEX_POSE A2963 0.931614 -0.385271 -0.124208 0.685143 -0.229131 -0.497182 -0.471092 0.485758 0.582695 -0.171127 0.638931 0.433544 -0.223183 0.147786 -0.361270 0.600359 0.576275 -0.307894 -0.581847 -0.043287
VERTEX_POSE A2964 -0.304982 0.162394 0.367621 -0.872999 -0.626861 0.543360 -0.061782 0.289858 -0.548083 -0.038793 0.832685 -0.410410 0.678872 -0.275174 -0.464145 -0.449008 -0.360378 -0.143170 -0.576370 -0.130480
VERTEX_POSE A2965 -0.334681 0.481948 -0.328744 -0.733607 -0.475010 0.284155 -0.456150 0.163744 -0.089274 0.652474 0.703621 0.300697 -0.109165 0.331114 0.228646 -0.464046 0.557399 0.876692 0.372759 -0.240364
VERTEX_POSE A2966 -0.168459 -0.890709 0.505996 -0.980799 -0.110047 0.129282 -0.337107 0.164594 0.759645 -0.064440 -0.585144 -0.579888 0.120476 -0.761001 -0.028244 -0.762063 -0.207621 0.262979 0.535679 -0.091023
VERTEX_POSE A2967 0.957451 -0.239090 0.780001 -0.419878 0.664294 -0.598451 0.067621 -0.182012 0.230247 -0.505846 0.667614 0.639635 0.160490 -0.506052 -0.344631 0.382198 0.170772 -0.246857 -0.753469 -0.485708
VERTEX_POSE A2968 0.223194 -0.046298 -0.741119 0.778942 -0.478544 0.282248 0.594401 0.489815 -0.308368 0.597078 -0.347520 -0.824652 0.107114 -0.047590 -0.370372 -0.372978 0.660090 -0.089547 0.373630 0.448696
VERTEX_POSE A2969 0.710302 0.713318 0.067611 0.601712 0.401555 0.275355 -0.612261 -0.450100 -0.640364 0.288173 -0.542878 -0.064259 -0.380587 -0.507269 0.621753 0.188870 -0.144520 -0.351295 -0.601311 0.473799
VERTEX_POSE A2970 0.912537 -0.468875 0.235290 -0.114691 -0.578533 -0.431688 0.654321 0.450630 -0.464073 -0.608796 -0.135657 -0.074196 0.322704 -0.481091 0.294559 -0.274598 0.721266 0.711345 0.147278 -0.163878
VERTEX_POSE A2971 0.573697 0.812382 0.935080 0.687686 -0.327510 0.058849 -0.687171 0.385313 0.354254 0.113429 0.735450 -0.471813 0.489780 0.118580 0.298606 -0.300944 -0.537211 0.747842 0.429509 -0.089389
VERTEX_POSE A2972 -0.565964 0.047748 0.737999 -0.706696 -0.005557 0.366302 -0.318608 0.662080 -0.459249 -0.572896 0.405421 0.795039 -0.302181 -0.151157 -0.137743 -0.440969 -0.203423 -0.062074 -0.533397 -0.577108
VERTEX_POSE A2973 0.632404 0.567907 -0.948777 0.876506 -0.991461 -0.550774 -0.177507 -0.368051 0.131585 -0.547643 0.589822 -0.039439 0.797077 0.186787 0.717064 -0.083453 -0.588362 -0.404471 -0.162120 -0.368224
VERTEX_POSE A2974 -0.544023 -0.330636 -0.075356 0.961521 0.315726 0.670742 -0.649872 0.119059 0.196225 0.567319 -0.178725 -0.673034 -0.474841 -0.218265 -0.034337 -0.174142 -0.411055 0.239681 -0.004127 -0.858648
VERTEX_POSE A2975 -0.022734 -0.485153 -0.480232 -0.867257 -0.252476 0.276357 0.520292 0.247453 0.342787 -0.483157 -0.540744 -0.227765 -0.609055 0.698563 0.240080 -0.351264 -0.142199 0.834631 -0.039007 0.371688
VERTEX_POSE A2976 0.795263 0.596269 -0.962079 0.180794 0.824544 0.248845 -0.260843 -0.731903 -0.167002 -0.834049 0.341699 -0.775608 -0.074103 -0.514064 -0.404722 0.459065 0.189245 -0.380550 -0.141745 0.217909
VERTEX_POSE A2977 -0.964251 -0.482741 0.197591 0.714980 0.786541 0.487623 -0.024121 0.600100 -0.269241 0.478458 0.679586 -0.598870 -0.418475 0.077917 0.403478 0.398874 -0.361932 0.410237 -0.660511 0.202429
VERTEX_POSE A2978 0.099744 -0.699465 -0.649107 0.714454 0.397779 -0.031665 -0.708526 0.280479 -0.620063 -0.357263 0.259809 -0.145161 -0.068885 -0.757930 -0.462140 0.603310 0.371583 -0.616340 -0.040324 -0.375898
VERTEX_POSE A2979 -0.858081 0.861234 -0.963574 0.216123 -0.392502 -0.391764 0.437577 0.468459 -0.300889 -0.187749 -0.779448 0.508100 0.589038 -0.202315 -0.524869 0.594254 -0.292473 0.471523 0.270507 -0.215719
VERTEX_POSE A2980 0.579584 -0.455120 -0.246865 -0.282383 -0.415585 -0.628124 0.508033 0.488296 0.108769 0.743166 -0.464124 -0.674320 -0.402956 -0.218915 0.212432 -0.164939 -0.030145 0.306260 0.005198 0.705212
VERTEX_POSE A2981 -0.124997 0.838623 0.064241 0.642446 0.305438 0.479283 -0.258810 0.379697 -0.507030 -0.038852 -0.201362 -0.090014 -0.194591 -0.754928 -0.215138 -0.930401 0.145813 -0.677364 0.167320 0.473398
VERTEX_POSE A2982 -0.116422 -0.242597 -0.870434 -0.153484 -0.823835 -0.150391 -0.539822 -0.410746 -0.540310 -0.576963 0.154756 0.598155 -0.164011 -0.557896 0.228584 0.059304 0.552486 0.524793 -0.587614 0.436863
VERTEX_POSE A2983 0.900227 -0.375783 0.252889 -0.896040 -0.921260 -0.168830 -0.841828 0.433385 0.481364 0.239492 0.572862 0.006199 0.359523 0.547545 0.693105 -0.312280 0.017889 0.509267 -0.084817 -0.428814
VERTEX_POSE A2984 -0.411792 -0.975655 -0.037837 -0.681308 -0.269049 -0.074303 -0.664531 0.577563 0.255052 -0.197352 0.466133 -0.375281 -0.383111 -0.257116 -0.688233 0.496797 0.521868 0.561183 0.354780 0.332695
VERTEX_POSE A2985 -0.719268 -0.348914 -0.439573 -0.293427 0.041469 0.745484 0.623180 0.098883 0.443708 -0.513306 0.375241 0.302358 -0.033546 -0.280973 0.225587 -0.219008 -0.868731 -0.324140 0.546877 -0.125609
VERTEX_POSE A2986 -0.627116 0.194151 0.697212 -0.053413 -0.894802 -0.079808 -0.604463 -0.624392 -0.523587 -0.603549 0.595690 0.109245 0.078474 0.289663 -0.539591 0.483991 0.062394 0.645286 -0.173051 0.409256
VERTEX_POSE A2987 0.745519 0.863903 0.717762 -0.690146 -0.827964 0.629720 -0.672891 -0.114243 0.684841 0.461830 0.540745 0.332050 0.308353 -0.738983 0.151823 -0.074008 -0.293693 -0.033743 -0.483085 0.249384
VERTEX_POSE A2988 -0.388363 -0.558349 0.091697 0.520666 0.154314 0.189363 0.078860 0.029612 0.135945 0.505716 -0.571698 0.624438 -0.709524 -0.246213 0.551139 0.388116 -0.261524 -0.501980 -0.289782 -0.737068
VERTEX_POSE A2989 -0.609775 -0.405329 -0.558643 -0.463682 -0.284334 -0.754542 0.606935 -0.230400 -0.250766 -0.271746 0.020356 -0.335762 -0.657366 -0.617963 0.484876 0.288927 -0.687825 -0.141216 -0.205365 0.302522
VERTEX_POSE A2990 0.602311 -0.476493 -0.620337 -0.463861 0.619176 0.533795 -0.398250 0.606286 0.410717 0.372866 -0.554048 -0.434096 -0.571744 -0.228215 -0.500633 -0.023617 0.049205 0.327571 -0.612306 -0.520525
VERTEX_POSE A2991 -0.467140 -0.441406 0.665132 0.183062 0.891149 0.480778 0.732133 -0.246676 -0.716836 0.340871 0.374925 0.330499 0.193336 0.633562 0.229832 -0.533539 -0.058102 0.304870 -0.160454 0.627539
VERTEX_POSE A2992 -0.831805 -0.676108 0.294478 0.247419 0.383379 -0.043758 -0.057694 -0.341348 -0.653611 0.544783 0.429948 0.137285 0.011782 -0.320337 -0.154607 0.575817 -0.722127 -0.726724 -0.606777 -0.273025
VERTEX_POSE A2993 0.060534 0.009956 -0.825606 -0.095450 -0.942972 0.145550 0.227148 -0.235581 0.346013 0.370042 0.760393 0.006463 0.454640 -0.553723 -0.673271 0.649005 0.159165 0.636989 0.428448 -0.185368
VERTEX_POSE A2994 -0.535526 0.173323 -0.459076 -0.131795 -0.337983 -0.624274 -0.552784 -0.180777 0.406085 -0.164101 -0.509570 0.106873 -0.538561 -0.444202 0.151352 0.423981 -0.613708 -0.641130 0.444626 -0.365657
VERTEX_POSE A2995 -0.136788 0.486286 -0.337901 0.374420 0.756518 0.342317 0.634018 -0.628783 -0.096987 -0.263946 -0.471023 0.713106 0.186827 0.516906 -0.213718 -0.084785 0.194818 0.564992 -0.697323 -0.278609
VERTEX_POSE A2996 0.725853 -0.508096 -0.154350 0.170943 -0.417982 -0.078271 0.349019 -0.558638 -0.535101 -0.301517 0.568892 -0.519930 -0.473052 -0.591853 -0.305286 -0.163092 -0.051007 -0.586527 0.732732 0.106737
VERTEX_POSE A2997 0.296015 0.282614 -0.953081 -0.112594 0.551971 -0.118808 -0.348511 0.216107 -0.362890 -0.427157 0.050901 0.581096 0.463662 0.357972 -0.664447 0.505168 0.545371 0.273922 -0.475289 0.724661
VERTEX_POSE A2998 -0.179336 -0.752804 -0.557899 0.954543 0.420812 0.329605 -0.478782 -0.524839 -0.602714 0.384891 -0.594699 0.722770 0.537470 -0.305971 0.010796 0.574016 0.296920 -0.074731 0.065252 -0.434853
VERTEX_POSE A2999 -0.050953 0.445606 0.104531 -0.050116 0.103473 -0.348078 -0.123628 0.685249 -0.796385 -0.240007 -0.038710 -0.489604 0.483397 -0.479573 -0.056257 0.466315 0.540913 0.041652 0.689921 0.079740
VERTEX_POSE A3000 0.006316 -0.004069 0.114530 -0.510882 -0.046474 0.489598 -0.238238 0.635341 0.612192 0.294108 -0.416611 -0.060457 -0.617706 -0.604928 0.186606 0.589270 -0.222033 -0.589100 0.357691 0.086836
VERTEX_POSE A3001 -0.266799 -0.221679 0.677391 -0.160148 0.842278 -0.375047 0.411297 0.772821 -0.269313 0.540902 -0.546044 0.711036 0.622996 0.130143 -0.527065 0.237310 -0.063151 0.058658 -0.306301 0.289239
VERTEX_POSE A3002 -0.477256 0.257988 0.039611 -0.362429 0.775963 -0.158799 -0.457190 -0.336435 0.478751 -0.330433 -0.492148 0.537387 -0.193971 -0.211490 0.023308 -0.741716 0.653677 0.675465 0.306632 0.415428
VERTEX_POSE A3003 0.440353 -0.956321 -0.147470 -0.217578 0.947969 0.227537 0.620191 0.641721 0.294428 -0.613152 0.116317 -0.181431 0.459975 -0.655078 0.662563 0.031014 -0.372074 0.624205 0.163917 -0.084254
VERTEX_POSE A3004 -0.634395 -0.653772 0.728614 -0.283643 0.850818 -0.321815 -0.439164 0.465042 -0.049789 0.309944 -0.559984 -0.361267 -0.112830 -0.574188 -0.417601 -0.623504 -0.270889 -0.767497 0.556401 0.259000
VERTEX_POSE A3005 -0.021279 0.927352 0.964254 -0.400908 0.091689 0.407947 0.660241 0.601148 0.791039 -0.450731 -0.159802 0.150241 -0.410689 0.499178 -0.413718 -0.406849 0.543577 0.118751 -0.163499 0.261592
VERTEX_POSE A3006 -0.582381 -0.441474 0.372298 -0.084835 -0.304508 0.439333 -0.687451 0.285753 -0.481218 0.131728 0.286101 -0.128045 0.298496 0.787911 0.497868 0.627978 -0.226955 0.557807 0.163104 0.405190
VERTEX_POSE A3007 -0.839133 0.942497 0.766535 0.897152 0.675362 -0.703427 0.378470 0.407353 0.420402 0.676980 -0.392746 0.184164 0.308097 0.449008 -0.352467 0.495392 -0.345323 -0.412678 -0.241086 -0.599131
VERTEX_POSE A3008 0.014470 -0.555388 0.161846 -0.685928 -0.121770 -0.036586 0.102929 0.710029 -0.514384 0.507718 -0.517073 -0.319901 0.010473 0.318124 -0.653809 -0.724524 -0.034083 -0.451960 0.454514 0.355148
VERTEX_POSE A3009 0.517363 -0.140939 0.723191 -0.370381 -0.906729 0.316962 -0.538630 -0.069149 -0.709340 -0.409446 -0.485481 -0.117726 0.733544 -0.338492 -0.604231 0.045184 0.689531 0.131974 -0.045862 0.411700
VERTEX_POSE A3010 -0.697214 0.803732 0.802960 0.113275 -0.717141 -0.399919 0.755203 0.409119 0.153822 0.478672 -0.352508 0.380215 -0.173484 0.216027 0.286537 -0.065283 0.804045 0.767943 0.407656 -0.123301
VERTEX_POSE A3011 -0.405946 -0.010508 0.914980 0.031689 0.462645 -0.059316 -0.700027 -0.503922 0.335965 0.500730 -0.714226 -0.640887 -0.161742 -0.128940 0.663833 -0.398427 0.291118 -0.179438 0.272628 0.366836
VERTEX_POSE A3012 -0.607634 -0.302316 -0.212568 -0.727935 0.398709 -0.427195 0.263852 -0.014228 0.508880 0.493122 -0.522264 0.378844 -0.519034 0.419009 -0.307390 0.519182 0.563155 -0.566157 -0.385054 -0.484072
VERTEX_POSE A3013 0.186365 -0.438865 0.932526 0.959791 -0.540976 -0.157613 0.025525 -0.151563 0.509421 -0.148898 -0.838882 -0.600650 -0.692366 -0.191393 -0.420419 0.097748 -0.374541 0.422038 -0.698750 0.310473
VERTEX_POSE A3014 -0.505718 0.613708 0.167869 0.135648 0.541385 -0.651008 0.444016 -0.360054 -0.229647 -0.547199 -0.678216 -0.517625 -0.193841 0.614686 0.426541 0.465356 -0.179592 0.271255 -0.499292 0.017073
VERTEX_POSE A3015 -0.019426 -0.277971 0.749595 -0.409243 -0.870340 -0.516257 -0.281161 -0.521902 0.057435 0.459095 -0.234481 -0.516943 0.586251 -0.308334 -0.575270 -0.469803 0.274407 -0.363338 0.381806 0.708709
VERTEX_POSE A3016 0.467097 0.212221 -0.507047 -0.333636 0.500493 -0.290287 -0.462103 0.076598 0.394046 0.479819 0.673799 -0.416859 -0.282628 0.723551 0.643225 -0.690150 0.120394 0.415874 0.006956 -0.045911
VERTEX_POSE A3017 -0.132835 -0.192141 -0.134919 -0.917765 0.646583 0.272796 -0.444406 -0.467451 0.291399 0.338404 0.348436 -0.793446 0.214640 0.156331 -0.444232 -0.231693 -0.501451 -0.117348 -0.766964 0.619830
VERTEX_POSE A3018 -0.273907 -0.414068 0.467357 -0.099389 -0.698304 0.368820 0.460438 0.555194 0.533980 0.353774 0.055473 0.726685 -0.464654 -0.410147 0.123943 0.501367 -0.398926 0.188161 -0.442232 0.601099
VERTEX_POSE A3019 -0.921266 0.653872 0.584650 -0.812970 -0.345193 0.519160 0.033552 -0.652451 0.443148 0.621014 0.150016 -0.000542 0.307853 -0.509670 0.381458 0.301699 0.528482 -0.623364 0.653773 -0.112899
VERTEX_POSE A3020 0.257390 0.402530 0.306438 -0.381447 -0.637750 0.404351 -0.636873 0.444764 -0.389662 0.053447 0.190970 0.526233 -0.114479 0.149478 0.114704 -0.441105 -0.851133 0.628161 0.619563 -0.137638
VERTEX_POSE A3021 -0.671595 0.109439 0.847020 0.436750 0.920872 -0.258107 0.170433 0.803809 -0.405823 -0.519779 -0.244487 0.414388 -0.172060 0.471468 0.690609 -0.473788 0.008242 -0.346453 -0.668358 0.267894
VERTEX_POSE A3022 -0.388406 -0.787534 0.249782 0.370092 -0.454044 0.443076 -0.329918 0.168299 0.157216 -0.800981 -0.405666 -0.529524 -0.472686 0.693121 -0.101334 0.152663 0.193447 -0.698786 -0.053344 -0.537840
VERTEX_POSE A3023 0.425585 0.726422 -0.399084 0.865972 0.745629 -0.361970 0.410478 -0.349059 -0.087276 -0.637004 0.391948 0.674095 -0.304376 -0.643161 -0.158773 0.211595 -0.284667 -0.617858 -0.536951 -0.479419
VERTEX_POSE A3024 0.388939 -0.880605 -0.978585 -0.658701 0.977900 0.380805 -0.708514 0.465908 0.474924 0.232090 0.504761 -0.294775 -0.169476 0.112799 0.366920 -0.469628 -0.687753 0.638680 0.441441 -0.205959
VERTEX_POSE A3025 0.076069 0.385788 0.790706 -0.761703 0.207973 -0.575869 -0.396325 0.026030 0.320915 -0.690151 0.429323 -0.591967 -0.092243 0.480353 -0.462188 0.085743 -0.401209 0.036685 -0.592248 -0.650612
VERTEX_POSE A3026 -0.711203 0.212709 0.263016 0.240392 0.502146 -0.212141 0.003789 -0.320596 -0.494112 -0.696865 0.228465 0.387407 0.191590 0.753120 0.453280 -0.012924 -0.526925 -0.596072 0.691008 0.013494
VERTEX_POSE A3027 0.114792 -0.388701 -0.132935 0.512242 -0.440083 -0.721162 -0.602720 0.331592 -0.546183 0.359259 -0.554965 0.028453 0.258838 0.306534 -0.356409 0.662512 0.512739 0.231888 -0.041733 0.474548
VERTEX_POSE A3028 -0.627917 -0.331598 0.837625 0.125703 -0.240057 -0.360819 0.551708 -0.113885 0.321673 -0.259360 -0.648968 -0.831022 -0.266265 0.018859 -0.254120 -0.479028 -0.481188 0.105652 -0.572701 0.577904
VERTEX_POSE A3029 0.109460 0.459905 0.705116 0.194934 -0.077042 -0.509316 -0.178407 0.514760 -0.539645 -0.447583 -0.618007 -0.387977 0.650348 -0.414086 0.421565 -0.475037 -0.352276 -0.348047 -0.345293 0.239843
VERTEX_POSE A3030 -0.936161 -0.943095 0.971596 -0.537874 0.663391 -0.122609 -0.139444 0.978878 -0.648100 -0.199280 -0.054152 -0.292367 0.724611 0.089445 0.510683 0.500602 0.166692 0.467609 -0.406422 0.055489
VERTEX_POSE A3031 0.378400 0.664334 -0.047845 0.614821 0.713469 0.375365 0.808787 -0.321322 0.177420 0.137943 0.549133 0.483449 -0.152747 0.587714 -0.591761 0.535957 0.495503 0.493679 0.127491 0.065377
VERTEX_POSE A3032 0.842661 -0.761774 0.382507 -0.965214 -0.234764 0.566858 0.256777 0.289413 -0.278411 0.644541 -0.401201 0.553126 0.226684 -0.657742 0.385232 -0.586575 -0.269004 0.383154 0.350966 0.500290
VERTEX_POSE A3033 -0.413417 0.314893 0.011206 0.099697 0.439354 -0.086037 0.745289 0.231976 -0.300869 0.141799 -0.469302 0.593028 -0.395055 -0.217054 -0.411082 -0.055958 -0.691397 0.617580 0.515012 -0.448107
VERTEX_POSE A3034 -0.181248 0.708013 0.804685 -0.602756 0.661438 0.340312 -0.168227 0.330080 -0.549032 -0.212135 0.784856 0.426973 0.182208 0.156721 0.428559 -0.823629 0.045771 0.465599 0.463826 0.498389
VERTEX_POSE A3035 -0.791735 -0.415546 0.111121 -0.248857 -0.383946 0.329110 0.124653 -0.407755 -0.715745 -0.050652 0.468464 -0.151834 0.717972 -0.105456 0.442862 -0.417106 0.455374 -0.400269 -0.540772 -0.629119
VERTEX_POSE A3036 0.565304 0.242245 -0.024539 0.698789 -0.468957 0.708127 -0.583263 0.311002 0.228233 0.103894 -0.566315 -0.437479 0.012446 0.367805 0.498434 0.802800 0.242226 -0.081497 0.066085 0.623386
VERTEX_POSE A3037 0.236371 -0.733461 0.176983 0.312409 -0.643070 -0.317263 -0.603820 0.600571 0.461586 0.505538 0.727607 0.421441 -0.511970 0.097760 0.588703 -0.141522 -0.316772 0.402615 -0.312555 -0.000074
VERTEX_POSE A3038 -0.630867 -0.473049 -0.122344 -0.351705 -0.708584 0.772581 -0.025392 0.448294 0.607607 -0.123157 -0.632099 -0.021675 -0.633252 0.522268 0.169914 0.640773 0.335783 -0.067768 0.415439 0.118194
VERTEX_POSE A3039 -0.420226 0.686856 -0.862694 -0.987139 0.409273 -0.209044 -0.096801 -0.526124 -0.599070 0.624346 -0.071542 -0.497147 0.067235 0.613182 0.526242 0.394097 0.468802 -0.270795 -0.664070 0.349727
VERTEX_POSE A3040 -0.246266 0.125600 -0.099826 0.942028 -0.549798 -0.257672 0.472596 0.495752 -0.590621 -0.682717 0.300875 -0.060812 0.416660 0.470360 0.552711 -0.136791 -0.026886 -0.524961 0.343851 -0.664637
VERTEX_POSE A3041 -0.328081 -0.669317 -0.319384 0.761570 -0.425725 -0.312260 0.586468 0.180632 0.507662 0.653055 -0.459849 -0.802289 0.186980 -0.335944 -0.033179 -0.019582 -0.575945 0.002183 0.440714 0.557978
VERTEX_POSE A3042 0.173828 -0.323652 -0.947714 0.044550 -0.128082 0.001757 0.336571 -0.394127 -0.063042 0.750323 -0.367858 -0.549531 0.138189 0.559749 -0.317074 -0.547943 -0.618622 -0.770391 0.066315 -0.115463
VERTEX_POSE A3043 0.146100 0.823284 0.687606 -0.785907 0.848911 -0.035501 -0.208916 -0.765558 0.249475 -0.540120 0.547887 -0.419314 -0.706082 0.001192 0.358100 0.247603 0.178821 0.795262 -0.323675 -0.285942
VERTEX_POSE A3044 0.858283 -0.108182 -0.386858 0.721361 0.033299 0.411807 -0.588112 0.198405 0.542126 0.383106 -0.484240 -0.167465 -0.679059 -0.618821 0.399225 -0.214735 0.537659 0.590838 0.011011 -0.232659
VERTEX_POSE A3045 0.668110 -0.709944 0.220156 -0.819802 -0.586697 -0.042705 0.669367 -0.536079 0.288339 0.222001 0.000725 -0.467562 0.019953 0.602680 -0.117182 -0.696610 -0.541836 0.826251 -0.130381 0.236241
VERTEX_POSE A3046 -0.873325 -0.454687 0.437201 -0.195150 0.978571 0.342412 0.433639 0.051908 0.315716 -0.529304 -0.762765 -0.077411 0.054989 -0.106342 -0.619721 0.498567 -0.588916 0.626922 0.529342 -0.239508
VERTEX_POSE A3047 0.325380 -0.895961 0.106095 -0.612275 -0.466207 -0.175105 -0.742957 -0.543930 0.575869 -0.584762 0.517367 -0.237450 -0.120590 -0.273228 0.443120 0.292255 -0.324877 0.620463 0.078188 -0.506234
VERTEX_POSE A3048 -0.464725 0.097915 -0.914764 -0.737567 -0.940114 -0.503094 -0.322316 0.461545 -0.482756 0.812789 0.088761 0.319523 0.463935 0.179003 -0.583460 -0.090098 -0.639520 -0.267062 -0.110151 0.581438
VERTEX_POSE A3049 -0.147232 0.131245 -0.095442 0.705461 -0.719733 0.793824 -0.224159 -0.413177 0.265942 0.689993 -0.198842 0.162461 -0.499880 0.494428 0.303972 -0.281858 -0.041255 0.424648 0.379920 0.737283
VERTEX_POSE A3050 0.404115 0.757911 -0.309255 -0.425246 0.188600 -0.767345 0.085114 -0.091682 0.291431 -0.815564 -0.080245 -0.255958 -0.382776 0.659633 -0.136272 -0.243054 -0.740421 0.492102 0.349310 0.042622
VERTEX_POSE A3051 0.792665 -0.499554 0.391674 -0.119014 -0.577864 0.381654 0.576971 -0.455501 -0.251951 0.018517 -0.808873 -0.376822 0.121255 -0.097432 0.575918 0.394236 0.184934 0.563191 -0.704724 -0.307489
VERTEX_POSE A3052 0.181173 -0.759316 -0.248422 0.142211 -0.798861 -0.606570 -0.250572 0.495428 -0.027815 -0.513984 -0.543816 0.215297 0.413895 0.465871 0.763269 -0.293515 0.214279 0.048655 -0.644651 0.442565
VERTEX_POSE A3053 -0.984291 0.970376 0.940527 0.944846 0.734556 0.193326 0.234454 -0.568556 0.674714 0.649645 0.254787 -0.085402 0.160576 -0.750771 -0.609546 0.453235 0.218575 -0.358533 0.540172 -0.019866
VERTEX_POSE A3054 0.218250 -0.773132 0.992591 -0.253042 -0.832235 0.096086 0.436667 -0.360850 -0.091409 0.427326 -0.625625 0.640640 -0.364563 -0.526424 0.727321 0.119721 0.354258 0.207357 0.692442 0.275244
VERTEX_POSE A3055 -0.429888 -0.639921 -0.227007 0.483510 -0.820961 -0.526067 -0.168834 0.816427 0.235448 -0.053015 0.307570 0.367520 0.154691 0.157055 0.331202 0.767955 0.377165 -0.650425 0.595819 -0.268194
VERTEX_POSE A3056 0.091778 0.356165 0.731233 -0.816857 -0.057472 -0.174248 -0.469393 0.450644 -0.604186 -0.409381 -0.453524 0.453570 -0.578544 -0.541161 0.579565 -0.301960 0.287360 0.250949 0.431492 -0.464549
VERTEX_POSE A3057 0.507046 0.439577 0.255606 0.987350 0.669911 0.518496 0.307607 0.651293 -0.201419 0.627226 -0.223816 -0.659708 -0.221674 0.133275 0.369079 -0.655693 -0.146536 0.345193 0.181361 -0.697488
VERTEX_POSE A3058 0.684904 -0.028622 0.640058 -0.004248 -0.261043 -0.192793 0.121645 0.479112 -0.689132 -0.258141 -0.633672 0.062187 -0.373376 0.099036 -0.447724 -0.538670 0.572607 0.532545 -0.699278 -0.176705
VERTEX_POSE A3059 0.463861 -0.975433 0.568858 0.308846 0.702472 -0.331723 -0.088039 -0.411766 0.135099 0.340963 -0.568376 -0.594817 -0.447428 0.336521 -0.693620 0.636185 -0.028935 0.191811 0.520644 0.627147
VERTEX_POSE A3060 -0.383493 -0.100518 -0.039278 0.182285 -0.407131 0.103853 0.051324 0.593988 0.497432 0.378331 -0.456988 -0.594839 0.013001 -0.588116 0.318990 -0.904040 -0.212182 0.534965 0.191768 -0.217803
VERTEX_POSE A3061 0.748744 0.028283 0.611654 0.457878 -0.597653 0.674089 -0.354716 0.515647 -0.521342 -0.551343 0.554578 0.392433 0.422234 0.341842 0.339248 -0.625455 -0.545891 0.068646 -0.026844 -0.108157
VERTEX_POSE A3062 -0.157739 0.688900 -0.478986 -0.076333 0.415941 -0.520300 0.113070 -0.094300 -0.091044 0.336482 -0.914776 -0.374500 -0.276534 -0.024933 -0.297102 -0.814990 -0.245321 0.701769 -0.365124 -0.305759
VERTEX_POSE A3063 -0.540832 0.137707 -0.656771 0.217071 0.358105 0.502720 -0.562278 -0.356014 -0.327749 -0.337162 0.666105 -0.357829 0.530221 -0.413561 -0.580491 -0.516859 -0.499165 0.418142 0.147942 -0.096748
VERTEX_POSE A3064 -0.664673 -0.656825 -0.377140 -0.442425 0.841701 -0.521125 0.313930 0.643775 0.300943 0.537173 0.329046 -0.423790 0.057675 0.138273 0.170751 -0.744732 0.611059 -0.655063 -0.234396 -0.291152
VERTEX_POSE A3065 0.661013 0.396913 -0.674301 0.320911 0.077379 -0.156545 0.725652 -0.310693 0.291264 0.334821 -0.603027 -0.604665 -0.436777 -0.630662 -0.388016 0.378424 0.304032 0.611950 -0.165362 -0.222841
VERTEX_POSE A3066 -0.332567 0.722161 0.454351 0.968214 0.974159 -0.528015 -0.343270 0.374279 0.059366 0.464126 -0.077717 -0.625870 0.615742 0.304122 -0.568946 -0.344706 -0.640449 -0.047583 0.410843 -0.592629
VERTEX_POSE A3067 0.900631 0.585420 0.598321 -0.743635 -0.627256 -0.746291 -0.229080 -0.603068 0.429101 -0.693130 -0.147923 -0.305579 -0.656447 0.533124 0.377677 -0.148853 -0.448093 -0.151340 0.118380 0.359747
VERTEX_POSE A3068 -0.102616 0.663452 0.502681 -0.366680 0.434309 0.611414 -0.063981 0.351658 0.379599 -0.766485 0.065221 0.517871 0.342295 -0.717829 -0.462181 -0.314869 -0.266322 0.016621 0.438291 0.534674
VERTEX_POSE A3069 0.036566 -0.750888 -0.667994 -0.383491 -0.734425 0.509869 0.102534 -0.569341 -0.464317 0.756707 0.187628 -0.025613 0.475129 -0.625347 -0.609579 -0.319808 -0.428982 0.390129 0.298090 0.256052
VERTEX_POSE A3070 -0.519595 0.272276 0.735627 -0.730774 0.782016 -0.581332 -0.484379 0.312759 -0.464832 0.418842 -0.706961 0.576447 0.200651 0.102390 -0.029529 -0.380243 -0.084908 0.335889 -0.636478 -0.620238
VERTEX_POSE A3071 0.651117 -0.210948 -0.597145 -0.424653 0.884511 0.301937 -0.479438 0.499543 0.197517 0.177202 -0.745629 -0.638764 -0.068253 0.052042 0.428567 -0.599213 -0.310620 0.527383 0.612392 0.308710
VERTEX_POSE A3072 0.708484 -0.420205 0.012622 -0.621921 -0.160150 0.390044 -0.725557 0.300632 -0.203418 0.502266 0.274516 0.405900 0.149160 0.452023 -0.783440 -0.435262 0.146102 -0.167195 0.097953 0.780122
VERTEX_POSE A3073 0.654233 0.948624 0.787914 0.313776 -0.346066 -0.563136 -0.435668 0.068631 -0.090733 -0.469992 -0.758183 -0.661118 0.668916 -0.178164 -0.229459 -0.329150 0.623358 0.430020 0.183063 -0.011386
VERTEX_POSE A3074 -0.202783 -0.387665 -0.909539 -0.210560 0.733422 -0.647481 -0.332312 -0.165555 -0.090940 0.684506 -0.711102 -0.329410 -0.465402 -0.473572 -0.410099 0.232214 0.373465 -0.543881 0.387942 0.321215
VERTEX_POSE A3075 0.566768 0.471613 0.625764 -0.900560 0.873150 -0.477289 0.030477 -0.669344 -0.538259 -0.188766 0.191717 0.626418 0.205412 -0.092400 -0.267271 0.929472 0.252720 0.136527 0.239429 -0.665446
VERTEX_POSE A3076 0.322343 -0.761320 0.008069 0.493974 0.067237 0.334893 -0.617722 -0.056210 -0.458132 0.483074 0.120220 -0.341055 0.090342 -0.307080 0.558431 0.484603 -0.658537 0.499799 0.376905 0.674105
VERTEX_POSE A3077 -0.076108 0.157648 0.527662 0.594290 0.711993 -0.015779 -0.855975 -0.003510 0.153136 0.007214 0.587246 -0.062071 0.457953 -0.380837 0.567286 0.203923 0.510263 -0.806619 0.126290 0.499725
VERTEX_POSE A3078 -0.107852 0.575651 -0.268140 -0.512835 -0.593057 -0.189680 -0.733992 -0.520209 0.530220 -0.216941 0.281927 -0.350132 0.096422 0.548840 -0.495321 0.468523 -0.389651 0.561206 0.430559 -0.443674
VERTEX_POSE A3079 0.857618 0.336596 0.093306 0.756408 0.127123 -0.928450 0.238221 -0.131764 0.003787 -0.177772 0.248418 -0.020189 0.607060 0.752716 -0.322289 -0.736746 0.510096 0.183544 -0.018194 0.306835
VERTEX_POSE A3080 0.776660 -0.711107 -0.567780 0.299751 0.992261 -0.289497 0.357332 0.221597 -0.827644 -0.145702 -0.355169 0.234378 0.768219 -0.226115 0.065043 -0.271110 0.697621 -0.414769 0.432924 0.535674
VERTEX_POSE A3081 -0.703737 0.333562 0.422605 0.061919 0.595542 0.442443 0.063399 0.209911 -0.450628 -0.575169 0.658942 0.428029 0.268631 0.448650 -0.296338 -0.118150 -0.511366 -0.574590 0.760946 0.242798
VERTEX_POSE A3082 0.650284 0.837042 -0.515020 -0.362606 0.549259 0.403669 -0.282470 0.848668 -0.321267 0.003818 0.276458 -0.284160 0.294997 0.353286 0.364848 -0.673031 -0.269641 -0.721095 -0.616606 0.076268
VERTEX_POSE A3083 -0.042167 -0.470423 0.183798 -0.558038 -0.806600 -0.377226 0.271113 -0.835904 -0.430501 0.539697 0.337560 -0.449703 0.271806 0.112106 -0.433471 -0.155713 0.404620 -0.531261 -0.732871 -0.105036
VERTEX_POSE A3084 -0.688028 0.303938 0.363132 0.006766 0.330098 0.128516 0.253075 -0.190747 -0.271488 -0.301879 0.007663 0.552255 -0.736129 0.325455 0.774768 0.408945 -0.117885 0.067287 -0.368375 -0.918553
VERTEX_POSE A3085 -0.131466 -0.936090 -0.522429 0.384352 0.717023 0.565729 0.288697 -0.386969 0.536456 -0.104121 0.825066 0.477015 -0.677336 -0.397537 0.078403 0.500736 -0.081587 -0.398089 -0.443049 0.069494
VERTEX_POSE A3086 0.527945 -0.110344 0.956791 0.925472 -0.627561 -0.576976 -0.154250 -0.514165 -0.617913 -0.100006 0.756624 0.512225 -0.138955 0.263310 -0.151311 0.506953 -0.242213 -0.003504 0.830600 0.187498
VERTEX_POSE A3087 0.403749 -0.339897 0.094366 0.189909 -0.727373 -0.144638 0.392650 -0.483563 0.450645 -0.373227 -0.210235 -0.634459 0.343684 -0.116760 0.160704 0.432485 0.787064 -0.589606 -0.633535 0.298104
VERTEX_POSE A3088 -0.624420 0.503487 0.733177 0.371702 0.386934 -0.490979 -0.050944 -0.362555 -0.024380 -0.793665 0.538548 0.542590 -0.497372 -0.670661 0.555506 0.210693 0.358796 0.394152 0.275189 -0.000752
VERTEX_POSE A3089 0.212849 0.861034 0.596849 -0.078776 0.111396 -0.562802 -0.715977 -0.395010 -0.370894 0.003661 0.485454 0.151355 0.268233 -0.503622 0.546900 -0.595666 0.423870 0.472952 -0.246165 -0.418329
VERTEX_POSE A3090 -0.132390 -0.315331 -0.336776 -0.501246 0.975098 0.460608 0.052274 0.517829 0.764832 0.323695 0.042718 -0.368561 0.416006 0.414916 0.232417 -0.725127 -0.149616 0.114097 0.440021 -0.731771
VERTEX_POSE A3091 -0.007913 -0.597031 -0.306101 -0.446013 0.979803 -0.394327 -0.425977 0.631656 0.641190 0.235258 0.225222 0.429714 0.228279 0.475058 0.351056 -0.667081 0.238683 -0.354241 0.515838 0.517335
VERTEX_POSE A3092 -0.038407 -0.110683 0.208503 -0.620898 0.513743 -0.440567 -0.054486 -0.647798 0.533739 -0.339127 -0.585255 0.444265 -0.564428 0.146910 0.366566 0.632359 -0.395251 -0.435064 -0.404435 -0.245006
VERTEX_POSE A3093 0.709871 -0.626430 0.184238 0.422422 0.391040 0.627422 -0.566510 0.261522 -0.189383 -0.153041 -0.500551 0.062108 0.049580 -0.697859 -0.672690 -0.691117 0.105664 0.337796 -0.418980 -0.427649
VERTEX_POSE A3094 0.451254 0.540676 0.037129 0.771057 0.337908 -0.408938 0.319312 -0.188952 -0.515014 -0.243662 -0.272150 -0.457898 0.714974 0.065771 0.373595 0.240604 -0.888787 0.467212 0.519221 0.309779
VERTEX_POSE A3095 0.296920 0.232493 0.831363 -0.063322 0.355444 0.037279 0.073358 -0.523769 0.243754 -0.833100 0.092939 0.536429 -0.184748 -0.616760 -0.557993 0.002809 -0.580163 0.583165 0.516163 0.006847
VERTEX_POSE A3096 0.370884 0.770483 0.509936 -0.256667 -0.531581 0.040567 0.102175 0.495108 0.074785 -0.350547 -0.293098 0.970662 0.221941 0.020649 -0.120355 0.223887 0.730636 0.189979 -0.875953 0.367023
VERTEX_POSE A3097 -0.881313 0.262837 -0.508521 0.739271 0.312068 0.146041 -0.439203 0.220368 -0.130217 -0.734721 -0.587654 0.530352 0.222883 -0.648581 0.471749 -0.456323 0.427782 -0.676679 -0.096843 -0.049455
VERTEX_POSE A3098 0.197551 -0.182087 0.429684 0.193043 0.728187 0.077911 -0.304314 0.916150 0.475685 -0.231346 -0.123320 -0.513719 -0.146668 0.202511 0.305010 -0.785071 -0.212410 -0.640870 -0.464783 -0.243581
VERTEX_POSE A3099 -0.731732 0.433934 0.012618 0.376652 0.902728 0.743236 -0.270559 -0.407362 -0.507533 -0.336305 -0.786496 -0.221211 -0.545426 0.392937 -0.126949 -0.556045 0.239919 0.353498 -0.454995 0.059329
VERTEX_POSE A3100 0.155253 0.511949 -0.176515 -0.644219 0.577643 -0.758384 -0.525833 -0.002274 -0.030111 -0.300065 0.316740 0.454912 -0.359867 0.686931 -0.400882 0.694887 0.561056 0.237268 0.145221 -0.336173
VERTEX_POSE A3101 0.677955 -0.909811 0.165311 0.462269 0.510204 0.642833 0.054238 -0.214026 0.593532 -0.407682 0.263264 -0.352091 -0.747167 0.326650 -0.281837 -0.119397 -0.687562 0.176313 -0.508272 -0.552669
VERTEX_POSE A3102 0.919385 -0.777014 0.415473 0.952000 0.787239 0.170469 0.070665 -0.110911 0.556101 0.795534 -0.165995 -0.659448 0.455187 -0.147922 0.435415 -0.386754 -0.366045 -0.192963 -0.073209 -0.896813
VERTEX_POSE A3103 -0.136263 -0.908256 0.836107 -0.266140 -0.582507 0.324552 -0.018408 0.198733 0.666155 -0.536289 0.399128 0.141080 -0.333536 -0.597165 -0.078153 -0.529665 -0.502843 0.651837 0.565918 -0.437887
VERTEX_POSE A3104 0.332189 -0.961187 -0.046775 -0.223955 -0.835862 -0.538477 0.333094 0.120836 -0.342843 -0.683743 -0.331656 0.430859 -0.569024 0.410620 0.441284 0.138008 -0.795379 0.460576 0.280551 0.272335
VERTEX_POSE A3105 -0.283398 -0.164678 0.505934 -0.258560 0.520661 -0.192347 0.495565 -0.785137 -0.344259 0.372976 -0.026273 0.817450 0.362001 -0.059364 0.174897 0.541371 0.394485 -0.381673 0.437237 0.472998
VERTEX_POSE A3106 -0.569495 0.563357 0.461871 -0.166700 -0.709357 0.088757 0.063253 0.310216 -0.668946 -0.580929 0.195608 -0.237257 0.448060 -0.649778 0.314022 -0.664573 -0.623927 0.624286 -0.126909 0.232393
VERTEX_POSE A3107 -0.345468 -0.722507 0.961294 -0.729981 0.231374 -0.544592 0.659206 0.329108 -0.149201 0.257737 0.244173 0.635661 0.082653 0.520250 0.522289 0.681382 -0.306207 -0.065638 0.167053 -0.683846
VERTEX_POSE A3108 0.640494 0.992970 0.033596 -0.664270 0.232655 0.298825 0.263424 -0.463173 0.338356 -0.507803 -0.701031 0.401897 0.772931 -0.114824 -0.275877 0.068654 -0.160546 -0.747388 0.265723 -0.505042
VERTEX_POSE A3109 0.322653 0.139008 -0.806269 0.320465 -0.302414 0.775810 -0.060161 0.167735 -0.422058 0.673254 0.021180 -0.013641 -0.203174 -0.942367 0.388915 0.642150 -0.214767 -0.261810 -0.299121 0.192967
VERTEX_POSE A3110 -0.487850 0.614089 0.054600 -0.973573 -0.641503 -0.907402 -0.157899 -0.052377 0.074150 -0.619035 0.771242 0.072071 0.266169 0.047683 -0.123506 -0.544724 -0.466647 0.388170 -0.473597 -0.427094
VERTEX_POSE A3111 0.417155 -0.718137 0.465816 0.635481 0.224915 0.512497 0.188444 0.478914 -0.076201 -0.519317 -0.459593 -0.617600 0.411083 0.353944 0.569334 0.381363 -0.277781 -0.161149 0.616742 -0.597475
VERTEX_POSE A3112 0.618915 -0.527430 0.616336 -0.617615 -0.706872 -0.598189 -0.671030 0.428576 0.347074 0.214005 0.750073 0.594635 -0.692438 -0.273582 0.278624 -0.114629 0.388023 -0.300811 0.106352 -0.168237
VERTEX_POSE A3113 -0.837566 0.451131 0.539580 -0.336179 0.907755 0.084093 0.527163 0.495664 -0.498471 -0.096190 0.724956 0.565120 0.456573 0.027188 0.598445 -0.677482 0.388433 -0.258761 -0.213086 -0.277736
VERTEX_POSE A3114 -0.625012 -0.188560 -0.350386 -0.922557 0.418315 -0.094798 -0.886433 -0.147830 -0.445283 0.293174 -0.442200 0.048352 0.261973 0.588886 0.881277 0.005918 -0.187421 -0.117255 -0.244174 0.633002
VERTEX_POSE A3115 0.930887 0.776508 -0.020531 0.389150 0.623226 0.269135 0.197396 -0.285481 0.035114 0.832073 0.251985 0.187153 -0.201846 0.916444 -0.865569 -0.146417 0.078281 -0.376959 0.454432 0.094899
VERTEX_POSE A3116 0.030967 0.515041 -0.982850 -0.951827 0.624779 0.149693 -0.622443 0.586683 0.490834 -0.371123 -0.555850 -0.462882 0.164643 0.300212 0.064145 -0.414545 0.275065 0.719930 0.525240 0.425495
VERTEX_POSE A3117 0.902933 0.701095 -0.393595 -0.997085 0.790754 -0.218476 -0.154478 0.825925 0.079917 0.038912 0.474007 -0.676643 0.116402 -0.263198 0.545692 0.657805 0.051412 0.436183 -0.726888 -0.145772
VERTEX_POSE A3118 0.334636 -0.563389 -0.926166 -0.420941 0.895853 -0.521898 -0.314459 0.214906 -0.345671 0.031093 -0.412846 0.726976 -0.245485 -0.354984 -0.204664 -0.692492 -0.525497 0.194298 -0.600284 0.617424
VERTEX_POSE A3119 0.406547 0.018528 0.750327 0.419875 0.011713 -0.427314 -0.399200 -0.303349 -0.319957 -0.646085 0.621211 -0.410269 0.393447 0.004649 0.335562 -0.513872 -0.594518 -0.658869 0.065944 -0.410613
VERTEX_POSE A3120 0.115782 0.562130 -0.796746 -0.075861 -0.097850 0.314679 -0.563996 -0.518475 0.673570 0.417341 -0.415382 -0.404661 -0.433565 -0.466800 -0.527418 0.548323 -0.518816 0.073214 0.138198 -0.267525
VERTEX_POSE A3121 -0.797753 0.121280 -0.262942 0.077813 0.870951 -0.233221 -0.638107 0.117589 0.282009 -0.689941 -0.494681 0.713967 0.107086 -0.162010 0.535705 -0.187533 0.734014 0.263344 0.264887 -0.420047
VERTEX_POSE A3122 -0.601366 0.421496 -0.555773 0.973861 -0.008484 0.034742 -0.564714 0.816932 0.153570 0.552355 0.376604 0.504242 -0.419281 -0.380148 -0.211716 -0.442873 -0.201064 0.822269 0.063787 0.076497
VERTEX_POSE A3123 -0.922625 -0.548553 0.411757 0.303241 -0.584107 0.573031 0.312777 0.571629 0.356157 -0.200600 -0.137484 0.636641 -0.540687 -0.345321 0.372741 0.657433 -0.201462 0.023241 -0.370635 0.703210
VERTEX_POSE A3124 0.912118 0.494850 0.921296 -0.499765 0.261991 0.707169 -0.573949 0.308124 0.240854 0.263601 0.584151 0.077495 0.628480 0.436826 0.540950 0.312424 -0.567468 0.378509 0.329395 -0.225810
VERTEX_POSE A3125 0.849888 -0.037828 0.481355 0.744919 -0.670576 -0.842612 -0.133038 0.085952 0.149944 -0.570154 0.577616 0.239513 0.190344 -0.489099 -0.409347 0.488229 0.073030 -0.206375 -0.618569 -0.643755
VERTEX_POSE A3126 0.374295 0.683939 0.243120 -0.760081 0.771337 0.328414 -0.198686 0.236841 0.213622 0.721351 -0.608876 0.004327 0.371747 0.501791 0.683167 0.289139 0.418409 -0.616258 0.467310 0.382513
VERTEX_POSE A3127 0.283002 0.265333 0.431232 0.243567 0.730409 0.304211 0.158596 -0.690472 -0.110915 -0.027859 0.168079 -0.382082 0.918605 -0.041372 -0.429652 -0.083379 0.449004 -0.751376 -0.351119 -0.540076
VERTEX_POSE A3128 0.968575 -0.774990 0.972835 0.484190 0.641491 -0.490294 0.409621 0.291729 -0.095453 0.432044 -0.846143 -0.237642 0.618939 0.343801 0.733000 0.311046 0.259239 -0.395902 -0.407079 0.116329
VERTEX_POSE A3129 -0.428154 -0.498148 -0.327197 0.432962 0.499524 -0.551965 -0.503386 0.166009 -0.192115 0.545221 -0.344339 0.529618 -0.617870 -0.242423 0.536198 0.252263 0.636930 -0.300704 -0.062740 0.624038
VERTEX_POSE A3130 0.551269 -0.300733 -0.556150 -0.379781 0.633137 0.013713 0.204485 0.728596 0.009952 0.517975 0.241923 -0.106276 -0.208673 0.612618 -0.921936 0.328788 -0.116644 0.372092 0.733649 -0.147358
VERTEX_POSE A3131 0.123828 0.736959 -0.203680 0.839971 0.219134 -0.185489 -0.670493 -0.447584 -0.333195 0.487601 0.268186 0.185009 -0.122723 -0.159937 -0.606907 0.356897 -0.647888 0.672317 0.412611 -0.531419
VERTEX_POSE A3132 -0.750199 -0.407959 0.838114 -0.104769 0.009728 -0.579432 0.139676 -0.298744 -0.056928 0.151519 0.323800 0.137827 0.890407 0.339279 -0.494854 0.343091 -0.467815 0.630191 0.216785 -0.686982
VERTEX_POSE A3133 0.470654 -0.077747 0.859323 -0.427781 0.420376 0.543880 -0.020644 -0.450210 -0.515683 -0.141328 -0.562246 -0.536265 0.461772 0.315351 -0.321762 0.012739 -0.560672 0.217150 0.875331 -0.259597
VERTEX_POSE A3134 0.987565 0.828703 -0.367573 -0.426169 0.636627 0.177914 -0.394151 -0.488275 0.318392 -0.687451 0.532225 -0.921119 -0.230509 0.137728 -0.117395 -0.504742 -0.581338 0.068789 0.253290 -0.348428
VERTEX_POSE A3135 0.581990 -0.369146 -0.208661 0.671275 0.173866 0.467308 -0.061962 0.172922 0.408932 0.687093 0.274653 0.217828 -0.610679 -0.182458 0.129147 -0.377031 0.857115 0.741802 -0.094773 -0.355987
VERTEX_POSE A3136 -0.812743 0.757575 0.365256 0.313659 -0.058962 0.171850 0.528885 0.805033 -0.119905 -0.528999 0.393216 0.638280 0.140255 -0.355914 -0.215784 0.630586 -0.237315 0.708609 -0.152086 0.119625
VERTEX_POSE A3137 -0.581931 0.392060 -0.905701 0.407131 0.927270 0.649028 0.414472 0.347531 -0.203916 0.286272 -0.392651 0.445115 -0.492155 -0.678277 -0.398524 -0.527435 0.379651 0.424537 -0.475244 0.347638
VERTEX_POSE A3138 -0.763478 -0.091653 -0.247367 0.941294 -0.594760 -0.466353 0.604420 -0.100953 0.465542 0.448109 0.332904 -0.264014 -0.397901 -0.524000 0.365249 -0.470575 0.270049 0.602225 0.232613 -0.729028
VERTEX_POSE A3139 0.827751 0.750545 -0.601148 0.649390 -0.826307 0.317858 0.541121 -0.036965 -0.675287 -0.372445 0.316052 0.163983 -0.517398 -0.638101 0.244902 -0.345943 -0.249665 -0.596730 0.425554 -0.655164
VERTEX_POSE A3140 0.740722 -0.468932 -0.711970 -0.272404 -0.375144 -0.342546 -0.444340 -0.458529 -0.637231 -0.039631 0.351300 -0.339664 -0.483302 0.484506 0.315287 -0.718999 -0.251294 -0.511685 0.224612 -0.606996
VERTEX_POSE A3141 -0.251328 -0.477564 0.807232 0.967721 -0.236263 -0.281763 0.046862 -0.272925 0.635035 0.720582 -0.014480 -0.572970 0.674888 -0.127651 -0.387524 0.151850 0.695322 0.197154 0.005809 0.652331
VERTEX_POSE A3142 0.244906 -0.967592 0.864668 0.284871 0.398608 -0.218356 0.293367 0.414523 0.173188 -0.008752 -0.648214 0.104615 0.733487 -0.463486 -0.510477 -0.511718 -0.438180 0.806719 -0.337640 0.034192
VERTEX_POSE A3143 0.359637 0.003638 0.904366 0.109981 -0.082016 0.237992 0.064859 -0.612634 0.041752 0.450714 -0.190063 -0.134134 0.273156 -0.671866 0.366400 0.784314 0.362091 -0.888468 0.320762 0.077721
VERTEX_POSE A3144 -0.088894 0.973567 0.346812 -0.368459 -0.328508 0.060383 -0.225844 -0.373468 -0.138869 -0.310311 -0.113564 -0.528794 0.788812 -0.009785 0.796999 0.406408 0.276849 0.249478 0.255559 -0.878000
VERTEX_POSE A3145 0.619893 -0.156153 -0.485718 0.362314 -0.183076 -0.337583 -0.869481 -0.029954 -0.515746 0.400406 -0.594740 -0.714975 -0.006446 0.152911 0.117662 -0.174452 -0.668831 0.308238 -0.230657 -0.417936
VERTEX_POSE A3146 0.290524 -0.219854 -0.116165 -0.500869 -0.458790 -0.466749 -0.071257 0.015848 0.678517 -0.544844 -0.218020 -0.038159 0.533349 -0.656094 0.238963 0.381551 0.717839 -0.513030 -0.517712 0.080396
VERTEX_POSE A3147 0.942074 0.488607 0.363962 -0.320286 -0.703729 -0.573408 -0.213864 -0.448413 -0.271571 0.303409 0.716605 0.223986 0.178491 0.280472 -0.642843 0.541973 -0.061592 -0.366109 -0.732538 0.450495
VERTEX_POSE A3148 0.522826 -0.455057 0.120688 0.365229 -0.392322 0.016847 -0.110181 0.698366 0.177665 0.127284 0.429226 0.348838 0.386366 0.454476 -0.919566 0.197399 0.260744 0.029357 0.885107 -0.231330
VERTEX_POSE A3149 -0.374840 0.216757 -0.042331 0.078190 -0.562937 -0.567603 -0.364653 0.465178 0.031125 0.227519 -0.532834 0.411662 0.219901 0.682551 0.703907 -0.305473 0.027675 0.109123 -0.820727 -0.181813
VERTEX_POSE A3150 0.348621 -0.492865 0.114290 -0.900411 0.307983 0.016635 -0.021934 -0.516447 -0.112290 0.585749 0.317003 -0.688293 0.496412 0.000469 -0.606523 -0.637963 0.369609 0.381440 0.054730 0.704401
VERTEX_POSE A3151 -0.361392 -0.892928 0.323942 -0.710632 0.509828 0.475705 0.537555 0.443615 -0.602822 0.084372 0.143609 0.061254 -0.724944 0.010179 -0.002898 0.340331 -0.861651 0.637613 -0.250096 -0.200090
VERTEX_POSE A3152 -0.172593 -0.661962 0.694727 -0.843997 -0.691986 0.558993 -0.309477 -0.023773 -0.422636 -0.322760 -0.775053 0.646336 0.393845 -0.562836 -0.136667 0.640440 0.135005 0.269216 -0.484533 0.252421
VERTEX_POSE A3153 0.747255 0.928631 0.558516 -0.926550 -0.700501 0.357085 -0.292911 0.708352 -0.471426 0.588507 0.618923 0.707707 0.235688 0.187082 -0.166060 0.166849 -0.028636 -0.349031 -0.696042 0.281695
VERTEX_POSE A3154 -0.284017 -0.441481 -0.264301 0.592610 0.925721 0.584939 -0.582674 -0.143544 0.439526 -0.264573 -0.241447 -0.456698 -0.727000 0.460245 -0.471509 -0.240944 -0.631985 0.183764 0.062525 0.556658
VERTEX_POSE A3155 -0.260476 0.832888 0.616023 -0.343762 0.570005 -0.533724 0.405751 -0.185838 -0.384469 0.024772 -0.655062 0.274580 -0.625550 -0.211271 0.643006 0.659351 -0.158086 0.280127 -0.093247 -0.683177
VERTEX_POSE A3156 0.597143 -0.109197 0.039872 0.818369 -0.371077 0.205706 0.793561 0.463887 -0.195433 -0.214650 -0.124753 -0.391771 0.553801 -0.732486 0.720177 -0.063694 -0.455873 0.497344 0.115904 -0.157763
VERTEX_POSE A3157 -0.909722 -0.757542 0.978819 0.832529 0.697058 -0.434257 -0.510335 -0.528970 -0.182242 0.586402 -0.636087 0.188987 -0.302011 0.220514 0.855052 -0.134222 -0.477563 -0.106673 -0.535223 -0.197206
VERTEX_POSE A3158 -0.977474 0.098220 0.047255 0.899805 0.300414 -0.331514 0.224671 0.549951 0.305963 0.033330 0.442002 -0.438595 -0.863634 0.220996 -0.491674 0.408559 0.384141 -0.601977 0.188751 -0.552978
VERTEX_POSE A3159 0.565718 0.115813 0.012706 0.302559 -0.729586 -0.595758 0.374858 -0.664579 -0.110587 -0.425955 -0.198990 -0.570349 0.389622 0.651635 0.224791 0.382822 -0.303690 0.506965 0.616187 0.043379
VERTEX_POSE A3160 -0.337877 -0.255690 -0.348378 0.265491 0.196583 -0.685363 -0.090910 -0.184214 -0.185478 0.333329 -0.758694 -0.434393 0.604369 0.201558 -0.455634 -0.696261 -0.015697 -0.315555 0.174889 0.591249
VERTEX_POSE A3161 0.573795 0.797488 0.491105 -0.479976 -0.066449 -0.400250 -0.853024 -0.128374 -0.389593 0.206987 0.452195 0.129194 0.136630 0.439571 0.523759 0.020241 -0.532064 -0.630082 0.458726 -0.550204
VERTEX_POSE A3162 -0.310454 -0.147228 0.809026 0.142529 0.489548 0.550943 0.743470 -0.112880 0.434367 -0.622120 -0.366640 0.532868 -0.052842 -0.260436 -0.472259 0.237458 -0.732755 -0.028459 -0.032255 -0.498073
VERTEX_POSE A3163 -0.088075 0.336350 -0.510264 -0.839278 -0.793689 -0.104833 0.291993 -0.596132 0.615007 0.155214 -0.605638 -0.562200 -0.341045 -0.495401 0.130697 -0.834216 -0.151471 -0.526903 0.280038 -0.097285
VERTEX_POSE A3164 0.044449 -0.280259 0.350428 0.092244 -0.646072 -0.467658 0.534254 -0.481775 0.554967 -0.135270 -0.039613 0.485226 -0.079703 -0.325204 -0.473326 -0.635222 0.285237 -0.117580 -0.535178 -0.761056
VERTEX_POSE A3165 -0.322889 -0.318525 -0.558546 0.716360 0.126175 0.299795 0.351029 0.706562 -0.607725 0.129691 0.553625 -0.006928 -0.460595 -0.028922 -0.540218 -0.515804 0.151119 -0.498908 0.617865 -0.413031
VERTEX_POSE A3166 -0.506086 0.967204 0.281075 0.831997 0.380176 0.640390 0.035269 0.413894 -0.363349 -0.616030 -0.178527 0.586131 0.000278 -0.489243 0.320519 -0.597117 -0.355287 -0.107686 0.512557 -0.656683
VERTEX_POSE A3167 0.231705 -0.522684 -0.284316 -0.594097 0.294966 0.277373 0.167531 0.539535 0.057871 0.450576 -0.585431 0.464768 0.484377 -0.306193 0.486068 0.315230 0.442938 0.683699 -0.659487 -0.276089
VERTEX_POSE A3168 0.095180 -0.926465 -0.464248 0.123491 0.053446 -0.537642 -0.408339 0.136712 0.441976 -0.083934 0.878377 0.479080 -0.793366 -0.334820 -0.524987 -0.315742 0.260206 -0.102320 -0.311594 0.173066
VERTEX_POSE A3169 -0.269564 -0.124449 -0.966292 0.773291 0.785416 0.558632 -0.571061 -0.223359 -0.025587 0.411502 -0.890024 -0.625455 -0.238273 -0.186860 0.516766 0.133074 -0.135468 0.170396 0.655799 0.323573
VERTEX_POSE A3170 0.059456 -0.772140 0.114536 -0.944708 0.468658 0.355147 -0.403065 0.735510 0.316007 -0.014665 0.083597 0.680422 0.070987 -0.554445 -0.446353 0.393653 0.078035 -0.334374 -0.822996 -0.372207
VERTEX_POSE A3171 -0.164098 -0.395397 -0.176218 0.851087 0.678301 -0.003101 0.344367 0.630040 0.663181 0.297888 -0.103726 0.624882 -0.670716 0.287347 0.012365 -0.208941 -0.670917 -0.411766 -0.546954 0.244116
VERTEX_POSE A3172 0.479108 0.397987 0.840940 0.741012 -0.450847 0.401555 -0.195707 0.790294 0.741697 0.280658 -0.494005 0.241347 -0.858098 -0.228581 0.296699 0.372720 0.274831 -0.377308 0.087627 -0.060112
VERTEX_POSE A3173 -0.695638 -0.739732 -0.020796 0.340163 -0.132733 -0.473483 0.569002 0.161681 -0.376035 0.228335 0.597152 -0.603152 -0.762295 0.126726 0.456432 -0.200956 0.505808 -0.249577 0.051218 -0.587679
VERTEX_POSE A3174 -0.804461 0.608241 -0.271852 -0.038932 -0.403715 -0.505707 -0.696616 -0.057499 -0.452246 -0.231607 0.064661 -0.247803 0.459542 -0.293669 -0.155921 0.052357 -0.898150 0.673807 -0.497157 -0.315592
VERTEX_POSE A3175 -0.609786 0.371553 0.187752 -0.627447 0.220645 -0.350814 -0.060605 -0.708605 0.188692 -0.230523 -0.617816 -0.009385 -0.411925 -0.141607 0.608760 0.670963 -0.301325 0.686038 -0.568605 0.073020
VERTEX_POSE A3176 0.924255 0.104115 0.493487 -0.297523 0.684190 -0.363983 -0.020362 0.447650 0.491068 0.517550 -0.357743 0.741690 -0.055613 0.463515 0.083853 -0.531496 -0.649387 -0.263120 0.667942 -0.187297
VERTEX_POSE A3177 0.486063 -0.611613 0.611983 0.460199 0.137495 -0.333889 -0.697796 -0.020608 0.612651 -0.180705 0.581002 -0.599692 -0.223768 0.443658 0.275911 -0.492399 -0.625333 -0.278245 0.433471 -0.272284
VERTEX_POSE A3178 -0.667712 -0.139839 -0.448285 0.052266 0.516916 -0.727847 -0.319846 0.256724 -0.536463 -0.270037 -0.334023 -0.232905 0.417887 0.684321 -0.121872 0.085273 -0.506280 0.336673 -0.801796 0.312901
VERTEX_POSE A3179 0.447081 0.649058 -0.385826 -0.932293 -0.708132 0.271099 -0.676863 0.206607 -0.519253 -0.219945 -0.594592 0.478732 0.587972 -0.063037 -0.435559 0.062318 0.774447 -0.487837 0.379323 -0.005617
VERTEX_POSE A3180 -0.888777 0.605144 -0.430348 -0.461611 0.574557 -0.451329 0.387555 -0.682575 -0.699881 -0.280913 0.213598 -0.329958 0.616259 0.641030 0.317332 -0.039802 0.261293 0.311283 0.624124 -0.096299
VERTEX_POSE A3181 0.680909 0.367296 0.666004 0.151855 -0.175100 -0.504454 -0.413152 0.285629 0.239957 -0.399123 -0.104883 -0.009265 0.055514 0.925736 -0.455965 -0.598423 -0.173622 0.692789 -0.555710 0.142418
VERTEX_POSE A3182 -0.914311 0.756130 0.938117 -0.642925 0.801697 -0.597052 -0.748744 0.130367 0.619113 -0.442131 0.532455 0.077645 0.033347 0.507365 -0.217004 0.464236 0.545881 0.455092 -0.165151 -0.379594
VERTEX_POSE A3183 -0.061370 0.943182 -0.735621 -0.305609 0.882571 0.556833 -0.348036 0.230335 -0.579073 -0.597577 0.119942 0.238679 -0.084987 0.828112 0.538321 -0.128961 -0.437723 -0.088624 0.705634 0.234923
VERTEX_POSE A3184 0.428164 0.295927 0.224521 0.225305 0.124399 0.269800 -0.159183 0.359998 -0.871156 -0.048373 0.484899 0.211375 0.469740 0.452580 0.351078 -0.323977 0.648806 0.018972 0.804179 0.097447
VERTEX_POSE A3185 -0.198329 -0.685352 -0.326184 0.949685 0.727418 0.269705 -0.737716 -0.257022 -0.254167 -0.621748 -0.092284 0.724886 0.196052 -0.560271 0.144512 -0.023761 0.120994 -0.562418 0.173793 -0.772580
VERTEX_POSE A3186 0.678154 0.776070 0.880403 0.350629 0.452576 -0.952185 0.031193 -0.084788 -0.106438 0.428663 -0.568286 -0.192562 -0.393789 -0.116880 0.171357 0.476395 -0.480645 -0.124783 0.658220 0.652060
VERTEX_POSE A3187 0.025307 -0.813270 -0.735608 0.043674 0.753322 0.487265 0.077979 0.704895 0.273036 0.635668 0.077739 -0.275915 -0.281575 0.666005 0.681498 -0.022005 -0.203430 0.383999 -0.714197 -0.110153
VERTEX_POSE A3188 -0.108051 -0.442894 -0.347366 0.782214 0.424476 0.063082 0.192856 0.761015 0.384250 -0.730646 0.102069 -0.570752 0.235016 0.216775 -0.403682 -0.519948 0.470169 0.599713 0.321533 0.377342
VERTEX_POSE A3189 0.700680 -0.125709 -0.072342 0.250434 -0.247010 -0.480200 -0.325647 0.629535 -0.473840 -0.485172 -0.555105 -0.637354 0.211125 0.150244 -0.090489 -0.220196 -0.452980 -0.361215 0.751999 -0.260346
VERTEX_POSE A3190 -0.408975 0.302543 0.277098 -0.653767 -0.976264 0.629822 -0.081177 0.597961 -0.292721 -0.423115 -0.345249 -0.395116 0.533250 0.124632 -0.291337 -0.715582 0.345885 0.525970 -0.134053 -0.622958
VERTEX_POSE A3191 0.554073 0.301416 0.304256 0.047705 -0.378942 0.486288 0.176799 -0.777927 0.381395 0.598064 0.178731 -0.291269 -0.340868 -0.557183 0.563965 -0.702495 0.224314 -0.463862 0.037029 -0.045992
VERTEX_POSE A3192 0.274475 -0.328222 -0.581237 0.770459 0.686541 0.118088 0.579398 -0.573875 -0.256855 0.439494 0.250932 -0.651928 0.453772 0.262263 -0.690736 -0.508494 -0.309848 0.133993 -0.081657 0.665517
VERTEX_POSE A3193 0.280571 -0.844685 0.086125 0.488763 0.513284 -0.090071 0.486005 -0.290802 -0.444740 0.546980 0.485012 -0.645917 0.149322 -0.549315 -0.586271 -0.528824 0.421233 0.182129 0.403311 0.448345
VERTEX_POSE A3194 -0.534003 -0.362234 0.793992 0.208427 -0.172631 -0.471095 0.216950 0.663694 0.196952 0.790115 0.277005 -0.580246 -0.278709 0.216956 -0.566592 0.468769 -0.659040 -0.285602 -0.176716 -0.037070
VERTEX_POSE A3195 -0.681076 0.391519 0.769191 -0.137298 -0.959531 0.250283 -0.554159 0.638862 0.034336 -0.063713 0.197695 0.475617 -0.635082 -0.554561 -0.368544 -0.316060 0.382719 -0.757722 -0.430842 -0.314262
VERTEX_POSE A3196 0.957682 -0.163210 0.527578 0.205123 -0.360540 0.693348 -0.010112 -0.649175 0.192735 -0.637984 -0.065191 -0.564606 -0.583176 -0.387076 0.267525 -0.399955 0.216782 -0.302939 0.304659 -0.614411
VERTEX_POSE A3197 -0.040088 -0.395030 0.075067 0.040424 -0.792455 0.306837 -0.377978 0.842397 0.577834 0.696993 0.184713 0.225306 0.256835 -0.048992 0.513063 -0.535088 -0.267903 0.507900 -0.138022 -0.426703
VERTEX_POSE A3198 0.550629 0.868835 -0.515125 0.268605 0.335434 -0.456810 0.270627 -0.143320 -0.643070 0.519799 0.246858 -0.032863 0.278344 -0.625771 -0.607117 -0.751577 -0.222297 -0.090081 -0.119278 0.691024
VERTEX_POSE A3199 0.052862 -0.089675 -0.936669 -0.671387 0.692905 -0.222043 0.452753 -0.013825 0.713457 0.573709 0.358440 -0.420818 0.681182 -0.340092 -0.258922 0.018630 0.722498 -0.444462 0.038942 0.483387
VERTEX_POSE A3200 0.690348 0.480520 0.108775 -0.186285 0.992962 -0.291157 0.500029 -0.752176 0.749091 0.637328 0.096844 0.506478 -0.380903 -0.267191 -0.310784 0.445523 0.465319 0.031363 -0.014334 -0.370053
VERTEX_POSE A3201 -0.389914 -0.903305 0.599411 0.323897 -0.195907 0.617131 0.114929 0.572465 -0.392625 0.828052 0.376267 -0.251827 -0.210070 0.154362 0.503437 0.492300 -0.610770 0.384876 -0.120961 0.365840
VERTEX_POSE A3202 0.888764 0.514927 -0.112887 -0.820300 0.371207 -0.640126 -0.517047 0.485455 0.600587 -0.452572 -0.034359 -0.039297 0.021331 -0.338278 0.318701 -0.614601 0.107581 -0.355554 -0.386849 -0.798215
VERTEX_POSE A3203 0.169456 -0.121493 -0.050285 -0.445274 -0.457885 -0.599115 -0.305339 -0.247835 -0.194503 -0.291623 -0.384364 -0.544426 -0.374744 0.555912 0.516214 -0.674147 0.379900 -0.200881 0.476253 0.580930
VERTEX_POSE A3204 -0.085552 -0.643037 -0.421385 -0.335940 0.671359 -0.283362 0.175354 0.553264 -0.378755 -0.599779 -0.281266 -0.162226 0.075955 -0.720493 0.593696 0.417614 -0.270862 -0.630443 0.655245 -0.149371
VERTEX_POSE A3205 -0.915696 0.123168 0.615262 0.140768 0.967492 0.373622 0.050926 -0.916363 0.116710 0.240117 0.199259 -0.687416 0.131842 -0.254446 0.513675 0.579962 0.206766 0.332238 -0.765514 0.114366
VERTEX_POSE A3206 0.559670 -0.749940 -0.862533 -0.072721 0.762760 -0.574492 -0.320716 -0.429148 -0.201899 0.129414 0.641687 -0.648402 0.054263 -0.159914 0.234194 0.632521 -0.574784 0.392332 -0.690917 -0.219364
VERTEX_POSE A3207 -0.161297 0.461078 -0.927898 0.366538 0.355550 -0.042900 -0.644832 0.238741 0.645147 -0.214613 0.190780 0.347786 -0.259086 -0.886629 -0.281850 0.440531 -0.295883 0.617697 0.526251 0.181519
VERTEX_POSE A3208 0.570367 0.511555 0.227245 -0.399033 0.104986 -0.522677 -0.291015 -0.136391 -0.742636 0.310698 0.356787 0.399512 0.439804 0.402503 0.125228 -0.770938 0.243185 -0.003038 0.176081 -0.795583
VERTEX_POSE A3209 0.891958 0.110221 -0.310818 0.979545 0.279677 0.167916 0.008703 0.648874 0.357855 0.313336 -0.574167 0.297144 0.811363 0.089589 -0.563065 0.053090 -0.421229 -0.662123 0.490526 0.252654
VERTEX_POSE A3210 -0.714216 0.110136 -0.313723 0.434244 0.647418 -0.028418 0.766644 -0.036390 0.191494 0.408115 -0.669622 -0.150449 0.106650 0.467546 -0.869966 -0.175515 -0.420562 0.427840 -0.451132 -0.393460
VERTEX_POSE A3211 0.681590 0.116699 0.796897 0.139356 -0.320456 -0.572243 0.315685 -0.573312 0.031591 0.523996 0.688289 0.287122 0.569322 -0.239274 0.651400 0.291168 -0.352397 -0.405930 0.465688 0.127029
VERTEX_POSE A3212 0.572867 -0.522484 -0.644814 0.131400 -0.895424 -0.146419 0.670466 -0.207654 -0.639084 -0.291772 -0.607447 -0.420786 -0.406002 0.190656 0.535127 -0.165168 -0.726474 0.326666 -0.522711 0.154187
VERTEX_POSE A3213 -0.628528 -0.133734 -0.375607 0.791319 0.449115 0.465696 -0.649994 0.381720 -0.149165 -0.605469 0.056656 0.421868 -0.109649 -0.790945 -0.066821 -0.318587 -0.440468 -0.760552 -0.312081 -0.177407
VERTEX_POSE A3214 -0.379780 0.059881 -0.938724 0.833747 -0.437885 -0.450015 0.061662 0.014449 0.159953 -0.644221 0.737538 -0.045160 0.297147 0.337992 -0.428072 -0.675989 -0.447628 0.765909 -0.189525 -0.375792
VERTEX_POSE A3215 0.001031 0.773443 0.579707 -0.643294 0.228975 0.509108 0.365964 0.519864 0.770331 -0.589675 -0.214966 0.117039 0.253963 -0.384735 0.155348 0.432156 -0.711599 -0.331011 -0.516815 -0.170697
VERTEX_POSE A3216 0.173144 0.180914 0.298209 0.741003 0.176533 0.764419 -0.615905 0.007527 0.166503 0.012983 -0.669055 0.335806 0.459646 0.408803 0.124081 -0.076062 0.585907 0.509685 0.635164 -0.204699
VERTEX_POSE A3217 -0.701626 -0.164048 0.941679 0.184376 -0.985309 -0.060578 0.269926 -0.671342 -0.050400 -0.518211 0.136540 -0.425441 -0.251280 -0.641256 0.317473 0.666430 -0.062150 -0.843802 0.389007 0.339977
VERTEX_POSE A3218 -0.973662 0.960173 0.844099 0.400380 -0.017703 0.446685 0.374781 0.212369 -0.280959 0.037616 -0.433732 -0.245590 -0.693661 0.579148 0.555140 0.064146 0.412680 -0.594171 0.610609 0.510939
VERTEX_POSE A3219 -0.934907 0.738020 0.950843 0.523217 -0.398992 -0.595131 -0.217378 -0.325101 0.332200 -0.302808 0.467038 -0.509570 0.638690 0.558015 0.031669 0.399442 -0.597763 -0.524211 -0.541827 0.086511
VERTEX_POSE A3220 0.999054 0.710242 -0.130663 -0.565190 -0.232319 -0.477476 0.028267 -0.474657 0.604616 0.489774 -0.574600 0.421207 -0.387220 -0.228441 0.245770 0.506364 0.603671 0.410654 -0.594120 0.167127
VERTEX_POSE A3221 -0.382637 0.262716 0.121197 0.746613 0.006033 -0.074790 0.461697 -0.785957 0.521456 -0.642024 -0.523337 0.176086 0.511764 -0.135554 0.635177 0.257606 0.276726 -0.536688 -0.215355 -0.115922
VERTEX_POSE A3222 0.619166 0.039436 0.255099 -0.429078 0.222067 -0.219241 -0.899157 0.232100 0.423459 -0.257353 0.278772 0.639432 0.159924 0.501038 -0.550178 0.285688 0.771425 0.247076 -0.134511 0.149264
VERTEX_POSE A3223 0.273529 -0.617980 0.288100 -0.794731 -0.545778 -0.552343 0.477960 0.370987 -0.532033 0.003185 0.319157 -0.104517 0.563930 -0.339924 -0.626337 -0.571228 -0.442053 0.092935 -0.356687 0.670484
VERTEX_POSE A3224 0.897934 0.418032 -0.792678 0.235375 -0.480683 0.515928 0.717844 -0.178126 0.270568 -0.427758 -0.202808 0.024172 0.040512 -0.885363 -0.241672 -0.334554 -0.364125 0.775643 -0.433768 0.103367
VERTEX_POSE A3225 -0.914837 0.677201 0.049091 0.779349 -0.950564 -0.286493 0.563622 -0.358744 -0.339783 -0.515091 -0.223969 -0.275211 0.493652 0.663356 0.165530 0.411233 -0.604730 -0.836259 -0.064863 -0.124106
VERTEX_POSE A3226 0.592453 0.773539 0.057291 0.067971 -0.505310 -0.629980 0.655757 -0.099787 0.648324 0.526629 0.185148 0.309035 0.107306 0.293406 -0.233708 -0.417582 0.664304 0.180776 -0.326735 -0.654505
VERTEX_POSE A3227 0.855616 -0.745178 0.734900 -0.559502 0.158777 -0.400336 -0.599436 0.620277 0.455150 -0.254096 0.315987 -0.065878 0.311699 0.523443 -0.294386 0.679589 0.361030 0.735913 0.130819 0.333278
VERTEX_POSE A3228 0.045074 -0.717829 -0.875841 -0.180228 -0.743019 0.521562 -0.687354 0.328945 -0.314167 0.139233 -0.175157 0.156800 0.583487 0.635200 0.762492 0.409408 -0.307159 -0.152616 0.009311 0.602734
VERTEX_POSE A3229 0.143083 0.642374 0.542166 -0.663424 0.830125 -0.320468 -0.686604 -0.503198 -0.050680 -0.324544 0.192960 0.147979 -0.624743 0.400186 0.855357 -0.102626 -0.490469 -0.375764 0.149700 -0.555742
VERTEX_POSE A3230 -0.091521 0.165146 0.798231 -0.230889 -0.148317 0.279247 -0.482183 0.021016 -0.403048 -0.724869 -0.392457 -0.052361 0.453844 -0.495769 0.516326 -0.181066 0.468361 0.700171 -0.057494 -0.616755
VERTEX_POSE A3231 -0.264578 0.762691 0.232934 0.633487 -0.750057 0.812972 0.372752 -0.297439 0.171564 -0.626273 -0.073870 0.237963 0.178274 0.936675 0.457342 -0.622436 0.122619 0.209412 0.222777 -0.116949
VERTEX_POSE A3232 0.753169 0.739069 0.141577 0.660473 -0.365783 0.639586 -0.058904 -0.008690 0.273097 -0.771081 0.091750 -0.373962 -0.006862 -0.714081 -0.159746 -0.578813 -0.374066 -0.592437 -0.258636 0.584525
VERTEX_POSE A3233 -0.202757 -0.319926 -0.314656 -0.051188 -0.777111 0.557742 0.010018 -0.250722 -0.066196 -0.648472 -0.627913 0.600089 -0.562562 0.478673 -0.342925 -0.363910 -0.160594 0.454795 0.361217 -0.536605
VERTEX_POSE A3234 0.904878 -0.358802 -0.817351 -0.811787 -0.207942 0.596901 -0.370818 -0.534684 -0.253018 0.323591 -0.521103 -0.353333 0.341985 -0.564124 0.330776 0.740164 0.298149 0.587736 0.304936 -0.188246
VERTEX_POSE A3235 -0.332383 -0.903968 0.720193 -0.675467 -0.694423 -0.419115 0.239885 -0.584845 -0.014238 -0.717445 0.099880 -0.460903 -0.492003 -0.464055 0.422739 -0.425772 -0.063335 -0.658027 -0.066181 0.654693
VERTEX_POSE A3236 -0.118453 0.803241 -0.699394 -0.910420 -0.809619 -0.109466 0.380632 -0.664084 0.472733 0.556920 -0.325313 -0.482974 0.561788 0.295298 -0.621734 0.189221 0.010280 -0.380425 -0.439943 -0.604861
VERTEX_POSE A3237 0.464548 -0.108742 -0.679884 0.115492 -0.445182 0.615188 -0.417833 -0.451094 0.090810 0.386799 -0.015541 0.467171 -0.203634 -0.078852 0.612804 0.628820 0.326810 0.139713 -0.488795 0.826589
VERTEX_POSE A3238 0.506320 0.557110 0.792295 0.691071 0.661127 0.715456 -0.391232 -0.134375 -0.321453 -0.420729 -0.699035 0.368398 -0.417607 -0.064017 0.491949 0.652082 -0.319655 -0.084021 0.265177 -0.622106
VERTEX_POSE A3239 -0.548086 0.314796 0.527850 -0.309453 0.295367 0.423546 -0.305377 -0.250660 0.636312 -0.226397 -0.412705 0.317178 0.126155 -0.043157 0.560974 0.385619 0.700931 -0.020530 -0.831187 0.523142
VERTEX_POSE A3240 0.356506 -0.998521 0.009298 0.095037 0.834495 0.789282 -0.269300 -0.368079 -0.129058 0.440726 0.302146 0.327851 0.626562 -0.176263 -0.489362 0.007332 -0.838364 0.115833 0.583614 -0.198250
VERTEX_POSE A3241 0.792104 -0.332754 -0.521429 0.125315 0.308545 -0.143097 -0.804004 -0.378472 0.714118 -0.071614 0.340753 0.042017 0.567751 -0.483320 0.682089 -0.135217 -0.360957 0.050478 0.088451 -0.613806
VERTEX_POSE A3242 -0.866497 -0.568505 0.324747 0.829903 0.974911 -0.676003 -0.295923 0.353482 -0.106578 -0.352167 0.389142 -0.047408 0.783568 0.618333 -0.012868 0.318747 -0.407543 -0.727494 0.269870 -0.418559
VERTEX_POSE A3243 -0.070628 -0.521004 0.364484 -0.773562 0.939071 0.085857 0.603574 -0.438525 0.639655 0.206038 0.530686 0.177070 0.595170 0.219082 0.508939 -0.482224 0.063194 0.541384 -0.080495 -0.688533
VERTEX_POSE A3244 -0.836424 0.533512 0.102964 -0.083366 -0.242340 0.695749 0.668120 -0.191102 -0.523415 0.513844 0.150467 0.038802 -0.388342 -0.660146 -0.164457 0.173514 -0.652570 0.461973 -0.329642 0.281426
VERTEX_POSE A3245 -0.246277 0.491377 0.386023 0.663650 -0.462974 -0.358982 -0.376904 -0.813927 -0.509723 0.392458 -0.184977 0.478826 0.228529 -0.407981 0.617782 -0.046696 -0.315509 0.019648 -0.805924 0.193163
VERTEX_POSE A3246 0.930403 -0.747561 -0.055809 -0.416857 0.168047 -0.121615 0.583114 0.624322 0.337524 -0.295888 -0.141921 0.688311 0.629562 -0.319866 -0.552238 0.339803 -0.688256 -0.304218 0.246200 0.118615
VERTEX_POSE A3247 0.336720 -0.285574 -0.598827 -0.342363 0.934192 0.272993 0.222638 -0.498074 0.591474 -0.580785 -0.445394 0.466517 0.180536 0.230063 0.577230 0.139562 0.605755 -0.157481 -0.749033 0.365622
VERTEX_POSE A3248 0.052097 -0.672672 0.327702 -0.151974 -0.448283 0.596938 -0.417783 -0.533900 -0.345717 -0.245823 -0.641651 -0.538026 -0.316691 0.127839 0.008630 -0.815310 0.418282 -0.484354 -0.002175 -0.334562
VERTEX_POSE A3249 0.956741 -0.787388 -0.211710 0.983523 -0.849656 -0.773545 -0.396493 -0.012918 -0.021546 -0.015876 0.996046 0.004773 0.609694 -0.030988 0.632437 -0.514589 0.013994 0.034121 0.453886 0.081047
VERTEX_POSE A3250 0.401813 -0.547554 -0.647984 -0.819146 -0.464799 0.163725 0.483284 0.537028 0.602139 -0.092612 0.573360 0.709715 0.202325 -0.603354 0.300481 -0.735612 0.039856 -0.128990 -0.419284 0.131281
VERTEX_POSE A3251 0.051152 -0.962430 -0.802961 0.282836 0.319398 -0.751257 0.070138 -0.322901 0.255860 0.267365 -0.631686 0.441335 -0.516939 -0.498521 -0.029267 -0.665618 0.347266 0.417750 0.461870 0.357199
VERTEX_POSE A3252 -0.425896 0.475329 0.909487 0.730136 0.156377 0.222033 -0.066524 -0.653754 -0.722066 0.613319 -0.244718 0.203236 0.126170 -0.662517 0.434304 0.232557 -0.039010 0.446539 0.741224 0.268827
VERTEX_POSE A3253 0.020978 0.491882 0.607115 -0.248224 0.757267 -0.036119 -0.524876 -0.418403 0.183693 0.454730 0.257220 -0.304464 -0.220373 -0.446667 0.894217 0.016725 -0.410261 -0.269499 0.684750 -0.625261
VERTEX_POSE A3254 -0.675319 -0.580409 0.485138 0.488105 0.773620 -0.060422 0.460092 0.643994 0.220095 0.508990 0.363271 0.499178 0.400252 -0.415955 0.224169 0.394009 -0.419064 -0.805280 0.462384 -0.323532
VERTEX_POSE A3255 -0.527962 -0.106640 -0.883191 -0.034488 0.675694 -0.207664 -0.453100 -0.612387 -0.663880 -0.580966 0.387116 0.308657 -0.235458 0.517949 0.191328 -0.099907 0.418667 0.619890 -0.625905 -0.177682
VERTEX_POSE A3256 0.106141 0.169083 -0.343794 -0.468875 0.806703 -0.796857 -0.021425 0.456199 0.184599 0.867485 0.332905 -0.262733 -0.167828 0.226466 -0.369489 0.435689 -0.260013 -0.354106 0.170349 -0.749775
VERTEX_POSE A3257 0.917135 -0.806870 -0.457571 -0.443924 -0.731690 -0.559640 -0.288053 -0.285950 0.607839 0.193266 0.337025 0.284245 -0.394425 -0.389378 -0.230922 -0.522963 0.790579 0.428036 -0.671277 -0.167381
VERTEX_POSE A3258 -0.672346 0.148182 0.851709 0.406010 -0.165528 -0.253734 -0.718938 0.493016 -0.668603 -0.243241 -0.519830 -0.211751 -0.244220 -0.189700 -0.611115 0.507479 0.577959 0.265123 -0.326778 0.341598
VERTEX_POSE A3259 -0.848784 0.451254 -0.219636 0.350897 -0.936316 -0.331213 -0.176793 0.734034 -0.184115 0.301860 0.120626 -0.611359 0.646842 0.058369 -0.452877 -0.084464 -0.665760 0.526822 0.672374 -0.000936
VERTEX_POSE A3260 0.060217 0.835504 -0.915405 -0.107348 -0.901565 0.642548 0.433596 0.339375 -0.517114 0.167832 -0.348823 -0.222846 0.238120 0.522964 0.464079 -0.602884 -0.285500 -0.233870 -0.603040 0.638862
VERTEX_POSE A3261 0.236133 -0.686672 0.649941 -0.824879 0.686154 0.513567 -0.632407 0.193463 0.540654 0.165341 0.624820 0.366451 -0.243525 -0.624058 0.478825 0.290009 -0.427239 0.283518 0.655221 -0.013784
VERTEX_POSE A3262 -0.113362 0.213945 -0.986702 -0.015616 -0.686373 0.079811 0.258039 0.521801 0.126434 0.709409 0.396733 0.913824 -0.096553 -0.228173 0.157991 -0.611244 0.719853 0.342942 0.217282 0.008671
VERTEX_POSE A3263 -0.186614 0.574572 0.226172 -0.446875 -0.267348 0.530000 0.450524 0.566180 -0.477195 0.187483 0.342300 -0.537832 0.242104 0.481437 -0.430772 -0.199002 -0.115456 -0.128675 0.814654 -0.563168
VERTEX_POSE A3264 -0.966624 -0.006598 -0.664715 0.123933 0.909044 -0.498301 -0.049774 0.407185 0.659462 -0.280709 0.510420 -0.500481 -0.126349 -0.047366 0.254535 0.505371 -0.536333 0.039219 -0.804588 -0.532706
VERTEX_POSE A3265 -0.208484 0.855143 -0.804053 0.172597 0.105686 0.495722 -0.147595 0.490744 0.174847 -0.423262 0.465190 0.014841 -0.253716 -0.597524 -0.608140 0.459406 0.418483 0.594671 0.723629 -0.102990
VERTEX_POSE A3266 0.481003 0.670604 -0.053635 -0.122342 0.038229 0.631082 0.062455 0.188783 -0.578539 0.435683 0.148743 -0.301762 0.399937 -0.133161 0.402839 0.729032 -0.431442 -0.116999 -0.338884 -0.859280
VERTEX_POSE A3267 -0.085077 -0.203357 -0.364109 0.213513 -0.900576 0.004682 0.439637 0.530090 0.273134 0.644693 0.243277 0.824510 -0.298068 0.300990 -0.495003 -0.111510 0.620609 0.023064 0.538342 -0.429033
VERTEX_POSE A3268 -0.743936 -0.253599 -0.483937 -0.711911 0.660504 0.434770 0.501620 0.671655 0.274221 -0.794574 0.170240 0.464566 0.253997 -0.702039 -0.568299 0.030616 0.114368 0.443839 -0.227109 0.118148
VERTEX_POSE A3269 -0.012677 0.227715 -0.261341 -0.431272 -0.300644 0.088902 -0.397560 -0.530052 0.636360 0.245645 -0.492940 -0.174453 0.720914 0.167646 -0.687667 0.192641 -0.643978 -0.289520 -0.474107 0.182323
VERTEX_POSE A3270 0.366836 -0.888561 -0.836259 0.904060 0.394792 0.204296 -0.539383 -0.566271 -0.402832 -0.129853 0.631617 0.423397 -0.682763 0.480954 -0.528238 -0.427127 -0.190188 0.581110 0.208807 0.113616
VERTEX_POSE A3271 0.612570 -0.252120 0.525362 0.383126 0.494999 -0.374558 0.541111 -0.202168 0.119744 0.081906 0.332934 0.452001 -0.541618 0.150883 -0.756273 -0.408276 0.505471 0.262896 0.490359 0.754994
VERTEX_POSE A3272 -0.220574 0.894961 0.217230 0.694043 -0.992099 0.552614 0.146236 0.613905 -0.181960 -0.305726 0.113097 0.550251 -0.795218 -0.168220 0.379102 0.317255 -0.752206 -0.463696 -0.390031 -0.127352
VERTEX_POSE A3273 0.500340 -0.457065 0.488488 0.733962 0.369703 0.287413 -0.081683 0.564634 -0.407472 0.030062 -0.426476 -0.274847 -0.538780 -0.378385 -0.330556 0.811895 -0.026291 0.752696 0.207282 -0.596189
VERTEX_POSE A3274 -0.458058 0.226876 -0.110154 0.609564 0.434070 -0.155736 0.439519 -0.526099 -0.778637 0.241161 -0.159667 -0.358366 -0.572546 0.330704 0.490953 0.099782 -0.183585 -0.003208 -0.641014 -0.744754
VERTEX_POSE A3275 -0.056998 0.428473 -0.679805 -0.389323 -0.234439 -0.286407 0.043213 0.273205 0.082004 -0.773240 0.188524 0.419958 0.403392 -0.474735 -0.831444 -0.009737 -0.480610 0.208761 -0.487249 -0.658376
VERTEX_POSE A3276 -0.745937 -0.965688 -0.125488 0.397612 0.906729 -0.474080 0.006052 -0.208806 0.077028 -0.555281 0.140335 0.358960 0.681665 0.457095 0.640836 0.044216 -0.742116 -0.479365 0.474346 -0.420755
VERTEX_POSE A3277 -0.527655 0.479315 0.834037 -0.807293 -0.397883 0.256050 -0.318390 0.496016 0.065087 0.803516 0.272119 -0.018216 0.501277 -0.127237 -0.819705 -0.039815 -0.291900 -0.507892 -0.011262 0.760608
VERTEX_POSE A3278 -0.720278 -0.857101 -0.278632 0.268313 -0.300247 -0.264082 0.547352 0.553255 0.506247 -0.077466 -0.294566 -0.443435 0.488164 -0.749595 0.690414 0.591881 -0.046056 0.025862 -0.325233 -0.207670
VERTEX_POSE A3279 0.306160 -0.638360 -0.797786 -0.754362 -0.541554 -0.375430 0.072143 0.433986 0.018237 -0.390199 0.470039 -0.584572 -0.513739 -0.602422 -0.014862 0.672063 -0.384270 -0.718871 0.356292 0.283097
VERTEX_POSE A3280 -0.570914 0.691927 -0.377673 -0.823770 -0.247539 -0.111976 0.401476 0.862647 0.602535 -0.031189 0.247332 0.651575 0.581563 -0.268691 0.424685 -0.685611 0.192715 -0.139664 0.171948 -0.292120
VERTEX_POSE A3281 0.681535 -0.404655 0.073383 0.449167 0.234953 -0.048571 0.341374 0.694660 0.357125 -0.431281 0.628074 0.020409 0.037845 0.270191 0.663915 -0.442109 -0.202989 -0.654907 -0.707508 0.093612
VERTEX_POSE A3282 -0.642688 -0.600789 -0.600748 0.528474 0.777845 0.078534 -0.602705 -0.389587 -0.730596 0.019938 -0.583553 -0.288815 -0.574995 0.184253 0.148873 0.469342 -0.526142 0.595387 -0.292314 -0.443749
VERTEX_POSE A3283 0.003189 0.167255 -0.468186 0.906366 0.908838 -0.224765 0.643346 0.473939 0.362807 0.582689 0.160797 0.305284 -0.401360 0.460760 0.589732 -0.160153 0.447483 -0.613898 -0.244624 0.580504
VERTEX_POSE A3284 -0.297487 -0.912773 -0.319502 -0.799057 -0.007779 -0.561025 -0.368627 -0.509153 0.380419 0.410937 -0.596748 0.576970 -0.471872 -0.438932 -0.227502 -0.470444 -0.128418 -0.394818 0.501263 -0.418930
VERTEX_POSE A3285 -0.318007 -0.181199 0.884391 0.016579 0.551465 0.222752 0.496595 0.623730 -0.271517 -0.088747 -0.491860 0.001680 -0.848161 0.485479 0.923024 -0.153200 -0.324574 0.157110 0.051675 0.167324
VERTEX_POSE A3286 0.475227 -0.939385 -0.351377 -0.128122 0.584532 -0.671076 0.449718 0.285582 -0.599430 -0.553012 -0.176234 0.013169 0.295736 0.662005 0.252992 -0.558889 0.629253 0.355192 0.303505 -0.230596
VERTEX_POSE A3287 0.808655 0.256310 0.336704 -0.267932 -0.201076 0.321706 0.499779 0.282189 0.506432 -0.313071 -0.721823 -0.312580 -0.651399 0.110484 0.713621 -0.175304 0.293645 0.181854 -0.444021 0.548549
VERTEX_POSE A3288 -0.400872 0.011931 -0.573180 0.572655 0.819775 -0.013086 -0.446596 -0.006177 -0.353401 -0.531235 -0.286274 0.764374 -0.549436 0.206791 -0.517434 -0.459280 0.236243 0.151426 -0.074327 -0.905227
VERTEX_POSE A3289 0.802881 0.208797 -0.499668 -0.722112 -0.580997 -0.316994 -0.206285 -0.668630 0.343313 0.070991 0.257809 0.462834 -0.832319 0.144450 0.459550 0.497022 0.080720 -0.596866 -0.112347 0.677560
VERTEX_POSE A3290 0.959870 -0.292436 -0.882932 -0.917035 -0.137392 -0.509563 0.154837 -0.795319 0.194455 -0.278002 -0.450482 0.493456 -0.575444 -0.218484 -0.531935 -0.213909 0.332635 0.419619 0.722391 -0.078438
VERTEX_POSE A3291 0.659345 -0.152565 -0.488585 -0.534693 0.918210 0.618789 0.533439 -0.161338 -0.714910 0.638975 -0.249063 -0.167714 0.072997 0.546370 -0.081470 -0.367315 -0.761708 -0.266904 -0.408540 0.182261
VERTEX_POSE A3292 0.039014 0.522125 -0.849727 -0.546991 -0.894843 0.377734 0.081796 0.269990 -0.562552 -0.596791 0.007088 -0.446436 0.570247 0.654091 0.238842 0.400443 -0.433574 -0.533387 0.389375 -0.557884
VERTEX_POSE A3293 -0.153492 0.921508 -0.869634 0.067349 0.176236 -0.678897 0.524712 -0.410721 -0.215172 0.315195 0.258102 0.286244 -0.087423 -0.869430 0.629187 0.619668 0.022957 -0.122427 -0.483423 -0.090860
VERTEX_POSE A3294 -0.527268 -0.577993 0.737587 0.018431 -0.349138 0.467897 -0.543897 0.314332 0.799250 0.550294 -0.145675 0.286367 -0.220504 -0.266796 0.245101 -0.515166 0.136636 -0.013801 -0.295525 -0.888890
VERTEX_POSE A3295 0.072390 -0.484473 -0.514442 0.576941 -0.985799 -0.011792 0.291455 0.202065 -0.768967 -0.581733 0.233615 0.465363 -0.708223 -0.354363 -0.283521 0.105055 -0.809683 0.334071 -0.253031 0.351332
VERTEX_POSE A3296 0.638024 0.776651 -0.673687 -0.760053 -0.718079 -0.246644 0.761633 0.121799 -0.442565 -0.120305 0.571965 0.773862 0.411977 0.255951 -0.132948 0.196098 -0.768258 -0.356042 0.444141 0.047849
VERTEX_POSE A3297 0.953735 -0.907389 -0.316048 0.896089 0.689092 0.570521 -0.077503 -0.544687 -0.407458 -0.755892 -0.401736 0.355299 -0.452769 0.006108 0.004496 0.434572 -0.696105 0.618245 -0.169614 0.239427
VERTEX_POSE A3298 0.987312 0.312170 0.121449 -0.209546 -0.886374 0.099913 0.478141 -0.305016 -0.508209 -0.210318 -0.310945 -0.407985 -0.644931 0.061032 -0.541436 0.365804 -0.517563 0.521667 -0.421189 -0.733949
VERTEX_POSE A3299 0.894088 -0.476948 -0.157623 -0.471964 0.942425 -0.565365 -0.286933 0.495626 0.598976 -0.661534 0.356788 0.118206 0.605329 0.427427 0.238503 0.276528 0.613650 -0.500733 -0.192748 0.260378
VERTEX_POSE A3300 -0.058943 0.320326 0.422611 -0.535183 -0.611553 -0.700100 -0.211445 -0.175058 -0.141627 0.542662 -0.606603 -0.386183 0.637677 0.665884 -0.041598 0.382801 -0.393579 0.582181 0.328088 0.055500
VERTEX_POSE A3301 0.354149 0.423609 0.285190 -0.305486 0.508417 -0.695785 -0.429599 -0.369565 0.361371 -0.493552 -0.603090 0.601726 -0.274378 -0.048253 -0.144328 -0.482588 0.288417 0.048887 -0.513495 0.643578
VERTEX_POSE A3302 0.506658 0.270933 -0.632261 0.911162 0.437424 -0.183973 0.278688 0.424130 -0.510228 -0.419472 -0.405622 0.437875 0.142466 -0.750897 -0.156602 0.841595 -0.176489 0.699688 -0.133406 0.246150
VERTEX_POSE A3303 0.720484 0.215287 -0.360158 -0.841140 -0.603652 -0.545941 0.241349 0.251006 0.738661 0.140709 0.575891 -0.163241 -0.615090 0.187390 0.076656 0.650060 -0.387430 -0.351858 0.347904 0.648173
VERTEX_POSE A3304 -0.145512 0.966544 -0.226322 -0.571524 -0.121880 -0.377340 0.457778 0.473427 0.259499 0.189189 -0.440246 0.319378 0.467726 0.538358 0.810928 0.124063 0.032617 0.175126 -0.721448 0.539590
VERTEX_POSE A3305 -0.951400 -0.502191 0.257585 0.520726 -0.128505 -0.455315 -0.354730 -0.010162 -0.701272 -0.128669 -0.158386 -0.336623 0.270524 0.883670 0.118351 0.672255 -0.013720 0.416634 -0.576629 0.440169
VERTEX_POSE A3306 -0.336514 -0.356240 -0.039964 -0.230463 0.161909 0.299726 0.587074 -0.461354 0.814778 -0.084719 0.285973 0.213895 0.480976 0.547211 -0.054088 0.497549 -0.366741 0.444549 -0.411431 -0.520993
VERTEX_POSE A3307 0.108551 -0.999145 0.648190 0.826088 -0.215150 -0.663492 0.588568 0.009735 0.652615 0.350191 0.466268 -0.297906 -0.308901 0.633138 0.060570 -0.454302 -0.474849 -0.203605 -0.478689 0.395164
VERTEX_POSE A3308 -0.479055 0.977123 0.091622 0.713434 0.473612 -0.491797 -0.462891 0.184765 -0.305548 -0.447036 -0.473980 0.332498 0.276414 -0.653626 0.219685 0.169027 0.557376 0.711308 -0.693482 0.057536
VERTEX_POSE A3309 -0.056792 -0.213341 0.681404 -0.962150 0.861662 -0.006708 -0.578483 0.216761 -0.006466 -0.579479 -0.185524 -0.522616 0.297869 0.668855 0.824358 0.284915 0.256496 0.217301 -0.399574 0.636740
VERTEX_POSE A3310 -0.585289 -0.637504 0.850404 -0.928274 0.243296 -0.335696 -0.447735 0.204219 0.116163 0.277224 -0.180293 0.655508 0.116388 0.730077 0.551199 -0.741172 -0.354793 -0.374571 -0.399747 0.516621
VERTEX_POSE A3311 -0.049969 0.669050 0.713949 0.889664 -0.773927 0.509962 -0.451513 0.725224 0.458115 0.164829 -0.099138 0.069113 -0.768208 -0.518889 -0.503326 -0.422768 0.139098 0.521493 -0.009498 -0.419079
VERTEX_POSE A3312 -0.375258 0.382004 -0.245213 0.487018 0.096615 -0.500241 0.114231 0.204635 0.455751 0.454018 -0.064010 -0.539874 0.653351 0.227812 0.487895 0.492566 0.316086 0.111998 -0.333660 0.895667
VERTEX_POSE A3313 -0.227976 -0.238294 -0.750344 0.600200 0.021141 0.560269 0.134172 -0.062593 0.520488 -0.014243 0.796912 -0.566025 -0.026395 0.573284 0.027692 -0.973686 -0.002248 -0.306659 0.181751 0.179870
VERTEX_POSE A3314 0.953221 -0.163695 -0.754238 0.796030 -0.865090 0.060753 -0.697767 -0.549278 0.285324 -0.416652 -0.128204 0.671130 -0.279002 0.621907 0.547102 0.402624 -0.297329 -0.406403 -0.315555 0.454626
VERTEX_POSE A3315 0.327255 0.469230 0.435285 0.687961 -0.911164 0.242853 -0.528606 0.022357 -0.885706 -0.045177 0.348137 0.170378 -0.383632 0.081984 -0.354536 -0.353106 -0.859030 0.042694 0.668339 -0.365578
VERTEX_POSE A3316 0.454017 0.580507 -0.865953 -0.383222 -0.427395 0.508527 0.445854 -0.655977 0.218471 -0.536578 0.190585 0.249277 -0.618871 -0.476237 0.695983 0.221437 0.548545 -0.383589 0.285067 -0.075293
VERTEX_POSE A3317 0.428448 -0.103079 -0.105615 -0.332092 0.719442 0.212119 -0.654939 0.596500 -0.583622 -0.336569 -0.224335 -0.332926 -0.407160 0.200949 -0.645783 0.441113 0.531964 0.294136 0.312116 0.520092
VERTEX_POSE A3318 0.135910 -0.274460 -0.228012 -0.579971 -0.112240 -0.500102 -0.180985 -0.528953 0.530986 -0.350969 0.181247 -0.566374 0.276789 0.228851 -0.216739 -0.848772 -0.089849 -0.316539 -0.216886 0.791778
VERTEX_POSE A3319 -0.946855 -0.407562 -0.439133 -0.810567 -0.607620 0.193899 -0.438844 -0.284809 -0.530284 0.435739 0.346243 -0.506025 0.263835 -0.391745 -0.392541 -0.629938 0.602120 -0.520627 -0.388738 -0.531966
VERTEX_POSE A3320 0.231329 -0.894282 0.394717 -0.054204 -0.861555 -0.250622 -0.487709 -0.278064 -0.126007 0.107044 0.281489 -0.804040 -0.061750 0.527277 0.399620 -0.754374 0.493611 -0.339314 -0.421650 -0.567249
VERTEX_POSE A3321 0.095780 0.433103 -0.110943 -0.497005 0.750368 -0.302918 -0.627372 0.072193 0.590067 -0.672543 -0.308204 -0.514625 -0.287338 0.312837 -0.508419 -0.015259 -0.837193 -0.191658 -0.267009 0.317867
VERTEX_POSE A3322 0.712490 0.439873 0.072282 -0.345260 -0.689410 -0.585285 -0.424862 -0.640263 -0.412786 -0.293008 0.277293 -0.125226 -0.208423 0.149119 -0.490096 -0.007575 0.675509 -0.480805 0.830747 -0.186071
VERTEX_POSE A3323 -0.729657 0.627843 0.544990 0.398805 -0.756397 0.267226 -0.520713 0.395852 0.034115 0.751361 -0.004185 -0.638049 -0.187442 -0.581015 0.531781 -0.248990 -0.665097 -0.487370 -0.259199 0.251696
VERTEX_POSE A3324 0.942289 0.354612 0.019423 0.570344 -0.073396 -0.631082 0.590440 0.432778 0.197075 0.141394 0.123396 0.467806 0.738998 -0.429742 -0.404898 -0.210150 -0.643001 0.424395 -0.202751 0.446485
VERTEX_POSE A3325 -0.814778 0.861880 -0.190131 0.673171 -0.038548 -0.435296 -0.598854 -0.661926 -0.775973 -0.065081 0.565431 0.279382 -0.146954 0.066231 -0.267295 0.395406 -0.054399 0.242656 -0.677641 0.484557
VERTEX_POSE A3326 0.342733 -0.856630 -0.969452 -0.024254 -0.742196 0.302152 -0.442260 -0.656557 -0.487606 -0.642796 0.411125 -0.198093 0.587221 0.133692 -0.591589 0.193030 -0.604866 0.530779 0.095553 0.127168
VERTEX_POSE A3327 0.580313 0.131263 0.345736 0.810291 0.208525 -0.341191 0.038447 -0.207957 0.345009 -0.311024 -0.739408 -0.392620 -0.721385 0.392869 0.707120 -0.435824 0.281054 -0.332247 -0.437547 -0.420347
VERTEX_POSE A3328 -0.861043 0.954491 0.493821 0.569260 -0.349456 -0.264717 0.164266 0.295474 0.478701 -0.640464 0.186335 -0.585549 -0.685235 -0.380532 0.363383 0.180960 -0.842598 -0.475242 0.246027 -0.152310
VERTEX_POSE A3329 0.330045 0.455539 0.151996 0.766200 -0.628571 -0.434954 -0.423459 0.353901 -0.134906 -0.624678 -0.169411 0.395494 0.056935 -0.631344 -0.708066 0.074161 -0.639506 -0.367209 0.649398 0.196193
VERTEX_POSE A3330 0.474401 0.654316 -0.811887 -0.661673 0.150950 0.091293 0.694185 -0.521304 -0.067929 0.285109 0.695656 -0.594613 0.064037 0.287267 -0.637565 0.399715 -0.133014 -0.476443 -0.522444 -0.379592
VERTEX_POSE A3331 0.080014 0.274817 -0.083568 -0.965922 0.038991 0.539718 0.688586 -0.408150 -0.393099 -0.192621 -0.439158 0.105754 0.255179 0.756380 0.706665 -0.644587 0.031013 -0.208850 0.090209 0.259771
VERTEX_POSE A3332 -0.315806 -0.120852 -0.562814 -0.539286 0.879846 -0.199317 -0.668534 -0.146075 -0.613186 -0.196710 -0.589994 0.076355 0.457860 -0.473036 -0.403561 -0.138083 0.616216 -0.644658 0.534476 0.164571
VERTEX_POSE A3333 -0.018941 -0.074752 -0.444148 -0.750511 -0.411625 0.182557 0.056917 0.529454 -0.586692 -0.280124 -0.361912 -0.638583 0.721847 0.132192 -0.252756 -0.441731 -0.221624 -0.388320 -0.449557 0.722569
VERTEX_POSE A3334 -0.199502 -0.509896 0.556273 -0.807062 0.435339 0.082876 0.240913 0.199811 0.069250 0.485342 0.814090 -0.687112 0.640910 -0.327280 -0.212006 -0.231666 0.251942 0.686489 0.491904 -0.356015
VERTEX_POSE A3335 0.538682 -0.154308 0.210865 -0.110809 -0.242033 -0.271945 -0.679245 0.503348 -0.777682 0.527425 0.101872 0.238011 0.399680 0.817493 -0.253764 0.041242 -0.244485 0.447449 0.314649 -0.090530
VERTEX_POSE A3336 0.029659 0.423057 0.813437 0.770216 0.459869 -0.074625 0.543497 -0.355341 0.560592 0.506158 0.382544 -0.724166 0.546478 0.199511 0.377056 0.374908 -0.467555 0.116534 0.096027 0.684822
VERTEX_POSE A3337 0.463983 0.133863 -0.483690 -0.037525 -0.402752 0.289407 -0.251932 0.291960 0.387994 0.240107 0.502072 0.149948 0.407770 0.578206 -0.403015 0.785693 -0.141764 0.762101 0.308689 -0.555215
VERTEX_POSE A3338 -0.352767 -0.153453 -0.140945 -0.284721 0.542816 0.621849 0.083609 -0.180288 0.285626 -0.470572 0.647168 -0.349199 0.236591 0.684485 -0.418913 0.440505 -0.084866 0.484039 0.722185 0.270089
VERTEX_POSE A3339 0.550604 0.400180 -0.094941 0.483649 -0.066519 0.201036 0.638998 0.707521 -0.522125 0.392250 -0.378307 0.618687 0.052040 -0.397597 -0.346978 0.458601 -0.212883 -0.428722 -0.474130 0.391019
VERTEX_POSE A3340 -0.592809 0.920522 -0.802287 0.000325 -0.541090 -0.752496 -0.064609 0.602745 0.194805 -0.067971 0.170489 0.114239 0.413680 0.506118 0.337511 -0.823517 0.395073 -0.518494 -0.376689 -0.442034
VERTEX_POSE A3341 0.061945 0.209043 -0.290541 -0.212995 -0.213888 -0.030453 -0.663888 0.353803 -0.163074 0.227872 -0.734909 -0.777153 -0.406617 -0.230034 0.603339 -0.524433 -0.497628 0.067049 0.258766 0.184887
VERTEX_POSE A3342 -0.499364 0.069230 -0.380993 0.373313 0.159554 0.567844 0.017630 0.707353 0.213122 0.514101 -0.207325 -0.242360 -0.757741 0.123906 0.242973 -0.156361 -0.616388 -0.717188 0.369823 0.247753
VERTEX_POSE A3343 0.031933 0.302525 -0.047500 -0.512657 0.555525 -0.088481 0.125769 -0.784527 -0.918967 0.338242 0.190048 -0.257205 -0.525324 -0.065010 -0.037923 0.316330 -0.534828 0.282981 0.702669 0.241106
VERTEX_POSE A3344 0.833968 0.970749 -0.040885 -0.612795 0.807253 -0.241798 0.367337 0.634972 -0.223879 -0.445909 0.217747 0.572053 0.169153 -0.434188 0.611721 0.338955 0.505920 -0.435851 0.722997 -0.323919
VERTEX_POSE A3345 -0.546144 0.905536 -0.135230 0.169344 0.294464 0.546795 -0.219254 0.602273 -0.706029 -0.289078 -0.027510 -0.222843 -0.683343 0.369341 0.358005 -0.629633 -0.547908 0.157203 -0.070463 -0.447096
VERTEX_POSE A3346 -0.640812 -0.228244 -0.612215 -0.824696 0.644361 0.326328 0.151388 0.755888 0.321435 -0.459198 -0.101668 -0.308897 -0.608749 0.573507 0.680319 -0.446023 -0.206912 0.481599 0.443517 0.215810
VERTEX_POSE A3347 0.287985 0.551256 0.093161 0.003983 -0.620142 0.512183 0.077628 -0.090884 -0.384169 0.699824 0.077305 0.149906 0.514199 -0.730803 0.450780 -0.236812 -0.353385 0.603663 0.428649 0.571673
VERTEX_POSE A3348 0.882304 -0.197543 0.759155 0.837252 0.013905 0.378234 0.156433 0.524627 0.492803 0.137860 -0.475363 0.287727 -0.784384 0.410133 -0.479452 0.339095 0.498826 0.549020 0.475688 0.285937
VERTEX_POSE A3349 0.495098 0.497296 0.159774 -0.404667 -0.467879 -0.477306 -0.422379 0.004635 0.429276 0.351923 -0.640680 0.030322 0.323959 -0.034154 0.109719 0.533376 0.720637 0.758250 -0.555253 0.262723
VERTEX_POSE A3350 0.341130 -0.856305 0.654028 0.193417 -0.227762 -0.457521 0.188979 0.547520 0.654279 0.253123 0.172963 0.435301 -0.146139 -0.363086 0.406481 0.163373 0.654031 0.088768 -0.923130 0.332741
VERTEX_POSE A3351 0.113633 -0.091826 0.153872 -0.216952 0.152350 0.658014 -0.554713 -0.422073 -0.059042 0.585343 -0.504472 0.458546 0.440390 0.335808 0.146583 -0.123950 0.674184 0.576004 0.374647 -0.008441
VERTEX_POSE A3352 -0.409122 -0.069601 -0.951170 0.098328 -0.717511 0.158617 -0.472606 0.438179 0.050499 0.263620 0.629061 -0.881096 -0.390983 0.198199 0.238397 -0.666090 -0.406050 -0.372997 0.332572 -0.456205
VERTEX_POSE A3353 0.053621 0.583568 -0.273691 0.848156 0.082828 -0.306318 0.412597 -0.299467 -0.640631 0.466886 0.465465 -0.198830 -0.426592 0.648874 0.336826 -0.111530 0.387284 -0.585470 -0.646035 -0.350194
VERTEX_POSE A3354 0.383976 -0.463983 -0.301138 -0.818147 0.395953 -0.202270 0.524402 -0.326223 0.331285 0.577322 -0.440602 0.726894 -0.407116 -0.177694 -0.395203 -0.047441 0.264887 0.405927 0.472977 0.773115
VERTEX_POSE A3355 -0.466833 -0.714989 0.068253 -0.331328 0.209092 -0.105921 0.191740 -0.034268 -0.311887 -0.531395 -0.541757 -0.761982 0.551917 -0.246405 0.523459 0.337740 -0.770814 -0.192043 -0.512030 -0.224622
VERTEX_POSE A3356 0.238843 0.445448 0.536178 0.521327 -0.955720 -0.088494 -0.264903 -0.408951 0.532427 0.383046 -0.178566 0.754048 -0.535766 -0.174695 -0.198692 0.192691 -0.876151 0.317212 0.677442 0.052104
VERTEX_POSE A3357 -0.273291 -0.320613 -0.270590 0.157599 0.653757 -0.224692 -0.259699 0.793907 -0.794260 -0.453109 -0.260854 0.440045 -0.703055 -0.369409 0.103896 0.264841 -0.030966 -0.337979 0.403512 -0.405271
VERTEX_POSE A3358 -0.886520 0.416274 -0.586010 -0.521036 -0.582382 0.484939 -0.723104 -0.064072 0.224434 0.553489 0.449218 0.247637 0.212376 -0.232419 0.460633 0.354127 -0.715352 0.664046 0.016150 0.477861
VERTEX_POSE A3359 0.377799 0.399939 0.029999 0.090588 -0.305177 -0.020352 -0.488123 0.155212 0.840444 0.438055 0.199781 0.371575 -0.494118 -0.518184 0.305545 -0.563611 0.568462 0.248624 -0.089631 -0.586799
VERTEX_POSE A3360 -0.943246 -0.865074 0.881406 -0.076201 -0.974814 -0.405669 -0.209904 -0.711296 0.513111 0.166654 -0.646434 0.610430 -0.614415 -0.038651 -0.059291 0.518284 -0.246643 -0.442730 -0.531076 -0.117705
VERTEX_POSE A3361 0.587881 0.070590 -0.397897 -0.182710 0.568568 -0.561227 -0.401911 -0.376472 0.013553 -0.467683 -0.572313 -0.663280 0.654899 -0.199954 -0.165112 -0.104823 0.388086 0.466517 0.424099 -0.583211
VERTEX_POSE A3362 -0.542187 -0.325244 0.946430 0.124665 0.733814 -0.705536 0.285509 -0.363534 0.065472 0.406212 0.499609 0.600051 0.438351 -0.046135 -0.287685 0.633264 0.326617 -0.234751 -0.400378 0.713741
VERTEX_POSE A3363 -0.259052 0.014074 -0.681407 0.384514 0.905032 -0.751662 0.408784 0.398928 -0.047018 0.563842 -0.076788 0.284887 -0.229445 0.733671 0.331077 0.455641 -0.352959 -0.491956 -0.504703 -0.414858
VERTEX_POSE A3364 -0.431060 0.995838 0.157955 0.066780 -0.843057 -0.473074 -0.255852 0.451886 -0.838698 0.294149 -0.214899 -0.266101 -0.383884 -0.221710 -0.042196 -0.706749 0.349878 -0.014066 0.448503 0.760294
VERTEX_POSE A3365 0.258311 0.164860 0.502704 0.317603 0.169154 -0.263808 0.516961 -0.413101 -0.384123 -0.523823 0.115695 0.745120 -0.403681 -0.410132 -0.387329 -0.533123 -0.044302 -0.278616 -0.105748 -0.803612
VERTEX_POSE A3366 -0.720370 0.859766 0.529457 -0.726296 -0.337001 0.788807 -0.509777 0.129266 -0.014372 0.375544 -0.196880 -0.196034 -0.586690 -0.454220 -0.298851 -0.301659 -0.509045 0.499836 0.404834 -0.692160
VERTEX_POSE A3367 0.598600 0.418895 -0.028608 -0.163005 0.616812 0.101845 0.092996 0.752573 0.782323 0.312980 0.020408 0.454066 0.247156 -0.109405 -0.393372 0.772420 0.298386 0.129154 -0.485466 0.576380
VERTEX_POSE A3368 -0.277706 -0.701277 -0.980987 -0.719922 0.766402 -0.290102 -0.272947 -0.642661 -0.528557 0.458292 -0.242058 -0.598438 -0.290359 0.682979 0.475376 0.326162 0.236193 0.228821 -0.724416 -0.078398
VERTEX_POSE A3369 -0.073137 -0.293686 -0.611488 -0.011016 -0.794185 0.533896 0.441556 -0.421709 -0.524711 -0.178538 -0.351549 0.057530 0.532567 -0.311840 0.605648 -0.324719 0.388866 -0.263656 0.619744 0.670906
VERTEX_POSE A3370 0.149204 -0.180925 0.876451 -0.679356 -0.449707 -0.436786 0.525091 0.211204 0.584533 -0.326492 0.408114 0.494698 0.574393 -0.583389 0.471215 0.314284 0.336050 -0.027716 0.434720 0.579279
VERTEX_POSE A3371 0.129485 -0.780755 -0.783273 0.280403 -0.774688 -0.093952 0.528229 0.391705 -0.361847 0.165492 -0.469654 -0.173969 0.549414 -0.600496 -0.562085 -0.598488 -0.188712 -0.716962 0.183147 0.479358
VERTEX_POSE A3372 0.988808 0.915356 0.097971 0.775989 -0.008072 0.462064 -0.599728 -0.027149 -0.130995 -0.334510 0.455230 0.434681 0.467727 0.744492 0.717432 -0.149668 -0.190067 -0.256280 -0.535967 0.449038
VERTEX_POSE A3373 0.649840 0.888305 -0.504542 0.693957 0.709846 0.441589 -0.432565 -0.203257 -0.411964 0.076811 0.293796 0.497385 -0.165998 -0.333175 -0.032464 -0.758889 0.596849 -0.621964 -0.451133 -0.636503
VERTEX_POSE A3374 -0.838582 0.521771 0.169227 0.767746 0.780837 0.666068 -0.147096 0.076457 -0.056429 0.619034 0.125659 0.700421 0.057205 -0.341816 0.250137 0.362112 0.788421 0.003334 0.678795 -0.489815
VERTEX_POSE A3375 0.822776 0.886105 -0.942915 -0.836807 -0.200820 0.395605 -0.811491 0.347535 -0.752348 -0.495771 0.008150 -0.524327 0.079381 0.180501 -0.046422 0.274016 0.890319 -0.019889 -0.119617 -0.232173
VERTEX_POSE A3376 -0.896304 0.793841 0.360228 -0.136699 0.004310 0.726337 0.594094 0.236051 0.095602 0.383631 -0.726232 -0.172424 0.159903 0.587298 0.648374 -0.630527 0.045625 0.114786 -0.277030 -0.264324
VERTEX_POSE A3377 -0.479393 -0.706474 0.557012 0.943050 0.425198 0.291823 -0.929027 0.029173 0.549077 0.110567 -0.807525 0.290937 0.308966 0.052741 -0.699002 -0.147793 -0.525302 0.200265 0.085909 0.261398
VERTEX_POSE A3378 0.110761 0.437362 0.150247 0.167177 0.179039 0.508402 0.334603 0.719584 -0.355309 0.434426 0.142049 -0.541306 0.387209 0.341045 -0.563397 -0.419617 0.294986 0.069673 -0.610987 0.508618
VERTEX_POSE A3379 0.986000 -0.403702 0.119382 -0.299447 -0.981785 0.263179 -0.269862 0.248203 -0.099056 0.494908 -0.619555 -0.694014 -0.398365 0.236805 0.365393 -0.700771 -0.555806 0.552953 0.180181 0.435373
VERTEX_POSE A3380 -0.984295 0.790822 -0.283214 -0.461617 0.957319 0.671767 0.158726 -0.023989 0.375742 0.535565 -0.512047 -0.513080 0.432178 0.053704 0.177253 0.487391 0.811848 0.335973 -0.513467 0.274321
VERTEX_POSE A3381 -0.548109 0.581057 -0.195726 -0.639407 0.951277 -0.268535 -0.505408 -0.026057 -0.050177 0.493437 -0.708148 0.175956 0.512762 0.032466 -0.172283 -0.393107 -0.681932 0.929908 -0.289179 -0.178220
VERTEX_POSE A3382 0.099633 0.504472 -0.726746 0.483601 0.170566 -0.636119 0.404213 0.065623 0.323284 -0.418040 -0.498566 0.009057 0.196081 -0.646201 0.556840 0.782380 -0.060826 -0.425073 0.106247 -0.570833
VERTEX_POSE A3383 -0.393417 -0.278779 -0.234384 0.636712 -0.760193 0.425452 0.602692 0.455924 0.112712 -0.655698 0.736512 -0.127367 0.000889 0.180587 -0.836023 0.055173 0.143781 -0.301877 0.451417 0.443169
VERTEX_POSE A3384 0.505512 0.164624 0.530584 -0.791250 0.034104 0.697569 0.218508 -0.043681 -0.037807 0.779303 0.472063 -0.004381 -0.195544 -0.368913 0.707462 -0.092439 -0.054609 0.106990 -0.546039 0.797603
VERTEX_POSE A3385 -0.516391 -0.959510 -0.027884 0.665454 -0.433481 0.373896 -0.619541 -0.273777 0.198920 0.601730 0.376712 0.657172 -0.064468 0.484982 0.610899 0.329394 -0.572604 -0.124741 0.376077 -0.469096
VERTEX_POSE A3386 0.139750 0.006232 0.833869 -0.694616 0.448900 -0.414846 -0.452208 -0.440780 -0.427907 0.206320 -0.502155 0.035988 0.679727 0.147107 0.549684 0.270687 -0.729314 0.584253 -0.466519 -0.003651
VERTEX_POSE A3387 -0.255646 -0.389928 0.066762 0.730077 0.078384 0.851513 0.466334 0.215055 0.083733 -0.310165 0.622318 -0.060249 0.410861 -0.517427 -0.196769 0.490841 0.037806 -0.474938 0.525926 0.545263
VERTEX_POSE A3388 0.210317 -0.280123 0.701526 -0.176947 -0.779725 -0.125040 -0.333436 -0.217908 0.170003 0.267645 -0.021873 0.776488 -0.173920 0.569724 0.039284 0.886823 0.055977 0.592442 0.021970 -0.790139
VERTEX_POSE A3389 0.253230 -0.577495 -0.752142 -0.215652 0.866517 -0.519757 0.582598 0.070938 -0.470356 -0.563600 -0.195406 0.595024 0.269150 -0.532701 0.233514 0.150141 0.780819 0.316285 -0.497947 0.251665
VERTEX_POSE A3390 -0.877846 -0.989989 -0.903240 -0.179335 0.773207 0.736582 0.386865 -0.402471 -0.248870 0.408141 -0.311536 0.215395 0.610876 0.454916 0.506476 -0.373194 0.536731 -0.304299 0.413900 0.495917
VERTEX_POSE A3391 0.267072 -0.145197 0.582933 0.746852 -0.754539 -0.497110 -0.572302 -0.584770 0.307538 -0.345624 -0.304089 -0.487252 -0.068596 0.224154 -0.071464 0.696642 -0.685721 0.644810 -0.250993 -0.212405
VERTEX_POSE A3392 -0.158888 0.493095 -0.150039 0.601638 0.435085 0.714835 0.154306 0.637207 0.305800 -0.591866 -0.083230 0.036824 -0.675785 -0.123843 0.521269 0.339367 -0.749553 -0.349885 0.232440 0.099366
VERTEX_POSE A3393 -0.420033 -0.315233 -0.956809 0.945330 0.507022 0.286743 -0.632988 0.580445 -0.639471 0.062224 0.046877 -0.567453 -0.169424 0.524337 -0.374452 0.096375 -0.074442 -0.215960 -0.746634 -0.616778
VERTEX_POSE A3394 -0.991980 0.868878 0.901525 0.131366 -0.849507 -0.407786 -0.641635 -0.110431 -0.764795 0.213908 0.426069 0.124629 -0.642699 -0.138551 0.417108 -0.212547 0.854310 -0.243491 -0.290361 0.239224
VERTEX_POSE A3395 0.410052 0.488933 -0.992084 -0.331582 0.592028 0.341804 0.498792 -0.174593 0.569443 0.530706 0.303045 0.545461 -0.461554 0.346299 -0.446518 0.248782 0.827141 -0.248998 0.441172 -0.271286
VERTEX_POSE A3396 0.838278 0.849627 0.545895 0.262933 -0.323825 0.648839 0.444472 -0.176391 -0.034859 0.530795 -0.631055 0.440031 0.291935 0.678269 -0.344745 0.233039 0.175233 -0.515088 0.617388 0.282666
VERTEX_POSE A3397 -0.712350 0.728644 0.430983 0.405070 -0.186508 -0.405689 0.245529 -0.829960 0.738148 -0.259244 -0.347108 0.023940 -0.672657 -0.369436 0.160080 0.463597 -0.221959 0.514155 0.452899 -0.070238
VERTEX_POSE A3398 0.008651 -0.092173 -0.020692 0.505413 0.208840 0.469107 -0.273084 -0.071271 0.380839 -0.315735 -0.578365 0.034930 -0.654940 -0.118256 -0.347011 0.328295 -0.803474 0.716424 0.537599 -0.029293
VERTEX_POSE A3399 -0.439428 -0.851649 0.564908 0.543011 -0.557423 -0.603547 0.039461 -0.176939 -0.104081 -0.187946 -0.400706 -0.151793 0.647631 0.626514 -0.611740 -0.550364 0.448478 0.477107 -0.490706 0.463114
VERTEX_POSE A3400 0.214513 -0.565042 0.819495 -0.605946 0.019307 0.437798 -0.732821 -0.386230 0.381888 0.577489 -0.666928 0.243146 -0.049161 0.448733 0.765223 0.198334 0.433683 -0.133446 0.296186 0.128811
VERTEX_POSE A3401 -0.842145 0.726902 -0.144241 0.826057 0.759132 0.425625 0.444231 -0.268348 -0.641604 -0.020776 -0.059118 -0.055871 0.814218 -0.147187 0.635252 -0.256740 0.073112 -0.022818 -0.270852 -0.947357
VERTEX_POSE A3402 0.690057 -0.632404 0.781635 -0.176587 -0.332111 -0.497006 -0.308359 0.648644 -0.449485 -0.558639 -0.100824 -0.414127 0.124866 -0.533682 0.592633 -0.687026 -0.055764 0.168026 0.324407 0.530254
VERTEX_POSE A3403 0.203321 -0.649686 -0.082534 -0.829957 -0.988765 0.402403 -0.774629 -0.485950 0.160586 -0.250000 0.597801 0.243379 -0.142623 0.393690 0.669920 0.124933 0.322077 -0.551596 -0.549091 0.384398
VERTEX_POSE A3404 0.807695 0.615208 0.351217 0.520015 0.468978 -0.221393 -0.575824 -0.698245 -0.721142 -0.102877 0.403257 0.042393 -0.760905 0.347352 0.309610 -0.025753 -0.301291 -0.577307 0.279648 -0.372032
VERTEX_POSE A3405 0.851476 0.889366 -0.049138 -0.408841 -0.551274 0.254976 0.518700 0.538506 0.674868 -0.337492 -0.133318 0.421205 -0.497188 0.449154 0.095288 0.341607 0.469613 0.541339 0.503148 -0.519579
VERTEX_POSE A3406 0.026097 -0.763581 -0.025449 -0.666764 -0.189585 -0.739681 0.496825 0.173085 -0.180858 0.456236 -0.611697 0.359671 0.535522 0.237087 -0.345712 -0.439820 -0.474763 -0.413863 -0.254537 0.560588
VERTEX_POSE A3407 0.911391 0.409049 -0.288556 -0.616684 -0.526712 0.027561 -0.736976 0.060244 0.365487 0.358965 0.784556 0.080888 -0.175657 0.319792 0.846290 0.122988 -0.474553 0.378034 -0.531065 0.231030
VERTEX_POSE A3408 -0.627917 -0.817107 -0.492126 -0.465791 0.873924 0.119718 0.420530 0.627346 -0.367101 -0.106652 0.398490 -0.592821 -0.573874 0.298111 -0.242305 0.523916 0.335820 -0.663895 0.456027 -0.495981
VERTEX_POSE A3409 -0.863142 0.673781 -0.875202 0.500413 0.989454 0.593035 0.487189 -0.289862 -0.532050 0.371577 -0.741624 -0.438797 0.203227 0.402225 -0.164201 0.703508 0.446266 0.381742 0.297241 0.070964
VERTEX_POSE A3410 0.897390 -0.994654 0.830827 0.083869 -0.508497 -0.490973 -0.136979 0.156321 -0.080870 -0.105332 0.654269 -0.680629 -0.534518 -0.124473 -0.525422 0.771733 -0.235779 0.114372 -0.298097 -0.690225
VERTEX_POSE A3411 -0.612212 0.973714 0.224659 0.072593 0.831243 -0.442791 -0.680293 -0.283313 0.174047 0.434177 -0.370691 -0.525773 0.391840 -0.642189 -0.547251 0.420946 0.580271 -0.444661 -0.134007 0.182211
VERTEX_POSE A3412 -0.411251 0.254838 -0.070928 0.861006 0.940730 0.541673 -0.410471 0.425725 0.763379 0.169895 0.010599 0.053528 -0.616491 -0.145910 0.340579 0.244036 -0.771209 -0.070590 -0.602523 -0.450103
VERTEX_POSE A3413 -0.002977 0.509819 -0.895919 -0.432530 0.662069 0.492431 -0.765215 0.399184 -0.391103 0.102445 0.640103 0.200724 0.328464 0.562102 0.328566 0.455156 0.262211 -0.675503 -0.298152 0.214958
VERTEX_POSE A3414 -0.005629 -0.305065 0.990275 -0.290696 -0.928950 0.148678 0.607803 -0.503859 -0.425089 0.593616 -0.170466 -0.126149 -0.494776 -0.719828 0.016644 -0.141748 -0.436457 0.883744 0.115324 -0.091759
VERTEX_POSE A3415 -0.905739 -0.580538 -0.540345 -0.930244 -0.025165 0.364221 -0.034530 -0.552243 -0.579986 0.230104 0.271636 -0.249366 -0.619333 -0.492449 0.277468 -0.690406 0.605810 -0.625929 -0.292619 -0.108304
VERTEX_POSE A3416 0.480632 0.550308 0.076197 -0.767076 -0.771412 0.475368 -0.299808 0.765664 -0.026816 -0.637478 -0.023590 -0.362259 0.558009 0.458750 0.208978 -0.046776 -0.427643 -0.773565 -0.436090 0.140971
VERTEX_POSE A3417 -0.865879 0.701167 0.824144 0.014688 0.519949 0.192486 0.513865 0.800428 0.022163 0.572358 -0.543089 0.623023 -0.484177 0.068339 -0.605573 -0.000081 0.183319 -0.455611 -0.417038 0.161538
VERTEX_POSE A3418 -0.161385 0.029534 0.526417 0.799833 -0.946781 -0.814135 -0.269014 0.287784 0.142415 -0.574416 -0.080524 -0.321277 -0.460325 -0.470373 -0.213569 0.219825 0.619068 0.409965 -0.580909 0.553354
VERTEX_POSE A3419 -0.309051 -0.729815 -0.222276 0.055977 -0.551137 0.409215 -0.235328 0.174123 -0.083688 -0.260174 -0.528435 -0.419775 0.081592 0.762955 0.501043 -0.638996 0.321834 0.631098 0.679674 0.068990
VERTEX_POSE A3420 0.387352 -0.876328 -0.927998 0.799036 0.386467 -0.561162 -0.004549 -0.527676 0.062552 0.743007 0.473344 0.740919 0.216075 -0.557730 0.355134 -0.618716 0.312072 -0.078129 -0.135725 0.298418
VERTEX_POSE A3421 -0.039231 0.039546 0.623177 -0.379503 0.826426 0.183280 0.631450 -0.093015 -0.570265 0.017814 -0.457147 -0.585282 0.471199 0.633196 -0.482169 -0.524716 0.064383 -0.257222 0.321866 -0.614233
VERTEX_POSE A3422 0.958021 0.124988 -0.639344 -0.197170 -0.305676 0.831740 0.401176 0.135227 0.309302 0.015472 -0.557012 -0.148422 0.539583 0.625811 -0.389577 0.328057 -0.133320 -0.196830 0.663361 -0.511896
VERTEX_POSE A3423 -0.771537 0.616767 -0.078037 0.400674 -0.178448 0.196810 -0.449514 0.695554 -0.710844 0.311240 0.559857 0.627464 0.429492 0.276244 -0.236111 0.073915 -0.349831 0.080668 0.714941 0.063816
VERTEX_POSE A3424 0.540736 0.724313 0.666368 -0.434173 0.333448 0.144349 0.298122 0.235854 -0.366754 0.569385 -0.140836 0.419572 -0.264227 0.665854 -0.742644 -0.572828 0.183324 -0.342189 0.434714 0.669006
VERTEX_POSE A3425 0.966041 -0.006135 -0.737819 0.934196 -0.155183 0.149795 -0.058749 -0.545168 -0.393470 -0.518123 -0.620134 0.462496 0.246201 -0.479677 -0.766141 0.524189 -0.129258 0.147878 0.626664 -0.267259
VERTEX_POSE A3426 0.638515 0.105700 -0.070120 -0.930908 -0.586420 0.621525 0.580714 -0.310163 -0.413494 0.274581 0.186116 0.227960 0.500978 0.573531 -0.080034 0.116105 -0.723261 0.619967 -0.568258 0.130821
VERTEX_POSE A3427 0.379014 0.573941 0.212263 0.828760 -0.990377 0.362635 -0.512173 -0.255158 0.740792 0.486566 0.234197 0.442496 0.024121 -0.674825 -0.044133 0.534536 0.126777 0.349246 -0.463272 0.639207
VERTEX_POSE A3428 -0.746309 -0.277491 0.693164 0.339266 0.658309 0.339981 -0.040465 0.312999 0.558662 -0.181503 -0.049318 -0.665121 0.296761 -0.063305 0.337159 0.685772 -0.626822 0.127463 0.638020 0.709003
VERTEX_POSE A3429 -0.352834 -0.986473 0.909188 0.574505 0.622419 -0.356962 -0.522527 -0.529646 -0.445166 -0.000522 0.535321 -0.377920 -0.611531 0.347926 -0.635717 0.423048 -0.461156 -0.356996 0.417164 0.314943
VERTEX_POSE A3430 0.939586 0.722291 -0.222829 0.371770 -0.547800 -0.633057 -0.113046 -0.053761 0.285678 -0.538876 0.752090 -0.183946 -0.713503 -0.263871 0.632718 0.113676 -0.213266 0.288891 -0.418121 -0.562459
VERTEX_POSE A3431 0.468204 0.157467 0.512659 0.733320 -0.322384 -0.443851 -0.578405 0.069294 -0.747535 0.221195 -0.436967 0.030232 -0.101487 -0.701479 0.242040 0.572368 -0.312579 -0.429756 0.527841 0.463120
VERTEX_POSE A3432 -0.194978 0.740430 -0.235053 0.400562 0.381552 0.591850 0.357473 -0.659322 0.426076 -0.449679 0.016387 -0.209410 0.065835 -0.518009 -0.416763 -0.620925 -0.534738 0.500630 -0.529263 0.103674
VERTEX_POSE A3433 0.629643 -0.910113 -0.441194 -0.804816 0.120090 -0.083560 0.496457 -0.519886 0.511173 -0.620771 -0.435220 -0.295609 -0.086891 0.516967 0.293725 -0.252096 0.448697 0.747035 0.545043 0.267802
VERTEX_POSE A3434 -0.328475 0.507781 -0.569876 0.903362 -0.311149 -0.116123 -0.583681 0.402684 -0.534418 -0.015515 -0.730245 0.385645 -0.582662 -0.511355 -0.740982 -0.239294 0.201279 -0.056002 0.512171 -0.050906
VERTEX_POSE A3435 -0.387283 0.355637 -0.883837 -0.079423 -0.149470 0.403251 0.535573 -0.565558 0.744506 -0.631767 -0.157904 0.410949 0.512943 0.194994 0.330197 0.086545 0.765429 -0.072043 -0.208404 -0.176938
VERTEX_POSE A3436 0.481119 0.979253 0.509667 -0.213657 0.568816 -0.606496 0.300235 -0.600081 -0.492927 0.097186 0.781184 0.571889 0.553424 0.015299 0.011196 0.671978 0.166248 0.249003 -0.377599 0.042206
VERTEX_POSE A3437 0.697621 0.744200 0.404675 -0.763402 0.499266 0.068600 0.187869 -0.115176 -0.227257 -0.699147 0.298199 0.679476 -0.018174 0.719111 0.692453 -0.182509 -0.581569 -0.049692 0.665026 0.206082
VERTEX_POSE A3438 -0.475892 -0.235314 -0.172392 0.303893 0.323818 0.382146 -0.256813 0.278366 0.451060 -0.654657 -0.018683 0.204478 0.525965 0.679174 -0.452157 0.038245 -0.318946 -0.635808 -0.476834 0.599299
VERTEX_POSE A3439 0.853202 -0.837854 -0.982459 0.320552 0.442740 0.478150 0.327776 -0.718725 0.141688 -0.489982 -0.353073 -0.500308 -0.566691 -0.456553 -0.588873 0.568179 -0.365997 -0.392705 0.092273 0.127982
VERTEX_POSE A3440 0.834479 0.417981 0.529473 0.737011 0.488720 0.346157 0.632731 0.122819 -0.504465 0.509208 -0.444491 0.723946 -0.149336 -0.227058 0.064537 0.415055 0.713881 -0.312133 -0.381821 0.475564
VERTEX_POSE A3441 -0.578502 -0.229967 -0.341566 -0.612238 0.815322 -0.544063 -0.422048 -0.343244 -0.141668 -0.496574 0.689894 -0.094413 -0.619656 -0.197466 0.589960 -0.291914 0.317693 -0.571804 0.325734 0.516051
VERTEX_POSE A3442 -0.759011 -0.864140 0.242200 -0.606855 0.273983 0.286673 0.731550 0.023243 -0.074358 0.220648 -0.655788 -0.189063 -0.301953 -0.680833 -0.854868 0.449487 0.073902 -0.381765 -0.350622 0.316871
VERTEX_POSE A3443 -0.576771 -0.327181 -0.541455 0.598017 0.429450 0.432716 -0.088982 -0.760464 -0.410365 -0.015482 -0.120484 0.302113 0.790408 -0.198946 -0.478094 -0.233795 -0.599027 0.569660 -0.558961 0.093627
VERTEX_POSE A3444 0.418521 -0.720149 -0.237485 -0.044768 0.477391 0.634277 -0.093944 -0.293587 -0.123823 0.679535 -0.549987 -0.075401 0.637695 0.618931 -0.753882 -0.279946 -0.164245 -0.091304 0.210671 -0.448630
VERTEX_POSE A3445 0.235360 -0.169205 0.232475 0.102449 0.345032 0.162585 0.075577 -0.540138 0.532295 0.708869 -0.287766 0.268629 0.280475 0.658804 0.422926 -0.530326 -0.318561 0.662722 -0.363154 0.299897
VERTEX_POSE A3446 -0.482510 0.092281 -0.081800 0.667773 -0.595715 0.585392 -0.027550 0.767240 -0.295070 0.676482 0.199757 -0.500785 -0.025219 0.128488 0.564915 0.379935 -0.571342 -0.018298 0.629782 0.168819
VERTEX_POSE A3447 -0.100847 0.830159 0.838713 0.188157 0.705979 -0.532310 -0.628140 0.276963 -0.370761 -0.040066 -0.811315 0.211164 -0.272126 -0.509721 0.042734 -0.631013 0.032760 0.729908 -0.362773 -0.064582
VERTEX_POSE A3448 0.369481 -0.468038 0.056619 -0.882863 -0.135018 0.336691 0.525735 0.270964 0.467210 -0.221878 -0.461831 0.109229 -0.691522 0.676107 0.487948 -0.351944 -0.363268 0.646784 0.268897 0.352430
VERTEX_POSE A3449 0.356105 -0.878185 -0.555383 0.467605 -0.542497 -0.494681 0.065774 0.316130 -0.290385 0.448149 -0.323529 0.287333 -0.380328 -0.724658 0.538751 -0.266526 0.519589 -0.546036 -0.761020 0.016987
VERTEX_POSE A3450 0.590102 -0.899656 -0.383564 -0.755866 -0.845159 -0.195638 -0.343694 -0.115145 0.148084 -0.419781 -0.831302 0.059521 -0.580135 0.518066 0.755019 0.403232 -0.036715 0.605145 -0.454428 0.161053
VERTEX_POSE A3451 -0.243167 -0.344366 0.128621 0.916173 -0.748551 0.429145 0.401747 0.010287 -0.638120 0.034370 -0.448559 0.197841 0.458546 0.355592 0.187424 -0.774307 0.354627 0.578246 -0.166142 -0.739245
VERTEX_POSE A3452 -0.683126 0.161361 -0.932205 -0.911897 -0.716071 -0.688889 -0.299963 0.364581 0.626633 -0.629993 0.308415 -0.137533 -0.582789 -0.776566 -0.308869 -0.185638 -0.022107 0.135821 0.372862 -0.410387
VERTEX_POSE A3453 0.548123 0.225332 -0.022908 0.046964 -0.150835 0.026779 -0.919059 0.384589 -0.716512 -0.229722 -0.507054 -0.184741 0.293757 0.642424 -0.622999 0.118416 0.277981 -0.252264 0.047353 0.324045
VERTEX_POSE A3454 -0.014704 -0.727599 -0.949416 0.316847 0.073001 -0.259505 -0.650983 -0.468813 0.065137 0.593129 -0.467454 0.776107 -0.189295 0.362510 -0.552751 -0.002855 0.648605 0.143311 -0.434256 -0.097972
VERTEX_POSE A3455 0.857610 -0.114326 0.734163 -0.346070 0.617377 0.674862 0.551621 0.457908 -0.086847 0.360141 -0.514338 0.311898 0.138035 -0.330385 0.284578 0.166910 -0.634795 0.598961 -0.720486 -0.116867
VERTEX_POSE A3456 0.514163 -0.780803 0.239274 -0.018840 0.693982 -0.690143 0.303790 -0.268910 0.274598 0.667525 -0.618414 -0.145460 0.643732 0.688283 0.626090 0.141917 0.056440 -0.187486 -0.166102 -0.261404
VERTEX_POSE A3457 -0.376189 0.378101 -0.019536 0.385938 0.486581 -0.608156 0.510343 -0.302539 0.067227 -0.612035 -0.278065 -0.410437 -0.272912 -0.646880 -0.418716 -0.538310 0.330087 -0.530892 -0.026561 0.551125
VERTEX_POSE A3458 0.236624 -0.540385 -0.053574 -0.517310 0.627000 0.620664 0.057827 -0.678839 -0.193485 0.263223 0.286412 -0.626306 0.318167 -0.424353 0.421523 0.336094 0.518734 -0.086012 -0.844500 0.089359
VERTEX_POSE A3459 0.767854 -0.058293 -0.067562 -0.679574 0.352290 -0.245288 0.326277 0.524281 0.190567 -0.819250 0.073255 -0.915930 -0.298087 -0.235288 0.194435 0.104969 -0.762119 0.163665 -0.349999 0.289098
VERTEX_POSE A3460 0.270977 0.391628 -0.110349 -0.039557 0.109000 0.561576 -0.397829 -0.554473 0.698558 0.524202 0.138616 0.119001 0.502692 0.222036 0.006943 -0.306543 0.662898 0.427129 -0.469337 0.429665
VERTEX_POSE A3461 0.176210 -0.818094 0.723597 0.854460 -0.920799 -0.302454 0.617984 0.245743 0.531454 0.131334 -0.742616 -0.456927 0.026136 -0.405145 -0.573200 -0.522433 -0.308889 -0.297887 0.572039 -0.358577
VERTEX_POSE A3462 0.236058 -0.900826 -0.554903 -0.946254 -0.970094 0.467181 -0.634973 0.381085 0.582083 0.130548 -0.354279 0.555733 0.583512 -0.026943 0.365976 -0.295867 0.090173 0.011965 0.389542 0.848766
VERTEX_POSE A3463 -0.924001 0.132057 0.654598 -0.638995 -0.509449 0.125786 0.068602 -0.771143 0.141415 0.369165 0.320009 -0.522956 0.751126 -0.263137 -0.275751 -0.479483 -0.411214 0.784001 0.254788 -0.254154
VERTEX_POSE A3464 -0.194147 -0.728207 -0.717597 -0.950356 0.199291 0.482804 -0.302297 -0.571787 0.399047 -0.674104 0.102292 0.537425 0.625712 -0.339242 0.548062 0.185297 0.723938 0.135881 -0.168372 0.153050
VERTEX_POSE A3465 0.907582 0.606955 -0.124779 0.957108 -0.281243 -0.310292 -0.385059 0.506223 -0.510371 -0.109194 -0.351358 0.082833 0.369417 0.757172 0.557816 -0.750861 0.060468 -0.570280 -0.373557 0.208134
VERTEX_POSE A3466 -0.311284 -0.512305 0.770761 0.281582 0.341082 0.603154 -0.305057 0.140744 -0.444526 -0.409778 -0.346440 0.408572 0.655819 -0.138993 0.519898 -0.493616 -0.408851 -0.037107 0.255473 -0.820788
VERTEX_POSE A3467 -0.713028 -0.748954 0.792070 -0.164012 -0.231894 -0.402874 -0.255982 -0.422338 -0.491562 0.161650 -0.086324 0.166726 -0.742398 0.532918 0.171188 -0.537328 -0.683416 0.734137 0.261659 -0.251236
VERTEX_POSE A3468 0.605204 0.351155 -0.720104 -0.806293 -0.781977 0.178586 0.656260 -0.032432 -0.160556 -0.594697 -0.547181 0.692933 -0.279868 0.346274 -0.634423 -0.107058 0.656208 0.244295 -0.354783 0.386040
VERTEX_POSE A3469 0.212824 0.252381 -0.401631 -0.414525 -0.335100 0.029332 -0.786962 0.036309 -0.449711 0.104059 -0.828669 -0.615405 -0.386619 0.283821 0.543822 -0.006988 -0.058829 -0.349906 0.469403 0.477467
VERTEX_POSE A3470 -0.859827 -0.586809 0.809611 -0.843460 -0.789153 -0.364069 -0.509420 -0.044351 0.482565 -0.209812 0.607431 -0.199004 -0.738150 -0.174112 -0.757865 0.340674 0.320334 0.143604 0.188535 -0.704366
VERTEX_POSE A3471 0.439683 -0.230864 0.809369 0.930718 0.706742 -0.024099 0.146872 -0.135005 -0.625665 -0.470725 -0.201129 -0.149825 -0.554892 0.708264 -0.765101 0.481868 0.019917 -0.011676 0.465558 0.662787
VERTEX_POSE A3472 0.634322 -0.977586 0.256803 -0.026763 -0.519778 -0.881866 0.073204 0.265626 -0.288844 -0.586981 -0.605872 -0.013694 -0.683957 0.165161 -0.229230 0.422811 -0.663275 0.293509 -0.059401 -0.308464
VERTEX_POSE A3473 -0.618838 -0.450949 0.051811 -0.450315 0.484829 -0.324881 0.427212 -0.361663 0.528560 0.727393 0.197639 0.181677 -0.494740 0.024471 -0.732964 0.208350 0.046120 0.211740 -0.014559 -0.909622
VERTEX_POSE A3474 0.862912 0.441955 -0.732087 0.528735 0.136192 -0.238555 0.361224 0.085763 -0.857319 -0.383281 0.315040 0.102155 -0.548598 -0.081052 0.118334 0.366423 0.814688 -0.428553 0.536086 -0.472343
VERTEX_POSE A3475 0.052843 -0.697735 -0.980681 0.928470 0.957613 -0.375489 -0.448375 0.390423 0.512339 0.164748 -0.474590 0.550429 0.303550 0.619313 -0.289913 0.176943 -0.453980 0.457707 -0.805212 -0.180797
VERTEX_POSE A3476 0.616522 0.379847 -0.715714 0.652134 -0.170138 -0.455271 -0.645042 -0.478454 -0.506506 0.720452 -0.122848 0.199045 -0.175313 0.528562 0.700151 0.161756 -0.590883 -0.079687 0.089275 -0.357028
VERTEX_POSE A3477 -0.619598 -0.465764 0.186113 0.196508 0.540477 0.534567 -0.684123 -0.305193 0.254230 -0.424030 0.477379 -0.522611 -0.376471 0.470839 -0.602746 -0.458736 -0.369711 0.114808 0.002280 0.566207
VERTEX_POSE A3478 0.951996 -0.867576 0.858031 0.116626 0.663591 0.694823 -0.215840 -0.353499 0.437765 0.214494 0.563301 0.508396 0.145202 -0.336905 0.205197 -0.627440 0.587759 -0.158148 -0.701884 -0.314267
VERTEX_POSE A3479 -0.013997 0.911808 0.340905 0.769271 0.694844 0.157727 -0.432296 0.500225 -0.797895 -0.362205 -0.051502 -0.492932 0.674295 0.067302 -0.290422 -0.445682 -0.014455 0.105633 -0.169179 -0.861617
VERTEX_POSE A3480 0.736507 -0.343949 0.630730 -0.335887 0.997980 0.575873 0.506703 0.443272 -0.617063 0.677134 -0.195319 -0.497490 -0.351372 0.732856 0.168923 -0.376935 -0.302071 0.107575 0.138562 0.370185
VERTEX_POSE A3481 0.542098 -0.767232 -0.525533 0.360761 0.818433 -0.312710 -0.023153 -0.152632 0.874514 0.333562 0.137870 -0.002530 0.464256 -0.743529 0.169643 -0.220124 -0.601828 -0.329625 0.790071 0.206550
VERTEX_POSE A3482 0.742836 -0.432558 -0.530475 0.685444 0.946293 0.595505 0.043948 0.442537 -0.117198 -0.641335 0.493824 -0.302995 -0.590608 -0.424051 -0.718190 0.437036 0.356613 0.155034 0.216657 -0.503296
VERTEX_POSE A3483 -0.946619 0.817412 0.698525 -0.247784 -0.718090 -0.125772 -0.009367 0.651369 0.553617 0.763440 0.074662 0.339299 -0.525924 -0.247793 -0.296894 -0.038428 0.571178 0.688781 -0.372826 0.427198
VERTEX_POSE A3484 0.090221 0.458100 0.451560 -0.592275 -0.332402 0.500490 0.674164 0.404262 -0.312225 0.359923 -0.596153 0.072877 0.352715 -0.541083 0.273078 -0.520516 -0.142161 0.756401 -0.143573 -0.410113
VERTEX_POSE A3485 -0.271868 -0.160157 -0.479891 0.002291 0.019293 -0.287648 -0.471397 0.204573 0.487941 0.268034 -0.591069 0.570020 0.322027 0.714884 0.380382 -0.348251 -0.292178 -0.457776 0.693515 -0.111175
VERTEX_POSE A3486 0.910991 -0.296914 0.432688 0.406146 0.899287 -0.659815 -0.674641 0.100239 -0.246428 0.577386 0.520653 0.193611 0.011337 -0.165218 0.579533 -0.436620 0.684857 0.361351 -0.143941 -0.471748
VERTEX_POSE A3487 -0.395616 0.677297 -0.309166 0.388885 -0.638421 -0.208711 0.529476 0.519092 -0.405669 -0.275226 -0.624682 0.126037 0.279964 -0.163151 -0.645165 -0.480972 0.472531 -0.599791 0.578093 -0.300687
VERTEX_POSE A3488 0.351942 -0.782056 0.500573 -0.611770 -0.494126 0.427501 0.605367 0.336468 -0.442593 -0.452421 0.639484 -0.030609 -0.108540 -0.484874 -0.402977 0.068955 -0.481779 -0.676777 0.642114 0.103131
VERTEX_POSE A3489 0.147615 0.162701 -0.620886 0.888836 0.526287 0.436158 -0.481355 -0.527772 -0.545456 -0.296027 -0.643414 0.524224 0.565173 -0.443307 -0.389727 0.599034 -0.328376 -0.292482 0.049028 0.055889
VERTEX_POSE A3490 -0.627762 -0.380996 0.623272 0.709311 0.713869 -0.558708 0.347612 0.669713 0.573345 -0.307694 0.696777 0.310825 0.664499 -0.182631 0.485658 0.147372 0.004051 -0.163233 -0.566756 -0.180598
VERTEX_POSE A3491 -0.377080 0.609572 -0.609776 0.348673 0.614874 -0.662002 -0.214126 0.037491 -0.363154 -0.192145 0.753230 0.127023 -0.228484 -0.298052 0.250324 0.705481 0.445711 -0.592516 0.606071 -0.379137
VERTEX_POSE A3492 -0.676176 0.344607 -0.897289 0.743296 0.605488 -0.212723 -0.450484 0.383550 -0.298510 0.237582 -0.650760 -0.224400 0.684457 0.621912 -0.766634 -0.386124 0.082652 0.477029 -0.350779 0.189196
VERTEX_POSE A3493 0.608296 -0.281823 -0.931632 0.763056 0.743775 -0.407402 -0.420171 -0.104066 -0.558130 -0.264154 0.413505 0.246644 0.549371 0.390015 0.439155 -0.376890 -0.526396 0.518482 -0.556619 0.623682
VERTEX_POSE A3494 -0.301081 -0.258371 -0.955178 0.709678 -0.894575 0.719630 -0.562122 -0.002346 0.355594 -0.056860 0.487395 0.558684 0.678054 -0.467688 0.093735 -0.272386 -0.342479 -0.186470 -0.383190 -0.653006
VERTEX_POSE A3495 0.129677 0.616400 -0.614887 0.792941 -0.195222 0.021128 -0.332624 0.152098 -0.802537 -0.473345 -0.189544 -0.310648 0.347976 -0.606067 -0.321360 0.734080 0.160274 0.394606 -0.073105 -0.740226
VERTEX_POSE A3496 0.515878 -0.674868 -0.056411 0.720165 -0.537468 -0.271962 -0.351819 0.676736 -0.738071 0.198746 -0.520981 -0.511898 -0.172047 0.245222 -0.230648 0.735520 0.445772 -0.257002 -0.515881 -0.108448
VERTEX_POSE A3497 0.387635 0.229324 0.815583 -0.008740 0.446507 0.719634 0.274537 0.086299 -0.631310 0.429149 0.434717 -0.189547 -0.659608 -0.273456 -0.132001 0.540838 -0.790091 -0.173845 -0.113459 -0.323345
VERTEX_POSE A3498 0.416649 0.867446 -0.822817 -0.371072 0.572885 0.471795 -0.768021 -0.199339 -0.221406 -0.191377 0.612662 0.661412 0.186200 0.660241 -0.358895 -0.581365 0.286210 0.402638 -0.029375 -0.258987
VERTEX_POSE A3499 0.121082 0.676287 0.223485 0.913871 -0.319445 0.009348 0.678023 -0.143091 -0.562770 0.311493 -0.579196 -0.799866 -0.331686 0.203889 -0.128038 0.011456 0.506925 -0.164387 0.577157 0.587803
VERTEX_POSE A3500 -0.399542 -0.518295 -0.586048 0.576735 -0.888593 -0.192952 -0.566540 -0.214323 -0.626948 -0.404378 0.599575 -0.407166 0.538532 0.138497 0.143628 -0.457935 -0.293376 0.619107 -0.125657 0.699518
VERTEX_POSE A3501 0.556822 -0.719363 0.986794 -0.214532 0.783732 -0.224128 -0.302508 0.285255 -0.577086 0.600444 -0.213933 0.093091 -0.040574 0.784356 -0.298501 -0.733866 -0.376792 -0.720395 -0.088041 0.340111
VERTEX_POSE A3502 -0.439235 -0.554577 0.032854 0.844589 -0.612703 0.479105 0.188802 0.443640 0.343788 -0.335686 -0.670112 -0.597984 0.514000 -0.046546 -0.539189 -0.554579 -0.050422 -0.062921 -0.529070 0.591122
VERTEX_POSE A3503 -0.765220 -0.495882 0.670756 -0.450028 -0.408372 -0.064089 0.528229 -0.490032 0.780680 -0.439222 -0.052875 0.265896 -0.090340 -0.326620 0.404760 0.587151 0.670485 -0.389744 -0.418511 0.448154
VERTEX_POSE A3504 0.937984 -0.170312 0.038605 0.335153 0.268561 -0.379610 0.560391 -0.215231 0.027433 -0.647573 0.350253 -0.322831 -0.442857 -0.419624 -0.586922 -0.249053 -0.386141 -0.637532 0.091992 0.711203
VERTEX_POSE A3505 -0.576323 0.887378 0.300767 0.373324 0.523489 0.406647 -0.121665 -0.203057 -0.018237 -0.882708 -0.120829 -0.051425 0.119302 0.800832 -0.350693 0.385619 -0.544120 -0.841829 -0.207579 0.082282
VERTEX_POSE A3506 0.287623 -0.193617 0.690074 -0.521558 -0.450759 -0.575263 0.340269 0.528811 0.321504 -0.677321 0.606650 0.478164 0.331730 -0.223649 0.527137 0.545385 0.507551 -0.243297 0.134027 0.211442
VERTEX_POSE A3507 0.554507 -0.790465 0.322890 -0.012713 -0.901577 0.639618 0.233775 0.188703 -0.498018 -0.181245 0.444229 0.069855 -0.751586 -0.563007 0.553676 -0.457390 0.420097 0.177287 0.372039 -0.523062
VERTEX_POSE A3508 -0.195922 -0.578387 -0.513119 -0.430168 0.063966 0.359051 0.397425 0.104620 0.400803 -0.229389 -0.504393 -0.036585 -0.796328 0.492206 0.567654 0.218562 0.639104 -0.621989 0.327911 0.289691
VERTEX_POSE A3509 0.239619 -0.061193 0.548105 0.595068 -0.787168 0.754014 -0.457363 -0.090887 0.228995 -0.067358 0.935443 0.082143 -0.574893 -0.258739 0.411271 0.377401 -0.204154 -0.450703 -0.559775 0.089783
VERTEX_POSE A3510 -0.459490 -0.878657 -0.336205 -0.243442 0.793266 -0.543237 0.562623 0.301818 0.748944 0.125214 -0.049034 -0.330441 -0.369054 -0.696069 0.094880 -0.225669 0.462639 -0.160568 -0.693289 0.456021
VERTEX_POSE A3511 -0.459415 0.077665 -0.882389 0.233945 0.061947 0.337908 -0.501075 0.636186 0.315394 0.522447 -0.210115 0.419157 0.490918 0.168312 0.380591 0.233265 0.445357 0.682497 -0.424924 -0.569602
VERTEX_POSE A3512 -0.218283 0.171574 -0.977427 -0.044171 -0.968735 -0.264762 0.452520 0.051319 0.756747 0.278289 0.278491 0.230291 0.709191 -0.244248 -0.473867 0.369881 0.675717 -0.282227 0.279317 -0.635263
VERTEX_POSE A3513 -0.716654 -0.311215 0.133320 -0.557997 0.739559 -0.654430 -0.308270 0.223333 0.601136 0.288776 0.336865 -0.261786 0.204054 0.688034 0.078215 0.039541 0.562452 -0.368384 0.882256 -0.216567
VERTEX_POSE A3514 -0.406034 -0.104923 0.816136 0.986161 0.343856 -0.892775 -0.043606 -0.378151 -0.079309 -0.355382 0.630832 0.221454 0.689791 -0.186597 0.036767 0.205773 -0.176812 -0.382452 0.594684 0.626875
VERTEX_POSE A3515 0.871938 -0.370326 0.474133 0.363554 -0.301138 -0.222114 -0.426808 0.420079 -0.615368 0.514657 0.511590 0.616578 -0.054118 0.444269 0.095459 0.574618 -0.440859 -0.427442 -0.468880 -0.412404
VERTEX_POSE A3516 0.011478 0.528629 0.653430 0.444294 -0.241148 0.385130 -0.631454 0.345424 0.556952 -0.068928 -0.732698 0.502072 -0.224908 0.184140 0.534834 0.719331 0.384961 -0.057931 -0.168799 0.402160
VERTEX_POSE A3517 -0.495043 0.598163 0.248824 0.392306 0.243143 0.222647 -0.510272 0.036743 -0.310156 -0.066864 -0.731268 -0.490004 0.643999 0.269331 0.171947 0.329837 -0.625558 -0.764566 -0.460026 -0.005948
VERTEX_POSE A3518 -0.523679 -0.693029 -0.835034 -0.247561 0.060442 -0.641740 0.468672 -0.527953 -0.086805 -0.642777 -0.033713 -0.097021 0.458196 0.760188 0.286580 0.049955 -0.253387 -0.699352 -0.393376 0.279352
VERTEX_POSE A3519 -0.636579 0.746572 0.154003 0.832523 0.264726 0.110679 0.273844 -0.448171 0.401321 0.492147 -0.404223 0.396365 -0.371539 0.434352 0.281000 -0.720806 -0.609685 0.768521 0.158739 0.274535
VERTEX_POSE A3520 0.652572 -0.239135 0.627938 0.281142 -0.230570 -0.404546 -0.685176 0.341255 0.331380 0.442288 0.693375 0.351796 0.030474 -0.586661 -0.664775 0.404624 -0.225546 -0.401053 0.412633 0.087940
VERTEX_POSE A3521 -0.151441 -0.074025 0.788238 -0.538251 -0.225689 0.220357 0.648183 0.292894 -0.594730 0.368166 0.327850 -0.266797 -0.615236 0.614029 0.352561 -0.256483 -0.253126 0.634239 0.003800 0.604668
VERTEX_POSE A3522 -0.013660 0.356144 0.544227 0.181196 -0.120400 0.371656 -0.466523 -0.020010 -0.249784 0.125646 0.340616 0.345801 -0.622837 0.465655 0.203489 -0.208562 -0.807686 -0.799058 -0.578917 -0.119952
VERTEX_POSE A3523 0.976396 -0.894528 0.730649 0.024438 -0.625082 -0.238515 -0.346426 -0.773058 0.750448 -0.137120 -0.287512 -0.578945 -0.177879 0.143223 0.115160 -0.902878 0.366011 -0.177479 -0.119824 -0.406498
VERTEX_POSE A3524 -0.543145 0.644152 0.856606 -0.775194 -0.481914 0.622712 -0.043331 0.178055 0.428791 0.678433 0.320171 -0.408723 0.701835 -0.036058 -0.199164 0.174092 -0.513007 0.470794 0.122358 -0.775442
VERTEX_POSE A3525 0.685259 -0.902227 0.589049 -0.109126 -0.014975 -0.248547 0.294257 0.183558 -0.208630 -0.679083 -0.511056 -0.330536 0.474218 -0.761866 0.656900 -0.239269 -0.254945 0.594916 0.412464 -0.244319
VERTEX_POSE A3526 0.106073 0.721872 -0.884238 -0.182621 0.179697 -0.424536 -0.383088 0.648558 0.252392 0.755767 0.161320 -0.150451 0.067094 -0.109419 0.301742 -0.461183 -0.556261 0.801488 -0.254691 0.481611
VERTEX_POSE A3527 0.972733 0.969284 -0.199805 0.944970 -0.019382 -0.444961 0.556890 -0.344547 0.292848 -0.034154 -0.696489 -0.703754 0.174792 0.076693 0.465868 0.796947 0.298592 -0.062825 -0.151758 0.548772
VERTEX_POSE A3528 0.072894 0.327097 0.404633 0.882134 -0.568468 0.083887 -0.621804 0.389267 0.250351 0.640581 -0.157915 0.533622 -0.425434 -0.663134 0.595566 0.117964 0.046315 -0.539292 -0.090037 -0.617772
VERTEX_POSE A3529 -0.477278 0.589317 -0.707055 0.446307 -0.247418 -0.381603 0.556386 0.638664 -0.403954 0.120093 -0.597045 0.461705 0.520059 -0.383709 -0.309674 -0.582169 0.012727 0.618167 -0.258127 0.297070
VERTEX_POSE A3530 0.093814 0.645571 -0.976320 0.858841 0.661173 0.792700 -0.270753 0.494289 -0.582887 -0.314208 0.746763 0.030774 0.693028 0.263472 -0.101575 -0.512350 -0.358538 -0.143540 0.291849 0.007465
VERTEX_POSE A3531 0.673352 0.808802 0.818585 0.458869 -0.457061 -0.381525 0.062227 0.198556 -0.700641 0.187990 0.239019 0.137501 0.542668 -0.694073 0.234530 0.792589 0.503836 -0.538172 0.195196 -0.409705
VERTEX_POSE A3532 -0.920456 0.869954 -0.720261 -0.768225 -0.463687 -0.438987 -0.785331 0.152525 -0.569750 0.438325 -0.300165 0.351348 -0.104181 -0.762299 -0.339907 -0.285099 -0.550714 -0.493653 0.314630 0.047445
VERTEX_POSE A3533 0.654579 -0.909006 0.056534 0.703430 -0.951530 0.466329 -0.055488 -0.797990 0.495562 0.151971 0.070823 0.245597 0.511558 -0.153453 -0.609621 0.601691 -0.385323 0.324038 0.591694 0.431478
VERTEX_POSE A3534 0.908132 -0.687080 0.489340 -0.991159 0.134567 0.487391 -0.500682 -0.343674 -0.548864 -0.160990 -0.098632 -0.190200 -0.739592 -0.249766 0.410103 -0.311536 0.758657 0.506791 0.281690 -0.483958
VERTEX_POSE A3535 -0.982472 -0.300358 0.318344 0.566928 0.804874 -0.485711 0.532609 -0.596665 0.092227 0.604761 0.084143 0.149319 0.020971 -0.412883 -0.505519 -0.576663 -0.341778 0.691182 -0.132710 -0.591292
VERTEX_POSE A3536 -0.921744 0.978371 -0.642699 0.076754 0.571959 0.554796 -0.452727 -0.041036 0.656395 -0.029609 -0.491276 0.396624 0.630722 0.321510 -0.001379 0.626088 -0.447825 -0.322545 -0.066068 -0.673089
VERTEX_POSE A3537 0.195756 0.119303 0.179414 -0.512718 0.683808 0.384308 -0.441955 -0.055922 -0.082977 0.262995 0.914047 -0.712398 -0.675683 0.107917 0.028876 0.150011 -0.229607 0.580584 -0.506417 0.311490
VERTEX_POSE A3538 0.572035 -0.090823 -0.358766 -0.445785 0.903297 0.748442 0.086444 0.158872 0.114601 -0.306254 0.519999 0.050216 0.869552 0.405057 -0.078941 -0.344207 0.700717 0.646488 -0.155361 -0.222005
VERTEX_POSE A3539 -0.117666 -0.600016 -0.155819 0.646586 -0.364074 0.443964 -0.746566 -0.292522 0.307944 0.085444 -0.012250 0.210984 0.348845 0.484558 -0.013335 0.477833 -0.823927 -0.814478 -0.292099 -0.025072
VERTEX_POSE A3540 -0.564625 -0.941891 -0.272480 -0.917649 0.896640 -0.251422 0.348436 0.514026 0.313958 0.493753 0.517622 0.450338 -0.053871 0.345360 -0.432337 0.695656 -0.325892 0.669700 0.384656 -0.492307
VERTEX_POSE A3541 -0.887455 0.030520 0.305029 0.310773 0.696563 -0.825311 0.224498 -0.485845 0.549862 0.151009 -0.760858 0.001607 -0.528304 -0.171107 0.058870 0.311739 -0.265843 -0.114215 -0.741964 -0.291718
VERTEX_POSE A3542 0.422919 0.477649 -0.038208 -0.119469 0.697873 0.136516 -0.518101 -0.684375 0.017610 -0.495963 0.621904 -0.235436 0.407244 -0.339798 -0.821800 -0.434012 -0.091351 0.500269 -0.362461 -0.145115
VERTEX_POSE A3543 0.217092 0.229684 -0.249908 0.038180 0.927905 0.085844 0.616763 0.520257 -0.223055 0.343305 -0.149268 0.171871 -0.202730 -0.605387 -0.618603 -0.554842 0.426668 -0.728470 0.390891 -0.398137
VERTEX_POSE A3544 -0.604109 0.719305 -0.561651 0.752776 0.436122 0.052121 -0.110395 0.594987 0.509109 0.364847 0.202746 -0.734299 0.328838 -0.248016 0.163735 -0.742804 -0.446946 0.414833 0.441370 -0.586184
VERTEX_POSE A3545 -0.983115 -0.627274 -0.222072 -0.133309 0.041729 0.703884 0.330671 0.273132 -0.343881 -0.092218 0.028506 -0.100140 -0.532302 0.825576 0.025778 -0.596099 -0.471777 -0.612863 0.493430 0.142961
VERTEX_POSE A3546 0.089029 0.859358 -0.775775 -0.598266 -0.373232 -0.663644 -0.006429 0.187814 0.487491 -0.463010 0.624606 0.384072 0.652971 0.287918 0.351453 0.262412 -0.536618 -0.225606 0.538842 0.451374
VERTEX_POSE A3547 0.407369 0.247934 -0.908221 0.197070 -0.805026 0.289073 0.160873 0.573759 -0.577798 0.174552 0.013910 -0.596076 -0.658206 0.257679 -0.387519 0.627686 0.459931 -0.277684 0.341213 -0.626635
VERTEX_POSE A3548 -0.478158 0.970889 -0.973248 -0.741002 -0.715128 0.538131 -0.234801 -0.105533 -0.467059 -0.665031 0.543928 0.490782 0.162307 0.598312 0.037788 -0.484734 -0.573571 -0.499976 0.491214 -0.077744
VERTEX_POSE A3549 0.565351 -0.833671 -0.610809 0.154172 0.687209 -0.062577 -0.451351 0.063082 0.801810 0.354389 -0.080147 0.386496 -0.598212 0.620102 0.157754 0.433381 0.503335 -0.422989 0.353574 0.593064
VERTEX_POSE A3550 0.770790 -0.005494 0.245782 0.029593 0.459700 0.364022 -0.346696 -0.732775 -0.274849 0.133345 -0.267145 0.047734 0.439785 -0.574389 0.501970 -0.571570 0.145953 0.733276 0.584737 0.201119
VERTEX_POSE A3551 -0.825586 -0.268246 0.654690 0.540140 0.054303 -0.431575 0.623460 -0.643936 -0.281680 -0.491508 -0.345753 -0.171939 -0.413833 -0.338155 0.393927 0.421635 0.015074 -0.741389 0.143819 0.592642
VERTEX_POSE A3552 -0.586090 0.092304 -0.822571 0.615922 -0.538480 -0.176540 -0.502755 -0.594454 -0.452946 -0.085062 -0.287515 0.629723 0.480504 -0.454666 -0.490748 0.530048 0.278682 0.355372 -0.477669 0.528749
VERTEX_POSE A3553 -0.242870 -0.649350 -0.209991 -0.789211 -0.660701 0.141306 0.574568 0.794455 0.504477 0.336132 -0.429202 -0.285279 0.033297 0.078266 0.690490 -0.606371 0.335489 -0.409115 -0.433696 0.256805
VERTEX_POSE A3554 -0.849190 -0.162775 0.385339 -0.435422 0.429221 -0.834035 -0.374749 -0.083845 -0.335407 0.284334 0.509927 0.151871 0.163867 -0.629387 0.247101 0.153991 0.550039 -0.328276 0.853318 -0.185131
VERTEX_POSE A3555 -0.129235 -0.263544 -0.965965 0.840727 -0.020393 -0.290434 -0.271070 -0.426461 -0.456545 -0.387753 -0.240070 0.681248 0.235783 -0.385917 0.288170 -0.563548 0.667611 0.400092 -0.634814 -0.407260
VERTEX_POSE A3556 -0.557611 -0.551577 -0.620942 0.101662 0.324324 0.409317 -0.394853 0.679390 -0.121677 0.688151 0.300244 0.568498 -0.208767 -0.534192 0.466374 0.525059 -0.236154 -0.526270 -0.226427 -0.327342
VERTEX_POSE A3557 0.256883 -0.440903 0.501101 0.381957 -0.391082 0.080745 0.300178 -0.445752 0.051254 -0.541800 -0.698976 0.309743 0.415285 -0.504550 -0.618044 -0.407968 -0.153493 -0.716194 0.526732 -0.186030
VERTEX_POSE A3558 -0.156502 -0.294260 -0.165770 0.785697 0.960225 -0.314966 0.292241 0.355992 0.639873 -0.201428 -0.242565 0.022614 0.336653 0.599565 0.594681 0.690550 0.006642 -0.370407 0.532754 -0.674470
VERTEX_POSE A3559 0.515282 0.775520 0.783690 -0.016204 0.755856 0.307571 -0.358685 0.260125 0.278254 -0.631831 -0.575692 -0.161742 -0.029827 0.549292 0.885775 0.221321 0.261953 -0.131214 -0.649817 0.480179
VERTEX_POSE A3560 0.779605 -0.851586 0.794046 -0.171736 0.361500 -0.398307 0.401925 -0.649820 -0.403057 -0.176182 0.616319 -0.673449 0.299028 0.131593 0.463452 0.724308 0.245680 -0.102840 0.439745 0.346712
VERTEX_POSE A3561 0.937312 -0.648689 -0.142090 0.644539 0.621398 0.242620 0.599754 0.536900 -0.245610 0.193469 -0.724183 -0.559208 -0.536839 0.409746 -0.310956 0.389730 -0.040352 0.686589 -0.403460 -0.133330
VERTEX_POSE A3562 0.188634 0.584322 0.602275 -0.557335 -0.701205 -0.105351 -0.221304 -0.744545 0.649220 0.441827 0.245643 -0.039031 -0.522408 0.453473 0.699212 -0.606999 -0.159021 0.277476 0.338312 -0.392921
VERTEX_POSE A3563 0.859148 -0.981632 -0.926215 0.060039 0.897813 0.370851 0.490884 0.602498 -0.815940 0.384049 -0.151500 0.236249 -0.183041 -0.441868 -0.127124 0.408438 0.191060 0.353182 0.641260 -0.618298
VERTEX_POSE A3564 0.591891 -0.557695 0.914444 0.347969 0.669868 -0.005820 -0.625624 0.762361 -0.520012 -0.493098 -0.277467 -0.629177 0.559438 0.460692 -0.572072 -0.134739 -0.222585 -0.080141 -0.185266 -0.282906
VERTEX_POSE A3565 0.096767 0.897242 0.091616 -0.548495 0.433362 -0.444276 -0.259037 -0.540692 -0.611134 -0.599269 0.240479 -0.253754 0.243140 0.692876 0.501144 -0.476858 -0.103451 -0.337043 0.535972 -0.398801
VERTEX_POSE A3566 0.876676 -0.281990 0.392129 -0.373033 0.702687 -0.355390 -0.483743 -0.243388 -0.521969 0.418981 -0.676599 0.424438 0.128082 -0.530835 0.537503 0.414768 -0.103598 -0.363579 0.634042 0.436414
VERTEX_POSE A3567 0.670146 -0.579324 -0.728255 -0.575276 0.241828 -0.442148 0.076851 -0.500518 0.605967 -0.444749 -0.391754 -0.300799 -0.120207 -0.693214 -0.241340 0.506152 0.048822 0.537200 0.725018 -0.336277
VERTEX_POSE A3568 -0.707478 0.016545 -0.728970 -0.061212 0.117170 0.169133 0.365981 0.628233 -0.473179 0.393763 -0.021414 0.338648 0.558262 0.304412 0.257260 0.566746 -0.714101 0.752749 -0.279554 -0.047515
VERTEX_POSE A3569 0.448711 0.627187 -0.966637 0.181183 0.605983 -0.318348 0.433865 -0.640278 0.086657 0.525107 0.440668 -0.144741 -0.527477 -0.421546 -0.709358 -0.342800 0.464971 -0.605810 0.374539 -0.044234
VERTEX_POSE A3570 -0.447520 -0.179339 0.115926 -0.928690 0.877753 0.420169 0.338866 0.131172 0.538055 -0.590393 -0.104812 0.017266 -0.004591 -0.970956 0.380714 -0.465550 0.156809 -0.623470 -0.565551 0.066811
VERTEX_POSE A3571 -0.272103 0.074654 -0.001450 0.021138 0.013810 -0.538789 -0.401874 -0.024121 -0.048851 0.087884 -0.641171 0.499564 -0.344927 -0.630580 0.629956 -0.361941 0.436348 0.246802 0.762101 -0.016949
VERTEX_POSE A3572 0.561255 -0.342293 0.338392 -0.508044 0.302546 0.326527 -0.215354 -0.570191 0.343410 -0.318790 -0.545740 0.346852 0.794621 -0.228892 -0.305724 -0.376104 -0.112308 -0.749451 0.281280 -0.558611
VERTEX_POSE A3573 0.975399 -0.701690 -0.922282 -0.048160 0.575626 0.604122 -0.626289 -0.333431 0.013897 0.024811 0.643338 0.460118 0.272075 -0.135735 0.249255 0.719861 -0.358178 -0.600838 -0.122153 -0.572908
VERTEX_POSE A3574 0.944989 -0.695662 0.748642 -0.940682 -0.058285 0.000968 0.226858 -0.546333 0.606498 0.524306 -0.364447 -0.761142 0.329620 -0.414473 -0.172661 0.676941 0.623463 0.151689 0.326712 0.090579
VERTEX_POSE A3575 0.957146 -0.622988 0.776741 -0.755268 -0.261332 0.139059 0.330309 -0.211603 -0.487358 0.615191 -0.463420 0.521428 -0.300188 -0.450522 0.302925 0.492424 0.680716 0.616031 0.424077 -0.272254
VERTEX_POSE A3576 0.992285 -0.328965 -0.144354 0.818531 -0.382645 0.471305 0.522846 -0.066476 -0.089612 -0.177270 -0.620108 0.216446 -0.617696 0.587624 -0.749085 0.388398 0.385791 -0.402323 -0.403493 -0.341921
VERTEX_POSE A3577 0.034019 -0.836305 0.972867 -0.538948 0.568483 -0.549485 -0.569337 -0.457238 0.340724 -0.197522 -0.541751 0.436548 -0.283828 -0.334600 -0.227821 -0.599815 0.519808 -0.582663 0.443288 -0.339533
VERTEX_POSE A3578 0.364515 0.624946 0.868521 0.441802 -0.066359 0.012654 0.179909 0.676539 -0.431928 -0.101148 0.526108 0.308386 0.269573 -0.336535 -0.830089 0.336143 -0.355314 0.170669 0.878488 0.161250
VERTEX_POSE A3579 -0.485873 -0.358076 -0.117602 -0.922471 -0.097773 -0.791708 0.163239 -0.278797 0.413752 0.418459 0.324019 0.183122 -0.518202 0.073587 -0.248936 0.494841 0.610133 0.326352 0.533709 -0.663029
VERTEX_POSE A3580 -0.400630 -0.669976 -0.637942 0.615224 0.255692 -0.485965 -0.278608 -0.357185 0.052904 0.636898 0.478988 0.172661 -0.130664 0.442519 0.730509 0.210099 -0.579713 -0.444504 0.674925 -0.333315
VERTEX_POSE A3581 0.135305 -0.380548 0.114302 -0.528605 -0.606659 0.664486 -0.136725 -0.243907 -0.705049 -0.220406 -0.477343 0.203779 -0.689992 -0.479466 0.069380 -0.087515 0.106487 0.122575 0.670060 -0.686604
VERTEX_POSE A3582 -0.311459 0.373678 -0.462912 0.617669 0.956530 0.228719 -0.420191 0.706688 -0.210337 -0.306637 0.389792 0.391191 -0.517541 -0.129481 -0.626856 0.234698 0.421164 0.597886 0.637559 0.393078
VERTEX_POSE A3583 0.013280 0.422328 -0.460513 0.231146 0.717213 0.197934 -0.518544 -0.258664 -0.039283 0.627958 -0.406927 0.676990 0.398529 0.540413 0.179883 -0.409701 0.371800 0.684548 -0.100500 -0.580707
VERTEX_POSE A3584 0.892435 -0.029898 0.904311 -0.317817 -0.267360 0.399490 0.155940 0.693329 0.046137 0.537574 -0.509274 -0.031333 0.824088 0.151686 -0.738430 0.021207 -0.019097 -0.540387 0.084415 0.486375
VERTEX_POSE A3585 -0.160649 -0.789097 0.922427 -0.817753 0.385751 0.602487 -0.387145 0.179101 0.310550 0.691602 -0.517327 0.230391 0.485153 0.814050 0.638105 -0.261894 -0.183973 0.283389 0.260469 -0.061420
VERTEX_POSE A3586 0.884045 -0.841216 -0.426478 0.071873 -0.303181 -0.303629 0.687256 0.070653 0.475800 -0.232653 0.220327 0.235125 -0.129000 0.771578 0.453545 -0.165815 -0.592532 0.648411 0.655299 0.006082
VERTEX_POSE A3587 -0.665177 0.418525 -0.716631 0.783846 -0.943036 0.164872 -0.359294 0.014943 0.660392 -0.261889 0.590841 0.327579 -0.267138 -0.773980 0.629052 0.664997 -0.181089 -0.183537 0.537344 0.137281
VERTEX_POSE A3588 -0.903766 -0.230000 0.423528 0.564204 0.994669 -0.077956 0.078963 0.820159 -0.684661 -0.670065 -0.160770 0.719832 -0.638351 -0.030232 0.014972 0.370156 -0.509101 0.082339 0.016420 -0.203455
VERTEX_POSE A3589 -0.272457 -0.135475 0.407753 -0.142429 -0.342956 0.273014 0.418399 0.031392 -0.613055 0.396902 -0.660965 -0.569920 -0.270080 0.508834 0.059752 -0.769704 -0.513877 0.470371 0.044989 -0.197883
VERTEX_POSE A3590 0.850106 0.194046 -0.932940 -0.232358 0.812821 -0.467368 0.280502 0.390272 0.108625 -0.177536 -0.572137 -0.180479 -0.522201 -0.409692 0.391568 -0.666869 0.588529 0.764113 0.415201 -0.078314
VERTEX_POSE A3591 0.875839 -0.081586 0.217574 -0.607532 0.356168 -0.195019 0.359015 -0.421903 -0.210750 -0.027247 0.082833 -0.311192 0.760253 -0.218513 0.732320 0.017248 -0.626936 -0.533309 -0.540449 -0.611833
VERTEX_POSE A3592 -0.335145 0.215836 -0.734337 -0.497890 -0.721558 0.515785 -0.321283 -0.083533 0.290640 0.651136 0.507695 0.580308 0.318994 -0.030229 0.306791 0.197891 -0.789870 -0.467563 0.576091 -0.332353
VERTEX_POSE A3593 0.038740 -0.221632 0.669335 0.210306 -0.888385 0.177734 0.591379 0.587434 0.082612 -0.398603 0.223612 -0.883066 0.366942 -0.089249 -0.154902 -0.296868 -0.397260 0.397222 0.518276 -0.662675
VERTEX_POSE A3594 0.734987 -0.063218 0.291359 0.452507 0.253981 0.490479 0.376026 -0.121501 0.472094 0.512411 -0.257516 -0.683348 0.436616 -0.561349 0.222267 -0.186613 -0.580598 0.142094 -0.608754 -0.516445
VERTEX_POSE A3595 -0.743254 0.658141 -0.819893 0.850079 0.948311 0.528976 -0.158055 0.046364 -0.347472 -0.041526 -0.808350 0.738778 -0.014315 -0.499610 -0.020366 -0.951108 0.113827 0.230740 0.261693 0.286099
VERTEX_POSE A3596 -0.864494 -0.324391 -0.239049 0.661812 0.544977 -0.278220 0.371261 0.033367 0.206884 -0.501414 -0.181177 0.266441 -0.424246 0.797065 0.652895 0.637617 0.241009 -0.618490 0.155594 0.522172
VERTEX_POSE A3597 0.611663 0.654792 -0.316512 -0.920526 -0.043332 0.603396 -0.379140 0.362708 -0.144426 -0.635994 0.262461 -0.069134 0.417901 0.878624 -0.664784 0.072393 0.098153 0.410289 0.521423 -0.133947
VERTEX_POSE A3598 0.926892 -0.921183 -0.548149 -0.725198 0.190138 0.126265 -0.631634 -0.558875 -0.653389 -0.237571 -0.021790 0.436072 0.398904 -0.603029 -0.461967 0.614593 -0.263593 -0.391877 -0.088032 -0.504042
VERTEX_POSE A3599 -0.571971 0.692154 0.031981 -0.399401 -0.337853 -0.299733 0.221679 0.624487 -0.176280 -0.331484 -0.538536 0.279418 0.772788 -0.063975 0.507031 0.227399 -0.382217 0.737517 -0.438253 0.412083
VERTEX_POSE A3600 0.060374 0.281979 -0.283149 0.260657 -0.437349 0.478108 0.488088 -0.247190 0.024420 0.655226 0.023349 -0.240144 -0.051408 0.738638 0.672828 -0.539099 -0.036135 -0.510343 -0.197937 -0.625668
VERTEX_POSE A3601 -0.520628 -0.100522 0.567777 -0.653888 0.067892 0.834805 -0.394129 -0.011643 0.147162 -0.056439 -0.557094 0.167140 0.827742 -0.168394 0.057436 0.033215 -0.745263 -0.500209 -0.393976 -0.325172
VERTEX_POSE A3602 0.155926 -0.233192 -0.969469 0.621738 0.675957 -0.483606 -0.597261 -0.171785 -0.265792 0.459095 0.462428 0.415854 0.429778 -0.526335 -0.720299 0.488024 -0.306629 -0.060949 -0.098155 -0.620968
VERTEX_POSE A3603 -0.378371 0.939685 -0.944757 0.752613 0.865197 0.185418 0.377384 -0.225080 -0.774967 -0.001268 -0.575676 0.016533 0.395424 0.355527 -0.397143 -0.539069 0.577362 0.455028 -0.640799 -0.397731
VERTEX_POSE A3604 -0.545228 0.197788 0.645495 0.297952 -0.356482 -0.235996 0.211616 0.674428 0.059409 -0.310644 0.524563 -0.727835 0.407352 0.125155 -0.021671 0.587764 -0.382197 -0.640752 -0.589336 -0.329001
VERTEX_POSE A3605 0.100915 0.071146 0.779173 0.681056 -0.382328 0.448010 -0.352490 0.146451 0.492354 0.625975 -0.502452 0.437859 0.241720 0.797841 -0.062635 -0.449210 -0.083106 -0.601025 0.472956 0.287466
VERTEX_POSE A3606 -0.421225 -0.683303 0.831984 0.997345 -0.396135 -0.408953 0.443442 -0.759074 0.426616 -0.419833 -0.287041 0.330700 -0.043100 -0.448450 0.361590 -0.276555 -0.349322 0.640817 0.740783 0.135209
VERTEX_POSE A3607 -0.552943 0.868823 -0.498858 0.116483 0.260872 0.732668 0.129784 0.250217 -0.595954 0.018860 -0.192227 0.261773 -0.759711 -0.551733 -0.188505 -0.464373 0.730627 0.063058 0.435887 -0.249429
VERTEX_POSE A3608 -0.865066 0.234841 0.752040 -0.857893 -0.813845 -0.416411 0.739419 0.520494 0.463850 0.136356 0.248802 -0.240124 0.410981 -0.673087 0.656801 0.299083 0.142686 -0.349854 -0.419894 0.440203
VERTEX_POSE A3609 0.943291 0.941643 0.700505 0.439147 0.537506 -0.029265 -0.359075 0.043098 -0.630696 -0.595642 0.313957 0.369312 -0.531136 -0.678341 -0.507111 -0.057239 -0.534504 -0.455865 0.480514 -0.392088
VERTEX_POSE A3610 -0.038816 -0.489253 0.383540 0.194012 -0.836900 -0.542852 -0.313001 -0.347396 0.209407 0.502646 0.507732 -0.719317 0.504020 0.053182 0.270059 -0.247282 -0.198903 0.266669 0.578094 -0.761008
VERTEX_POSE A3611 -0.265697 0.564865 -0.885903 0.757331 0.441848 0.294231 -0.591869 0.325748 -0.196175 0.176178 0.882444 0.582407 -0.126512 0.272010 -0.562200 -0.727699 -0.023699 0.468696 -0.270374 -0.201571
VERTEX_POSE A3612 0.078596 -0.438906 -0.185193 0.910541 0.930847 0.529320 -0.493036 0.553266 -0.283882 0.143998 0.664045 0.186473 -0.122720 -0.471687 -0.699311 -0.698783 -0.056738 -0.339740 0.482517 0.165022
VERTEX_POSE A3613 0.649725 0.884425 0.920628 -0.188319 -0.880371 -0.169063 0.568512 0.109378 -0.639743 0.135064 -0.602394 0.652060 0.526296 -0.519637 0.363157 -0.510618 -0.188230 0.071283 0.347611 0.565424
VERTEX_POSE A3614 0.747583 -0.012806 -0.346415 -0.011523 0.159060 0.663459 -0.599309 -0.211857 -0.189513 -0.549268 0.242129 0.311740 0.454965 0.484522 0.533658 0.350999 -0.423835 0.376742 -0.094550 0.694329
VERTEX_POSE A3615 -0.028969 0.531197 -0.280882 -0.407275 -0.336512 0.050944 0.675713 0.454338 -0.381798 -0.249730 0.822485 -0.382589 -0.151575 -0.016353 0.737032 -0.502427 0.318684 0.402547 0.453473 0.123565
VERTEX_POSE A3616 -0.510924 -0.904671 0.843055 -0.006073 0.505380 -0.652570 -0.268712 -0.205342 0.039393 -0.694426 -0.583338 -0.451437 -0.209044 0.537492 -0.446983 0.627167 -0.518807 0.411110 0.092349 -0.243913
VERTEX_POSE A3617 0.631628 0.145978 0.227107 -0.939649 0.855880 -0.508619 0.537246 0.393286 0.481096 -0.229759 0.335654 0.350153 0.415664 0.636387 0.517599 -0.004886 0.025631 -0.345453 -0.696977 0.571854
VERTEX_POSE A3618 0.305854 -0.050278 0.002488 -0.623430 -0.279548 0.427757 -0.289630 0.562948 0.563213 -0.406160 -0.188995 -0.085621 -0.566662 0.349849 -0.568624 -0.639588 -0.295035 0.411281 -0.144810 -0.661763
VERTEX_POSE A3619 -0.414689 -0.134671 0.266583 -0.441869 0.500049 0.467331 0.130061 -0.420284 0.582610 -0.611285 -0.055444 0.271735 0.640417 -0.467335 0.605796 0.175493 0.554381 0.036599 0.410467 0.542721
VERTEX_POSE A3620 -0.640829 -0.989497 -0.365140 -0.082078 -0.487076 -0.231335 0.506926 0.075030 -0.505475 -0.734643 -0.181074 0.344376 -0.418889 0.665034 0.671600 -0.166789 -0.631505 0.348336 0.006305 0.347152
VERTEX_POSE A3621 0.155959 -0.856232 0.069547 0.144212 -0.466727 0.240868 0.373538 0.103823 -0.701832 -0.041092 0.699879 -0.162321 0.863661 -0.062276 -0.288808 -0.314177 -0.366865 0.582801 -0.119011 0.600767
VERTEX_POSE A3622 -0.538850 0.783743 -0.515843 -0.049401 -0.143783 -0.035205 0.751285 0.182278 0.641189 0.217141 0.474663 -0.534656 0.534157 -0.033584 0.501106 0.260587 -0.262249 -0.225107 -0.187596 0.819492
VERTEX_POSE A3623 0.024025 0.226339 -0.099478 0.420031 -0.208634 -0.628586 0.716044 0.204681 0.357391 0.275743 -0.462434 -0.292825 0.133707 -0.781258 -0.329610 -0.279653 0.243280 0.531754 0.561394 0.273331
VERTEX_POSE A3624 -0.805301 -0.077865 -0.261117 -0.645482 -0.355112 0.524628 -0.129996 0.722031 -0.584274 -0.516752 0.412619 -0.305693 -0.292990 -0.324105 0.454607 -0.785239 -0.317714 0.288573 0.116728 -0.320048
VERTEX_POSE A3625 -0.803863 -0.279475 0.775515 -0.596894 -0.889801 0.422906 -0.184326 0.303760 -0.233252 -0.284173 0.538548 -0.699353 -0.466767 0.163561 -0.524769 0.645281 -0.144036 -0.047618 -0.501011 -0.755114
VERTEX_POSE A3626 0.280771 -0.115520 0.080629 0.270110 -0.260323 0.184367 -0.576256 0.496433 0.003915 0.337489 0.553655 0.512763 0.116938 0.510162 0.540266 -0.526111 -0.337984 -0.641234 -0.513385 0.269300
VERTEX_POSE A3627 -0.669795 0.597745 0.499833 -0.983670 -0.810135 0.825443 0.236182 0.174469 0.332825 -0.308121 -0.522239 -0.175203 -0.748361 0.097565 0.420843 -0.532570 0.127262 0.008135 0.074864 -0.819214
VERTEX_POSE A3628 0.807800 -0.624683 -0.540997 -0.517420 0.066867 0.514979 -0.582518 0.475785 -0.594233 -0.610370 0.160324 -0.456323 0.429488 0.603517 -0.206330 -0.189466 -0.619401 -0.361774 -0.260315 0.005949
VERTEX_POSE A3629 0.207663 -0.036703 0.532480 0.544912 0.929815 0.597295 -0.638845 0.001301 0.423928 0.515465 0.718258 -0.518915 -0.100947 0.157767 0.190767 -0.344674 0.186060 -0.397314 -0.444053 0.651609
VERTEX_POSE A3630 -0.241766 0.289899 -0.468186 -0.383071 -0.147988 0.702647 -0.217691 0.110372 -0.484373 -0.489707 0.274062 -0.115660 -0.759504 -0.385568 -0.005630 -0.142193 0.873563 -0.508194 0.340195 -0.030537
VERTEX_POSE A3631 -0.131827 0.657296 0.175854 0.743237 0.629518 -0.251117 -0.914457 0.239969 0.343029 -0.202536 -0.791785 -0.216561 0.246030 0.108578 0.394672 -0.249196 -0.152945 0.785243 -0.010861 0.529444
VERTEX_POSE A3632 0.687035 0.862775 0.100258 0.891024 -0.002293 0.283932 0.199263 0.808476 0.283909 -0.681749 -0.205908 0.282613 0.160451 -0.435662 0.628068 -0.393502 0.191317 0.603687 0.561181 -0.278504
VERTEX_POSE A3633 0.914160 -0.943293 -0.437655 -0.761333 -0.472031 -0.002420 0.211299 0.685693 -0.664263 0.729833 -0.093653 -0.498618 -0.448903 0.288214 -0.266318 -0.201021 -0.637645 0.489083 0.425174 -0.177186
VERTEX_POSE A3634 0.489802 0.596981 0.231096 0.495851 0.494715 -0.575092 -0.431938 0.040296 0.480187 0.502288 -0.073007 0.382847 -0.331967 0.787944 0.528041 -0.648243 -0.352261 -0.115284 0.175259 0.498100
VERTEX_POSE A3635 -0.858193 0.060563 -0.254247 0.188976 0.641225 0.578279 0.564194 0.390941 0.251511 -0.532333 0.746313 0.519654 0.229253 -0.306502 0.560236 -0.470594 -0.420543 0.135760 -0.352549 -0.139221
VERTEX_POSE A3636 0.015075 0.127852 -0.658482 0.919722 0.145641 0.217845 -0.217608 -0.707703 0.560127 0.818269 -0.085156 0.297760 -0.128533 0.701235 -0.514991 0.434388 0.013241 0.533783 -0.279050 -0.000211
VERTEX_POSE A3637 -0.931423 0.913678 0.063080 0.493196 -0.901419 0.350296 -0.526957 0.217551 -0.480902 -0.226917 -0.032894 0.125886 0.679855 0.631416 -0.703774 0.222529 -0.137623 0.367262 0.398877 -0.730728
VERTEX_POSE A3638 -0.411137 -0.070614 0.246895 -0.694540 -0.097903 -0.128180 0.489880 0.466355 0.404936 0.183949 0.399618 0.668908 -0.084804 0.412592 -0.556530 0.278641 0.458035 0.249866 0.800842 -0.492737
VERTEX_POSE A3639 0.150009 -0.637307 -0.906443 -0.938171 0.331796 -0.472514 0.217261 0.586775 -0.442814 -0.388986 0.159711 0.045202 0.649616 0.445438 -0.565181 0.499650 -0.652198 -0.509091 -0.360327 0.080070
VERTEX_POSE A3640 -0.988132 0.855321 -0.236415 -0.067657 0.636087 0.545622 -0.216275 -0.523056 0.564802 0.010393 0.070377 -0.117560 -0.572571 -0.551421 0.199249 0.767973 -0.444305 -0.574260 0.188408 -0.469028
VERTEX_POSE A3641 0.550047 0.440133 -0.369565 0.499472 0.065196 0.027138 0.709482 -0.359745 0.578287 -0.506164 0.093185 0.549575 0.485033 0.577612 0.470681 0.053264 -0.213339 -0.375864 0.048362 0.694803
VERTEX_POSE A3642 0.884312 0.927559 -0.792345 0.819161 -0.226356 0.309023 0.325482 0.267826 0.412220 0.543648 0.514787 0.247198 -0.553529 0.364051 -0.731759 0.425742 0.165966 -0.371485 -0.332953 0.709356
VERTEX_POSE A3643 0.090464 -0.583585 0.578392 -0.157116 0.566934 0.350346 -0.614574 -0.621624 0.191296 -0.260791 0.260274 0.755701 0.080355 0.520147 0.512665 0.488050 -0.474824 0.082180 -0.556450 0.223228
VERTEX_POSE A3644 0.199772 0.324558 -0.448937 -0.688847 0.184826 0.215553 -0.391485 -0.420127 0.347730 -0.645523 -0.270013 -0.249276 -0.628445 0.584453 -0.724205 -0.102972 -0.602585 0.495994 0.156502 -0.214224
VERTEX_POSE A3645 0.631895 -0.085248 -0.138761 -0.192362 0.932705 -0.594645 -0.444358 -0.141998 -0.526332 0.309324 0.784233 -0.135675 -0.615900 0.125042 -0.589124 0.259982 -0.569350 0.062428 -0.509844 0.158178
VERTEX_POSE A3646 -0.938506 0.947612 -0.702489 0.435609 -0.769578 -0.524125 0.581931 0.414714 0.535786 -0.252613 0.185006 0.397475 0.156507 0.415834 -0.321283 -0.632693 0.676182 0.420735 0.415630 0.404531
VERTEX_POSE A3647 0.688848 0.419887 -0.605882 0.305080 -0.309794 -0.569059 -0.456567 -0.632586 0.324862 0.501224 -0.749418 0.554485 -0.724365 -0.093729 0.506267 -0.059469 -0.143014 -0.082927 -0.109910 -0.094704
VERTEX_POSE A3648 0.263523 -0.939270 -0.911654 -0.132011 0.788584 0.226473 0.188134 -0.728094 0.653196 -0.072874 0.460507 0.353258 0.597220 -0.260141 -0.575507 0.011296 -0.111741 0.256992 -0.776206 -0.421489
VERTEX_POSE A3649 0.367348 -0.102666 0.299998 0.812179 -0.049126 -0.128840 -0.960328 -0.097654 -0.025624 -0.023064 -0.537518 -0.192443 0.008146 -0.662162 -0.717776 -0.073798 0.445923 0.656130 -0.267816 0.253439
VERTEX_POSE A3650 -0.725841 -0.714784 0.660701 0.863211 -0.809745 -0.035738 0.473274 -0.465699 0.745809 0.049530 0.261811 -0.289225 0.699227 -0.022571 -0.584102 -0.199335 0.524690 -0.132912 -0.494880 -0.662397
VERTEX_POSE A3651 0.622693 -0.928767 -0.276794 0.785910 -0.698492 0.485934 -0.269494 -0.535697 0.536243 0.111556 0.652515 0.501306 0.640894 -0.384666 -0.469778 0.588106 -0.173583 0.065671 0.397889 0.330384
VERTEX_POSE A3652 -0.476692 0.041102 -0.630454 -0.043609 0.484147 0.612214 -0.157271 0.268817 -0.702296 -0.263710 0.566888 -0.174576 -0.505026 -0.442610 0.211034 -0.806114 0.016203 -0.238668 0.029192 -0.640476
VERTEX_POSE A3653 -0.264691 -0.931041 -0.855142 -0.186190 0.046472 0.079957 0.497575 -0.422027 -0.575358 0.426723 -0.319265 -0.602964 -0.226972 0.519061 -0.168808 0.635660 0.479960 -0.520105 -0.338743 -0.469230
VERTEX_POSE A3654 -0.353282 0.297571 0.623728 0.205942 0.092875 0.642384 0.234169 0.189764 0.461373 0.239105 -0.132376 0.212849 0.238117 -0.853737 0.056660 0.675383 0.434950 0.570932 -0.612496 0.168577
VERTEX_POSE A3655 -0.281993 0.963237 0.108428 0.310909 -0.870966 -0.462955 0.339080 0.295034 -0.392629 0.518161 -0.642392 0.074632 -0.114010 -0.621367 -0.412949 -0.773397 -0.232706 -0.674847 -0.073436 0.245027
VERTEX_POSE A3656 -0.068554 -0.210516 0.920373 0.216916 0.156671 0.145289 0.606268 0.488497 -0.621783 0.562769 -0.212442 -0.533157 -0.438618 0.708280 0.185554 -0.310709 -0.215356 0.523059 0.163724 0.410123
VERTEX_POSE A3657 0.927489 -0.817948 -0.295643 -0.523948 0.832552 -0.543360 -0.186649 -0.532065 0.683639 -0.453488 0.041491 -0.425026 -0.592617 0.678940 0.136718 0.397451 0.331153 0.195088 -0.500348 -0.380215
VERTEX_POSE A3658 0.048212 0.560982 -0.391738 0.327239 -0.681101 0.162447 0.370936 -0.838792 0.454447 -0.522820 0.161489 0.170948 0.590690 0.408108 -0.295340 -0.483106 -0.299681 -0.806622 0.082221 0.118273
VERTEX_POSE A3659 -0.260755 0.164801 -0.620624 0.699497 -0.776462 -0.246445 -0.375762 -0.879297 0.307356 0.366652 -0.280631 0.892870 -0.195939 -0.185660 0.088300 -0.802903 0.335865 -0.199459 -0.203283 -0.028417
VERTEX_POSE A3660 0.135152 0.145349 -0.763162 -0.979036 0.762367 0.545285 0.660357 0.344471 0.187314 -0.007194 0.584619 -0.563413 0.506953 -0.029383 -0.187056 -0.473259 0.648924 -0.561386 0.287926 0.342922
VERTEX_POSE A3661 0.806446 -0.149120 0.140076 0.944168 0.170911 -0.719219 0.297920 -0.535761 -0.109788 -0.680215 -0.015635 -0.250703 -0.163410 -0.286677 -0.567965 0.151060 0.793564 -0.291949 -0.631688 0.028088
VERTEX_POSE A3662 0.607418 -0.177903 0.555230 0.442734 0.853056 -0.540253 -0.178838 0.193073 -0.255277 -0.466499 0.447438 -0.251925 0.853057 0.400876 -0.048282 -0.150258 0.624479 -0.759712 0.010599 -0.460267
VERTEX_POSE A3663 -0.177813 0.008124 0.337095 0.911988 -0.239926 -0.512371 -0.519767 -0.187315 -0.372215 0.047326 -0.118436 0.173874 0.404964 -0.873502 -0.307397 0.738749 0.389158 -0.688627 0.133631 -0.190882
VERTEX_POSE A3664 0.720606 -0.092413 0.702421 -0.817166 0.698880 -0.457623 0.587946 -0.536253 0.061876 -0.638161 -0.565294 0.150206 0.014656 0.504760 -0.697253 -0.067064 0.367155 -0.527286 -0.492299 0.057354
VERTEX_POSE A3665 0.097220 -0.580922 -0.213673 -0.061415 0.347771 0.536699 0.150829 0.751103 0.349020 0.106410 -0.507550 0.477812 -0.633809 0.033237 0.296722 0.747782 -0.090115 0.523250 -0.070962 -0.411110
VERTEX_POSE A3666 -0.036007 -0.931313 -0.917152 0.100965 -0.598702 0.283656 0.060266 0.783620 0.719026 0.240631 -0.249931 0.547381 -0.076392 0.203377 -0.318070 0.347892 0.505332 0.041787 -0.900889 0.163560
VERTEX_POSE A3667 -0.264319 -0.964561 -0.956061 -0.897444 -0.155479 -0.674359 0.051676 -0.624189 -0.235546 -0.599139 -0.233193 -0.027528 -0.136452 0.219595 -0.212454 -0.687085 0.430407 -0.666231 0.384261 0.567924
VERTEX_POSE A3668 0.165798 -0.667244 0.849407 -0.568220 0.446352 0.002006 0.658269 0.580402 0.567426 -0.417434 0.116939 -0.498862 -0.521574 0.112573 -0.378305 -0.259872 0.661345 -0.534832 0.229908 -0.446552
VERTEX_POSE A3669 0.552856 -0.001927 0.329743 0.406425 0.303395 -0.396764 -0.321070 -0.408443 -0.137140 0.350093 -0.486623 -0.773482 -0.242922 0.482964 0.014819 -0.648564 -0.510013 0.474634 -0.542865 0.320944
VERTEX_POSE A3670 0.885689 -0.601868 -0.862504 -0.835614 -0.823683 0.133787 -0.563994 -0.756723 0.570953 -0.056317 0.266093 0.235751 -0.632447 0.549173 -0.496240 0.103639 0.172279 -0.595214 -0.517695 0.159040
VERTEX_POSE A3671 0.177666 -0.811923 -0.387008 0.364123 0.082439 -0.427681 -0.323036 0.628042 0.323852 0.779291 0.431395 -0.204300 0.237290 -0.643266 -0.744521 0.479677 0.034124 0.340822 0.044237 0.067133
VERTEX_POSE A3672 0.102903 -0.561794 0.960178 -0.094103 -0.631408 0.613175 -0.209931 -0.691252 -0.330856 -0.428698 -0.373485 -0.121759 -0.813921 0.343218 0.491817 -0.319219 0.210776 -0.507781 -0.088193 -0.469525
VERTEX_POSE A3673 0.770001 -0.674309 -0.654850 0.983547 -0.050038 -0.105154 0.554424 -0.802295 0.801313 0.434713 0.099408 -0.438448 0.578861 0.439234 0.195056 0.301655 0.370335 -0.341403 0.278499 0.127931
VERTEX_POSE A3674 -0.731870 -0.395508 -0.808616 -0.792993 -0.350627 0.141716 0.414234 0.598789 -0.526487 -0.442721 0.687307 -0.325317 -0.010157 -0.221849 -0.680083 0.667145 -0.127749 0.366585 0.432693 0.321752
VERTEX_POSE A3675 -0.697325 0.762764 -0.488759 0.217049 0.553417 0.438990 -0.059695 0.549975 -0.009480 0.628739 -0.139248 -0.333933 -0.707961 -0.232165 0.760232 -0.140971 -0.634053 -0.343122 0.282917 -0.471395
VERTEX_POSE A3676 0.401896 0.240443 0.206390 -0.208815 -0.117334 0.506488 0.636509 -0.576381 0.383207 0.166162 0.540952 -0.640781 0.726186 0.244646 0.333040 0.092194 0.460905 -0.274056 -0.177201 -0.320734
VERTEX_POSE A3677 -0.670376 -0.447896 -0.511105 0.642616 -0.120205 0.377465 -0.677720 0.576067 0.242368 -0.380750 -0.312429 0.557611 0.035676 -0.183831 -0.302910 -0.579270 -0.633853 -0.629359 -0.242687 0.367385
VERTEX_POSE A3678 0.991524 0.182652 -0.094641 -0.477871 -0.756376 0.179108 -0.022860 0.955972 -0.596473 0.733040 0.175494 0.240293 0.419643 -0.234686 -0.301681 0.068254 -0.001309 0.680726 0.530444 -0.015492
VERTEX_POSE A3679 -0.334582 0.301173 0.294736 0.659174 -0.328749 0.041717 0.396998 -0.674590 0.069608 0.014117 -0.605257 -0.613222 0.674066 0.085177 -0.511948 -0.605984 -0.392466 -0.596056 -0.143569 0.131560
VERTEX_POSE A3680 0.696972 0.449438 0.788893 0.454795 0.830669 0.472264 -0.540698 -0.259444 0.481458 0.208236 0.318859 -0.423694 0.239412 0.504048 -0.260759 -0.772507 0.498654 0.545576 0.100983 0.572972
VERTEX_POSE A3681 -0.734317 0.467868 -0.433940 -0.614659 -0.566121 -0.629055 0.363389 0.503574 -0.048510 -0.183055 0.648364 0.509095 0.520063 0.030745 0.537491 -0.366777 0.540936 -0.232083 -0.655323 -0.180226
VERTEX_POSE A3682 -0.711888 0.372405 -0.982058 0.445084 -0.027241 0.128535 -0.187392 -0.433105 -0.420893 0.239244 -0.604379 -0.693976 -0.408859 -0.202436 -0.211355 -0.652522 0.432249 0.529202 -0.560977 -0.468323
VERTEX_POSE A3683 -0.779720 -0.509461 -0.841561 -0.588814 0.314815 0.436917 0.564718 0.474741 0.203247 -0.031611 0.642695 0.470416 0.458067 -0.535633 -0.562241 0.663845 -0.071940 -0.479989 0.171985 0.263601
VERTEX_POSE A3684 0.000992 0.536827 -0.289082 0.199151 0.480351 0.783952 0.283672 -0.387883 -0.219869 0.430237 0.555093 0.392377 0.454077 0.528759 0.384441 -0.699656 0.470989 0.187943 -0.196778 0.200005
VERTEX_POSE A3685 -0.065170 -0.330023 0.641670 -0.348974 -0.934367 0.607985 0.238187 0.472193 -0.569216 -0.422493 0.158431 0.307212 -0.584491 0.429126 0.450475 -0.534865 -0.648913 0.095084 0.370211 -0.383010
VERTEX_POSE A3686 -0.061713 -0.546224 0.266868 0.722095 0.443850 0.587131 -0.286634 0.682325 -0.081695 -0.498543 -0.181467 -0.278186 -0.112940 0.559613 -0.708521 0.159299 0.414436 -0.263087 -0.794459 -0.128757
VERTEX_POSE A3687 0.932437 -0.673689 -0.368709 -0.583933 -0.362978 -0.702303 0.301663 0.605263 0.194455 0.694646 0.127119 -0.496132 -0.340336 -0.239339 0.465573 -0.106332 0.513955 0.077799 -0.547111 0.544119
VERTEX_POSE A3688 -0.137681 -0.147972 -0.653973 0.127078 0.898185 0.526403 0.434599 -0.460145 0.305618 -0.574281 0.441078 -0.072220 0.462575 0.695763 -0.701106 0.260435 -0.055240 0.364324 0.446680 0.326464
VERTEX_POSE A3689 0.986499 -0.985242 0.875129 0.049334 0.762749 0.684452 0.166114 -0.671232 -0.585359 0.270456 -0.291857 0.336717 -0.443139 0.467099 0.015726 0.492712 0.160303 -0.274325 -0.678322 -0.469456
VERTEX_POSE A3690 -0.328317 0.491112 0.010668 -0.884436 -0.139440 0.673365 0.170748 -0.383893 -0.380168 0.151835 0.378917 -0.206382 -0.782781 -0.022494 0.501135 -0.058409 0.838963 -0.329123 0.575877 0.068437
VERTEX_POSE A3691 0.997471 0.997377 -0.417135 0.148042 0.660552 0.163868 -0.325566 0.926803 0.496434 -0.485721 -0.247750 -0.191007 -0.554497 -0.233421 0.428622 -0.351395 -0.158460 -0.711688 -0.476588 0.007795
VERTEX_POSE A3692 0.792944 -0.134362 0.015205 -0.006499 -0.066340 0.422896 -0.453029 -0.240880 0.383804 0.327545 0.502262 0.706389 -0.351320 0.072263 -0.191871 -0.352430 -0.514634 -0.371555 -0.663209 0.647796
VERTEX_POSE A3693 -0.720899 -0.686792 -0.434102 0.558298 -0.286385 0.794983 0.468948 -0.321951 0.436258 -0.546353 -0.170293 -0.019370 -0.530777 -0.448376 -0.323598 0.081247 -0.771373 0.269427 -0.439615 0.267003
VERTEX_POSE A3694 -0.180342 0.005501 0.919960 0.060030 -0.579374 0.178127 0.605486 0.152765 -0.297972 0.099697 -0.418886 0.301583 0.535341 -0.653860 -0.667890 -0.135703 -0.439698 -0.585196 0.564307 0.424652
VERTEX_POSE A3695 0.513550 0.773225 -0.282374 0.176336 -0.367460 -0.571827 0.206908 -0.599290 -0.680268 0.139444 0.417643 0.366086 0.407857 -0.488737 -0.193972 -0.765467 -0.444185 0.196483 -0.430648 0.173957
VERTEX_POSE A3696 0.376321 -0.267714 0.352225 -0.503117 -0.938614 -0.696336 0.086635 -0.120648 0.297836 -0.373114 0.499320 -0.045052 -0.720426 0.193328 0.383073 -0.309157 -0.818466 0.526911 0.488558 0.169887
VERTEX_POSE A3697 0.783651 0.074188 -0.997192 -0.839005 -0.178076 0.445490 0.632783 -0.576535 -0.569259 0.615820 0.228895 -0.534223 -0.148138 -0.741366 -0.320359 -0.286064 -0.159358 -0.299096 0.341428 0.200488
VERTEX_POSE A3698 -0.750769 0.808664 -0.238435 0.278892 0.477061 0.105143 0.103423 -0.477681 0.653951 -0.519017 -0.268371 0.320441 0.474387 0.592035 0.004909 -0.651497 0.588982 -0.677191 -0.265395 -0.048911
VERTEX_POSE A3699 -0.457881 0.065042 0.201632 -0.071337 0.507738 0.772348 -0.610528 -0.088727 -0.103483 -0.293778 0.580517 0.034537 0.169391 -0.677977 0.311937 0.492795 0.441332 0.542470 0.519047 0.026451
VERTEX_POSE A3700 0.336507 -0.927739 0.332551 0.567420 -0.874681 0.481784 -0.209622 0.618981 0.380846 0.214585 -0.119430 -0.314895 -0.736518 -0.352488 0.324470 0.342227 -0.650031 -0.646839 0.500433 0.236244
VERTEX_POSE A3701 -0.865080 -0.793204 -0.100940 0.443278 0.653379 -0.578156 0.228441 -0.493362 -0.180897 -0.164462 0.559700 0.697777 0.075030 -0.487261 -0.374309 0.064205 -0.359412 0.077532 0.954471 0.277000
VERTEX_POSE A3702 0.719784 0.253119 0.814624 -0.707214 -0.409824 -0.373044 -0.272147 0.320581 -0.132599 -0.540783 -0.372525 -0.796114 0.358257 -0.467738 -0.037318 0.645114 0.374837 -0.456142 -0.298279 0.631799
VERTEX_POSE A3703 -0.560589 -0.489533 0.292728 -0.526683 -0.506089 0.323777 -0.154815 0.191213 -0.610636 0.282484 -0.591549 0.465217 0.770881 -0.235785 0.463458 0.062073 -0.209453 -0.301782 0.546007 0.716968
VERTEX_POSE A3704 0.904921 -0.467514 0.244211 0.426825 -0.396660 0.478471 -0.664855 -0.299126 -0.205093 -0.585568 0.014881 0.504969 0.267787 -0.633799 0.554942 0.291021 0.413439 0.407490 -0.242230 0.581092
VERTEX_POSE A3705 0.987914 0.857611 -0.993992 -0.500207 0.239549 0.132995 -0.567424 -0.446681 0.066121 -0.525559 -0.359129 -0.828160 0.038029 -0.033539 -0.520623 -0.407151 0.119336 -0.145065 0.484355 -0.810022
VERTEX_POSE A3706 -0.257914 -0.726768 0.803969 0.690366 -0.952672 0.621800 -0.117026 0.470847 0.158830 0.799594 0.024467 -0.751127 0.153826 0.492402 0.001797 0.412398 -0.552590 0.154737 0.391434 0.479468
VERTEX_POSE A3707 0.306817 0.772929 -0.549400 -0.781990 0.486007 -0.588123 -0.197564 -0.333698 -0.365220 -0.221728 -0.384189 0.567339 -0.405825 -0.684907 0.194416 -0.742683 0.508273 -0.401316 -0.442192 0.116643
VERTEX_POSE A3708 -0.682462 -0.590285 -0.505097 -0.857591 -0.880656 -0.284531 0.329030 0.514249 -0.444268 0.582075 0.270002 0.801799 0.594342 0.056937 0.155495 -0.294598 0.605251 0.233683 -0.336001 0.541365
VERTEX_POSE A3709 -0.266391 0.455883 -0.290672 -0.787505 -0.709048 0.032422 0.397060 -0.513424 -0.687535 -0.358713 -0.525987 0.568261 -0.573640 -0.509622 0.301864 -0.348796 0.237220 -0.334966 -0.512783 0.379139
VERTEX_POSE A3710 0.972235 0.074101 0.745336 0.877184 -0.842743 0.507516 0.554593 0.305768 0.611077 -0.562767 0.472334 0.381421 -0.387238 -0.727645 0.203556 0.343012 -0.308407 -0.426725 -0.328801 0.242539
VERTEX_POSE A3711 -0.985490 0.859153 -0.716203 0.597204 0.950013 0.394479 -0.435376 0.416083 0.045777 -0.276932 -0.642424 -0.720595 -0.275781 0.486689 0.498325 -0.411880 0.245949 0.273325 0.698610 0.341773
VERTEX_POSE A3712 -0.000708 -0.076249 0.275388 -0.402164 -0.275169 -0.469084 -0.335362 -0.018153 -0.489369 0.696067 -0.520202 -0.137666 -0.085227 -0.119773 -0.637571 0.063798 0.694746 -0.339159 -0.625851 -0.481707
VERTEX_POSE A3713 -0.739653 -0.553494 0.763278 0.322268 0.130016 0.141280 -0.778748 0.605844 -0.355308 0.406494 0.590401 0.490404 -0.182725 -0.336293 -0.438409 -0.209761 -0.051616 -0.648920 -0.388491 -0.410638
VERTEX_POSE A3714 -0.765210 -0.650307 -0.557764 -0.991611 0.264828 -0.516684 0.711703 0.421172 -0.037378 -0.325995 0.617088 -0.364145 -0.358120 -0.249434 0.099010 -0.376907 0.604867 -0.767617 -0.341904 -0.117195
VERTEX_POSE A3715 -0.999716 -0.539423 0.986306 0.796987 -0.794818 0.581586 -0.123995 -0.586320 -0.531322 0.634629 -0.304477 -0.207010 -0.566808 -0.062693 -0.456890 -0.343505 -0.651522 0.357565 0.377629 -0.367574
VERTEX_POSE A3716 0.195177 0.116483 0.404947 0.973294 0.195649 -0.311527 -0.154913 -0.212623 0.327975 -0.484009 -0.722038 -0.617460 -0.292645 0.263276 0.510427 0.402251 0.221757 0.391906 -0.703058 0.561215
VERTEX_POSE A3717 0.173077 -0.196531 0.709103 0.730484 -0.291322 0.574616 -0.214981 -0.256181 -0.490405 -0.377435 -0.509779 0.437000 -0.710360 -0.028254 -0.452928 -0.553716 0.470326 0.182225 -0.010594 0.672675
VERTEX_POSE A3718 0.932722 -0.213112 -0.382402 -0.786946 -0.157796 -0.093028 0.518496 -0.657225 -0.113038 0.156876 -0.516330 0.664293 -0.311525 -0.392729 0.158526 -0.589443 -0.282126 -0.715648 -0.511919 -0.260053
VERTEX_POSE A3719 -0.942504 0.968511 0.750974 0.100371 0.093834 -0.222326 -0.313528 0.747990 -0.512175 0.372734 0.385401 0.212076 0.594556 -0.093570 0.257692 0.603838 0.374818 -0.759518 0.211312 -0.377801
VERTEX_POSE A3720 0.159575 -0.181773 0.584233 -0.220182 -0.528573 -0.356964 0.730472 0.049375 -0.597224 0.075932 0.496170 0.615033 0.431446 0.029793 -0.262532 0.284241 -0.804038 0.262131 0.440121 0.322511
VERTEX_POSE A3721 -0.395596 -0.722001 0.628266 -0.671382 0.702763 0.807319 0.304583 0.449469 0.394260 -0.676255 0.063438 -0.206551 0.559439 0.334462 0.306975 0.208449 -0.695663 -0.236427 -0.305754 0.445131
VERTEX_POSE A3722 -0.945033 0.965888 -0.666161 -0.751587 -0.245614 0.368695 -0.866343 -0.152447 0.392576 0.118772 -0.676300 -0.446358 0.092157 -0.395938 0.117637 -0.109265 0.592631 0.704893 0.463586 0.106769
VERTEX_POSE A3723 -0.047480 0.683865 -0.400562 0.773319 0.405087 -0.358719 0.367455 -0.387267 0.709599 0.024181 -0.673987 -0.024580 -0.641678 -0.264846 0.104858 0.671088 -0.057323 -0.596817 -0.047775 -0.567747
VERTEX_POSE A3724 -0.116495 -0.408792 -0.805836 0.886916 -0.583622 0.506102 0.029208 -0.778616 0.039893 -0.862547 -0.207479 0.648289 0.084294 0.208947 0.400610 0.306440 0.124527 -0.401874 0.392616 -0.539948
VERTEX_POSE A3725 -0.125375 -0.028611 -0.746201 0.308443 0.175012 0.290779 -0.558666 0.378171 0.200516 -0.646821 0.004680 -0.619131 0.083136 0.314545 0.583828 0.491086 0.577412 -0.388668 -0.146419 0.651630
VERTEX_POSE A3726 -0.533930 0.457090 0.317064 -0.050345 -0.962372 0.290790 0.007061 0.658162 0.094819 0.852446 0.096683 0.724791 0.080240 -0.618588 0.311627 0.284633 0.303719 -0.532933 0.431082 -0.287364
VERTEX_POSE A3727 -0.740174 0.323494 0.546388 -0.616202 -0.522235 0.712394 -0.115807 0.001427 0.332510 0.465771 -0.586446 -0.557785 0.368243 -0.376959 0.013374 0.644120 0.710332 -0.265759 -0.468138 0.097005
VERTEX_POSE A3728 -0.341725 -0.954422 -0.743393 0.469438 0.996936 -0.437258 0.762884 -0.449636 -0.533283 -0.458639 -0.208161 0.518637 0.084307 -0.081257 -0.083197 0.418050 0.764107 -0.498506 -0.160576 0.405012
VERTEX_POSE A3729 -0.284699 0.265753 -0.921371 -0.771453 0.514689 0.332865 -0.672120 -0.471142 -0.139420 -0.165380 -0.578199 -0.829690 -0.183458 -0.179599 0.107021 -0.638007 0.555461 -0.412219 -0.283185 0.320808
VERTEX_POSE A3730 -0.198055 -0.611463 -0.251980 0.312461 0.985502 -0.074826 -0.139433 -0.612110 -0.600044 -0.254660 0.289562 -0.392941 -0.301453 -0.631484 0.580319 0.102947 -0.328604 0.378385 -0.902350 0.186338
VERTEX_POSE A3731 0.994783 -0.882161 0.589158 0.036858 -0.877745 -0.324144 -0.497393 0.260152 0.574556 -0.660133 0.285691 0.484650 -0.178662 -0.563385 -0.551761 -0.492788 -0.142981 0.159654 0.205095 0.716140
VERTEX_POSE A3732 -0.149779 0.472549 -0.022310 0.671825 0.168067 0.306942 0.594166 0.670555 -0.516644 0.552402 -0.395461 0.409952 0.421773 -0.209896 -0.264811 0.400807 -0.146241 -0.632993 -0.057270 0.573170
VERTEX_POSE A3733 -0.478271 0.641656 -0.437357 0.605247 -0.424321 0.345173 0.445383 0.587861 -0.465212 0.626986 0.030474 -0.513810 -0.405750 0.740984 -0.372090 -0.323609 -0.268414 0.511842 -0.373051 0.179967
VERTEX_POSE A3734 -0.565807 -0.371694 -0.118114 0.510174 -0.383834 0.600991 0.566610 -0.149658 -0.253166 0.089876 0.341204 0.362232 -0.266228 0.852725 -0.202914 0.767667 0.353320 0.634296 -0.103370 -0.095959
VERTEX_POSE A3735 -0.244858 -0.994965 -0.778100 0.098650 0.771408 0.646526 -0.344717 0.632249 0.094972 -0.506830 -0.479015 -0.268613 0.226735 0.029595 0.578789 0.725419 -0.213097 -0.407228 0.215990 0.569667
VERTEX_POSE A3736 -0.490357 0.499267 -0.431348 -0.894959 0.815228 0.222954 -0.530398 -0.294313 -0.243414 -0.658745 0.618754 -0.642474 0.046701 -0.496229 0.472422 -0.399933 -0.475343 -0.505061 -0.350152 -0.241515
VERTEX_POSE A3737 0.176279 -0.098462 -0.314145 0.200540 -0.336506 0.458596 -0.472527 0.487530 0.395694 0.668334 0.452406 -0.621617 0.306185 0.536510 0.111606 0.446773 -0.518909 -0.483996 -0.191553 0.023091
VERTEX_POSE A3738 -0.938041 0.777964 -0.327499 0.316660 0.257415 -0.764766 -0.268932 0.445537 0.106367 -0.715562 -0.551570 -0.097937 -0.115014 0.163212 0.055393 -0.610866 0.239177 0.625426 -0.171058 0.642980
VERTEX_POSE A3739 -0.172819 0.908983 0.063555 -0.752551 0.934572 -0.376007 -0.545258 0.428761 -0.601767 0.072648 -0.251696 0.508614 -0.086578 0.594165 -0.280114 0.788927 0.508484 0.399179 0.259834 -0.375800
VERTEX_POSE A3740 0.909889 -0.642579 0.395183 0.413036 -0.045554 -0.245118 -0.327213 -0.685240 -0.739483 -0.291407 0.527253 -0.596499 0.453626 -0.233266 -0.099339 0.722931 -0.118648 -0.165538 -0.282149 -0.428905
VERTEX_POSE A3741 -0.965806 -0.147935 -0.582163 0.193843 0.414672 -0.128401 0.314400 -0.341560 -0.718676 -0.399953 0.325428 -0.245290 0.437774 0.676667 0.178181 0.618857 0.242059 0.612456 -0.408118 0.510844
VERTEX_POSE A3742 -0.158308 0.768136 0.347351 0.844653 0.884585 -0.193179 0.425712 -0.568624 0.436245 -0.423357 0.365309 -0.386794 -0.133104 0.229925 -0.585871 -0.698303 -0.273869 0.528694 -0.366324 -0.644474
VERTEX_POSE A3743 -0.090819 0.281172 -0.329429 -0.989128 0.679277 -0.447589 0.163424 -0.583686 0.791892 -0.013733 0.037569 0.393279 0.023647 -0.794498 -0.133671 -0.593494 -0.161565 0.005854 -0.787597 -0.023875
VERTEX_POSE A3744 -0.705459 0.298571 -0.818885 -0.483889 -0.455312 -0.690621 0.370522 0.537217 -0.100554 0.581534 -0.596126 -0.100610 -0.631567 0.028820 0.291650 0.124477 -0.181513 -0.646336 -0.331903 -0.567674
VERTEX_POSE A3745 0.076482 -0.882172 0.789587 0.853042 0.149413 -0.277853 0.417255 0.041711 -0.511516 -0.014851 -0.223097 -0.622801 -0.134671 -0.523120 -0.470611 0.348562 0.712022 -0.227583 -0.828279 0.409705
VERTEX_POSE A3746 -0.090535 0.741749 -0.343123 0.807859 0.884458 -0.403645 -0.701079 -0.032162 -0.330180 -0.283745 -0.623941 0.561788 -0.242619 0.029034 0.642054 -0.385056 -0.350657 -0.014584 -0.469942 0.697036
VERTEX_POSE A3747 0.489718 -0.584946 0.586062 -0.510595 0.740338 -0.243196 0.474050 0.348930 -0.302563 -0.496016 -0.179004 -0.428671 0.536563 -0.709001 -0.378340 -0.491096 -0.270819 0.722780 0.013032 -0.519788
VERTEX_POSE A3748 -0.750441 -0.078703 0.498691 0.583526 0.858091 -0.312514 0.562627 -0.258225 0.655333 0.101125 -0.497117 -0.342924 -0.776182 -0.294396 -0.589140 0.253390 -0.350687 -0.090509 0.080993 0.690322
VERTEX_POSE A3749 -0.157813 -0.471363 0.274475 -0.979086 -0.273338 -0.337139 -0.487398 -0.187965 0.697889 0.179839 0.402597 0.114496 0.474073 -0.797600 0.615572 -0.609592 -0.399822 -0.085146 -0.365724 0.081003
VERTEX_POSE A3750 0.547214 -0.616435 0.337037 0.589776 -0.165828 0.814596 -0.451827 0.355049 -0.220288 -0.520894 -0.323188 0.178619 0.669453 0.296293 -0.282003 -0.080406 0.554688 0.420090 0.264368 -0.611573
VERTEX_POSE A3751 0.409134 0.739524 0.082923 -0.636656 -0.670482 0.094181 0.659728 0.685216 0.507085 -0.221160 -0.194255 0.508431 -0.217111 0.334622 0.166713 -0.568557 0.519537 0.669103 0.381383 -0.332947
VERTEX_POSE A3752 0.446592 -0.193364 -0.097259 -0.650468 -0.570575 -0.389328 -0.624043 -0.246938 0.770259 -0.535077 0.281475 0.030271 -0.249794 -0.724070 -0.487350 -0.434398 0.545570 0.129219 -0.270489 -0.194602
VERTEX_POSE A3753 0.602180 -0.650547 0.670875 0.838189 0.588558 0.528839 -0.504616 -0.675523 -0.282343 0.585423 -0.591213 -0.472159 -0.486351 0.024848 -0.201141 0.150134 -0.391410 0.614182 0.378899 0.200790
VERTEX_POSE A3754 -0.638347 0.423389 0.682362 -0.863337 0.734606 0.377047 0.127959 0.363313 -0.619896 -0.156702 0.482623 -0.328196 -0.357869 0.405430 0.581839 -0.199040 0.601291 -0.165274 0.889598 0.330385
VERTEX_POSE A3755 -0.669903 0.397844 0.096904 -0.763553 -0.154197 0.445096 0.809368 0.170229 -0.670945 0.278948 -0.486792 0.367149 -0.102314 -0.683361 -0.361359 0.487393 -0.001025 -0.293842 -0.138172 0.516790
VERTEX_POSE A3756 -0.523195 0.320843 0.924674 0.146632 -0.236430 -0.444885 -0.599677 0.112070 -0.137543 -0.530500 0.353953 0.507167 0.030894 0.015554 -0.463767 0.577290 0.627315 -0.557549 0.157286 -0.684391
VERTEX_POSE A3757 -0.172277 -0.119521 -0.000574 0.086318 0.772233 0.624642 0.400664 -0.335662 0.272487 -0.125563 0.446506 -0.200130 0.435698 -0.598924 -0.040735 0.784124 0.573679 0.702753 -0.137913 -0.012085
VERTEX_POSE A3758 -0.410077 -0.278661 -0.356708 -0.379754 0.323568 0.105358 -0.518677 -0.367435 0.973806 0.165646 0.141566 -0.050216 0.633464 -0.595761 0.035135 -0.456493 0.106498 -0.191951 0.306387 0.691866
VERTEX_POSE A3759 0.135080 0.366420 -0.818719 -0.383930 -0.239495 -0.696830 0.122018 -0.006673 -0.658269 0.201241 0.243841 0.144120 -0.130540 0.930710 0.195547 0.793657 -0.085595 -0.148666 -0.545602 -0.258745
VERTEX_POSE A3760 0.543024 -0.853767 0.078055 0.314865 0.286922 0.062401 -0.877757 0.263834 0.483765 0.148178 0.174266 -0.659288 0.025340 0.640553 -0.570812 0.032074 -0.531486 0.039898 0.453778 0.455234
VERTEX_POSE A3761 0.391867 0.109875 0.391312 0.932707 0.309070 -0.056549 -0.390133 -0.083968 0.657292 -0.199190 0.487646 0.600136 -0.343535 -0.647047 -0.450820 -0.657118 -0.184928 0.036972 0.508232 -0.549802
VERTEX_POSE A3762 0.129863 0.484259 0.770439 0.652928 -0.117240 -0.482754 0.311431 -0.256003 -0.386418 -0.183987 0.805305 -0.273031 -0.841693 -0.422642 0.644323 -0.011218 -0.066059 0.357676 -0.400732 0.320869
VERTEX_POSE A3763 -0.606755 0.618782 -0.944255 -0.013310 -0.545011 0.404624 0.221525 0.790815 0.396805 -0.546256 0.089284 -0.048644 -0.423840 -0.290596 0.682400 0.484444 -0.530988 -0.459118 0.488062 0.015684
VERTEX_POSE A3764 0.913597 -0.248469 0.953955 0.537955 0.884749 -0.001133 -0.608273 -0.165909 0.264697 -0.409968 -0.388875 -0.618789 -0.407783 0.601410 -0.733768 0.257524 -0.609702 -0.092841 -0.478879 -0.296344
VERTEX_POSE A3765 0.564057 -0.887435 -0.347675 0.163102 0.498926 0.124051 0.807119 -0.492563 -0.062903 -0.319471 -0.799642 0.787240 0.065706 0.195086 0.500950 -0.459631 -0.282635 -0.331596 -0.175836 0.003590
VERTEX_POSE A3766 0.148387 0.623817 -0.722355 -0.914660 -0.773603 0.461439 -0.803273 -0.043236 0.659714 0.381580 -0.560355 -0.485305 -0.367587 -0.451535 -0.061741 -0.173875 -0.562535 -0.335438 0.209277 -0.404726
VERTEX_POSE A3767 -0.576760 -0.749201 -0.477393 0.642995 0.699977 0.014679 0.911069 -0.150727 0.051800 0.071893 0.306363 0.089372 0.377683 0.571493 -0.458118 0.147580 -0.629817 -0.882747 -0.018984 0.400186
VERTEX_POSE A3768 -0.259664 0.014102 0.338180 -0.636357 -0.837580 0.307841 0.198764 -0.458809 0.039253 -0.273554 -0.688912 0.035305 0.731666 0.260508 -0.857216 0.325192 -0.352795 0.409423 0.494547 -0.350095
VERTEX_POSE A3769 0.210346 0.401780 -0.049854 0.402000 0.483812 0.586481 0.053597 0.097889 0.713376 -0.320306 -0.016450 0.380927 0.424702 -0.078888 0.010148 -0.132488 -0.983560 0.043887 0.834630 -0.128586
VERTEX_POSE A3770 0.250422 -0.840219 0.586162 0.890444 0.634549 -0.277975 -0.815920 0.354943 -0.280133 0.037064 -0.653770 0.439555 0.338670 0.500688 -0.333645 0.292008 -0.054408 0.734662 -0.364602 -0.439263
VERTEX_POSE A3771 -0.349775 0.371523 -0.266637 0.776679 0.116867 0.305807 -0.169143 -0.793140 0.714109 -0.083490 0.322015 0.512996 0.399817 -0.273955 0.248499 0.455096 0.379045 0.267608 -0.772952 0.220246
VERTEX_POSE A3772 0.244540 -0.746155 0.367983 -0.404157 -0.101516 -0.487062 0.360398 0.198563 0.079038 0.380009 -0.551786 0.375162 -0.677665 -0.120497 0.343063 0.297880 -0.584929 0.705751 0.421598 0.547215
VERTEX_POSE A3773 -0.907887 0.927917 -0.066487 0.735097 0.519135 0.126633 -0.161682 -0.430710 -0.359077 -0.036946 -0.537152 -0.754900 0.473052 -0.140816 -0.495527 -0.434738 0.627970 0.199013 0.748143 0.334338
VERTEX_POSE A3774 0.559406 -0.347305 0.403934 0.787551 -0.203856 0.000704 -0.690016 -0.354427 -0.739087 -0.130498 -0.500274 -0.066382 0.703657 -0.509197 -0.269401 0.102304 0.290734 0.613813 -0.035342 -0.529434
VERTEX_POSE A3775 0.539081 0.552417 0.549097 0.111954 0.443172 0.547153 0.219546 -0.714698 -0.338763 0.542346 -0.044024 0.314257 0.583627 0.038431 0.584995 0.148583 0.689337 -0.380639 0.543106 0.102986
VERTEX_POSE A3776 0.168595 -0.954255 -0.276900 0.588140 -0.331452 0.521005 -0.255907 -0.337981 -0.399923 0.547887 -0.581570 0.606250 0.489045 0.358260 0.387703 0.417459 -0.419163 0.225305 -0.469994 -0.493455
VERTEX_POSE A3777 -0.531129 -0.605556 -0.939188 0.595410 -0.319398 0.022577 -0.198015 -0.643827 -0.007101 -0.185761 0.080108 -0.587942 -0.265728 -0.548801 0.461849 0.635052 -0.516840 0.663671 -0.672592 -0.103751
VERTEX_POSE A3778 0.028798 0.967471 0.135160 0.601358 0.183510 0.488407 -0.480479 0.709499 -0.471295 0.330564 0.491880 0.244138 -0.343586 -0.504347 0.680518 0.622630 0.014242 -0.128965 -0.392617 0.009811
VERTEX_POSE A3779 0.418154 -0.032957 -0.778209 0.171666 -0.473361 0.591623 -0.352957 0.133076 -0.511120 0.188449 -0.108021 0.037960 -0.436390 0.597979 -0.348716 0.222433 0.755122 0.515456 0.774594 0.206966
VERTEX_POSE A3780 0.311058 -0.076919 0.335287 0.616324 0.407264 -0.278076 -0.323375 0.391243 0.161037 0.351471 0.731842 0.601449 0.562387 -0.061538 -0.519808 0.560991 -0.416390 -0.514587 0.375374 0.366292
VERTEX_POSE A3781 -0.423988 -0.648964 -0.527804 0.191134 -0.982318 -0.744366 -0.323002 -0.551205 -0.108384 0.790835 -0.430548 0.301578 0.294678 -0.284128 0.367650 -0.180985 -0.529023 -0.456132 0.388148 0.387566
VERTEX_POSE A3782 -0.172713 -0.293433 0.304714 0.535010 -0.143842 -0.440263 -0.611625 0.285406 -0.061215 0.290682 0.867551 0.688350 -0.089106 0.363956 -0.135409 -0.553957 0.159068 -0.557010 0.476035 0.090176
VERTEX_POSE A3783 -0.242350 0.729717 -0.761972 0.965855 0.836689 0.473788 0.150488 -0.580155 -0.315176 0.765422 -0.078928 -0.500104 0.330362 -0.209505 -0.125396 -0.232865 -0.779621 -0.640594 -0.477617 -0.074087
VERTEX_POSE A3784 -0.821808 -0.299511 -0.856928 0.029323 0.606240 0.740423 -0.106005 -0.120961 0.452443 0.804474 -0.000967 0.003606 -0.040645 -0.736785 -0.444678 0.468095 -0.452077 0.222076 -0.347591 -0.487998
VERTEX_POSE A3785 0.188941 -0.870044 -0.012924 0.671673 -0.409237 0.129300 0.697509 0.498870 0.724703 -0.303156 0.536468 0.353321 0.595202 -0.447037 -0.471257 -0.011938 0.393450 0.333420 -0.259171 -0.329675
VERTEX_POSE A3786 0.087747 0.127561 0.334932 -0.797697 -0.317508 -0.045338 0.630662 -0.656163 -0.611304 -0.157112 -0.101829 -0.455730 0.347478 0.649542 0.633284 0.010632 0.272913 -0.124551 -0.675816 -0.250388
VERTEX_POSE A3787 -0.345003 -0.978668 -0.932254 -0.824045 -0.630190 0.017373 -0.267307 0.505462 -0.087121 0.539998 0.470933 -0.652516 0.427587 -0.451430 -0.728549 -0.297422 0.448779 0.188540 0.604697 0.342838
VERTEX_POSE A3788 -0.983336 0.010436 0.986502 -0.242009 -0.637003 0.280688 0.595300 0.709763 0.619733 -0.672289 0.228752 -0.316988 0.060238 0.042072 -0.583617 -0.285270 0.230126 -0.309927 -0.329602 0.623844
VERTEX_POSE A3789 0.677669 0.848900 0.978225 -0.177452 -0.993940 0.093092 0.448453 -0.425441 0.900716 -0.093619 -0.330960 0.059728 0.708391 0.339958 -0.339027 -0.317581 -0.520126 0.248069 -0.432954 0.568650
VERTEX_POSE A3790 0.790078 0.387752 -0.750973 -0.207975 0.130315 0.532256 -0.431756 -0.012998 -0.004015 0.452311 -0.363762 -0.340818 0.556574 0.262138 -0.339291 -0.183720 -0.849532 -0.696715 -0.515241 0.277645
VERTEX_POSE A3791 0.559688 0.156668 0.064557 -0.927144 0.649919 -0.007372 -0.720484 0.157516 -0.215365 -0.235205 -0.899739 0.544712 0.159527 -0.403029 0.568609 -0.556569 0.056133 0.577526 0.300607 -0.008648
VERTEX_POSE A3792 0.069537 -0.041225 0.369537 -0.244744 0.315131 0.222887 -0.616766 0.370460 0.226291 0.676846 0.262846 -0.666606 0.254491 0.503202 0.653546 0.169200 0.444775 0.166216 0.260931 -0.585349
VERTEX_POSE A3793 -0.080059 -0.127989 -0.980534 -0.555047 -0.986924 -0.266428 -0.550640 0.124962 0.417568 -0.670530 -0.563372 0.385062 0.232341 -0.174065 0.304925 0.423155 -0.449195 -0.716520 0.118922 -0.659487
VERTEX_POSE A3794 0.952932 -0.224550 0.120301 0.059546 -0.895092 -0.018116 -0.751154 0.494010 0.506644 0.291684 0.002599 0.684091 -0.017467 0.478136 0.249803 -0.591922 -0.637727 0.461088 -0.003416 -0.347330
VERTEX_POSE A3795 -0.016866 0.710307 0.323492 -0.706790 0.199880 0.381991 -0.669592 0.176250 -0.256309 0.346091 0.796034 -0.541616 -0.461303 -0.174493 -0.361838 -0.453649 0.439854 0.603418 -0.115197 0.333686
VERTEX_POSE A3796 -0.516002 -0.015424 -0.328209 0.608056 0.512002 -0.034056 0.082936 0.178798 0.384190 0.353394 -0.806165 -0.531833 0.276313 -0.348674 -0.484167 -0.693907 -0.423977 -0.577905 0.557117 0.129610
VERTEX_POSE A3797 0.101319 -0.600734 0.397946 0.144887 -0.668695 -0.000814 -0.237487 0.593298 -0.421660 0.164721 -0.676353 0.762499 0.425801 -0.189166 0.374393 -0.837575 -0.392844 -0.317218 -0.183382 -0.020833
VERTEX_POSE A3798 0.406374 0.961105 0.846099 0.936205 -0.100143 -0.359879 0.346143 0.501999 0.516529 0.500138 -0.426649 -0.216629 0.586950 0.316811 0.283716 -0.497524 0.482989 0.690117 0.194952 0.481996
VERTEX_POSE A3799 0.224334 0.998679 -0.990029 0.971699 0.674422 -0.623158 -0.365059 0.548284 -0.048336 0.822369 0.063386 0.641043 -0.404476 -0.028443 -0.197270 -0.042235 -0.204217 0.399358 0.158293 0.807994
VERTEX_POSE A3800 -0.688335 0.801047 -0.651908 -0.453114 0.815117 0.005480 -0.708116 0.654351 0.305855 -0.134290 -0.410279 0.241260 -0.170004 0.085227 0.458421 0.623686 0.592315 0.798791 -0.250306 -0.213062
VERTEX_POSE A3801 -0.343205 -0.879114 0.432261 0.826650 -0.465594 0.685871 -0.052866 -0.510411 0.436379 0.366247 0.112377 -0.347904 -0.444592 -0.671995 0.171895 0.298814 -0.416108 0.434246 -0.759024 0.319575
VERTEX_POSE A3802 0.874558 0.370202 -0.256666 0.748377 -0.208711 -0.167379 -0.584452 -0.252204 0.686060 0.250622 -0.289547 -0.139176 -0.548211 0.226252 -0.214241 0.359110 0.728093 -0.660331 0.407566 -0.520813
VERTEX_POSE A3803 0.556204 -0.945108 0.716075 0.142729 -0.286399 -0.247965 0.223250 0.143778 0.025131 -0.738765 -0.507274 -0.283225 0.445949 -0.168546 -0.846573 -0.359188 0.336999 -0.375473 0.276585 -0.761594
VERTEX_POSE A3804 -0.251091 -0.951197 -0.634226 0.561747 -0.946459 0.686894 -0.220965 -0.097697 -0.244206 0.548425 -0.727250 0.608945 0.683553 0.156786 -0.293609 0.360003 0.637262 -0.107328 0.231425 0.175722
VERTEX_POSE A3805 0.433964 -0.977103 -0.852732 0.535928 0.587432 0.641100 0.442784 0.334335 0.382590 -0.477763 0.101576 -0.245040 0.533989 -0.552953 0.115349 -0.518471 -0.530785 0.607673 0.147402 -0.538899
VERTEX_POSE A3806 0.095285 0.607309 0.265172 -0.745317 -0.843226 -0.278942 -0.298181 -0.178343 -0.058548 0.722238 -0.550325 -0.723273 0.416110 0.267463 -0.562858 -0.465055 -0.493345 -0.280768 0.006015 0.591954
VERTEX_POSE A3807 0.917504 -0.905451 0.088874 0.149887 -0.277911 -0.646842 0.230772 -0.062408 -0.255831 -0.485126 -0.494096 0.319322 0.767420 -0.396992 0.162184 -0.159303 -0.759309 -0.622797 0.311586 -0.133500
VERTEX_POSE A3808 0.902835 -0.582659 -0.791920 0.131338 -0.731966 0.716518 -0.281945 -0.388388 -0.374946 -0.676458 -0.532586 0.121973 -0.164193 -0.106373 -0.515916 0.340670 -0.464795 0.254895 0.565594 -0.581512
VERTEX_POSE A3809 -0.875917 0.574779 -0.599668 0.856041 0.340284 0.760331 -0.398441 -0.107281 -0.207462 -0.253708 -0.940021 -0.173132 -0.438688 0.192375 -0.565225 -0.487202 0.194385 -0.171472 0.589122 -0.173373
VERTEX_POSE A3810 0.335657 0.061591 0.310665 -0.678447 0.248729 0.619660 0.592926 -0.171244 0.488121 -0.516806 -0.294157 -0.527768 0.330426 -0.695234 0.136916 0.519993 0.299482 -0.283681 0.042147 0.557771
VERTEX_POSE A3811 0.213894 0.340422 0.543367 -0.252338 0.675298 0.317848 -0.224312 -0.738872 0.787448 0.436304 -0.093973 -0.126132 0.760438 0.019392 -0.045494 -0.219102 -0.329147 0.510803 -0.364762 0.580106
VERTEX_POSE A3812 -0.299905 0.925815 -0.127472 0.047176 0.357966 0.770038 -0.465746 0.055637 0.257363 0.703717 0.519268 0.408331 -0.097543 0.258081 0.284706 0.294643 -0.791372 -0.304982 -0.437645 0.185444
VERTEX_POSE A3813 -0.837055 0.768158 -0.384621 0.856563 -0.895113 -0.148751 -0.172207 -0.753645 0.502525 0.294010 0.378434 -0.525739 0.455720 0.246966 0.192474 0.810351 -0.458959 0.641789 -0.139835 -0.131041
VERTEX_POSE A3814 0.971544 0.070139 0.781394 -0.286483 0.511987 0.528353 -0.347154 -0.227631 -0.541052 0.483702 -0.089037 0.104634 -0.239334 -0.288464 -0.546740 -0.487652 -0.619645 0.343852 0.591973 -0.687812
VERTEX_POSE A3815 -0.121713 -0.373695 0.015599 -0.923501 -0.035794 -0.263670 -0.698327 -0.491549 -0.117599 -0.403304 0.373599 -0.385931 0.583958 -0.427874 0.875525 -0.010672 -0.309168 0.034092 0.092544 0.583217
VERTEX_POSE A3816 0.351885 0.898115 0.602455 0.528236 -0.304350 -0.578988 -0.052268 0.138234 0.569385 0.240112 0.473114 -0.000327 0.445710 -0.785482 -0.555053 0.522674 0.366393 0.180249 0.683937 0.076350
VERTEX_POSE A3817 0.059291 -0.802300 0.116326 -0.084180 -0.805521 -0.269674 0.134847 -0.227670 -0.336669 -0.568760 0.441895 -0.543412 -0.304618 -0.725452 -0.669096 0.189534 0.474385 -0.266351 0.727745 -0.039664
VERTEX_POSE A3818 0.533285 -0.352363 0.083345 -0.747546 0.334016 0.610259 -0.034333 0.374564 -0.106805 -0.175103 0.885303 0.171745 0.935663 0.095939 -0.363939 0.294854 0.240935 0.673965 -0.075875 -0.093206
VERTEX_POSE A3819 0.368549 -0.091450 0.588957 -0.713773 0.058647 0.634544 -0.082111 0.556873 -0.277964 0.682661 -0.184853 -0.519118 -0.231596 0.296302 -0.136027 0.553617 0.677769 0.481771 0.408782 -0.329477
VERTEX_POSE A3820 -0.263040 -0.953400 0.094551 0.738368 -0.799460 -0.334241 -0.706678 -0.251160 -0.302078 0.472891 -0.311406 0.556807 -0.438383 0.210401 -0.670267 -0.261838 0.187625 -0.194266 0.127442 0.872051
VERTEX_POSE A3821 0.323363 -0.964611 0.332372 0.044480 -0.535668 0.209304 0.372318 -0.335725 0.431952 0.298005 -0.124925 0.644642 0.326115 0.539891 0.073113 0.329494 -0.703560 -0.590508 0.746763 0.291897
VERTEX_POSE A3822 -0.071763 -0.934781 -0.346486 -0.640917 -0.291435 0.484258 0.224188 0.023942 -0.572317 -0.366818 -0.576464 -0.279399 -0.194822 0.663560 -0.099116 -0.513814 0.436364 0.591658 -0.716396 -0.190762
VERTEX_POSE A3823 0.806497 0.005375 -0.535912 -0.506376 0.515670 -0.347362 0.388486 0.846512 0.529340 -0.426499 0.466143 0.733403 0.526061 0.051913 -0.214515 0.395470 -0.156551 -0.123460 -0.483778 0.197295
VERTEX_POSE A3824 -0.756696 -0.092599 0.351837 0.489433 -0.522593 -0.283001 0.333277 -0.481940 0.470844 -0.407286 -0.096022 -0.519511 -0.068912 0.744606 -0.051111 0.724161 -0.035197 -0.652466 -0.440326 -0.450374
VERTEX_POSE A3825 -0.118831 -0.159332 0.773815 0.418630 -0.186527 0.305685 0.749479 -0.426465 -0.723432 0.567686 0.132084 -0.032776 0.029024 0.367993 0.595125 0.329516 0.565117 -0.167199 0.081187 0.588137
VERTEX_POSE A3826 -0.210370 -0.284318 0.787580 -0.213166 -0.284450 0.633861 -0.418451 0.563471 0.583704 0.270884 -0.266344 0.343148 0.586321 0.227097 -0.289704 0.565932 0.565164 -0.236284 -0.295752 0.490487
VERTEX_POSE A3827 -0.272698 0.891977 -0.976372 0.097489 0.989409 0.015605 -0.091039 -0.216511 0.428629 0.577743 -0.499857 0.563279 -0.435528 0.469329 0.461288 -0.518966 -0.567072 0.534755 0.445999 0.401778
VERTEX_POSE A3828 0.982488 0.239935 0.171761 -0.436484 0.144779 0.571348 -0.058750 0.535755 -0.431259 -0.846258 0.184658 -0.601487 0.516230 0.509520 -0.057855 -0.091183 0.562015 -0.349919 0.074759 -0.321554
VERTEX_POSE A3829 -0.803996 -0.323213 0.633679 -0.276961 0.615407 -0.238930 -0.522247 -0.238948 -0.520894 -0.043295 0.422351 0.429554 0.412592 0.556963 -0.682838 0.575309 -0.030412 0.144212 0.473468 -0.673343
VERTEX_POSE A3830 0.951636 0.890656 -0.966401 0.069188 0.663831 -0.562169 -0.140414 -0.143892 0.359501 0.733385 0.007517 -0.208354 0.005607 -0.824804 -0.673306 0.293669 0.475745 0.240775 -0.596789 0.269449
VERTEX_POSE A3831 -0.705847 0.040982 0.519853 0.110403 -0.040104 0.627982 -0.473183 -0.280409 0.354666 0.403629 -0.112186 -0.284687 -0.292677 0.691523 0.595297 0.345015 0.635573 0.210772 -0.639129 0.163179
VERTEX_POSE A3832 -0.147201 -0.202327 0.065940 -0.450311 -0.850186 -0.639446 -0.369295 0.258355 -0.380713 0.618330 0.363567 0.028916 -0.455987 -0.421278 0.592655 -0.223609 0.710858 -0.306742 -0.472614 0.343915
VERTEX_POSE A3833 0.826194 0.260858 -0.223068 -0.182435 -0.544881 0.342237 0.448464 0.500425 -0.618037 0.587662 0.342580 0.522288 0.617566 -0.397119 0.462568 -0.196959 0.389809 -0.118956 0.182625 -0.567943
VERTEX_POSE A3834 0.850357 0.095874 0.235928 -0.746868 0.673497 -0.222137 -0.469876 0.079503 -0.383197 -0.125938 -0.635874 -0.424837 -0.638163 0.010786 -0.708873 0.367074 0.566405 -0.347602 0.470490 -0.518085
VERTEX_POSE A3835 0.601708 -0.153523 0.431713 -0.888564 -0.796645 0.462602 0.701021 -0.024799 0.480418 0.079957 0.592372 -0.630114 0.136784 0.526001 -0.335247 0.586197 0.194731 0.213922 -0.373951 0.577827
VERTEX_POSE A3836 0.260158 0.283755 -0.075800 -0.646507 -0.957449 -0.572251 0.654256 0.060084 -0.378926 0.028618 -0.042422 -0.597186 -0.299887 0.464345 -0.225674 -0.676481 0.050451 -0.348401 -0.153530 -0.881152
VERTEX_POSE A3837 -0.054358 -0.296818 -0.498901 -0.492185 0.830271 0.677663 -0.162640 0.664032 -0.114544 -0.592053 -0.038754 0.141814 -0.348838 -0.520080 -0.376869 0.522600 0.249188 -0.604574 -0.477726 0.474322
VERTEX_POSE A3838 0.519211 -0.058975 -0.479413 0.261323 -0.074556 -0.342177 -0.216048 -0.537602 0.390779 0.279480 -0.035103 0.125126 -0.771883 0.555720 0.202217 -0.528019 -0.617518 0.820767 0.024629 -0.139991
VERTEX_POSE A3839 0.162994 0.701095 0.132280 0.484832 -0.689415 -0.489549 0.245623 -0.126042 0.268258 0.604068 -0.612166 -0.547410 0.565226 0.150666 -0.231854 0.087836 0.545157 -0.578762 -0.497569 -0.538023
VERTEX_POSE A3840 0.069725 -0.722038 -0.098569 -0.636144 0.170555 0.117357 -0.695849 0.452040 -0.284834 -0.156590 0.495503 0.580515 -0.146222 -0.442622 0.751937 0.115571 0.430517 -0.051863 -0.675674 -0.410947
VERTEX_POSE A3841 -0.145131 -0.997384 0.831252 0.582876 -0.825827 0.464387 0.871769 0.006199 0.487233 -0.355472 0.594043 0.416988 -0.177457 -0.427975 0.393729 -0.071025 0.380672 0.466955 -0.277711 -0.564802
VERTEX_POSE A3842 -0.623112 0.041517 -0.324354 -0.767506 0.985883 -0.556053 -0.620771 -0.538598 -0.476121 -0.047459 0.674166 0.659534 -0.564312 0.060913 -0.144920 -0.307965 0.351546 -0.090150 0.446207 -0.357935
VERTEX_POSE A3843 0.769820 -0.796223 0.773959 0.411032 -0.471479 0.661064 0.425283 -0.398629 0.411171 0.305903 0.017367 -0.531660 0.698993 -0.257096 -0.152059 0.471143 0.551782 -0.296898 -0.122434 -0.685735
VERTEX_POSE A3844 0.017813 0.770775 -0.553369 0.439439 -0.720940 0.388037 -0.584732 0.029875 0.134368 0.250203 0.536261 -0.614738 -0.682478 0.050283 -0.618893 0.257705 0.402403 0.265407 -0.251593 0.739645
VERTEX_POSE A3845 -0.651568 -0.888344 -0.542959 -0.053989 0.497870 -0.559114 0.290558 -0.156532 -0.199582 -0.505540 -0.135200 0.222971 -0.429197 -0.789032 0.592787 -0.267256 0.428806 0.496434 0.635901 -0.388294
VERTEX_POSE A3846 -0.351892 -0.169918 -0.210442 0.487531 0.492727 0.441963 0.479089 -0.290460 -0.787491 0.050481 -0.519117 0.334121 -0.330573 -0.220523 -0.248651 0.513358 0.664228 -0.105178 -0.628578 0.395375
VERTEX_POSE A3847 -0.630301 0.668889 -0.950913 -0.032325 -0.025290 -0.671263 0.128924 0.268570 0.403426 0.627793 -0.235888 0.037595 -0.580907 0.239409 -0.407188 0.488388 0.317721 -0.468441 -0.115232 -0.844964
VERTEX_POSE A3848 0.407722 -0.690644 0.573367 0.861830 0.692349 -0.435860 0.625895 -0.365624 -0.427543 0.484731 0.493716 -0.025924 -0.094193 0.521170 -0.679552 -0.508284 -0.371590 -0.405918 -0.325678 0.461374
VERTEX_POSE A3849 -0.818607 0.477719 0.872903 0.739986 -0.173256 -0.033239 0.813097 0.452369 0.445020 -0.262368 0.576631 -0.092701 -0.081860 0.583806 -0.756755 0.127774 0.032331 0.468594 0.497000 -0.347829
VERTEX_POSE A3850 0.738248 -0.422560 0.638044 0.253902 -0.966644 0.150177 -0.099068 0.730538 0.303259 0.433364 -0.506691 0.663297 0.098817 -0.105256 -0.658170 0.128022 -0.236546 0.111038 -0.881037 -0.377553
VERTEX_POSE A3851 -0.855318 -0.644044 -0.332082 0.600199 0.892888 -0.374304 -0.192962 0.770386 0.267580 -0.139458 -0.362111 0.525597 0.014122 0.478960 0.651758 0.346265 0.213564 0.295392 -0.907314 -0.019224
VERTEX_POSE A3852 0.504755 0.513108 0.205275 -0.215534 0.291075 0.240945 -0.501531 0.805696 -0.263603 0.107601 0.241282 -0.404819 -0.705194 -0.189636 -0.063499 0.472829 0.460070 -0.839374 0.126578 0.212158
VERTEX_POSE A3853 -0.333515 -0.357342 -0.708443 0.612985 -0.258078 -0.626528 0.456390 0.533061 -0.456236 -0.391876 -0.455628 0.451091 -0.124202 0.549494 -0.442277 -0.391871 0.287098 0.014799 -0.684947 0.351968
VERTEX_POSE A3854 0.951179 0.361331 0.132006 -0.906178 0.408559 0.160813 -0.810083 -0.025170 0.310284 0.192478 -0.640621 -0.525264 0.095438 -0.649284 -0.718935 -0.340727 0.026602 0.291707 -0.426046 -0.408281
VERTEX_POSE A3855 0.748059 -0.579491 -0.442888 -0.726101 0.768483 0.437630 -0.146461 -0.022608 -0.072708 -0.352690 -0.371753 0.716486 -0.519612 0.044388 -0.442342 -0.652819 0.600543 -0.306879 -0.397480 -0.706163
VERTEX_POSE A3856 0.547654 0.483327 -0.934628 0.031615 0.555395 -0.155578 -0.773369 -0.405573 0.545116 -0.512587 0.498723 0.395057 0.213352 0.340817 0.706690 0.040544 -0.588625 0.152198 0.303301 -0.352349
VERTEX_POSE A3857 -0.259191 -0.922987 -0.080414 -0.119344 -0.875891 0.092203 -0.591651 0.064768 -0.811970 0.178808 0.450507 0.108845 -0.074267 0.689135 0.513170 0.624460 0.348919 0.238773 -0.471711 0.442941
VERTEX_POSE A3858 -0.524639 -0.687514 -0.419260 0.371388 0.757891 -0.506247 -0.514180 0.302947 -0.308394 -0.304059 0.283322 -0.764877 0.437751 -0.471176 0.072385 0.617598 0.454825 0.241518 -0.264789 -0.631727
VERTEX_POSE A3859 0.530143 -0.276738 0.237134 0.595131 -0.299826 -0.324488 -0.139784 0.100563 -0.318632 0.543206 0.721879 0.728930 -0.309036 0.429947 0.505111 0.626909 -0.014138 -0.081883 -0.443700 0.532656
VERTEX_POSE A3860 -0.063187 -0.246200 -0.446735 0.603695 0.739516 -0.197473 -0.409493 -0.413734 -0.860503 0.387358 -0.104559 0.417134 0.652854 -0.593488 0.094980 -0.487292 -0.370127 0.193694 0.136373 0.573296
VERTEX_POSE A3861 -0.573003 -0.796858 -0.385661 -0.559425 0.421722 -0.610465 0.093307 -0.292409 -0.171420 -0.325964 0.626020 -0.435732 0.739622 0.076404 0.502718 0.574789 0.395342 0.394158 0.087285 -0.600386
VERTEX_POSE A3862 0.824295 0.764243 -0.243013 -0.294466 0.660069 -0.567889 -0.177229 0.665466 0.817468 -0.171834 0.498332 -0.068048 -0.596438 0.252276 0.067523 -0.097635 -0.231901 0.007694 0.757491 0.437492
VERTEX_POSE A3863 0.789612 0.551474 0.619204 -0.846616 0.889330 -0.792916 0.272843 -0.302324 -0.368732 0.182102 0.540356 -0.192010 -0.568149 -0.609415 -0.126776 0.507158 -0.231833 -0.427061 -0.558920 0.437586
VERTEX_POSE A3864 -0.746809 0.463999 0.391271 0.258140 0.876841 0.405310 0.597090 0.293993 -0.047401 -0.329255 0.421273 -0.498770 -0.390969 0.327332 -0.473072 0.506413 0.567743 -0.600757 0.354631 -0.553731
VERTEX_POSE A3865 0.674653 -0.139883 0.992914 -0.041334 0.333567 -0.080132 0.078830 -0.484616 0.094813 0.442542 0.625854 -0.676937 -0.443226 0.484321 0.701115 -0.607144 0.255404 -0.186502 -0.482566 -0.271394
VERTEX_POSE A3866 0.391320 -0.602050 0.050917 -0.735179 -0.907315 0.465557 0.139754 -0.470837 0.669041 0.258025 -0.088694 0.522639 -0.624701 0.129597 0.012283 0.647129 -0.164405 0.249675 0.323828 0.852421
VERTEX_POSE A3867 0.513349 -0.252246 -0.684529 0.611633 0.919393 0.644733 -0.466391 -0.407049 0.411076 0.565339 -0.170927 -0.179919 -0.124305 0.551879 -0.360900 0.496723 -0.500502 -0.502708 -0.447980 -0.500022
VERTEX_POSE A3868 -0.379705 0.563299 -0.505986 0.466481 0.163837 0.558049 -0.574419 -0.104875 0.055447 -0.550507 0.585829 -0.348101 0.091213 -0.024405 -0.160809 -0.416381 -0.789298 0.733807 0.430455 -0.149056
VERTEX_POSE A3869 -0.089469 0.338975 0.571505 0.526144 0.018129 -0.353760 0.235190 0.602810 -0.237086 -0.550253 0.606235 0.499978 -0.568156 0.140124 -0.485570 -0.561471 -0.492561 -0.576965 0.062091 -0.082757
VERTEX_POSE A3870 -0.323658 -0.551151 0.447751 0.096465 -0.770022 0.393832 0.486652 0.565272 -0.740492 -0.273266 0.233920 -0.076630 -0.097318 0.010088 0.186123 0.074202 -0.768649 -0.506017 0.820682 -0.186615
VERTEX_POSE A3871 0.690020 0.841261 0.395445 0.830337 -0.665608 0.610802 -0.593966 0.271817 0.194893 0.184255 0.107682 0.515409 0.719346 -0.203325 -0.281390 -0.222272 -0.730643 -0.494075 0.215387 0.582529
VERTEX_POSE A3872 0.765400 0.341592 0.402757 0.109020 0.192302 -0.002277 -0.468802 0.421572 -0.171574 -0.462601 -0.778708 -0.408651 -0.574974 0.090416 -0.748987 0.477721 -0.154246 -0.492524 -0.086098 0.428864
VERTEX_POSE A3873 0.053230 0.490366 -0.876603 0.328959 -0.784139 -0.129686 -0.755646 -0.401891 -0.585264 -0.207524 0.400887 0.742589 -0.460483 0.353586 -0.175201 -0.301619 -0.404386 0.241895 0.287948 -0.623876
VERTEX_POSE A3874 0.459840 -0.954962 0.169403 0.241369 -0.137087 0.091433 0.610415 -0.412725 0.269935 0.552466 -0.251252 0.667698 0.145496 0.681866 0.633474 -0.276660 -0.387706 -0.267705 0.473777 0.388938
VERTEX_POSE A3875 -0.216786 0.112366 0.849388 -0.451541 0.471362 0.362721 -0.169217 0.130065 0.557044 0.147296 0.477666 -0.044777 -0.673115 -0.477388 0.742639 -0.003938 -0.498862 0.067956 -0.704677 0.527405
VERTEX_POSE A3876 0.401662 0.602022 -0.419562 -0.725031 0.713730 0.543793 -0.338165 -0.355803 0.028884 -0.137528 0.395780 -0.167216 0.643937 -0.637917 -0.022348 -0.577697 -0.551300 0.821580 0.344009 0.076756
VERTEX_POSE A3877 -0.892052 -0.124880 0.958961 -0.271100 -0.644360 0.593862 -0.246269 -0.498617 0.575672 -0.149302 -0.155930 0.130922 -0.381454 0.361521 0.083661 -0.623356 0.550642 0.540176 0.618854 0.541445
VERTEX_POSE A3878 0.152912 -0.218744 0.898475 0.516134 -0.553929 -0.339418 0.778357 0.149482 0.097301 0.532072 0.195076 0.363712 0.313020 -0.848678 -0.554410 -0.074606 -0.446775 0.660053 0.086668 0.140494
VERTEX_POSE A3879 -0.190616 0.911377 -0.846195 -0.863200 0.406079 0.653884 -0.053885 -0.531571 0.163913 0.754369 0.441978 0.509436 -0.415360 0.322976 -0.531608 -0.278246 -0.138443 -0.058614 0.421994 -0.631354
VERTEX_POSE A3880 -0.710660 -0.647161 0.831863 -0.531114 0.182383 0.462265 -0.319030 0.441595 0.042098 0.707880 -0.222997 0.220303 0.270875 -0.427233 -0.659047 0.309756 0.568754 0.549238 0.477288 0.499256
VERTEX_POSE A3881 -0.108839 0.358695 0.536519 -0.229964 -0.520572 0.220248 -0.739939 0.549509 0.441406 0.266454 0.447599 0.598896 0.038250 -0.496880 -0.371640 -0.518270 -0.384150 -0.509764 0.333805 0.321300
VERTEX_POSE A3882 -0.045934 -0.732667 -0.178277 0.736998 0.298967 -0.140559 0.150668 -0.463202 -0.360574 -0.788770 -0.397069 -0.086538 0.030026 -0.460242 -0.490838 -0.290247 0.639361 -0.775769 0.519611 -0.084709
VERTEX_POSE A3883 0.794096 0.865947 0.037138 0.253352 -0.526541 -0.364602 -0.563391 -0.274363 0.161874 -0.678313 0.127968 0.718618 -0.367331 -0.010366 0.510103 0.270800 -0.592869 0.253466 0.119237 0.746155
VERTEX_POSE A3884 0.557646 -0.998646 0.828076 -0.616979 0.221350 -0.449595 0.450538 -0.517171 -0.622837 -0.753240 -0.102066 0.022850 -0.187165 -0.382899 -0.411819 0.139130 0.756982 0.489716 -0.418637 0.049826
VERTEX_POSE A3885 -0.094755 0.628664 0.953729 0.830821 -0.292474 -0.666477 0.326124 0.481370 -0.143107 0.236444 -0.827538 -0.084915 0.787892 -0.087431 -0.637396 -0.307410 -0.265078 0.349063 0.349946 0.074522
VERTEX_POSE A3886 0.542155 -0.713544 0.594250 0.527250 -0.758059 0.767045 -0.226167 0.498265 -0.417907 -0.485581 0.184825 0.059207 -0.614622 -0.582509 -0.196855 0.522804 -0.004742 0.441292 0.248948 -0.615006
VERTEX_POSE A3887 0.105300 0.484680 0.893448 0.414636 -0.223255 -0.554623 -0.257831 -0.763845 -0.564112 -0.133984 0.432227 0.205357 0.658568 -0.250503 -0.557685 0.675728 0.129527 -0.144870 -0.158904 0.387546
VERTEX_POSE A3888 0.646054 0.705677 -0.126685 -0.288523 -0.168365 -0.365394 0.151160 0.739794 0.292101 0.626824 0.113738 -0.146522 -0.062632 0.541046 -0.643883 0.618537 -0.351477 -0.587461 -0.444669 -0.153300
VERTEX_POSE A3889 -0.982484 -0.401058 -0.825010 -0.101362 0.999833 -0.530544 -0.087222 -0.287223 -0.282995 -0.311974 0.137340 0.605269 -0.205496 -0.713868 -0.015551 -0.922292 0.108437 0.521388 -0.047038 0.614227
VERTEX_POSE A3890 -0.364558 -0.792058 0.130582 0.009767 0.476918 -0.586387 -0.581510 0.234726 -0.370845 0.242526 0.153602 0.167498 0.587212 0.450284 0.446002 -0.243122 -0.531941 0.540047 -0.446209 0.659995
VERTEX_POSE A3891 -0.417133 -0.540523 0.426579 -0.684828 -0.428849 -0.459438 -0.657572 -0.034002 0.063057 -0.279161 -0.681951 0.287624 0.378953 -0.595493 0.063951 0.317460 0.367745 0.835538 -0.495260 0.209614
VERTEX_POSE A3892 -0.555487 -0.197917 -0.210671 0.339214 0.421555 -0.720604 -0.244190 -0.314432 0.283383 0.565272 -0.693896 0.481234 -0.478770 0.161186 0.093314 -0.613964 -0.614784 0.400163 -0.121103 -0.125304
VERTEX_POSE A3893 -0.540262 0.972186 0.887569 0.715301 0.136988 -0.446528 0.323642 -0.567624 0.228036 -0.352846 -0.163292 0.619725 -0.064560 -0.709071 0.098406 0.819011 -0.046447 -0.595709 -0.309531 -0.382361
VERTEX_POSE A3894 -0.627521 -0.989049 0.045784 -0.531443 -0.539519 0.098285 0.352806 -0.655818 -0.710925 -0.271575 -0.412908 0.333445 0.544396 -0.281682 0.499681 -0.409360 0.119317 0.352220 -0.581233 -0.553017
VERTEX_POSE A3895 -0.302297 -0.733917 -0.819400 -0.402646 0.298396 0.416154 0.591166 0.310479 0.290041 0.607736 -0.537693 0.512896 -0.380677 -0.357987 0.633741 -0.231552 0.531104 -0.279290 0.287488 0.451953
VERTEX_POSE A3896 -0.865610 -0.167697 0.880483 -0.326033 -0.529445 0.258798 0.640516 0.690575 0.665654 0.242039 -0.299715 -0.360423 0.716582 -0.539264 -0.367822 0.016549 0.368896 0.474058 -0.131880 -0.079922
VERTEX_POSE A3897 0.763799 -0.591099 -0.903299 -0.266623 -0.446834 -0.272992 -0.631012 -0.360634 -0.393021 -0.127907 0.494050 -0.125202 0.441913 -0.741456 0.541664 -0.584643 -0.213645 0.679657 0.219930 0.174520
VERTEX_POSE A3898 -0.788948 0.013837 -0.503929 -0.791013 0.217789 -0.585731 0.303911 0.343043 -0.637164 -0.420765 -0.259239 0.445549 -0.539331 0.218285 -0.134810 -0.464382 -0.515868 0.185079 0.473357 -0.708060
VERTEX_POSE A3899 -0.245315 -0.604398 -0.625504 -0.859552 0.634392 -0.190209 0.343725 -0.601272 0.555966 -0.194151 0.243337 0.220329 -0.712567 -0.647092 -0.011279 0.389297 -0.374287 0.778492 0.429947 -0.142973
VERTEX_POSE A3900 -0.325669 0.747876 0.668206 -0.740479 0.571295 0.156951 0.701752 -0.423364 -0.179332 0.512678 -0.171930 -0.198099 0.253795 0.743289 0.792613 -0.205640 -0.087724 0.525098 0.371490 0.480655
VERTEX_POSE A3901 -0.112606 0.462686 0.943821 0.305452 0.447766 0.594387 0.656522 0.075035 0.534086 -0.100360 0.544837 -0.475838 0.340674 0.593026 -0.283369 0.663015 -0.250733 0.233958 0.057092 -0.531955
VERTEX_POSE A3902 -0.555295 -0.763137 0.769941 0.970785 0.968784 0.236751 -0.722373 0.386760 0.485731 0.663974 0.279539 -0.394935 0.145573 0.762277 -0.568754 0.103853 -0.349962 -0.478078 0.073067 0.262173
VERTEX_POSE A3903 -0.560269 0.089468 0.070963 0.368540 -0.236403 0.480253 -0.551633 -0.248552 -0.553674 0.058947 0.482217 0.351525 -0.354444 0.723369 -0.579875 -0.740649 -0.191863 0.054563 -0.134290 0.381595
VERTEX_POSE A3904 0.940624 -0.046948 -0.932782 -0.365589 0.663627 -0.545820 0.304038 0.690350 -0.353176 0.545131 -0.297614 0.456548 0.476883 0.424854 0.461188 0.549369 -0.220264 0.395244 -0.284901 0.453680
VERTEX_POSE A3905 0.904545 -0.718099 -0.060656 0.212155 -0.168303 0.027233 -0.438298 0.724053 0.224291 0.185955 -0.239597 -0.309353 0.427952 0.592699 -0.130400 0.736857 0.073724 0.914466 0.217288 0.248219
VERTEX_POSE A3906 0.222944 -0.798165 -0.079649 0.916999 -0.765041 -0.806624 0.167179 0.417447 0.250421 -0.350664 0.547589 -0.027013 0.449903 0.466244 -0.394906 -0.778519 -0.031062 0.360508 -0.201449 0.554559
VERTEX_POSE A3907 0.342286 -0.444926 -0.352344 -0.090620 0.377357 0.227803 -0.389567 0.504065 -0.327882 0.145048 -0.583783 0.307255 -0.592728 -0.619018 -0.359932 0.376468 -0.000692 -0.785266 -0.578052 0.148093
VERTEX_POSE A3908 -0.987507 0.157021 -0.101695 0.941055 0.187336 -0.458090 -0.090178 -0.369898 0.022273 -0.716832 0.080988 0.643065 0.224506 0.405997 -0.129179 -0.520904 0.579990 0.599531 -0.395318 -0.596150
VERTEX_POSE A3909 -0.624143 -0.016910 -0.181174 0.433132 -0.318970 0.607560 0.349426 0.603776 -0.471905 0.294246 0.340626 0.146781 -0.607212 0.550954 0.446145 0.470577 -0.293615 0.433112 -0.448522 -0.360095
VERTEX_POSE A3910 -0.848331 -0.533549 -0.198540 0.046180 -0.216564 0.452831 -0.345558 0.588503 0.274801 -0.438977 0.300116 0.432316 0.338449 -0.172464 -0.698965 0.039746 0.540198 0.209714 0.756149 0.491973
VERTEX_POSE A3911 -0.698166 0.509859 -0.269832 -0.590059 -0.630280 -0.709116 -0.352410 -0.110147 -0.504678 -0.283196 0.446880 -0.234826 0.030536 -0.870396 0.411980 -0.856130 -0.090029 -0.132609 0.248427 0.149904
VERTEX_POSE A3912 0.267017 -0.658214 -0.644656 -0.796832 0.160458 0.265331 0.426826 0.287061 -0.490083 -0.435156 0.587322 -0.156435 -0.495412 0.003195 0.695783 -0.616159 -0.148555 0.425244 0.058087 0.742004
VERTEX_POSE A3913 0.105735 -0.266216 0.623183 -0.216822 -0.917597 0.063240 0.120723 0.738575 0.216254 -0.624132 0.512453 -0.565629 0.538421 0.385965 -0.678739 -0.415121 -0.165208 -0.410624 -0.365599 0.125048
VERTEX_POSE A3914 -0.904071 0.375806 0.767306 0.663293 -0.156821 0.378920 0.416500 0.100226 -0.381155 0.339541 -0.435021 -0.651158 0.560492 0.292910 -0.340511 -0.359937 -0.637103 -0.413747 -0.517236 0.555891
VERTEX_POSE A3915 -0.175337 -0.656861 -0.816580 -0.413811 -0.618192 0.386901 -0.237704 0.407709 0.269047 -0.050968 0.634816 0.537838 -0.661114 -0.255238 0.311714 0.060082 -0.604662 0.625689 0.707260 -0.004443
VERTEX_POSE A3916 -0.989020 -0.637551 0.576912 -0.386001 -0.210071 0.289695 -0.365167 0.238537 -0.644655 -0.668738 -0.281793 0.497208 -0.077653 -0.266297 -0.335789 0.602151 -0.482750 -0.374869 0.225447 0.748152
VERTEX_POSE A3917 0.638084 0.662262 0.361556 0.190543 0.085120 0.133929 -0.506990 0.608643 0.329380 -0.463997 -0.346715 0.453198 -0.400979 0.171566 -0.154795 -0.439669 -0.667620 0.802634 0.416624 -0.184905
VERTEX_POSE A3918 0.929963 0.827820 -0.923131 -0.999175 0.158553 -0.344814 -0.171239 -0.501065 0.598077 0.273186 -0.517193 -0.234307 -0.513338 -0.576014 0.552236 -0.038868 -0.226691 -0.404405 0.794368 -0.313472
VERTEX_POSE A3919 0.657034 -0.931874 -0.549773 0.325475 0.621564 0.256435 -0.570662 0.367005 -0.410650 0.304056 -0.498986 0.853561 0.303158 -0.283179 0.062414 -0.638383 -0.729340 0.182059 0.287153 -0.064756
VERTEX_POSE A3920 0.655600 -0.738797 0.536546 -0.910819 0.084953 -0.161040 -0.869612 -0.183012 -0.457534 0.018878 -0.199099 0.542413 0.155235 0.223998 0.175346 -0.415980 0.748244 0.663152 -0.215132 -0.562870
VERTEX_POSE A3921 -0.434595 -0.964238 0.207451 0.010592 -0.364529 -0.572308 -0.087178 0.064537 0.730941 0.094180 -0.052912 -0.254430 -0.436743 0.009314 0.261004 -0.743681 0.534108 -0.073016 0.489617 0.841235
VERTEX_POSE A3922 -0.760099 -0.472397 0.876806 0.640648 -0.807284 0.550698 -0.720693 0.365359 0.567900 0.415738 0.324134 -0.190511 -0.089399 0.233556 -0.264745 0.322262 0.803545 -0.517530 -0.442627 0.247421
VERTEX_POSE A3923 -0.899887 0.063287 -0.674125 0.428395 -0.493492 0.296744 0.060177 -0.314040 0.454969 0.004821 0.630298 0.560070 0.502172 0.210340 -0.205011 0.833994 -0.271905 -0.590964 0.220529 0.621231
VERTEX_POSE A3924 0.025143 -0.992053 0.095019 -0.274106 0.772459 0.070580 -0.150009 -0.514411 -0.675417 0.483795 0.029002 0.535312 0.781916 -0.305544 0.324735 -0.352805 -0.229416 0.383169 0.087039 0.767171
VERTEX_POSE A3925 -0.387619 -0.461446 -0.077410 -0.890796 -0.346803 -0.685450 -0.258484 0.064987 0.167902 -0.119971 0.603924 -0.521132 0.729479 -0.130433 0.269719 0.602840 0.465312 -0.397039 -0.152435 0.630495
VERTEX_POSE A3926 -0.202184 0.329369 -0.493526 -0.974251 0.804904 0.137794 0.846892 0.222375 0.122003 0.080612 0.709262 0.556183 -0.213221 0.395173 -0.545527 -0.348616 0.534405 0.599324 -0.330574 -0.075803
VERTEX_POSE A3927 0.159533 -0.159750 -0.024498 0.399861 -0.756987 0.154304 -0.455152 0.393485 -0.716098 -0.317990 -0.562486 -0.350460 -0.481406 0.565507 -0.472683 0.678003 0.396257 0.342263 -0.016694 -0.227953
VERTEX_POSE A3928 -0.623820 -0.052545 0.019291 -0.157418 0.206363 -0.284098 -0.299788 -0.599797 -0.672096 -0.611292 0.249126 0.298073 -0.307018 -0.653890 -0.285920 0.216132 0.059589 -0.544956 0.628868 -0.383480
VERTEX_POSE A3929 0.008868 -0.656794 0.002545 -0.765264 0.022693 -0.470243 -0.762415 -0.431001 -0.399742 0.185552 -0.099435 0.577302 0.029524 -0.682687 0.477369 -0.618701 0.481932 -0.240665 0.025109 0.325623
VERTEX_POSE A3930 0.914219 0.235852 0.349999 0.540309 0.877405 -0.266855 0.047037 -0.167078 -0.115106 0.676058 0.690753 0.628895 -0.241788 0.098587 0.607630 0.610512 -0.406221 0.388350 -0.330978 0.565871
VERTEX_POSE A3931 0.050511 -0.304668 -0.312503 0.102102 -0.222342 0.213026 0.585055 0.080951 0.606544 0.543128 0.044516 0.104905 -0.173442 0.857095 0.212165 -0.111197 -0.505458 -0.728495 0.565929 0.036951
VERTEX_POSE A3932 0.896262 0.805892 -0.053634 0.540188 -0.529541 -0.655898 0.202942 0.481723 -0.344562 0.044765 -0.033303 -0.316049 0.734469 -0.440860 0.117328 0.059574 -0.634327 0.580880 0.643286 0.412439
VERTEX_POSE A3933 -0.641076 0.472715 0.119940 0.511095 0.846189 -0.004135 -0.310203 -0.458742 0.797842 -0.127374 0.453176 0.599529 0.261478 -0.605790 -0.031395 0.312915 -0.402367 0.054869 -0.849273 -0.235174
VERTEX_POSE A3934 0.490241 0.784800 0.758459 -0.529357 0.541255 0.323841 0.844194 0.286942 0.732470 -0.118122 0.162074 -0.246585 -0.198120 0.589987 0.545659 -0.435165 -0.110290 0.008198 0.211576 -0.728799
VERTEX_POSE A3935 0.836886 -0.241056 0.013584 -0.825402 -0.865914 0.482892 -0.496014 0.494271 -0.138654 -0.385221 -0.734526 0.363344 0.355297 0.056408 0.757300 -0.109852 -0.434879 0.205107 0.683572 -0.154487
VERTEX_POSE A3936 -0.736531 0.754616 -0.940716 -0.276751 -0.322114 0.057551 0.728848 0.046025 -0.000716 0.680185 -0.018463 -0.700549 0.007605 -0.495500 0.603170 -0.074388 -0.038469 -0.376968 -0.023178 0.866337
VERTEX_POSE A3937 -0.286814 0.986635 -0.321190 -0.612358 0.776214 0.524930 0.054633 -0.467415 -0.127029 0.755409 0.465545 0.432757 0.506816 -0.036493 0.037287 0.342398 -0.581721 0.720863 -0.228635 0.474405
VERTEX_POSE A3938 0.179172 0.314017 0.661240 0.083978 0.511443 0.599511 0.366931 -0.116051 -0.070201 -0.643042 -0.273491 0.226460 -0.444125 0.831956 -0.075013 0.475297 0.448045 -0.760754 0.169426 0.137259
VERTEX_POSE A3939 -0.724038 -0.088364 -0.042411 -0.335696 0.865222 0.601732 -0.466349 0.591823 -0.333061 -0.151945 0.477083 -0.566106 -0.623114 -0.140757 -0.385586 -0.059830 0.423781 -0.240494 0.606284 0.471947
VERTEX_POSE A3940 0.089043 -0.030275 0.497635 0.820774 -0.542756 -0.394271 -0.025552 -0.414933 0.201884 0.559795 0.416480 -0.495025 0.537939 0.372352 0.521511 -0.296119 0.451756 0.535509 0.555798 -0.558252
VERTEX_POSE A3941 0.330841 0.780468 -0.537299 -0.869842 -0.705120 0.116500 -0.749567 -0.632864 0.027035 0.197813 0.006927 0.372020 0.106745 -0.105763 -0.718569 0.352206 -0.568913 0.575288 0.513395 -0.514380
VERTEX_POSE A3942 -0.422204 -0.578505 0.687757 0.074245 -0.765058 -0.636771 -0.361067 0.412031 -0.743713 0.507565 -0.243706 0.035051 0.414076 0.001756 -0.199638 -0.661388 -0.473265 0.018149 0.055810 -0.739496
VERTEX_POSE A3943 -0.643940 0.311511 0.852979 -0.976058 0.617702 -0.760017 0.260334 -0.287486 0.204494 0.539894 -0.166330 0.537418 -0.155659 -0.644252 0.080001 0.675162 -0.278716 -0.292126 -0.400832 -0.630034
VERTEX_POSE A3944 -0.563423 -0.485747 -0.914116 -0.086664 -0.622717 -0.593860 0.316339 -0.506498 -0.363397 0.180880 0.716714 0.463318 0.484863 -0.351055 0.500583 -0.275417 0.106480 0.223663 0.745832 0.308549
VERTEX_POSE A3945 -0.326275 0.797301 0.455063 -0.262462 0.078121 0.423584 -0.101384 -0.348229 -0.410678 0.822761 -0.357281 0.177206 -0.068995 -0.582646 -0.444873 -0.081268 0.443544 0.650082 0.549018 0.463551
VERTEX_POSE A3946 0.180723 0.654650 -0.963600 -0.389869 0.999510 0.193262 0.515084 -0.339786 -0.537173 -0.244268 0.515248 -0.558405 0.218051 0.020501 -0.428335 -0.412895 -0.785456 -0.422857 0.676012 -0.041279
VERTEX_POSE A3947 -0.552443 -0.123298 0.662796 0.527334 0.167213 -0.035991 0.577380 0.235871 0.491599 0.410520 0.443815 -0.293869 -0.292370 -0.107632 0.770749 -0.493869 -0.005034 0.276808 0.410754 -0.857778
VERTEX_POSE A3948 -0.688191 0.459563 -0.183381 0.928081 -0.836759 0.118454 0.324519 -0.432493 0.122294 0.561214 0.726720 0.433868 -0.558131 0.458213 -0.610521 0.252816 0.226905 0.640340 0.451996 -0.152914
VERTEX_POSE A3949 0.110686 0.482469 -0.886732 -0.389044 0.158062 -0.480882 -0.020344 -0.115593 0.376752 -0.590590 -0.153981 0.517664 -0.068418 0.708716 0.597377 0.464205 -0.584408 -0.044444 0.656218 0.345133
VERTEX_POSE A3950 -0.895409 -0.055173 -0.886977 -0.147190 -0.211223 0.413369 0.886786 -0.146241 0.333805 -0.274094 -0.503603 -0.052729 0.187651 0.646133 0.437931 -0.102512 -0.232092 -0.723282 0.304568 -0.503630
VERTEX_POSE A3951 0.967410 0.720766 -0.646835 -0.982737 0.248194 -0.537187 0.095653 -0.366235 0.276364 -0.696651 0.358505 -0.462855 -0.699879 -0.276634 0.626068 -0.124785 -0.757235 -0.169874 0.011219 -0.295658
VERTEX_POSE A3952 0.676091 0.518231 0.320719 0.621548 0.793533 -0.511059 0.369806 -0.274985 -0.807684 -0.253025 0.330470 -0.028127 0.289248 0.748944 0.143580 0.724699 0.227658 -0.255067 0.436313 -0.449919
VERTEX_POSE A3953 -0.655508 0.472431 0.989829 -0.506543 -0.018507 -0.406679 0.273765 0.831963 -0.317605 0.636104 -0.201109 0.389070 -0.057192 0.102172 -0.690224 -0.155083 -0.450056 -0.325505 -0.702213 0.233246
VERTEX_POSE A3954 -0.932477 -0.215947 -0.320960 0.445657 0.754701 -0.356597 -0.476405 -0.230615 -0.261752 -0.199684 -0.770475 0.796617 -0.453867 -0.061079 -0.409049 -0.412425 0.585171 0.049027 -0.597558 0.083841
VERTEX_POSE A3955 -0.298766 0.526178 -0.584262 -0.652558 0.565992 0.324269 0.906487 -0.141212 -0.569153 0.115815 -0.799356 -0.328844 0.301846 0.329189 0.493890 -0.003504 -0.188761 -0.467813 0.271558 0.443951
VERTEX_POSE A3956 -0.043127 -0.989015 -0.087581 -0.397338 0.634689 0.576234 0.281158 -0.079172 0.034050 -0.192980 -0.504525 -0.424919 -0.600188 0.343039 -0.188264 0.563985 0.621577 0.671413 -0.453216 0.484925
VERTEX_POSE A3957 -0.134661 -0.886578 0.185514 0.471406 0.559605 0.646988 -0.613109 -0.262764 -0.342380 -0.551223 0.731981 0.584377 0.139470 0.515875 0.327254 0.484466 0.358957 -0.124864 0.257082 -0.013496
VERTEX_POSE A3958 0.860767 -0.633572 0.391240 0.747303 0.809006 0.272077 0.282812 -0.610173 -0.589212 0.467676 0.459567 -0.718979 -0.220358 -0.495688 0.063875 0.806545 -0.165820 -0.240401 0.047161 -0.378529
VERTEX_POSE A3959 0.333053 -0.041560 0.931710 0.445243 -0.158948 0.446135 0.229862 0.246541 -0.375906 0.576665 0.668971 -0.429650 -0.327935 -0.134028 0.427576 0.533678 -0.455816 -0.540590 0.471453 -0.515716
VERTEX_POSE A3960 0.874207 -0.543372 -0.811941 0.706142 -0.417702 -0.022644 0.184715 0.000957 0.299612 0.538630 -0.253917 0.428092 -0.346447 0.755192 -0.787565 0.294633 0.470700 0.325881 0.684780 0.379013
VERTEX_POSE A3961 0.774986 0.602280 -0.258761 0.287613 0.686411 0.125086 0.480716 -0.737037 0.754546 -0.545789 -0.003182 -0.062040 0.326989 0.614978 -0.196271 -0.335663 -0.243269 -0.610445 -0.501433 -0.139243
VERTEX_POSE A3962 -0.616437 0.653772 -0.380794 -0.452654 0.618710 0.164317 0.586214 0.514769 0.528611 -0.087947 0.534924 0.715307 -0.386999 -0.340093 0.384454 0.680778 -0.478108 -0.184663 0.188126 -0.323450
VERTEX_POSE A3963 0.770469 -0.737480 0.134426 0.246330 0.052758 0.349783 -0.535264 0.497648 0.182562 0.008358 0.466327 0.556677 0.472928 0.365318 -0.687560 0.334821 0.606187 -0.248386 -0.614537 0.184297
VERTEX_POSE A3964 -0.866090 0.074995 0.861178 -0.201293 0.532600 0.175871 -0.167264 0.327867 -0.275002 0.574428 -0.363484 0.058063 0.322850 -0.557605 -0.072699 -0.722905 -0.644958 0.940631 0.123413 -0.182997
VERTEX_POSE A3965 0.873805 0.438572 -0.622335 0.017988 0.159964 -0.628177 0.338995 0.601586 -0.691482 -0.611024 -0.338815 0.125499 -0.544848 0.679820 -0.333386 0.411520 -0.184133 -0.018702 0.213365 0.165041
VERTEX_POSE A3966 0.607355 0.021463 -0.851990 0.420928 0.186844 0.870196 0.442758 0.084786 -0.463257 0.595896 0.148608 0.147643 -0.497760 -0.467221 -0.072075 0.407644 -0.587022 0.034036 -0.186907 0.638620
VERTEX_POSE A3967 -0.602621 -0.170389 0.920462 0.521957 -0.789514 0.106295 0.039718 0.215586 0.317151 0.572084 0.638126 -0.692317 -0.166271 0.128956 -0.270863 -0.389315 0.720593 -0.579177 0.701378 -0.102149
VERTEX_POSE A3968 -0.413010 0.425206 0.056475 0.405630 -0.063822 0.517712 -0.502220 -0.391634 -0.106157 -0.608811 0.396308 -0.452789 0.297333 -0.503802 0.624183 0.537120 0.346421 0.355079 -0.014802 -0.561907
VERTEX_POSE A3969 -0.213473 -0.664519 0.809250 -0.495094 -0.301713 -0.590020 -0.611150 0.492285 -0.048283 -0.003034 0.146144 -0.509208 0.484691 -0.224566 -0.170986 0.625641 0.664704 0.600846 -0.011573 0.494000
VERTEX_POSE A3970 -0.326659 0.741247 -0.121949 -0.813739 -0.924292 0.620389 -0.196408 0.226002 0.218764 -0.822948 -0.283151 0.357267 -0.085803 0.608186 0.172413 0.283951 0.413112 -0.640229 -0.442933 0.572884
VERTEX_POSE A3971 0.676033 -0.605069 -0.445890 0.226404 0.393422 -0.389505 -0.509700 -0.081955 0.575845 -0.643836 0.465731 -0.251076 -0.424613 -0.074376 -0.234367 -0.379499 -0.528577 0.631444 -0.036953 -0.701037
VERTEX_POSE A3972 -0.882632 -0.884051 -0.728049 -0.364937 -0.006833 -0.650542 -0.141932 -0.465714 0.450049 0.718904 -0.337883 -0.564675 0.618906 -0.044374 0.151352 -0.165951 -0.732488 -0.180240 0.229015 0.361162
VERTEX_POSE A3973 0.251136 -0.837257 -0.434193 0.260506 -0.689350 -0.654506 0.053387 -0.461881 0.054191 0.035570 0.136788 -0.122360 0.593248 -0.514962 -0.708639 0.105820 0.630135 0.227032 0.795451 0.325114
VERTEX_POSE A3974 -0.967907 0.706442 -0.592910 0.250346 0.011124 0.560889 -0.356406 0.105384 -0.285177 0.244773 0.104534 -0.249930 -0.601118 -0.738526 0.605201 0.504590 -0.574684 -0.418741 0.443967 -0.319818
VERTEX_POSE A3975 -0.446055 -0.369798 -0.642165 0.548399 0.370450 0.614458 -0.130264 -0.239257 -0.065077 0.793636 0.476165 0.330495 0.578147 -0.641962 0.599015 -0.129368 0.421473 0.387506 0.046729 0.355342
VERTEX_POSE A3976 0.924861 0.960044 -0.979130 0.998044 0.388771 0.070042 -0.395083 -0.808710 0.334583 -0.307936 -0.259355 -0.840724 -0.435329 0.013092 -0.398742 0.376664 -0.230505 -0.131669 0.646296 -0.474782
VERTEX_POSE A3977 0.212816 0.361092 -0.556511 0.860477 0.010634 -0.764189 0.202667 0.204095 -0.239115 0.562165 -0.583773 -0.201060 -0.095174 0.652302 -0.062730 0.578928 0.320467 -0.560784 -0.546517 -0.298926
VERTEX_POSE A3978 0.001502 0.506904 -0.979368 0.075733 -0.462337 0.162372 0.161896 0.731287 -0.416110 -0.147668 0.371788 -0.794575 0.084769 0.225127 -0.200756 0.871417 -0.305974 0.358937 0.430617 0.427423
VERTEX_POSE A3979 -0.763330 0.419607 -0.162510 0.926125 0.552012 0.368694 0.472519 0.435449 -0.445266 0.661438 -0.311310 -0.436182 0.273487 -0.173076 -0.057259 -0.406643 -0.575911 0.687219 0.314757 -0.593162
VERTEX_POSE A3980 -0.676498 -0.156439 -0.443243 -0.528567 -0.831304 0.759514 -0.166104 0.235702 -0.103867 -0.214101 -0.716810 -0.108929 -0.462133 0.546378 -0.370262 0.631795 0.337751 0.513216 0.560213 -0.134250
VERTEX_POSE A3981 0.106093 -0.548269 -0.866345 0.928543 0.326440 -0.107421 0.165736 -0.072891 0.500682 -0.327354 -0.386068 -0.526824 -0.093970 0.551807 0.579719 -0.303407 0.714164 0.352364 0.874348 0.176401
VERTEX_POSE A3982 -0.795920 0.140373 0.190655 0.943388 -0.199795 0.483842 0.512237 -0.351111 0.065191 0.451655 -0.513808 0.193420 0.319931 0.576963 0.849516 -0.428856 0.076881 -0.050575 -0.497341 -0.523379
VERTEX_POSE A3983 0.999593 -0.638208 0.877476 -0.907018 0.962229 0.484659 -0.675326 -0.417556 0.323526 0.293279 0.299600 0.451129 -0.128251 0.019526 0.455463 -0.085288 0.721162 0.499473 0.658938 -0.464145
VERTEX_POSE A3984 0.450585 0.924162 -0.876516 -0.578000 -0.692068 -0.236026 0.560353 0.326409 -0.364621 0.225465 -0.179381 -0.704366 -0.143330 0.542769 0.481712 0.562543 0.461978 -0.288385 0.546051 -0.594354
VERTEX_POSE A3985 -0.728397 0.924426 0.869695 0.389045 -0.445093 0.576868 0.256522 0.723324 0.280936 -0.601718 -0.270223 -0.463586 0.479760 0.018083 0.560516 0.535938 -0.629811 -0.243327 0.233950 -0.082419
VERTEX_POSE A3986 -0.299173 0.887971 -0.706786 -0.559576 0.528221 -0.102180 -0.479347 -0.690927 -0.017330 0.374101 0.179015 -0.673941 -0.501802 0.530664 0.582402 -0.215869 0.453300 -0.442573 0.576082 -0.059056
VERTEX_POSE A3987 -0.592542 0.935147 0.035902 0.024662 0.942622 0.323712 -0.112086 0.707251 0.521423 -0.663264 -0.040388 0.622253 0.192236 -0.022794 -0.382461 -0.136676 0.672771 -0.299756 -0.701344 -0.212190
VERTEX_POSE A3988 0.136942 -0.962152 0.055210 -0.139548 -0.885488 -0.566612 -0.556516 -0.112757 -0.504949 -0.331647 0.310207 0.282886 -0.192459 0.894429 -0.475745 0.534571 0.146860 0.342958 -0.507439 -0.263602
VERTEX_POSE A3989 -0.438405 -0.745601 0.684454 -0.812273 0.337227 -0.630162 -0.453247 -0.106459 0.176328 -0.595191 0.700913 0.707103 -0.065187 -0.002718 0.222265 -0.177021 -0.564692 -0.149691 0.636183 0.422496
VERTEX_POSE A3990 0.740510 -0.106413 -0.032388 -0.530095 -0.216326 0.578891 0.597292 -0.014803 0.320539 -0.542908 0.693663 -0.579879 0.503037 0.510266 0.133944 -0.099810 -0.409835 0.456004 0.292379 0.300460
VERTEX_POSE A3991 0.011149 -0.505523 0.243269 -0.433407 -0.303190 -0.355342 0.029363 -0.911734 0.608021 -0.682949 -0.315064 0.483738 0.638239 -0.242556 -0.099362 -0.311349 0.102722 -0.510066 -0.168614 0.009551
VERTEX_POSE A3992 -0.663419 0.856680 -0.574307 0.475340 0.023638 0.292273 -0.502996 0.548940 -0.595934 0.089712 -0.372225 0.594257 -0.238260 -0.710355 -0.369446 -0.415305 0.055781 0.264211 0.713934 0.228906
VERTEX_POSE A3993 -0.875926 -0.452641 0.586818 0.017251 -0.597617 0.226232 -0.368739 -0.838180 -0.665062 -0.573017 0.010858 0.124060 -0.363023 -0.103101 0.317658 -0.629941 0.531449 0.624671 -0.084090 0.065340
VERTEX_POSE A3994 -0.218382 -0.243004 -0.622305 0.812923 0.749568 -0.074160 -0.162525 -0.695194 0.487249 -0.312437 -0.308004 -0.326234 -0.294986 0.546315 0.136923 0.882939 -0.015967 -0.794929 0.096798 -0.350889
VERTEX_POSE A3995 -0.529509 -0.068325 -0.713128 -0.725952 -0.443762 -0.226775 -0.206865 0.446052 -0.624972 -0.449752 -0.509960 -0.607163 0.043635 0.150792 -0.156174 0.736295 -0.511232 -0.406135 0.459233 0.506834
VERTEX_POSE A3996 0.997878 0.985930 0.964483 -0.964761 0.562348 -0.623741 0.567860 -0.382446 -0.003776 0.083940 -0.606768 -0.049266 0.235981 0.417874 0.780056 0.472732 -0.279766 -0.004183 0.625561 0.482370
VERTEX_POSE A3997 -0.611026 0.778460 -0.474295 0.233851 -0.063588 -0.195538 -0.419585 0.237274 0.807435 -0.512986 0.077578 -0.286478 -0.097940 -0.477260 -0.144740 -0.556303 -0.645287 0.454747 0.491659 -0.541766
VERTEX_POSE A3998 -0.132130 0.761286 -0.792666 0.796004 -0.233276 -0.576305 0.415166 0.285651 -0.268921 -0.435087 0.332881 0.588150 0.618470 0.126993 0.159653 -0.295663 -0.656483 -0.473439 0.410384 -0.600413
VERTEX_POSE A3999 -0.415131 0.411137 0.020958 0.440869 -0.501474 0.117808 0.036816 0.517005 -0.436921 -0.290744 -0.498775 0.812964 0.213182 -0.473222 -0.332981 0.579367 -0.437993 0.153083 -0.730068 -0.261059
