VERTEX_POSE A0 -0.563494 -0.473988 -0.624344 0.136151 -0.689469 0.371156 -0.384553 0.033859 0.734064 0.411984 0.509932 0.507158 -0.348075 -0.473350 0.011354 -0.742675 0.409173 -0.257012 -0.098314 0.589355
VERTEX_POSE A1 0.442933 -0.522366 -0.966651 -0.328861 0.296978 0.239880 0.450714 0.183444 0.562039 -0.731608 0.056209 0.311736 0.180256 0.854815 0.577339 0.063781 -0.307952 -0.442798 -0.474391 0.371006
VERTEX_POSE A2 0.782986 -0.080618 -0.474919 0.275266 0.206364 0.256356 0.498486 0.494414 0.183416 -0.288278 0.429563 -0.587468 -0.516350 -0.004466 0.304881 0.138965 -0.754959 -0.680124 0.618449 -0.032368
VERTEX_POSE A3 0.326659 0.203099 -0.376998 -0.295095 -0.992611 -0.437849 -0.397710 0.549026 0.664570 -0.310174 0.614795 0.416992 0.437601 0.014336 0.401481 -0.580842 -0.526154 0.177669 0.465561 0.208696
VERTEX_POSE A4 0.428288 0.653693 0.793624 0.325947 -0.070796 0.554927 0.294776 -0.484742 -0.068679 0.454797 0.522251 0.302454 0.593800 -0.193678 -0.667381 0.568631 -0.164461 0.387895 0.174151 0.654004
VERTEX_POSE A5 -0.554465 -0.301908 0.558378 0.849422 0.995150 -0.116121 0.453221 0.169218 0.561105 0.687034 0.307670 0.120573 0.189774 -0.571854 0.112595 0.242620 -0.741409 -0.802783 0.477176 0.000694
VERTEX_POSE A6 -0.203709 -0.329512 0.587061 0.444409 0.807716 -0.363426 -0.054952 -0.011871 0.370697 -0.501457 0.708219 0.716203 0.208440 -0.019366 -0.460904 -0.163730 0.466662 -0.071593 0.821746 0.529279
VERTEX_POSE A7 -0.470177 -0.456381 0.049798 0.464341 -0.180634 0.461403 -0.277501 -0.092608 -0.245086 -0.902367 -0.281822 0.239086 -0.062320 0.356564 0.603884 -0.279334 0.490268 0.552451 0.163757 -0.737902
VERTEX_POSE A8 -0.538018 0.806187 0.963877 0.859955 -0.568695 -0.300410 0.122473 0.591003 -0.864176 -0.239657 -0.361701 0.090839 -0.595861 -0.295208 -0.030207 0.717231 -0.574638 -0.392160 0.241028 0.320205
VERTEX_POSE A9 -0.822213 0.219497 0.138215 -0.296301 -0.482663 0.418312 0.155430 -0.077636 -0.413978 -0.418480 0.015369 0.692595 0.159871 -0.106355 -0.191577 0.141088 -0.971093 -0.370469 0.869052 0.198505
VERTEX_POSE A10 0.969826 -0.155805 -0.944821 0.531831 -0.493191 -0.650993 -0.343507 0.549402 -0.359620 -0.577261 -0.411117 0.199228 -0.377183 0.285014 0.353171 -0.565728 -0.387668 -0.531469 0.294036 -0.545547
VERTEX_POSE A11 -0.697237 -0.330069 0.148012 0.292600 -0.407234 0.006396 -0.548263 -0.226518 -0.561295 0.498710 -0.392061 0.232809 -0.410949 -0.630908 -0.454122 -0.463507 0.563170 -0.651521 -0.258801 -0.282440
VERTEX_POSE A12 -0.927167 0.615371 -0.929372 0.366361 0.499661 -0.538084 -0.597425 -0.350279 0.473783 -0.237773 0.400820 0.646304 -0.470123 -0.263078 0.080041 0.571169 -0.141122 0.248758 0.198237 -0.792163
VERTEX_POSE A13 0.839100 -0.035048 0.496199 0.687086 -0.294933 0.495730 -0.764563 -0.081348 0.048312 0.170190 -0.966977 -0.475548 -0.512942 -0.037122 0.447308 -0.131771 -0.113045 -0.570690 -0.325586 -0.210194
VERTEX_POSE A14 0.444691 0.220056 0.763457 0.930828 0.778555 0.238086 0.344152 -0.326276 -0.219883 -0.649313 -0.021161 0.245184 0.466269 -0.281906 0.651260 -0.491607 -0.512300 0.640869 -0.029442 0.742411
VERTEX_POSE A15 -0.537611 0.501129 0.541262 0.993051 0.143923 -0.159073 -0.271708 0.737065 -0.626983 -0.597805 -0.113284 -0.386365 -0.049242 0.108672 -0.349240 0.652053 0.473963 0.557084 -0.375774 0.455468
VERTEX_POSE A16 -0.670961 -0.541814 0.664825 -0.326047 0.371582 0.616798 0.348958 -0.664214 0.386814 0.003094 0.558916 0.056994 -0.116853 -0.201545 -0.164137 -0.778163 -0.402394 -0.663133 0.508946 -0.209503
VERTEX_POSE A17 0.982288 -0.674780 0.257017 0.998437 0.692268 -0.480425 -0.367600 0.317344 0.397221 0.388445 0.636100 0.457036 -0.509800 0.484215 -0.312912 0.646730 0.300620 0.551916 0.189275 -0.412107
VERTEX_POSE A18 -0.222961 -0.139423 0.484483 0.952300 -0.271960 0.231564 0.251928 -0.002428 0.582895 0.149218 -0.397499 -0.085659 0.332253 -0.796455 -0.743672 0.390473 -0.091521 0.215003 0.807096 0.446399
VERTEX_POSE A19 -0.326435 -0.146461 0.158573 0.718726 0.695406 0.364157 0.079714 -0.607200 -0.338103 0.687345 -0.083349 0.855236 0.324607 0.305039 -0.139188 0.347335 0.619652 0.047682 -0.543315 0.383853
VERTEX_POSE A20 -0.920803 -0.151129 0.042625 0.295375 0.908835 -0.905198 -0.033463 0.278628 0.263354 -0.748629 0.243724 -0.279560 -0.655571 -0.338648 0.033915 -0.039431 -0.588619 -0.178768 0.084297 -0.633885
VERTEX_POSE A21 -0.246287 0.560989 0.704150 -0.815420 -0.046628 0.492035 -0.648815 0.369533 0.363295 -0.450338 -0.466722 0.767445 0.605281 0.068392 0.103988 0.028075 -0.793050 0.161656 0.095298 0.109590
VERTEX_POSE A22 0.029544 -0.484922 0.524870 0.119590 -0.033732 -0.076198 -0.643990 0.462794 -0.644459 0.599609 0.353975 -0.351711 -0.321047 0.462076 -0.261967 -0.230150 -0.448046 -0.621722 -0.264017 -0.496250
VERTEX_POSE A23 -0.966967 -0.111083 -0.738457 0.357470 -0.044743 0.260079 -0.392030 0.590759 0.109055 -0.455816 -0.199476 0.160313 -0.055798 -0.771326 0.614226 -0.482054 -0.102430 -0.719369 -0.634866 -0.076009
VERTEX_POSE A24 -0.235279 0.935870 -0.961610 0.434216 0.742627 -0.419800 0.358211 0.238413 0.439945 0.115174 0.092817 0.557695 -0.170028 -0.540810 -0.255523 0.596288 -0.720408 0.503885 0.688441 0.350830
VERTEX_POSE A25 0.437606 0.958671 -0.220477 -0.094528 -0.143036 -0.003086 0.701343 -0.241079 -0.098779 0.255882 0.238172 0.971349 -0.014517 -0.180513 0.064497 -0.550416 0.379454 -0.206290 -0.373463 -0.841775
VERTEX_POSE A26 0.811604 0.118805 -0.020919 0.788932 0.677199 -0.601934 0.295060 0.278228 -0.642526 0.194482 -0.473142 0.049500 0.746938 0.253748 0.214413 0.257963 -0.794832 0.420015 0.500655 0.050786
VERTEX_POSE A27 -0.732107 0.086127 -0.978416 0.242862 0.692626 0.031917 0.589694 -0.585835 0.523585 0.644010 0.231555 -0.626881 0.373905 0.553140 0.275943 0.101219 0.503965 -0.505684 0.295740 -0.207929
VERTEX_POSE A28 0.766445 0.195824 0.598575 -0.754760 -0.780327 -0.294137 0.379895 0.542686 0.382592 0.705554 -0.024703 -0.719082 -0.059584 0.278739 -0.269527 0.586436 -0.158476 -0.421168 0.102058 -0.775932
VERTEX_POSE A29 0.076236 0.755031 -0.148279 -0.881832 -0.921805 0.373397 0.060059 -0.726301 -0.379345 -0.599178 0.205285 -0.548867 -0.372955 -0.574540 0.437016 -0.452719 -0.194044 0.473744 -0.541597 0.250191
VERTEX_POSE A30 0.643460 0.160827 0.095309 -0.569230 -0.256676 0.640807 -0.029117 0.085948 0.380489 0.821813 0.049856 0.354522 -0.370555 -0.693240 0.543278 -0.189298 0.116271 0.154134 -0.388111 0.704291
VERTEX_POSE A31 -0.797049 0.721835 0.974231 0.381392 -0.469797 -0.171654 -0.314284 0.035916 -0.436478 0.244428 0.831817 0.430947 -0.234885 0.499205 -0.569670 0.434516 -0.237163 0.519406 0.772985 0.036580
VERTEX_POSE A32 -0.480832 -0.767335 -0.114931 -0.210693 0.375174 -0.668367 -0.012219 0.718366 0.470230 -0.046888 0.496957 -0.376609 -0.297113 -0.448311 -0.318653 -0.468916 -0.084863 -0.297986 0.830358 -0.169702
VERTEX_POSE A33 0.426446 -0.919790 0.620390 0.706036 0.949688 0.578596 0.032963 0.624236 0.195745 -0.456608 0.448143 -0.636234 0.393041 0.557192 -0.255749 -0.719103 -0.095189 -0.395864 -0.344721 0.299957
VERTEX_POSE A34 0.529610 -0.075066 -0.402768 -0.913703 -0.462408 0.100334 0.158505 0.564092 -0.544100 0.611867 0.048528 -0.132865 0.286650 -0.755704 -0.739429 -0.136209 0.268971 0.359833 0.706947 0.189767
VERTEX_POSE A35 0.947456 0.886358 -0.321307 -0.884745 -0.695622 -0.195915 0.569192 0.492882 0.329236 -0.427998 0.772714 -0.424847 0.230366 -0.068208 -0.801058 -0.526078 0.153381 0.176158 -0.403748 -0.363045
VERTEX_POSE A36 0.871981 -0.221698 0.178768 0.555458 0.944838 -0.091890 -0.693844 0.199205 -0.476186 -0.408716 0.010527 0.594157 -0.002534 -0.452691 0.586240 -0.187843 0.717120 0.260967 -0.562352 -0.490935
VERTEX_POSE A37 -0.674099 0.595422 -0.815707 0.530706 -0.654691 -0.580256 0.520889 -0.413113 -0.177473 -0.501924 -0.450053 0.262987 -0.272198 -0.720903 -0.723359 -0.231546 0.093676 -0.198484 -0.590798 0.313549
VERTEX_POSE A38 -0.522721 -0.570023 0.728491 0.579596 0.123743 -0.005086 -0.746501 0.552836 -0.566589 -0.290180 -0.644609 0.367471 -0.387205 -0.203820 0.657639 0.174768 -0.215423 0.333807 -0.421972 -0.436923
VERTEX_POSE A39 -0.666037 -0.415511 0.142645 0.415414 -0.623857 0.302799 -0.634932 -0.532599 -0.013372 -0.124927 -0.370313 -0.721895 -0.214382 -0.386620 -0.022088 0.726864 -0.617720 0.621702 0.083448 -0.219438
VERTEX_POSE A40 -0.496312 -0.185081 0.322508 -0.765595 -0.137354 0.735986 -0.658942 -0.080689 -0.496073 -0.403810 -0.659836 -0.282621 -0.274435 0.434260 0.057170 0.147070 0.390081 -0.359296 -0.552982 0.466219
VERTEX_POSE A41 -0.552895 0.274171 0.783671 0.111427 0.630552 0.470850 0.268300 0.837279 0.141449 -0.164206 0.042506 -0.292209 -0.847312 0.425403 -0.501558 0.246707 0.249270 -0.649112 0.349642 0.232495
VERTEX_POSE A42 -0.363274 0.254420 -0.709343 -0.291986 -0.031091 -0.927677 0.176812 -0.020741 -0.007424 -0.544496 -0.686207 -0.254722 -0.055508 -0.467158 -0.272891 -0.540710 0.527078 0.002788 -0.613851 0.180671
VERTEX_POSE A43 -0.423479 -0.569710 0.393136 0.600766 -0.637693 0.741869 -0.008453 -0.066595 -0.042677 0.911892 -0.406662 -0.170050 0.314839 0.693383 0.053480 0.226325 0.561093 0.645005 0.134297 0.185972
VERTEX_POSE A44 -0.713795 -0.760876 0.279870 -0.201488 -0.664381 0.702600 -0.431070 -0.439051 0.658730 0.603633 0.304834 -0.070413 0.431604 0.126982 -0.251555 0.127964 -0.259167 0.064731 -0.497140 0.794367
VERTEX_POSE A45 -0.918583 -0.525524 -0.945886 -0.361159 -0.252537 0.589565 0.122320 -0.257386 -0.419593 0.489975 -0.735806 -0.095461 -0.684944 -0.211278 0.658732 0.233684 -0.108339 -0.182524 0.470326 0.579627
VERTEX_POSE A46 0.038910 0.931419 -0.065602 0.593818 0.506229 0.111681 -0.646294 0.018352 -0.439019 0.604342 -0.305547 0.831559 0.450634 0.196262 -0.230640 0.066295 0.663818 0.223840 -0.098026 -0.653553
VERTEX_POSE A47 -0.384756 -0.302691 -0.055305 0.472465 0.707201 0.585072 -0.541317 -0.442580 0.093682 -0.510918 0.127608 -0.457715 -0.132281 -0.755760 -0.343084 0.162206 -0.300003 0.567190 0.634137 -0.355900
VERTEX_POSE A48 -0.936295 -0.200304 0.311131 -0.362722 -0.560269 -0.522326 -0.095414 -0.303830 0.575249 -0.305812 0.501866 -0.114213 -0.864840 -0.235013 0.618622 0.058324 -0.769893 0.022964 -0.382132 0.088603
VERTEX_POSE A49 0.815950 -0.208004 -0.581119 0.546117 -0.765730 0.612045 -0.285079 -0.381464 -0.496349 0.519934 -0.161116 0.237648 0.285884 0.733918 -0.543798 -0.728092 0.190215 0.163845 -0.191185 0.503696
VERTEX_POSE A50 0.288809 0.550848 -0.896731 0.191192 0.402607 -0.598466 -0.485143 -0.367783 -0.160484 0.792260 -0.160502 -0.504300 0.257709 -0.455019 0.063932 0.252450 0.001457 -0.598061 0.082556 0.794941
VERTEX_POSE A51 -0.857098 0.648567 -0.646244 0.932654 -0.651434 0.330086 0.704136 0.414014 -0.369953 -0.001038 0.356595 0.694488 -0.275478 -0.383845 -0.172639 0.639301 -0.684746 0.491996 0.139991 0.291923
VERTEX_POSE A52 -0.430338 -0.647015 -0.876970 0.730697 0.187642 0.185876 0.646224 -0.286761 0.459571 -0.426768 0.513570 0.380854 0.245689 0.459177 0.773579 -0.099756 -0.518309 0.103776 0.574413 0.417762
VERTEX_POSE A53 -0.681647 -0.934074 0.628139 -0.689218 -0.631125 0.429888 0.534227 0.192281 0.453184 -0.394172 0.078392 0.600445 -0.175999 -0.689973 0.407386 0.504719 0.276166 -0.288657 0.522985 -0.636044
VERTEX_POSE A54 -0.824065 -0.462516 -0.384700 0.290124 0.303823 0.218353 0.473503 0.651546 -0.514785 -0.530021 0.244618 0.204916 0.358344 -0.571265 0.411929 -0.484925 -0.293398 -0.689668 0.362367 -0.321285
VERTEX_POSE A55 0.334384 -0.711145 -0.838579 0.164913 -0.069731 -0.679449 0.223874 -0.649828 0.565852 0.380998 -0.513462 -0.329770 -0.518623 -0.049414 -0.252538 0.423685 0.538788 0.213629 -0.596860 -0.146104
VERTEX_POSE A56 0.755959 -0.975403 -0.592338 0.216254 0.225839 -0.301824 -0.428395 -0.379876 0.516200 0.461277 -0.681749 0.392186 -0.601047 -0.323554 0.346335 -0.488499 0.152308 0.607193 0.061752 0.512863
VERTEX_POSE A57 0.987539 0.656289 0.594380 0.079055 -0.018979 0.324997 -0.910982 0.064675 -0.565880 -0.400445 -0.277134 -0.416700 -0.050805 0.486200 -0.089874 0.025557 -0.822475 0.626450 0.080754 -0.078480
VERTEX_POSE A58 0.602277 0.374982 -0.816995 -0.592224 -0.377105 0.493594 -0.214633 -0.541609 0.425150 -0.523714 0.587948 -0.252750 0.334786 0.521402 0.402251 -0.075120 0.293912 0.591543 0.749621 0.052280
VERTEX_POSE A59 0.522404 0.220420 -0.993763 0.461494 0.445512 -0.193927 -0.670585 -0.088701 0.373479 -0.634976 0.514120 0.482947 0.032379 -0.322556 0.731663 0.223735 0.172510 -0.233102 0.309865 0.770721
VERTEX_POSE A60 0.063775 0.411320 -0.553899 0.197224 0.059217 0.245634 -0.548840 0.270003 0.715742 0.432446 0.536955 0.388451 0.271837 -0.678819 0.522895 -0.571386 -0.329673 0.055352 0.333748 -0.263246
VERTEX_POSE A61 0.245737 -0.464190 0.278314 -0.161454 0.366219 -0.637124 0.517763 0.104311 -0.450860 -0.813869 -0.166287 0.499428 -0.095308 -0.240536 -0.358600 0.046705 -0.554604 -0.113032 -0.241400 0.772026
VERTEX_POSE A62 0.725355 -0.057744 0.980468 -0.157114 0.975715 0.666293 -0.421578 0.237333 0.537410 0.587819 0.150607 -0.227490 -0.466533 0.672658 -0.309793 -0.101124 -0.367016 -0.345719 0.498860 0.577773
VERTEX_POSE A63 0.582944 0.643985 0.331170 0.986531 -0.565610 -0.090591 -0.628221 0.031856 -0.097173 0.549606 -0.051759 0.580994 0.288952 -0.565331 0.415281 -0.467628 -0.402006 0.687269 0.033194 0.717704
VERTEX_POSE A64 -0.327818 -0.383980 -0.101296 -0.455418 0.315907 0.664054 0.387534 -0.169167 -0.272434 0.513886 0.114622 -0.024100 0.110838 0.945919 -0.313571 -0.585566 -0.036719 -0.621212 0.480173 -0.249264
VERTEX_POSE A65 0.254964 0.867189 -0.422299 -0.070817 -0.486693 0.470547 0.349297 0.796428 0.772082 0.112688 -0.493340 -0.112421 0.810601 -0.333088 0.407541 -0.419979 -0.086230 0.061212 0.178429 0.062718
VERTEX_POSE A66 0.530400 0.530343 -0.990136 -0.898214 -0.261232 -0.621001 -0.295282 -0.595385 -0.283162 -0.021181 0.693180 0.566225 0.129790 -0.154524 -0.226714 0.938075 -0.193185 0.402699 -0.124618 -0.322212
VERTEX_POSE A67 -0.455837 0.394321 -0.922527 -0.899960 0.260745 -0.164261 0.300343 -0.536305 -0.000227 0.662904 -0.199503 -0.400632 0.503841 0.712975 -0.887574 -0.209581 -0.275220 -0.157243 -0.415419 0.297483
VERTEX_POSE A68 0.580865 0.462611 -0.238006 -0.540111 -0.141384 0.433432 0.142793 -0.134463 0.359209 0.625231 0.568097 -0.384976 -0.377093 0.319942 -0.370984 0.029364 0.658213 0.630294 -0.667559 0.351537
VERTEX_POSE A69 -0.992321 0.960320 0.738355 0.681381 0.862511 0.423243 -0.594185 -0.105939 0.332239 0.413442 0.784740 -0.515668 0.261063 -0.222594 0.455364 -0.123847 -0.135394 0.487045 0.626513 -0.552341
VERTEX_POSE A70 -0.121874 0.978811 0.220118 0.515454 0.636888 -0.596775 0.367676 0.387920 0.777774 0.326275 0.260450 0.109634 0.173033 0.651821 0.115529 -0.789157 0.199423 -0.116453 -0.325038 0.563067
VERTEX_POSE A71 -0.915446 -0.722470 -0.915498 -0.305706 0.721262 -0.748528 0.328805 -0.451834 0.018725 0.456512 0.247564 -0.116050 -0.391727 -0.582188 0.478261 -0.237308 -0.453339 0.444020 0.688272 -0.436005
VERTEX_POSE A72 -0.545217 0.234491 0.522026 -0.207192 0.493063 0.194177 0.340421 0.650386 0.436113 0.126095 0.117596 0.776098 -0.042315 0.102632 -0.385562 0.519875 0.441846 0.145305 0.772109 -0.597836
VERTEX_POSE A73 0.514852 0.233231 0.510775 -0.776533 -0.394203 -0.569321 0.663870 0.030182 -0.463872 -0.735822 0.046817 0.654767 0.030860 -0.157574 -0.038766 0.069866 -0.742155 0.174568 0.109583 0.649056
VERTEX_POSE A74 -0.338925 -0.292180 0.477638 -0.704940 -0.916432 0.247240 0.449808 0.061986 -0.168455 0.239584 -0.772767 -0.087343 0.338979 0.620095 0.880425 0.256760 -0.116274 -0.357376 0.747957 -0.030863
VERTEX_POSE A75 -0.259012 0.473615 -0.198104 0.591321 0.828683 0.705229 -0.218298 -0.081017 -0.013910 -0.170262 0.645367 -0.043794 -0.152883 0.722770 -0.312216 -0.921604 -0.229927 0.634872 -0.225011 0.040919
VERTEX_POSE A76 0.596269 0.707708 0.564889 -0.137692 0.353260 0.685460 -0.317229 -0.439672 -0.200784 0.438302 0.221404 0.113691 -0.356785 0.184237 0.682964 0.580475 0.360264 0.102298 -0.492960 0.770672
VERTEX_POSE A77 0.699985 -0.360761 -0.587964 0.888877 0.589798 0.509893 0.383156 -0.530725 0.128190 -0.799945 0.133481 0.817154 -0.203973 0.089077 0.064290 0.346780 0.523886 0.227382 0.226754 0.646624
VERTEX_POSE A78 0.356232 -0.829076 0.746591 0.063786 0.535884 -0.600011 0.563251 0.434471 0.181892 0.660472 0.008328 0.427033 0.139969 0.187731 0.450484 0.463923 -0.414728 -0.470753 0.108207 -0.777125
VERTEX_POSE A79 0.659974 -0.492596 -0.123980 0.499587 0.792991 -0.162637 0.594779 0.668614 -0.076145 0.181295 -0.618898 0.247684 0.290479 -0.251095 0.689567 0.530058 -0.112612 0.656431 -0.498027 0.306904
VERTEX_POSE A80 0.515935 0.431235 -0.169084 0.434995 0.824067 -0.440009 -0.662946 -0.261628 -0.515477 -0.071050 0.460986 0.565860 -0.724025 0.229733 -0.440536 -0.150541 0.297388 -0.162498 -0.092626 -0.760148
VERTEX_POSE A81 -0.354959 0.721772 0.849860 -0.745022 -0.061509 0.238093 -0.813218 -0.502576 0.418373 0.354037 -0.123692 0.315031 0.342318 -0.407400 0.734982 -0.200382 0.617672 -0.358931 -0.236644 0.429679
VERTEX_POSE A82 0.802876 -0.844029 0.229776 0.432241 -0.858443 0.074210 0.347798 0.609408 -0.092880 -0.017430 0.722866 -0.781709 0.218731 0.080736 -0.611186 -0.284943 -0.122300 0.035338 -0.865850 0.290881
VERTEX_POSE A83 -0.914403 0.784220 -0.046054 0.165692 0.011709 -0.630663 0.595273 0.055250 0.346938 -0.150947 -0.606584 -0.261452 0.162842 -0.758760 -0.547544 -0.752682 0.052743 0.337248 0.172677 0.224733
VERTEX_POSE A84 -0.036607 0.787698 0.477999 -0.434240 0.307366 -0.524012 -0.213347 -0.139638 -0.497962 -0.240061 0.448714 0.203531 0.432362 0.790062 -0.647193 0.610878 -0.062401 0.131001 0.580297 -0.388672
VERTEX_POSE A85 0.978811 -0.306545 0.845075 -0.277636 0.445380 0.271167 -0.573288 0.533865 -0.118356 0.048203 0.651194 0.647939 -0.379189 -0.110380 -0.701725 -0.570407 0.005628 0.014728 0.447068 0.527939
VERTEX_POSE A86 0.419981 -0.926924 0.115367 -0.669395 0.941979 0.355550 -0.395226 -0.189610 -0.196082 0.626241 -0.308180 0.835237 0.488419 0.228305 0.296238 -0.460074 0.059035 0.223067 -0.037373 -0.901923
VERTEX_POSE A87 -0.280648 0.812295 0.885661 0.782014 -0.466794 -0.039722 0.892555 -0.433496 0.773978 0.055585 -0.123711 -0.293389 -0.099466 -0.284800 -0.480982 -0.164195 -0.424941 -0.286284 0.404230 0.731499
VERTEX_POSE A88 0.966350 -0.650256 0.439456 0.801420 -0.573599 -0.526726 -0.439692 0.352769 -0.191060 0.650842 0.200677 0.679744 -0.014833 0.714956 -0.460151 0.063011 0.569316 -0.110749 0.615536 -0.001246
VERTEX_POSE A89 0.022258 0.448058 0.298372 -0.261619 -0.435126 0.773406 0.134969 0.549324 0.466093 -0.276420 -0.683640 -0.340302 0.487742 -0.027828 -0.239590 -0.510761 0.479640 0.106731 0.637657 -0.007150
VERTEX_POSE A90 -0.758244 0.032715 0.891899 0.243508 0.978718 0.252010 0.344506 0.173097 0.794377 0.125283 -0.272368 0.348023 0.393522 -0.040676 0.401323 -0.569128 0.705196 0.152564 -0.621975 -0.629998
VERTEX_POSE A91 0.030125 0.761064 0.885557 -0.001357 0.485617 -0.835892 -0.329016 0.419241 -0.027026 -0.636041 -0.386325 -0.008557 -0.351783 -0.275775 -0.330216 0.108197 -0.745048 0.437536 -0.593079 0.209384
VERTEX_POSE A92 -0.732006 0.983868 -0.423314 0.576926 0.931094 -0.332872 0.545109 -0.181982 0.825271 0.273334 0.024904 0.083865 -0.014921 0.913284 -0.444343 0.200706 0.360911 0.060413 0.766576 0.043809
VERTEX_POSE A93 0.967111 0.974971 0.872367 -0.913606 0.954433 -0.307884 -0.531508 -0.578885 0.599651 -0.205690 -0.580384 -0.170303 -0.698074 0.323328 0.572828 0.048563 0.035228 -0.434156 0.430726 -0.471450
VERTEX_POSE A94 -0.386931 0.405049 0.216727 -0.014826 0.920008 0.233472 -0.575907 -0.170761 0.771143 0.196931 0.153281 -0.281153 0.699982 -0.235061 0.490424 0.373054 0.045659 0.176822 -0.020115 -0.943402
VERTEX_POSE A95 -0.059823 -0.400113 0.475391 -0.878492 0.247001 0.667294 0.206138 0.123498 -0.389349 0.517362 -0.681872 -0.204929 0.448839 0.496987 -0.465542 -0.611274 0.112127 -0.380000 0.338720 0.510128
VERTEX_POSE A96 0.222075 0.842161 -0.549933 0.015577 -0.532260 0.759785 -0.558138 0.184854 -0.222550 -0.433442 -0.584136 0.212483 -0.168935 0.035305 0.250242 0.514063 0.348173 -0.515196 -0.455862 0.708620
VERTEX_POSE A97 -0.856531 -0.064607 0.226591 0.086960 -0.341224 -0.534706 0.202626 -0.082539 0.463743 0.495718 -0.241789 -0.294404 0.346709 -0.777119 -0.413518 -0.569167 -0.234899 -0.491285 0.518698 0.525008
VERTEX_POSE A98 0.484340 0.994209 0.552864 -0.778452 -0.492254 -0.619700 0.593693 -0.080151 -0.017779 -0.576395 -0.595160 -0.177901 0.087382 -0.405747 -0.200918 -0.382133 0.688958 -0.737319 -0.402040 -0.008124
VERTEX_POSE A99 -0.197060 0.304772 0.212061 0.475466 0.326356 -0.501036 0.199339 -0.368278 -0.699878 -0.557735 0.295161 -0.175127 0.544238 -0.266479 -0.279140 -0.111914 -0.650830 -0.388001 0.583503 0.531659
VERTEX_POSE A100 -0.848852 -0.104287 -0.035054 -0.231658 -0.478713 0.260478 -0.106179 0.299461 0.145905 0.727372 -0.474458 0.450337 0.544068 0.580478 0.679786 -0.236345 -0.551217 0.495935 -0.328308 0.210757
VERTEX_POSE A101 -0.637533 0.973020 -0.227019 0.737002 -0.855366 -0.204620 0.171830 -0.573788 0.750436 -0.379583 0.050640 0.123322 -0.638335 -0.350521 0.331074 0.361575 0.505829 0.519768 0.536827 -0.538029
VERTEX_POSE A102 -0.112506 0.582301 0.296563 -0.830241 0.047618 -0.106765 0.603848 -0.663272 -0.472506 -0.347968 -0.495123 0.458874 0.524679 -0.035628 0.738378 -0.430809 -0.330717 0.097836 -0.231089 -0.451974
VERTEX_POSE A103 -0.394069 -0.869796 -0.513028 0.561150 -0.985649 0.429610 0.471062 -0.634960 0.261343 -0.530738 -0.079741 0.288960 -0.506536 0.197673 0.131442 -0.456439 -0.627655 0.803965 0.177490 0.396790
VERTEX_POSE A104 0.877319 0.206251 -0.716244 0.960469 -0.249569 0.076362 -0.015319 -0.368566 0.379554 0.667009 -0.564237 -0.114471 -0.101582 0.097808 -0.567172 0.711687 0.360081 -0.717858 -0.195059 -0.637629
VERTEX_POSE A105 0.548569 -0.709879 -0.225799 -0.535181 0.131186 0.608730 -0.476868 0.609556 -0.038727 -0.379989 -0.477663 0.621049 0.302658 -0.329800 0.061506 0.727252 0.338177 -0.488327 -0.087794 0.420889
VERTEX_POSE A106 0.346919 0.603819 0.288868 0.152470 0.843033 -0.437850 -0.784859 -0.205270 -0.127190 0.195930 -0.453367 0.489037 -0.451267 0.571098 -0.024526 0.357119 0.329720 0.743203 -0.120136 -0.563430
VERTEX_POSE A107 0.473588 -0.086041 0.848645 -0.177223 -0.896309 0.309430 -0.417828 -0.529856 0.077394 0.572791 -0.582812 -0.476530 -0.297602 0.280939 -0.305347 0.615641 0.172637 0.760227 0.172483 0.520436
VERTEX_POSE A108 0.248554 -0.070640 0.186237 -0.646303 -0.279016 -0.593339 -0.139220 0.478838 0.626337 -0.695530 0.224006 -0.344597 -0.546107 -0.306613 0.302424 0.370816 0.536425 0.213174 0.247220 -0.582042
VERTEX_POSE A109 -0.296849 0.774744 0.035459 -0.783744 0.378917 0.309566 0.049701 0.048410 -0.863498 -0.395710 -0.005553 0.042426 0.055907 -0.789335 0.346977 -0.739801 0.324595 -0.190649 0.538992 0.518859
VERTEX_POSE A110 0.133562 0.421363 -0.275335 -0.677636 0.896682 0.044038 -0.225110 0.563174 0.767410 0.305150 -0.427754 0.384595 -0.304420 0.093999 0.160547 0.739459 0.607040 -0.485235 0.465552 -0.350040
VERTEX_POSE A111 -0.235511 -0.639405 -0.982847 0.788691 -0.454949 0.062069 0.659742 -0.430758 0.445823 -0.314664 0.517789 0.119379 0.277371 0.278865 -0.818171 0.166717 0.488015 0.337244 0.600830 0.480019
VERTEX_POSE A112 0.348192 0.496516 -0.114681 -0.528766 -0.682592 0.338754 -0.793651 -0.456167 -0.164586 0.255789 -0.531735 0.524059 0.078493 -0.144485 0.309111 -0.238267 0.691355 -0.698548 -0.491688 0.101603
VERTEX_POSE A113 -0.063563 0.577334 0.954441 0.754605 -0.961761 0.720955 -0.225099 0.450123 -0.222072 -0.395854 -0.246385 0.191631 -0.602331 0.171824 -0.033142 -0.596900 -0.490167 -0.626967 -0.271180 0.683298
VERTEX_POSE A114 -0.149915 -0.855185 -0.028901 -0.045617 0.556761 0.580863 -0.352947 -0.154995 0.293746 -0.549468 -0.476149 -0.406609 0.121466 -0.586049 -0.363153 -0.673627 0.532270 -0.528299 -0.324015 -0.349992
VERTEX_POSE A115 -0.688415 0.284214 -0.636682 0.036994 0.624775 -0.266637 -0.718582 0.571846 0.658292 -0.063405 -0.113237 0.577186 0.132999 0.667170 -0.308338 0.676035 0.459408 -0.259501 0.070053 0.063236
VERTEX_POSE A116 -0.084752 -0.729211 0.799516 -0.523031 0.483619 -0.054847 -0.233261 -0.508490 0.210036 0.838350 0.231288 -0.414226 0.118640 -0.384559 -0.846308 0.021128 0.452980 -0.255062 0.477740 -0.578677
VERTEX_POSE A117 -0.729934 -0.782109 -0.913534 0.284988 0.498739 0.202803 -0.935034 -0.233816 -0.538015 -0.089479 -0.297047 0.653930 0.108388 0.278778 0.293256 0.320127 -0.877753 -0.394699 0.058958 0.094480
VERTEX_POSE A118 0.030938 0.096510 -0.751021 -0.180992 -0.842020 0.272273 -0.587634 0.454614 -0.225033 -0.415973 0.113041 -0.264763 0.550562 0.053226 0.427749 -0.195117 -0.815579 -0.788771 -0.374784 -0.335477
VERTEX_POSE A119 -0.118402 -0.379467 0.238972 -0.721612 0.910020 0.005035 0.519648 -0.107679 0.975472 -0.188728 -0.041058 0.121311 0.418197 0.710404 0.175183 0.712720 -0.431058 -0.054986 -0.107190 -0.544274
VERTEX_POSE A120 0.292324 0.665949 0.384838 -0.976631 -0.936387 0.687284 -0.080362 0.263244 -0.201306 -0.895320 -0.222834 0.315589 -0.248783 -0.412638 0.521500 0.130100 -0.581283 -0.339938 0.336341 -0.610646
VERTEX_POSE A121 0.272693 -0.870775 -0.859122 -0.937483 -0.863302 0.614902 0.604535 -0.129668 0.635438 -0.545710 0.243497 -0.099250 0.568901 0.508427 0.431672 0.035684 0.213230 -0.148063 -0.108701 0.787356
VERTEX_POSE A122 0.911723 -0.618403 0.124529 0.277032 0.395637 -0.797264 -0.073654 -0.038350 0.476267 -0.167211 -0.640263 -0.188366 0.808343 -0.491344 -0.307881 -0.559539 -0.507747 -0.085243 -0.010660 -0.298944
VERTEX_POSE A123 0.560318 0.649816 0.961525 0.600295 0.994707 -0.376239 0.008224 -0.756190 0.782764 0.081714 -0.451230 0.372050 -0.598250 -0.114857 -0.123268 0.394047 -0.414560 0.303494 0.692877 0.198785
VERTEX_POSE A124 0.239804 -0.895804 -0.986755 -0.851089 -0.908869 -0.736889 0.053249 -0.257542 -0.514248 -0.067502 0.021462 -0.174853 -0.183612 -0.628729 0.227153 -0.845042 -0.278570 0.332223 0.494771 -0.678462
VERTEX_POSE A125 -0.475208 0.786647 -0.658744 -0.737794 0.315645 -0.223923 0.189199 -0.483089 -0.342013 -0.110255 0.744682 -0.373504 -0.596983 0.093612 -0.381765 -0.524905 -0.450720 0.740024 -0.565804 0.012718
VERTEX_POSE A126 -0.499505 -0.750297 0.436915 0.721803 0.241708 -0.201632 0.577641 -0.020751 0.198661 -0.471995 0.554645 0.497348 -0.423994 -0.478515 -0.707496 -0.447975 0.205476 -0.414697 -0.251196 -0.648646
VERTEX_POSE A127 -0.538121 0.946357 -0.536688 0.164488 -0.441129 -0.347707 -0.087097 0.003329 -0.295287 0.133026 -0.926290 -0.726852 -0.539839 0.217911 0.168015 -0.579352 -0.273563 -0.485142 0.589614 0.140190
VERTEX_POSE A128 -0.331739 -0.277961 0.567847 0.349167 0.974421 -0.349805 0.830494 0.160286 0.632285 0.433817 -0.581127 0.179455 -0.213277 0.273327 -0.068827 0.254625 0.436764 0.664011 0.108452 0.609204
VERTEX_POSE A129 0.984835 -0.756088 -0.010221 0.943351 0.749453 -0.122000 -0.042802 -0.141903 -0.396614 0.400395 0.665952 -0.523105 -0.348220 -0.503882 0.243148 -0.811806 0.494525 -0.703600 -0.239929 0.194730
VERTEX_POSE A130 0.264820 0.251128 0.675373 -0.360046 0.885227 0.553451 -0.359556 0.603887 -0.313652 -0.366876 0.452664 0.683604 0.486617 0.025726 0.328656 -0.688622 -0.423026 -0.141371 0.158505 0.500802
VERTEX_POSE A131 -0.180592 0.617752 -0.467206 -0.882492 -0.504292 -0.059982 -0.400629 0.501586 -0.043526 -0.319760 0.698127 -0.863879 -0.038346 -0.143490 0.439186 0.273609 0.111241 0.235236 -0.812969 -0.477563
VERTEX_POSE A132 -0.652699 -0.783068 0.762761 0.680353 0.894087 0.303600 -0.464068 -0.121597 -0.549179 0.432891 -0.426001 0.695988 0.188604 -0.260657 -0.327991 -0.582548 0.335039 0.119382 0.471501 0.789648
VERTEX_POSE A133 -0.847686 -0.166570 -0.028064 -0.190287 -0.067155 -0.233929 -0.240463 0.790152 -0.414413 0.690817 0.381069 -0.650293 -0.566026 -0.112489 0.208478 0.199052 0.064387 0.554251 -0.323948 0.462220
VERTEX_POSE A134 0.425340 0.747956 0.019766 0.678658 -0.489942 -0.795149 -0.401906 0.085938 0.131070 -0.392253 -0.540888 0.093485 -0.224985 0.826212 0.584035 -0.453241 0.102303 0.026852 0.654647 0.083446
VERTEX_POSE A135 -0.775380 0.423183 -0.953483 0.640822 -0.355482 -0.183441 0.632076 -0.477511 -0.882483 -0.095877 -0.242091 0.360295 0.247213 -0.368003 -0.200789 -0.177049 0.425548 -0.132073 0.706277 0.629966
VERTEX_POSE A136 0.700883 0.123551 0.746137 0.274532 -0.935969 0.309808 -0.153492 0.758381 0.440568 -0.424947 0.236911 0.546141 0.819942 0.056515 0.312763 -0.061130 -0.438976 0.560203 -0.346149 -0.415737
VERTEX_POSE A137 -0.227741 0.351775 -0.691366 -0.168872 -0.646909 -0.340008 -0.160612 -0.381812 0.687977 0.064478 -0.679137 0.064529 0.397370 -0.220057 -0.092001 0.898739 0.120247 -0.631232 0.066419 -0.574550
VERTEX_POSE A138 0.698208 -0.662858 0.895162 -0.536401 -0.251791 0.311449 -0.825306 -0.311272 -0.742583 -0.016637 -0.597977 -0.374861 -0.555560 0.366072 0.425284 0.050532 -0.252610 0.173732 0.085985 -0.589672
VERTEX_POSE A139 -0.050563 -0.947090 -0.067626 0.628229 -0.214985 -0.353692 -0.139336 0.352351 0.047243 -0.621645 -0.627445 0.744465 -0.296887 0.538254 0.105436 -0.538197 -0.040886 0.554369 0.465130 -0.436775
VERTEX_POSE A140 0.475410 0.126519 0.344093 0.047384 0.732008 0.548701 -0.222076 -0.709364 -0.592592 -0.693068 -0.233984 0.414118 -0.056652 0.334847 -0.361342 0.411706 0.029671 0.213775 -0.545552 0.573630
VERTEX_POSE A141 -0.168230 0.758505 -0.380173 -0.214037 -0.355109 0.447159 0.584053 -0.439221 -0.477006 0.285679 -0.079979 -0.387971 -0.539521 -0.592456 -0.477155 0.477386 -0.367891 0.440812 -0.241430 -0.560661
VERTEX_POSE A142 0.713926 -0.586495 -0.050474 0.416920 0.330066 0.232867 0.040406 -0.658299 -0.818624 0.000371 -0.379911 0.303602 -0.169488 0.283569 -0.172342 -0.936702 0.106545 -0.392113 0.303694 0.574931
VERTEX_POSE A143 -0.176398 -0.376965 -0.770588 0.518618 -0.950583 -0.456341 0.345013 0.328156 -0.205059 0.808530 -0.194668 0.741720 0.413574 0.478414 -0.002089 0.234006 -0.567255 -0.446711 -0.037996 0.551144
VERTEX_POSE A144 0.768207 0.335839 -0.425732 -0.459433 -0.316869 -0.431770 -0.757481 0.048785 -0.723624 0.140145 0.215218 0.251952 -0.222241 -0.628283 -0.459132 0.470095 -0.614584 0.125143 0.369055 0.422904
VERTEX_POSE A145 -0.435989 -0.441680 0.920625 -0.628697 -0.113173 -0.454038 0.150261 -0.812244 -0.842294 0.019599 0.348376 -0.112340 0.726347 0.362089 0.256712 0.522605 -0.047824 -0.076610 -0.419930 0.292400
VERTEX_POSE A146 0.135187 0.907249 -0.407269 -0.444388 0.674192 0.244554 -0.712704 -0.457789 0.673355 -0.161024 0.547312 0.405434 -0.192074 0.049368 -0.059967 0.093058 0.549792 -0.564636 -0.648515 0.431475
VERTEX_POSE A147 -0.316545 0.606628 -0.626216 0.017536 -0.833251 -0.141016 0.093643 0.247436 -0.361792 -0.500635 -0.477991 0.625844 0.493025 -0.378317 0.557405 -0.559879 0.538831 0.383197 -0.429019 -0.526154
VERTEX_POSE A148 -0.165923 -0.223789 -0.992908 0.656292 -0.614434 0.276675 -0.166134 0.113391 -0.390374 -0.040303 0.895581 -0.611747 -0.721911 -0.257816 -0.369372 0.506104 0.038256 0.510284 -0.439862 0.342264
VERTEX_POSE A149 -0.833875 0.003759 -0.158290 0.374620 0.832172 0.479235 0.651409 -0.546539 0.326723 0.232830 0.763877 -0.576276 0.708644 0.228160 0.073342 -0.128836 -0.025386 0.571063 0.051789 0.255119
VERTEX_POSE A150 0.565053 -0.772839 0.612756 0.295924 -0.923231 0.068651 0.442259 -0.021658 0.208269 0.864475 -0.101239 -0.598438 0.051055 -0.796346 0.654705 -0.196869 -0.453389 -0.406380 0.125402 0.386722
VERTEX_POSE A151 -0.873599 -0.557841 0.391930 0.679660 -0.550821 -0.152860 -0.028952 0.596314 0.495229 -0.473344 0.198517 0.496173 -0.526134 -0.142141 0.300441 0.336958 -0.645791 -0.628434 -0.620282 -0.409573
VERTEX_POSE A152 0.438818 0.132984 -0.017412 0.437137 0.968870 0.426590 -0.718240 0.028605 -0.171321 -0.628452 0.186300 0.761579 0.253628 0.521534 0.296161 -0.111758 -0.610467 -0.347787 -0.111181 0.565514
VERTEX_POSE A153 0.476777 -0.391242 -0.262716 -0.427044 0.472406 -0.547303 -0.334847 -0.741054 0.379323 -0.217018 -0.043886 -0.022251 0.563514 -0.376675 -0.522958 0.591822 0.265189 0.531595 0.415907 -0.486522
VERTEX_POSE A154 0.686719 -0.908024 0.353454 0.279956 -0.556114 0.156575 -0.546513 -0.587636 -0.434125 -0.172469 0.456874 -0.518657 -0.650709 -0.056366 -0.614325 0.494320 -0.600291 0.374993 -0.061664 -0.287095
VERTEX_POSE A155 -0.321378 0.237180 -0.004167 0.586048 -0.939999 -0.849229 0.372837 0.153576 0.039350 0.229117 -0.043556 -0.197339 0.231899 0.312861 -0.266626 0.007054 -0.927161 0.408938 0.868718 -0.130413
VERTEX_POSE A156 -0.998431 -0.604595 0.078541 -0.164838 -0.211949 -0.897495 0.092433 0.404305 0.157301 -0.501638 0.592451 -0.269775 -0.406895 -0.603766 0.249191 0.577138 0.239329 0.186773 -0.491085 0.252442
VERTEX_POSE A157 -0.812786 -0.658321 -0.209630 0.001759 0.685594 -0.551841 0.024584 -0.133129 -0.382359 -0.109200 -0.324778 0.451115 -0.506237 -0.703521 0.575505 0.494171 0.079531 -0.120676 0.697847 -0.612804
VERTEX_POSE A158 0.140501 0.183537 0.459145 -0.249464 -0.381128 0.551981 -0.227171 0.417141 0.470899 0.665760 0.216822 0.685598 -0.223447 -0.471982 0.059085 -0.618020 -0.074168 0.005906 0.270703 -0.742101
VERTEX_POSE A159 -0.330170 0.117444 -0.353612 -0.815671 -0.237529 0.009677 -0.909475 -0.002832 0.603530 0.165706 -0.604143 -0.023194 -0.057719 -0.581112 0.784822 -0.052054 0.489744 -0.138475 0.373305 0.239713
VERTEX_POSE A160 -0.827951 -0.414409 0.780149 -0.054889 0.435047 0.248776 0.485804 -0.346929 -0.007381 -0.744120 -0.631293 -0.650028 -0.184218 0.431481 -0.332938 -0.056023 -0.055429 -0.636138 0.416179 -0.540242
VERTEX_POSE A161 -0.594679 -0.565335 0.134518 0.390490 -0.495901 0.801971 -0.066279 0.526031 0.330286 -0.426304 -0.452473 -0.172147 -0.120983 0.624839 0.421497 0.684931 -0.292930 0.201146 -0.574547 -0.205736
VERTEX_POSE A162 0.489239 -0.264804 0.179182 -0.698163 0.258179 0.320527 0.829188 0.371936 0.533595 -0.023981 -0.564389 0.546482 -0.432818 0.164431 0.464824 0.171972 -0.254075 0.312786 -0.308166 0.671965
VERTEX_POSE A163 -0.480650 -0.197477 0.542910 -0.374536 0.329135 -0.036564 -0.365210 0.790868 -0.532174 0.056481 0.359622 0.297935 0.669785 0.482650 0.524491 0.297302 0.023622 0.592957 -0.571341 0.108120
VERTEX_POSE A164 -0.442365 0.268095 -0.893546 -0.799797 0.436944 -0.446071 0.376210 -0.593121 -0.010008 -0.159530 -0.487004 -0.696893 -0.560999 -0.088698 0.069230 0.544489 -0.305670 0.557196 -0.470986 -0.556537
VERTEX_POSE A165 -0.085422 -0.516847 -0.801053 0.980495 0.768237 0.022006 0.559637 0.215722 0.313231 0.666487 0.172759 0.502015 0.245203 -0.510368 0.667901 -0.358404 0.637517 -0.450878 0.232428 0.506670
VERTEX_POSE A166 -0.256030 -0.774294 0.589426 -0.733715 0.973653 -0.328786 0.567511 0.469599 -0.634291 -0.601104 0.436576 -0.097096 0.267730 -0.189327 0.680141 -0.321345 0.499859 -0.132500 -0.376381 -0.550613
VERTEX_POSE A167 -0.741482 -0.608355 0.852592 0.474735 0.500975 0.476073 -0.602597 0.006850 0.841961 0.164060 -0.193126 0.021957 -0.158508 -0.044507 0.158843 0.745138 -0.183724 -0.196833 -0.172063 -0.962767
VERTEX_POSE A168 0.686837 0.834928 -0.492419 -0.188377 -0.878672 -0.531465 0.614100 0.535910 -0.574552 -0.440821 -0.240481 0.167148 -0.175958 0.556484 -0.580026 -0.011654 -0.233646 -0.151877 -0.630445 0.539170
VERTEX_POSE A169 -0.557821 -0.437152 0.484588 -0.270116 -0.278138 0.691226 -0.438309 0.311678 0.381713 0.543247 -0.442810 0.541647 0.286731 -0.209839 0.186934 0.339755 0.745026 -0.219491 0.561356 0.328147
VERTEX_POSE A170 0.207954 -0.555444 -0.215035 0.102964 -0.714010 -0.395073 0.468012 0.280943 0.533250 0.263898 -0.658680 0.453832 0.542986 0.547267 0.211206 0.391895 -0.098077 -0.555869 0.512745 -0.422008
VERTEX_POSE A171 0.162247 -0.038553 0.851675 0.859007 0.853337 0.040630 0.016510 0.886552 0.701981 0.217022 -0.131825 0.240385 -0.846724 -0.205915 -0.553162 -0.332282 0.071263 -0.376561 0.353944 -0.386224
VERTEX_POSE A172 0.273949 -0.678647 -0.895585 0.515847 0.366754 -0.550625 0.180462 0.424941 -0.435982 -0.441634 0.537155 0.313722 -0.690663 0.013140 -0.486878 -0.476238 -0.590647 0.413836 -0.261870 0.426442
VERTEX_POSE A173 -0.078120 -0.141939 0.734492 -0.480115 0.616056 0.522776 0.529207 0.585675 0.257402 -0.311509 -0.398108 -0.282991 0.308083 -0.065767 0.553204 -0.593914 0.227788 0.523767 0.418634 -0.665043
VERTEX_POSE A174 0.985849 0.584482 -0.918913 0.377625 0.902754 0.377070 -0.257819 0.522942 -0.174730 0.599810 0.440079 0.638308 0.634528 0.003361 -0.509373 0.079323 0.584338 -0.400486 0.406003 -0.437493
VERTEX_POSE A175 0.042156 0.657192 -0.321318 -0.943586 -0.950115 0.722841 -0.423733 0.378267 -0.382329 -0.315582 0.524785 -0.403650 0.121284 0.624791 -0.273575 0.077937 -0.291259 -0.305858 -0.836705 -0.326064
VERTEX_POSE A176 0.485891 0.416381 0.655117 -0.108812 -0.497117 0.360715 0.335940 0.461879 -0.471388 -0.101233 0.787087 -0.020088 -0.882769 -0.055933 0.619509 -0.045096 -0.007370 -0.513305 0.309163 -0.404943
VERTEX_POSE A177 0.121036 0.491731 -0.326182 0.933237 0.576946 0.425113 -0.114881 0.721562 -0.675414 0.123972 -0.113517 -0.463125 0.349828 0.631693 0.108775 0.709590 0.038016 -0.369836 -0.587822 0.256868
VERTEX_POSE A178 0.725611 0.263819 0.052466 0.073950 -0.783366 -0.588371 -0.153545 0.310918 0.223255 0.529136 0.410810 -0.050269 -0.636874 -0.325753 0.585685 -0.523397 0.588657 -0.508354 -0.129944 0.530974
VERTEX_POSE A179 -0.680032 -0.807408 0.662208 -0.452520 -0.111551 -0.613440 0.112716 0.697298 0.616045 -0.087005 0.355292 -0.138741 0.452725 -0.543889 -0.256603 0.451416 -0.057819 -0.398855 -0.755638 -0.297297
VERTEX_POSE A180 0.287160 -0.504510 0.515528 0.307857 0.409118 -0.683971 -0.253634 0.502911 0.533774 -0.443262 -0.005526 0.441293 0.447843 0.514652 -0.197844 0.284136 -0.681995 0.115702 -0.676677 -0.130640
VERTEX_POSE A181 0.290664 0.490980 -0.334778 -0.630126 -0.706597 0.332318 -0.846947 -0.030206 -0.276053 -0.442258 0.560877 -0.069441 -0.194025 -0.667452 0.631846 0.222193 0.427584 -0.639771 -0.008603 0.237032
VERTEX_POSE A182 -0.553632 -0.365248 0.054138 -0.772860 0.337628 0.118256 -0.110986 -0.477286 0.359671 0.383690 -0.743084 0.601089 -0.518823 0.049183 -0.275367 0.547252 0.027178 -0.647701 -0.521347 -0.465690
VERTEX_POSE A183 -0.274021 0.628474 -0.501884 -0.255006 0.377988 0.074100 -0.527797 0.367068 0.392529 0.703142 0.010960 -0.617737 0.163426 0.614887 -0.058932 0.415991 0.425280 -0.674802 0.165122 -0.553346
VERTEX_POSE A184 -0.232559 -0.900262 0.402506 -0.057170 0.765809 0.241721 0.665404 -0.483295 0.930044 -0.179051 -0.104136 0.200480 -0.169864 0.489609 -0.139355 0.307494 -0.178456 0.130294 0.633856 0.695714
VERTEX_POSE A185 -0.866913 -0.273273 -0.592407 0.507096 0.781515 -0.373816 0.495507 0.135465 0.402430 -0.105605 0.557858 0.805135 0.180901 -0.010159 -0.210195 -0.604832 0.575701 0.076733 -0.587174 -0.582159
VERTEX_POSE A186 0.404601 -0.134347 0.493949 -0.668958 0.437989 -0.649637 -0.054744 -0.383804 -0.240660 0.228301 -0.199965 0.630395 -0.029980 0.023792 0.207876 -0.712091 -0.631967 -0.281858 -0.660991 0.642464
VERTEX_POSE A187 -0.230990 -0.504857 -0.518954 0.777993 -0.446141 0.433374 -0.670535 0.313453 0.090873 0.535869 0.386661 -0.490452 -0.019663 -0.515347 -0.745668 -0.354139 0.513965 0.085829 -0.370711 -0.471697
VERTEX_POSE A188 -0.679699 0.068407 0.197963 -0.491145 0.467108 0.478142 -0.231881 -0.600745 0.654845 -0.506723 0.198654 -0.584443 -0.767221 -0.236532 -0.021478 0.314219 -0.722198 0.022878 0.045836 0.148744
VERTEX_POSE A189 -0.454898 -0.950810 -0.046907 0.081578 -0.943139 -0.349048 -0.210947 -0.007058 0.558451 -0.148067 -0.626293 -0.387913 0.468860 -0.723587 0.345111 0.826861 0.284230 -0.544720 0.173345 0.057808
VERTEX_POSE A190 0.438840 0.612588 0.127434 0.962321 0.316330 -0.086073 -0.084824 -0.500264 -0.289519 -0.857165 -0.210180 -0.224221 -0.352226 0.668672 0.630372 -0.290275 -0.337005 0.679062 -0.223047 0.380612
VERTEX_POSE A191 -0.507651 0.653998 -0.021888 0.453966 -0.097844 -0.205141 -0.524457 -0.582280 0.671615 -0.193118 -0.448492 0.023867 0.645529 -0.114374 0.269878 -0.477974 0.668345 -0.658367 -0.206118 -0.006261
VERTEX_POSE A192 -0.049577 -0.516145 -0.912389 -0.527932 -0.439039 0.256942 0.396015 -0.234480 -0.187147 0.743642 0.628206 0.436482 0.070215 0.107402 0.436414 -0.452456 0.694080 0.719710 0.283765 -0.238943
VERTEX_POSE A193 -0.071921 -0.652216 -0.693384 -0.735842 -0.425491 0.460315 -0.191524 0.209878 0.473546 0.282484 0.630684 0.547963 0.597014 -0.508500 -0.367418 0.518576 -0.185287 0.358614 -0.508109 -0.515058
VERTEX_POSE A194 0.011699 -0.543479 -0.478979 -0.920571 -0.768709 0.177863 0.789896 -0.078107 -0.551335 0.281374 0.619242 0.470302 0.000844 -0.242387 -0.503197 -0.372653 -0.379586 0.435894 -0.397521 0.638436
VERTEX_POSE A195 0.508058 0.751949 -0.805934 -0.327729 0.997905 0.440080 -0.689760 -0.207429 -0.393197 -0.383977 -0.239201 0.267348 -0.192576 -0.544734 -0.588935 0.121192 -0.622933 0.483122 0.570105 -0.463654
VERTEX_POSE A196 0.842657 -0.169063 -0.494437 -0.755347 -0.657254 -0.520667 -0.058357 0.764741 -0.581211 0.618075 -0.275050 -0.300576 -0.402252 0.179527 -0.181766 -0.650131 -0.320513 -0.517412 -0.173496 -0.452283
VERTEX_POSE A197 0.755670 -0.317772 -0.889553 -0.654285 -0.795056 0.533037 0.115558 0.823818 -0.053835 -0.636543 0.259515 0.538716 0.042603 -0.328264 -0.449224 -0.408067 0.249978 0.470059 -0.642748 -0.289361
VERTEX_POSE A198 0.766575 -0.856405 -0.953343 -0.852994 0.498880 -0.415357 -0.695853 -0.155319 0.101479 0.486891 -0.695105 -0.624011 0.353403 -0.060537 -0.517447 0.355674 0.465104 0.400050 0.165312 0.522224
VERTEX_POSE A199 0.529493 -0.334136 0.013145 0.056275 -0.535925 -0.310213 0.114019 0.503860 0.912160 -0.082264 0.045669 0.087764 -0.387762 0.813268 -0.252699 -0.533109 -0.158752 0.013164 0.738693 0.239652
VERTEX_POSE A200 -0.802151 0.245076 0.595035 0.075599 -0.073194 0.563189 0.703645 -0.259594 -0.798984 0.367223 -0.392821 0.049515 0.228431 -0.424446 -0.178045 0.441819 0.476537 -0.101446 0.350209 0.609147
VERTEX_POSE A201 -0.025470 -0.411850 -0.168377 0.249971 0.784870 0.579091 -0.175722 -0.148278 -0.421240 -0.008980 0.557993 -0.464059 -0.796173 -0.112534 0.003307 0.249711 0.626498 -0.521391 0.522297 -0.511364
VERTEX_POSE A202 -0.308260 0.627311 -0.135181 -0.084718 -0.682588 -0.404546 0.469770 -0.364385 0.493225 0.214067 0.428678 -0.620084 0.332805 0.667871 -0.454943 -0.675117 -0.079347 -0.039923 0.408595 -0.480741
VERTEX_POSE A203 0.471797 0.566428 0.699450 -0.408554 -0.706440 0.034900 0.310820 -0.067720 0.376494 -0.775170 0.018689 0.162267 0.382886 0.726095 -0.760797 -0.027860 -0.257122 0.501888 0.393859 -0.633829
VERTEX_POSE A204 0.896410 0.446211 -0.433886 0.769855 0.400926 -0.705602 -0.385423 -0.184107 0.308195 -0.635292 -0.598769 0.205954 0.582346 -0.571916 -0.086484 -0.010289 0.400593 0.597700 -0.329576 0.346436
VERTEX_POSE A205 -0.322411 0.211793 -0.054094 -0.707093 -0.779835 0.116627 -0.736159 -0.421353 0.194569 0.037650 -0.307552 0.635156 -0.068603 0.679063 0.396547 0.638473 -0.467257 0.622791 -0.210474 -0.220042
VERTEX_POSE A206 -0.486047 0.223620 -0.621867 -0.352140 -0.656555 0.655817 0.388282 0.056436 0.015453 0.507549 -0.640555 -0.543923 -0.217584 -0.341077 0.517450 -0.701715 -0.483993 0.077843 -0.227782 0.485717
VERTEX_POSE A207 0.382300 -0.137407 -0.778769 -0.338957 0.903809 0.298017 0.622474 -0.493992 -0.208567 -0.655897 -0.676394 0.083239 -0.033629 0.116285 -0.630777 0.050670 0.394025 0.680350 -0.422643 0.360119
VERTEX_POSE A208 0.798624 -0.296477 0.619724 -0.773856 0.797111 0.050497 -0.665061 -0.481432 -0.430726 -0.089493 0.667308 0.189507 0.098060 -0.250564 -0.774421 0.373532 -0.504501 -0.419862 -0.632884 0.074966
VERTEX_POSE A209 -0.760436 -0.512561 0.430599 0.721810 -0.439921 -0.572566 -0.171331 0.710992 -0.310196 0.194209 0.174665 0.496158 0.423406 0.288674 0.084860 0.681095 0.350745 -0.567955 0.538298 -0.507571
VERTEX_POSE A210 0.702268 0.055185 0.883439 0.208523 -0.207742 0.592276 -0.609801 0.127675 0.241932 0.157725 0.139798 0.373353 -0.169893 -0.801371 -0.655295 -0.452503 -0.383877 0.147897 0.607983 -0.417850
VERTEX_POSE A211 0.085785 0.199013 0.135252 0.534001 0.206229 -0.458663 0.288630 0.269123 -0.289267 0.416434 -0.394475 -0.385421 0.400487 -0.449060 0.711062 0.356600 -0.429169 -0.227584 -0.675072 -0.621386
VERTEX_POSE A212 0.530228 0.978419 -0.904180 -0.908316 -0.146519 -0.460653 0.679340 0.409905 0.482007 0.384173 0.268431 -0.190478 0.522572 -0.516272 0.707264 0.335508 -0.186839 0.137709 -0.072535 0.677110
VERTEX_POSE A213 -0.851363 0.689936 -0.062422 0.435663 -0.870113 0.120780 -0.150846 -0.597119 0.556860 0.423123 0.569169 -0.597047 -0.046505 0.341450 0.068498 0.721025 -0.450090 0.560502 -0.525521 -0.018084
VERTEX_POSE A214 0.811764 -0.172514 0.633367 -0.721004 -0.415783 -0.633060 -0.213962 0.010571 -0.310485 -0.562541 -0.542184 0.637351 -0.374934 -0.457352 0.297445 -0.025390 0.234920 -0.090248 0.704662 -0.664505
VERTEX_POSE A215 -0.702330 -0.921842 0.498326 0.034515 -0.380710 -0.280495 -0.524819 -0.396372 -0.387033 0.497071 0.561168 -0.154174 -0.421629 0.380205 0.305222 -0.519870 0.618493 0.809072 0.171611 -0.029849
VERTEX_POSE A216 -0.718276 -0.583336 0.345170 -0.057241 0.911401 0.343495 0.196794 0.571064 0.179651 0.691306 -0.632207 -0.591414 -0.121520 -0.273195 0.080393 0.527952 0.242341 -0.702497 0.435737 0.375281
VERTEX_POSE A217 0.216365 0.693140 0.127316 -0.389962 -0.977793 0.021352 0.086997 0.509375 0.460581 -0.647202 0.127568 -0.664460 0.056751 0.510363 -0.528351 -0.728816 -0.190305 -0.258354 0.197910 -0.653894
VERTEX_POSE A218 0.066680 -0.426699 0.979372 -0.187493 0.173149 -0.118879 -0.509456 0.554496 0.301306 -0.586190 -0.523925 0.467324 0.017583 -0.393190 0.806970 0.248142 0.459937 -0.159657 0.578751 -0.227809
VERTEX_POSE A219 -0.397975 0.485070 -0.456867 0.451614 0.378510 0.447767 -0.326470 -0.318729 0.628996 -0.100173 0.306434 -0.482549 -0.339918 -0.507865 -0.309765 0.494195 0.406465 0.273971 0.723609 -0.617550
VERTEX_POSE A220 0.761467 0.742330 -0.919591 0.691616 -0.920932 -0.431089 -0.470965 0.159790 -0.039455 -0.478456 0.022712 0.713784 -0.514462 -0.401308 0.504433 0.427581 0.341227 -0.220600 0.319022 -0.834546
VERTEX_POSE A221 -0.494480 -0.814111 0.106807 -0.225171 -0.510521 0.365106 -0.262989 -0.388238 0.789440 0.010956 -0.183585 0.309538 -0.454772 0.163111 0.128924 0.773314 -0.397867 -0.362004 -0.354802 -0.794144
VERTEX_POSE A222 0.094374 0.139068 0.521245 -0.094420 -0.719335 0.007939 -0.003240 -0.697617 -0.164907 -0.427307 -0.627942 -0.984709 0.116349 0.080711 0.050394 0.543272 -0.286621 0.023488 0.713243 -0.174221
VERTEX_POSE A223 -0.288110 -0.773815 -0.831979 -0.836316 -0.359971 0.397049 -0.474067 0.216439 -0.609560 0.377120 0.563857 -0.347820 0.029309 -0.758298 -0.471722 -0.379526 -0.139816 0.356775 0.698671 -0.201632
VERTEX_POSE A224 0.433599 -0.466327 0.413423 0.038987 0.063989 0.531792 -0.437375 -0.217453 0.297817 -0.244927 -0.512722 0.314353 0.040871 -0.351621 0.061418 -0.728390 0.585312 -0.725198 -0.465286 -0.472867
VERTEX_POSE A225 -0.893926 0.595590 -0.957734 -0.014991 -0.488044 -0.387055 -0.441206 -0.696133 -0.509919 0.147976 0.471057 -0.386059 0.295835 -0.360184 -0.644113 -0.230960 0.322702 -0.162012 0.801610 -0.244204
VERTEX_POSE A226 -0.780052 0.978134 -0.637913 -0.164044 -0.362066 0.583888 -0.454343 -0.645890 0.337121 -0.066991 0.339790 0.583716 0.796777 -0.026845 0.401917 -0.334984 0.409769 0.207757 -0.204982 0.546569
VERTEX_POSE A227 0.276255 0.364610 0.918986 0.283640 0.406735 0.021283 0.812624 0.108071 -0.733266 -0.100910 0.511199 -0.488895 -0.275785 -0.564246 0.024318 -0.179277 0.615283 -0.471443 0.470385 -0.173350
VERTEX_POSE A228 0.861743 -0.722183 -0.847287 0.330724 -0.283100 0.211283 0.184096 0.587348 0.348332 -0.424871 0.488505 0.590536 0.742461 -0.040914 0.579780 -0.335788 -0.607737 -0.386196 0.348700 -0.212993
VERTEX_POSE A229 0.986523 -0.878271 -0.591256 -0.017038 -0.863187 0.097380 -0.252833 -0.329477 0.705155 -0.612875 0.298213 -0.674106 -0.651827 0.320026 0.142365 0.310976 0.701035 0.136331 -0.197166 -0.456779
VERTEX_POSE A230 -0.194251 -0.969526 -0.067869 -0.660085 0.870810 0.660384 0.540560 -0.199896 0.243900 0.446866 0.038541 -0.534457 0.470179 0.217246 -0.192710 0.440914 0.524814 0.426174 -0.304356 0.797452
VERTEX_POSE A231 -0.940408 0.522893 0.747749 -0.593677 0.643706 -0.478470 -0.110951 -0.245885 -0.769141 0.492442 0.282484 0.290214 0.268064 0.694963 -0.289603 -0.695273 0.131433 0.106747 0.435807 -0.599579
VERTEX_POSE A232 -0.038948 -0.290121 0.240367 -0.767068 0.921683 0.030404 0.512274 0.427612 -0.083912 0.556975 0.352349 -0.740443 0.407848 -0.490148 0.335930 0.342401 0.106642 0.575265 0.379178 -0.664365
VERTEX_POSE A233 0.497489 0.657785 0.796950 0.255197 -0.811779 0.048876 0.388065 -0.534654 0.542216 0.461156 0.598000 0.048074 0.374955 0.189977 -0.806263 0.496336 0.236702 -0.226367 -0.499801 0.514220
VERTEX_POSE A234 0.531389 0.089321 0.447199 -0.002231 0.937266 -0.790595 0.091557 -0.432139 -0.018882 0.547757 -0.262718 -0.096752 0.132845 -0.401953 -0.540546 -0.501719 0.383014 0.270281 -0.649777 -0.660279
VERTEX_POSE A235 -0.142538 -0.843909 0.806481 -0.997212 0.322610 -0.163539 -0.593103 0.449091 -0.298575 0.590095 0.352085 0.048326 0.428227 0.564027 -0.767082 -0.244574 0.199845 -0.541626 0.238375 -0.562395
VERTEX_POSE A236 -0.824923 -0.130423 -0.257143 0.548104 -0.591613 -0.181916 -0.476720 0.776008 -0.175389 0.091563 -0.331242 0.637558 0.047088 0.294328 0.545255 0.467272 0.173985 0.482040 -0.737424 -0.413752
VERTEX_POSE A237 -0.954658 -0.687059 0.825332 0.645628 -0.719289 0.258380 0.810612 0.500776 -0.770642 0.116096 0.017173 -0.313031 0.534330 -0.579730 0.348258 -0.063085 -0.278450 -0.346524 -0.199854 0.579057
VERTEX_POSE A238 -0.760238 0.018683 -0.972288 -0.336169 0.226419 -0.416950 -0.132945 -0.112313 0.599608 -0.429046 0.305373 -0.415364 0.206912 0.870101 0.067364 -0.617120 0.307734 0.538105 0.612042 0.205806
VERTEX_POSE A239 0.973702 0.573101 -0.637419 0.774248 -0.794502 -0.341296 -0.683913 0.071558 0.388130 -0.646113 0.306220 0.564828 -0.187223 -0.781214 0.211373 0.259019 0.165137 0.607589 0.112507 0.513365
VERTEX_POSE A240 -0.715094 -0.199620 0.255930 0.367439 -0.159211 -0.020373 0.590845 -0.398581 -0.703561 0.267653 0.187116 -0.224672 0.336075 0.691471 -0.038782 0.522113 -0.419039 -0.672759 -0.440131 -0.390377
VERTEX_POSE A241 0.942031 -0.926132 0.911151 0.872354 -0.981323 0.473941 -0.373660 0.222652 0.554531 0.166700 -0.787527 -0.461963 -0.423355 -0.227539 -0.147226 -0.679782 -0.397256 -0.482483 0.437329 -0.347335
VERTEX_POSE A242 0.059487 -0.227886 0.497832 0.308249 0.411727 -0.058756 0.261338 0.046631 -0.304385 -0.824642 -0.419714 0.618657 0.040198 -0.520097 -0.435095 0.493716 -0.715312 -0.576067 0.079346 0.198730
VERTEX_POSE A243 0.815135 -0.221200 0.351751 0.459123 0.694271 -0.287804 -0.391404 -0.006368 -0.070259 -0.351054 0.867144 -0.477090 0.194388 0.302284 0.644789 0.475882 0.385922 -0.518521 0.677726 0.087806
VERTEX_POSE A244 -0.909332 0.763805 -0.151271 0.308017 -0.851437 -0.073816 0.100751 -0.526306 -0.459248 -0.746371 0.384709 0.444235 -0.281140 -0.041552 0.288667 -0.592145 -0.598372 -0.709203 0.055706 -0.463924
VERTEX_POSE A245 -0.128750 0.599600 0.131200 0.587244 0.995944 0.081462 -0.555967 -0.399813 0.222173 0.010828 0.854169 0.677016 0.622604 -0.313724 0.424135 -0.259885 0.108890 -0.552958 0.485394 -0.016290
VERTEX_POSE A246 -0.887196 -0.143042 -0.149923 -0.506362 -0.686439 -0.345812 0.035046 -0.325587 -0.534798 0.739701 -0.232749 0.539297 0.217056 -0.657444 -0.393286 -0.625362 -0.573653 -0.385863 -0.115862 0.280196
VERTEX_POSE A247 -0.627609 -0.819531 -0.806101 -0.749224 -0.940036 -0.464951 -0.441132 -0.338387 0.193307 0.585044 0.314846 0.435381 -0.475592 0.536389 -0.679826 0.326802 0.401464 0.307788 0.360748 -0.580930
VERTEX_POSE A248 -0.912385 0.292740 -0.741484 -0.802718 -0.981849 -0.528718 -0.287000 0.138423 -0.544765 0.545956 -0.444292 0.629612 0.405396 -0.108425 -0.159553 0.609178 0.751854 0.042654 -0.290033 0.454316
VERTEX_POSE A249 0.179484 0.430259 -0.170551 0.306145 0.486710 -0.027872 0.658143 0.378801 0.468759 -0.035985 -0.689527 0.595699 -0.526481 0.551352 -0.554128 -0.432897 0.139050 -0.342889 -0.317759 -0.240286
VERTEX_POSE A250 -0.025584 0.665539 -0.262968 0.702390 0.438474 -0.338488 -0.314703 0.797239 0.111064 0.655996 0.423900 0.599425 0.127200 0.401203 0.042495 0.549922 -0.153329 -0.715524 0.389920 0.015652
VERTEX_POSE A251 0.849082 0.035070 -0.661075 0.888899 -0.902781 -0.221949 -0.488937 0.680213 -0.156874 0.222694 -0.305963 0.438293 0.686725 0.570200 0.847446 -0.464861 -0.125750 0.125950 0.153824 -0.320554
VERTEX_POSE A252 0.685004 0.616148 0.936256 -0.919026 0.976189 -0.350228 0.218420 0.029166 -0.036717 -0.663871 -0.325046 -0.631490 0.471804 -0.386931 -0.495106 -0.488288 -0.292450 0.481750 0.224820 -0.811327
VERTEX_POSE A253 -0.931210 -0.195393 -0.741723 -0.392030 0.719139 0.539713 -0.454383 0.112306 0.525356 0.099574 -0.612393 -0.425296 0.442489 -0.325424 -0.475003 -0.752780 -0.447046 0.161883 0.145419 -0.553725
VERTEX_POSE A254 -0.439029 0.261255 -0.493054 -0.947417 -0.262752 -0.480929 -0.157233 -0.333887 0.025771 0.480520 -0.573840 0.704882 0.400705 -0.131424 -0.468342 0.517861 -0.226971 -0.227682 0.561813 0.700314
VERTEX_POSE A255 0.118603 -0.850179 0.349679 0.119961 0.040178 -0.687973 -0.616696 -0.182131 -0.293094 -0.056689 0.601396 -0.392302 0.441909 -0.668644 -0.478650 0.260370 0.330770 -0.240378 0.594471 0.220584
VERTEX_POSE A256 -0.825136 -0.599803 -0.699457 0.592979 -0.768905 0.140214 -0.169632 -0.520048 -0.737214 0.605050 0.031190 0.257122 0.288902 -0.443192 0.548268 0.447645 0.590015 -0.264850 -0.566823 0.428999
VERTEX_POSE A257 -0.219081 0.239389 -0.130968 -0.111461 0.375181 -0.649245 0.317823 -0.601095 -0.183490 -0.483613 0.313049 0.480400 0.158285 -0.456865 -0.260329 0.670954 0.571703 0.496243 0.435744 0.071521
VERTEX_POSE A258 -0.605142 0.514430 0.268665 -0.596399 -0.553087 -0.496221 0.635546 0.562085 -0.453537 -0.483162 0.152257 0.081917 -0.154861 0.515741 -0.559554 -0.478030 -0.009892 0.477763 -0.331876 0.628324
VERTEX_POSE A259 -0.963393 -0.321986 -0.546744 -0.076297 -0.052005 0.518277 -0.279710 -0.010214 -0.048884 -0.850661 -0.341360 -0.567026 0.174793 -0.689355 -0.397244 -0.399958 0.309991 0.499678 0.087287 -0.558628
VERTEX_POSE A260 -0.232558 0.361118 0.277776 0.871501 0.511995 0.195159 0.388174 0.438177 -0.278290 0.325920 0.626733 0.733383 -0.358960 0.472724 0.439951 0.768611 -0.324822 -0.391228 0.153238 0.293646
VERTEX_POSE A261 0.200606 0.544904 -0.799204 -0.256484 -0.682278 -0.290677 -0.092256 -0.823023 0.610945 -0.344394 0.076389 0.524101 0.801288 -0.193251 -0.326896 0.403768 -0.076663 0.400887 -0.260365 -0.523044
VERTEX_POSE A262 -0.903801 -0.799094 -0.798995 0.330026 -0.408299 -0.691978 -0.112128 0.151577 -0.239499 0.122191 0.328189 -0.326327 -0.828929 -0.101766 0.487159 -0.417383 0.721831 -0.346401 0.333415 0.581309
VERTEX_POSE A263 0.728494 -0.929003 -0.481857 -0.895567 0.433678 0.266841 0.044754 0.610701 0.095404 -0.538550 -0.270164 0.572982 -0.636343 0.180909 -0.355752 -0.097461 0.721654 -0.681781 -0.541784 -0.023302
VERTEX_POSE A264 -0.301905 0.202689 0.997746 0.998713 -0.494057 -0.223667 0.387240 -0.573298 0.403898 0.692197 -0.295570 0.404006 -0.473203 -0.396342 -0.194796 0.372095 0.558092 -0.765293 -0.092377 -0.339727
VERTEX_POSE A265 0.627588 0.290228 0.648204 -0.672206 -0.471033 0.570370 -0.111589 -0.502296 0.257519 -0.279538 0.421209 -0.628349 -0.022494 -0.597526 -0.326154 -0.834751 0.177410 0.327357 -0.460533 -0.426345
VERTEX_POSE A266 -0.414044 -0.772912 -0.675377 -0.892780 -0.243712 -0.495946 0.358354 0.308223 0.158060 -0.113008 -0.055931 -0.456313 -0.146963 0.675237 -0.396143 0.652443 -0.481657 -0.603244 -0.641508 -0.462527
VERTEX_POSE A267 -0.126827 -0.927733 -0.259397 0.546817 -0.085670 -0.364970 0.417571 -0.038914 -0.598567 0.374824 0.555226 -0.235444 -0.262620 -0.243249 -0.667442 -0.545567 -0.294466 -0.087189 0.564384 -0.737787
VERTEX_POSE A268 0.672930 0.603169 0.473536 0.973423 -0.190322 0.270930 -0.533932 -0.371617 0.385775 0.403539 0.657123 0.313439 -0.642135 0.507547 -0.705362 -0.045305 0.235142 0.426609 0.371058 -0.342337
VERTEX_POSE A269 -0.174282 0.245771 -0.647665 -0.228949 0.982706 -0.784427 0.546757 0.208211 -0.147670 -0.511076 0.657815 -0.313313 -0.539428 -0.373633 -0.149137 -0.240607 0.449181 0.492403 0.301635 0.427274
VERTEX_POSE A270 -0.153126 0.645367 0.103183 0.321064 0.119827 0.322950 0.096834 0.319436 0.121464 0.268743 0.872211 -0.145327 0.607317 -0.178035 -0.737979 -0.469471 0.324721 0.561442 -0.573728 0.008300
VERTEX_POSE A271 0.957837 -0.596451 -0.270534 0.340861 0.650467 -0.091482 0.431267 0.606319 -0.212315 -0.244605 0.635003 -0.868440 0.375693 -0.294062 -0.384168 -0.473185 0.297575 0.211613 0.623801 0.232646
VERTEX_POSE A272 -0.232251 0.319640 -0.736514 -0.356595 -0.998617 0.111664 0.433561 0.262629 -0.663579 0.189632 0.299939 0.317800 -0.468698 -0.360335 0.295538 -0.445968 0.841242 0.599045 0.597912 0.059431
VERTEX_POSE A273 0.906361 -0.582519 -0.398985 -0.370687 -0.468446 -0.308975 -0.155880 -0.522162 0.201656 -0.495847 0.644782 -0.573210 0.540448 0.253049 0.387460 -0.111358 -0.492377 0.620624 0.652191 0.071649
VERTEX_POSE A274 0.772972 0.182349 -0.918783 -0.200016 0.344738 0.672547 0.136835 0.339709 -0.640211 0.554205 0.184657 0.210015 0.234561 0.394192 -0.193893 -0.160059 0.821461 -0.236874 -0.770386 0.142528
VERTEX_POSE A275 -0.141584 0.083444 0.112215 0.951422 -0.850054 -0.528710 0.281188 -0.620165 -0.482581 0.551629 0.538448 0.650873 0.379049 -0.115655 -0.142344 -0.229403 -0.477236 0.209007 0.648332 -0.290409
VERTEX_POSE A276 -0.222389 -0.982919 0.732215 -0.783443 -0.472502 -0.004099 0.514466 0.496568 -0.554538 -0.338509 -0.405357 -0.382283 -0.534760 0.516603 0.198398 0.086954 -0.555001 0.712017 -0.572021 0.119168
VERTEX_POSE A277 0.885776 -0.960694 -0.068706 0.293622 0.658298 -0.499399 -0.835066 -0.040538 0.092781 -0.145981 -0.856188 0.536185 -0.109408 -0.340847 -0.609710 0.500193 -0.385404 -0.287666 0.138534 -0.024215
VERTEX_POSE A278 0.230808 0.263913 0.306114 -0.797803 -0.790089 -0.240013 -0.005033 0.596880 -0.327464 0.184923 -0.768750 -0.712970 -0.582519 0.045411 -0.506240 0.778392 0.202249 -0.265623 -0.143369 -0.098954
VERTEX_POSE A279 -0.134774 0.309821 0.990731 -0.586160 -0.454351 0.530703 0.499298 0.006551 -0.175374 0.644634 -0.220177 -0.661031 -0.177016 0.030144 0.322004 -0.251008 0.717298 0.383340 -0.490723 -0.660344
VERTEX_POSE A280 0.065260 0.469565 0.760743 -0.400232 0.145008 -0.050969 -0.227195 -0.571591 -0.465476 -0.148707 0.376059 -0.754551 0.450247 -0.409889 0.206545 -0.316522 -0.595110 0.410763 0.789532 -0.098482
VERTEX_POSE A281 -0.794776 -0.070548 -0.956854 0.904587 0.648385 -0.511180 0.673812 0.522627 0.666221 0.471580 -0.074041 -0.038053 -0.531436 0.532541 0.105175 0.201796 -0.101403 -0.531351 0.021048 -0.653832
VERTEX_POSE A282 -0.285693 -0.655109 -0.670345 -0.697261 -0.357133 -0.588039 0.349914 0.304096 0.252478 0.466691 -0.493517 0.163329 0.667636 -0.233905 -0.464806 0.380062 0.216454 0.589698 0.263769 0.749935
VERTEX_POSE A283 -0.249736 0.085713 0.696999 -0.319258 0.121197 0.159624 0.223331 0.523111 -0.535432 0.444267 -0.197654 -0.198761 -0.601703 -0.538679 -0.768620 -0.281665 0.503783 0.239896 -0.558003 0.378570
VERTEX_POSE A284 -0.725986 0.734059 -0.698578 -0.487443 0.367524 0.469166 0.496792 -0.130123 -0.478358 0.585635 -0.461010 0.422928 0.544658 0.442064 -0.358332 0.300046 -0.073257 -0.493748 0.153459 0.754819
VERTEX_POSE A285 0.275279 0.606146 -0.163399 -0.644678 0.380115 0.246015 0.607171 -0.674196 0.320124 -0.477616 -0.515327 0.690608 0.385966 0.352026 -0.429075 0.487663 0.151940 0.419467 -0.128222 0.364539
VERTEX_POSE A286 0.868867 0.235533 0.046677 0.800703 -0.838626 0.471723 -0.209139 0.569449 0.118307 -0.607139 -0.257900 -0.143985 0.555149 0.491231 -0.398436 0.257255 -0.419736 -0.764197 -0.461814 0.437869
VERTEX_POSE A287 -0.551122 -0.865744 -0.398035 -0.894464 0.598620 0.044808 -0.057061 0.393829 -0.602727 0.363027 0.643268 -0.708579 -0.048012 -0.394872 -0.073039 0.654435 -0.502640 0.356781 0.659064 0.150115
VERTEX_POSE A288 -0.943803 -0.154465 0.705633 0.243861 -0.244704 -0.390850 0.435706 -0.233334 -0.616058 -0.630436 0.008926 0.191198 0.443864 -0.007093 0.370273 -0.304028 -0.868384 0.542264 -0.351087 0.437417
VERTEX_POSE A289 -0.736275 -0.250036 -0.684658 -0.795696 -0.391713 0.278521 0.426129 0.567350 -0.007180 -0.501558 -0.206841 0.710187 0.142333 -0.637844 -0.415089 -0.279321 -0.176610 -0.495691 0.684525 -0.444179
VERTEX_POSE A290 -0.514514 -0.187731 0.055221 0.029239 -0.453385 -0.039830 -0.073904 -0.195280 0.434836 -0.301951 0.467968 -0.472216 0.682235 0.483458 -0.718282 -0.656869 0.226291 0.265357 -0.080267 0.676707
VERTEX_POSE A291 -0.176361 -0.793347 -0.016591 0.115361 -0.732709 0.322778 0.081502 -0.520936 0.206659 -0.703622 0.068673 0.038952 0.053309 0.839552 -0.706134 0.348697 -0.073242 0.594108 0.611426 0.117039
VERTEX_POSE A292 0.464331 -0.705132 -0.483862 -0.052180 -0.073991 0.067560 0.395958 0.305791 0.616098 -0.529817 0.110875 0.226991 -0.401481 0.493652 0.304641 0.541421 0.586968 0.686679 0.328919 -0.553151
VERTEX_POSE A293 -0.418315 0.013176 0.256226 -0.640736 0.138316 -0.727760 -0.461726 -0.274947 0.486217 0.078505 -0.447852 0.276855 -0.514073 0.717594 -0.365809 0.377708 0.411398 0.153281 -0.611319 -0.199104
VERTEX_POSE A294 -0.447867 -0.722350 0.501552 0.219794 0.700969 0.477073 -0.192668 -0.571083 -0.585139 -0.450298 0.324531 0.389830 -0.398014 0.317006 0.208788 -0.724043 0.038429 0.484204 0.278310 0.683063
VERTEX_POSE A295 -0.837574 0.497557 -0.486116 -0.053467 0.431952 -0.371187 0.526248 0.588184 0.391804 -0.488020 0.717667 0.539607 0.429899 -0.253542 -0.640343 -0.171029 -0.080165 -0.086567 -0.520418 -0.261313
VERTEX_POSE A296 -0.790727 -0.696597 -0.095570 -0.312941 0.667283 0.023387 0.171026 -0.432134 0.262556 -0.583266 -0.540272 -0.135340 -0.497524 -0.294286 -0.709391 0.346784 -0.521638 -0.639503 -0.512602 0.403306
VERTEX_POSE A297 0.138089 -0.495262 0.826176 0.327015 -0.542743 -0.394518 -0.534227 0.178992 0.491267 -0.483106 0.413246 -0.460549 -0.259713 0.504426 -0.059424 0.637102 0.700726 -0.622395 0.088657 -0.227434
VERTEX_POSE A298 0.035599 0.569824 0.254487 -0.506650 -0.653718 0.766641 -0.301693 0.074844 0.356798 -0.313476 0.502333 0.194415 0.816559 0.514943 0.447331 0.298840 -0.668220 0.216922 0.233753 -0.174289
VERTEX_POSE A299 0.882204 0.906572 -0.622035 -0.339518 -0.523039 -0.228847 -0.607616 -0.193808 -0.092130 -0.041354 -0.928661 0.869902 0.053996 -0.109014 0.280600 0.201555 -0.269049 -0.321987 0.765214 -0.125521
VERTEX_POSE A300 0.963807 0.750509 -0.821489 -0.901934 -0.560037 -0.409581 0.243615 0.582848 0.418764 -0.661316 -0.015702 -0.392242 -0.660905 0.130703 0.651940 0.230104 0.114942 0.279285 -0.116488 0.793566
VERTEX_POSE A301 0.882473 0.215191 -0.642330 0.814414 0.466110 0.248205 -0.616445 0.182428 -0.423432 0.600968 -0.070339 0.712771 0.267720 -0.626019 0.493095 0.428012 0.754808 -0.088960 -0.062961 0.011770
VERTEX_POSE A302 0.840040 -0.689879 0.107431 -0.998657 -0.872572 0.314966 0.628010 -0.571573 -0.401130 0.572161 0.133546 0.432856 -0.334008 -0.515921 0.481269 -0.099702 0.479534 -0.566487 -0.395896 -0.399179
VERTEX_POSE A303 -0.268444 0.070149 -0.558003 -0.258529 -0.558654 -0.219247 0.268046 0.317798 0.158680 0.261504 -0.905977 0.458994 -0.787517 -0.042505 0.406073 0.040927 0.154009 -0.742416 -0.487758 -0.229531
VERTEX_POSE A304 0.788834 0.632672 -0.041314 -0.556273 0.997664 0.486997 -0.091365 0.730212 0.439509 0.677262 -0.210081 0.158821 0.563013 0.081489 0.348725 -0.237376 0.285952 -0.650255 0.399547 0.578142
VERTEX_POSE A305 0.613012 0.492469 0.188648 -0.198673 0.472166 0.482445 -0.501464 0.439867 0.313906 0.143212 0.504510 -0.432864 -0.053004 -0.151278 -0.360142 0.565369 0.639208 -0.592990 -0.636846 0.347151
VERTEX_POSE A306 0.589972 -0.846407 0.554211 -0.307107 -0.408707 0.686666 -0.008767 -0.212208 0.271521 -0.705316 0.496414 0.666615 0.386843 0.088892 -0.087601 0.484159 0.054700 0.052123 -0.344085 -0.835253
VERTEX_POSE A307 -0.433555 0.649753 -0.309099 -0.339715 -0.474838 0.573928 0.424936 -0.157576 -0.034097 0.567847 0.780620 0.541231 -0.572594 0.530370 0.239704 -0.301870 -0.027173 -0.564850 -0.279268 0.289432
VERTEX_POSE A308 0.498788 0.531775 -0.880058 -0.905050 0.130464 -0.184032 0.748489 0.567213 -0.460572 0.132348 -0.514661 0.754320 0.055678 0.136661 0.429389 0.394969 -0.565084 -0.025132 0.512980 -0.274586
VERTEX_POSE A309 -0.179220 0.417506 -0.139675 -0.104910 -0.198797 -0.153299 0.740826 0.082879 -0.322498 0.555760 0.089507 0.097618 0.228478 -0.277303 0.651371 0.152169 0.729240 0.662330 0.258749 -0.613540
VERTEX_POSE A310 0.431671 -0.040426 -0.318369 0.074125 0.070810 -0.093194 -0.832051 -0.286513 -0.348354 -0.308129 0.796414 -0.719960 0.074281 -0.499738 -0.437473 -0.104958 0.129964 -0.400300 0.442960 0.130409
VERTEX_POSE A311 -0.435952 0.001340 0.880684 -0.305283 -0.724528 -0.197126 0.132058 -0.281835 0.420780 0.712255 0.526943 0.348669 0.158412 -0.616944 0.236409 -0.629882 0.462388 0.778862 -0.231099 -0.220177
VERTEX_POSE A312 0.026004 -0.653042 -0.096529 -0.200323 -0.550412 0.489984 -0.179977 -0.589017 -0.582627 -0.642538 0.009623 0.620351 -0.360219 0.275223 -0.084090 -0.354132 -0.637307 0.168982 -0.547344 0.413592
VERTEX_POSE A313 -0.854022 0.304465 0.011286 0.376863 0.713678 -0.468482 0.097969 0.237852 0.441618 0.410492 -0.566379 0.642295 -0.392705 0.053208 0.243571 0.786481 0.470454 0.337087 -0.221648 0.631255
VERTEX_POSE A314 0.314312 -0.912947 0.577683 0.375459 0.396669 0.386009 -0.220275 -0.237133 0.000995 -0.426509 -0.633152 -0.085813 0.857973 -0.345024 0.451175 0.136271 -0.530509 -0.800046 -0.121988 -0.377366
VERTEX_POSE A315 0.300019 -0.918983 0.204893 0.312234 0.817113 0.385239 -0.487899 -0.173914 -0.453968 0.607750 0.066639 -0.498960 -0.549163 0.572636 0.215339 0.113576 0.694024 0.591753 0.279490 0.394628
VERTEX_POSE A316 0.421256 -0.089389 0.847887 0.732185 0.093793 -0.019715 0.477127 0.671446 0.907559 -0.015926 -0.072975 -0.001737 0.404388 0.359813 -0.252656 -0.656229 0.375703 0.334829 -0.421818 0.522700
VERTEX_POSE A317 0.183179 0.322587 -0.375639 0.176162 0.558043 0.687293 0.016985 0.706783 0.259946 0.905298 -0.272838 -0.447426 0.152742 0.240528 -0.419827 0.393206 0.456447 0.289156 -0.046973 -0.399774
VERTEX_POSE A318 0.748897 -0.784728 0.806858 0.417769 0.415733 -0.430012 -0.581438 -0.086364 0.125325 -0.589793 -0.528436 0.862515 -0.100765 -0.185047 0.182792 -0.041520 0.500821 -0.148455 0.549723 -0.654394
VERTEX_POSE A319 0.477454 0.756146 0.553521 -0.023954 0.849089 0.902679 -0.222861 0.221941 0.213391 -0.073398 -0.704215 0.198439 0.606985 0.460089 0.182366 -0.393310 -0.086054 0.258841 0.649478 -0.485527
VERTEX_POSE A320 0.446904 -0.927450 -0.060297 0.380466 -0.833670 0.429051 0.612876 0.329576 -0.118018 -0.097415 0.079810 0.769416 -0.614213 -0.103915 0.217700 0.007303 0.762709 0.403228 0.487425 -0.540821
VERTEX_POSE A321 -0.765617 0.027542 -0.137921 -0.552992 0.962348 0.691744 -0.027624 -0.494999 -0.263733 0.554602 -0.205177 -0.258655 0.390588 0.334151 -0.619915 -0.402817 -0.624637 0.027190 0.613868 -0.459402
VERTEX_POSE A322 -0.698907 0.962798 -0.463070 -0.908592 -0.883620 -0.521895 -0.559820 -0.415588 -0.447638 0.746816 0.072828 -0.168189 0.127887 -0.610105 0.527762 0.282071 -0.658162 0.469495 -0.181517 0.128748
VERTEX_POSE A323 -0.088765 -0.632582 0.455841 -0.671714 0.092339 -0.248859 0.269915 -0.606251 0.245359 0.355617 -0.556052 0.599700 0.118059 -0.252158 0.530483 0.500464 0.459655 -0.486638 0.732312 0.219997
VERTEX_POSE A324 -0.183932 -0.959283 -0.881695 -0.193728 0.100664 -0.632594 0.016743 0.052850 0.570644 -0.327247 0.007354 -0.034453 -0.398454 -0.890852 -0.123344 0.676235 -0.437732 -0.507730 -0.525899 0.109208
VERTEX_POSE A325 -0.146774 -0.759552 -0.961518 0.311202 0.817349 -0.315334 -0.473584 0.089237 0.923419 0.045906 0.060763 0.173022 -0.656064 -0.527247 0.015318 -0.023542 -0.639307 -0.133004 0.585352 -0.549219
VERTEX_POSE A326 0.073661 0.864975 0.969725 0.274819 -0.475708 0.522477 0.425219 -0.163917 0.137697 0.259377 0.632909 -0.113532 0.266073 0.678969 -0.020093 0.785168 -0.323560 -0.833525 0.254220 -0.082873
VERTEX_POSE A327 0.025341 -0.655879 0.022735 0.493331 -0.232053 0.004917 0.421851 -0.694811 -0.336351 -0.312008 0.365505 -0.492234 0.432881 -0.095542 -0.429679 -0.679758 -0.563051 -0.678178 0.274291 0.239769
VERTEX_POSE A328 0.991315 -0.254814 0.864658 -0.361783 -0.725394 -0.292664 0.648691 -0.434994 0.265067 0.498982 0.681094 -0.614329 0.052555 0.561476 -0.619374 0.115675 -0.120679 -0.288205 -0.560423 0.130663
VERTEX_POSE A329 -0.890740 0.434799 0.224212 0.768168 -0.129426 0.420121 0.728058 0.519231 0.507752 -0.025430 -0.566813 -0.191597 -0.445687 0.588135 0.618115 -0.439233 0.223101 -0.383289 0.278788 -0.115954
VERTEX_POSE A330 -0.092456 -0.749308 0.400700 -0.846187 0.244907 -0.055578 0.349672 0.021785 0.443256 -0.523581 0.294012 -0.303271 0.490741 0.693853 -0.534061 -0.016188 -0.563588 0.650570 0.602083 -0.337668
VERTEX_POSE A331 0.955122 -0.504305 -0.956831 -0.263717 -0.285431 0.655068 0.423617 0.420310 -0.070532 -0.111295 0.073511 -0.326505 -0.555547 0.617695 -0.522309 0.429524 -0.338135 0.431855 -0.561283 -0.567498
VERTEX_POSE A332 0.991733 -0.350010 0.581883 0.582583 -0.663316 0.477154 -0.719877 -0.145243 0.581563 0.133367 0.200448 -0.205049 0.378276 -0.380866 -0.249593 -0.089131 0.875950 0.574252 0.559423 0.162410
VERTEX_POSE A333 -0.252415 -0.439187 -0.491868 -0.844844 0.372335 -0.258831 -0.204128 0.405558 -0.313219 -0.460591 -0.599485 -0.070702 0.131733 -0.654983 -0.852401 -0.099427 0.190640 0.321424 -0.847908 0.103895
VERTEX_POSE A334 -0.313322 0.565843 -0.514834 0.477754 0.155915 -0.457511 -0.090218 -0.775097 0.248962 -0.528832 0.032640 0.579337 0.405231 -0.579859 -0.504393 0.603121 0.179998 -0.372368 -0.429221 -0.171824
VERTEX_POSE A335 0.780567 -0.717338 -0.459432 -0.973690 -0.665652 0.265270 0.574775 -0.297249 -0.535672 -0.354781 -0.686136 0.793083 -0.495126 -0.276927 0.091739 0.125024 -0.541192 0.072730 0.531962 -0.266990
VERTEX_POSE A336 -0.639403 -0.946718 0.696780 -0.043517 -0.155499 -0.386759 -0.200398 -0.782654 0.232551 0.284446 0.294782 -0.711381 0.658667 0.164332 0.221158 0.507727 -0.399073 0.491286 0.432784 -0.338071
VERTEX_POSE A337 -0.723350 0.719436 -0.960623 -0.829354 0.747208 0.138788 -0.699577 0.651937 0.389164 0.531035 0.594970 0.782795 0.053795 -0.145733 0.452525 -0.236520 -0.433048 -0.108359 0.412018 0.110542
VERTEX_POSE A338 -0.652988 0.932416 0.231469 -0.313406 -0.140490 0.622011 0.385809 0.505684 -0.406446 0.163926 0.767038 -0.296864 -0.651633 0.350521 0.399248 -0.526677 0.061981 0.447635 -0.349665 0.170965
VERTEX_POSE A339 0.859385 0.585058 0.816721 0.051433 0.974965 -0.518596 -0.383111 0.357748 -0.819216 0.006540 -0.191903 0.131770 -0.321341 0.792746 -0.136504 0.831405 0.443336 0.154748 -0.242257 -0.100975
VERTEX_POSE A340 0.097430 0.136942 -0.100298 0.065736 -0.451589 0.293642 0.193682 -0.268703 0.019995 -0.560632 0.444298 -0.696730 0.556814 0.357527 -0.341566 -0.489570 0.260271 0.557919 0.313781 0.731322
VERTEX_POSE A341 0.778682 -0.108010 0.913100 0.760719 0.930320 -0.199112 -0.286193 -0.520430 -0.715375 0.596269 -0.152975 -0.609295 -0.404562 0.607204 -0.207595 -0.630186 -0.329938 -0.185085 0.041869 -0.477698
VERTEX_POSE A342 -0.576567 -0.413602 0.697406 0.746150 -0.749563 -0.563846 0.043476 -0.526913 0.068093 0.882076 0.121522 -0.815427 0.064686 0.265149 -0.088680 -0.389191 0.602280 -0.068234 0.253766 0.523975
VERTEX_POSE A343 -0.876565 0.483900 0.803173 0.865413 -0.002000 -0.004314 0.511877 -0.036306 -0.570678 -0.477188 0.477675 -0.201239 -0.517847 -0.480276 -0.612038 0.268713 -0.617913 0.509136 -0.412190 -0.397526
VERTEX_POSE A344 0.924660 -0.803545 -0.075614 0.137582 0.643998 -0.625635 -0.488311 0.544501 -0.405340 0.355352 -0.434919 -0.031280 -0.744057 -0.619844 -0.665705 0.278635 -0.212611 -0.011815 -0.063393 -0.291469
VERTEX_POSE A345 0.737745 -0.326549 0.275089 0.121610 0.647105 -0.512337 -0.615449 0.553020 0.231279 -0.544872 -0.604439 0.212217 -0.520096 -0.117995 0.330100 0.150458 0.253219 0.728024 -0.176633 0.500779
VERTEX_POSE A346 0.423454 0.564917 0.008066 0.177647 -0.184888 0.529238 0.142375 -0.466711 0.442539 0.321158 0.707269 0.419975 -0.573444 -0.282014 0.544966 -0.245602 0.250618 -0.225165 -0.698161 0.373644
VERTEX_POSE A347 0.345917 0.107066 -0.227726 -0.130232 -0.262209 0.640180 0.107532 -0.555404 -0.026737 0.702204 0.440372 -0.151364 -0.594176 -0.014692 0.752575 -0.191746 0.494004 -0.013243 -0.324861 0.503332
VERTEX_POSE A348 -0.079076 0.996038 0.899450 -0.702228 0.205148 0.479537 -0.588924 0.228097 -0.142512 -0.685838 -0.622169 0.618242 -0.107096 0.292742 -0.485521 -0.326742 0.326919 -0.363016 -0.254097 0.606880
VERTEX_POSE A349 0.172351 0.780189 -0.185075 -0.404584 -0.769155 0.082765 -0.180822 0.725608 -0.590344 -0.242386 0.014359 0.396867 -0.823615 -0.376763 0.587216 0.030838 0.419807 0.377250 0.478811 -0.393825
VERTEX_POSE A350 -0.176629 -0.136788 -0.674205 0.845814 -0.413120 -0.858065 -0.384087 0.275776 0.063645 0.215306 0.634030 0.090791 -0.395324 0.301340 -0.031420 0.560884 0.541396 -0.500443 0.579007 -0.371536
VERTEX_POSE A351 -0.632172 -0.931412 -0.160847 0.678238 0.371478 -0.113759 0.013678 -0.565204 -0.658887 0.454042 0.185011 -0.401439 0.164937 0.436499 -0.606994 -0.409823 -0.498226 -0.152748 -0.773628 0.455582
VERTEX_POSE A352 0.406734 -0.192270 0.677004 0.042424 -0.806807 0.072504 0.374407 0.466521 -0.410790 -0.808698 0.292580 -0.564698 0.351682 -0.280218 -0.222688 0.238331 0.772228 -0.676402 0.159200 -0.147977
VERTEX_POSE A353 0.124464 -0.173990 -0.137275 0.937221 -0.296740 -0.003801 -0.768903 -0.515399 0.504598 -0.153685 0.591993 0.517664 -0.309439 -0.080906 0.103154 0.463101 -0.537360 -0.683191 -0.273776 0.297668
VERTEX_POSE A354 0.279063 -0.563994 -0.705006 -0.993476 -0.536182 -0.408658 -0.162424 0.258415 0.579384 -0.347245 0.302984 -0.536945 0.439926 0.176029 0.285587 0.484292 -0.668140 -0.356992 -0.651894 -0.603345
VERTEX_POSE A355 -0.777198 -0.151552 0.795309 0.848696 0.293856 -0.449733 0.456411 0.567958 0.543124 0.520885 0.348672 -0.435657 -0.040936 0.365078 0.552221 -0.056521 0.315518 -0.089506 0.717981 -0.568347
VERTEX_POSE A356 0.977690 0.066458 -0.098793 0.248423 -0.479391 0.751413 0.393487 -0.290553 -0.620298 0.364670 -0.100910 0.197165 -0.480209 0.298897 0.096838 -0.084965 0.739364 -0.048554 -0.688741 -0.519036
VERTEX_POSE A357 -0.647276 -0.699018 -0.735280 0.281342 -0.011891 -0.347180 0.088074 0.319573 0.469295 0.702545 -0.346397 -0.455918 0.354029 0.414242 -0.542259 -0.174376 -0.770495 -0.396638 0.585602 -0.112357
VERTEX_POSE A358 0.248142 0.192569 -0.181956 0.342027 -0.938197 -0.265879 -0.462032 -0.648921 0.034014 -0.577064 -0.111341 0.170683 0.375773 -0.018172 0.864188 0.057301 -0.460363 0.390125 -0.555908 0.595181
VERTEX_POSE A359 0.969005 0.811644 -0.234135 0.886640 -0.204785 0.697073 0.123837 -0.029227 0.490667 -0.411622 0.151476 -0.514381 -0.067412 0.168339 -0.016478 -0.396011 0.833181 0.092064 0.808618 0.503659
VERTEX_POSE A360 -0.538017 0.735781 0.488932 0.049511 0.858683 0.716266 0.366652 0.427346 0.075815 0.739930 -0.600713 -0.243505 0.466936 0.435396 -0.335032 0.180371 0.515632 0.556484 -0.259821 0.032748
VERTEX_POSE A361 -0.844313 0.443261 -0.781256 0.495840 0.306710 -0.240148 -0.442322 -0.477848 -0.099133 -0.651387 0.739384 0.598289 -0.268969 -0.029394 -0.339582 0.501628 0.436407 -0.677669 -0.236795 -0.183460
VERTEX_POSE A362 0.924126 -0.692662 -0.190966 -0.377078 0.509784 -0.126326 0.889816 0.409248 -0.516744 0.123998 -0.411795 0.482124 -0.198970 0.481381 -0.339361 -0.200471 -0.017091 0.607789 0.336266 -0.656445
VERTEX_POSE A363 -0.546284 -0.614229 0.070815 -0.367907 -0.804633 -0.529643 0.037390 0.546652 0.182984 -0.204088 -0.282586 -0.613001 -0.060232 -0.749755 0.458644 0.583506 -0.242184 -0.316023 0.782843 0.023051
VERTEX_POSE A364 -0.096729 -0.995926 -0.273124 0.650996 -0.320954 -0.002749 0.393345 -0.311130 -0.038659 -0.312441 0.186025 -0.136884 0.429872 0.881682 -0.844049 0.349870 -0.252257 0.517051 0.663673 -0.166120
VERTEX_POSE A365 -0.389196 0.873182 0.294199 -0.899324 -0.334301 -0.406827 0.450620 -0.704135 -0.406917 -0.625920 -0.430179 -0.078364 0.622909 0.046772 -0.467547 -0.088867 0.301736 -0.666461 0.096192 0.475298
VERTEX_POSE A366 -0.765717 -0.331567 0.611383 -0.341597 -0.470285 0.565088 0.559333 0.406893 0.463148 -0.089813 -0.435435 -0.541175 -0.113355 0.195673 0.342487 -0.734396 0.583274 -0.236649 0.356221 0.516079
VERTEX_POSE A367 0.263868 -0.942644 -0.576344 -0.392521 0.523547 -0.351347 -0.608520 0.038985 -0.429388 -0.272257 -0.646879 0.616206 -0.049576 -0.114340 0.523603 -0.322781 -0.558530 0.195734 -0.670026 0.504974
VERTEX_POSE A368 -0.112546 0.592618 0.333576 -0.728678 -0.587093 -0.736400 -0.377696 0.243820 -0.059396 0.558969 -0.547344 0.125358 -0.550321 -0.388717 0.661017 -0.240805 0.332583 -0.039092 0.429021 0.615836
VERTEX_POSE A369 -0.418705 -0.399151 -0.157148 0.344997 0.389224 -0.657315 0.009295 -0.492501 0.553848 0.345402 0.056862 -0.119857 -0.686737 0.275322 -0.373898 0.632464 0.153805 -0.327144 0.094832 0.809167
VERTEX_POSE A370 0.123253 0.642414 -0.759623 0.658912 0.498512 0.209789 -0.197014 -0.635497 0.204208 -0.526619 -0.096026 0.800503 -0.246723 0.453088 -0.381881 -0.776955 -0.028069 0.357281 0.139019 -0.617127
VERTEX_POSE A371 0.984885 -0.270440 -0.766722 0.337059 -0.038681 -0.097523 0.637214 -0.392778 0.716005 -0.084297 -0.146671 0.157614 -0.191876 0.716223 -0.490864 -0.648586 -0.328756 -0.460474 0.359683 0.450729
VERTEX_POSE A372 -0.640023 0.492839 -0.244048 0.105716 0.319544 0.286872 -0.028712 -0.496108 0.518698 0.564782 0.518442 0.498224 -0.415612 -0.318473 0.457028 -0.573961 0.463586 0.437671 0.421937 -0.410802
VERTEX_POSE A373 0.546685 -0.771188 0.937783 0.405062 0.748948 0.127764 0.094228 0.368357 0.709393 -0.483481 -0.244249 0.594291 0.167524 0.585561 -0.081183 -0.688549 -0.125596 0.347369 0.505177 -0.667832
VERTEX_POSE A374 -0.891680 -0.786540 -0.963549 0.202472 0.959318 -0.214698 -0.806811 -0.325521 -0.285873 0.373513 0.359337 0.899919 0.049721 -0.197327 0.211400 -0.327457 0.647173 -0.132806 0.315981 -0.554204
VERTEX_POSE A375 -0.715363 0.689294 0.680338 -0.756701 -0.036458 0.575619 -0.604798 -0.141440 0.449093 0.324252 0.729843 0.291216 0.578946 -0.648683 0.372705 -0.315504 -0.162764 0.493217 0.307179 0.006524
VERTEX_POSE A376 0.284431 -0.097737 0.212872 -0.473328 0.396054 -0.693457 -0.361669 -0.381142 -0.037443 0.554489 -0.790592 -0.657960 0.453803 0.433128 -0.276522 -0.395380 -0.034509 0.091323 -0.446627 -0.202246
VERTEX_POSE A377 0.531773 0.778376 0.044518 -0.619881 -0.225569 0.571325 -0.190966 -0.297726 0.386073 0.630275 0.503976 0.437727 0.459510 -0.518550 -0.435992 0.525371 0.072176 -0.377944 0.281286 -0.619083
VERTEX_POSE A378 0.630554 -0.203640 -0.547388 0.113066 0.701333 -0.704679 -0.411204 0.241378 0.303160 -0.088228 -0.013024 -0.553585 -0.031001 -0.510141 -0.263195 0.542015 0.711956 -0.189194 0.726901 -0.417663
VERTEX_POSE A379 -0.794645 -0.101699 0.112322 -0.175556 -0.398798 -0.199286 0.175329 0.766518 0.237864 -0.357933 -0.421597 0.132930 0.590505 -0.030353 0.824011 -0.299875 0.431951 -0.455019 -0.634447 0.217262
VERTEX_POSE A380 -0.295876 0.558565 0.859442 -0.024465 0.005276 -0.190101 -0.551843 -0.539035 -0.126981 0.622811 -0.137801 -0.801119 -0.113259 0.567761 0.453162 0.114257 0.473368 -0.317159 0.530748 -0.379503
VERTEX_POSE A381 -0.546075 0.659572 -0.221593 -0.041120 -0.711788 0.296131 0.417239 -0.393556 0.335135 0.532899 0.657290 0.194641 -0.410253 -0.287536 -0.867915 0.193349 0.115993 0.093966 -0.579861 0.562985
VERTEX_POSE A382 -0.426817 -0.033111 0.951475 -0.497319 0.972680 -0.598870 -0.241078 -0.067601 -0.516089 0.173811 0.297330 -0.436703 -0.597465 -0.011611 -0.061339 -0.013321 -0.945030 0.424893 -0.744667 0.117505
VERTEX_POSE A383 -0.889142 -0.633704 0.536446 -0.982041 0.198469 -0.491824 -0.572495 -0.439566 -0.767551 -0.014664 0.558791 -0.000094 -0.356808 -0.443941 -0.233882 0.563885 -0.436286 -0.338043 0.476189 -0.327269
VERTEX_POSE A384 0.578388 -0.514417 0.641132 -0.103899 -0.008528 0.530327 0.199870 -0.683462 -0.312110 0.806186 0.058529 -0.267101 -0.524610 0.017952 0.582090 -0.109847 0.092732 -0.459532 -0.151110 -0.721479
VERTEX_POSE A385 0.852246 0.402895 -0.753531 -0.490795 -0.563502 -0.398648 -0.296784 -0.557363 -0.656537 0.523473 0.398160 0.364468 0.687533 -0.121374 0.495354 -0.181820 0.386546 -0.178399 -0.363504 0.605529
VERTEX_POSE A386 -0.666340 0.214743 0.331756 0.866655 -0.507675 0.016190 -0.092818 -0.316773 -0.770723 -0.373748 -0.479019 0.467234 -0.792857 -0.051589 -0.330882 0.129633 0.454730 0.279167 0.454170 -0.678789
VERTEX_POSE A387 0.556078 0.552041 -0.457661 -0.855476 0.512081 0.814634 -0.249716 0.231936 -0.248870 0.451126 -0.265173 -0.052982 -0.503750 -0.651170 -0.085890 0.318696 0.465097 -0.514054 -0.615464 0.485337
VERTEX_POSE A388 -0.795031 0.703877 -0.488812 0.790547 0.424607 -0.427752 0.575896 0.621129 -0.532671 -0.234146 0.239478 0.361419 -0.254797 0.436455 -0.463654 -0.696457 0.055257 0.433233 -0.252082 0.602746
VERTEX_POSE A389 0.581802 -0.592688 -0.850200 0.208682 -0.445872 0.176523 0.581357 -0.136875 0.315847 -0.356999 -0.820747 0.511869 0.513769 -0.204879 0.642575 -0.497574 0.336495 0.440644 0.151780 0.390430
VERTEX_POSE A390 0.525083 0.363685 0.308204 -0.968836 -0.692704 0.008636 0.195956 0.405148 0.356580 -0.006891 0.589325 -0.621889 0.682160 -0.077349 0.621570 0.383657 -0.599428 0.315725 0.590778 0.351077
VERTEX_POSE A391 -0.333048 0.439657 -0.999880 -0.159942 0.283290 0.555588 -0.192156 0.296188 -0.149292 0.586950 0.498493 0.699220 0.117694 0.321010 -0.156028 0.583092 0.173733 -0.394690 -0.514507 0.728386
VERTEX_POSE A392 0.737489 0.850573 -0.631456 -0.295478 0.860838 0.516631 -0.076872 0.567892 -0.225570 -0.606602 0.026271 -0.460177 0.677403 0.420783 -0.434264 0.005734 -0.450235 -0.530907 -0.408921 0.545013
VERTEX_POSE A393 0.449209 0.671023 -0.882762 -0.345914 0.817080 0.216769 0.625742 -0.509781 0.533833 -0.517199 -0.195841 0.725427 0.248051 0.599874 -0.319346 0.363452 0.503532 -0.199516 -0.383831 0.297282
VERTEX_POSE A394 0.120669 0.825428 0.070935 0.472151 0.478658 -0.129665 0.647145 0.143224 0.758238 -0.252738 -0.286749 0.247944 0.571200 -0.649976 -0.155622 0.299913 -0.041972 0.567951 0.317976 0.687772
VERTEX_POSE A395 -0.359240 0.854647 0.095420 -0.644483 -0.460117 -0.058458 -0.686067 -0.344237 0.334279 0.567265 -0.623179 -0.498048 -0.196861 -0.480632 0.514119 -0.270095 0.347166 0.610303 -0.309545 -0.376321
VERTEX_POSE A396 -0.939987 0.544205 0.411437 -0.245238 -0.517221 0.693916 0.428551 -0.191640 -0.362898 0.253625 -0.153705 -0.085157 -0.648653 -0.645122 0.405230 0.015793 -0.520505 0.464028 -0.575343 0.502535
VERTEX_POSE A397 0.354951 -0.506139 -0.317682 -0.869446 -0.991628 -0.620795 -0.067202 0.345613 0.190964 -0.735876 -0.506403 0.335033 0.213062 -0.216669 0.059681 0.639005 -0.459669 0.679954 -0.015754 0.604870
VERTEX_POSE A398 0.904628 0.912004 0.519075 -0.037004 -0.936570 0.320921 -0.119974 0.220705 -0.714183 -0.488639 0.428768 0.532190 -0.421714 0.593040 -0.141308 -0.516677 -0.425148 0.289410 -0.549582 -0.484769
VERTEX_POSE A399 -0.052532 0.136822 -0.254987 0.026084 -0.104313 0.335931 -0.593543 0.228388 0.553174 0.057871 0.482767 -0.055779 -0.520398 0.357988 -0.653005 -0.455118 0.039778 -0.389387 0.407935 0.764878
VERTEX_POSE A400 0.936246 0.094710 0.525170 0.475552 0.397597 -0.515479 -0.001017 -0.736820 0.474870 0.009837 -0.452202 0.451807 -0.484006 0.123429 0.471368 0.738658 -0.197069 -0.287161 0.469069 0.445576
VERTEX_POSE A401 0.027881 0.554418 0.759452 -0.378092 0.561941 0.684282 -0.476755 -0.089732 0.503904 0.016871 -0.473794 -0.268975 -0.347440 -0.516540 0.222288 0.798555 -0.358719 0.395069 0.118387 0.609898
VERTEX_POSE A402 -0.067648 0.866382 -0.021708 -0.636857 0.857005 0.128040 0.199828 0.599461 0.537863 0.637045 -0.065972 0.051459 -0.270264 -0.645655 0.641707 -0.676964 0.290444 0.529030 0.151394 -0.367514
VERTEX_POSE A403 -0.703777 -0.412451 -0.718879 -0.418732 -0.282859 -0.363966 -0.606444 0.392919 -0.406298 0.283371 -0.696569 -0.378183 -0.584012 -0.401424 0.569000 -0.239444 -0.156033 0.485456 -0.391821 -0.418234
VERTEX_POSE A404 -0.425434 0.783230 0.697235 -0.973030 0.310890 -0.116035 -0.019642 -0.183594 0.311975 0.611095 0.651590 -0.607044 0.443031 -0.327075 0.721362 0.088711 -0.578458 0.018503 0.649638 -0.316437
VERTEX_POSE A405 0.040672 -0.920158 0.014743 0.565615 0.816323 -0.553888 -0.496045 -0.355647 0.665081 -0.355721 -0.475626 -0.091170 -0.610737 -0.090905 -0.492427 0.182118 -0.211639 -0.008868 0.470356 -0.770869
VERTEX_POSE A406 -0.419140 -0.723158 0.961460 -0.175433 0.680684 -0.388864 0.422010 -0.460639 0.668937 -0.025024 -0.633987 -0.102824 0.302464 0.400826 0.546726 -0.083562 0.460988 0.303028 0.850185 0.112699
VERTEX_POSE A407 0.858997 -0.314507 -0.089893 -0.446358 -0.293057 0.302925 0.854863 -0.377433 -0.649184 -0.130643 -0.696362 0.323738 -0.313823 -0.199478 -0.596958 0.381323 0.330822 -0.160096 0.090826 0.472641
VERTEX_POSE A408 -0.427555 0.858218 -0.940739 0.945733 -0.409246 0.157054 0.396813 0.830430 0.005484 -0.267768 -0.260657 0.761935 -0.590251 0.173760 -0.316443 -0.483115 0.380522 -0.542792 -0.434791 0.259719
VERTEX_POSE A409 -0.788585 0.073203 -0.585928 0.937633 0.382016 0.756789 -0.297924 -0.560724 -0.614904 -0.556035 -0.462138 0.157848 -0.154282 0.261581 0.142804 -0.732950 0.589150 0.062085 0.202603 0.237686
VERTEX_POSE A410 -0.935648 0.583794 -0.977571 0.378086 0.308145 0.096438 -0.118546 0.311520 0.693273 -0.544824 0.102482 -0.305337 0.034794 0.888399 -0.627022 -0.732877 -0.212195 -0.153899 0.388322 -0.241192
VERTEX_POSE A411 0.276570 0.416783 0.918703 -0.078732 0.596030 0.387467 -0.399951 -0.484936 -0.536585 -0.449527 -0.261101 0.543049 -0.032068 -0.485267 -0.161108 -0.706149 0.110004 -0.491007 0.371874 -0.670133
VERTEX_POSE A412 -0.334661 -0.267225 0.192479 -0.103487 0.670229 -0.438492 0.350413 0.565839 -0.217201 0.547729 -0.518151 0.549347 -0.211604 0.379607 0.283467 0.649287 0.414118 -0.615153 -0.332947 0.309437
VERTEX_POSE A413 -0.362465 -0.449317 0.973904 0.880767 0.280825 0.607791 -0.626734 0.260425 -0.038892 -0.522820 -0.610325 0.547096 0.260600 0.357235 -0.390639 -0.002445 0.448371 -0.420909 -0.515698 0.480654
VERTEX_POSE A414 0.387428 0.783078 0.455149 -0.060773 -0.205502 0.551524 0.307172 -0.635236 0.614561 0.398070 0.319036 -0.304832 0.689947 0.084238 0.453793 -0.496753 0.191028 0.138872 0.156188 0.671642
VERTEX_POSE A415 -0.756272 0.218358 -0.166390 0.792614 -0.338299 -0.938515 -0.126951 -0.256112 0.227006 0.342897 -0.567984 -0.031172 -0.414499 0.135028 0.206351 -0.539024 -0.721963 0.155259 -0.635570 0.268956
VERTEX_POSE A416 -0.510220 0.953578 -0.779628 -0.610028 0.717323 0.191222 0.252027 -0.877060 0.390933 0.296222 0.395039 -0.639187 0.669258 -0.031388 -0.515627 -0.060564 0.166598 0.369016 0.630207 0.214406
VERTEX_POSE A417 0.721088 -0.002178 -0.213095 -0.194119 0.286823 -0.132892 -0.188862 -0.582193 -0.206185 -0.739100 0.543067 0.540140 -0.440495 -0.013327 0.736402 -0.120133 -0.196009 -0.325252 -0.457815 -0.572304
VERTEX_POSE A418 0.799806 -0.229601 0.375949 0.937138 -0.826218 0.341055 0.414425 0.736706 -0.228051 0.269412 -0.462179 -0.533020 -0.090339 0.134238 0.132963 0.802207 -0.342533 -0.727932 0.322445 0.329099
VERTEX_POSE A419 -0.305251 0.657455 -0.268440 -0.819481 0.141930 0.553942 0.022103 0.652850 0.413030 0.719810 -0.460887 0.158869 0.437838 0.315123 0.125544 -0.069871 0.342079 0.693941 -0.533667 -0.380854
VERTEX_POSE A420 0.302890 0.405134 -0.063295 -0.985437 0.840951 0.867271 -0.287321 -0.218853 0.432730 0.171000 0.448879 -0.238381 -0.819856 -0.050155 -0.060541 0.274077 0.394646 0.009742 -0.375399 0.769643
VERTEX_POSE A421 0.324888 -0.865917 -0.315847 0.968302 -0.518922 0.259377 0.689405 -0.024377 -0.023605 -0.109962 0.911277 -0.101737 0.305275 0.404670 -0.628556 0.577554 -0.041360 0.725764 0.293031 0.059256
VERTEX_POSE A422 0.361702 0.097113 -0.268319 0.020578 -0.574780 0.623728 -0.555033 -0.140465 -0.004416 0.564580 0.415326 0.265903 0.540688 -0.796629 0.170667 0.010392 0.025390 0.714921 0.284142 0.415345
VERTEX_POSE A423 0.040379 0.255707 0.305249 -0.280915 0.701788 -0.098887 -0.661125 -0.107682 0.436054 -0.152612 -0.541766 -0.449259 0.372881 0.302538 -0.695858 0.063179 -0.691354 0.337678 0.629755 -0.354110
VERTEX_POSE A424 -0.225903 0.805106 -0.198609 -0.377612 -0.701842 -0.244207 0.329147 -0.366429 0.392587 -0.584735 0.339691 -0.680409 -0.458338 0.324667 -0.517380 -0.238628 -0.329945 -0.235798 0.531724 0.732167
VERTEX_POSE A425 -0.517629 -0.077459 0.802615 -0.507271 0.903878 0.043558 0.380578 0.429208 0.268969 0.381770 0.087635 0.610832 0.326207 -0.665074 0.593321 -0.732159 0.176864 -0.447898 -0.258735 -0.578356
VERTEX_POSE A426 0.681139 0.110354 -0.599332 0.074602 -0.758328 0.611403 -0.387894 0.181930 0.325454 0.373376 -0.253744 -0.149180 0.710894 0.551592 0.379910 -0.105341 0.689587 -0.594711 -0.440069 0.350331
VERTEX_POSE A427 -0.165889 0.349311 -0.787172 0.377151 -0.219063 -0.564031 0.170631 -0.488758 -0.257447 0.736890 -0.154560 -0.009488 -0.132157 -0.550441 -0.643258 -0.599775 0.039254 0.449131 -0.225130 -0.657800
VERTEX_POSE A428 0.837322 0.416402 -0.515067 -0.376717 0.912250 -0.285769 0.367060 0.799284 -0.073007 -0.505165 0.492901 0.608363 0.055872 0.031144 -0.034666 -0.779014 0.063334 0.736002 0.009536 0.336472
VERTEX_POSE A429 0.585767 0.022358 0.919744 -0.962402 -0.694898 -0.857289 0.377866 0.189384 0.241241 0.731332 0.181911 -0.366011 -0.352970 -0.474446 0.208980 0.330810 -0.674190 0.170943 -0.297233 0.501408
VERTEX_POSE A430 0.781578 -0.513867 -0.042159 -0.596765 0.676624 -0.671938 -0.300985 -0.525761 -0.258725 0.025599 -0.358798 -0.654588 0.565952 0.477796 -0.140650 -0.374912 0.493977 0.182464 0.669248 -0.350054
VERTEX_POSE A431 0.773568 -0.488888 -0.989897 -0.901165 0.309847 -0.568853 -0.373068 -0.622651 -0.797005 0.421760 0.272573 0.057492 0.569921 -0.276850 -0.194586 -0.476796 0.615415 -0.004478 0.361655 0.287452
VERTEX_POSE A432 -0.386352 -0.423224 0.679196 -0.340493 0.867043 -0.412284 0.510265 -0.406706 -0.517555 0.021199 0.739927 -0.090111 -0.126407 -0.476055 -0.450699 0.467688 -0.074413 0.592376 0.710261 0.234376
VERTEX_POSE A433 -0.286069 -0.647485 0.936133 -0.233622 0.533629 -0.020724 -0.262266 -0.398660 0.735171 -0.338264 -0.067491 0.122426 0.389970 0.747494 0.272021 0.814184 -0.506922 0.608367 -0.042691 0.144216
VERTEX_POSE A434 -0.930209 0.098661 -0.708776 -0.319897 -0.973012 -0.504100 0.388731 0.620030 -0.473727 -0.415316 -0.030900 -0.621037 0.324486 -0.668136 0.070525 0.618369 0.193948 0.361671 0.434430 -0.361367
VERTEX_POSE A435 0.188214 -0.639994 0.376431 -0.313523 0.177932 -0.314627 -0.681004 0.221000 0.590542 0.160619 -0.343191 0.414144 -0.220591 0.685168 0.439832 0.155758 0.409557 0.432785 -0.661449 -0.442930
VERTEX_POSE A436 0.754603 -0.567643 -0.049124 -0.668007 0.349952 -0.540093 -0.538529 0.371178 0.246360 -0.658331 -0.700837 0.548945 0.091365 0.244663 0.189849 -0.495008 0.493198 0.556977 -0.152334 0.260672
VERTEX_POSE A437 -0.349348 0.375503 -0.747316 0.504670 0.707672 0.344048 -0.555763 0.269987 0.741477 0.331777 0.418901 0.033363 -0.719491 -0.135390 0.226280 0.205093 -0.734470 0.528703 -0.146017 -0.440287
VERTEX_POSE A438 0.047211 0.045499 -0.713462 0.240119 0.884876 0.465006 0.239182 -0.472419 0.519841 -0.425035 -0.504030 0.486944 0.700177 0.320807 -0.450094 0.231703 -0.431082 0.271727 -0.467121 0.483761
VERTEX_POSE A439 -0.672952 -0.709425 0.010137 -0.722274 0.940707 0.956320 -0.114686 -0.221687 0.127068 0.602471 0.458691 -0.175043 -0.376554 -0.472068 0.193372 -0.286323 0.468406 0.035690 0.632536 -0.546081
VERTEX_POSE A440 -0.137934 -0.551294 -0.333244 0.442303 0.089688 0.445663 0.018293 -0.763113 -0.181928 -0.609014 -0.025065 -0.092765 0.213023 0.472048 0.616254 -0.614571 0.356708 -0.616371 -0.453532 -0.258769
VERTEX_POSE A441 0.111563 -0.370707 -0.691033 -0.381795 0.193020 0.207443 -0.578723 -0.331784 0.080238 -0.529871 -0.014059 -0.652565 -0.551675 0.294641 0.405558 -0.215039 -0.476460 -0.600175 0.183656 -0.758877
VERTEX_POSE A442 0.603618 0.707358 -0.071160 0.198994 0.536736 0.517514 -0.619820 -0.573731 -0.150549 -0.659527 0.434466 0.114704 0.296829 -0.367324 0.243596 -0.131132 0.461902 0.798134 0.274854 0.365776
VERTEX_POSE A443 0.527405 0.181481 0.859235 -0.661184 -0.240083 -0.753871 0.266591 -0.111823 -0.016303 -0.605191 -0.637529 0.336096 -0.386935 0.498908 -0.564224 -0.563659 0.470984 -0.010133 -0.308614 -0.332140
VERTEX_POSE A444 0.749097 0.179976 -0.717129 -0.501028 -0.526154 -0.215144 0.544185 -0.694933 0.542084 -0.426661 -0.334578 0.166814 -0.305527 0.115258 -0.314968 0.186380 0.568269 -0.729950 -0.627487 -0.262509
VERTEX_POSE A445 -0.008954 0.490436 -0.616010 -0.861779 -0.668765 -0.171062 -0.695992 -0.591985 0.026413 -0.330534 0.583745 0.534722 -0.432057 0.391392 0.678992 -0.134538 -0.333207 -0.472317 -0.448964 0.211141
VERTEX_POSE A446 0.771133 -0.600161 -0.307155 -0.868570 0.421618 0.480854 -0.506758 -0.343915 0.860667 0.317204 0.090329 0.079661 -0.582217 -0.121349 -0.085528 -0.505774 0.145305 -0.119882 0.218618 -0.915273
VERTEX_POSE A447 -0.761122 0.133554 -0.496757 -0.111056 -0.808832 0.430082 0.876877 -0.038286 0.679853 -0.204545 0.438947 -0.545032 0.431921 0.363074 0.142271 0.033644 -0.804943 -0.188491 0.039496 -0.161565
VERTEX_POSE A448 -0.287866 -0.511742 0.170895 -0.055898 0.618058 0.065031 0.324671 -0.698002 0.808497 0.034517 0.398807 -0.421820 -0.569395 0.274148 -0.163635 0.511840 0.477661 0.370669 -0.554263 -0.224564
VERTEX_POSE A449 0.570939 0.170238 -0.931206 -0.931431 0.595400 -0.401294 -0.571654 0.144769 0.867637 -0.128905 0.358813 -0.184507 0.299640 0.605180 0.213900 -0.500896 -0.470572 0.079829 0.562062 -0.512459
VERTEX_POSE A450 -0.066373 -0.208991 0.234803 0.069464 0.333098 -0.624461 0.569264 -0.219091 0.553066 0.205315 0.449782 -0.162444 -0.533820 -0.089055 0.143392 -0.412513 -0.598156 0.507166 0.422675 -0.619656
VERTEX_POSE A451 -0.984976 0.893392 -0.892401 -0.041335 0.459009 -0.521278 0.306659 -0.125715 -0.196999 -0.334954 0.709107 -0.589755 -0.121704 0.357033 0.316047 -0.721321 -0.023873 0.491695 0.508577 0.594407
VERTEX_POSE A452 -0.104173 0.304321 -0.247053 -0.963129 -0.923522 -0.003486 -0.127465 0.098697 0.420203 0.296102 -0.568305 0.503588 0.370517 -0.245755 0.269272 0.569523 0.744163 -0.705201 0.659119 -0.230466
VERTEX_POSE A453 -0.704671 0.888121 0.966484 -0.909959 0.758318 0.156121 0.302426 -0.583527 0.244359 -0.406944 -0.308409 0.744004 0.208520 -0.292019 0.235289 0.686726 0.497447 0.554086 -0.477350 0.481302
VERTEX_POSE A454 0.055403 0.149099 0.412848 0.677750 0.160797 0.693449 0.389094 -0.333797 0.381477 -0.459532 -0.168687 0.588075 -0.326409 0.545989 -0.156009 -0.700216 -0.116196 -0.058585 0.201473 0.740620
VERTEX_POSE A455 0.669925 0.109428 0.554338 -0.340740 -0.625364 -0.601925 0.342420 -0.406552 -0.707882 0.087449 0.204357 -0.031112 0.527597 0.541417 0.333683 0.693367 -0.488158 0.155813 0.340567 0.511393
VERTEX_POSE A456 -0.222300 -0.189338 0.769099 -0.417230 0.662196 -0.243117 0.646840 -0.373241 -0.678604 -0.011877 -0.435048 -0.162670 0.237013 0.635512 0.370853 -0.405180 -0.483587 -0.562492 -0.600925 0.183557
VERTEX_POSE A457 -0.263458 -0.740547 0.813516 -0.247647 0.402469 0.075134 0.029135 0.756136 -0.486218 0.326349 0.287802 0.755037 0.578367 -0.095497 -0.098623 0.511733 0.362671 -0.422065 0.544306 -0.452524
VERTEX_POSE A458 -0.495964 -0.541262 0.767165 -0.963590 0.155574 -0.661334 0.545873 0.211797 -0.515518 -0.200761 -0.700304 -0.446014 -0.549702 0.635829 -0.182882 -0.508572 -0.232806 0.253978 -0.317648 0.078989
VERTEX_POSE A459 -0.384978 -0.772936 -0.745967 0.206054 0.574446 -0.335498 0.056147 0.854995 -0.328341 -0.177809 -0.470946 0.641439 0.076357 0.031974 -0.239493 -0.832350 0.029152 -0.557524 0.516328 -0.212888
VERTEX_POSE A460 -0.677691 0.281812 0.733260 -0.210049 0.707570 0.475911 0.014725 0.261975 0.640598 -0.009694 0.274412 0.125069 -0.954014 0.067299 -0.512605 -0.065384 0.830732 -0.291097 -0.292011 -0.401775
VERTEX_POSE A461 -0.714386 -0.055128 -0.274993 -0.560355 -0.167802 -0.802127 0.234399 -0.254427 0.372387 0.352560 -0.429909 -0.283352 -0.578002 0.381550 0.235256 -0.674090 -0.476712 -0.286855 -0.179652 -0.614500
VERTEX_POSE A462 -0.611410 -0.261823 -0.735865 0.304889 -0.115707 -0.164812 -0.618177 0.407889 0.513964 0.312684 0.527996 0.718147 -0.446269 0.099560 -0.080171 0.517649 0.496770 -0.431874 -0.230151 0.546034
VERTEX_POSE A463 -0.064043 0.858587 0.412456 0.449458 0.574613 -0.585088 0.573831 -0.503771 0.388655 -0.306089 -0.554599 -0.400300 -0.603365 -0.477222 -0.549457 -0.440633 0.431554 0.210892 -0.137187 -0.157017
VERTEX_POSE A464 -0.000456 0.297387 -0.338860 0.206023 -0.634173 -0.496403 0.070402 -0.826867 0.520247 -0.474403 -0.168290 0.600042 0.729832 -0.275990 -0.270365 0.469059 0.281102 -0.223114 0.131584 0.364391
VERTEX_POSE A465 -0.541619 0.836837 -0.444640 0.984992 -0.088718 -0.075674 0.640736 0.640313 -0.148994 -0.425127 0.520328 -0.018849 -0.245205 0.540225 0.680785 -0.440410 0.161421 -0.712917 -0.393241 -0.036850
VERTEX_POSE A466 -0.875829 -0.781407 -0.211113 -0.864065 -0.247454 0.041063 -0.732366 0.308177 0.716846 -0.106955 0.481259 -0.180725 0.082215 -0.084868 0.184791 -0.567933 -0.728067 -0.646248 -0.350562 0.368962
VERTEX_POSE A467 -0.245853 0.729744 0.612016 0.538016 0.715779 0.385762 0.327605 -0.410580 -0.528638 0.399176 -0.515336 -0.342235 -0.066550 -0.479092 -0.543569 0.428234 0.573696 0.398922 0.738594 0.084833
VERTEX_POSE A468 0.109033 0.212340 -0.191957 0.489662 -0.381046 0.082450 0.425303 -0.568711 0.570932 0.254493 0.625341 0.330086 0.487163 0.073088 0.600730 -0.697406 -0.191446 -0.444304 -0.175066 0.493480
VERTEX_POSE A469 0.171382 0.264092 0.075425 0.376054 -0.362579 -0.243379 0.543466 -0.115528 0.651547 -0.493348 -0.297591 0.417596 0.570411 -0.612903 -0.515346 -0.322146 -0.657925 0.276198 0.179182 0.299295
VERTEX_POSE A470 0.081195 -0.979681 -0.377846 0.815741 0.656486 -0.165560 0.409729 0.474360 -0.291448 -0.591296 0.091812 -0.662112 0.128317 -0.692399 -0.493810 0.482655 0.322165 0.453220 0.482774 -0.428189
VERTEX_POSE A471 0.971099 0.661046 0.474799 -0.068035 0.708642 -0.518068 0.600342 0.297806 -0.287572 0.418148 -0.184332 0.378897 0.623441 -0.342453 0.392330 0.174746 0.853976 -0.592809 -0.213370 0.175454
VERTEX_POSE A472 -0.717056 0.893385 0.384393 0.994259 0.830442 0.329753 0.105831 0.456038 -0.098248 -0.108233 0.597777 0.361830 0.891909 -0.008018 -0.778478 0.395329 -0.193855 -0.380343 0.159057 0.630117
VERTEX_POSE A473 -0.315187 0.727676 0.550994 0.014735 0.193222 -0.205711 0.362110 -0.329156 -0.331122 -0.524806 0.645617 -0.413523 -0.283255 -0.148165 0.447417 -0.702260 -0.502082 -0.690549 -0.141606 -0.448103
VERTEX_POSE A474 0.498504 -0.157473 0.334034 0.270781 -0.531440 0.096240 -0.614198 -0.615561 -0.723597 -0.542477 0.287524 -0.677264 0.449592 -0.330503 0.091472 -0.330134 0.422483 0.009607 0.131751 0.500690
VERTEX_POSE A475 -0.967958 0.073360 0.667264 -0.506769 -0.695713 0.402555 0.498860 0.409226 0.069376 -0.116367 -0.630789 -0.787101 -0.149869 0.426464 -0.315441 0.833786 -0.176499 -0.337795 0.141202 -0.470761
VERTEX_POSE A476 0.675860 0.218112 0.934984 0.152956 0.524457 0.195312 -0.160567 0.597133 -0.007592 -0.440153 -0.594156 -0.525966 0.667190 -0.242229 0.786625 0.324681 -0.402464 0.257635 0.479502 0.264118
VERTEX_POSE A477 0.269637 0.242366 -0.973121 0.402212 0.890178 -0.409388 -0.752712 -0.318662 -0.692363 0.031126 0.603370 0.136250 -0.537580 0.063262 -0.549608 0.377302 -0.627892 0.180007 -0.033262 -0.368983
VERTEX_POSE A478 -0.729081 -0.793086 -0.829493 0.382175 -0.504544 0.075659 0.248262 -0.707055 -0.016578 0.299126 0.679363 -0.720190 0.574916 -0.123233 0.602157 0.714419 0.042071 -0.335758 0.089255 0.146912
VERTEX_POSE A479 -0.612006 0.706370 0.105879 -0.902942 0.142515 0.570563 -0.664453 0.457124 -0.532403 0.114851 0.664002 0.108600 0.030677 -0.336157 -0.516731 -0.485318 0.062974 -0.334962 -0.555731 -0.482878
VERTEX_POSE A480 -0.159424 -0.587397 -0.904327 0.470780 0.485578 -0.299012 -0.405306 0.375925 0.033689 0.030184 0.617189 0.540267 -0.025629 0.609857 -0.469091 -0.642053 0.085042 0.630493 -0.649559 -0.314008
VERTEX_POSE A481 0.204546 -0.002077 0.405310 -0.548361 0.828554 -0.411265 -0.108274 0.103551 -0.279457 0.584744 0.421322 0.620859 0.003052 0.734733 -0.508151 -0.587156 0.509258 0.330275 -0.549171 -0.112201
VERTEX_POSE A482 -0.596982 0.599762 0.213478 0.055724 -0.398476 0.235102 0.504299 -0.366024 0.130343 -0.425369 -0.365205 -0.392269 -0.411894 0.504201 0.841442 -0.411832 0.191184 -0.256591 -0.474848 -0.664742
VERTEX_POSE A483 0.736404 0.716925 -0.151380 0.507651 0.562056 -0.228535 -0.415262 0.807931 -0.297855 -0.302637 0.034540 0.565716 -0.460830 -0.259516 -0.018893 0.713341 0.237019 -0.733936 -0.121444 -0.471729
VERTEX_POSE A484 0.499875 -0.113955 0.371794 -0.458320 0.586873 0.125761 -0.838836 0.453176 -0.653138 -0.066811 0.220631 -0.689005 -0.282072 -0.378245 -0.059692 0.116986 0.603847 -0.281609 0.445691 0.488112
VERTEX_POSE A485 0.458420 -0.251139 -0.373674 -0.266526 0.762321 0.646978 0.729971 0.053764 -0.548441 0.413196 -0.577493 -0.073247 0.247760 0.058903 -0.433739 0.236542 0.812304 -0.295191 0.423172 -0.017407
VERTEX_POSE A486 0.406328 -0.173648 -0.597042 -0.833089 0.936693 -0.275346 0.129737 0.711336 -0.389382 -0.669862 0.166979 -0.778276 0.544529 -0.183098 0.398689 0.466755 0.411339 0.088881 0.141706 -0.513220
VERTEX_POSE A487 -0.722425 0.696707 0.140894 0.124450 0.249069 -0.414997 -0.428147 -0.669875 0.334356 -0.424342 -0.255424 -0.408018 0.429942 -0.449084 -0.537328 0.307951 0.253665 -0.510669 -0.597445 0.469045
VERTEX_POSE A488 -0.805038 0.008315 -0.560158 0.485827 0.164790 0.050115 0.608046 0.537156 0.348145 -0.234755 0.345074 0.484642 0.649550 -0.502999 -0.705353 0.390256 0.163563 -0.379319 -0.030912 -0.559130
VERTEX_POSE A489 0.910364 0.285091 -0.829877 -0.796679 0.092267 0.326032 0.368234 0.727182 -0.151474 0.278524 -0.522144 -0.299142 -0.693614 0.360333 -0.539476 0.552625 0.234732 0.700171 0.018241 -0.116761
VERTEX_POSE A490 -0.107404 0.923771 0.394926 -0.669496 -0.176485 -0.154316 0.557615 -0.255629 -0.230536 -0.387373 0.676871 -0.222656 0.593970 0.202962 0.242368 0.430654 0.659774 -0.902619 -0.027276 -0.002080
VERTEX_POSE A491 -0.482729 -0.709874 -0.826898 -0.724222 -0.127640 -0.387945 -0.453680 0.234486 -0.071797 -0.218450 0.257156 -0.338459 0.421068 -0.704999 -0.512693 0.636241 0.570018 -0.683326 -0.405405 -0.238629
VERTEX_POSE A492 -0.804022 -0.770038 -0.104870 -0.357034 0.924464 0.674580 0.479726 0.169363 -0.590263 0.252061 0.601295 -0.122418 -0.464695 -0.450776 -0.406854 0.650325 -0.554064 -0.126548 -0.259738 0.315556
VERTEX_POSE A493 0.281186 -0.338052 0.659061 0.635392 0.707808 0.678193 0.496884 -0.223877 -0.049193 -0.503131 -0.422443 -0.434602 0.661502 -0.419775 0.524719 -0.210729 -0.429049 0.270974 0.134072 0.641192
VERTEX_POSE A494 0.453228 -0.851286 0.585557 0.725236 -0.553027 0.485185 -0.003148 -0.447794 0.652379 -0.042409 0.379011 -0.084597 -0.499735 0.691834 0.342381 0.682007 0.365614 0.463266 -0.532281 -0.208623
VERTEX_POSE A495 0.195522 0.527349 0.556270 0.848989 -0.709709 0.602457 -0.774978 0.133297 0.657363 0.484077 0.270022 0.406675 0.357144 -0.206053 0.071828 -0.173675 -0.612410 0.185405 0.085811 -0.701296
VERTEX_POSE A496 0.739567 -0.501215 -0.785579 0.620384 -0.380910 -0.291711 -0.350097 0.684586 0.178473 -0.632692 0.302370 -0.835978 -0.092237 -0.287739 -0.142823 -0.577462 -0.450105 -0.404715 0.367645 0.393098
VERTEX_POSE A497 0.577399 -0.632693 -0.625556 0.861171 0.199519 -0.269263 0.167913 0.528611 -0.535110 0.369837 0.264216 0.397173 0.460861 0.558159 -0.511435 -0.594885 0.324266 -0.471001 0.518407 -0.483809
VERTEX_POSE A498 0.949670 0.257093 0.168286 0.387005 -0.993929 0.164659 -0.629132 0.400050 0.164812 -0.083943 -0.833073 0.679026 -0.110439 0.193304 -0.112327 -0.748383 -0.300079 -0.687045 -0.157711 0.136144
VERTEX_POSE A499 -0.151400 0.711125 0.022465 0.110047 0.238044 -0.385354 0.439802 -0.366375 -0.321044 -0.606211 0.497777 -0.455063 0.472662 0.295504 0.429540 -0.162702 -0.445324 -0.597366 -0.434972 -0.576500
VERTEX_POSE A500 -0.251219 0.631399 0.449870 0.237224 0.836940 -0.428326 -0.406775 -0.430615 -0.214936 0.090819 0.582632 -0.843087 -0.007364 0.241188 0.243841 -0.635331 0.600098 0.009231 -0.650066 -0.238374
VERTEX_POSE A501 0.030865 0.277412 0.790440 0.202746 0.662557 0.267198 -0.035577 -0.352059 -0.527140 0.427751 -0.378879 0.350757 0.822681 0.436163 -0.308073 -0.299644 0.734751 0.657868 -0.221750 -0.049073
VERTEX_POSE A502 -0.180302 0.372171 -0.502736 -0.957988 -0.053314 -0.411896 -0.244040 -0.561296 0.658535 -0.465445 -0.309762 0.299865 -0.430618 0.552374 -0.553681 -0.594518 0.358148 0.013830 0.430025 0.394471
VERTEX_POSE A503 0.031726 0.524783 -0.165737 0.231483 0.667382 -0.071243 -0.646857 0.628023 0.393632 0.102339 -0.397423 0.334311 0.318195 0.455876 0.057798 -0.660989 -0.481379 -0.851395 0.181514 -0.089969
VERTEX_POSE A504 0.715678 0.005088 0.341434 -0.782518 -0.144221 -0.127406 -0.782558 -0.466470 -0.632004 0.099204 0.286573 0.488511 -0.083921 0.559543 0.266693 0.545674 -0.621664 0.523995 -0.270109 0.026975
VERTEX_POSE A505 -0.681797 -0.785302 0.831298 0.312793 0.415246 0.559602 0.477991 -0.002628 0.323985 -0.477642 -0.701830 0.276155 0.467009 0.118992 -0.697621 0.244843 -0.145385 -0.137631 0.515110 -0.687119
VERTEX_POSE A506 0.063767 -0.401856 -0.498474 0.724713 0.971669 -0.444998 -0.267940 0.620755 -0.537314 0.631616 -0.413397 -0.608731 -0.554039 -0.407402 -0.061484 -0.300054 -0.034808 0.372742 -0.363700 -0.525908
VERTEX_POSE A507 0.391538 -0.776800 0.276418 0.370438 -0.619764 -0.866975 0.432370 -0.175939 0.033942 -0.423899 -0.489996 0.055386 0.112501 0.627019 0.387175 0.694890 0.018495 0.306970 0.371264 -0.579184
VERTEX_POSE A508 0.587840 0.457064 0.858177 -0.284995 0.305423 -0.620742 -0.456737 0.341571 0.224313 0.519382 0.678441 -0.480214 0.059008 -0.155551 -0.547151 0.712949 -0.178184 0.185426 0.099270 -0.605889
VERTEX_POSE A509 0.334687 -0.194942 -0.327967 0.106888 -0.532875 0.524565 -0.013856 -0.075701 0.176047 -0.750240 0.337204 0.749848 0.268707 -0.281931 0.165016 0.437785 0.883661 -0.323012 0.416039 -0.142203
VERTEX_POSE A510 0.779532 0.929571 -0.617703 0.467496 0.522752 -0.494295 0.462099 0.227983 -0.154215 0.092946 -0.480577 0.614042 0.240440 0.612909 0.549835 -0.173259 -0.469135 -0.229180 -0.830660 0.348316
VERTEX_POSE A511 -0.571584 0.869667 0.953850 -0.814215 -0.208998 -0.208950 -0.281430 -0.331481 -0.119409 -0.236457 -0.734804 0.003528 -0.067676 0.501416 0.884913 0.297739 -0.259381 0.398746 -0.878440 0.177447
VERTEX_POSE A512 -0.460767 0.802981 -0.922657 0.558527 -0.704321 0.311961 0.502850 0.231956 0.435269 -0.091620 -0.712079 -0.532464 0.666618 -0.504893 0.450571 0.542388 0.277049 -0.476118 0.013492 0.327822
VERTEX_POSE A513 -0.817451 0.529333 0.595775 -0.476780 -0.875725 0.068530 -0.777147 0.366627 0.219925 -0.408631 0.261599 -0.786661 0.020587 0.318831 0.490801 0.438855 0.653991 -0.295321 0.189860 0.517487
VERTEX_POSE A514 -0.835180 0.586592 -0.197530 0.693437 -0.646942 0.030933 0.246398 -0.590730 0.768189 -0.572476 0.086066 0.359236 0.379589 -0.455122 0.387397 0.677422 0.584670 0.360280 0.092580 -0.307663
VERTEX_POSE A515 -0.960892 -0.310975 0.449137 -0.899793 0.882551 -0.739520 -0.015370 -0.534503 -0.034812 0.517676 -0.004643 0.612952 0.086836 -0.779346 0.229581 -0.603404 0.173251 -0.153234 -0.600115 -0.277287
VERTEX_POSE A516 0.640970 -0.721806 -0.777900 0.256694 0.886596 -0.081764 0.262016 -0.180314 0.196193 0.796433 0.101967 -0.543981 -0.014539 -0.759463 -0.811725 0.177803 0.550712 0.003082 0.514992 -0.277528
VERTEX_POSE A517 0.571149 -0.587056 0.205427 0.860348 -0.710249 0.075356 0.458658 -0.565880 0.892057 0.251184 0.264676 -0.443436 0.525566 0.473445 0.036027 -0.668368 0.027713 0.024956 -0.060034 0.620328
VERTEX_POSE A518 -0.683317 -0.614268 -0.409969 0.224657 0.131620 0.598123 0.556332 -0.414682 0.552371 -0.607222 0.336034 -0.092930 -0.400161 -0.793389 -0.518867 -0.114319 -0.106168 0.243467 -0.385459 -0.272733
VERTEX_POSE A519 0.835932 0.286509 -0.338058 -0.257479 0.051386 0.375167 0.461122 0.436422 0.241351 0.347838 0.225066 0.486599 -0.650276 0.537903 0.230922 -0.439150 -0.432427 0.714770 0.225086 -0.531552
VERTEX_POSE A520 0.481513 0.698035 0.375550 -0.936331 0.382017 -0.730414 0.127406 0.578513 -0.605615 -0.440392 -0.489862 0.086283 0.509876 0.103528 0.211815 -0.407356 -0.101541 -0.217752 0.603250 -0.635868
VERTEX_POSE A521 0.209279 -0.690497 0.984957 0.555161 0.955135 -0.504679 -0.405686 -0.300490 0.081699 0.183925 0.309847 0.050084 -0.273863 -0.725838 0.307780 -0.849587 0.417172 0.800867 0.069218 -0.335898
VERTEX_POSE A522 -0.646797 0.576636 -0.164956 0.018299 0.923746 -0.175448 -0.702513 -0.146564 0.305798 -0.163960 -0.336438 -0.459612 0.462032 -0.730780 -0.750684 0.032411 0.479424 0.317705 0.514848 0.318500
VERTEX_POSE A523 0.677490 0.927997 -0.729320 -0.293365 0.306482 -0.643221 0.436179 -0.617431 0.512330 0.571179 -0.148595 -0.275075 0.295362 0.621407 0.367658 -0.311751 -0.455885 -0.336074 -0.546878 -0.052156
VERTEX_POSE A524 -0.509535 -0.028549 0.644018 0.190553 0.662943 -0.640866 -0.197887 0.549681 0.346005 0.498163 0.244567 -0.474309 -0.116960 -0.112638 0.210486 -0.694155 -0.414357 -0.447547 0.465987 -0.673542
VERTEX_POSE A525 0.806431 0.725350 -0.579399 -0.256465 -0.629281 -0.561151 0.046878 -0.308316 -0.814452 -0.123277 0.064807 -0.032463 -0.645562 0.505421 -0.016530 0.433802 -0.268617 0.143005 -0.614549 -0.757057
VERTEX_POSE A526 -0.126987 0.455346 0.826950 -0.444376 0.596773 -0.380343 0.353010 0.440885 0.259887 0.847796 -0.389680 -0.405982 0.118432 -0.494363 -0.655410 0.248656 0.281424 0.439788 0.284199 0.574609
VERTEX_POSE A527 -0.769968 0.470236 0.858439 -0.189063 -0.717967 0.056763 -0.298607 0.223510 -0.310878 0.420602 -0.306561 0.195198 0.745143 -0.242365 0.561585 0.338087 0.669630 0.739360 -0.253745 -0.590693
VERTEX_POSE A528 0.383831 -0.907343 -0.204954 -0.395295 0.570238 0.455750 -0.361409 0.353488 0.615839 0.354104 -0.657187 -0.436758 -0.538380 -0.501107 -0.027170 -0.246552 -0.437373 0.470678 -0.627179 0.027352
VERTEX_POSE A529 -0.177318 -0.287561 -0.004764 0.942629 0.602844 -0.521372 -0.557672 0.167020 0.062674 -0.176269 0.680691 -0.233953 -0.435967 0.180352 0.791543 -0.578009 -0.070361 -0.207291 -0.365745 -0.686503
VERTEX_POSE A530 0.078632 0.181361 -0.119096 0.920984 0.520077 -0.634569 -0.376757 -0.251740 -0.069322 0.600327 0.583358 -0.320390 0.212746 -0.204293 -0.674602 0.350388 0.068892 -0.186492 -0.574134 0.741511
VERTEX_POSE A531 -0.867388 0.724056 -0.755085 0.841930 0.407178 0.659367 -0.100834 -0.084263 -0.009021 -0.092209 0.202434 0.474511 0.581785 0.597484 -0.383641 -0.301768 0.757253 0.439105 -0.742827 0.146632
VERTEX_POSE A532 0.853547 0.989850 -0.214324 0.145375 0.265401 -0.358737 -0.521547 0.086198 -0.225757 -0.176394 0.889640 -0.529193 -0.471547 -0.371869 -0.156492 -0.089786 -0.250578 -0.718197 0.682976 0.005903
VERTEX_POSE A533 0.898330 -0.446468 0.378168 0.962996 -0.533237 0.018390 -0.589255 -0.474156 0.189196 -0.648006 0.172376 -0.756157 0.121713 -0.477015 -0.486283 -0.092325 0.713281 -0.394489 -0.457743 0.095655
VERTEX_POSE A534 0.164337 0.248839 0.079178 0.073412 0.074559 -0.000173 -0.505620 0.717531 0.562829 0.402456 -0.072648 0.660844 0.052671 0.075656 0.064875 0.476391 0.680080 0.492239 -0.593847 -0.107884
VERTEX_POSE A535 0.569226 -0.005062 -0.872890 0.362857 -0.878820 -0.072261 0.419608 -0.862174 -0.063056 0.401201 0.402760 -0.306248 0.720506 0.187488 0.793323 0.111938 -0.114337 0.517353 0.362364 0.214977
VERTEX_POSE A536 -0.783467 -0.231770 0.209465 0.275789 0.882009 0.394437 0.381103 -0.833929 0.552416 -0.120201 0.193919 -0.466513 -0.543641 -0.445111 -0.348317 0.021087 -0.221440 0.447546 -0.737782 -0.140708
VERTEX_POSE A537 -0.771895 0.846983 0.580704 -0.201874 0.046228 0.099171 -0.282840 -0.204268 -0.078035 0.221733 0.039687 -0.266259 0.628258 -0.714462 -0.950153 -0.290914 0.104853 0.101936 -0.625697 -0.659735
VERTEX_POSE A538 -0.039236 0.218138 0.403528 -0.266706 -0.498583 -0.266804 -0.610471 -0.330671 0.006242 -0.122757 -0.469271 0.012403 0.647097 0.078989 0.600919 0.204894 -0.689093 -0.753339 0.389281 -0.435148
VERTEX_POSE A539 0.804373 -0.774706 0.067642 0.990794 0.187432 -0.797111 -0.373365 0.188534 0.288509 -0.271275 0.447321 0.483943 -0.260897 -0.241734 -0.216782 0.473204 -0.601020 -0.013493 -0.703576 -0.587110
VERTEX_POSE A540 0.562791 -0.347960 -0.747263 0.905014 0.513352 -0.316184 0.494196 -0.762499 -0.006758 0.344716 0.083003 -0.687116 0.384072 0.581552 0.595465 0.699227 0.171775 0.270693 0.022618 0.209752
VERTEX_POSE A541 -0.259705 0.147709 0.785825 -0.799210 -0.975832 0.681941 -0.244488 -0.035961 0.198947 -0.561577 -0.464777 0.666787 0.194725 0.417310 0.014720 -0.345894 -0.356424 -0.224845 -0.683591 0.693904
VERTEX_POSE A542 -0.767211 -0.905038 0.021492 -0.823421 0.978434 -0.245588 -0.424897 0.144232 -0.553043 -0.288750 -0.296767 0.143868 0.042890 0.859582 -0.518203 0.816371 0.048418 -0.587024 -0.260355 0.387172
VERTEX_POSE A543 -0.897976 -0.544979 -0.669920 0.463541 0.809031 0.570325 0.105935 0.277037 0.574008 0.485086 -0.574592 -0.580321 0.467977 -0.390465 -0.089843 0.715692 0.516981 -0.020004 0.149169 0.416368
VERTEX_POSE A544 -0.077155 -0.322958 0.381599 -0.275990 -0.851556 0.116837 -0.705028 0.491530 -0.255555 -0.094078 -0.622571 -0.273086 0.413840 0.598734 -0.309305 0.442929 0.108725 -0.866484 -0.355858 0.022383
VERTEX_POSE A545 -0.602391 0.681554 0.823962 0.870016 -0.668508 -0.742812 0.187430 -0.111572 -0.267875 -0.572928 0.519944 0.475317 0.241974 0.603092 -0.372348 0.127522 0.579710 -0.109106 0.749540 0.132007
VERTEX_POSE A546 -0.858867 0.144046 0.779217 0.563748 0.691582 -0.455345 -0.283446 -0.577287 0.561280 0.492465 -0.182516 -0.170942 0.547661 -0.646046 0.311563 0.137726 0.014506 -0.592734 0.598528 0.464589
VERTEX_POSE A547 -0.436186 -0.044763 0.603699 0.980704 -0.964960 -0.170470 0.594133 -0.101611 0.239224 0.187253 -0.519388 0.052248 -0.768180 -0.298162 -0.678957 -0.147690 0.459662 0.670820 -0.005444 0.647860
VERTEX_POSE A548 0.968758 -0.905502 0.029389 0.730363 -0.378757 0.052327 -0.627075 0.257511 -0.401569 0.635911 0.193628 0.638951 0.268273 -0.602740 0.257844 0.358886 0.497407 0.601051 0.040305 0.534311
VERTEX_POSE A549 -0.542184 0.529778 -0.630752 -0.211595 -0.176798 -0.132473 -0.411728 -0.510377 -0.257300 0.131929 0.687434 -0.759707 0.074564 0.118165 0.282757 -0.753642 0.488546 -0.509059 -0.489426 -0.119627
VERTEX_POSE A550 -0.600254 -0.758254 -0.734359 -0.276776 0.086426 0.812486 -0.144645 0.025592 -0.195035 -0.454064 0.058637 -0.091388 0.524647 -0.749787 0.397214 0.573972 0.331618 -0.368370 0.410128 0.568995
VERTEX_POSE A551 0.450270 0.792533 -0.595061 0.794032 -0.996740 0.625916 -0.668825 0.235309 0.620928 0.387598 0.014613 -0.230958 0.216908 0.312970 -0.249206 -0.160813 0.837587 -0.327462 -0.574048 -0.380676
VERTEX_POSE A552 0.667095 0.839282 -0.645796 -0.656435 -0.221663 0.125046 0.205496 -0.438561 -0.208897 0.585616 -0.649135 -0.140770 -0.748603 -0.576800 0.538748 0.187785 0.036373 0.794141 -0.138405 -0.228617
VERTEX_POSE A553 -0.247051 0.818382 0.100685 0.741523 0.010172 0.824636 0.029285 0.563566 -0.403521 0.527801 0.585941 -0.374749 -0.243964 0.516517 -0.062983 -0.633820 0.123155 0.112883 0.509237 -0.238976
VERTEX_POSE A554 0.127761 0.720529 -0.324381 -0.499333 0.309742 0.324693 0.540072 -0.693317 0.514000 -0.146111 -0.021911 0.304425 0.017421 -0.237286 -0.651671 -0.246215 -0.618959 -0.336198 0.791233 0.281809
VERTEX_POSE A555 -0.842440 -0.189267 0.998222 0.534118 -0.558720 0.050790 0.977498 -0.120774 0.708099 -0.081358 0.051416 0.162723 -0.054815 -0.903763 0.406155 0.163694 0.399059 -0.551883 0.089879 0.082065
VERTEX_POSE A556 -0.440619 0.543731 0.521286 -0.514942 0.380891 -0.390519 -0.575278 0.463154 0.790295 -0.239700 0.265521 0.052639 0.569206 0.787626 0.446741 -0.290646 -0.060814 0.143462 0.450698 -0.301553
VERTEX_POSE A557 -0.999227 0.175875 -0.497431 0.056291 -0.093484 -0.459620 -0.223478 -0.000488 -0.014698 -0.750440 0.369497 0.475600 0.013926 -0.609508 -0.721641 -0.008884 -0.536553 -0.203893 0.621791 0.451755
VERTEX_POSE A558 -0.612407 -0.719031 0.856662 -0.654945 -0.276686 0.369158 0.693133 0.442644 -0.336291 0.091628 0.596772 0.839207 -0.416125 0.182998 -0.213071 -0.581310 0.483955 0.031030 0.009456 -0.424534
VERTEX_POSE A559 0.943211 0.636388 -0.683668 0.089764 -0.048871 -0.077360 -0.603129 0.279068 -0.865859 0.254993 -0.330114 0.476691 0.294308 -0.482655 -0.012044 0.619536 0.736465 0.130091 0.317448 -0.194446
VERTEX_POSE A560 -0.176544 0.888314 0.497804 -0.001081 -0.490640 0.204411 -0.733730 -0.550681 0.500948 -0.241588 0.107425 -0.527439 -0.434521 0.515202 0.610946 0.224988 0.323960 0.236262 -0.404780 0.561095
VERTEX_POSE A561 0.466224 0.462330 -0.262435 -0.733960 -0.756609 -0.403767 0.692235 -0.313409 -0.367181 -0.573334 0.110640 -0.784572 -0.071127 -0.124520 0.278227 -0.097760 -0.816697 -0.095850 -0.421286 -0.455010
VERTEX_POSE A562 -0.924177 0.360443 -0.438753 -0.068307 -0.641693 -0.277879 0.020550 -0.883676 -0.454708 -0.105950 -0.217723 0.473536 0.507848 -0.196035 0.219665 0.589123 -0.175691 0.665984 -0.619174 -0.320026
VERTEX_POSE A563 -0.322997 0.878165 -0.716520 -0.855706 0.774761 -0.044002 -0.820830 -0.049174 -0.521881 -0.073713 -0.821236 -0.741203 -0.111812 0.531867 -0.252122 -0.102308 0.196848 -0.335793 0.545744 -0.039013
VERTEX_POSE A564 0.364555 -0.984138 -0.884267 -0.770965 -0.289846 -0.220366 0.635659 0.180667 -0.562351 0.050924 -0.464170 0.594984 0.477943 0.189015 0.520281 -0.105122 -0.726745 -0.102480 0.594864 -0.433613
VERTEX_POSE A565 0.240160 -0.390718 0.640425 -0.994894 0.432866 0.228777 -0.266819 -0.138463 0.640150 -0.123513 0.750641 -0.331223 0.408073 0.441249 -0.540295 0.078539 0.434501 -0.369111 -0.860733 0.184050
VERTEX_POSE A566 -0.753772 -0.126897 -0.589410 0.507151 0.895941 -0.476039 0.088602 -0.169257 -0.496541 -0.216881 -0.269878 -0.051482 0.865696 -0.451765 0.572259 -0.293267 -0.728790 0.443512 0.331176 0.404094
VERTEX_POSE A567 0.581087 -0.215907 0.325198 0.504824 -0.407837 -0.610124 0.535312 0.568703 0.304591 0.310371 0.143557 -0.197044 0.555419 -0.638203 -0.265917 -0.434166 0.303333 -0.652253 -0.346584 -0.395797
VERTEX_POSE A568 0.468265 -0.543735 0.221129 -0.196768 -0.520906 -0.091889 0.326956 0.407666 0.240288 -0.778602 0.561705 -0.561219 0.036619 0.465028 -0.391892 0.231643 0.337640 0.682109 0.481539 0.433641
VERTEX_POSE A569 0.206992 -0.908759 0.814118 -0.759555 -0.602642 -0.256907 -0.169364 0.625452 -0.079095 -0.585412 0.485116 0.539765 -0.545623 -0.343245 -0.352286 0.348612 -0.075038 -0.715745 -0.457574 -0.500024
VERTEX_POSE A570 0.385460 0.009387 -0.607159 0.495618 0.779595 0.210497 0.606900 0.665147 0.525228 0.341897 -0.598078 -0.605236 0.010162 0.109048 -0.549827 0.438430 -0.433192 0.105861 -0.567851 0.018281
VERTEX_POSE A571 0.031056 0.108305 0.473866 -0.291754 0.992446 0.003982 -0.798752 0.558773 -0.276633 -0.301188 -0.369164 0.700579 -0.072282 -0.346958 0.567710 -0.298223 -0.132002 0.332193 0.420856 0.643185
VERTEX_POSE A572 0.947288 0.238950 0.599943 -0.558765 -0.578474 0.244253 -0.439498 -0.314327 0.824629 0.377035 0.318387 -0.187255 -0.514042 0.689406 0.433226 -0.591834 -0.336521 0.193851 -0.224007 0.459675
VERTEX_POSE A573 0.618250 0.104349 0.414332 0.672197 0.758029 0.696325 0.453232 -0.393057 -0.323671 0.656503 -0.148160 -0.410455 -0.311090 -0.807329 -0.083168 -0.133422 0.385679 -0.484746 0.499005 0.151742
VERTEX_POSE A574 0.133081 0.563326 0.803945 -0.828213 0.801478 0.448611 -0.735578 -0.385756 -0.414597 -0.624506 0.652006 -0.672203 -0.086392 -0.405170 -0.412809 -0.070489 -0.453273 0.067747 -0.237665 -0.237617
VERTEX_POSE A575 -0.129868 0.915993 -0.018458 0.165245 -0.430030 -0.369709 0.291493 0.618641 0.212669 0.637586 -0.577507 0.080394 0.595042 0.394664 -0.478340 0.369919 -0.226329 0.763423 0.132669 0.277100
VERTEX_POSE A576 -0.984141 -0.214097 0.238294 0.542213 -0.910479 -0.055494 0.598607 -0.534326 0.244083 0.589598 0.332888 -0.479048 -0.319607 0.279723 -0.837651 0.283545 -0.095110 0.078726 -0.333913 -0.718603
VERTEX_POSE A577 0.274213 -0.292627 0.583162 0.735535 0.493060 -0.331734 0.580759 -0.433243 -0.601342 0.086195 -0.388375 0.502736 0.280515 -0.283594 -0.187084 0.614938 0.736178 -0.490506 -0.445479 0.197689
VERTEX_POSE A578 0.433947 -0.128771 -0.414758 0.145949 -0.394990 -0.576080 -0.415587 0.591004 -0.078633 -0.394831 -0.538721 -0.385563 0.549037 0.237964 0.711567 -0.151661 0.550712 -0.083438 -0.589027 0.024141
VERTEX_POSE A579 0.984617 -0.119599 -0.732317 0.272576 -0.289236 0.738745 -0.056507 -0.441473 0.261679 0.078187 -0.342375 0.440848 0.655295 0.611533 0.220179 0.066112 -0.220648 0.378093 -0.746265 0.514998
VERTEX_POSE A580 0.732029 -0.762849 0.952410 -0.476061 -0.683738 0.467434 0.047229 -0.687607 0.248963 -0.210878 -0.471107 -0.316016 -0.763090 -0.035110 -0.637442 0.537785 -0.384378 0.461871 0.285972 0.395317
VERTEX_POSE A581 0.833693 0.112975 -0.149117 0.869173 0.691437 0.278720 0.070666 -0.732943 0.318173 0.727427 0.437574 0.209427 -0.513017 0.518132 -0.866196 0.082048 0.052296 0.164091 -0.442650 0.011271
VERTEX_POSE A582 0.434888 -0.327066 -0.327379 0.066608 -0.285976 0.105676 -0.104255 -0.311235 -0.647121 0.132335 -0.484732 0.349039 -0.510526 -0.702596 -0.664803 -0.494785 0.101766 -0.079218 0.682766 -0.405179
VERTEX_POSE A583 0.399124 -0.923567 -0.693386 -0.132496 0.094599 0.330355 0.022923 -0.584900 0.655536 0.592755 0.401309 0.140787 0.092478 0.206516 -0.064853 0.567799 -0.639605 -0.661144 0.563177 0.212364
VERTEX_POSE A584 -0.413358 -0.068643 0.951568 0.610696 -0.298391 -0.280007 -0.490428 -0.518528 0.136839 -0.720531 0.518844 0.748135 -0.314656 -0.437575 -0.577121 -0.359766 -0.103918 -0.100482 0.108974 -0.509567
VERTEX_POSE A585 -0.437352 -0.606537 0.348240 0.567275 -0.976234 -0.333668 -0.474415 0.567917 -0.497824 0.452346 0.366197 0.251615 -0.561667 0.381620 -0.419117 -0.504793 -0.630399 0.633930 -0.005288 0.018244
VERTEX_POSE A586 0.556684 -0.112834 -0.695164 -0.598378 0.535879 0.096371 0.920878 -0.248131 -0.390730 0.108105 -0.114739 0.328490 -0.055546 -0.734169 0.844216 0.024340 0.342055 -0.132049 0.369619 0.518904
VERTEX_POSE A587 0.146023 -0.524912 0.472854 -0.904245 -0.917500 0.679375 -0.392595 0.498725 0.709706 0.390015 -0.564503 -0.138957 0.564595 0.130664 0.039319 0.429391 0.162708 -0.117947 -0.436593 -0.623748
VERTEX_POSE A588 -0.436578 0.569338 0.850809 -0.376435 -0.069718 0.482007 -0.379712 0.574154 -0.727075 -0.477238 -0.036954 -0.022966 -0.700589 0.066946 -0.379881 0.309546 0.814807 -0.306911 0.203520 -0.024282
VERTEX_POSE A589 0.944277 0.168135 -0.838502 -0.253322 -0.740807 0.630336 0.561033 0.058460 -0.213183 0.431775 0.794458 -0.087270 0.410597 -0.116776 0.689813 -0.104808 -0.055189 0.271608 -0.565011 0.590539
VERTEX_POSE A590 0.089234 -0.888524 0.789186 0.185518 0.033630 0.813077 0.152321 -0.498570 0.086032 -0.034214 -0.352859 -0.159777 0.720648 -0.031371 -0.546406 -0.094869 -0.790975 0.086122 -0.668800 -0.017103
VERTEX_POSE A591 0.386877 0.457652 0.348613 0.622484 0.439641 -0.472757 -0.598972 0.627653 0.325173 -0.750576 -0.397222 0.743304 -0.095989 0.473784 -0.256197 0.093351 0.121588 0.229404 0.244826 0.457177
VERTEX_POSE A592 0.410501 -0.369535 -0.100937 0.012717 -0.497417 -0.652952 0.163333 -0.225208 -0.285502 -0.315644 0.487023 -0.151027 -0.609981 -0.728306 0.424094 0.481129 -0.412806 -0.538031 0.519739 -0.106073
VERTEX_POSE A593 0.165057 0.471919 -0.649567 -0.882788 0.391936 -0.019677 0.104655 0.626467 -0.166308 -0.451582 0.454657 0.972377 -0.176964 0.138335 -0.121470 -0.043722 0.577868 -0.108084 -0.867118 -0.218538
VERTEX_POSE A594 -0.936120 0.335817 0.632093 0.766779 0.214402 0.078586 0.701505 -0.562204 -0.587837 -0.425888 -0.169616 0.390387 -0.209963 -0.435873 0.239273 -0.508728 -0.567601 0.662283 -0.153694 0.378154
VERTEX_POSE A595 -0.224944 -0.353673 0.014796 0.241753 0.212737 0.101126 -0.832462 -0.127641 0.479636 -0.109647 -0.609136 0.120945 -0.010972 -0.463280 0.515307 0.511809 -0.129132 -0.692498 0.181427 -0.617541
VERTEX_POSE A596 -0.594783 -0.918798 0.990857 -0.877682 -0.175198 -0.256740 0.230798 -0.253475 -0.278104 0.522527 0.469676 -0.014480 -0.670881 -0.214707 0.748448 -0.078796 0.534052 0.544389 0.466270 -0.619552
VERTEX_POSE A597 -0.689891 -0.791080 -0.957316 0.273929 0.110343 0.852862 -0.466263 0.087011 0.459185 0.479219 -0.414003 -0.030662 -0.233858 -0.169264 0.238495 0.631424 0.630020 0.062895 0.315535 -0.628852
VERTEX_POSE A598 -0.643857 0.430420 -0.660005 -0.253423 0.804900 -0.001066 -0.051835 0.013197 -0.764911 0.600673 0.230242 -0.437226 -0.640656 0.174204 -0.277573 -0.454848 0.330710 0.383010 0.138484 0.898387
VERTEX_POSE A599 0.873483 -0.462533 0.211986 -0.074451 0.303896 0.027975 -0.438602 -0.266253 -0.064090 -0.683022 -0.017508 0.414189 -0.387010 -0.461584 -0.577785 -0.409414 0.491864 -0.699801 0.153992 -0.688341
VERTEX_POSE A600 0.517101 -0.699839 0.856802 0.514374 0.507701 -0.632321 -0.064433 0.654794 -0.249700 0.350182 -0.485627 -0.476826 0.571707 -0.268035 0.225321 -0.195255 -0.263853 -0.509595 -0.712915 -0.440398
VERTEX_POSE A601 0.741604 -0.560193 -0.267165 -0.757805 0.584495 -0.647128 0.341457 -0.512719 0.400172 0.296099 -0.627386 0.361865 0.012046 0.202219 0.318859 0.811564 0.209722 -0.434131 0.370068 0.508557
VERTEX_POSE A602 -0.095461 0.645772 -0.314148 0.633795 0.296343 -0.240521 -0.030698 0.548800 0.724848 0.395910 0.411827 -0.205570 -0.570392 0.559352 0.081332 0.162401 0.442192 -0.606523 0.700422 0.144252
VERTEX_POSE A603 0.464389 0.539111 0.456745 0.955610 0.929227 0.356729 0.353765 -0.377759 0.280311 0.437005 0.199147 -0.785110 -0.069947 0.102736 -0.399219 0.552958 -0.620487 -0.135632 0.610919 0.649676
VERTEX_POSE A604 0.359853 0.544156 -0.852833 0.914393 0.342524 -0.107525 0.023913 0.624319 -0.106470 -0.660597 0.576208 0.553519 0.529905 0.486884 -0.222737 -0.165331 -0.056381 -0.788103 0.504883 0.194872
VERTEX_POSE A605 -0.962380 0.209099 -0.510203 0.805582 0.097820 0.240647 -0.466548 -0.324865 0.418975 0.709633 -0.447059 -0.753391 -0.015179 -0.266400 -0.229013 -0.023249 -0.740677 -0.382758 0.527241 0.273915
VERTEX_POSE A606 -0.665479 0.455104 -0.561713 0.120855 -0.500803 -0.613902 -0.405043 0.631195 -0.606110 -0.215020 -0.662469 -0.254279 0.703921 -0.039604 0.435382 -0.429498 -0.019243 -0.039228 0.331261 0.400985
VERTEX_POSE A607 0.375712 -0.669941 0.385461 0.456606 0.432045 -0.218042 -0.339788 -0.443301 0.441962 -0.372902 0.290227 0.351784 -0.253254 0.585852 0.656058 0.635672 -0.283651 0.450515 -0.526566 -0.543666
VERTEX_POSE A608 0.311833 0.916471 -0.927040 0.541117 -0.409120 0.419226 0.491089 0.502400 -0.663469 -0.198679 -0.069647 -0.246704 -0.319840 0.741163 0.321178 -0.647468 0.273117 0.469084 -0.444799 -0.344713
VERTEX_POSE A609 0.768467 -0.673667 0.023529 -0.733197 0.104208 -0.316302 -0.077184 -0.680864 0.141637 0.222514 0.445383 0.226485 -0.932991 -0.005673 -0.683689 -0.268134 0.555687 0.600970 -0.046494 0.170991
VERTEX_POSE A610 0.360329 0.210460 0.653144 -0.270818 -0.857191 0.181257 -0.059871 -0.245311 -0.175241 0.598466 0.172149 0.422489 -0.299397 -0.627553 -0.219275 0.594240 -0.682215 0.842531 0.442146 0.225717
VERTEX_POSE A611 0.043862 -0.846378 -0.974631 -0.934944 -0.092858 -0.110405 0.210593 0.333564 -0.323335 0.462207 -0.702989 0.621709 0.288859 0.284036 -0.573891 0.479014 0.543925 -0.409136 -0.655073 0.134204
VERTEX_POSE A612 0.602160 0.439308 0.874412 -0.864023 -0.204356 0.257288 0.531010 -0.531860 0.080548 -0.294549 0.466095 0.468594 -0.692469 -0.537270 -0.319245 -0.370678 0.019811 -0.778343 -0.119809 -0.459161
VERTEX_POSE A613 -0.204783 0.883394 -0.674234 0.795790 -0.143167 -0.106134 -0.000342 -0.563833 -0.511624 -0.369248 0.151833 0.065881 -0.691899 -0.581953 0.847919 -0.210770 0.105976 0.060574 0.583530 -0.556003
VERTEX_POSE A614 -0.557014 -0.769945 -0.668017 -0.067440 -0.998259 0.199083 -0.371760 0.342291 0.605267 0.698723 0.149127 0.633089 -0.177753 -0.532951 0.433392 -0.491813 0.508515 0.073395 -0.316393 -0.563891
VERTEX_POSE A615 -0.811198 -0.629335 0.825981 0.746673 0.497253 0.500915 0.791623 0.099893 -0.113366 0.186213 0.368941 0.640275 -0.505188 -0.219803 0.216488 0.219232 -0.714431 0.528595 -0.188098 0.543304
VERTEX_POSE A616 0.357865 -0.723143 0.674006 0.363065 -0.119401 -0.081659 0.886348 -0.434992 0.700848 -0.229050 -0.642034 -0.309783 -0.210880 -0.423712 -0.020886 -0.228297 -0.161463 0.636979 0.255602 0.439286
VERTEX_POSE A617 0.999671 0.117221 -0.363180 0.334182 0.537620 0.001039 -0.386832 0.110277 0.817619 0.246561 -0.171040 0.123926 -0.836638 0.128639 0.496286 -0.267752 -0.249973 0.264274 0.133843 0.937843
VERTEX_POSE A618 0.334825 -0.154247 0.298835 0.842428 0.579754 0.581326 0.767161 -0.125902 0.410445 -0.244416 0.601026 0.165492 -0.361413 -0.741525 -0.449132 0.436656 -0.146804 0.514284 -0.174463 -0.226948
VERTEX_POSE A619 0.921287 0.846195 0.524815 0.986630 0.810880 0.602822 -0.605385 0.445082 -0.157769 -0.524807 -0.137847 0.297928 0.096566 -0.574608 0.198801 0.553400 0.582140 -0.695293 -0.206179 0.337400
VERTEX_POSE A620 0.943948 -0.714644 -0.201682 -0.919140 0.796813 0.298326 0.269113 -0.458654 -0.596127 -0.198635 -0.238450 -0.509322 -0.210087 -0.531086 -0.128954 -0.573213 0.547893 0.528768 -0.717923 -0.387994
VERTEX_POSE A621 -0.575941 -0.042771 0.088020 0.027946 -0.386617 -0.834407 -0.232561 0.456462 0.441814 0.003253 0.624042 -0.095510 -0.535615 -0.548615 0.099414 -0.452930 0.309572 0.299266 -0.673703 0.073484
VERTEX_POSE A622 0.308164 0.303847 -0.126572 0.609114 0.250522 0.322623 -0.533896 0.211124 0.112929 -0.519360 -0.386200 -0.003119 0.527015 -0.578144 -0.344983 0.212359 0.648819 0.874150 0.349828 0.225966
VERTEX_POSE A623 0.354449 -0.084180 0.697381 0.093577 -0.700604 -0.651686 0.362549 -0.582407 0.108757 -0.744621 -0.267229 -0.038563 -0.386605 -0.513986 0.374146 0.239828 0.000416 -0.649620 -0.327287 0.570272
VERTEX_POSE A624 0.589116 -0.570851 0.438453 0.145158 -0.994680 -0.602502 -0.658425 0.069075 -0.457852 0.403943 -0.766499 0.163930 -0.438139 -0.204742 -0.536132 -0.026816 0.146322 -0.336232 0.458936 0.586838
VERTEX_POSE A625 0.372045 -0.360336 -0.494479 0.375893 -0.535076 -0.604025 -0.532327 0.235958 0.360747 -0.278046 0.474178 0.606900 -0.444855 -0.473579 -0.297961 -0.491775 -0.522914 -0.218877 0.446743 -0.470918
VERTEX_POSE A626 -0.870495 0.562147 -0.287823 -0.664670 0.512133 0.608042 0.542066 -0.162149 0.306864 -0.818829 -0.245325 -0.385525 0.049253 0.524767 -0.408867 -0.054613 -0.003005 -0.469381 0.173996 -0.798833
VERTEX_POSE A627 0.994333 -0.489649 0.429310 0.267476 -0.169878 -0.851663 -0.348257 0.142016 0.189023 -0.646579 0.487401 0.118351 -0.208004 0.386010 0.341805 0.163160 0.507774 0.328790 -0.625113 -0.579166
VERTEX_POSE A628 0.682153 -0.151416 -0.451795 -0.350178 0.575267 0.231260 0.120583 0.505865 -0.481936 0.432696 -0.003399 -0.432129 -0.838649 0.251744 -0.640466 0.305401 0.400988 0.342526 0.040405 0.721057
VERTEX_POSE A629 -0.514352 -0.007433 0.052172 0.081907 0.317033 -0.542863 -0.625954 0.108707 0.393161 -0.616959 -0.176450 -0.677581 0.192032 -0.526010 -0.011997 -0.426903 -0.305678 -0.302431 -0.091764 0.766109
VERTEX_POSE A630 0.867816 0.047818 -0.358704 -0.806975 -0.865982 0.833710 0.181274 0.491595 -0.232435 -0.710861 0.644194 -0.208224 0.419193 0.461163 0.059152 0.115545 -0.077245 0.451715 -0.522249 -0.353143
VERTEX_POSE A631 0.199254 0.148745 -0.594994 -0.835803 0.082968 -0.584046 0.452745 0.537465 0.340271 0.431803 -0.102812 -0.353464 -0.335501 -0.582082 0.042171 -0.702887 0.572479 -0.645284 -0.044240 -0.184416
VERTEX_POSE A632 -0.772748 0.432374 0.785007 0.324102 -0.098472 0.632385 0.165975 -0.517996 0.258228 -0.589813 -0.093208 0.013707 -0.282136 -0.644652 -0.427435 -0.636881 -0.084303 0.592047 -0.373303 0.548004
VERTEX_POSE A633 -0.227645 -0.306410 0.327148 0.826820 0.430361 -0.013856 0.484982 0.089880 0.473091 0.292978 0.187996 -0.240396 0.797897 -0.324623 -0.765941 -0.146581 -0.209116 0.362681 -0.144331 -0.898593
VERTEX_POSE A634 -0.336357 -0.312144 0.861751 -0.880194 0.012196 0.599492 -0.468794 0.194534 -0.184530 -0.841925 -0.241907 0.656835 0.236810 -0.133300 -0.286565 -0.024803 0.794397 -0.304969 0.121243 -0.504780
VERTEX_POSE A635 0.587105 -0.023470 0.932174 0.238495 -0.755948 0.071024 -0.438055 0.580906 -0.259000 0.843618 0.173123 -0.349571 0.033556 0.194559 -0.557406 -0.100421 0.551688 0.703544 0.291900 0.538854
VERTEX_POSE A636 -0.190026 0.902688 0.816945 0.632403 -0.471818 0.609129 -0.181108 0.485546 -0.085448 0.273669 0.581758 0.533359 0.601714 -0.517813 -0.519146 -0.004241 -0.222757 -0.260145 0.728167 0.328713
VERTEX_POSE A637 -0.001836 -0.857040 -0.699961 0.240661 0.511393 -0.572102 -0.645018 -0.197746 0.509630 -0.280722 0.492751 -0.134374 -0.277824 -0.146211 0.136282 -0.581329 0.422784 -0.613472 0.300030 0.719701
VERTEX_POSE A638 -0.037183 0.306589 0.317636 -0.304899 0.676098 0.415027 0.838988 0.067363 0.553789 -0.148248 0.117918 -0.656566 0.467813 -0.169487 -0.054246 -0.212772 -0.563717 0.295040 0.100000 -0.796903
VERTEX_POSE A639 -0.878193 0.819160 0.889905 0.173519 0.119062 0.037195 -0.496676 0.085134 -0.611170 -0.021239 0.579568 -0.584700 0.405724 -0.623354 0.445766 0.718862 0.261462 -0.290699 0.267371 0.447124
VERTEX_POSE A640 -0.233369 -0.530707 0.323568 0.507464 -0.384399 -0.314650 -0.786599 0.021381 -0.010198 0.077851 0.348400 0.295260 -0.495943 -0.535394 -0.486256 0.347882 -0.729037 -0.759782 -0.090662 0.244988
VERTEX_POSE A641 -0.676853 -0.482950 -0.029220 0.424283 0.818906 -0.489953 -0.488755 -0.568416 -0.230694 -0.347720 -0.068471 -0.596010 0.616958 0.150203 0.508309 0.328354 -0.670964 -0.305157 0.389557 -0.446611
VERTEX_POSE A642 0.165670 0.972782 0.915274 0.238575 -0.973796 0.562842 -0.357014 0.373263 0.166513 0.593270 0.617557 -0.253820 -0.503664 0.643829 0.242705 -0.499720 -0.217207 0.729487 0.131051 -0.132675
VERTEX_POSE A643 -0.631209 0.908601 0.197980 0.643441 0.411245 0.690511 0.199253 0.397238 -0.679743 0.505445 0.331476 0.125030 0.331456 0.553281 -0.126912 -0.452081 0.051663 0.171480 0.624966 -0.650797
VERTEX_POSE A644 0.118363 -0.599557 0.296545 0.220073 -0.324261 -0.117647 0.301642 0.570519 0.139130 0.528554 0.366822 0.908237 -0.329721 0.240950 -0.015077 0.170460 0.459594 -0.376403 -0.701335 0.520256
VERTEX_POSE A645 0.608656 -0.797163 -0.752743 -0.828865 -0.972056 0.019434 -0.455223 -0.496917 -0.543982 0.185172 0.603073 -0.209005 0.578456 -0.519089 -0.274335 0.455778 -0.284262 -0.764698 -0.464907 -0.197781
VERTEX_POSE A646 -0.442407 -0.720734 0.023961 0.390114 -0.091501 -0.027551 -0.552493 -0.118102 0.624335 0.187263 0.137024 -0.445754 0.452213 0.668374 0.173572 -0.611689 0.707812 -0.616946 -0.284646 -0.139836
VERTEX_POSE A647 -0.523771 -0.322700 -0.029449 -0.416863 0.556338 -0.488934 -0.205985 0.399243 0.648542 -0.100803 0.699419 -0.085071 -0.686450 -0.282294 0.360364 0.422473 -0.445885 0.450818 -0.545630 -0.270027
VERTEX_POSE A648 0.608326 0.320058 -0.115923 0.505317 0.565564 -0.475330 -0.399732 0.508777 0.652151 -0.123541 -0.247479 0.376622 -0.256568 0.622034 0.349439 -0.579139 0.033279 0.291219 0.650939 0.540246
VERTEX_POSE A649 0.892417 0.125020 -0.677205 0.232541 -0.511748 0.544331 0.079245 0.728397 -0.268629 0.140879 0.448143 -0.452821 -0.215602 0.513498 0.282449 0.788419 -0.048472 0.588827 -0.552978 -0.050764
VERTEX_POSE A650 -0.602484 -0.476505 -0.504634 -0.430233 0.367218 -0.149436 -0.751170 0.597675 0.730125 -0.310317 -0.081135 -0.346081 0.385462 0.452244 -0.568362 -0.430199 -0.505611 0.042176 0.076130 0.419565
VERTEX_POSE A651 0.552274 0.605414 0.682395 0.586177 0.362377 0.558408 -0.243141 -0.465355 0.169869 -0.270691 0.374400 -0.513807 -0.627698 0.310510 -0.356313 -0.409302 -0.712919 -0.518042 0.553241 -0.196467
VERTEX_POSE A652 -0.683524 -0.917751 0.410816 -0.739513 0.101636 -0.536123 -0.538297 -0.234674 -0.699243 0.553682 0.260274 0.221817 0.411992 0.358799 0.318850 0.325312 -0.600377 -0.269746 0.357920 -0.622893
VERTEX_POSE A653 0.705680 0.827342 0.368793 -0.821119 -0.382260 -0.477197 -0.551094 -0.135660 -0.426437 -0.490294 -0.150639 0.257430 -0.117388 -0.028046 0.723906 -0.614294 -0.153235 -0.011200 -0.254501 0.966766
VERTEX_POSE A654 -0.093277 -0.478766 0.379776 -0.320246 0.661773 0.609113 0.197477 0.561814 0.512828 0.545503 -0.290139 0.421913 -0.657188 -0.441665 -0.319589 0.471617 -0.417947 0.292985 0.095449 -0.480038
VERTEX_POSE A655 0.905591 -0.488602 -0.150731 0.405645 0.106955 0.068624 -0.671330 -0.640202 0.541811 -0.255084 0.010093 -0.441326 0.375201 -0.358103 -0.672202 -0.569208 0.375650 -0.234750 0.139553 -0.566294
VERTEX_POSE A656 0.077725 -0.532994 0.874315 0.554774 0.082663 -0.715727 -0.000918 -0.391584 0.402321 -0.772933 -0.294462 -0.176362 -0.468456 0.491038 0.157631 0.203199 0.636199 0.519540 0.376607 -0.337766
VERTEX_POSE A657 0.036228 -0.916619 -0.908047 0.015084 0.173906 0.073056 0.184052 0.007409 -0.472165 0.719751 0.497920 -0.653284 0.065443 -0.694729 -0.168710 -0.392032 0.452556 -0.562565 -0.538619 0.254096
VERTEX_POSE A658 0.899924 0.021749 -0.721421 -0.326879 0.937077 -0.366089 0.432726 0.571215 -0.885504 -0.110667 -0.080598 -0.269267 -0.489758 -0.290867 0.082136 -0.562823 0.760917 0.051085 -0.493831 -0.060159
VERTEX_POSE A659 -0.240122 0.315590 -0.577481 -0.795404 -0.342070 -0.851677 0.340750 -0.197610 0.228607 0.432486 0.662058 -0.342705 -0.375583 0.321851 -0.215310 0.409455 0.457379 -0.242032 -0.623000 0.458090
VERTEX_POSE A660 0.521876 0.075948 0.144125 -0.903010 -0.509061 0.650883 0.292304 0.187781 -0.247307 0.657023 -0.690039 -0.479029 -0.228855 -0.016719 0.291502 -0.646191 -0.654051 0.448050 0.113756 -0.246014
VERTEX_POSE A661 0.767740 -0.930434 -0.080125 -0.133854 -0.928904 0.726731 -0.144398 0.616401 0.201623 -0.102942 -0.070415 -0.387422 0.666488 0.561391 0.502931 0.689376 -0.271211 0.167857 0.221600 -0.475791
VERTEX_POSE A662 0.959132 -0.535666 -0.172474 -0.631207 0.740899 -0.672265 -0.237824 0.120943 -0.361861 -0.010092 -0.267663 0.407633 0.455225 0.394289 0.467053 -0.468736 -0.616096 -0.181146 0.718606 -0.615379
VERTEX_POSE A663 0.749128 -0.491678 -0.070869 0.421093 0.392467 -0.577502 0.550647 0.168909 0.338478 0.423078 -0.166940 -0.073829 -0.561683 -0.506439 -0.712129 -0.063187 -0.370378 -0.198354 -0.445322 0.741580
VERTEX_POSE A664 -0.459905 -0.236844 -0.752977 -0.307033 0.501457 -0.120473 -0.022685 -0.376170 0.814915 -0.224209 -0.096633 0.562226 0.390551 -0.036480 0.038931 0.307235 0.858194 0.061526 -0.838029 0.333663
VERTEX_POSE A665 -0.377225 0.152190 -0.310723 -0.511401 -0.246906 -0.185478 -0.417188 -0.154245 0.713744 -0.310383 0.188323 -0.541635 -0.660691 0.236923 0.280646 -0.449007 -0.732732 -0.289890 0.302483 -0.589673
VERTEX_POSE A666 0.336233 0.484853 -0.138694 -0.340412 0.636519 0.015705 -0.464064 0.416589 0.107755 -0.737340 0.121442 -0.922076 -0.049728 0.307096 0.023276 0.481759 0.505977 -0.370643 -0.080058 -0.679253
VERTEX_POSE A667 0.350069 -0.334156 -0.936032 -0.674631 -0.970361 0.471124 0.386266 -0.485397 0.483169 -0.413969 0.114899 -0.645964 0.109422 -0.520431 0.227036 -0.442167 -0.692752 0.275274 0.686981 -0.020828
VERTEX_POSE A668 0.620938 0.295150 -0.010684 0.729260 -0.735513 -0.390267 0.481020 -0.344953 0.290736 -0.189643 -0.718330 -0.598975 -0.680733 -0.304538 -0.314047 0.518889 -0.344908 -0.552963 0.003480 0.391541
VERTEX_POSE A669 -0.700950 -0.208558 -0.821059 0.354688 0.312617 0.634346 -0.388616 -0.625043 -0.371049 0.520022 -0.634449 -0.105099 -0.219455 0.342514 -0.573583 -0.335897 -0.279914 0.346244 0.646194 0.105494
VERTEX_POSE A670 0.471877 -0.514996 0.953873 0.498889 0.148700 -0.042260 0.740276 0.420151 -0.653542 -0.392107 0.535600 -0.470897 -0.109938 -0.603326 0.574567 -0.394457 0.046011 -0.138659 0.361333 -0.412900
VERTEX_POSE A671 -0.612431 0.764443 -0.687116 0.236724 -0.119912 0.534883 0.450276 -0.603467 -0.693410 0.695104 0.007976 0.226712 0.163897 0.650689 -0.363585 -0.534118 -0.267782 0.222463 0.044017 0.375048
VERTEX_POSE A672 -0.377804 0.308492 0.149721 -0.221029 0.131523 -0.198681 0.666475 0.470870 0.089263 -0.348037 0.852575 0.259350 -0.363035 -0.136637 -0.011674 -0.480760 0.171242 0.940829 0.267874 0.058337
VERTEX_POSE A673 -0.362454 -0.542214 0.869147 -0.262536 0.174904 -0.481769 -0.146484 -0.313167 0.403852 0.635491 0.351967 -0.598241 0.537973 0.285656 0.280582 -0.446837 0.519430 -0.410101 -0.292601 0.653176
VERTEX_POSE A674 -0.243640 0.673044 0.510864 -0.119836 -0.708666 0.408002 0.445598 0.392163 -0.301369 0.682366 -0.619423 -0.293795 0.066743 -0.098928 0.341680 0.542293 0.246429 0.734609 -0.193086 -0.626106
VERTEX_POSE A675 0.740560 0.708935 -0.553734 0.999044 0.807263 -0.396978 -0.548951 0.661280 0.425484 0.196708 0.261532 0.559299 -0.086187 -0.042746 0.567977 -0.226189 0.458958 -0.161116 0.775480 0.530886
VERTEX_POSE A676 -0.753798 -0.339377 -0.883596 -0.091401 0.202848 -0.112692 0.090049 -0.724423 -0.576257 -0.729832 0.193320 0.010162 0.439013 0.554952 0.679045 -0.463412 0.220451 0.440480 -0.227495 -0.285076
VERTEX_POSE A677 0.313953 0.952311 -0.465175 -0.729722 0.199832 0.264753 -0.537862 0.324896 0.547590 -0.163312 -0.615292 0.307213 0.802797 0.253487 0.595725 -0.131394 0.557876 0.425187 0.149284 -0.374669
VERTEX_POSE A678 -0.783212 -0.613765 0.416817 -0.417819 0.363600 0.174684 -0.118606 0.669495 0.521515 -0.185401 -0.674405 -0.315896 -0.471864 -0.150491 0.734191 0.228322 0.190756 0.242243 -0.822662 0.194727
VERTEX_POSE A679 0.854528 0.980681 0.000482 -0.586083 -0.231588 0.663549 0.136502 0.319955 0.483123 0.139641 -0.417204 0.201613 0.578841 0.509685 -0.119878 0.702088 -0.582940 -0.520842 0.365901 0.352096
VERTEX_POSE A680 0.206370 0.077330 -0.142380 0.502819 0.688085 -0.329141 0.383098 0.585298 0.868713 0.408964 0.208455 -0.238574 0.399987 -0.463398 0.033792 0.489736 -0.564186 0.280972 -0.534933 -0.284480
VERTEX_POSE A681 -0.385696 -0.090271 0.912183 0.151948 -0.269182 0.479561 -0.001197 0.198835 0.537799 -0.138716 -0.217211 -0.371621 0.434721 0.615403 0.208822 0.884727 -0.401791 0.546887 0.095040 0.610842
VERTEX_POSE A682 0.406802 0.586095 -0.317123 -0.999906 -0.869211 -0.771743 -0.161288 0.367886 0.025463 -0.799453 0.348788 0.078439 -0.487118 -0.625083 -0.525342 0.249888 -0.263949 0.348751 0.187437 0.531611
VERTEX_POSE A683 0.522846 0.159579 -0.731564 0.763306 -0.210280 0.276255 -0.007415 -0.695292 -0.298964 -0.584129 0.100734 0.619993 -0.412687 0.539844 0.544562 0.502343 0.116204 -0.391617 0.485880 0.448873
VERTEX_POSE A684 -0.680016 -0.262929 0.280976 0.330829 0.348558 -0.563619 -0.336845 0.304568 0.398466 -0.254542 -0.596056 -0.237914 0.238051 -0.623074 0.525249 0.522961 0.379158 -0.437114 0.701133 -0.141330
VERTEX_POSE A685 -0.686475 -0.892671 -0.937347 -0.320152 0.792562 0.401807 -0.358677 0.482413 -0.552212 -0.669109 0.395044 0.695016 -0.127222 0.257392 -0.224524 0.597524 0.671504 0.012429 -0.224550 -0.306676
VERTEX_POSE A686 0.428438 0.670977 0.117705 0.168951 0.896676 0.171815 0.765274 -0.020353 0.603414 -0.119895 0.674636 -0.267292 0.572130 0.073550 -0.507166 0.081899 0.733857 -0.526982 -0.256788 0.022280
VERTEX_POSE A687 0.397708 0.204077 0.155291 -0.114397 -0.568779 0.396390 -0.209957 0.643721 -0.321236 -0.213962 0.692729 -0.491905 0.451847 0.248640 0.497325 -0.309769 -0.028595 -0.500380 -0.781035 -0.207629
VERTEX_POSE A688 0.349753 -0.809290 -0.845394 0.694932 -0.033532 0.198471 -0.437441 -0.439051 -0.078530 -0.479671 -0.450306 0.493796 -0.589529 0.630122 -0.125535 -0.318145 -0.286190 0.833576 0.360279 -0.354260
VERTEX_POSE A689 0.328362 -0.307274 0.396284 0.842072 0.833753 -0.179878 -0.642162 0.195909 0.338516 0.429780 0.512433 0.785322 -0.059519 -0.533655 -0.198862 -0.232977 -0.495149 -0.443592 0.587449 -0.411183
VERTEX_POSE A690 -0.842414 -0.480333 0.577810 0.090199 0.089152 -0.516005 -0.554974 -0.348071 -0.501499 0.335787 -0.093827 0.236229 0.624273 -0.217396 -0.383646 0.364963 -0.543429 0.528440 -0.237353 -0.726269
VERTEX_POSE A691 -0.128371 0.266659 0.298730 0.791922 0.457406 0.335681 -0.774762 -0.434751 0.360255 0.118152 0.504376 -0.737589 -0.317998 0.313816 0.088747 0.515265 -0.436768 -0.453454 0.138431 -0.517059
VERTEX_POSE A692 0.096102 -0.237707 -0.683841 -0.291781 0.904849 -0.042899 -0.586355 -0.125839 -0.356398 0.349552 -0.536743 0.470603 0.382336 0.555785 0.415196 -0.578312 -0.076106 -0.690859 -0.231031 0.617562
VERTEX_POSE A693 -0.883282 -0.015999 -0.594664 0.458992 -0.169950 -0.544044 0.484063 0.458608 0.186038 0.532205 -0.704904 -0.611668 0.193352 -0.192363 -0.274593 -0.623356 -0.117850 0.468899 0.237662 0.491831
VERTEX_POSE A694 -0.379243 0.774981 -0.772138 0.213015 -0.150127 -0.290610 0.246136 0.540411 -0.633650 0.516147 -0.412867 0.233824 -0.371591 -0.446926 0.395188 0.537766 -0.472202 0.550623 0.495719 0.338791
VERTEX_POSE A695 0.636197 0.525449 -0.436818 0.401185 0.406305 0.594105 0.012261 -0.168508 -0.412059 0.737428 0.376356 -0.546051 -0.592988 0.107970 0.059275 -0.322555 0.615801 -0.419002 0.019339 -0.662641
VERTEX_POSE A696 -0.260507 -0.863808 0.094613 0.947591 0.583144 0.409676 -0.549716 -0.652130 -0.621549 0.234176 -0.660801 0.548236 0.185521 -0.195431 -0.145307 0.037932 -0.242072 0.352372 0.779177 -0.203168
VERTEX_POSE A697 0.956989 0.259834 0.089168 0.872602 -0.513607 -0.257177 0.845425 0.427921 -0.617137 -0.206900 0.339036 -0.470447 0.242776 -0.753569 0.007532 -0.236383 0.360182 -0.575869 -0.357255 0.065888
VERTEX_POSE A698 -0.013734 -0.808707 -0.372850 0.726555 0.435944 -0.451771 -0.106899 0.398671 0.290276 0.244669 0.441111 0.654225 -0.371915 -0.390094 0.523888 0.383348 0.495296 -0.095782 0.802143 -0.498990
VERTEX_POSE A699 -0.639568 0.431342 -0.916071 0.676851 0.847632 -0.268424 0.510683 0.332930 0.795369 -0.070318 0.012496 0.270936 -0.368212 0.725696 -0.147763 -0.632597 -0.442476 0.447321 0.445533 -0.408144
VERTEX_POSE A700 -0.743961 -0.948724 0.268109 0.227291 0.799010 -0.475677 0.412780 0.486488 0.472771 0.541158 -0.422216 0.447387 -0.591202 0.412657 0.007446 -0.254827 -0.485980 0.591615 0.349720 0.422612
VERTEX_POSE A701 -0.541858 -0.323703 -0.418977 0.225443 -0.415356 0.116315 -0.059556 0.826212 -0.676326 0.013296 0.293660 -0.480113 -0.714468 0.000284 0.088499 0.255274 0.467130 -0.539179 0.648573 -0.113699
VERTEX_POSE A702 -0.251999 0.195785 -0.603187 -0.086426 -0.272280 0.244863 -0.528466 -0.554537 -0.582602 0.206197 -0.121578 0.640712 0.575183 -0.368744 0.223544 0.308578 0.572210 -0.374345 0.502145 -0.462938
VERTEX_POSE A703 -0.121764 0.359767 -0.582170 -0.993738 -0.069467 -0.469881 -0.487866 0.503202 -0.620185 -0.383639 -0.411835 0.450809 -0.578285 0.410834 -0.187062 0.418812 0.594178 -0.395426 0.324023 0.235260
VERTEX_POSE A704 0.095689 0.134083 -0.549830 0.962907 0.759548 0.576171 -0.199233 0.282448 -0.116352 0.384363 -0.772876 -0.486352 0.436310 0.511423 0.072227 0.600868 0.245351 0.642444 0.511042 -0.033705
VERTEX_POSE A705 0.504361 -0.131171 0.907677 0.793738 0.019054 0.515712 -0.116556 -0.062585 0.576491 0.459765 -0.331017 0.324716 0.533945 0.520816 0.359005 -0.396381 -0.519421 -0.409114 0.576902 -0.587761
VERTEX_POSE A706 -0.381205 0.068702 -0.135904 -0.994694 -0.262204 -0.681217 -0.405632 0.339927 -0.065522 0.759128 0.504698 -0.661485 0.449845 -0.428756 0.299145 0.213028 0.086658 -0.067823 -0.106979 0.662109
VERTEX_POSE A707 0.341890 0.794707 -0.433426 -0.128494 -0.037604 -0.245849 0.308863 0.068443 0.463181 0.303808 -0.491574 -0.177691 0.756336 0.499690 -0.327950 -0.476873 0.381315 0.765439 -0.113374 0.598815
VERTEX_POSE A708 -0.181686 -0.178860 -0.557498 -0.935984 -0.781114 -0.732800 0.498479 -0.390642 0.171545 0.152904 0.324770 0.577630 0.342905 -0.698992 0.314385 0.510324 0.242641 -0.032880 0.591713 0.440975
VERTEX_POSE A709 -0.164416 0.454937 -0.719087 -0.412513 -0.898604 0.145254 -0.163017 0.771634 0.080748 0.244216 -0.311571 -0.863319 -0.393980 -0.139613 0.052638 -0.585542 0.263787 -0.473594 0.644751 0.467364
VERTEX_POSE A710 0.196419 0.775388 0.567056 0.285423 0.730808 -0.363171 -0.162512 0.565871 -0.474014 -0.156184 -0.354721 0.702508 -0.057002 -0.306260 0.305019 0.391210 0.628701 -0.238458 0.890451 -0.254761
VERTEX_POSE A711 -0.975316 0.898470 0.300122 0.566835 0.906971 -0.301915 -0.729083 -0.293433 -0.507159 0.160551 0.767637 0.501009 0.260399 -0.050311 0.587841 -0.231628 0.389766 -0.234669 0.566747 -0.412530
VERTEX_POSE A712 0.449888 -0.635334 -0.806904 0.739435 -0.167785 -0.302772 0.367816 0.182642 0.547311 0.064620 0.104879 -0.545631 0.346278 -0.575757 0.479238 0.775261 -0.205824 0.285304 -0.373628 -0.762747
VERTEX_POSE A713 -0.396779 0.361483 -0.750067 0.285517 0.861597 -0.126405 0.427343 0.536826 -0.644414 -0.301594 0.493604 -0.528072 -0.015844 -0.047395 -0.023765 -0.793183 -0.158268 0.537892 -0.311493 0.663986
VERTEX_POSE A714 0.547530 0.058050 0.568558 0.330141 -0.303309 -0.623845 0.240078 -0.332996 0.187545 0.536849 -0.312008 0.543418 -0.510200 -0.281245 0.228888 0.159891 -0.758265 0.477442 0.606866 0.371079
VERTEX_POSE A715 0.769871 0.101737 0.474072 0.070264 -0.819227 0.868702 -0.224736 0.433572 0.424467 0.531814 -0.466858 0.225402 -0.194951 -0.651665 0.058932 -0.628537 -0.404855 -0.104431 -0.483325 0.074047
VERTEX_POSE A716 -0.083254 0.468812 -0.687415 0.965364 0.654159 -0.361250 -0.189900 -0.516901 0.667937 -0.067287 0.410213 -0.512074 0.570711 0.565640 -0.071025 -0.542871 0.322365 0.395087 0.582229 -0.375061
VERTEX_POSE A717 -0.024032 -0.270973 -0.313737 -0.500908 -0.406633 0.502484 0.578460 0.431567 0.448347 -0.352074 0.517036 0.236581 -0.456290 0.205560 -0.654870 -0.171095 0.663313 -0.248332 0.551321 0.253347
VERTEX_POSE A718 0.167580 -0.694186 -0.370637 0.955867 -0.388006 -0.573844 0.640947 -0.059571 0.669410 0.417063 0.531628 -0.150773 0.515813 0.194733 -0.444054 -0.381635 0.783129 -0.051752 0.059478 0.250224
VERTEX_POSE A719 -0.733501 0.659522 -0.532809 0.660296 -0.379373 -0.119192 0.415134 0.616382 -0.224971 -0.265190 -0.585040 0.128619 0.764319 -0.321898 0.368902 0.326015 -0.391588 -0.884618 0.258590 -0.144368
VERTEX_POSE A720 -0.695670 0.421754 -0.917454 -0.658835 -0.572881 -0.320169 0.501244 -0.355413 0.522265 0.049857 0.156666 -0.548033 0.484389 0.251075 0.149474 0.316005 0.823147 0.549590 0.641699 -0.329436
VERTEX_POSE A721 0.325166 -0.174519 -0.792826 0.046066 0.701145 -0.802337 -0.172362 0.245430 0.286214 0.176698 0.589008 -0.383112 0.867220 0.022341 0.094106 0.260864 -0.708501 -0.344538 -0.344889 -0.300602
VERTEX_POSE A722 0.138128 -0.073819 0.765921 0.452218 -0.921967 0.402135 -0.213076 -0.714768 0.420542 0.155131 -0.224034 -0.555538 0.655416 -0.317049 -0.326446 -0.116865 -0.580834 -0.496229 -0.698073 -0.032052
VERTEX_POSE A723 0.400432 -0.815954 -0.601295 0.049383 -0.668032 -0.432032 0.050631 -0.489190 -0.666943 0.326374 -0.293270 -0.300470 -0.440744 0.329665 0.381713 -0.411821 -0.749991 -0.364073 -0.725992 0.059340
VERTEX_POSE A724 0.441885 0.809483 -0.387490 -0.494941 -0.468805 -0.700179 0.147938 0.674816 0.655606 0.346360 0.554929 0.199684 -0.502486 0.478685 0.132257 -0.654063 0.086075 0.150214 0.421732 0.011370
VERTEX_POSE A725 0.758885 -0.298838 0.993783 -0.334767 -0.072094 -0.104290 0.370012 -0.399742 -0.371201 -0.501880 -0.090659 -0.731859 0.316662 -0.407435 0.350726 -0.452724 -0.784762 -0.438985 -0.553149 0.223904
VERTEX_POSE A726 0.036629 0.709495 -0.038113 -0.549431 0.738273 0.398014 -0.760830 0.267822 -0.586273 -0.255171 0.681076 -0.001484 -0.490493 -0.531195 -0.437285 -0.339693 -0.339012 0.553758 0.007134 0.259439
VERTEX_POSE A727 -0.818622 0.945675 0.707123 -0.547350 -0.885660 -0.070050 0.549749 0.495507 -0.247012 0.412451 -0.456288 0.634978 0.130374 -0.605380 -0.574827 -0.498792 -0.298432 0.447722 -0.511732 0.301208
VERTEX_POSE A728 0.715874 0.960996 0.082950 -0.462165 0.414299 -0.397418 -0.519316 0.416344 -0.526504 0.223419 -0.543515 0.342990 -0.735830 -0.581503 -0.650384 -0.303397 -0.016020 -0.155600 0.216563 -0.439143
VERTEX_POSE A729 -0.977105 0.900789 0.589038 -0.822877 0.174217 0.342001 0.082425 -0.174254 0.192087 0.646365 0.270040 -0.551199 0.284910 -0.760035 0.471648 0.543979 -0.292164 -0.565567 0.445344 0.483425
VERTEX_POSE A730 -0.458191 0.377017 0.791053 -0.870500 0.961971 0.148808 0.708706 -0.178257 0.128739 0.284725 -0.545128 -0.150643 0.626370 0.590759 -0.873068 -0.019715 0.058794 0.419930 -0.154719 0.564452
VERTEX_POSE A731 0.971913 -0.987729 -0.648941 0.765126 0.213309 -0.391548 0.776285 0.019182 -0.335562 0.105945 0.433318 0.517386 -0.141547 0.367597 0.678650 0.597268 -0.146042 0.076382 0.096915 0.809575
VERTEX_POSE A732 -0.518963 -0.422914 -0.829939 0.402566 0.758861 -0.127961 0.295518 0.557746 -0.345758 -0.595585 -0.445169 -0.239382 -0.007798 0.379873 -0.672829 0.620431 -0.396871 0.595042 0.415876 -0.434664
VERTEX_POSE A733 0.289810 -0.427198 -0.812134 0.043075 -0.310309 0.199620 0.733806 -0.335185 0.421900 0.065069 -0.638924 -0.154474 0.583948 0.481471 -0.767460 0.239342 -0.341088 -0.411454 -0.242931 -0.362314
VERTEX_POSE A734 -0.149851 0.372039 -0.231111 0.771387 -0.856158 0.290560 0.568849 -0.303200 0.629547 -0.480121 -0.247130 -0.178593 0.431909 -0.622600 -0.675061 -0.192985 -0.017722 0.177884 0.471281 0.677534
VERTEX_POSE A735 0.576726 0.711169 -0.379769 0.365474 0.518409 -0.429030 -0.290184 -0.438287 0.537047 0.300229 0.371807 -0.676567 0.575363 0.432857 0.129224 -0.317514 0.342734 0.230373 0.627533 -0.604013
VERTEX_POSE A736 -0.205829 0.441631 -0.904457 -0.163187 0.708745 0.003124 0.605095 -0.443740 -0.141097 0.653993 0.615298 -0.198738 -0.453116 0.330071 0.692351 0.020531 0.490579 -0.679143 0.020437 0.273658
VERTEX_POSE A737 0.468944 -0.559259 0.632985 0.776693 -0.118362 0.076150 -0.182027 0.654501 0.262938 -0.596771 0.373144 -0.183304 -0.773822 -0.385958 0.299456 -0.089705 -0.528065 -0.895428 -0.062308 0.067643
VERTEX_POSE A738 -0.081384 0.505876 0.186805 -0.763020 -0.519195 0.642202 -0.051190 -0.590733 0.089951 -0.332042 -0.498057 0.146021 0.594656 0.071650 -0.630296 0.418974 -0.629310 0.401111 0.598308 0.042523
VERTEX_POSE A739 0.612485 -0.737229 -0.461956 -0.099171 0.927631 0.278529 -0.130771 0.356767 0.297973 -0.693246 -0.605191 0.488135 0.664235 -0.326794 0.260387 0.174985 -0.412586 -0.726331 0.174587 -0.478999
VERTEX_POSE A740 -0.695472 0.895677 0.913898 -0.635821 -0.016966 -0.551803 -0.622496 0.297847 -0.143617 0.432093 0.489942 0.225803 -0.277208 -0.647666 0.470599 0.253939 0.176208 0.634379 -0.533354 0.469812
VERTEX_POSE A741 -0.884965 0.281264 -0.246139 0.522403 -0.788387 -0.365262 -0.432159 0.095627 -0.445766 -0.544576 -0.457608 0.701952 -0.585843 -0.246981 0.399520 0.148011 -0.242846 -0.124593 0.389302 -0.813312
VERTEX_POSE A742 0.637169 -0.838759 0.838166 -0.532337 0.834602 0.427246 0.135793 -0.312575 -0.654230 -0.171849 0.193219 0.170170 0.700857 0.676538 -0.595531 0.539326 -0.314390 0.076347 0.412256 -0.555355
VERTEX_POSE A743 0.754416 -0.739657 -0.893006 -0.896386 0.815249 0.299786 -0.359962 0.688564 -0.382120 -0.446507 -0.546400 -0.516230 -0.592125 0.305320 -0.543273 0.262805 0.298812 0.449970 -0.501379 -0.211703
VERTEX_POSE A744 -0.281744 -0.357253 0.003794 -0.192080 -0.926789 -0.481567 0.587836 0.471208 -0.063294 0.461920 -0.088470 -0.617706 -0.422828 -0.387724 -0.317979 0.391009 -0.659676 0.530486 0.330769 -0.429690
VERTEX_POSE A745 0.184700 0.219291 0.406724 0.797804 -0.468707 -0.111977 -0.729050 -0.397011 -0.550995 0.102514 0.603021 -0.364038 -0.397849 -0.059357 0.514517 0.199910 -0.176120 0.535365 -0.509636 0.666488
VERTEX_POSE A746 0.524287 0.362081 0.581066 0.173878 0.996021 0.098028 0.260449 -0.599428 0.562976 0.721413 0.373763 -0.651839 0.451995 0.316471 0.222010 -0.447554 0.607116 0.446393 -0.084410 -0.179566
VERTEX_POSE A747 0.635002 -0.888441 0.316379 -0.226716 0.727370 0.723206 0.535450 -0.333924 0.544974 -0.144885 0.467987 0.341910 -0.390200 0.447416 0.213400 -0.715551 -0.472568 -0.132418 0.167429 0.495965
VERTEX_POSE A748 -0.839332 0.948319 -0.907013 -0.703104 0.124659 0.257004 0.438020 -0.616359 0.304995 0.595512 -0.131889 -0.865635 0.493907 0.039947 -0.290277 -0.387330 -0.763335 -0.085693 -0.244000 -0.135761
VERTEX_POSE A749 -0.308133 0.667895 -0.789571 0.129744 -0.391985 0.325038 0.198081 -0.412844 0.380105 0.479983 -0.339523 0.528795 -0.390986 0.575957 0.345304 0.625193 0.501492 0.592462 -0.432024 -0.362025
VERTEX_POSE A750 0.901500 0.771081 0.783569 -0.566420 -0.652003 0.153382 0.127834 -0.352417 -0.193714 -0.663949 -0.603586 0.607202 -0.634275 0.449252 0.634016 0.151937 -0.555057 -0.410217 -0.342695 -0.039636
VERTEX_POSE A751 -0.535002 0.370072 -0.824467 -0.361939 0.551779 -0.447632 0.697533 0.016128 -0.698003 0.053769 -0.001560 0.475903 0.471128 0.510959 0.169634 -0.016602 -0.705444 0.239078 0.536955 -0.490925
VERTEX_POSE A752 -0.982967 -0.506624 -0.582397 -0.824189 -0.690840 0.392037 0.821514 -0.392965 0.077650 0.076736 0.488375 -0.276784 0.167483 -0.065530 0.667068 0.033530 0.581884 0.564525 -0.538564 -0.513989
VERTEX_POSE A753 0.039628 -0.302738 0.549491 0.885798 -0.573970 -0.741171 -0.549623 -0.125145 -0.058324 0.434219 0.526546 -0.397720 0.492756 -0.357529 -0.383521 0.515376 -0.191262 0.376822 0.030777 -0.736668
VERTEX_POSE A754 0.865430 0.554119 -0.425761 0.687444 0.883747 -0.594555 -0.365002 -0.660850 -0.197118 0.066387 0.494106 0.385181 -0.747954 0.102841 0.477924 -0.292577 -0.169325 -0.480492 -0.466187 0.529045
VERTEX_POSE A755 0.458918 -0.697141 0.030113 -0.319131 -0.159644 0.542636 0.674388 -0.134831 0.319889 0.041204 -0.205803 -0.325086 -0.274472 -0.609712 0.558461 -0.424807 -0.523864 -0.430881 0.536383 -0.541556
VERTEX_POSE A756 -0.201487 0.398424 0.543273 -0.448969 0.353936 -0.445991 0.010730 0.700751 0.158724 0.010797 -0.326433 0.667248 0.172586 0.615524 0.089565 0.923256 -0.141422 -0.568029 0.342900 0.059327
VERTEX_POSE A757 -0.097941 0.263614 0.536126 -0.861987 0.622020 -0.095941 -0.558771 0.604249 -0.210322 -0.281186 0.227352 0.338873 -0.762532 -0.491601 -0.863552 -0.164668 -0.121277 -0.293261 -0.011777 -0.571677
VERTEX_POSE A758 0.640296 -0.751466 -0.262764 0.133519 -0.045304 0.450016 -0.481382 0.341219 -0.558165 -0.660332 0.084390 -0.220418 -0.100410 0.701493 0.124735 0.444183 0.618358 -0.649457 0.353344 0.044590
VERTEX_POSE A759 -0.485613 0.359419 -0.373776 0.088866 -0.231765 0.482862 0.319994 -0.458608 -0.260260 0.743532 -0.374296 -0.747347 -0.269345 -0.334030 0.257541 -0.085615 0.244120 -0.272495 0.514671 0.691673
VERTEX_POSE A760 -0.075046 0.164403 0.125164 -0.684864 -0.203763 -0.316617 0.034001 0.545266 0.651922 -0.494803 -0.059012 -0.093365 -0.715509 -0.096438 -0.626010 -0.238615 -0.581029 0.272297 0.430261 -0.593555
VERTEX_POSE A761 -0.817895 0.625550 -0.471711 0.263019 -0.083333 0.366541 0.429329 0.685821 -0.520589 -0.535397 0.320423 -0.338598 0.552219 0.082857 0.459141 -0.468858 0.427463 -0.518822 0.065217 0.487226
VERTEX_POSE A762 -0.513700 0.371691 -0.022717 -0.146009 0.981544 -0.744334 0.556503 0.113408 0.346231 0.093228 -0.324901 -0.415561 -0.206190 -0.816832 0.387763 0.785301 -0.320031 0.055123 -0.149667 -0.334580
VERTEX_POSE A763 0.405991 0.741489 0.295224 0.717702 -0.444901 -0.450914 0.297025 0.568681 0.335115 0.651819 -0.520282 0.816542 -0.011974 0.539018 0.063935 -0.632427 -0.325134 0.116386 -0.294619 0.098270
VERTEX_POSE A764 0.471915 -0.801648 -0.283846 -0.693906 0.606358 0.495937 0.609010 0.168391 -0.022048 -0.416347 0.272243 -0.357147 -0.176392 0.730866 -0.629711 0.647832 0.152256 0.479031 0.070430 0.583250
VERTEX_POSE A765 0.336449 -0.256271 0.746172 -0.374621 -0.874613 0.530413 0.339542 -0.122502 -0.504098 0.671436 -0.528590 0.631148 0.008486 -0.565032 0.256742 0.574949 0.591803 0.016814 0.321321 0.189987
VERTEX_POSE A766 -0.017283 0.452658 0.915455 0.083176 -0.926492 -0.174217 0.526810 0.774941 0.085051 0.037104 0.328463 -0.820167 -0.287949 -0.031927 0.478366 -0.587629 0.370887 0.246793 0.541177 -0.391153
VERTEX_POSE A767 -0.733914 0.639983 -0.188303 0.142907 0.315103 -0.495975 -0.111830 -0.397436 -0.107493 0.629692 -0.632419 0.270781 0.631718 0.458669 -0.776993 0.307221 0.429459 -0.255762 -0.312298 0.217435
VERTEX_POSE A768 -0.194607 0.184470 0.379157 -0.597928 0.007025 -0.645602 -0.391211 -0.212301 -0.259893 -0.092585 -0.755962 0.681217 -0.249694 -0.521703 -0.196491 0.779839 -0.243502 -0.113968 -0.409740 0.227996
VERTEX_POSE A769 0.901333 -0.041466 0.102260 0.320156 -0.445687 0.431483 0.537180 -0.237017 -0.717509 0.432937 -0.437933 0.394111 -0.387411 -0.627575 -0.150918 -0.269226 -0.579451 0.347712 0.549029 -0.149745
VERTEX_POSE A770 0.878571 0.902754 0.349741 -0.956265 0.242734 -0.508769 -0.532265 0.236671 -0.136232 0.121882 -0.577107 -0.643971 0.693315 -0.070529 0.515158 0.439843 0.283160 0.206177 -0.166407 -0.725107
VERTEX_POSE A771 0.109921 0.080148 0.293055 -0.233749 0.990059 -0.895763 0.136586 -0.210500 0.188025 -0.715922 -0.216805 0.028641 0.027364 -0.819552 -0.334937 -0.394481 0.465548 0.221930 0.558960 0.142428
VERTEX_POSE A772 -0.983632 -0.760202 0.856121 -0.157441 -0.234074 0.333878 0.479635 -0.573429 -0.184078 0.630471 0.361303 -0.741725 0.391348 -0.260069 -0.535396 -0.398453 0.049579 -0.133547 -0.246045 -0.685963
VERTEX_POSE A773 0.515740 -0.936005 0.187907 -0.488601 0.077336 -0.191164 -0.504321 -0.734360 0.748083 -0.424389 0.273680 -0.502021 -0.353682 0.612135 -0.223534 0.471751 0.022047 0.319116 0.466812 -0.103053
VERTEX_POSE A774 -0.135663 0.340491 0.400049 -0.130135 0.805308 0.233394 0.368722 0.723288 -0.672772 0.175720 0.011867 0.690725 0.128091 -0.160752 0.080701 -0.889399 0.161507 -0.096395 -0.160402 0.651757
VERTEX_POSE A775 -0.265376 -0.117456 -0.140085 0.650478 -0.160863 0.422171 0.335369 0.154143 0.463281 0.666473 0.121898 0.118296 -0.119238 0.723382 -0.118555 0.412332 -0.556186 0.760981 -0.509024 -0.358826
VERTEX_POSE A776 -0.299561 0.283287 -0.405368 -0.690797 0.608629 -0.272763 0.839577 0.091261 0.330880 -0.108109 -0.440632 0.443823 0.106503 -0.543714 0.763557 0.375086 0.392838 -0.190057 0.362478 -0.589549
VERTEX_POSE A777 -0.611376 -0.297428 -0.018885 -0.956257 0.801329 -0.317903 -0.556339 0.608547 0.530787 -0.696711 -0.249996 -0.269933 0.000279 -0.659536 -0.040969 0.354547 0.291496 0.736655 0.281739 0.217287
VERTEX_POSE A778 -0.630375 -0.005897 -0.823706 -0.576238 -0.433493 -0.140069 -0.006587 0.879555 0.393572 -0.090635 -0.343127 -0.656581 -0.537118 -0.262438 -0.400917 -0.191415 0.024315 0.483372 -0.816460 0.197942
VERTEX_POSE A779 -0.138893 0.231605 -0.312381 -0.393901 -0.266711 0.500965 -0.416305 0.524535 0.212973 0.225138 -0.384135 0.141161 0.644129 0.664355 0.658848 0.426673 -0.361305 -0.499669 0.423144 0.073447
VERTEX_POSE A780 0.080491 -0.629533 0.191544 0.173487 -0.590656 -0.397246 -0.633501 0.580252 0.378632 0.408819 0.519927 -0.153107 0.521181 0.426650 -0.730189 0.333004 0.096393 -0.377114 0.221408 -0.449068
VERTEX_POSE A781 -0.728874 -0.234816 0.959863 -0.142658 -0.085496 0.649453 -0.453122 -0.125683 0.653224 0.124837 0.554178 0.138245 0.064154 -0.416212 0.354878 0.696421 -0.518021 0.080369 -0.538496 -0.485297
VERTEX_POSE A782 0.326105 -0.398323 -0.136848 0.244160 -0.714932 -0.029722 -0.551478 -0.661777 -0.659500 -0.343327 0.491921 0.324319 -0.083968 0.511468 -0.021232 -0.675033 0.121760 -0.677158 0.339528 -0.208901
VERTEX_POSE A783 0.097524 -0.136157 0.609147 0.349298 -0.281495 -0.170010 0.391829 -0.757129 0.475873 0.476976 0.496533 -0.698284 0.426060 0.321249 0.480189 0.062568 -0.261765 -0.162664 -0.658424 0.092133
VERTEX_POSE A784 0.310754 0.462445 0.509354 -0.256860 0.340534 -0.140991 0.188362 0.733270 -0.197506 0.639686 0.121478 -0.816346 0.163888 -0.040267 -0.464767 -0.706371 0.137290 0.242247 -0.171763 0.653520
VERTEX_POSE A785 0.191535 -0.844204 0.437391 -0.068396 -0.831186 -0.037791 0.008471 0.129256 -0.613355 0.255133 -0.054998 -0.688568 -0.553767 0.297233 0.159748 -0.730374 -0.562702 0.350317 -0.307785 0.758477
VERTEX_POSE A786 -0.443558 0.166702 -0.360740 -0.969833 0.558860 -0.468121 0.386866 -0.075496 0.459104 0.159659 0.829914 0.550106 0.053625 -0.382057 -0.460093 -0.542920 0.366144 -0.236187 0.726089 0.159729
VERTEX_POSE A787 -0.890733 -0.139131 0.052627 0.294171 -0.305530 0.215587 0.291422 0.287395 -0.473192 -0.210322 -0.738921 -0.541925 -0.486155 0.581809 -0.490120 0.791993 0.036063 0.442393 -0.085078 -0.177757
VERTEX_POSE A788 -0.906406 0.419410 -0.026483 0.069617 0.790834 0.553255 -0.240066 0.720370 -0.512440 0.653515 0.489830 -0.217089 -0.168128 0.418772 -0.324061 -0.410710 0.252026 -0.528366 -0.564213 -0.047397
VERTEX_POSE A789 -0.803263 0.415236 0.376496 0.163686 -0.486444 0.089978 -0.504771 0.650866 0.086210 -0.146430 -0.326547 0.445580 0.213503 0.577721 0.511162 -0.696097 -0.330049 -0.724323 -0.440034 0.164463
VERTEX_POSE A790 -0.376346 -0.779712 0.678851 -0.616963 0.462706 -0.309201 -0.334304 -0.554300 0.360556 -0.477142 0.052926 0.565369 0.543255 0.116340 0.654618 -0.461029 -0.193698 0.161952 0.391029 -0.799310
VERTEX_POSE A791 0.018548 -0.416188 -0.901320 0.384753 -0.412928 -0.751372 -0.000351 -0.552512 -0.030810 -0.540878 0.469930 0.441293 0.079504 -0.260553 0.389318 0.419257 -0.308581 0.296956 -0.724813 -0.557482
VERTEX_POSE A792 -0.621158 0.040786 0.904785 -0.573294 0.430223 0.093202 -0.330792 -0.283568 -0.125290 -0.474531 -0.498579 0.582011 -0.442968 0.628623 0.360847 -0.424797 -0.360669 -0.711807 -0.537330 0.381784
VERTEX_POSE A793 0.109954 0.591979 -0.343866 0.237029 0.444250 0.741428 0.497916 0.202578 -0.540722 0.161844 0.654176 0.218867 -0.635083 0.372382 -0.260196 0.567423 0.025711 0.205669 0.024228 0.625849
VERTEX_POSE A794 -0.575461 -0.674699 0.393905 0.102455 0.142170 0.565456 -0.413688 -0.018345 -0.488277 -0.561364 0.493475 -0.201139 -0.631701 -0.675879 0.299244 -0.311673 0.540757 0.558428 -0.132465 -0.083160
VERTEX_POSE A795 0.850757 0.239137 -0.379061 -0.267201 0.036581 0.271282 0.410072 0.686580 0.320075 -0.482167 0.020447 0.473482 -0.010916 0.421966 0.656538 0.462073 -0.591635 0.410768 -0.621068 -0.010138
VERTEX_POSE A796 -0.553597 -0.664292 -0.597694 0.862407 0.569637 -0.207612 0.431162 0.338902 -0.316084 0.632230 -0.683808 0.442108 -0.143453 -0.522339 -0.663001 -0.616258 -0.297182 0.471125 -0.118453 -0.237481
VERTEX_POSE A797 0.407255 0.777959 0.309360 -0.814369 0.215678 0.521224 0.148114 -0.201974 -0.467451 0.770844 -0.308500 0.545431 0.079389 -0.016626 0.376235 0.236446 -0.588172 -0.266019 -0.567144 -0.719591
VERTEX_POSE A798 -0.883157 -0.120880 0.432636 0.875706 -0.648315 0.129232 -0.421877 0.197553 -0.559661 -0.455666 -0.451271 0.128941 0.473701 0.289429 -0.263852 0.610488 -0.555122 0.764091 -0.131528 -0.604481
VERTEX_POSE A799 0.251797 0.520178 0.781463 -0.735521 -0.423339 -0.017142 0.590575 0.120202 0.782072 0.439159 0.079448 -0.030913 0.395956 -0.744168 -0.555259 0.375850 -0.168893 0.280715 -0.400395 -0.630023
VERTEX_POSE A800 0.308589 -0.263507 -0.588380 0.505786 0.769991 -0.196455 -0.617990 0.263408 -0.293609 -0.305725 0.640498 -0.784297 -0.082382 -0.565586 0.264085 0.126115 -0.034088 -0.436276 0.708469 0.446462
VERTEX_POSE A801 0.995414 -0.218126 -0.217623 0.919442 0.594419 -0.010782 -0.139278 0.021821 0.596278 0.699519 0.258184 0.447961 -0.600769 0.654979 0.623202 -0.110146 -0.546576 -0.235130 0.343830 0.452904
VERTEX_POSE A802 -0.638282 -0.399674 0.074518 0.030730 -0.433280 0.544255 -0.581784 0.240290 0.361146 -0.055307 0.615740 -0.577739 -0.271540 0.300590 0.481303 0.483071 -0.254800 0.089023 -0.592770 -0.638629
VERTEX_POSE A803 0.324957 -0.023709 -0.732259 -0.651655 -0.464082 0.514138 0.245872 -0.261675 0.171112 0.277910 0.282137 0.234659 0.573682 -0.571084 -0.516817 -0.232940 -0.690750 -0.619853 0.692055 0.220571
VERTEX_POSE A804 0.511153 -0.154130 0.970284 -0.569159 -0.328245 0.244446 0.349300 -0.106289 0.007210 0.588216 0.455220 0.438605 -0.362663 -0.487993 0.384395 0.597979 -0.491377 -0.774636 0.207091 -0.549444
VERTEX_POSE A805 0.226055 0.940817 -0.525433 0.900595 -0.627972 -0.690172 -0.039100 -0.283892 0.033865 -0.004424 0.579936 0.644607 -0.156328 0.042400 0.246569 0.801656 -0.446262 0.214943 -0.575639 -0.618169
VERTEX_POSE A806 -0.940420 0.858835 0.127656 0.998823 0.375055 -0.721123 0.187231 0.287642 0.099705 0.178948 0.593570 -0.181970 -0.451551 -0.564641 0.346643 0.753375 -0.382232 -0.562820 0.401809 -0.316253
VERTEX_POSE A807 -0.788407 -0.870844 -0.435084 -0.259957 -0.719615 0.372226 0.699374 -0.497914 0.032802 0.294400 0.605569 -0.724444 0.514514 0.223486 0.552514 0.276674 0.501026 0.174014 -0.287978 0.290506
VERTEX_POSE A808 0.614679 -0.356612 0.455682 0.944338 -0.826643 0.584201 -0.255138 0.141517 -0.251454 -0.659764 -0.700654 0.063030 0.012533 -0.031782 -0.672913 -0.321970 0.589329 0.372418 -0.629121 0.375151
VERTEX_POSE A809 -0.570794 -0.147062 0.303950 -0.577415 0.941562 -0.099603 0.768998 0.395784 -0.377718 -0.307154 0.334510 -0.618508 0.406327 -0.586478 -0.360265 -0.358952 -0.315484 0.578848 0.142655 -0.536630
VERTEX_POSE A810 0.072700 0.360762 0.252534 0.346142 0.013673 -0.681499 0.052529 0.192154 0.552710 -0.120001 -0.333163 0.217460 -0.670437 0.200603 0.014242 0.463019 -0.617743 -0.427293 -0.564772 -0.655920
VERTEX_POSE A811 -0.304830 0.013855 -0.352774 0.117825 -0.417299 0.122255 0.646484 -0.394359 0.316212 -0.495315 -0.382984 0.346810 0.501200 0.493889 -0.628524 0.267479 -0.466815 -0.608066 -0.118216 0.485759
VERTEX_POSE A812 -0.299669 0.618122 0.263813 0.279928 -0.143933 -0.931408 0.341401 0.010594 0.072738 0.462066 0.146814 0.174998 0.530442 -0.685444 0.078981 0.066899 -0.484067 0.300544 0.619755 0.523622
VERTEX_POSE A813 -0.601195 0.962439 -0.884313 -0.409698 0.298741 0.540151 0.389913 0.624528 0.123202 0.356191 -0.448516 -0.531289 0.285869 0.560609 0.368347 0.549103 -0.236650 0.524511 -0.581259 0.196246
VERTEX_POSE A814 0.792694 0.877698 -0.743626 -0.532877 0.301206 -0.736206 -0.151438 0.331205 -0.336492 -0.420318 -0.581160 -0.367576 -0.280589 -0.151134 0.440566 -0.655007 -0.213536 0.124755 -0.540957 0.695785
VERTEX_POSE A815 -0.988915 0.080568 -0.226833 -0.976932 -0.803399 0.009496 -0.336910 -0.630422 0.651621 0.488598 0.299474 0.274592 -0.557498 0.286246 0.655573 -0.012843 -0.551971 -0.264806 0.580340 -0.355353
VERTEX_POSE A816 0.590340 -0.881765 0.553077 0.521906 0.467555 0.156933 0.364751 -0.729384 0.552135 -0.077254 -0.357164 -0.376114 0.434999 0.216177 -0.726493 -0.243433 -0.541704 0.035559 -0.782627 -0.016031
VERTEX_POSE A817 -0.650865 0.044400 -0.104366 -0.502710 -0.139934 -0.286740 -0.536040 -0.599231 0.452705 0.415020 -0.404049 -0.337760 0.545277 0.278093 -0.006425 -0.447415 0.616841 -0.773767 0.207152 -0.140848
VERTEX_POSE A818 -0.879648 0.941437 0.825795 0.317239 -0.108929 0.514138 0.506971 0.026779 0.054139 0.569229 -0.440634 0.713017 -0.212887 -0.355200 -0.066353 -0.488823 -0.680015 0.468972 -0.367001 0.465336
VERTEX_POSE A819 0.683933 0.537645 -0.473406 -0.408477 0.258389 0.382108 -0.028279 0.040166 0.354082 -0.763298 -0.471418 0.101245 0.482755 -0.829458 -0.839733 -0.316101 -0.261175 0.114966 -0.289144 0.141209
VERTEX_POSE A820 -0.454127 -0.540364 -0.727870 0.660976 0.373622 -0.418731 -0.392348 0.772841 0.120976 0.583302 0.392403 0.142829 -0.189155 -0.307768 0.079570 -0.662822 -0.122859 0.885041 -0.175241 0.372723
VERTEX_POSE A821 -0.255994 -0.838275 0.504646 0.700277 -0.646223 0.702051 -0.524095 0.234031 0.582517 0.204026 -0.588531 -0.218402 -0.738523 -0.465275 -0.142181 -0.352184 0.435308 0.316043 0.119363 0.439189
VERTEX_POSE A822 -0.297519 -0.878543 -0.374725 0.976276 0.845461 -0.451315 -0.744394 -0.030875 0.490216 -0.535518 0.415993 -0.599288 0.263724 0.708152 0.249032 0.297895 -0.010529 0.367206 0.028387 0.569567
VERTEX_POSE A823 -0.075285 0.500421 -0.823085 -0.912318 -0.196155 -0.583116 -0.647530 -0.369895 -0.361951 0.712491 -0.583698 -0.551233 -0.014722 0.193012 0.410578 -0.241428 -0.499759 0.237771 -0.120656 -0.485244
VERTEX_POSE A824 0.853960 0.753704 -0.839220 -0.062695 0.798027 -0.593305 -0.510849 0.514808 0.224398 0.587638 0.508948 -0.542226 0.232781 -0.605827 -0.284935 0.426676 -0.056477 -0.471633 0.396832 0.325160
VERTEX_POSE A825 0.127019 -0.553242 -0.980821 0.078731 -0.012369 0.800446 -0.246180 -0.476228 0.344568 0.603306 0.248055 -0.143697 -0.401911 -0.380544 -0.150706 0.640261 -0.686151 -0.444070 -0.062853 -0.309933
VERTEX_POSE A826 -0.224528 -0.260441 -0.202146 -0.179519 0.840427 -0.368166 -0.499648 0.090094 -0.462714 0.345351 0.655754 -0.649384 0.119339 -0.701394 0.438452 0.412520 -0.263893 0.190814 -0.668333 -0.016631
VERTEX_POSE A827 -0.699636 -0.910588 -0.436914 -0.200287 0.367663 -0.141969 0.111119 -0.060578 0.180411 0.149542 0.440910 0.626680 0.587832 -0.510754 0.741016 -0.447648 0.376061 0.073925 -0.647576 -0.632168
VERTEX_POSE A828 -0.465725 -0.775282 0.328539 0.264362 -0.796690 0.252031 0.207538 -0.550003 -0.043355 -0.588441 0.534033 0.344234 0.241478 0.471657 0.781931 0.207150 0.217644 -0.452425 0.713753 0.377460
VERTEX_POSE A829 -0.107685 0.618679 -0.769510 -0.303812 -0.807889 0.006515 -0.499014 0.776542 0.479638 0.397519 0.461189 -0.305047 -0.602099 -0.152439 0.465062 -0.119437 -0.373939 -0.678652 0.464947 0.145670
VERTEX_POSE A830 0.552160 0.609590 -0.655451 0.064192 0.944325 0.161511 0.223450 -0.438871 -0.364238 -0.093714 0.171934 -0.476506 -0.041631 0.644853 -0.562888 -0.587139 -0.552644 0.545292 -0.771247 0.237867
VERTEX_POSE A831 0.842863 -0.038789 0.740158 -0.229852 0.973301 0.479682 -0.180139 0.080652 -0.693518 -0.321446 -0.519384 -0.431052 0.665823 0.448007 -0.115180 0.250774 -0.083215 -0.299776 -0.598343 0.718402
VERTEX_POSE A832 -0.112272 -0.599447 0.012867 -0.384371 0.786530 -0.016600 0.188341 0.467721 -0.410836 -0.646615 0.048147 0.220641 0.492478 -0.499080 -0.115121 -0.299755 -0.725274 -0.876928 0.462633 -0.061770
VERTEX_POSE A833 0.913878 -0.790084 0.419067 -0.905078 -0.488955 -0.261158 0.496744 0.471149 -0.595313 -0.182160 -0.611610 -0.168862 -0.793175 0.553053 0.382265 -0.301529 -0.309775 -0.634632 -0.004118 0.046088
VERTEX_POSE A834 0.167820 0.937502 -0.992101 0.118493 -0.490781 0.121306 -0.379286 0.645900 0.414809 -0.385639 -0.310199 -0.647851 -0.619182 -0.397382 0.504586 0.032967 -0.544040 -0.372693 0.568288 -0.180824
VERTEX_POSE A835 -0.601118 0.246423 -0.016848 0.046470 -0.541715 -0.517062 -0.568382 -0.512307 -0.035713 0.642769 -0.238587 -0.424752 0.240733 0.439821 -0.432084 -0.187000 0.627462 0.603540 -0.413362 0.305722
VERTEX_POSE A836 0.139933 -0.849267 0.893634 0.995517 -0.116927 -0.772928 -0.188383 -0.393340 -0.329860 -0.406344 0.607065 -0.093524 0.260243 -0.570521 -0.074070 0.768705 0.292607 -0.528717 0.375184 0.256207
VERTEX_POSE A837 0.227400 0.796337 0.135556 0.117316 0.884274 0.110237 0.322836 0.392584 -0.825314 0.497273 0.140773 0.251483 -0.035318 0.314636 0.463116 0.658725 0.282344 -0.170249 -0.461878 0.804579
VERTEX_POSE A838 -0.389525 0.375579 0.548068 0.786513 -0.261330 -0.658537 -0.533323 0.245157 0.396660 -0.259160 0.614480 0.597516 -0.303341 -0.318559 -0.177673 0.658962 -0.064965 0.142818 0.349509 0.675731
VERTEX_POSE A839 -0.245388 -0.205879 0.349316 0.939855 0.056430 -0.038650 -0.233572 0.398009 -0.574825 -0.380084 0.585499 -0.177071 -0.657278 -0.413667 -0.658586 0.114006 -0.544328 -0.450547 0.596631 0.177103
VERTEX_POSE A840 0.656606 -0.350725 -0.560494 0.539902 0.825836 0.033581 0.693187 -0.384706 -0.542679 0.353502 -0.179134 0.360498 0.139436 0.621297 -0.190037 -0.612437 -0.399597 -0.733689 -0.002600 0.523665
VERTEX_POSE A841 0.683175 -0.263659 -0.199398 0.132655 0.752343 0.745799 0.169683 0.316424 0.349176 0.705240 -0.139009 0.375051 -0.588151 0.420059 -0.261681 0.225587 0.669673 -0.335739 0.277549 0.505609
VERTEX_POSE A842 0.449781 0.807976 0.996542 0.057680 0.639131 -0.518046 -0.695586 -0.099405 0.656817 -0.081777 0.046138 0.164267 -0.139159 0.812463 0.492280 -0.362623 -0.521623 -0.175775 0.598843 -0.236226
VERTEX_POSE A843 -0.643063 -0.732602 0.703319 -0.180171 -0.318097 -0.545603 -0.241647 -0.383872 -0.156381 0.163517 0.622546 0.343456 -0.613460 0.510381 0.683351 0.420966 -0.253405 0.304846 -0.601102 -0.374669
VERTEX_POSE A844 -0.918021 -0.301220 -0.083711 0.722958 0.051084 0.668516 0.398480 0.006193 0.324649 -0.057477 -0.453181 0.125644 -0.626952 0.623224 -0.462198 0.618315 0.378423 -0.467201 -0.250056 -0.512812
VERTEX_POSE A845 0.242475 0.685674 -0.747084 0.524802 -0.059663 0.233770 0.486813 -0.224301 -0.535258 -0.254219 -0.528007 0.604180 0.241364 -0.511050 0.036297 -0.375579 -0.612359 0.540833 -0.706448 0.186393
VERTEX_POSE A846 -0.631978 0.347966 -0.523513 -0.157102 -0.121496 -0.511059 -0.625664 0.513261 -0.397421 -0.236543 -0.196787 0.337190 -0.593743 -0.430091 -0.645076 0.189068 -0.629687 0.225953 -0.405358 -0.341107
VERTEX_POSE A847 0.672319 -0.182985 -0.530634 0.244864 -0.481361 -0.560795 0.095285 0.592933 -0.252254 -0.038645 -0.479177 0.333496 0.739355 -0.271265 -0.575417 -0.128239 -0.582382 -0.423736 0.652945 0.077895
VERTEX_POSE A848 0.591610 -0.269926 0.148550 -0.977907 0.800404 -0.214389 0.468959 -0.632301 0.346038 -0.589201 0.082990 0.194153 0.616578 0.610622 -0.818581 -0.150117 0.428710 -0.355704 -0.173828 -0.191460
VERTEX_POSE A849 -0.511625 0.289402 -0.697719 -0.839863 0.769575 0.556939 0.088428 -0.306880 0.266334 0.127803 0.676750 0.567863 -0.451931 -0.369301 0.449727 0.724428 0.067583 -0.306859 0.496799 -0.553970
VERTEX_POSE A850 0.356252 -0.645340 -0.004040 0.836387 0.777028 -0.526057 0.693379 -0.345523 -0.401846 0.254342 0.282196 -0.573522 -0.317168 0.641465 0.398272 0.527379 0.548944 0.272462 0.275340 0.296921
VERTEX_POSE A851 -0.862517 0.189710 0.420680 0.683069 0.174026 0.417767 0.150371 0.564265 0.212909 -0.669435 0.498250 -0.398430 0.285759 0.628839 0.645165 -0.156616 -0.184712 -0.452941 -0.650430 -0.061608
VERTEX_POSE A852 0.232381 0.451127 0.806927 0.860414 -0.876649 0.064977 -0.481235 0.501644 -0.421525 -0.438744 0.465132 -0.564621 -0.005585 0.013254 0.402703 -0.722793 -0.427428 -0.580627 -0.231207 -0.590877
VERTEX_POSE A853 -0.941267 -0.523883 0.621235 0.812663 0.622489 0.459073 -0.078671 -0.442656 -0.007763 -0.143913 0.251705 0.343891 -0.648758 0.616581 0.693947 -0.090588 -0.326071 -0.435165 -0.737568 -0.504188
VERTEX_POSE A854 0.062198 -0.309869 0.597595 0.770751 0.977871 -0.506326 -0.581770 0.391777 -0.180120 -0.598632 -0.578146 0.212558 -0.001220 0.502557 -0.225149 -0.100240 0.493857 0.784421 -0.541419 0.125698
VERTEX_POSE A855 0.086341 0.204831 0.967707 -0.202281 0.921378 -0.093324 0.524267 0.198395 -0.410585 0.097404 -0.891087 -0.004137 -0.246818 0.127697 -0.631004 0.509655 0.311936 -0.651558 -0.628482 0.230202
VERTEX_POSE A856 0.185752 -0.077125 0.640414 -0.108606 -0.389879 -0.801435 0.578809 0.119216 0.056631 0.212394 -0.482183 0.498681 0.553116 0.175259 -0.323969 -0.552003 -0.032705 0.029263 -0.096045 0.849413
VERTEX_POSE A857 0.837670 0.429690 -0.604550 -0.408768 0.818298 -0.639611 -0.155646 0.158679 0.262857 0.481687 0.817087 0.638460 -0.100425 -0.298048 -0.153700 -0.413867 0.259628 0.300914 -0.749921 0.388524
VERTEX_POSE A858 0.386705 0.294243 -0.469207 0.597431 0.289041 0.385091 0.210620 -0.538883 -0.627888 0.075265 0.431883 0.089771 -0.893936 0.019436 -0.312712 -0.370340 -0.445574 -0.592970 0.117054 -0.569358
VERTEX_POSE A859 0.720027 0.147593 -0.031048 -0.844244 -0.186570 0.499269 -0.294241 0.317615 0.329415 -0.239146 -0.214454 0.277967 0.902420 -0.158561 -0.659474 0.126219 0.486865 0.360617 0.161052 0.768734
VERTEX_POSE A860 -0.270016 0.048369 -0.374060 0.287419 -0.989591 -0.839972 0.071553 0.343696 0.174632 0.410710 0.802924 -0.011068 -0.613697 0.314750 0.497072 0.133999 0.229641 0.129412 -0.656977 0.292205
VERTEX_POSE A861 -0.061134 -0.096167 -0.124657 -0.338377 0.233366 -0.351556 0.285356 -0.420948 -0.627398 -0.271097 -0.454981 0.312382 -0.501748 0.103981 0.362210 -0.533277 -0.603377 -0.503985 -0.555826 0.490835
VERTEX_POSE A862 0.562890 -0.891196 -0.290889 -0.074096 -0.213269 -0.291595 0.651224 -0.377919 0.848675 0.288387 -0.253964 0.358632 0.195994 0.683788 0.204304 -0.669850 -0.328844 0.156096 0.075020 -0.465806
VERTEX_POSE A863 0.617713 0.448922 0.638807 0.903049 0.796939 -0.360275 0.205764 -0.132770 0.666042 0.642851 0.270837 0.476761 -0.054035 -0.691783 -0.369296 0.623672 -0.533994 0.250817 -0.390534 -0.381190
VERTEX_POSE A864 -0.147256 0.113749 -0.705590 -0.243455 0.744411 0.088041 0.447342 0.434674 -0.134153 -0.261045 0.672598 0.461934 0.625171 0.264224 -0.134695 -0.340108 0.537446 -0.861816 0.474582 -0.002667
VERTEX_POSE A865 -0.269290 -0.953695 -0.282990 -0.955603 0.295950 -0.700508 -0.335727 -0.055568 -0.242203 0.386883 -0.611769 -0.068135 -0.227372 0.647696 -0.638762 -0.006891 0.089043 -0.194851 0.828169 0.441829
VERTEX_POSE A866 -0.983406 -0.304655 -0.378041 -0.050482 -0.744776 -0.464985 -0.278318 -0.460401 0.191936 -0.271410 0.160755 -0.493265 -0.517330 0.676028 -0.427520 0.762305 0.354400 -0.566450 0.011654 -0.423762
VERTEX_POSE A867 0.992677 0.264481 -0.811956 -0.247939 -0.372517 0.558116 -0.056896 -0.034237 0.508508 -0.103131 -0.593085 0.442847 0.772314 0.393411 0.113456 -0.440645 0.686293 -0.470043 0.442142 -0.145968
VERTEX_POSE A868 0.958111 0.842643 0.852566 0.161714 0.180224 -0.292435 -0.722670 -0.529847 0.031602 -0.026923 0.534918 -0.565956 -0.049844 0.194668 -0.436972 -0.330774 0.558909 0.634218 -0.604258 0.287837
VERTEX_POSE A869 -0.372931 -0.929076 -0.829973 -0.263968 -0.006106 0.356281 0.555901 -0.592130 -0.283840 -0.438879 -0.482863 0.005933 0.599767 0.306913 -0.145291 -0.005464 0.540921 -0.878267 0.372302 -0.171564
VERTEX_POSE A870 -0.252711 -0.941398 0.537360 -0.308084 0.683913 -0.411926 0.539886 0.451967 0.172526 0.564738 0.233146 0.495644 -0.396377 0.757828 -0.232881 -0.339273 -0.158516 0.707571 0.342598 -0.376746
VERTEX_POSE A871 0.614717 -0.508082 -0.707928 -0.298384 0.006061 0.483244 0.153387 -0.369476 -0.030045 -0.366853 -0.313397 -0.021888 -0.857051 0.321026 -0.834697 0.204642 0.043520 0.261486 0.255884 0.812600
VERTEX_POSE A872 -0.689756 -0.192736 -0.029371 0.868687 -0.253763 0.660563 0.462523 -0.029568 0.216951 -0.819406 0.328290 -0.141191 0.288314 0.878996 -0.595447 0.172580 0.089093 -0.376956 -0.041689 -0.332837
VERTEX_POSE A873 -0.802930 0.866578 0.533903 0.749596 0.323045 -0.332624 0.334133 0.723659 0.518408 0.756897 -0.150821 -0.672159 0.226517 -0.615155 -0.391328 0.423014 0.173902 -0.125215 -0.291909 0.211924
VERTEX_POSE A874 0.971654 -0.240684 0.995391 0.521445 0.687964 0.619518 -0.493643 0.110259 -0.481366 -0.198147 0.613081 -0.491287 -0.673200 -0.542952 0.002761 -0.405730 0.552418 0.378304 -0.315025 -0.109599
VERTEX_POSE A875 -0.607777 0.506044 0.886917 0.591645 0.797321 0.255093 0.361096 0.850813 -0.597241 0.244450 0.238220 0.577397 0.611470 -0.366090 -0.328312 0.202681 -0.254628 -0.370209 0.628394 -0.143217
VERTEX_POSE A876 0.439545 0.552252 0.786819 0.274398 -0.736618 0.675143 0.532883 -0.273170 -0.394544 -0.256208 -0.537179 0.084875 0.217213 -0.149042 0.440413 -0.572928 -0.566426 0.432839 -0.524371 0.542000
VERTEX_POSE A877 -0.660324 -0.892719 -0.528122 -0.635657 -0.433533 -0.326262 0.518924 0.337398 0.659966 -0.394590 0.037905 -0.322167 -0.428753 -0.485869 -0.191404 0.210547 -0.715462 -0.563534 -0.588945 0.369825
VERTEX_POSE A878 -0.935458 -0.676942 -0.643717 -0.163492 -0.684041 0.419261 -0.482739 0.235550 -0.489091 0.368478 0.690996 0.680703 0.180694 0.427077 -0.320237 -0.599811 -0.067555 0.138207 0.488633 -0.529228
VERTEX_POSE A879 0.031155 -0.717674 -0.064631 0.296491 -0.936214 0.514533 0.283141 0.078997 -0.545122 -0.507820 -0.319578 0.364036 -0.653745 0.535950 -0.381710 -0.023329 0.680784 -0.399842 0.483760 0.375394
VERTEX_POSE A880 -0.171949 0.396684 -0.225841 -0.475520 -0.663958 -0.607523 0.491368 0.340736 0.013840 0.163095 -0.725926 -0.425846 -0.622166 -0.355898 -0.546188 0.301342 -0.351992 0.388662 0.504044 -0.326143
VERTEX_POSE A881 0.420794 -0.322282 0.352243 -0.327105 -0.907013 0.539207 0.240358 0.403797 -0.363873 -0.602923 0.078894 -0.266315 0.704314 -0.382269 -0.544717 0.287294 0.775684 -0.457396 0.010771 -0.287938
VERTEX_POSE A882 0.168638 0.472036 -0.643951 -0.020440 0.237812 -0.299968 0.264020 0.096036 -0.100556 0.673725 -0.524736 0.188688 0.281199 0.800958 0.585088 0.547074 0.033809 -0.722479 0.313089 0.269725
VERTEX_POSE A883 -0.939568 -0.152189 -0.418914 -0.615107 -0.540607 0.403012 0.638328 -0.226000 -0.863470 0.176284 -0.402452 0.019518 0.555031 -0.036919 0.104092 -0.438602 -0.038634 0.284228 -0.247042 -0.885495
VERTEX_POSE A884 0.479527 0.153835 -0.026522 -0.514442 0.715477 0.162526 0.276168 0.664526 0.523889 0.649902 0.104489 0.157859 -0.612604 0.553981 -0.485554 0.167654 0.490156 -0.662151 0.312997 0.018420
VERTEX_POSE A885 -0.769165 -0.837833 0.953645 -0.249690 0.215683 -0.306689 -0.366916 0.190741 0.346049 -0.451514 -0.193873 0.325359 0.220841 -0.808066 -0.688201 -0.402608 -0.517731 0.454657 -0.671300 0.070815
VERTEX_POSE A886 0.146773 -0.947358 -0.451207 0.182612 -0.619229 -0.529512 -0.508870 -0.414045 -0.203436 -0.227588 0.464618 0.481995 -0.274726 -0.667641 0.186423 0.627938 -0.188950 -0.641216 0.468482 -0.362284
VERTEX_POSE A887 -0.334721 -0.923290 -0.386108 0.376953 -0.674403 0.208401 -0.387582 -0.582641 0.177054 -0.522509 0.658897 -0.434047 0.337712 -0.220317 0.370341 -0.352623 -0.413938 -0.774385 -0.581698 -0.080622
VERTEX_POSE A888 -0.931495 0.591857 -0.650906 0.341542 0.033981 -0.126138 -0.694397 -0.381487 0.683412 -0.546302 0.221324 0.158890 0.123722 0.731645 0.410462 0.420828 -0.474260 0.568606 0.164204 -0.212733
VERTEX_POSE A889 -0.466522 0.346885 0.079587 -0.219956 0.669812 0.456803 -0.511063 0.578252 0.488002 0.133428 0.290708 0.146962 -0.294093 -0.530576 -0.312668 0.545724 0.474552 0.658654 0.580264 -0.272770
VERTEX_POSE A890 -0.614694 0.224304 0.582844 0.532708 0.139027 0.135094 -0.335088 0.653145 -0.571800 0.633220 0.134260 -0.367582 -0.163643 -0.558013 -0.566060 -0.673856 -0.006872 0.446379 -0.076732 -0.493912
VERTEX_POSE A891 -0.201511 -0.359775 -0.024966 -0.371038 0.044390 -0.412221 -0.612467 0.296841 -0.303696 -0.323063 0.252761 0.279957 0.337284 0.892151 0.024506 -0.342671 0.217507 -0.811705 0.537895 0.068951
VERTEX_POSE A892 0.472344 -0.749282 0.954929 0.441667 -0.096822 -0.716079 -0.194523 -0.459589 -0.013945 0.498269 0.219394 -0.586888 -0.060957 0.783934 -0.031005 -0.676547 -0.039028 -0.376348 0.502451 -0.352942
VERTEX_POSE A893 0.948197 0.333107 -0.708045 -0.541387 0.925759 0.155476 0.617685 -0.116795 0.175000 0.468074 -0.684507 -0.393310 0.478826 0.491418 -0.572807 0.307784 0.043624 -0.680001 -0.274530 -0.523846
VERTEX_POSE A894 -0.583798 -0.910853 -0.386159 -0.467990 -0.158671 -0.336027 0.008122 -0.515612 -0.479795 0.147537 -0.367289 -0.318788 0.089530 0.760602 -0.065778 0.959496 0.022837 -0.742247 -0.222529 0.142149
VERTEX_POSE A895 -0.674912 0.364467 -0.750661 -0.801789 -0.352412 -0.568972 0.425708 -0.654174 0.408887 -0.237374 -0.691585 -0.365591 -0.432395 -0.117542 -0.563789 -0.545660 0.127413 0.239933 -0.526987 -0.252421
VERTEX_POSE A896 -0.321093 0.379413 0.008966 -0.496990 0.221709 0.130016 -0.513436 -0.042047 -0.638381 0.050181 0.694651 0.396377 -0.618182 0.337565 0.087300 0.332408 -0.336066 -0.640960 -0.491143 -0.537403
VERTEX_POSE A897 -0.567204 -0.215508 0.235800 0.481529 0.096553 0.326971 0.315597 0.320061 0.412242 0.535467 0.323872 0.548145 0.209064 -0.791095 0.572333 -0.432925 0.395831 0.308412 -0.618500 -0.100763
VERTEX_POSE A898 -0.682235 -0.371052 -0.562617 -0.049727 0.275072 0.675093 -0.704350 -0.179913 0.367783 0.403035 -0.234713 -0.342583 -0.343491 0.450331 -0.226385 -0.407709 0.182081 -0.490277 -0.239251 -0.822550
VERTEX_POSE A899 -0.362982 0.222055 -0.138468 0.664724 -0.598067 -0.364538 0.523270 -0.180007 0.096298 0.633551 0.735081 -0.692985 0.261536 -0.311964 -0.094961 -0.095038 0.062554 0.607118 0.497362 -0.570981
VERTEX_POSE A900 0.059865 -0.144585 0.405827 -0.782440 -0.909553 -0.394747 0.182390 -0.679334 -0.053186 0.501988 0.648699 -0.604784 -0.701131 0.322045 -0.255035 0.151691 0.117415 -0.640733 0.447378 0.013970
VERTEX_POSE A901 0.065053 -0.312449 0.974743 0.642189 -0.041015 -0.485142 -0.023414 -0.532990 0.344095 -0.586146 -0.671136 -0.191993 0.335575 -0.231439 -0.678495 -0.610472 0.303282 -0.386030 0.413035 -0.346345
VERTEX_POSE A902 -0.748265 0.713973 0.153603 -0.633660 0.407994 0.769145 0.483709 -0.001449 0.078348 0.270171 0.457491 -0.285228 0.709440 0.179263 0.372123 -0.013143 -0.637315 0.427138 -0.435379 0.593628
VERTEX_POSE A903 0.370109 0.662680 -0.623545 -0.913753 -0.163316 -0.278646 -0.289663 0.050971 -0.506435 0.004925 0.546002 -0.407192 0.869623 -0.195880 -0.371817 -0.130851 0.486432 -0.601521 -0.377762 -0.651382
VERTEX_POSE A904 0.262123 -0.445871 0.508646 0.391785 -0.717970 0.529797 0.025533 -0.809956 -0.431796 0.565660 -0.053807 0.571479 -0.196463 0.515227 0.397368 0.789275 0.154539 0.219949 0.133506 0.227452
VERTEX_POSE A905 -0.776612 -0.526711 0.148994 0.887785 0.095958 0.504803 0.290520 0.785937 -0.199300 0.178387 0.149149 0.351370 0.212258 -0.483677 0.110428 -0.908815 0.203729 -0.754849 0.113036 0.290874
VERTEX_POSE A906 0.762332 0.168723 -0.736627 0.677892 -0.365996 -0.141962 -0.857400 -0.474076 0.400282 0.283998 -0.660059 -0.730015 0.359675 -0.282742 0.532416 0.074734 -0.071710 0.056858 -0.221942 0.504469
VERTEX_POSE A907 -0.298332 -0.893618 0.295465 -0.333817 -0.454588 -0.390604 -0.867631 0.194019 -0.128109 -0.183154 -0.617671 0.383147 -0.348751 0.172083 -0.583361 0.283498 0.582073 0.586434 -0.108041 0.460888
VERTEX_POSE A908 -0.436936 -0.419429 0.620872 -0.747872 0.662425 0.264303 0.717276 0.433387 -0.053560 0.059016 0.359950 0.540995 -0.315932 -0.373929 -0.624127 0.399244 -0.555416 -0.495040 -0.472042 0.484047
VERTEX_POSE A909 0.826873 0.491782 -0.380344 -0.485600 -0.050036 -0.334622 -0.597277 0.561098 0.851842 0.028703 0.127140 0.351264 -0.319981 0.475196 0.162234 -0.198615 -0.080321 -0.112634 0.707531 0.660865
VERTEX_POSE A910 0.732823 -0.611292 -0.769166 0.962673 -0.390803 0.367445 -0.062567 -0.023204 0.618727 0.555053 -0.106513 0.424758 -0.098061 -0.619532 -0.521495 0.278010 -0.732999 -0.172582 0.775304 0.258863
VERTEX_POSE A911 0.391115 0.977254 -0.604969 -0.223393 0.998467 0.555576 0.233956 -0.370528 0.399853 0.381531 0.367015 -0.071295 0.519909 0.651085 0.351318 0.399751 -0.394970 0.634780 -0.607942 0.384832
VERTEX_POSE A912 0.247667 -0.830500 0.971899 0.187296 0.042951 -0.581822 0.075373 0.230102 0.490269 -0.536423 -0.136368 0.428195 0.535441 0.669540 0.384365 -0.261128 0.273419 -0.300054 -0.593030 0.636723
VERTEX_POSE A913 -0.098540 0.860744 -0.413117 -0.057767 0.847009 0.138855 0.391077 -0.338482 0.562864 -0.544451 0.359874 -0.244525 -0.525790 0.129006 0.415290 -0.336757 -0.799419 -0.656997 -0.400963 -0.316555
VERTEX_POSE A914 0.451547 -0.174935 -0.023883 0.161501 -0.542139 -0.877682 -0.209519 0.175251 -0.279690 -0.021566 -0.035570 0.328054 -0.686521 -0.146683 0.127938 -0.431434 0.817558 0.165712 0.546068 0.527357
VERTEX_POSE A915 -0.272806 0.323335 -0.054623 0.672854 -0.241572 -0.272409 -0.231884 -0.093481 0.575716 0.480990 -0.620030 0.130679 0.602047 0.660004 -0.517998 0.214405 -0.409466 -0.555829 0.553577 -0.059632
VERTEX_POSE A916 0.132296 -0.977089 -0.459472 0.692543 0.062692 -0.581095 -0.327366 0.431773 -0.289259 0.094628 0.584305 0.272815 -0.905695 -0.081878 0.616292 0.213490 0.402208 0.352722 -0.134225 0.551075
VERTEX_POSE A917 -0.401680 -0.122293 0.524910 -0.655887 -0.161369 -0.377121 -0.592746 0.188465 -0.196890 -0.634740 -0.493264 -0.863505 0.302266 0.060795 -0.270693 0.331028 -0.128459 -0.009939 -0.211690 0.837242
VERTEX_POSE A918 0.392473 0.400045 0.559269 0.049807 0.084025 -0.277656 0.311731 0.149216 -0.097665 0.154876 0.708544 0.735526 0.665553 0.055922 -0.581889 0.659871 -0.312780 0.183783 -0.021111 -0.612161
VERTEX_POSE A919 0.200801 0.614768 -0.110378 0.034085 -0.903327 -0.229078 -0.522854 0.347284 -0.012054 -0.685006 -0.652845 0.751427 -0.085238 0.304945 -0.617590 0.131965 0.222172 0.036315 0.482400 -0.557526
VERTEX_POSE A920 0.131799 -0.775408 -0.395503 0.124156 -0.491557 -0.089133 0.549089 -0.374150 0.706646 -0.274038 0.409763 0.482550 -0.135621 -0.583179 0.447160 0.294925 -0.353567 -0.244747 -0.719743 -0.476444
VERTEX_POSE A921 0.777780 -0.375651 0.142113 -0.417485 -0.776948 0.211344 0.627876 0.526309 0.040273 0.403818 -0.089765 0.932471 0.046641 -0.239477 0.064099 -0.172241 0.776774 -0.283020 0.640984 -0.232840
VERTEX_POSE A922 0.999290 -0.745007 0.864656 0.663047 0.141063 0.458464 0.544383 -0.015537 -0.373891 0.247254 0.503900 0.298559 -0.584831 -0.391025 0.384109 0.482116 -0.341885 -0.642915 0.260863 -0.689970
VERTEX_POSE A923 -0.395857 -0.524690 -0.440574 -0.434177 0.411621 0.336873 -0.064605 -0.658939 0.248008 -0.616940 0.494407 0.317942 -0.217740 0.311338 -0.399787 0.480359 0.417980 -0.751061 -0.580564 -0.222987
VERTEX_POSE A924 0.725976 0.957456 0.434068 0.041128 -0.851189 0.678518 0.248160 0.144024 -0.604996 0.372188 -0.368766 -0.359625 -0.516030 0.660121 0.193570 -0.719372 -0.560841 -0.082429 -0.126921 -0.304905
VERTEX_POSE A925 -0.584508 -0.655859 -0.521502 -0.804943 0.982392 0.473378 -0.334128 0.583342 0.699513 -0.202830 -0.379665 -0.064549 0.623536 0.377648 -0.339939 -0.578686 0.452363 -0.408497 -0.351488 -0.410263
VERTEX_POSE A926 -0.070769 0.839777 -0.191235 -0.235965 -0.940791 -0.764283 -0.163725 0.218319 0.363197 0.382982 0.707568 -0.482278 0.155441 0.404300 -0.100358 0.660322 0.039346 0.203213 -0.605254 0.535423
VERTEX_POSE A927 -0.595116 0.336869 -0.556966 0.544138 0.370520 0.382703 0.433079 0.107021 0.509454 -0.500141 -0.657903 0.404588 0.176047 -0.137963 -0.566357 -0.390986 -0.207455 -0.330972 0.615174 -0.702594
VERTEX_POSE A928 -0.151712 0.128633 0.714298 0.676586 0.078945 -0.069271 -0.732066 -0.214835 0.545971 0.260684 0.168271 -0.647713 0.430286 -0.471818 0.375124 -0.185880 -0.768327 -0.369956 -0.420030 0.335547
VERTEX_POSE A929 0.246995 -0.531274 0.246148 0.714308 0.334281 0.576994 0.161698 0.060896 0.387799 -0.535041 -0.712348 0.224423 -0.238432 0.544697 0.671498 0.378802 0.098021 -0.124158 0.698029 -0.427258
VERTEX_POSE A930 0.041902 -0.441076 0.304565 0.208862 0.772453 0.035896 0.844467 -0.511842 -0.896482 -0.192401 -0.304399 0.229572 -0.367654 -0.609787 0.336066 -0.337393 -0.463933 -0.171429 0.029208 -0.241423
VERTEX_POSE A931 0.908153 0.984048 0.120125 0.894147 0.169392 0.701315 -0.165115 -0.570812 0.700610 0.059208 0.580617 0.030414 -0.653630 0.120517 0.119402 0.692143 0.128482 0.046048 0.250872 -0.553195
VERTEX_POSE A932 -0.687952 0.156276 0.220892 0.356497 -0.706734 -0.254474 -0.200606 -0.703188 -0.333881 0.370111 -0.402366 -0.723792 0.472974 0.248538 0.338766 0.593288 0.219943 0.430267 0.497071 -0.483200
VERTEX_POSE A933 0.293636 -0.727102 -0.541831 0.575202 0.180447 0.317235 -0.502196 0.400850 -0.752421 -0.636628 0.060182 0.173467 -0.200521 -0.478099 0.306822 -0.442622 -0.645907 -0.457159 0.326163 -0.435802
VERTEX_POSE A934 0.278261 0.646728 0.496580 0.980394 -0.993924 0.622690 0.691838 0.289071 0.620769 -0.262019 -0.619025 -0.424865 0.339066 -0.283578 -0.095120 0.322924 -0.664440 0.193248 -0.483178 0.106528
VERTEX_POSE A935 0.574172 0.710406 -0.270462 -0.251719 -0.424705 -0.075725 0.162077 0.312515 -0.504061 -0.479953 0.459624 -0.464936 -0.507650 -0.205498 0.560721 -0.667808 -0.318961 0.457836 -0.199250 0.739672
VERTEX_POSE A936 0.517024 -0.253813 0.607163 0.462987 -0.723595 0.021410 0.457850 -0.548775 0.073942 -0.795155 -0.267306 0.482958 -0.279219 0.272270 0.604856 0.009992 -0.609013 -0.628470 -0.282911 -0.427043
VERTEX_POSE A937 0.040593 -0.184549 0.759953 0.658286 -0.359920 0.584141 -0.002835 0.600746 -0.122769 0.176811 0.136342 -0.333397 -0.831163 -0.063120 -0.318694 0.508296 -0.341675 -0.656497 0.139762 0.706958
VERTEX_POSE A938 -0.724160 0.816787 -0.974997 0.414464 0.120707 0.627099 0.536153 -0.514707 -0.042340 -0.239046 -0.439773 0.355019 -0.418585 0.313712 0.168989 0.542417 0.654417 -0.671087 0.431239 -0.122473
VERTEX_POSE A939 -0.919911 0.326758 0.228035 0.715114 0.938830 0.649336 0.561659 -0.118238 -0.480756 -0.210363 -0.057692 -0.520831 0.643605 -0.532292 0.149974 -0.225957 -0.351429 0.231255 -0.418333 -0.758850
VERTEX_POSE A940 -0.132534 -0.692767 -0.620391 -0.827314 0.590044 -0.232066 -0.269173 -0.921334 -0.372404 0.035699 -0.030168 0.345031 -0.542205 -0.037270 -0.386877 0.610391 -0.136297 0.733989 0.509616 -0.360927
VERTEX_POSE A941 -0.991338 -0.794504 -0.744163 0.377137 0.729905 0.474214 -0.668792 0.414165 -0.023903 0.011057 -0.662425 0.761966 0.252311 -0.297031 -0.398448 0.015034 0.204538 -0.187608 -0.699076 -0.509507
VERTEX_POSE A942 0.471204 0.304012 0.623065 -0.508279 0.937297 -0.573913 0.181836 -0.435331 -0.416752 0.309948 0.461387 0.333732 0.623422 -0.598425 0.498745 -0.379986 -0.073772 0.369889 0.581226 0.483791
VERTEX_POSE A943 -0.884866 -0.523267 -0.648492 0.359982 -0.367005 -0.438966 -0.212066 -0.465554 0.278819 0.413752 -0.619081 -0.678711 -0.249198 0.128256 -0.189080 0.673048 0.529185 0.482876 -0.518405 0.321732
VERTEX_POSE A944 -0.089877 -0.933760 -0.157280 -0.680630 0.576914 -0.647720 -0.346340 -0.441741 -0.526511 0.698817 -0.119279 -0.010814 0.398915 -0.291036 -0.103977 -0.444019 -0.414416 0.540663 0.188194 -0.730886
VERTEX_POSE A945 -0.077249 -0.870923 -0.400818 0.653222 -0.604842 0.520397 0.300041 0.764434 -0.338610 0.572295 0.115155 0.649837 0.387082 -0.460973 0.402608 -0.622667 0.039950 -0.173633 -0.211914 0.433921
VERTEX_POSE A946 -0.157672 0.800067 0.296885 0.032836 0.391423 0.034318 -0.297338 0.377721 0.575121 -0.616410 0.331568 -0.629489 -0.347960 0.420476 0.452079 0.529490 0.473193 -0.259667 0.360823 0.588794
VERTEX_POSE A947 -0.957581 -0.910849 0.383247 -0.988087 -0.360394 0.248977 0.149091 -0.578483 -0.191836 0.670397 -0.533295 0.675500 0.524807 0.392451 -0.656858 0.442584 0.388691 0.115961 0.238823 0.275419
VERTEX_POSE A948 0.521071 0.006784 -0.875908 0.997335 0.233789 -0.055782 -0.747539 -0.464151 0.572352 -0.427337 0.592759 -0.763120 -0.255104 0.586156 -0.283729 -0.146342 -0.297905 -0.080297 0.414819 0.029582
VERTEX_POSE A949 -0.765199 0.200113 -0.143846 -0.917357 -0.524553 -0.070489 0.656684 0.425188 -0.481032 0.089709 -0.256625 -0.676223 0.226630 0.328903 -0.472463 -0.667627 0.201611 0.288343 -0.252252 0.777518
VERTEX_POSE A950 0.243220 0.703919 -0.727131 0.045999 -0.263720 -0.617243 -0.225202 0.493509 0.405441 0.268571 0.731582 -0.104216 -0.331465 0.445583 -0.087715 -0.704001 -0.136207 0.660358 -0.521217 0.064346
VERTEX_POSE A951 -0.347130 0.231376 -0.271411 0.121491 0.742233 0.003056 -0.387925 -0.657243 -0.599466 -0.706605 0.321434 0.370970 -0.468379 -0.049359 0.463398 -0.161623 0.658006 -0.536913 0.323608 0.171183
VERTEX_POSE A952 -0.987419 0.824461 0.998268 -0.334842 -0.301500 -0.537044 -0.276314 0.434040 -0.462839 -0.381772 -0.040208 -0.675748 0.543880 -0.444108 0.112537 -0.432042 -0.782652 -0.167524 -0.543539 -0.014689
VERTEX_POSE A953 0.242509 0.958912 -0.862474 -0.290954 0.877343 0.338953 0.326156 -0.743970 -0.726122 0.385246 0.067732 0.175850 0.595045 -0.100663 0.522557 0.352859 0.650824 -0.232095 0.516353 0.090647
VERTEX_POSE A954 0.257013 0.706687 0.288015 0.687314 0.153854 0.561269 0.498968 -0.151379 -0.397430 -0.486211 -0.176110 -0.300031 0.023058 -0.396422 0.483195 -0.428302 -0.711535 -0.451143 0.575027 -0.531636
VERTEX_POSE A955 0.738557 0.781917 0.432336 0.706285 -0.152689 -0.700434 0.551281 0.180672 0.076561 -0.208541 -0.671204 0.163221 -0.287613 0.617015 0.242981 0.587743 -0.289778 -0.646413 -0.473748 -0.228395
VERTEX_POSE A956 0.658001 -0.696947 -0.383977 -0.095897 0.859735 -0.647762 -0.214872 -0.656798 -0.277828 -0.429251 0.074473 0.468966 -0.344954 -0.116822 -0.455737 0.561470 0.386275 0.274937 0.579079 -0.632626
VERTEX_POSE A957 -0.813756 0.546464 -0.903220 -0.548651 0.213063 0.607541 0.668145 0.109581 -0.546464 0.055062 -0.282248 0.068893 -0.367009 0.611998 -0.509440 0.453384 0.667847 0.260760 -0.458582 0.296255
VERTEX_POSE A958 -0.856559 0.118786 0.875370 0.250423 -0.782169 -0.809767 -0.237152 -0.279613 0.029793 -0.264305 0.856421 -0.277918 -0.612811 0.187848 0.503478 -0.705901 -0.390145 -0.112523 -0.008277 0.029336
VERTEX_POSE A959 -0.493711 0.431686 -0.669679 -0.419310 -0.061319 -0.512831 0.806438 0.071027 -0.154896 0.230989 -0.532272 -0.236848 -0.247448 -0.624091 -0.525301 -0.351713 -0.236993 -0.617230 -0.333721 0.515739
VERTEX_POSE A960 0.433239 -0.984811 0.342929 -0.834343 -0.452657 0.521185 -0.776312 -0.016242 0.372034 0.086256 0.843505 0.600495 0.137366 -0.454245 0.165988 0.271381 0.237171 0.449233 0.545327 -0.160147
VERTEX_POSE A961 0.185343 0.677710 0.179935 -0.540715 0.990284 0.458887 -0.300329 0.478145 0.342202 -0.289019 0.373655 0.351796 -0.216635 0.064488 -0.692151 -0.118969 0.685652 -0.263604 -0.874749 -0.396840
VERTEX_POSE A962 -0.585558 0.415734 0.450445 -0.525164 -0.891927 0.527480 0.078151 -0.415794 -0.379069 0.192263 -0.651059 -0.424127 0.200015 -0.431521 0.450930 0.789195 -0.010885 0.441418 -0.542304 -0.465735
VERTEX_POSE A963 0.745287 0.171466 -0.436179 0.522153 -0.159391 0.371445 -0.521627 0.413951 0.249583 0.380990 0.536443 -0.072804 -0.621436 -0.405951 0.780718 0.264441 -0.552675 -0.430019 0.355866 -0.265758
VERTEX_POSE A964 -0.521021 0.950608 0.638104 -0.965513 0.170731 0.405611 -0.420261 0.273463 -0.467579 0.112200 -0.528129 0.444596 -0.102327 0.060289 0.141497 -0.682974 -0.655049 0.631794 0.577812 -0.462141
VERTEX_POSE A965 0.692703 0.062461 -0.052975 -0.544770 -0.885851 0.226388 -0.501455 -0.114703 -0.325731 0.020928 0.147161 0.399969 0.521398 0.690167 -0.596553 0.548803 -0.276528 0.571661 0.418407 -0.642175
VERTEX_POSE A966 0.319459 -0.118129 0.293358 -0.729566 0.415904 -0.224532 -0.206163 0.407337 0.252294 0.461902 0.726240 0.812311 0.100645 0.003421 0.017873 -0.703998 0.508981 -0.475147 0.488264 0.218125
VERTEX_POSE A967 0.996003 -0.303205 0.245267 0.497473 0.447136 -0.032674 -0.380921 0.473194 0.643258 0.189478 0.118606 -0.657018 -0.115781 -0.334660 0.052756 -0.784910 0.269741 -0.388194 0.435326 0.759778
VERTEX_POSE A968 -0.266704 0.877912 -0.293022 -0.886484 -0.245771 0.460055 0.103133 -0.406532 -0.566569 -0.443493 -0.605250 -0.551794 -0.031325 0.234743 -0.314966 0.346858 0.450845 -0.252328 0.819381 -0.458301
VERTEX_POSE A969 0.595299 -0.301341 0.318361 0.684898 -0.463389 -0.175337 -0.008207 -0.482838 0.837585 0.042385 0.195553 0.456804 0.190130 -0.713930 -0.242957 0.521013 -0.314922 0.003359 0.830983 0.346056
VERTEX_POSE A970 -0.923908 -0.976447 -0.526698 0.212587 0.385966 0.525972 -0.030127 -0.300799 0.422493 -0.132697 -0.616575 0.178935 0.628936 0.370124 0.714479 -0.108336 0.517332 0.048532 0.757751 -0.353174
VERTEX_POSE A971 0.600762 -0.814855 0.086587 -0.713798 -0.655727 0.081518 -0.241244 0.396115 -0.147360 -0.608535 -0.115525 0.698939 0.318948 -0.481680 -0.511190 -0.056285 -0.746717 0.470967 -0.683075 -0.200361
VERTEX_POSE A972 0.603961 -0.095846 0.574198 0.062036 -0.733484 0.035138 -0.491505 -0.102554 -0.133657 0.164005 -0.638216 -0.427096 0.601448 0.491153 -0.293387 0.372860 -0.581709 0.844046 0.480376 -0.050465
VERTEX_POSE A973 0.547296 0.327565 -0.903633 0.704309 0.323263 0.019341 0.660118 0.230567 -0.488622 -0.227363 0.604378 0.716813 -0.510512 0.315389 0.001732 0.123029 0.682441 -0.497042 -0.486613 -0.127949
VERTEX_POSE A974 0.715896 -0.338122 0.438095 0.646184 -0.022732 0.571309 0.597711 0.236379 -0.265054 -0.389778 0.397588 0.741208 -0.474656 -0.252996 -0.038466 -0.253806 -0.615627 -0.229091 0.448440 -0.585700
VERTEX_POSE A975 -0.485916 -0.029606 -0.583082 0.381406 0.843430 -0.137070 0.100142 0.287441 -0.552549 -0.189844 -0.556170 -0.265224 -0.875942 0.348988 0.702997 -0.426002 -0.486549 -0.333695 0.071965 -0.499529
VERTEX_POSE A976 -0.529953 0.456642 -0.304451 0.357531 0.718421 0.362355 0.420728 -0.571136 0.565550 0.273522 0.558229 -0.500164 0.742149 -0.122052 0.528569 0.004405 -0.427784 0.138938 0.444262 0.405324
VERTEX_POSE A977 -0.441776 -0.538055 -0.265020 -0.320980 -0.631310 0.691737 -0.597357 -0.083452 0.609964 0.271523 0.500887 0.067383 0.476796 0.446885 0.377555 0.542631 -0.736499 -0.048531 -0.218305 -0.003303
VERTEX_POSE A978 -0.443497 0.059545 0.800165 0.393319 -0.516964 0.458845 0.741836 -0.346878 -0.119896 -0.212681 -0.673617 0.740645 -0.551858 0.135406 0.019404 0.306397 0.634358 -0.475558 -0.077590 0.071911
VERTEX_POSE A979 0.991118 -0.536574 -0.180359 0.354866 -0.047789 0.837631 -0.029668 -0.283452 -0.001877 0.697633 0.180762 0.420554 0.334431 -0.145267 0.326786 -0.119617 0.929637 0.121312 -0.621511 -0.040655
VERTEX_POSE A980 -0.206975 0.662057 0.591134 -0.238338 -0.155862 -0.732032 -0.571809 0.361650 -0.449113 0.119655 -0.636303 0.246510 -0.593072 -0.554795 0.148289 -0.410368 -0.198250 -0.423874 0.372264 -0.342384
VERTEX_POSE A981 0.799722 -0.236536 -0.926965 -0.560682 0.219315 -0.526731 0.334576 -0.420557 -0.611229 -0.523356 -0.349867 -0.069877 -0.653256 0.258479 -0.583730 0.292777 0.743147 -0.057711 0.318897 -0.285735
VERTEX_POSE A982 -0.356011 0.694802 0.548230 -0.523643 -0.305557 0.683436 -0.615165 -0.094439 0.410361 0.120014 0.503032 0.404150 0.182639 0.285579 0.255788 0.679095 0.142902 0.368449 0.335620 -0.797536
VERTEX_POSE A983 -0.194394 0.486519 0.589402 0.426820 0.542638 -0.815767 0.485601 0.050074 0.243817 0.667033 0.497074 -0.279098 -0.268848 0.332442 0.312520 0.005459 0.587639 0.315455 0.496940 -0.542746
VERTEX_POSE A984 0.042232 -0.277623 -0.789440 0.148364 0.096658 0.490395 -0.164573 -0.354007 0.163441 -0.200222 -0.549181 -0.364247 -0.763314 0.373368 0.178204 -0.586363 -0.280198 0.753902 -0.079736 0.595957
VERTEX_POSE A985 0.901002 0.401489 -0.163754 -0.836329 0.848297 -0.187344 0.178253 0.588200 -0.252836 0.364227 0.086679 0.224679 -0.114786 0.801365 0.701640 0.703614 -0.065676 -0.598496 0.572116 0.003104
VERTEX_POSE A986 -0.455836 0.268436 0.021738 0.133106 -0.610052 -0.871455 0.334592 -0.233637 0.233592 0.427674 0.368662 0.059699 0.634057 0.451344 0.381870 0.508536 -0.768973 -0.191346 0.210963 0.120295
VERTEX_POSE A987 -0.299767 0.025430 -0.173416 -0.947532 -0.043606 -0.660760 0.328618 0.303007 0.104693 0.068609 -0.114149 -0.607797 0.051716 0.131055 0.426166 0.496248 0.735715 -0.037426 -0.798978 0.580262
VERTEX_POSE A988 -0.912755 -0.052047 -0.066974 -0.384979 0.061360 -0.239920 -0.651687 -0.016159 -0.056375 0.684574 0.168462 0.780823 -0.134159 0.573251 -0.478946 -0.144796 0.765593 0.316521 -0.260187 -0.237930
VERTEX_POSE A989 -0.312395 -0.612778 -0.102892 -0.616471 -0.392221 -0.437507 0.342366 0.684115 -0.462704 -0.466740 -0.283681 0.193479 0.610891 -0.548829 -0.733650 0.154533 -0.383898 -0.137174 0.517562 0.054053
VERTEX_POSE A990 0.206522 -0.542885 0.156904 -0.366843 0.895074 -0.119177 0.665846 -0.539595 -0.501036 -0.271136 -0.609630 0.604842 0.168292 -0.425253 0.543963 0.043362 -0.010525 0.270241 -0.673003 -0.395270
VERTEX_POSE A991 0.520484 -0.036858 -0.724045 -0.219323 0.608703 -0.486816 -0.279822 0.345179 -0.537027 0.105757 -0.411390 -0.363624 -0.701426 -0.296041 -0.378141 0.600575 -0.387987 0.446541 -0.240472 -0.688067
VERTEX_POSE A992 0.872947 -0.935067 -0.922957 -0.157186 -0.401937 -0.291694 -0.536368 0.367895 0.068126 -0.745290 0.151537 0.548152 0.245647 0.715136 -0.287947 0.152818 0.541854 -0.725872 0.270475 0.191478
VERTEX_POSE A993 0.620964 0.872849 -0.392650 0.107994 -0.996853 -0.130634 -0.414415 0.780533 0.694236 0.479222 0.117968 -0.215101 -0.340275 -0.561628 0.395856 -0.507315 0.072390 -0.545895 0.474817 0.237035
VERTEX_POSE A994 0.265771 -0.865392 -0.160225 -0.697169 -0.550688 0.454330 -0.494644 -0.669597 0.268069 -0.013267 0.546155 -0.681569 -0.116290 -0.133807 0.471624 0.570872 -0.049570 -0.186435 0.644774 -0.482693
VERTEX_POSE A995 -0.648074 -0.984459 0.715147 -0.122699 0.768794 0.564714 -0.032102 0.121695 0.258036 0.437011 0.209432 0.258816 -0.744692 0.531833 0.738857 0.105968 -0.391179 -0.040248 -0.492134 -0.710958
VERTEX_POSE A996 0.313667 -0.064690 0.554375 0.563224 -0.882704 0.453874 0.646187 -0.481155 -0.214319 -0.410969 -0.087411 -0.054994 0.353505 0.719900 0.053039 -0.360936 -0.389349 0.861526 -0.397878 0.301663
VERTEX_POSE A997 -0.414770 0.016479 -0.866866 -0.426735 0.865216 -0.499677 -0.090432 0.498953 0.450233 -0.468479 -0.395164 -0.653401 0.197084 -0.683955 0.032866 -0.040800 -0.355759 0.345834 0.855478 -0.023055
VERTEX_POSE A998 -0.652071 -0.287664 -0.039586 -0.625226 0.215929 0.447008 -0.742865 -0.483222 -0.304978 -0.420783 0.514353 0.522318 0.430810 -0.106720 -0.149846 -0.275656 0.105333 -0.641796 0.097521 -0.692426
VERTEX_POSE A999 -0.953037 -0.186778 -0.738647 0.676740 -0.128475 0.278435 -0.648484 0.647178 0.861151 0.061257 -0.350606 -0.162209 -0.612152 -0.272855 -0.379481 0.045718 -0.036555 0.102836 0.445977 0.618426
VERTEX_POSE A1000 -0.819471 0.715138 0.451495 -0.741837 -0.598173 -0.569904 -0.327279 0.576672 -0.451888 0.453896 0.136214 -0.009492 0.712492 0.390292 0.217972 -0.388154 0.569910 -0.650696 -0.168991 -0.414451
VERTEX_POSE A1001 -0.575979 -0.264111 0.433716 0.587362 -0.398105 0.072836 -0.002044 -0.532331 -0.397310 0.657531 -0.463708 0.555707 0.679928 0.419944 -0.723039 0.131323 0.541779 0.072423 -0.296819 0.178107
VERTEX_POSE A1002 0.647725 -0.001633 0.347940 0.962942 0.215798 -0.634479 -0.038734 -0.445427 -0.205489 -0.619093 -0.311934 -0.694697 0.297660 0.186837 0.090363 0.724512 -0.407540 0.253853 -0.041279 -0.709433
VERTEX_POSE A1003 0.784490 -0.380708 0.025693 0.320199 -0.331657 -0.617700 0.689123 -0.049837 -0.502707 -0.472230 -0.589661 -0.515334 -0.485669 0.431704 -0.199653 0.253082 -0.252822 -0.245564 0.046732 0.632082
VERTEX_POSE A1004 0.971316 -0.936546 0.530082 0.291671 0.925158 0.554757 0.105289 0.498836 0.406392 0.611746 -0.075120 -0.148298 -0.379483 -0.286650 0.284791 0.214388 -0.809551 -0.651146 0.651699 0.089322
VERTEX_POSE A1005 0.363621 0.660245 -0.213966 0.609126 -0.806934 0.553535 0.156876 -0.168938 0.745312 0.089743 0.393084 0.292989 -0.842548 -0.415190 0.088365 -0.121507 0.539071 -0.210851 -0.492632 0.594949
VERTEX_POSE A1006 -0.701427 0.589686 0.442611 -0.298395 -0.488227 0.251703 -0.135518 0.482913 0.133119 0.661850 0.510420 0.056842 0.055179 0.519107 0.674520 0.477698 -0.465931 -0.678761 0.558882 -0.140366
VERTEX_POSE A1007 -0.558637 0.520095 -0.774369 -0.350798 0.643580 -0.708718 -0.046746 -0.195812 -0.264012 0.661208 0.482574 -0.419409 0.395721 -0.458611 -0.482943 -0.635621 0.227459 0.137398 0.003185 -0.683168
VERTEX_POSE A1008 0.921845 -0.877810 0.521014 -0.711855 -0.438244 0.622760 -0.474295 0.352819 -0.667062 -0.599534 0.088345 -0.207439 0.014653 -0.528147 -0.219823 0.630315 0.488132 -0.275399 -0.134506 0.592033
VERTEX_POSE A1009 -0.144924 -0.350769 0.242776 -0.905076 -0.005192 0.295300 0.474602 0.377383 -0.424470 -0.155197 -0.506937 0.459448 0.017889 -0.714466 -0.652968 -0.079401 0.126189 0.308485 -0.862579 0.272417
VERTEX_POSE A1010 -0.567518 0.983521 0.045272 -0.995933 -0.404210 0.689415 -0.210528 0.030596 -0.361381 -0.387996 0.538014 0.392228 -0.499787 -0.372391 0.346410 0.730020 0.189837 -0.346798 0.149738 -0.731363
VERTEX_POSE A1011 -0.285130 0.784247 0.112148 0.049808 0.405894 0.633638 0.068748 0.431965 0.524630 0.184016 0.325964 0.460623 0.348820 -0.797532 0.232754 -0.516060 -0.256029 0.238577 -0.757244 -0.074466
VERTEX_POSE A1012 -0.345202 0.412695 0.315811 -0.465758 -0.785876 0.633818 0.673554 -0.061831 0.530255 -0.151137 0.514519 0.246518 -0.607408 0.223377 -0.155136 0.066348 -0.393540 -0.481940 0.387476 0.725724
VERTEX_POSE A1013 0.076470 0.678324 -0.406497 -0.519576 0.290234 -0.649579 -0.609151 -0.430123 -0.377075 0.099340 0.647787 -0.171324 -0.310144 0.473100 0.123991 -0.445726 0.414086 -0.625409 0.569391 0.008672
VERTEX_POSE A1014 0.520476 0.270766 -0.298450 -0.523372 -0.051468 0.200765 -0.600749 -0.645123 -0.205509 -0.193553 0.405519 -0.420693 -0.010417 -0.502805 0.659011 0.563483 -0.261247 -0.553336 0.532933 -0.313542
VERTEX_POSE A1015 0.697030 -0.864928 0.526371 0.682607 0.310782 0.022897 0.527816 0.335021 0.633942 -0.393074 0.175919 -0.252396 -0.127245 -0.804138 -0.626201 -0.594448 0.442594 0.376513 -0.444234 -0.119522
VERTEX_POSE A1016 -0.022528 0.079813 0.429748 -0.355904 0.138531 0.251723 0.264226 -0.711166 -0.154621 0.420457 -0.278101 0.700065 0.587466 0.372100 0.541385 -0.568515 0.112774 0.359916 -0.291677 -0.515486
VERTEX_POSE A1017 -0.935360 -0.460798 0.723288 0.609734 0.338480 0.075553 0.166818 0.577583 -0.578816 0.429996 -0.517177 0.217286 -0.654689 -0.225098 -0.580933 -0.122929 0.583826 -0.523991 -0.586128 -0.086043
VERTEX_POSE A1018 -0.602737 0.160502 -0.647045 0.735074 -0.732824 -0.581856 0.183048 -0.463023 -0.502334 0.607450 0.211588 -0.601972 -0.548748 0.517446 0.131273 0.541096 0.380434 -0.171759 -0.059896 -0.573027
VERTEX_POSE A1019 0.064717 -0.972234 -0.637226 0.259116 -0.800110 0.654727 0.368259 -0.595503 -0.053707 0.444636 0.382599 -0.352411 0.537531 -0.367999 0.358642 0.494417 0.590313 -0.561811 0.365098 -0.122892
VERTEX_POSE A1020 -0.247755 -0.073576 -0.379604 0.993263 0.946259 0.598664 0.106446 -0.532369 -0.009390 -0.749039 -0.467355 -0.003203 0.584712 -0.176081 0.780571 -0.021107 0.256271 0.179474 -0.292021 0.633627
VERTEX_POSE A1021 0.603785 0.617617 0.509859 -0.631768 -0.837750 0.454192 -0.456055 -0.600317 -0.516509 0.439870 -0.511835 -0.309795 -0.116593 -0.555620 0.333409 0.709337 -0.056532 0.565503 0.285966 -0.256387
VERTEX_POSE A1022 -0.414799 -0.009092 -0.361271 -0.960206 0.808594 0.305342 0.042639 0.668879 -0.542627 0.622342 -0.200098 -0.019842 -0.195758 -0.525810 -0.769747 -0.516808 0.361084 -0.139349 0.552684 0.325121
VERTEX_POSE A1023 -0.374808 -0.008644 -0.302561 -0.163923 -0.455678 -0.715742 -0.252768 -0.435702 0.420972 -0.253944 0.333139 0.177152 0.708115 -0.444489 -0.494880 0.186614 0.645522 -0.184949 0.579111 0.291399
VERTEX_POSE A1024 0.224748 0.490466 -0.882791 0.476225 -0.834603 -0.388740 -0.064842 -0.685780 0.429622 0.386025 -0.665734 -0.381959 0.582140 0.232479 -0.605180 0.348851 -0.072522 0.390090 0.621446 0.164916
VERTEX_POSE A1025 0.850972 0.125516 0.478504 -0.657376 -0.742095 -0.007235 0.613763 -0.614300 0.432721 0.068522 -0.348401 -0.374768 0.068136 -0.444710 -0.378063 0.695101 0.499782 0.727542 0.361652 0.231742
VERTEX_POSE A1026 -0.022882 0.006897 -0.587414 0.713378 -0.686884 -0.550960 -0.205163 0.345043 -0.478505 0.737252 -0.110161 -0.392678 -0.344820 0.539439 -0.488743 0.086071 -0.333194 -0.272783 -0.536711 -0.683225
VERTEX_POSE A1027 -0.461585 -0.574224 0.671585 0.039449 -0.717307 -0.008056 0.499702 -0.189469 -0.178569 -0.555738 0.332542 -0.665543 0.467715 0.559111 0.418000 0.470782 -0.012701 -0.591926 -0.032581 -0.735358
VERTEX_POSE A1028 -0.563798 -0.858004 0.611638 -0.084111 -0.876878 -0.431507 0.451346 0.635140 0.569431 -0.287553 0.363759 -0.088431 0.584685 -0.473205 -0.089489 -0.224762 -0.489503 0.688274 0.566767 -0.027197
VERTEX_POSE A1029 0.325046 0.719233 0.373000 -0.911848 0.529045 -0.257574 0.240601 0.141379 -0.440494 0.359939 0.405802 -0.159718 -0.463091 -0.613537 -0.304932 0.640313 -0.654218 -0.788116 -0.433707 0.104446
VERTEX_POSE A1030 -0.414623 0.238999 0.932938 -0.283811 0.154219 0.050616 -0.258280 -0.622157 -0.536711 -0.563210 0.283290 0.063319 0.056404 0.710574 -0.816722 0.502417 -0.154997 0.195795 0.600401 0.061051
VERTEX_POSE A1031 -0.383269 0.857134 0.063133 0.174053 -0.475051 0.550600 -0.391342 -0.469026 0.017224 -0.017675 0.585273 0.306292 -0.627662 0.111487 -0.711428 -0.313488 -0.489134 0.310803 0.595236 -0.431033
VERTEX_POSE A1032 0.749067 -0.544878 -0.193285 0.675514 -0.869060 0.477372 -0.626211 0.553052 0.095808 -0.136938 0.151425 0.707170 0.213611 -0.487506 -0.473523 -0.034360 0.128180 -0.196529 -0.736409 -0.645842
VERTEX_POSE A1033 -0.766898 -0.762634 0.280878 -0.320869 -0.629983 0.412905 -0.547287 0.053676 0.355871 -0.315809 0.460547 -0.456745 0.313400 0.618782 0.629062 0.694477 -0.153504 -0.313894 -0.142212 -0.615273
VERTEX_POSE A1034 -0.598780 -0.523574 -0.911174 -0.505748 0.193292 -0.793180 -0.012263 0.106273 0.159229 -0.416288 0.052903 0.407836 0.404033 0.700432 0.076168 0.714646 -0.580694 0.416389 -0.390630 -0.397613
VERTEX_POSE A1035 0.720384 -0.481425 -0.663202 -0.032816 -0.943901 -0.634576 -0.529183 0.416494 0.235217 0.222433 0.567178 -0.419276 -0.168731 -0.115589 -0.309414 0.165251 -0.660649 -0.520055 0.784035 0.234571
VERTEX_POSE A1036 0.596723 0.897611 -0.933088 -0.711744 -0.436917 -0.244670 -0.326003 0.733597 0.778783 0.268400 0.448715 -0.443706 0.602438 -0.022125 -0.368184 -0.005335 0.469609 0.034619 -0.677291 -0.198664
VERTEX_POSE A1037 -0.300206 -0.933888 0.531437 0.195856 0.705065 0.739193 0.296183 0.468090 0.598768 -0.169754 -0.594078 -0.284608 0.593083 -0.260203 -0.065186 -0.728042 0.083653 -0.099093 -0.040821 0.594356
VERTEX_POSE A1038 -0.838253 -0.961329 -0.437571 0.616386 0.699678 -0.323750 -0.808299 0.179081 0.639076 -0.512227 -0.328891 -0.305726 -0.272014 -0.245302 0.589044 -0.059667 0.577420 -0.215237 -0.082001 0.682769
VERTEX_POSE A1039 0.518568 -0.980199 0.587926 -0.423598 0.124839 -0.567350 0.477368 -0.447875 -0.199774 0.690704 0.530605 0.140476 -0.082448 0.101309 0.652413 0.415638 0.209518 0.439122 0.339846 -0.680959
VERTEX_POSE A1040 0.554870 -0.284657 -0.225787 0.290781 -0.300127 0.057975 -0.511630 -0.085005 -0.614686 0.215495 -0.620510 0.021257 -0.587628 -0.570262 -0.481136 0.295323 0.077509 -0.621978 -0.509190 0.525866
VERTEX_POSE A1041 -0.405771 -0.977808 0.607701 0.620453 -0.704532 0.199776 0.585698 0.452076 0.711595 -0.227386 -0.189994 0.532555 0.238159 -0.477656 -0.231200 0.702289 -0.464667 0.341547 0.235209 0.561658
VERTEX_POSE A1042 -0.766561 0.804048 -0.299925 0.626210 -0.469267 -0.429773 0.372321 0.415177 -0.328495 -0.615877 0.631947 -0.173013 0.384021 0.336045 0.515033 -0.432271 0.216498 -0.642022 -0.384372 -0.518144
VERTEX_POSE A1043 -0.790332 -0.871962 -0.909976 0.825023 -0.086003 -0.269466 0.362058 0.720269 0.514298 0.496437 -0.448436 -0.141588 0.557405 -0.059204 0.115363 -0.558061 -0.007922 -0.793429 0.018215 -0.525881
VERTEX_POSE A1044 0.670699 0.700516 -0.798796 -0.899122 0.585702 -0.169104 0.911943 -0.350480 0.425313 -0.197601 -0.760711 -0.165126 -0.283448 -0.452972 0.788319 0.184471 0.288407 -0.376562 -0.122234 0.100597
VERTEX_POSE A1045 0.753915 0.074814 0.401625 -0.897162 0.479265 0.037497 0.598317 0.017555 -0.569417 -0.279643 -0.712208 -0.378911 0.232366 0.341702 -0.474665 -0.449108 0.612416 -0.552701 0.555089 -0.025267
VERTEX_POSE A1046 0.906698 -0.736890 0.616395 0.507630 -0.775221 -0.405960 -0.314650 0.602225 -0.435455 -0.317813 -0.680910 0.457065 -0.851469 -0.071391 -0.284118 0.101222 -0.357139 -0.596610 -0.254450 0.202588
VERTEX_POSE A1047 -0.351829 -0.219671 0.630953 -0.255027 -0.275768 -0.692223 -0.591616 0.327629 0.498280 -0.574737 -0.303596 -0.327128 -0.172970 -0.510890 -0.352718 0.536275 -0.190170 -0.202786 -0.046455 -0.709447
VERTEX_POSE A1048 0.818555 0.614016 0.124913 0.712572 -0.182255 0.380143 -0.054383 0.399801 0.666732 0.553078 -0.023837 0.135542 0.499316 -0.115795 -0.000602 -0.038484 0.888588 -0.626568 0.663589 0.191294
VERTEX_POSE A1049 -0.696039 0.423612 0.969350 0.242704 -0.508046 -0.005283 0.573975 -0.385625 -0.529373 -0.594610 -0.373825 0.663948 -0.191808 -0.685426 0.037370 0.372170 0.125130 -0.526795 0.376420 -0.475481
VERTEX_POSE A1050 0.712888 -0.191905 0.993727 -0.995911 -0.075877 0.439555 0.165842 -0.640268 -0.587893 -0.249790 -0.178956 -0.057898 -0.578440 -0.630835 -0.610394 0.052898 -0.038382 -0.291959 0.756776 -0.398253
VERTEX_POSE A1051 -0.429200 -0.459560 0.745308 0.705834 -0.235996 -0.570372 -0.212385 -0.505464 -0.220348 -0.617180 0.588901 0.261100 0.456170 0.407947 0.441505 -0.567885 0.052093 -0.602514 0.208319 0.478087
VERTEX_POSE A1052 0.907746 0.041229 0.479210 0.610936 -0.345796 0.372478 0.020668 0.473263 0.235539 0.343334 0.652985 0.422690 -0.295031 0.207906 0.333480 -0.788259 -0.070917 0.718266 0.416292 -0.548980
VERTEX_POSE A1053 -0.701911 0.799003 -0.367544 -0.956117 -0.267283 0.325585 0.246598 0.106626 0.088406 -0.161354 0.942913 0.499756 0.762898 0.006332 0.004633 0.126288 0.275534 -0.797747 0.561420 0.153578
VERTEX_POSE A1054 0.195991 0.531796 -0.557253 -0.458089 0.308326 0.091969 -0.420793 -0.204816 0.439224 -0.262179 -0.147421 -0.385587 -0.540096 -0.630195 0.801183 0.008265 -0.275211 0.089734 -0.680018 0.680757
VERTEX_POSE A1055 0.132494 -0.468305 0.596419 0.087161 -0.180399 0.591762 0.574529 0.071811 -0.694249 0.368733 0.104488 0.323286 -0.048262 0.626510 -0.154945 0.700454 0.147415 -0.198279 -0.202453 0.754771
VERTEX_POSE A1056 -0.850939 -0.075480 -0.889040 -0.613493 -0.009378 -0.181960 0.634930 -0.021504 -0.631236 0.301094 0.334550 -0.244326 -0.630657 0.540727 -0.662153 -0.290758 -0.667467 0.265122 -0.154718 -0.386932
VERTEX_POSE A1057 -0.826891 -0.461307 -0.144667 -0.744711 0.621442 -0.015514 0.795744 0.459029 -0.698202 0.127967 -0.580972 0.351358 -0.148134 -0.193744 -0.264502 -0.573112 0.555541 -0.564676 -0.003807 0.324964
VERTEX_POSE A1058 0.670909 -0.042529 0.268004 -0.873390 0.102295 -0.790386 0.480825 -0.205034 0.094781 0.078224 -0.794429 0.415032 0.509436 -0.313314 0.430755 0.485019 0.194037 -0.092219 0.517610 0.437067
VERTEX_POSE A1059 -0.414736 0.066515 0.722597 0.302396 0.113744 0.217424 -0.228905 -0.492462 0.075192 0.639948 -0.236742 0.347548 0.683097 0.162733 0.160839 0.017743 -0.791904 -0.894659 0.266707 -0.218726
VERTEX_POSE A1060 0.498155 -0.742074 -0.771667 -0.656559 0.150487 0.413224 0.465478 0.277534 0.430532 -0.593329 0.574990 -0.030351 0.027943 0.528647 -0.694853 0.255921 0.551628 -0.400183 -0.604165 -0.092735
VERTEX_POSE A1061 -0.743714 -0.803531 0.200942 -0.157201 -0.743487 -0.653631 0.463692 0.473264 -0.716218 -0.243534 -0.348203 0.016454 -0.534195 0.346894 -0.063912 -0.485960 0.613871 -0.235461 -0.451842 -0.396992
VERTEX_POSE A1062 0.201995 -0.076351 -0.214270 -0.523551 0.638692 -0.498927 0.276022 -0.299664 0.498129 -0.244332 0.385788 -0.240602 -0.608632 -0.520261 0.501280 -0.322687 -0.505376 -0.440191 -0.624142 0.485069
VERTEX_POSE A1063 0.247222 -0.286952 0.035048 -0.981045 0.281427 0.680804 -0.104052 0.594259 0.558518 0.623038 -0.254516 -0.466507 0.583846 0.626583 0.076817 0.142867 0.235861 0.032159 -0.489602 0.365843
VERTEX_POSE A1064 -0.510611 -0.566164 -0.518181 0.521930 -0.373470 0.187964 0.769894 -0.558777 0.343199 0.020589 0.249950 0.538862 0.388272 0.486330 -0.359553 0.103559 -0.309090 -0.653631 0.495338 0.541516
VERTEX_POSE A1065 0.603215 0.400075 -0.125444 -0.029300 -0.168016 0.345444 0.380558 0.552389 -0.396012 0.216681 -0.130739 0.788110 -0.382386 -0.232289 0.188757 0.598872 -0.729797 -0.259029 -0.550780 -0.302014
VERTEX_POSE A1066 -0.032394 0.231623 0.371846 -0.013861 0.337526 -0.153868 -0.254285 0.576761 0.426526 0.381283 -0.532333 0.222138 0.196890 0.151524 -0.414616 -0.581474 -0.599189 -0.757065 0.642717 -0.044522
VERTEX_POSE A1067 -0.913888 -0.668553 -0.451269 0.810186 0.189613 0.437778 0.279679 0.456845 0.382199 0.610941 0.264349 -0.420252 -0.221429 0.806861 -0.541201 0.317309 0.121159 -0.439048 0.631517 -0.236024
VERTEX_POSE A1068 -0.696991 0.466187 -0.594007 -0.833443 -0.462951 0.223150 0.648363 0.370899 0.745105 0.178118 -0.540495 0.351960 -0.733963 0.240991 -0.454385 0.075253 -0.122858 0.254323 0.059453 0.705073
VERTEX_POSE A1069 0.129353 0.270294 0.934275 -0.397475 0.037204 -0.436896 -0.320009 0.470195 0.318363 -0.759655 -0.212292 -0.658958 -0.082193 0.233008 0.033524 -0.545612 0.172011 0.521936 0.126767 0.806206
VERTEX_POSE A1070 0.604680 -0.648752 -0.863342 -0.613412 -0.685548 -0.131503 -0.542820 0.349686 -0.533153 0.386203 -0.425536 0.067750 -0.666425 -0.304444 -0.176628 -0.295934 -0.695033 -0.814044 -0.156506 0.347680
VERTEX_POSE A1071 0.857879 -0.818469 0.180206 0.457338 0.236922 -0.965922 -0.174122 0.014578 -0.083843 0.534174 0.825553 0.080944 0.326456 -0.083841 -0.221722 0.509982 -0.261348 -0.065206 0.563635 -0.492867
VERTEX_POSE A1072 0.723582 0.292485 0.541976 -0.777021 0.332672 0.832720 -0.105162 0.076342 0.056688 0.219876 -0.906084 -0.422515 -0.485893 -0.247903 -0.013032 0.767225 -0.034379 0.353095 -0.340396 -0.332483
VERTEX_POSE A1073 0.838119 -0.844704 -0.163267 -0.987202 -0.154814 -0.438745 -0.341248 0.505903 -0.529054 0.294080 0.397729 -0.685742 0.269400 -0.491023 0.071510 -0.050522 0.530000 0.228577 0.849669 0.252725
VERTEX_POSE A1074 -0.932453 -0.690431 0.270230 0.282361 -0.849082 -0.228178 0.445222 0.563252 0.212918 -0.201845 -0.003814 -0.319858 -0.133362 0.687815 -0.813847 0.251155 -0.454508 -0.371409 -0.824725 0.055366
VERTEX_POSE A1075 0.394281 -0.006999 0.743180 -0.676144 -0.081626 -0.353516 0.610465 0.366561 -0.148176 -0.032064 0.814848 -0.764778 0.229952 -0.404453 -0.283851 -0.306396 -0.070067 -0.433144 -0.692494 0.182108
VERTEX_POSE A1076 0.592034 0.230110 -0.761642 -0.884364 -0.675549 -0.171522 -0.608912 -0.426293 0.681282 -0.082105 0.212595 0.044007 -0.626454 0.703783 -0.709656 0.049528 0.366663 -0.029788 -0.477061 -0.378584
VERTEX_POSE A1077 0.974246 -0.427321 -0.113375 -0.210009 -0.624303 -0.378075 -0.801117 0.271916 0.456731 -0.131778 0.341427 -0.549900 -0.020838 -0.607351 0.017277 0.379263 -0.106327 0.588020 -0.443363 -0.655217
VERTEX_POSE A1078 -0.957549 0.773330 0.374133 0.068830 0.642606 -0.470435 0.554560 0.057295 0.137941 -0.491846 -0.204335 -0.550048 0.192403 -0.284237 0.386491 0.383984 0.671680 -0.554739 -0.515838 0.650400
VERTEX_POSE A1079 0.410589 -0.155874 0.363271 0.828208 0.142196 0.425616 0.674983 0.286888 0.788456 -0.304591 -0.530908 0.357230 0.096390 0.378107 -0.234760 0.006726 -0.387810 -0.120264 0.665046 -0.585210
VERTEX_POSE A1080 -0.721793 0.996291 -0.144024 -0.967305 -0.132349 0.383001 -0.159056 -0.279394 -0.477811 0.129904 -0.750546 0.244508 -0.303980 -0.572832 0.433649 -0.577679 -0.010412 -0.614142 -0.729185 0.174283
VERTEX_POSE A1081 0.755340 -0.418575 0.367859 0.072919 -0.433271 -0.006568 -0.061065 0.193174 -0.103714 0.682749 0.456790 0.391129 0.349392 0.444606 0.450195 0.516760 -0.705629 0.795954 -0.375512 0.241743
VERTEX_POSE A1082 0.981389 0.384566 0.108579 0.534042 0.906201 -0.557505 0.143775 0.456934 0.594271 -0.592396 0.388616 -0.185201 -0.488754 -0.363744 -0.450829 -0.539618 -0.339526 -0.313821 -0.313572 0.626579
VERTEX_POSE A1083 -0.814047 0.037520 -0.664815 0.643631 0.521855 0.399776 0.413155 -0.413595 0.311629 0.354446 -0.529485 0.817991 -0.180441 0.426574 0.209123 0.066597 0.332058 -0.173855 0.816503 0.506317
VERTEX_POSE A1084 -0.946571 -0.619572 -0.999685 0.116802 0.299446 -0.024985 0.803391 -0.307439 0.206943 -0.321250 0.012552 0.959713 0.153487 0.168939 -0.042704 0.415838 0.013850 -0.183517 0.234268 0.936265
VERTEX_POSE A1085 0.177380 -0.083638 0.551326 -0.924047 0.214527 0.374538 -0.478408 0.447926 0.764040 -0.199267 -0.532888 0.252230 0.556157 0.431658 -0.322739 -0.647440 0.157718 0.328913 -0.054127 0.551534
VERTEX_POSE A1086 0.318447 0.569215 0.931605 -0.269208 -0.658544 -0.064267 0.162274 -0.540896 0.821505 0.178774 0.179432 -0.489229 -0.022307 0.616551 -0.122220 -0.522268 -0.492343 -0.258296 0.817585 -0.229561
VERTEX_POSE A1087 -0.797510 0.304947 -0.888725 0.503309 -0.709932 0.227232 0.635326 -0.459048 0.526840 -0.111997 0.673203 -0.606031 -0.016851 0.028575 -0.496789 0.478049 0.552358 0.238185 0.595821 0.173658
VERTEX_POSE A1088 0.350489 0.455055 -0.593341 -0.668758 -0.164031 -0.271674 -0.437790 0.477157 -0.272121 0.459164 -0.389030 -0.376952 0.199490 -0.410839 -0.638720 0.409984 0.544641 0.549624 0.624200 0.394404
VERTEX_POSE A1089 -0.010644 -0.473314 0.199608 -0.142597 0.443751 -0.654020 -0.293996 0.396498 0.316143 0.189348 -0.285129 0.375922 0.392050 0.837839 -0.575045 0.709333 -0.067261 -0.017827 -0.469955 0.234505
VERTEX_POSE A1090 -0.212246 -0.628537 0.833872 -0.194295 0.403811 -0.765499 0.348678 -0.368892 -0.612467 -0.581361 0.224276 0.155269 -0.511944 -0.825987 -0.115225 0.241949 0.023634 -0.038852 -0.468847 0.361670
VERTEX_POSE A1091 -0.151356 0.712981 -0.365009 -0.325317 0.986456 -0.208354 -0.241024 0.392875 -0.460214 0.535741 0.326686 0.481626 -0.380617 0.676137 0.455468 -0.032053 -0.480037 -0.552609 -0.713437 -0.226559
VERTEX_POSE A1092 0.245642 -0.276845 -0.599450 0.700202 0.700264 0.631694 -0.036183 -0.430299 -0.540655 -0.612465 -0.557014 0.324728 0.130213 -0.575945 -0.372890 0.619054 -0.163095 0.253298 -0.472645 0.382447
VERTEX_POSE A1093 0.989748 0.295112 -0.380397 0.282154 0.042504 0.576311 -0.323844 -0.584972 0.186112 -0.702189 0.455714 0.602392 -0.019839 0.214911 -0.159650 -0.218321 0.488969 0.494838 0.594977 0.406023
VERTEX_POSE A1094 -0.904133 -0.573971 0.670039 -0.306362 0.267883 -0.426376 0.447671 -0.679276 0.781510 0.348731 -0.404015 0.166804 -0.095953 -0.210613 -0.389219 0.460038 0.087668 -0.167722 -0.676118 -0.568606
VERTEX_POSE A1095 0.735031 0.156991 -0.117631 0.222132 -0.673205 -0.544858 0.067946 -0.358460 0.083801 -0.114378 0.864939 0.792890 -0.141345 -0.333166 0.248551 0.807101 0.018597 -0.075195 0.557593 0.109732
VERTEX_POSE A1096 0.592963 -0.304813 0.494159 -0.747146 0.874488 -0.512942 0.582712 -0.525800 0.146168 -0.021555 -0.027845 0.525243 0.237941 0.244124 -0.588719 0.098469 0.783694 -0.305051 -0.770500 -0.221328
VERTEX_POSE A1097 0.063472 0.657652 0.041885 0.679778 -0.394591 -0.406260 0.585391 0.662472 -0.747771 -0.481304 0.085027 -0.042580 0.495175 -0.438911 0.522756 -0.173528 0.597328 -0.026530 0.387753 -0.066768
VERTEX_POSE A1098 0.821143 0.488437 0.431100 0.032319 0.516408 -0.159558 -0.530589 -0.687492 -0.662417 0.211290 0.172695 -0.222778 -0.604874 0.668119 -0.203975 0.552691 -0.015202 -0.666715 -0.049924 -0.225648
VERTEX_POSE A1099 0.895972 -0.838625 0.900152 -0.580589 -0.588463 -0.090791 -0.499600 -0.813289 -0.305274 -0.118088 -0.088990 -0.392243 0.757356 -0.467289 -0.269005 -0.378994 0.044504 0.819967 0.138675 -0.332117
VERTEX_POSE A1100 -0.807175 -0.072054 -0.023841 -0.717697 0.642612 -0.570374 -0.596010 0.341587 0.070606 -0.266179 -0.153945 -0.606812 0.028910 0.076754 -0.256378 -0.198999 -0.923420 0.485529 -0.730400 0.031991
VERTEX_POSE A1101 0.425823 0.839685 0.567758 0.418907 0.830860 -0.307723 -0.530601 -0.622301 -0.319139 0.081993 -0.521313 -0.401022 -0.484643 0.501289 -0.782064 0.281876 0.240675 0.176107 -0.630402 0.178209
VERTEX_POSE A1102 0.753851 -0.657095 0.080358 0.876749 0.648459 -0.286875 -0.075454 0.465399 -0.545168 0.181785 -0.093668 -0.275050 0.786266 0.359881 -0.582454 -0.049996 -0.663669 -0.453420 -0.583564 0.452393
VERTEX_POSE A1103 0.916407 -0.779569 -0.481865 -0.494718 -0.024716 -0.095622 -0.352394 -0.568116 -0.583058 -0.182443 0.136953 -0.526257 0.380119 0.473913 0.098074 -0.803247 0.547297 0.603602 0.229864 0.366552
VERTEX_POSE A1104 0.263942 0.994981 -0.595509 0.431705 -0.323954 -0.067441 -0.314090 0.570537 -0.588291 -0.566156 -0.486420 0.742149 -0.495476 -0.392775 -0.226113 -0.431551 0.256069 0.217838 -0.386112 0.466948
VERTEX_POSE A1105 0.821398 -0.347526 -0.649412 0.159110 0.799377 -0.059312 0.311347 -0.185405 -0.686598 0.621505 0.327916 -0.241331 -0.527824 0.655753 0.540300 0.458278 0.209472 0.418211 0.167864 0.619844
VERTEX_POSE A1106 0.310688 0.213432 -0.738684 -0.170861 0.893658 0.782921 0.271090 -0.159831 -0.546761 -0.072152 -0.440824 0.240789 -0.589889 -0.282202 0.160004 -0.421344 -0.560430 0.067134 -0.629130 0.621618
VERTEX_POSE A1107 -0.144024 0.225091 -0.357151 0.547341 0.000497 0.338536 -0.593313 -0.400359 0.235971 -0.027323 -0.166343 -0.317665 0.013937 0.630698 -0.360310 0.589025 -0.611808 0.773936 0.547803 0.199885
VERTEX_POSE A1108 0.795644 0.225154 0.237213 0.949100 -0.824926 0.519932 0.220059 -0.451794 0.403775 -0.288689 0.786121 -0.487949 0.633893 0.240185 -0.564440 -0.607084 -0.118999 -0.099750 0.312828 0.325648
VERTEX_POSE A1109 0.353139 -0.013238 0.635448 0.897968 0.536264 -0.483838 0.254917 -0.492479 -0.330919 0.496729 -0.226678 -0.666878 -0.125329 0.718679 0.211951 -0.407747 -0.050166 0.408342 0.711556 0.432510
VERTEX_POSE A1110 -0.733435 -0.930783 -0.993881 0.375549 -0.857307 -0.267900 0.779022 -0.066691 0.042727 -0.045772 0.351211 -0.377272 -0.522581 -0.580793 -0.529965 0.265726 -0.369405 -0.709371 -0.217553 0.631208
VERTEX_POSE A1111 -0.926149 0.221445 -0.906811 0.981795 0.042725 -0.583156 -0.691182 0.400043 -0.591130 0.249504 -0.567701 -0.486971 0.164925 -0.177403 -0.126511 0.407079 0.299802 0.239474 -0.516819 -0.629547
VERTEX_POSE A1112 0.108479 0.568187 0.003308 -0.029113 -0.897006 -0.289721 -0.037977 -0.671105 -0.218151 0.190460 0.574659 0.723638 0.585578 -0.252322 0.586775 -0.653106 0.206479 0.022713 -0.439129 -0.336281
VERTEX_POSE A1113 -0.752047 0.453783 0.114698 -0.090409 -0.951106 -0.718068 0.450503 -0.444675 0.585343 0.628521 -0.456453 0.098767 -0.456352 -0.512695 -0.363004 0.016336 0.027831 0.014990 0.439869 0.574703
VERTEX_POSE A1114 -0.740196 -0.741035 -0.571625 0.625426 -0.435420 -0.591351 -0.389552 0.098257 -0.159694 0.595851 0.035904 -0.216213 -0.604969 0.031762 -0.624369 0.326898 0.488340 -0.433840 0.142692 -0.865778
VERTEX_POSE A1115 0.161907 0.948614 0.003623 -0.912311 0.402439 -0.573465 0.386033 -0.338136 0.078945 -0.645166 -0.470504 0.319210 -0.351567 0.361093 0.545145 0.523666 0.172522 -0.515585 -0.192130 0.710027
VERTEX_POSE A1116 0.425333 -0.629855 -0.333976 -0.014456 0.263421 -0.131184 0.096009 -0.701049 -0.710623 0.052161 -0.262149 -0.155241 0.677410 0.517480 0.119004 -0.638711 0.236198 0.662981 0.348174 -0.340929
VERTEX_POSE A1117 0.578251 0.828180 -0.640021 -0.643782 -0.093964 -0.795898 0.250250 -0.251521 -0.435984 -0.324283 0.765111 -0.168132 0.769438 0.169272 -0.005417 0.054917 -0.387878 0.384924 0.486995 0.415019
VERTEX_POSE A1118 0.364398 0.253562 0.114897 0.590998 0.692507 -0.382627 0.050699 0.721743 0.558037 0.211957 0.646506 0.316192 -0.803184 0.147679 0.657810 0.156962 -0.192719 -0.097467 -0.531754 0.046562
VERTEX_POSE A1119 -0.224178 0.825200 0.072683 0.316786 -0.900610 -0.623679 -0.161904 -0.033380 0.274295 0.677159 0.170169 -0.079095 -0.181596 0.978329 -0.481197 -0.144792 -0.093241 -0.545876 0.679191 0.064082
VERTEX_POSE A1120 -0.432393 -0.645134 0.559587 0.213621 -0.650213 -0.143220 0.456771 0.047407 0.442895 0.384585 0.650845 -0.393368 -0.210098 -0.200693 0.710112 0.115950 -0.661563 0.352611 -0.765420 0.310178
VERTEX_POSE A1121 -0.847848 0.625024 -0.051230 -0.603296 0.096319 0.526258 0.724749 0.273633 0.164796 -0.046161 -0.036859 0.257622 -0.122711 -0.815417 -0.791355 0.467778 -0.126836 -0.057295 -0.488604 0.492721
VERTEX_POSE A1122 0.624466 0.538181 0.707674 0.991470 -0.914154 0.119057 -0.715370 0.352855 0.658793 0.009376 -0.294240 0.659588 -0.061023 0.424512 0.341048 0.311039 -0.416700 0.021141 0.622647 0.659596
VERTEX_POSE A1123 0.813249 0.078021 0.960137 -0.086177 -0.949949 0.033505 -0.313198 0.192849 0.574834 -0.021655 -0.349914 -0.050417 -0.651603 -0.689820 -0.526249 -0.519852 0.310086 0.623670 -0.454538 0.518038
VERTEX_POSE A1124 -0.858100 -0.079864 0.568372 0.678858 -0.861178 0.432694 0.155211 0.478598 -0.442373 0.729899 -0.155227 0.122911 -0.077492 -0.829743 0.195387 -0.461592 -0.144107 0.750866 0.473376 -0.193927
VERTEX_POSE A1125 0.720333 0.964210 0.377713 -0.314892 0.353729 -0.106934 0.423332 -0.329805 0.350078 -0.326919 0.650218 0.619984 -0.186335 -0.108591 -0.462518 -0.802919 -0.270105 -0.517405 0.185782 0.619433
VERTEX_POSE A1126 0.548279 -0.764988 -0.157494 -0.864045 -0.623154 0.126320 -0.512302 -0.407185 0.440139 0.150073 -0.567142 0.184084 0.111877 -0.544095 -0.758696 0.431600 -0.432169 0.425223 0.718491 0.172454
VERTEX_POSE A1127 0.734863 0.615324 0.062531 0.931712 -0.986690 0.105919 -0.164451 0.230735 0.160159 0.520226 -0.340835 -0.103190 -0.412845 0.615007 0.273577 0.660715 0.665899 -0.936823 0.308765 0.094536
VERTEX_POSE A1128 -0.216195 0.621862 -0.580402 -0.635114 0.959137 0.312763 -0.003746 -0.431932 0.048602 0.051050 0.631135 -0.406896 0.007470 0.525167 0.693239 0.588624 0.277672 0.503658 -0.806751 0.249402
VERTEX_POSE A1129 0.369422 0.723449 -0.726394 0.168274 0.893253 0.343083 0.321761 -0.157803 0.536114 -0.566449 0.578657 0.430348 -0.453729 -0.706066 -0.455551 -0.456594 -0.312317 -0.449612 -0.401569 0.210199
VERTEX_POSE A1130 0.630835 0.776698 -0.037317 -0.648877 -0.575153 -0.276037 -0.339085 -0.536690 -0.167751 -0.395737 -0.288344 -0.510834 -0.317172 0.754523 0.332805 0.450354 0.151139 0.723846 -0.651917 0.191504
VERTEX_POSE A1131 -0.023369 -0.450192 0.395758 -0.352811 0.601750 0.224896 0.211897 0.671447 -0.862427 0.488080 0.016466 0.272933 0.340662 -0.489661 -0.337149 -0.705309 0.211078 0.132211 0.321507 0.514359
VERTEX_POSE A1132 -0.204755 0.563134 0.841365 -0.412819 0.724114 -0.144732 -0.397017 -0.831714 0.235166 0.155198 -0.331546 0.834720 0.260736 -0.061638 -0.368685 0.865835 -0.293787 -0.301767 -0.025253 0.328967
VERTEX_POSE A1133 0.384687 -0.880396 -0.956959 -0.772128 -0.926694 -0.692605 0.272479 -0.002399 0.305037 -0.256722 0.632628 0.455201 0.686876 0.290965 -0.167941 0.609339 0.090858 -0.437994 -0.129446 0.711941
VERTEX_POSE A1134 -0.106962 -0.229761 0.913893 0.152472 -0.422966 0.450339 -0.225048 0.727227 -0.245459 0.112989 0.617135 0.577844 -0.195125 -0.059843 -0.540176 0.131909 0.290717 -0.333542 -0.938676 -0.046775
VERTEX_POSE A1135 -0.940813 0.558115 -0.754144 -0.981114 -0.599841 0.156057 0.758582 -0.578630 0.000102 -0.309306 -0.171957 0.882655 -0.031212 0.024923 0.054245 0.505682 0.794806 0.440028 -0.268691 0.057278
VERTEX_POSE A1136 0.206085 -0.227922 -0.606371 0.386982 0.872682 -0.778636 0.008105 0.466398 -0.551156 -0.056968 -0.627225 -0.113157 -0.403260 -0.512986 0.045017 0.824204 -0.342750 0.274083 -0.393392 -0.091809
VERTEX_POSE A1137 -0.796275 0.983671 -0.824791 0.981610 -0.529308 -0.129855 0.664976 -0.432426 -0.520548 0.347967 0.722678 0.032249 0.407496 -0.343599 -0.600954 0.082455 -0.184375 -0.591593 -0.513687 -0.372411
VERTEX_POSE A1138 -0.084837 -0.216794 -0.111296 0.566228 0.400656 0.804184 0.173940 0.489245 0.067790 -0.566162 0.353693 -0.381466 0.599403 0.287760 0.449398 0.316751 -0.657654 0.034898 -0.435420 -0.346737
VERTEX_POSE A1139 0.001729 0.997232 0.630842 0.336082 -0.952244 0.505322 -0.333448 -0.508787 -0.060644 -0.549217 0.394577 -0.021529 0.069487 0.679715 0.160586 0.762931 -0.007950 -0.845411 -0.016763 -0.351238
VERTEX_POSE A1140 0.556864 -0.029566 0.810657 0.879578 -0.993043 -0.211148 0.120866 -0.439614 -0.731604 -0.193307 0.254018 -0.110452 0.681895 0.664257 0.470184 0.421669 -0.135037 0.432318 -0.552485 0.531734
VERTEX_POSE A1141 0.181728 -0.147576 -0.105176 -0.058224 0.543350 0.284069 -0.382455 -0.828395 -0.087191 -0.237161 0.037802 0.801370 0.371503 0.230102 0.024235 0.684810 -0.493056 -0.518576 0.436468 -0.127598
VERTEX_POSE A1142 0.075580 0.218677 0.724031 0.317877 0.090481 0.048378 -0.294759 -0.280885 -0.287661 0.368615 0.434956 -0.468175 0.625965 -0.601484 -0.651623 -0.620572 -0.230580 0.520682 0.017243 -0.562998
VERTEX_POSE A1143 -0.334657 -0.461380 -0.186035 -0.149535 -0.890050 0.295982 -0.479023 0.490709 0.291196 0.703391 -0.033497 0.900797 -0.097591 -0.265423 -0.126761 -0.231910 -0.824322 -0.009828 0.460947 0.090142
VERTEX_POSE A1144 0.429682 -0.693793 -0.990478 0.851367 0.592244 0.476498 0.615478 -0.505880 0.185306 0.470178 0.589670 0.445007 -0.233855 0.562439 -0.689571 0.195724 0.070504 -0.255091 0.554187 0.273982
VERTEX_POSE A1145 0.335384 0.477642 -0.847594 -0.056697 0.655061 0.292308 -0.209266 -0.504079 0.044912 -0.064199 -0.429303 -0.673911 -0.297045 -0.556294 0.437641 -0.822332 0.103978 0.516579 0.433152 -0.491252
VERTEX_POSE A1146 0.827251 -0.512765 0.817588 -0.061845 0.512390 -0.471617 0.079177 -0.217948 0.861323 -0.161765 -0.099498 0.118790 0.471886 -0.791171 0.089297 0.710501 0.153819 -0.116685 -0.489975 -0.541283
VERTEX_POSE A1147 -0.144985 -0.323648 -0.324454 -0.163089 -0.144335 -0.516761 0.096220 -0.115329 0.641643 0.547997 -0.453578 0.137767 -0.683795 -0.651555 -0.446391 0.471993 -0.402543 0.320947 0.009353 0.440911
VERTEX_POSE A1148 -0.086365 0.305822 -0.487615 0.299521 -0.438903 -0.346320 0.120956 -0.290259 0.477840 -0.539511 -0.103378 0.296105 -0.342494 0.613746 -0.442005 0.122387 0.714010 0.607194 0.749677 0.136264
VERTEX_POSE A1149 0.191648 0.740797 -0.067515 -0.470847 0.204897 0.533762 0.165515 0.285620 0.046415 -0.142494 0.011184 0.723553 0.413447 -0.126546 -0.017082 -0.089945 0.944161 -0.434883 0.879359 0.104123
VERTEX_POSE A1150 0.630837 -0.498448 0.748229 -0.846302 -0.044945 0.488167 -0.312663 -0.495570 -0.375709 -0.100199 0.581058 -0.297060 -0.724805 -0.193574 0.221247 -0.603797 0.427681 0.695227 0.047846 0.443170
VERTEX_POSE A1151 0.481242 0.660688 -0.928028 -0.486857 -0.089116 -0.379571 0.631736 -0.661045 -0.533086 -0.574985 -0.116213 -0.193316 0.508126 0.678378 -0.707447 -0.016204 0.282358 0.184101 0.108842 0.097933
VERTEX_POSE A1152 0.343800 0.365821 0.881255 -0.074144 -0.698785 -0.819421 0.129995 -0.467914 0.066420 -0.325463 -0.645678 -0.259263 -0.886197 0.303749 -0.112928 0.266192 0.185078 -0.494134 0.144819 0.487482
VERTEX_POSE A1153 0.255304 -0.960267 0.455903 -0.854833 0.040901 -0.642257 0.645256 -0.186808 0.338798 0.203072 0.634743 -0.019142 -0.265828 -0.512487 0.202555 -0.308498 -0.356828 -0.656755 -0.613653 0.415012
VERTEX_POSE A1154 0.294490 -0.261291 -0.967891 0.426966 -0.039065 -0.597074 0.553966 0.463162 0.561891 0.185464 0.578600 0.499947 0.531775 -0.001413 0.015677 -0.603703 0.638387 0.278547 -0.107154 -0.207755
VERTEX_POSE A1155 0.485700 -0.714042 0.449627 -0.395286 -0.559962 0.063049 0.603745 -0.773804 0.737856 -0.253452 -0.093952 0.423256 0.613552 0.386391 -0.439704 0.387282 0.334833 -0.281261 -0.211708 -0.361925
VERTEX_POSE A1156 -0.024364 -0.996057 -0.166383 -0.169724 -0.605370 -0.227215 0.886285 0.163798 -0.655042 -0.265140 0.702553 0.446364 0.121946 0.467560 0.541650 0.057666 0.495258 -0.163305 0.354969 -0.125288
VERTEX_POSE A1157 -0.157230 -0.026279 -0.125385 0.562921 0.337780 -0.524180 0.524907 -0.349014 -0.094665 -0.756880 -0.091022 -0.679133 -0.189037 0.616844 -0.235248 0.201656 0.264135 0.446889 0.274236 0.647797
VERTEX_POSE A1158 0.220563 0.901281 -0.487843 -0.463574 -0.546652 -0.283364 -0.568317 0.339833 0.765261 -0.612792 -0.127065 -0.449009 -0.330300 -0.596028 0.362118 0.435146 -0.271655 0.036637 0.055234 0.662814
VERTEX_POSE A1159 0.759442 0.625805 0.253215 0.195162 -0.646233 0.341411 0.088916 -0.378147 -0.759435 0.246480 -0.464716 -0.511477 -0.571750 0.393603 0.173347 -0.265311 0.311486 -0.122631 0.730790 0.623777
VERTEX_POSE A1160 -0.787808 -0.302829 0.148222 -0.268805 0.231034 -0.495467 0.059675 -0.131023 0.179221 0.737850 0.369950 -0.110426 0.169235 0.690412 -0.243049 -0.586933 0.597333 -0.806924 0.280865 -0.111783
VERTEX_POSE A1161 -0.148601 0.677980 0.474840 -0.112451 -0.121805 0.230793 -0.202845 -0.928408 -0.128466 -0.546635 0.243770 0.460477 -0.597951 0.114538 -0.613505 -0.534438 -0.083886 0.584640 -0.129902 0.241824
VERTEX_POSE A1162 -0.263927 -0.824387 -0.351027 0.842351 0.955517 0.578451 0.584189 0.243433 0.369181 0.342264 -0.455123 0.641788 -0.658879 -0.326277 -0.226993 0.308287 -0.747679 -0.256285 -0.111429 -0.261004
VERTEX_POSE A1163 0.007437 -0.739695 -0.010414 0.318377 -0.044853 -0.659737 -0.588518 0.030905 0.591582 -0.414021 -0.561447 -0.330533 0.508771 -0.696473 -0.218689 -0.396343 -0.429966 -0.240208 0.257483 -0.117797
VERTEX_POSE A1164 -0.763915 0.797583 0.517881 0.115421 -0.048500 0.324648 -0.498119 -0.367979 0.373222 -0.375916 0.088580 -0.138932 0.137478 0.747038 0.465193 0.767578 -0.299509 0.720835 -0.049884 0.457137
VERTEX_POSE A1165 0.629110 -0.054148 -0.437134 -0.005177 -0.467449 -0.308965 0.141879 -0.529729 0.320410 -0.551205 0.244537 -0.824878 -0.273929 0.489225 -0.098999 -0.738661 -0.566223 -0.334145 0.235341 -0.315657
VERTEX_POSE A1166 0.066624 0.818420 0.235442 0.337263 0.355307 -0.437078 -0.468257 0.440787 0.668384 -0.049906 0.616215 -0.510505 0.321832 0.054835 -0.197903 0.657334 0.569403 -0.249889 -0.492525 0.314260
VERTEX_POSE A1167 0.442170 -0.430339 0.911510 -0.497597 -0.175817 0.396769 -0.352959 0.591212 0.479001 0.360986 -0.621189 0.488702 0.629358 0.443110 0.469266 -0.299482 -0.146106 0.392547 -0.509242 -0.216563
VERTEX_POSE A1168 0.832836 -0.070477 -0.261926 -0.023567 0.003243 0.836470 0.136946 0.278542 0.072450 -0.067996 -0.487157 0.428694 -0.584408 -0.533882 0.082245 0.759057 -0.583216 0.323306 0.242738 0.244787
VERTEX_POSE A1169 0.981787 -0.398373 -0.875854 -0.096509 -0.244037 0.228501 -0.440415 0.215014 -0.624436 -0.180868 0.462419 0.132730 -0.340667 -0.721136 0.718629 -0.126203 0.468824 -0.154344 -0.800837 0.010200
VERTEX_POSE A1170 -0.556101 -0.433107 0.542352 0.838485 -0.128061 0.666168 -0.033976 -0.542863 -0.390653 -0.389911 0.275937 -0.075858 0.747683 0.189890 0.111878 0.495010 0.203516 -0.620757 0.206762 -0.742753
VERTEX_POSE A1171 0.389700 0.899957 -0.451269 -0.143989 0.010200 -0.569284 0.493768 0.233530 0.811131 0.379980 0.054708 -0.017089 0.023362 0.621514 0.083715 0.460676 0.468606 0.103350 -0.631696 0.580172
VERTEX_POSE A1172 0.163515 0.454050 0.018970 0.845267 -0.700687 -0.310797 -0.075417 0.052808 0.334702 0.254129 -0.311955 -0.168546 -0.344535 0.777176 -0.863251 0.322776 -0.214516 0.133300 0.840739 0.499875
VERTEX_POSE A1173 0.519479 0.785570 0.266383 0.156362 0.962420 0.488061 0.054265 0.528119 0.357950 -0.185834 0.401808 -0.092058 0.596923 0.530192 -0.577004 -0.613627 0.518338 0.540611 -0.479234 -0.099312
VERTEX_POSE A1174 -0.944957 -0.561423 0.362696 0.706476 0.120150 -0.350679 -0.290549 0.406698 0.638816 -0.503457 0.352498 0.058194 -0.498614 -0.821722 -0.555540 0.010716 -0.063246 -0.396139 -0.642947 0.176393
VERTEX_POSE A1175 -0.406803 0.760257 0.028492 0.696635 0.891557 0.529650 0.048178 0.036089 -0.195367 0.354300 0.714637 -0.107884 0.206033 -0.683836 -0.046629 0.901244 -0.133804 -0.817000 -0.132133 -0.049557
VERTEX_POSE A1176 -0.145137 0.263212 0.418789 -0.900335 0.617481 0.748364 0.648202 0.060466 -0.264798 0.231240 -0.584350 0.010629 0.178181 -0.738797 0.507690 -0.548399 -0.211006 -0.334621 0.440309 0.254038
VERTEX_POSE A1177 0.882294 -0.074188 0.180284 -0.355369 -0.367460 0.279518 0.353513 0.550590 -0.615881 -0.183336 0.441715 0.443349 -0.322373 0.644543 0.150250 0.792671 -0.003697 -0.568706 0.330401 0.293751
VERTEX_POSE A1178 0.448212 -0.563391 0.704038 -0.466454 -0.252778 0.182782 0.649948 0.606976 -0.369955 0.467468 -0.532483 0.343546 0.551698 -0.429298 0.843157 -0.166049 -0.201962 -0.028036 -0.164616 -0.350652
VERTEX_POSE A1179 0.768498 -0.430966 0.931174 0.399187 -0.821422 -0.010408 0.114428 0.926153 0.393035 -0.742224 0.190285 0.579326 0.157312 0.181026 -0.674001 -0.076791 0.267249 -0.235626 -0.636684 -0.042881
VERTEX_POSE A1180 0.073942 -0.333391 -0.887232 0.173784 0.837437 0.609629 -0.270420 0.203274 -0.165821 -0.487753 0.593197 0.634043 -0.279963 0.019625 0.398422 0.755875 0.271485 0.200263 -0.198101 -0.729869
VERTEX_POSE A1181 0.079049 -0.061840 0.452267 -0.312756 0.702277 0.582704 -0.005162 0.037586 0.603903 -0.641451 0.080559 0.123922 0.075432 -0.965289 -0.159171 0.026939 0.189067 0.505040 0.762954 0.156745
VERTEX_POSE A1182 0.249739 -0.770278 -0.996854 0.912329 0.089461 0.106259 0.664178 0.582569 0.463468 0.367870 -0.550237 -0.042277 -0.570208 0.272266 -0.878397 0.303936 -0.220152 -0.023181 -0.077615 -0.485033
VERTEX_POSE A1183 -0.582258 -0.967570 0.994023 -0.900360 -0.861348 -0.358935 0.557942 -0.085960 -0.781238 -0.122890 -0.021074 -0.293260 0.533543 0.108660 0.229607 0.333594 -0.847205 -0.349445 -0.526921 -0.512448
VERTEX_POSE A1184 -0.665647 -0.022107 -0.091830 -0.167589 -0.256822 0.313286 -0.621648 0.204501 0.052265 -0.352688 0.090048 0.458060 -0.046722 0.691946 -0.256009 0.519860 0.624037 0.789785 0.465540 -0.286112
VERTEX_POSE A1185 -0.455771 -0.031568 -0.964744 0.339295 -0.949604 0.317479 0.338680 -0.495448 -0.154822 0.408757 -0.416336 0.743101 0.282996 -0.070881 0.565764 -0.508993 0.186562 0.054307 0.615672 0.735776
VERTEX_POSE A1186 0.903442 -0.681613 0.443650 -0.295646 -0.421311 -0.478988 0.207890 -0.455668 -0.461769 0.589840 0.515880 -0.466578 -0.243797 -0.539518 -0.081114 -0.650145 0.330136 -0.577118 -0.356011 0.355197
VERTEX_POSE A1187 0.309989 -0.018164 0.741787 0.662687 0.137808 0.403217 -0.275019 0.824396 -0.344117 -0.711657 -0.133924 -0.409881 0.554557 0.158344 0.531999 0.304553 -0.083480 0.517663 -0.132751 -0.519995
VERTEX_POSE A1188 0.386999 0.942153 -0.090129 -0.097783 0.388176 0.613155 0.285501 0.143361 -0.451989 0.163013 -0.132330 -0.556988 0.215666 -0.288319 -0.298039 -0.449860 0.793784 -0.143821 0.801891 0.498714
VERTEX_POSE A1189 0.124005 -0.780331 0.955807 0.240780 0.032037 0.052404 -0.652264 -0.531082 -0.380008 -0.562843 -0.083982 -0.487002 -0.214087 0.542284 0.411829 0.052242 -0.297719 0.667888 -0.457381 0.572880
VERTEX_POSE A1190 0.069431 -0.392359 -0.004998 -0.142152 0.491575 -0.053344 0.602073 -0.322718 -0.904810 -0.166976 0.142889 0.313201 -0.282743 -0.376240 -0.212324 -0.396689 -0.790306 -0.187872 0.610181 -0.330600
VERTEX_POSE A1191 0.599190 -0.360676 -0.941908 0.633412 -0.380790 -0.383907 0.533863 0.670732 0.562326 0.143465 0.411249 -0.270053 0.485793 -0.575452 -0.646114 -0.178572 0.142968 0.214507 0.653089 -0.171490
VERTEX_POSE A1192 0.975404 0.897648 0.430647 -0.871671 0.910232 -0.082572 0.360806 0.422987 0.150340 -0.792634 -0.175616 -0.596107 -0.243572 -0.271092 0.448365 0.352979 -0.759767 0.643588 -0.240062 0.373503
VERTEX_POSE A1193 0.805503 -0.216746 0.643974 -0.299801 0.447092 0.081604 0.918622 0.275663 0.422483 -0.373649 0.594714 0.544347 0.119030 -0.461951 0.591880 0.044289 0.314376 0.410138 -0.019776 -0.508030
VERTEX_POSE A1194 -0.393373 -0.100371 0.047678 -0.048211 0.574357 -0.384573 0.830916 0.235100 -0.369763 0.012033 -0.691052 0.090070 0.008321 -0.586050 -0.509624 0.086889 -0.177907 -0.668991 -0.549377 0.303431
VERTEX_POSE A1195 -0.788511 0.695232 -0.051472 0.243750 -0.138268 0.569761 0.080304 -0.525650 0.435487 -0.405965 0.456800 0.111453 -0.040436 -0.650031 0.685514 0.121384 0.236153 -0.058064 -0.901318 -0.191616
VERTEX_POSE A1196 0.434614 0.729106 -0.793160 0.695022 0.979644 -0.774109 0.493716 -0.305056 -0.267412 0.122686 0.559182 0.480057 0.357955 -0.432856 0.229754 0.483164 0.628608 -0.214486 -0.616128 0.108371
VERTEX_POSE A1197 0.673251 -0.281951 -0.716880 -0.710948 -0.070336 -0.619953 0.255889 0.591723 -0.307984 -0.564576 -0.262733 -0.268569 0.661865 -0.675242 -0.550951 -0.003497 0.051896 0.380957 0.421541 0.349557
VERTEX_POSE A1198 0.653659 -0.735107 -0.139962 0.746153 0.685915 -0.853711 0.175855 -0.214770 0.109871 -0.401687 0.216551 -0.117404 0.668119 0.186017 0.284986 0.514104 0.484689 -0.405100 -0.311505 0.798407
VERTEX_POSE A1199 0.267449 -0.341371 -0.055086 -0.328545 -0.017113 0.442486 -0.352709 -0.169436 -0.795076 -0.114416 0.317900 0.256644 -0.620786 0.636646 0.072786 0.101698 -0.334683 -0.317641 -0.683219 -0.594054
VERTEX_POSE A1200 0.655038 0.319676 -0.592733 0.192543 0.685627 0.763683 0.055177 -0.099333 -0.460715 0.152123 -0.689711 0.047342 0.562599 -0.346313 0.175236 0.747804 0.153059 -0.414224 0.313186 0.609157
VERTEX_POSE A1201 -0.902443 -0.168214 -0.597610 0.584638 -0.442146 -0.315895 0.618510 -0.712381 -0.475156 -0.072756 0.032345 -0.572841 -0.539774 -0.142997 0.573556 -0.359213 -0.589157 0.131619 0.437906 0.352014
VERTEX_POSE A1202 -0.342850 -0.441414 0.493645 0.527465 0.993087 -0.305634 -0.212307 0.554323 -0.011545 0.960872 0.022250 -0.705582 0.095726 -0.233569 0.207693 0.147340 0.757664 0.604543 -0.027879 -0.252235
VERTEX_POSE A1203 -0.181447 -0.226273 0.426237 0.037810 0.984940 0.471665 0.399913 0.343679 -0.575558 0.510642 0.155935 0.032160 -0.646688 -0.187049 0.422221 0.393777 -0.760972 0.516682 -0.077773 0.493460
VERTEX_POSE A1204 0.617036 -0.382644 0.668774 -0.258999 -0.479726 -0.552155 0.328179 0.047556 -0.393460 0.601251 -0.439153 0.272463 0.458930 0.635119 -0.364050 0.083690 0.610896 0.577534 0.559620 -0.168267
VERTEX_POSE A1205 -0.287807 -0.002836 -0.143659 0.233942 0.113237 0.066864 0.203032 -0.908222 0.388478 0.682499 -0.042469 0.875734 -0.465042 -0.006029 0.097370 -0.076105 -0.170902 -0.261197 -0.520497 -0.379585
VERTEX_POSE A1206 0.411750 -0.466016 -0.545271 -0.265555 0.876497 0.218470 -0.042332 -0.597099 -0.049941 0.435965 -0.452887 0.313126 -0.506852 -0.542649 -0.352773 0.580667 -0.328426 0.852807 0.462676 0.189830
VERTEX_POSE A1207 -0.528101 0.880568 0.087563 -0.159334 -0.862245 -0.148221 0.391464 0.464702 0.166849 0.677928 -0.495354 0.679744 0.068174 0.618177 -0.577504 0.458370 0.370220 0.393228 0.415232 -0.139539
VERTEX_POSE A1208 -0.405513 0.922976 -0.963375 0.878572 0.745777 -0.733419 0.516917 0.286616 0.010968 -0.003711 -0.393340 0.558863 0.405254 0.662235 -0.332400 -0.010467 0.139136 -0.197887 -0.753951 0.552467
VERTEX_POSE A1209 -0.140038 -0.029408 -0.841233 0.267990 -0.376282 -0.378006 0.639353 0.086236 -0.707408 0.044749 0.431840 -0.032992 0.089329 -0.562545 -0.590642 -0.542252 -0.468777 0.082092 -0.535918 0.519488
VERTEX_POSE A1210 -0.759604 -0.550397 0.018737 -0.760147 -0.683668 0.703318 -0.128730 -0.190940 0.297255 0.877308 0.303537 -0.366476 -0.105980 0.725643 -0.508031 0.311239 -0.577765 -0.156794 0.325051 -0.105055
VERTEX_POSE A1211 0.668429 -0.410415 -0.850607 0.052356 0.583214 -0.676198 0.151390 -0.231419 0.336901 -0.542952 0.187350 0.011904 -0.357311 0.465627 0.619420 0.222935 -0.572029 -0.213144 -0.710572 -0.606069
VERTEX_POSE A1212 0.939011 0.908752 0.611034 0.955234 -0.674005 -0.102474 0.550545 -0.167122 -0.083416 0.627714 0.325975 0.749544 0.238026 -0.585655 0.481575 -0.404242 0.374169 -0.434523 -0.287763 -0.618722
VERTEX_POSE A1213 0.490135 -0.320675 0.021884 -0.847818 0.405793 -0.642333 -0.148207 -0.701188 0.482258 -0.372323 -0.107347 -0.240749 0.419301 0.081388 0.542230 0.265769 -0.700056 -0.053498 -0.770041 -0.010439
VERTEX_POSE A1214 -0.913829 -0.377985 -0.856584 0.151996 0.721865 0.703453 0.321373 0.574335 -0.093656 0.242519 -0.227978 0.166249 -0.316478 -0.379396 -0.684490 0.238033 0.519540 0.014768 0.825279 -0.451998
VERTEX_POSE A1215 -0.726636 -0.113355 -0.480795 -0.212355 0.069172 0.215941 -0.376629 0.024827 0.413915 -0.313388 -0.776047 0.106011 0.830676 -0.227469 -0.873870 -0.161039 -0.342830 0.084597 -0.209720 0.477347
VERTEX_POSE A1216 -0.965635 0.647757 0.057139 0.491477 0.456189 0.276651 0.663843 -0.507872 -0.379508 0.427194 0.498802 0.556494 0.445778 0.505833 -0.211155 0.266623 -0.480374 0.652047 -0.327128 -0.081472
VERTEX_POSE A1217 0.989613 -0.059598 0.587066 0.856350 -0.699445 0.678383 -0.113203 0.424665 -0.058622 0.804752 0.542581 0.705436 0.237730 -0.362065 0.148610 0.148986 -0.414824 -0.128976 0.510732 -0.471270
VERTEX_POSE A1218 0.583353 0.868481 -0.739009 -0.549668 -0.793020 0.238144 -0.404198 0.364531 -0.178534 -0.119667 -0.372688 0.747664 0.230203 0.389332 -0.236427 0.855616 0.181613 0.544530 0.192954 -0.737332
VERTEX_POSE A1219 0.421363 0.589910 0.967010 -0.606306 -0.155635 -0.682695 -0.060092 -0.087304 0.407494 0.081733 0.506951 0.465490 -0.295168 -0.759624 0.267623 -0.567471 0.392931 -0.282088 -0.761946 0.062892
VERTEX_POSE A1220 0.113618 0.160071 0.542873 0.097129 0.332592 0.417187 0.037899 0.687371 -0.001700 -0.886230 0.187921 0.709840 0.107315 -0.482716 0.511202 -0.329819 -0.127672 -0.246478 -0.304733 -0.492841
VERTEX_POSE A1221 -0.347216 -0.523878 0.255993 0.308180 0.698555 0.022622 -0.135866 0.639798 -0.488559 -0.517076 0.428023 0.673381 -0.491933 0.212564 0.375198 -0.394359 -0.374928 0.408146 0.562721 0.470851
VERTEX_POSE A1222 0.020554 -0.770766 -0.974898 -0.972894 0.463575 0.037749 0.211327 0.164143 0.292818 -0.229982 0.489839 0.594616 0.779724 0.007608 0.675816 -0.468221 -0.542103 0.320214 -0.274315 0.662707
VERTEX_POSE A1223 0.089021 0.057719 -0.026480 0.225458 0.242824 -0.612297 0.333525 -0.431291 0.228833 -0.672037 -0.563527 -0.568081 -0.348207 -0.266333 0.052332 0.492775 -0.370257 0.497265 0.270283 -0.537031
VERTEX_POSE A1224 -0.541713 0.259376 -0.100033 -0.991620 0.145648 -0.255835 0.505034 0.538450 -0.658285 -0.006680 0.137866 0.164108 0.598616 0.290493 0.442494 0.500285 -0.393183 0.527710 -0.369148 0.672373
VERTEX_POSE A1225 0.627181 0.128862 0.072781 -0.021106 0.037932 -0.267374 -0.291928 -0.731560 0.162237 -0.441897 0.600185 0.464650 -0.286894 -0.107820 -0.006839 0.782109 0.086217 0.828398 0.159696 -0.292473
VERTEX_POSE A1226 0.300510 -0.247049 0.922049 -0.530792 -0.895444 0.391237 -0.371121 -0.498158 0.436200 -0.678918 0.392014 -0.532994 -0.601554 -0.203875 0.450220 0.158684 -0.597396 0.412167 0.119545 0.446897
VERTEX_POSE A1227 0.892901 -0.011519 0.106807 0.703402 0.125291 0.300425 -0.632346 -0.571724 0.120309 0.265295 0.170452 0.493091 -0.103262 0.647962 0.416734 -0.442414 0.256710 -0.691711 -0.568651 0.397898
VERTEX_POSE A1228 0.300431 0.846912 0.355901 0.267946 0.967596 0.072824 0.499875 0.430656 -0.008883 -0.364315 0.738764 -0.614209 -0.530006 -0.211223 -0.528471 0.055721 0.450976 -0.581449 0.577397 -0.144111
VERTEX_POSE A1229 -0.045831 0.017844 -0.217913 -0.784638 0.790470 -0.492033 0.504803 -0.264230 0.436591 0.381970 -0.230266 0.115931 0.720221 0.589072 -0.002869 -0.283798 0.716668 -0.744207 0.003621 0.128612
VERTEX_POSE A1230 0.160351 0.647111 -0.948279 -0.625144 -0.891821 0.236714 0.194723 0.108171 0.475857 -0.489923 0.449500 0.768163 0.353186 -0.490919 0.197812 -0.743421 -0.310743 0.297192 0.211288 0.669841
VERTEX_POSE A1231 -0.044530 0.166588 0.763168 -0.539511 0.653223 -0.003307 0.639564 0.628934 -0.395070 -0.112681 0.430553 -0.668967 0.385270 -0.134485 0.486781 0.619166 -0.292008 0.399294 -0.215550 0.561882
VERTEX_POSE A1232 0.051726 0.849630 0.184477 0.800000 -0.651676 -0.385421 -0.218135 0.383725 -0.642297 -0.532895 -0.404726 0.131643 0.363264 -0.570473 -0.649278 0.730594 0.060252 -0.003603 -0.052075 -0.599902
VERTEX_POSE A1233 0.817500 -0.794303 0.545366 0.902322 -0.898734 0.660627 -0.084778 0.000118 0.321429 0.858782 -0.167097 -0.678416 0.325051 -0.075253 -0.000886 -0.382067 -0.290682 0.002472 0.060601 0.939106
VERTEX_POSE A1234 0.774023 0.940314 0.189405 0.498299 0.638163 -0.483590 0.326897 -0.430574 -0.806520 -0.378095 0.248653 -0.069912 -0.645436 -0.319991 0.301012 -0.508968 -0.423606 -0.142020 0.273031 -0.686252
VERTEX_POSE A1235 -0.331238 -0.533014 -0.146749 -0.458999 -0.131402 0.557352 -0.613245 0.174790 0.324091 0.372964 0.318457 0.557179 0.339645 0.409896 0.311883 0.521753 -0.622890 -0.420243 0.311840 0.558593
VERTEX_POSE A1236 -0.470307 0.202861 -0.598293 0.136263 0.214503 -0.691965 0.621573 -0.078448 0.089307 0.343981 -0.723564 -0.377080 -0.658336 -0.584910 -0.593663 -0.237665 0.315060 0.136322 0.073708 -0.170055
VERTEX_POSE A1237 0.185773 -0.525702 0.644134 -0.767256 0.514660 -0.332385 0.169145 0.544840 -0.486370 -0.698003 0.112237 0.438571 -0.684655 -0.092601 -0.140061 -0.124214 0.619020 -0.664081 0.000593 -0.546618
VERTEX_POSE A1238 0.140661 -0.652446 0.940814 0.381667 0.006353 -0.323159 -0.627091 0.604816 0.311108 0.011621 0.617649 0.386492 -0.745553 -0.442536 -0.667511 -0.196841 -0.235412 -0.451479 0.109659 -0.038081
VERTEX_POSE A1239 0.124180 0.125837 -0.561668 0.014836 -0.039720 -0.850999 -0.447215 0.222286 0.381303 -0.467150 0.206140 -0.113591 0.380753 -0.295940 0.337348 -0.540520 0.065148 0.060842 0.380310 0.903477
VERTEX_POSE A1240 -0.954265 0.444890 0.802901 0.500734 -0.861622 -0.061373 0.980982 -0.122059 0.087411 -0.084485 -0.963249 -0.652854 -0.164676 -0.193286 0.194724 0.009540 0.103253 0.724194 -0.057687 -0.096088
VERTEX_POSE A1241 0.381058 -0.202843 -0.040448 0.621519 0.322685 0.364698 0.206780 -0.359606 0.587058 0.680676 0.006822 0.006388 0.057885 0.708486 0.645369 -0.479053 0.413917 0.325295 -0.510960 -0.444249
VERTEX_POSE A1242 -0.207391 0.715422 -0.412275 -0.932808 -0.456506 0.458419 0.423249 0.351374 0.190640 0.499224 0.301113 0.574422 -0.705258 0.091587 -0.335489 0.084882 -0.451207 0.557669 0.258925 -0.757556
VERTEX_POSE A1243 0.984747 0.353642 0.413936 0.455968 -0.535627 -0.543947 0.755951 -0.277545 0.134411 0.426560 0.281342 -0.647302 -0.213735 0.729558 0.292207 0.371297 0.395433 0.426228 0.251078 0.393945
VERTEX_POSE A1244 -0.128807 0.476482 0.981435 0.773701 -0.271522 0.408107 -0.528081 -0.260048 0.678005 0.615690 0.345450 0.096280 0.231794 -0.640073 -0.367677 -0.081358 0.563153 0.478855 -0.530762 0.293606
VERTEX_POSE A1245 -0.121220 -0.662564 -0.268858 0.219187 -0.734641 0.421230 -0.608353 -0.353536 0.032829 0.401825 0.289221 0.679070 0.180885 0.561631 -0.036151 -0.639894 0.583139 0.599204 0.162046 -0.368623
VERTEX_POSE A1246 -0.741889 -0.759713 0.933140 -0.756387 0.533545 0.248885 -0.593998 -0.645205 -0.376251 -0.102890 -0.313943 0.394719 -0.556404 0.233837 -0.754156 -0.253646 -0.160191 -0.268212 -0.512501 0.636246
VERTEX_POSE A1247 -0.094442 0.124239 0.038574 0.265179 -0.815333 -0.381167 -0.470725 0.613772 -0.304191 0.527308 -0.364841 0.311340 0.629648 0.660103 0.470018 -0.000398 0.113488 0.666581 -0.322346 -0.203861
VERTEX_POSE A1248 -0.131607 0.277838 -0.681793 0.075537 -0.434086 -0.152447 0.805301 0.491492 -0.764908 -0.145268 -0.042575 -0.403002 -0.000688 0.332118 0.241122 0.508128 -0.432208 -0.413674 0.268688 -0.677876
VERTEX_POSE A1249 0.841464 -0.891232 -0.805868 -0.306055 0.740525 0.685068 0.275365 -0.563582 0.264385 -0.119564 0.503982 -0.129427 0.694541 0.451543 -0.564611 -0.257726 -0.353814 0.353900 -0.600891 0.315121
VERTEX_POSE A1250 -0.673079 -0.285851 0.005584 0.658873 0.029033 -0.474597 -0.347376 -0.542957 -0.551263 0.347163 -0.422181 0.530014 0.497533 -0.603621 -0.022855 0.491698 0.118251 0.435236 -0.519136 -0.385511
VERTEX_POSE A1251 0.982010 -0.562091 0.861080 -0.827334 0.898506 0.430877 0.495054 0.622581 -0.273454 0.281679 -0.306211 -0.604865 -0.438987 0.436406 -0.490228 0.392384 0.446729 -0.365216 0.573501 -0.358623
VERTEX_POSE A1252 -0.505752 -0.415110 0.450124 -0.997875 0.439081 0.517313 0.238191 0.600156 0.569482 -0.311841 -0.096889 -0.489433 -0.652228 0.434708 0.410382 -0.646693 -0.121091 0.010963 0.049067 0.653293
VERTEX_POSE A1253 0.347475 -0.056618 0.030686 0.685979 -0.507392 -0.209876 -0.406582 0.422210 0.053833 -0.670278 -0.557563 -0.266118 -0.433787 0.595082 -0.638818 0.418390 -0.006918 0.688583 0.148985 0.395843
VERTEX_POSE A1254 0.071032 0.495628 -0.165399 0.398124 0.141329 0.663019 0.612421 0.319768 -0.212418 0.634083 -0.349534 0.083351 0.188774 -0.048579 0.417306 -0.364149 0.404981 0.578094 -0.233749 -0.780516
VERTEX_POSE A1255 -0.047464 0.844265 -0.649909 -0.989496 -0.415272 -0.685131 0.522420 0.260114 -0.381572 -0.049897 0.418013 -0.371903 0.159289 -0.723879 0.202210 0.543793 -0.366950 -0.453648 -0.635220 -0.314568
VERTEX_POSE A1256 -0.025345 -0.927755 -0.896533 -0.335127 0.530540 -0.128383 -0.373364 -0.642495 0.747503 0.131763 -0.192246 -0.148963 -0.013755 -0.688042 -0.288937 0.897017 -0.210273 0.564874 0.195983 -0.180623
VERTEX_POSE A1257 -0.628458 -0.751421 -0.243350 0.867333 0.245885 0.256083 -0.286130 -0.277274 0.625987 0.446252 -0.312387 -0.211660 -0.372568 0.406915 -0.109580 0.700705 0.554950 0.696961 -0.298653 0.593282
VERTEX_POSE A1258 -0.154563 -0.167253 0.456898 0.713906 0.710020 -0.056189 -0.117521 0.915609 -0.466179 0.671275 0.253761 -0.578154 -0.037526 -0.283340 -0.441554 0.162690 -0.103363 -0.500288 -0.712532 0.079373
VERTEX_POSE A1259 -0.724913 0.919156 0.459368 0.932819 0.498136 -0.177394 -0.241868 0.142379 0.680154 0.596964 -0.266113 -0.636178 0.426150 -0.457570 -0.036977 0.364686 0.818353 -0.315962 0.520129 0.172744
VERTEX_POSE A1260 0.325710 0.266422 0.538737 -0.917306 0.036355 0.210524 0.645477 0.665690 0.458599 -0.478852 0.337819 0.317910 0.483209 -0.213812 -0.184300 -0.307157 0.612925 0.781238 -0.161939 -0.146091
VERTEX_POSE A1261 -0.994212 -0.520143 0.508619 -0.911237 0.818198 -0.568810 -0.609579 -0.537039 -0.251849 0.039543 -0.008256 0.448365 -0.607896 0.193495 -0.532150 -0.195119 0.813877 -0.358903 0.468231 -0.108094
VERTEX_POSE A1262 0.230556 0.085744 0.222536 -0.606692 0.151359 -0.645628 -0.692281 -0.287936 -0.010699 -0.051333 0.527148 0.334115 -0.414906 0.035047 0.618596 -0.569730 0.072747 -0.297919 -0.146194 0.795416
VERTEX_POSE A1263 -0.622564 0.116052 -0.276786 0.882695 0.384679 0.669671 0.182266 -0.054523 -0.555283 0.516535 0.441565 0.485435 0.202676 0.622370 -0.057467 -0.711285 0.605140 -0.065207 -0.391110 -0.220249
VERTEX_POSE A1264 0.823288 -0.314446 0.053984 0.991084 0.919464 0.632682 -0.070857 -0.307012 -0.291159 -0.529825 0.629600 0.295313 -0.424611 -0.069170 0.529309 0.448712 0.707713 -0.384138 0.576739 -0.060870
VERTEX_POSE A1265 0.004579 0.026059 -0.588059 0.891607 -0.210478 0.009116 0.194398 -0.674708 -0.023137 -0.368640 -0.172358 -0.858535 0.340575 0.281947 0.482993 0.307268 0.601464 -0.170344 -0.784799 0.271676
VERTEX_POSE A1266 0.046198 0.583038 0.576465 -0.576305 -0.746723 0.158691 0.228740 -0.353115 0.216847 -0.361125 0.528123 -0.372007 -0.693400 -0.584659 0.486186 -0.573825 0.162814 0.743659 0.084777 -0.477558
VERTEX_POSE A1267 -0.647019 0.888415 0.455692 0.127348 0.133967 0.381028 -0.137858 0.541131 -0.488617 -0.703328 0.275625 -0.443486 -0.216057 0.038949 -0.647500 0.592258 0.069589 -0.011612 0.298118 0.790474
VERTEX_POSE A1268 -0.809648 0.500356 -0.943925 -0.875649 -0.695818 0.553977 0.288377 0.117512 0.331956 -0.414970 0.819075 0.455979 -0.297494 -0.425146 0.471004 0.646635 0.000882 -0.391347 0.487852 0.366820
VERTEX_POSE A1269 -0.813140 0.930592 0.517280 0.805362 0.259630 0.417689 -0.432131 0.166540 0.743540 -0.280283 0.052642 -0.244088 0.006109 0.798584 -0.186596 -0.469588 0.422869 0.422241 0.717045 0.391074
VERTEX_POSE A1270 0.477161 0.014252 0.894023 -0.857816 -0.905753 -0.103929 0.540494 -0.093202 -0.681177 -0.616171 0.138378 0.274851 -0.265529 0.456988 -0.331627 0.444136 0.787759 -0.582818 0.245841 -0.377841
VERTEX_POSE A1271 -0.763912 -0.054754 0.858977 0.625085 -0.557440 -0.502292 -0.721238 -0.134835 0.510717 -0.492860 -0.585370 0.528260 -0.281474 0.465998 -0.364187 0.166652 -0.364056 0.274190 0.360423 -0.538024
VERTEX_POSE A1272 0.567917 -0.272251 -0.523169 0.426881 -0.417686 0.241803 -0.594856 0.098277 -0.100644 0.686737 0.456620 0.074018 0.368089 -0.665418 0.625335 0.157681 -0.390702 -0.731355 -0.119101 -0.431753
VERTEX_POSE A1273 -0.730230 -0.270326 -0.518251 -0.790625 -0.362259 0.602978 0.611854 -0.359882 -0.179849 0.492415 0.073053 -0.139184 0.038624 0.570801 -0.056851 -0.474198 -0.641117 -0.762540 0.395988 -0.358195
VERTEX_POSE A1274 -0.779165 -0.701111 0.272912 0.081053 -0.093067 -0.557774 0.661997 0.331836 -0.338670 -0.318046 0.174318 -0.546561 -0.468474 0.369735 -0.435521 0.265303 -0.705372 -0.292888 -0.413222 -0.474599
VERTEX_POSE A1275 -0.560889 -0.795768 -0.541733 0.200583 0.310792 0.074528 -0.499655 -0.667222 -0.627021 0.618476 -0.292705 -0.153030 -0.361815 0.201714 -0.275038 -0.195621 0.646009 0.708679 0.445708 0.105464
VERTEX_POSE A1276 0.148550 0.067110 0.212890 0.428563 -0.096899 -0.279992 0.668641 0.571237 -0.304260 -0.181920 -0.415018 -0.554855 -0.380624 0.428535 -0.450877 0.539086 -0.562872 0.563805 0.290409 0.031318
VERTEX_POSE A1277 -0.521055 -0.460824 0.206053 0.324667 -0.559522 0.122579 0.178808 -0.135647 -0.641824 -0.124188 -0.756250 0.401280 -0.069690 -0.358603 -0.514066 0.670819 0.310710 0.384379 0.705514 -0.429592
VERTEX_POSE A1278 0.344668 0.328471 0.496841 -0.534238 0.495460 -0.141787 -0.044227 -0.593766 -0.798793 0.140100 0.407919 -0.211687 -0.090136 0.350859 0.477053 0.609065 0.435881 0.263506 -0.774165 0.409816
VERTEX_POSE A1279 -0.983058 -0.655051 0.531098 -0.495901 0.469015 0.141831 -0.487797 -0.244368 -0.777675 0.209756 0.427536 0.018319 0.710474 -0.612551 -0.604028 -0.306013 -0.607071 0.099601 0.345889 0.117234
VERTEX_POSE A1280 -0.679591 -0.352056 0.400184 -0.981389 -0.818997 -0.576430 0.381320 -0.218068 -0.137608 0.314228 0.644830 0.389013 0.039316 -0.624222 0.694664 0.483443 0.244446 -0.122076 0.721521 -0.295354
VERTEX_POSE A1281 0.671590 -0.957381 -0.497575 -0.875366 -0.475508 -0.222308 0.764270 -0.108847 -0.445657 0.065083 -0.749115 -0.549694 0.065503 0.162938 0.533017 0.602208 -0.020695 0.407061 -0.211449 -0.632458
VERTEX_POSE A1282 0.998953 -0.217142 0.392178 -0.323234 0.367521 -0.667383 -0.024154 -0.308553 0.167747 -0.621012 0.622735 -0.176280 -0.691893 -0.302684 0.701376 -0.017581 -0.481754 -0.058800 0.367063 0.439649
VERTEX_POSE A1283 -0.185342 0.232834 -0.149692 -0.979264 0.620084 0.486419 -0.799841 -0.244978 -0.405912 -0.265406 0.524771 -0.082696 -0.357024 0.642189 -0.584166 -0.095673 -0.356281 0.500543 0.391401 0.353919
VERTEX_POSE A1284 0.019064 -0.013998 0.533112 0.810613 0.017100 0.628365 -0.269157 0.308368 0.502606 0.075048 -0.502751 -0.580933 -0.247774 -0.262660 0.082601 0.613176 -0.531607 0.090763 -0.696093 -0.548228
VERTEX_POSE A1285 0.069985 -0.721514 -0.773221 -0.925110 -0.491150 0.266370 0.314456 -0.206707 -0.079048 0.080622 -0.685133 0.753828 0.477323 -0.087395 0.257831 -0.639972 -0.567846 0.536717 -0.507165 0.397213
VERTEX_POSE A1286 0.767193 0.077099 0.200400 -0.968759 -0.795188 0.724619 -0.410272 -0.347172 -0.508675 -0.713074 -0.204258 0.437099 -0.315174 0.502198 0.097377 0.181761 -0.764919 0.125059 0.436841 0.021122
VERTEX_POSE A1287 0.993720 0.058247 0.636579 -0.524514 -0.452359 0.425398 0.240014 0.334229 -0.054614 -0.385091 0.688223 -0.059081 -0.852967 -0.062818 -0.025056 0.177007 0.632587 -0.901075 0.187656 0.102605
VERTEX_POSE A1288 0.441526 -0.472936 -0.016572 0.942223 0.754735 -0.105527 -0.934248 -0.119389 0.570944 0.189510 -0.305072 0.331200 -0.235410 0.491644 -0.094350 0.097853 0.800517 -0.737761 0.162095 -0.100679
VERTEX_POSE A1289 -0.387370 0.909846 -0.342702 0.745147 0.914832 -0.308845 0.182842 0.195055 -0.334564 0.491964 0.607882 -0.273865 -0.588426 -0.135138 -0.657864 0.330028 -0.654401 0.533756 0.519015 -0.382008
VERTEX_POSE A1290 -0.731194 -0.022597 0.095947 -0.591695 -0.954223 0.296500 0.470511 -0.035981 -0.810368 -0.290327 -0.037239 -0.295467 0.581392 0.708704 -0.184115 -0.075554 0.265260 0.366323 -0.592119 0.651686
VERTEX_POSE A1291 -0.232764 0.793486 -0.477835 -0.975083 -0.208910 0.663434 -0.554600 -0.269641 0.158380 0.085684 -0.762316 0.025472 0.673025 -0.403277 -0.488728 -0.411593 -0.238123 0.543385 0.250411 0.356137
VERTEX_POSE A1292 -0.381582 -0.610297 -0.834083 0.833909 0.733031 -0.343402 -0.494679 0.524488 0.506737 -0.565864 -0.238170 -0.456679 -0.453352 0.135880 0.184282 -0.479118 -0.393248 -0.618690 0.003027 -0.703619
VERTEX_POSE A1293 0.499363 -0.936853 -0.681517 -0.198386 0.197136 -0.427959 -0.754091 0.408046 0.414396 -0.429147 -0.198184 0.264202 0.373587 0.592628 0.643223 -0.307811 -0.233724 0.401980 -0.113424 0.623206
VERTEX_POSE A1294 0.144673 -0.090462 0.245379 0.907612 -0.824230 0.387770 -0.767741 -0.416488 0.412938 0.626132 -0.403863 0.046514 0.114383 -0.456676 -0.814835 -0.049218 -0.348116 -0.114005 0.055017 -0.577664
VERTEX_POSE A1295 -0.558295 0.075258 0.219901 0.824994 0.652495 0.297992 0.415316 0.476139 0.652540 -0.614751 0.245712 0.127542 0.124276 0.613779 -0.587503 -0.603566 0.391169 0.352087 -0.264306 -0.427995
VERTEX_POSE A1296 -0.496058 0.089206 -0.269576 -0.306779 0.986659 -0.716155 0.344911 -0.196767 0.264315 0.457950 0.465681 -0.345005 -0.447605 -0.295207 -0.278610 0.615124 -0.050921 0.469689 0.304286 -0.809125
VERTEX_POSE A1297 -0.809129 -0.507424 -0.178155 -0.668693 -0.570953 0.258957 -0.707291 0.456359 -0.092960 -0.227465 -0.123656 0.338762 0.302826 -0.480363 0.383245 -0.508598 -0.651872 0.814041 0.312447 0.347505
VERTEX_POSE A1298 -0.205314 -0.036327 -0.324407 -0.047658 -0.213538 -0.582863 -0.245781 0.677206 -0.340397 -0.241761 -0.403916 0.725652 -0.445192 0.347499 0.129456 0.613122 -0.087237 -0.032721 -0.554102 -0.499879
VERTEX_POSE A1299 -0.305706 -0.410438 -0.213501 -0.182428 -0.709159 -0.179917 0.703824 -0.217377 0.369591 0.094417 0.535347 0.532070 -0.106128 0.388237 0.050205 -0.651496 -0.435190 0.738521 0.244963 -0.570993
VERTEX_POSE A1300 -0.622269 -0.576831 -0.660876 -0.863331 0.688677 -0.235011 0.252696 0.752906 0.236476 0.434631 -0.492155 -0.448980 0.769397 -0.156489 -0.114584 0.098267 0.266506 -0.821058 -0.381593 -0.308871
VERTEX_POSE A1301 -0.728153 0.977925 -0.430384 0.094525 -0.119291 0.326876 0.699702 -0.435448 -0.424309 -0.264555 0.148485 -0.736667 0.097542 -0.629313 -0.252258 0.459575 0.357418 0.326804 -0.468726 -0.514350
VERTEX_POSE A1302 -0.069618 0.534809 -0.354524 -0.557342 -0.266599 0.808746 0.475859 0.004051 -0.292392 -0.091236 0.510037 -0.381882 0.787231 0.226142 0.333267 -0.288160 0.757331 0.059466 -0.249929 -0.339344
VERTEX_POSE A1303 0.945648 0.150918 -0.184044 0.563551 -0.729009 0.014408 -0.086954 0.018627 0.327980 -0.527910 0.596435 0.874936 0.305235 -0.341168 -0.046344 -0.703294 -0.698506 0.352932 -0.354907 0.199024
VERTEX_POSE A1304 -0.458383 -0.292401 0.051365 0.303901 0.518451 -0.608136 -0.451093 -0.249654 -0.564266 0.490637 0.407438 0.315556 -0.583204 0.218262 -0.460293 -0.395723 -0.053473 0.018143 0.243036 -0.849217
VERTEX_POSE A1305 0.151217 0.833697 0.918388 0.523711 0.640334 -0.020222 -0.689161 -0.286624 -0.309496 0.342356 0.574891 0.535583 0.562554 -0.490192 0.630982 -0.128977 0.564870 0.467777 -0.273401 0.167273
VERTEX_POSE A1306 -0.615241 0.355150 0.274222 -0.235867 0.581783 0.180287 -0.341804 0.889620 -0.569953 0.382431 0.383400 0.346980 0.392846 -0.058235 -0.188390 0.659905 0.179786 0.697685 0.383554 0.160831
VERTEX_POSE A1307 0.690167 0.774709 -0.735745 -0.267537 -0.578448 -0.036198 0.184625 -0.460107 -0.458244 -0.672512 -0.410744 0.630058 0.175569 -0.599023 0.132932 0.077047 0.478585 -0.611603 0.690565 -0.178096
VERTEX_POSE A1308 0.630162 -0.627127 0.124440 -0.151622 -0.919188 -0.532867 0.375244 0.337131 -0.377362 -0.481025 -0.351803 -0.729358 -0.126014 -0.196846 0.003440 -0.700533 0.698750 0.204147 -0.348109 -0.485364
VERTEX_POSE A1309 0.729427 -0.316380 -0.228937 0.229895 0.077243 0.673673 0.186276 -0.050410 0.199618 0.682951 0.402878 0.508556 -0.388801 0.570677 -0.368120 -0.292000 0.653585 0.334927 -0.512298 -0.286886
VERTEX_POSE A1310 0.707109 -0.880342 0.795353 0.236563 0.890566 -0.552633 0.320566 -0.387353 -0.377016 0.130183 0.491322 -0.031590 0.023576 0.778531 0.596945 0.773158 0.024663 0.441717 -0.531000 -0.042914
VERTEX_POSE A1311 0.950572 0.020817 -0.475376 -0.133011 -0.738185 -0.339090 0.488839 0.611217 -0.030015 0.060234 -0.562804 0.734889 0.153900 0.388681 -0.306298 0.677715 -0.225278 -0.500236 -0.523856 0.328394
VERTEX_POSE A1312 0.401017 -0.273760 0.273488 0.354530 0.601736 -0.365764 0.051868 0.672044 -0.411936 -0.764832 -0.086890 -0.278915 0.609098 -0.256606 -0.636605 0.203212 0.248933 -0.462023 -0.006844 -0.642645
VERTEX_POSE A1313 0.706062 -0.097485 0.187531 0.913328 0.258087 0.422241 -0.521947 -0.640565 0.649206 0.405750 -0.009497 0.313473 0.182275 0.498564 0.548934 -0.214776 0.243892 -0.025498 -0.695403 0.530601
VERTEX_POSE A1314 -0.234770 -0.746349 0.374933 -0.112275 0.881899 -0.205615 -0.213449 -0.185403 0.575571 0.548876 -0.368016 0.119762 -0.218180 0.708573 0.330830 0.409499 0.556794 -0.708978 0.661727 0.134513
VERTEX_POSE A1315 -0.579919 0.712242 -0.193400 0.165143 -0.381164 0.687649 0.479889 0.015436 -0.017801 -0.557871 -0.626879 0.252126 -0.613113 0.658280 -0.058643 0.114905 -0.287108 -0.678097 0.263392 0.301698
VERTEX_POSE A1316 -0.223953 0.181001 0.414310 0.988218 0.766938 -0.797317 -0.268419 0.119083 -0.020674 -0.129835 0.932767 0.124184 -0.730191 -0.230676 -0.305915 0.603671 -0.071577 0.504830 0.116179 0.239646
VERTEX_POSE A1317 -0.467577 0.330750 -0.424667 -0.081034 -0.913288 0.427565 0.084772 -0.401592 -0.191650 -0.456571 -0.608476 0.371392 0.659009 -0.436487 0.411434 0.083689 0.527219 -0.687931 0.585712 -0.000413
VERTEX_POSE A1318 -0.586200 -0.229512 -0.556822 0.640629 0.166477 0.383437 0.377409 -0.375850 -0.699190 0.391678 -0.463479 -0.556266 -0.498480 0.034108 0.220431 -0.519479 -0.786069 0.078025 -0.431055 0.157660
VERTEX_POSE A1319 -0.782427 0.708065 -0.602262 0.930441 0.521673 0.060293 0.268612 0.238562 0.701842 -0.418586 -0.497444 -0.207754 0.619779 -0.741086 0.376878 0.249147 -0.080567 0.564432 0.553564 0.374083
VERTEX_POSE A1320 0.145053 0.240596 0.232631 -0.335887 -0.998456 -0.541218 0.696250 -0.120480 -0.267223 -0.006208 0.888182 -0.099725 0.397809 -0.248535 0.145340 -0.184995 -0.276847 0.777564 0.568086 0.241253
VERTEX_POSE A1321 -0.317393 0.747891 0.539125 -0.951066 0.212254 -0.268792 0.662036 -0.528187 -0.598297 -0.434168 0.192693 -0.408556 0.211999 0.533903 -0.614005 0.137856 -0.151169 0.160844 0.556110 0.613175
VERTEX_POSE A1322 -0.015191 0.501551 -0.080097 0.955358 -0.687237 0.761000 -0.409318 0.294152 -0.263781 -0.084119 0.446668 0.483526 0.531367 0.329605 -0.324553 0.145750 0.757705 0.110301 0.722350 -0.176649
VERTEX_POSE A1323 0.763470 0.630299 0.398547 -0.501978 0.734575 0.008963 -0.897819 -0.018920 0.531259 -0.023038 -0.326244 -0.503409 0.315516 0.093087 0.407683 0.283298 -0.514129 0.545946 0.116539 0.787536
VERTEX_POSE A1324 -0.818030 0.811038 0.857608 -0.149452 -0.590610 0.200405 -0.471568 0.570684 -0.091764 -0.730307 -0.359689 -0.884818 -0.031922 0.440600 -0.382279 0.181449 -0.534110 0.149594 0.458621 0.256011
VERTEX_POSE A1325 -0.870518 -0.588911 -0.834718 0.862969 -0.511467 0.605494 -0.153861 0.686793 -0.494128 0.652809 0.338235 0.358236 0.209042 -0.601691 -0.293882 -0.586207 -0.141193 0.417751 0.403522 -0.178730
VERTEX_POSE A1326 -0.794824 -0.294443 -0.381552 -0.676984 0.387069 -0.221834 -0.608957 -0.535290 -0.442941 -0.569249 0.447349 0.388836 -0.101257 -0.580396 0.726386 -0.527593 0.314431 0.275250 0.128526 0.278600
VERTEX_POSE A1327 -0.314088 -0.099756 -0.411969 0.543769 -0.603951 0.424067 -0.744038 0.062631 0.018954 -0.128158 -0.775191 -0.248561 -0.219074 -0.559568 -0.838896 -0.435810 0.228067 -0.232977 0.438247 -0.173281
VERTEX_POSE A1328 -0.679647 -0.096334 -0.012873 -0.805723 -0.082420 -0.268048 0.622031 0.174176 -0.584681 -0.094683 0.632921 -0.419382 -0.254111 -0.658252 0.592926 -0.271202 0.315298 -0.242601 -0.682634 0.190697
VERTEX_POSE A1329 -0.000138 0.669230 0.294041 0.275357 -0.826469 -0.479690 -0.354029 -0.323838 -0.211724 -0.280897 0.818305 -0.418573 0.324766 -0.358810 -0.740597 0.084552 0.165375 -0.037191 0.826522 0.263463
VERTEX_POSE A1330 0.380206 0.489806 0.374530 -0.638658 -0.313110 0.400604 -0.079599 -0.635907 0.516784 0.637407 0.488649 -0.446489 -0.282271 0.379694 0.032808 -0.200981 0.380109 -0.609936 0.683598 -0.261140
VERTEX_POSE A1331 -0.301916 0.326834 0.326251 -0.669054 -0.393744 -0.282384 0.689522 -0.555197 0.519592 0.675766 0.514401 0.049048 -0.010143 -0.092742 0.581352 -0.260248 -0.111344 0.556693 -0.008298 -0.637298
VERTEX_POSE A1332 0.271709 0.647155 0.863657 -0.630117 0.054241 -0.184929 0.420174 -0.036878 0.187236 -0.571171 -0.432946 -0.189511 -0.499804 -0.346551 -0.938120 -0.031574 -0.115743 -0.121489 -0.496404 0.823227
VERTEX_POSE A1333 -0.689412 0.024615 -0.979994 -0.196000 0.420291 0.673399 -0.435660 -0.207523 -0.229395 -0.550943 0.480229 -0.540207 -0.120682 -0.743866 -0.436830 -0.063265 0.385652 -0.106149 -0.698638 -0.155727
VERTEX_POSE A1334 -0.356268 -0.522247 -0.857793 0.894496 -0.122753 -0.094943 0.858007 0.318959 0.574744 0.150141 -0.664452 0.186458 -0.138070 -0.048257 0.202726 0.461718 -0.263329 -0.764716 0.095054 -0.620562
VERTEX_POSE A1335 0.813326 -0.645246 -0.084978 0.673783 -0.427309 -0.551722 0.461288 0.582827 -0.702047 0.136783 -0.457714 -0.028131 -0.232479 -0.151010 0.437567 0.827009 -0.157726 0.102357 -0.174681 0.634925
VERTEX_POSE A1336 0.461805 -0.141688 0.938394 -0.672289 0.060624 -0.641539 -0.444720 -0.402295 0.182284 0.418951 -0.361323 -0.100622 0.516808 0.376347 0.201835 0.297587 -0.752300 0.710168 -0.520629 -0.003542
VERTEX_POSE A1337 0.028491 0.832903 0.416429 -0.341370 -0.540969 -0.716244 -0.625725 -0.227066 -0.523834 0.297586 0.533835 0.172230 -0.402177 -0.230686 -0.347084 0.594780 -0.700521 0.249926 -0.066345 -0.345710
VERTEX_POSE A1338 0.503493 -0.870536 0.179277 -0.593754 -0.005757 0.452975 -0.464386 0.634949 -0.436201 -0.331695 0.069063 0.065822 -0.129941 0.441775 -0.519496 0.533069 0.626371 0.574747 0.610964 0.067557
VERTEX_POSE A1339 0.091968 0.231185 0.062834 0.176088 0.141436 -0.026745 -0.186090 -0.075797 0.373634 0.617917 0.643005 0.643685 -0.302872 -0.252847 -0.550916 0.444859 -0.301752 -0.376622 -0.542143 0.652544
VERTEX_POSE A1340 -0.242082 -0.483477 -0.812508 0.888525 0.536274 0.315869 -0.306111 -0.695861 0.597143 0.617294 -0.167722 0.574746 -0.044831 0.635467 0.026229 -0.518539 0.266425 0.461114 -0.504333 -0.113346
VERTEX_POSE A1341 0.210603 -0.750879 -0.025371 0.642809 -0.115191 0.639567 0.182828 0.689484 0.039163 0.196552 -0.148043 0.522000 -0.777536 -0.324563 -0.138601 -0.386302 0.521117 -0.545643 -0.417313 0.354671
VERTEX_POSE A1342 0.042540 -0.747998 0.587458 -0.956923 0.403252 0.635175 0.539331 0.372538 0.043969 -0.570751 0.270545 -0.407216 -0.143796 0.229356 0.420569 -0.507907 0.479583 -0.501913 0.323601 0.710926
VERTEX_POSE A1343 -0.841066 0.242763 0.460980 0.243054 0.138010 -0.285749 0.700512 -0.255397 0.566755 -0.321151 -0.088523 0.058248 -0.344674 -0.655332 0.465590 0.218464 0.573827 -0.613978 -0.489507 0.410121
VERTEX_POSE A1344 -0.083335 0.151636 -0.837840 0.556137 -0.857103 0.467274 -0.266345 0.779137 0.687995 -0.360230 -0.605022 -0.037902 -0.476760 0.049048 0.553625 0.653254 0.093182 0.019509 -0.381121 0.125721
VERTEX_POSE A1345 0.807769 -0.494347 -0.037609 -0.069197 0.285151 -0.125830 0.222821 0.280320 -0.444068 -0.724769 0.298904 -0.524485 0.055896 0.408812 -0.659050 0.548408 -0.252682 0.278459 0.348115 0.775308
VERTEX_POSE A1346 -0.420985 -0.044996 -0.732420 -0.591803 0.756846 -0.413734 0.391495 0.433266 -0.874802 0.028203 -0.344254 -0.237910 -0.613279 0.346564 -0.018447 -0.576724 -0.471811 0.081265 0.370424 -0.592501
VERTEX_POSE A1347 0.692712 -0.667363 0.576470 0.544356 0.909834 -0.361853 0.497530 0.418164 -0.028851 0.641117 -0.263064 -0.403333 0.165683 0.518424 0.200172 -0.374183 0.641478 -0.815772 -0.417096 -0.275096
VERTEX_POSE A1348 -0.659808 0.836404 0.537724 0.849768 0.371863 -0.340991 0.363817 -0.743278 -0.568471 -0.653103 0.205500 -0.022418 -0.299601 -0.418297 -0.748237 0.329946 0.186675 0.014318 -0.492411 -0.442140
VERTEX_POSE A1349 -0.007185 0.725492 -0.289241 -0.951174 -0.076677 -0.426440 -0.464902 -0.499031 0.351293 -0.666446 -0.317135 -0.451181 -0.385355 0.388640 0.049569 0.375539 -0.689515 -0.699085 0.224029 -0.154668
VERTEX_POSE A1350 0.910285 -0.959298 0.974208 0.474796 0.431507 0.323137 0.590897 0.039859 -0.270250 -0.679537 0.034252 0.478599 -0.260935 -0.784856 0.701163 -0.242724 0.280088 0.319157 -0.249135 0.550264
VERTEX_POSE A1351 0.485245 0.077000 -0.229646 -0.486119 0.373407 0.279780 0.518184 -0.157503 0.177482 -0.208260 -0.854557 0.100693 0.566406 -0.349300 -0.037610 0.586539 0.239597 -0.937374 0.152542 -0.255946
VERTEX_POSE A1352 0.675422 0.473383 -0.750116 -0.902240 -0.864424 0.013424 0.390736 -0.561009 -0.220349 -0.587256 -0.579173 -0.318428 -0.605109 0.150984 0.021309 -0.109310 0.564549 0.921638 -0.352634 -0.091187
VERTEX_POSE A1353 -0.104906 0.542253 -0.105889 0.430154 0.744270 0.118701 -0.592744 -0.488586 0.035000 0.770397 -0.130950 0.318788 0.192105 -0.744625 -0.709006 0.102083 -0.435284 0.616741 0.088421 -0.014046
VERTEX_POSE A1354 0.248715 -0.292701 -0.831099 0.011903 0.107981 -0.046946 0.288459 -0.112306 -0.289051 0.349483 0.355895 0.212159 -0.602508 -0.502433 0.672732 0.605331 -0.360221 0.645497 -0.255365 0.691757
VERTEX_POSE A1355 0.857392 0.284421 -0.892509 -0.051692 -0.455034 -0.336352 -0.463543 -0.577345 -0.478255 0.346073 0.357714 -0.659638 -0.468813 0.375222 0.442497 -0.522141 0.590167 -0.164965 0.415866 0.222764
VERTEX_POSE A1356 0.024576 0.953342 0.059394 0.293124 -0.767197 -0.347454 -0.230800 0.427621 0.352649 0.843342 0.114440 -0.583514 0.336576 0.574213 -0.630457 0.317590 -0.671691 -0.130191 -0.146150 -0.152167
VERTEX_POSE A1357 0.453890 0.412857 -0.212651 0.334919 -0.504949 0.698350 -0.416569 0.438591 -0.272946 -0.504782 -0.174929 0.544375 0.330427 -0.043930 0.025948 -0.679628 -0.129154 -0.375220 0.024276 0.870878
VERTEX_POSE A1358 -0.456697 -0.815335 -0.304477 -0.507923 -0.058985 0.664053 0.444053 -0.052669 0.194515 -0.063825 -0.084105 0.282736 -0.642077 0.677137 -0.376527 -0.410514 -0.455442 0.547252 -0.466861 -0.569395
VERTEX_POSE A1359 0.344929 -0.142992 -0.953479 0.487400 0.150383 0.264843 0.405964 0.293461 -0.070546 -0.709813 0.275097 0.724718 -0.431706 -0.426602 0.494927 0.011250 0.750046 -0.393335 -0.380608 0.306014
VERTEX_POSE A1360 -0.546248 0.082087 -0.918610 -0.389723 -0.331418 -0.546941 -0.024917 0.309621 0.437216 0.004411 0.128904 0.079094 -0.757444 -0.590161 -0.703824 0.020238 -0.311736 0.089858 0.652096 -0.664869
VERTEX_POSE A1361 0.923509 0.674471 -0.929947 -0.146581 0.627904 0.452573 -0.263603 0.024216 -0.593681 -0.282570 -0.480165 0.331891 0.647762 -0.679431 0.028791 -0.493797 -0.546053 -0.575969 0.432708 0.095154
VERTEX_POSE A1362 -0.956987 -0.816158 0.372772 0.818346 0.756639 -0.521108 0.730355 -0.109055 -0.420084 -0.461859 -0.767190 0.544243 0.363030 -0.599717 -0.490267 0.106484 0.059253 0.124151 0.331871 -0.190672
VERTEX_POSE A1363 0.725462 -0.270758 0.945047 -0.019841 0.722823 -0.301798 0.016815 -0.403119 -0.216615 -0.880971 -0.128944 0.050254 0.387909 -0.010202 0.613766 -0.262966 0.561744 -0.694811 0.063113 0.710780
VERTEX_POSE A1364 -0.765902 -0.300914 -0.909941 0.657418 0.048195 -0.009763 0.823133 0.542752 0.596124 -0.280586 0.579631 0.244878 -0.237140 0.201400 -0.715795 -0.177813 0.384474 0.268723 0.394805 -0.425519
VERTEX_POSE A1365 -0.313255 -0.338405 0.514979 0.712842 -0.366114 0.520082 -0.430352 -0.646652 0.182333 0.286843 0.378602 0.752152 0.256390 0.325881 -0.286543 -0.449257 0.300465 -0.220068 0.681873 -0.491960
VERTEX_POSE A1366 0.538788 0.083997 -0.139931 -0.346057 -0.704486 0.629470 -0.651934 -0.167473 -0.110581 0.159071 0.263440 0.206000 0.541445 -0.779177 -0.353297 -0.442991 -0.515065 -0.651371 -0.245509 -0.173619
VERTEX_POSE A1367 0.695903 0.557398 -0.971548 0.985129 -0.891181 0.523170 -0.159559 0.313711 0.431187 0.506856 0.389056 0.314452 0.061890 0.367566 -0.601847 0.554835 0.439646 0.281551 0.637154 -0.649482
VERTEX_POSE A1368 0.715235 -0.505503 -0.068592 -0.628529 0.092917 0.239677 -0.633450 -0.194970 -0.715990 -0.462395 -0.331087 -0.429298 -0.085925 0.846332 0.228923 -0.585349 0.267054 -0.439557 0.186859 -0.254503
VERTEX_POSE A1369 0.042281 0.213460 -0.960655 0.060189 0.289757 -0.563797 -0.506394 0.212121 0.124045 0.160626 -0.660644 0.021657 -0.269581 -0.641800 0.242124 0.573385 0.261948 -0.779521 0.562423 -0.195015
VERTEX_POSE A1370 -0.212129 -0.211417 0.091286 0.161217 0.250256 0.033176 -0.147922 -0.870379 -0.634648 -0.425548 0.247654 0.080810 0.632182 -0.114047 0.003520 -0.479103 -0.320438 0.767841 -0.409676 0.255772
VERTEX_POSE A1371 -0.526847 0.011020 0.118900 -0.740004 -0.370809 -0.130260 -0.744689 -0.181452 0.070569 0.007948 -0.667043 0.437738 0.547644 -0.189358 -0.707922 0.286537 -0.509453 0.534119 -0.251709 -0.476161
VERTEX_POSE A1372 -0.747116 0.462581 0.013975 -0.297002 -0.825434 -0.593801 -0.309073 -0.330820 0.411959 -0.156520 0.135329 0.267409 0.665728 -0.661231 -0.608123 0.584958 0.307002 0.190703 0.307581 0.583753
VERTEX_POSE A1373 0.830411 0.040585 -0.321255 0.204295 -0.346493 -0.392321 0.020721 0.362865 -0.575775 0.543448 0.405499 0.370493 -0.351263 0.822607 0.095047 0.314536 -0.098293 0.606851 0.694202 0.132500
VERTEX_POSE A1374 -0.367913 -0.746217 -0.420119 0.503051 0.767201 -0.042901 0.644647 -0.152184 -0.232050 0.204409 0.520418 -0.141882 0.649714 -0.375911 0.246593 0.334985 0.739985 0.929179 0.091120 -0.130842
VERTEX_POSE A1375 0.169549 -0.385782 0.176135 -0.740864 -0.682537 -0.084022 0.307388 0.308419 -0.479418 -0.339367 0.245180 -0.496386 0.379797 0.592712 -0.581829 -0.528288 -0.287120 -0.422108 0.605812 -0.641108
VERTEX_POSE A1376 0.638180 0.546239 0.641136 -0.864903 0.938658 -0.042628 0.274619 -0.556644 0.523946 0.336088 -0.592641 0.527470 0.467215 0.516177 0.527388 -0.202615 0.181646 -0.409024 0.743160 0.198723
VERTEX_POSE A1377 0.211102 0.208788 -0.152539 0.911248 0.524047 0.593035 0.250488 -0.076481 -0.209585 -0.128099 0.864479 -0.641357 -0.339016 -0.375345 -0.274644 0.622086 -0.232618 0.342952 -0.647244 -0.227667
VERTEX_POSE A1378 -0.137739 -0.053145 -0.247395 0.803491 -0.772703 0.393488 -0.566025 0.443976 -0.221755 0.159732 -0.425986 0.593224 0.747276 0.129062 0.462931 -0.095234 0.056305 0.479345 -0.294296 -0.775625
VERTEX_POSE A1379 0.978372 0.382642 0.178859 0.984866 0.310521 -0.513295 -0.483194 0.337316 0.319313 -0.263060 0.592899 0.614828 -0.157553 0.378479 -0.111371 -0.760315 -0.269797 -0.494116 0.307279 0.564493
VERTEX_POSE A1380 -0.796083 -0.065720 0.558219 0.960073 -0.552631 0.409890 -0.216796 -0.559891 -0.756867 -0.532786 -0.258039 -0.457488 0.332330 0.012850 -0.221571 0.700361 -0.083849 0.027457 -0.261131 0.782778
VERTEX_POSE A1381 -0.227454 -0.012444 -0.273187 0.278288 0.658804 0.260283 0.274786 -0.517505 0.676398 0.535425 0.488483 0.305320 -0.226594 -0.379372 -0.389051 0.750795 -0.366695 0.479747 -0.150915 -0.463880
VERTEX_POSE A1382 0.463617 -0.540358 0.949214 -0.501253 -0.316072 -0.778480 0.320645 -0.523033 0.397397 0.218481 -0.299575 -0.354609 -0.243770 0.311010 0.291421 0.613517 -0.228499 0.159285 -0.643137 -0.698393
VERTEX_POSE A1383 0.879340 -0.592336 0.808103 -0.942167 -0.417055 -0.362866 0.500655 0.415187 -0.439904 0.037371 0.582675 -0.517833 -0.574038 -0.249444 0.601885 0.060722 0.250623 0.210703 -0.644004 0.602558
VERTEX_POSE A1384 0.667640 -0.470191 0.620924 -0.291558 0.403074 -0.613805 -0.330596 0.405795 -0.483300 0.582833 -0.054682 0.092486 0.026094 0.868646 -0.455055 0.403132 -0.063823 -0.417176 -0.622749 -0.271518
VERTEX_POSE A1385 -0.287668 0.166941 -0.881885 0.510650 0.791909 -0.041172 0.496017 -0.031213 -0.467984 -0.532135 0.618804 0.555281 0.236212 0.524529 -0.664768 0.600797 0.149172 -0.170416 -0.232479 -0.564557
VERTEX_POSE A1386 0.736731 0.692085 0.915594 0.006141 0.127911 -0.273454 -0.122192 -0.399649 0.084283 0.840298 0.315849 0.874483 0.100465 -0.301417 -0.378923 0.517080 -0.501862 -0.099077 -0.038776 0.630716
VERTEX_POSE A1387 -0.307784 -0.516849 -0.319682 -0.998435 0.635877 0.135474 -0.740953 0.490709 0.676284 -0.138908 -0.398072 -0.303894 0.181192 0.538493 0.359445 0.630187 0.303552 -0.550214 -0.041560 -0.467574
VERTEX_POSE A1388 -0.833778 -0.420202 -0.094536 -0.154430 -0.713040 -0.666685 -0.450973 0.579794 0.214535 0.530767 0.719384 0.298894 -0.114867 0.287097 -0.633023 0.487357 -0.244989 0.139461 -0.514003 -0.062297
VERTEX_POSE A1389 -0.719965 0.876750 -0.388883 0.498218 -0.931074 0.452052 -0.418450 -0.207283 0.426194 0.144732 -0.396902 -0.393524 -0.599490 0.410040 0.621292 -0.405070 0.378740 -0.270448 -0.529605 -0.698517
VERTEX_POSE A1390 -0.962855 0.340159 -0.273161 0.488965 -0.213740 0.228138 -0.596589 -0.123567 0.706005 0.481196 -0.460994 0.525577 -0.021704 0.404538 -0.393654 0.291694 -0.548866 -0.135338 0.571818 0.554357
VERTEX_POSE A1391 -0.380025 0.661885 -0.013145 0.455846 -0.044458 0.243125 0.683337 -0.496819 0.617919 -0.007168 -0.241742 -0.373991 -0.495054 -0.679462 0.540182 -0.463738 -0.245104 -0.356933 0.269939 -0.415918
VERTEX_POSE A1392 -0.796456 0.551222 -0.318830 -0.648363 0.696830 0.610380 -0.572567 0.410530 -0.375767 -0.114016 0.798402 0.355399 -0.361980 -0.337447 -0.599174 -0.722537 -0.283017 0.030294 0.077966 -0.007099
VERTEX_POSE A1393 -0.919842 0.524001 -0.900389 0.307311 -0.457101 -0.414806 -0.224378 0.768905 0.515007 0.692138 0.424675 0.065239 0.253755 0.071182 -0.655533 0.484126 0.106230 0.358782 -0.414523 0.460527
VERTEX_POSE A1394 -0.654564 -0.608873 -0.068098 -0.563994 -0.321635 -0.694813 -0.186198 -0.231465 0.262130 0.756034 -0.143260 0.180087 -0.427518 -0.567952 -0.587094 0.455088 -0.291888 -0.267231 -0.062188 0.719814
VERTEX_POSE A1395 -0.562358 -0.749693 -0.228771 -0.990945 -0.254975 0.557283 0.323025 -0.251227 -0.227493 -0.469956 0.258607 0.534648 0.129136 0.807702 0.018922 0.526439 -0.264038 0.592854 -0.617238 -0.384589
VERTEX_POSE A1396 -0.233098 -0.814404 0.614590 0.020153 0.176785 -0.011663 -0.733797 0.446952 -0.732998 0.373607 0.196320 -0.061417 0.346031 0.087718 -0.144653 -0.239334 -0.867219 0.661726 0.380712 0.043910
VERTEX_POSE A1397 0.884224 0.475124 0.791970 0.089948 -0.026121 0.426631 0.254235 0.491895 0.582221 0.482714 -0.558834 0.612405 -0.749688 0.111310 0.100231 -0.223873 -0.564284 0.306462 0.300333 0.339024
VERTEX_POSE A1398 -0.866455 0.807705 -0.200319 0.994184 -0.146156 -0.509728 0.546690 0.576319 -0.435982 -0.418591 -0.365254 0.716236 0.310469 -0.004618 0.046333 -0.142672 0.317424 0.186964 -0.639661 0.658534
VERTEX_POSE A1399 -0.517862 -0.319907 -0.454002 0.391624 -0.730298 -0.253092 0.380441 -0.358696 -0.601602 -0.669990 0.191836 0.125438 0.412985 0.662716 0.543616 -0.298273 -0.484973 -0.512606 0.383216 -0.400180
VERTEX_POSE A1400 -0.073494 -0.311415 0.831316 -0.849863 -0.736365 0.152859 -0.075124 -0.149539 -0.493002 0.725592 -0.430362 -0.278409 0.017251 -0.095121 -0.641277 -0.057469 0.726540 -0.494809 -0.681376 -0.505488
VERTEX_POSE A1401 -0.078583 -0.403712 0.890967 0.155401 -0.895900 0.445505 -0.376406 -0.129203 0.268368 0.704216 0.314508 -0.505253 0.449211 -0.011222 0.328480 -0.092410 0.802918 -0.605247 -0.389959 0.489478
VERTEX_POSE A1402 -0.044709 0.691114 0.664898 0.651620 -0.101106 -0.454346 -0.688844 -0.195730 0.453257 -0.179054 -0.547493 -0.519894 -0.009175 0.432727 -0.530762 0.205176 -0.675753 -0.190080 0.671753 -0.134335
VERTEX_POSE A1403 0.179390 -0.848834 -0.154709 -0.146865 -0.561798 -0.574591 -0.104859 0.309291 0.216948 -0.548212 -0.684998 -0.175420 0.584556 -0.262591 -0.382101 -0.581726 0.238518 0.667836 -0.091420 0.556123
VERTEX_POSE A1404 -0.248173 0.636873 -0.430288 -0.640304 -0.242393 0.563734 0.057100 -0.401949 -0.171508 -0.114727 -0.888045 0.702768 0.318550 0.112084 0.398564 -0.703273 -0.007698 0.007336 0.622503 -0.192850
VERTEX_POSE A1405 0.587378 0.944897 -0.755222 0.154671 -0.333905 -0.006934 0.001588 -0.658296 -0.326737 0.406043 -0.636482 -0.684197 -0.637532 0.001109 -0.486798 0.653849 0.399987 -0.433702 -0.034068 0.039324
VERTEX_POSE A1406 -0.651061 -0.234616 -0.978574 0.112271 -0.244335 -0.066226 0.754411 -0.245393 0.464117 0.533728 0.219621 -0.759738 0.220717 0.591319 0.262754 -0.286418 0.464700 -0.366017 -0.123474 -0.570916
VERTEX_POSE A1407 -0.609992 0.183111 -0.789152 -0.505207 -0.303735 -0.634119 0.207425 -0.200923 -0.025317 0.434296 -0.207930 0.617579 -0.015174 -0.699487 0.251089 -0.507480 0.440553 0.390899 0.714560 0.482727
VERTEX_POSE A1408 -0.201520 0.153685 0.092239 0.065918 -0.809859 0.508562 -0.454179 -0.481887 0.045495 -0.740473 0.010825 0.760053 0.109719 0.508411 0.367854 0.342661 -0.072649 0.162168 0.340537 -0.709865
VERTEX_POSE A1409 0.211200 0.712239 -0.225969 -0.084238 -0.017038 0.776096 0.037912 0.353351 0.416166 -0.382518 -0.023922 -0.055555 -0.821715 0.248859 -0.455979 -0.079276 0.695330 0.116089 0.413210 0.573721
VERTEX_POSE A1410 -0.631620 -0.434247 0.389707 -0.520341 -0.993214 -0.422980 0.455967 -0.181380 -0.374537 -0.195115 -0.032640 0.229554 -0.386830 -0.880539 0.531300 0.719235 -0.210464 0.588077 -0.295105 0.382613
VERTEX_POSE A1411 0.002397 -0.912035 -0.349542 0.025992 -0.362489 0.320282 0.583782 0.016959 -0.031266 -0.597701 -0.182509 -0.388415 -0.248527 0.756665 0.169644 0.267630 0.589276 0.846638 -0.410560 0.215906
VERTEX_POSE A1412 0.983746 -0.300205 0.500844 -0.805950 -0.358235 -0.710456 0.499480 -0.204052 0.289646 0.720057 0.626960 0.122851 0.093638 -0.219446 -0.196769 0.333171 -0.363288 0.597952 0.335062 -0.620604
VERTEX_POSE A1413 0.831997 0.025396 0.338921 -0.021594 -0.309286 -0.169753 -0.475783 0.580599 0.136997 0.434245 0.807056 -0.392841 0.532122 -0.081711 -0.330131 0.477078 -0.027768 -0.830124 -0.272587 0.064174
VERTEX_POSE A1414 -0.118263 -0.504372 -0.541439 0.083825 0.220456 -0.366327 0.596547 -0.149864 0.126234 -0.451498 0.164942 0.292548 0.399280 0.868901 -0.691037 0.161466 0.157372 0.535493 0.504762 -0.413014
VERTEX_POSE A1415 0.651386 0.229604 0.121768 -0.097509 -0.955161 -0.127264 -0.215837 -0.631993 0.581995 -0.520704 -0.189210 -0.630654 -0.239712 -0.458815 -0.129884 0.658495 -0.139564 -0.480096 -0.437270 0.578615
VERTEX_POSE A1416 -0.455671 -0.807663 0.457036 -0.510944 -0.517377 0.060142 0.404213 -0.593748 0.248338 -0.746901 -0.331626 0.048451 -0.369177 0.520675 -0.796523 0.032853 0.207330 -0.545816 -0.376005 -0.472651
VERTEX_POSE A1417 -0.381532 -0.812287 -0.625844 -0.910034 -0.651633 -0.710842 0.230077 0.333598 0.175417 0.153349 -0.702621 0.187692 0.814998 -0.090352 0.637534 -0.140155 0.507856 -0.149177 -0.489574 -0.359103
VERTEX_POSE A1418 -0.656398 0.712755 0.802086 -0.095943 0.680716 -0.144020 0.364445 0.355393 -0.017992 -0.446463 -0.526895 0.300158 0.726942 -0.617546 0.941625 -0.167971 0.260165 -0.046717 0.333453 0.383444
VERTEX_POSE A1419 -0.289449 -0.227865 -0.637499 0.334626 -0.230417 -0.155748 0.469803 -0.296027 -0.498655 0.671783 0.018541 -0.287499 -0.068386 -0.589633 0.032943 -0.278400 -0.715834 -0.802088 -0.495793 0.227902
VERTEX_POSE A1420 -0.101497 -0.935536 -0.014727 0.588183 -0.582707 -0.500743 0.379816 -0.410369 0.316417 -0.118805 0.452482 0.319261 -0.689107 -0.530978 -0.473338 -0.401249 0.566130 -0.568472 -0.453603 -0.156260
VERTEX_POSE A1421 -0.619253 0.052914 -0.471075 -0.606978 -0.533024 -0.129904 0.023650 -0.603237 -0.231175 0.705043 0.558958 0.436515 -0.336512 0.384781 -0.623958 -0.612677 0.371499 0.591450 -0.117223 0.193916
VERTEX_POSE A1422 0.330526 -0.565980 0.349355 -0.209528 0.725125 0.347217 0.057741 -0.722157 0.242689 -0.476113 0.365670 0.469895 0.354697 -0.229652 -0.686853 0.449820 -0.118345 -0.357735 -0.664706 -0.527284
VERTEX_POSE A1423 0.102047 0.615685 0.666442 0.939820 -0.885877 -0.322369 0.554035 -0.715911 -0.119348 0.290646 -0.030538 -0.653319 -0.433537 -0.179177 0.442944 -0.550928 -0.664722 -0.508732 -0.342191 0.112155
VERTEX_POSE A1424 -0.539095 -0.423085 -0.371464 0.700333 0.009874 -0.570300 -0.192204 -0.714759 -0.074343 -0.193181 0.154883 -0.061771 0.498668 -0.438144 0.615231 -0.621220 -0.432983 0.535636 0.539587 -0.292722
VERTEX_POSE A1425 0.675962 -0.174853 -0.718743 0.226477 -0.596511 0.583121 0.215994 -0.286762 0.720877 -0.343789 0.418189 0.356160 0.551606 -0.148305 -0.108230 0.476458 0.826811 -0.041748 0.551248 -0.193067
VERTEX_POSE A1426 0.539690 0.865993 -0.562329 0.948875 -0.140852 0.235037 -0.164886 -0.705098 -0.421878 0.362156 0.384942 0.647548 -0.437862 0.535980 0.567220 0.780756 0.039146 -0.160375 -0.200878 0.256611
VERTEX_POSE A1427 0.227807 -0.237489 -0.756875 -0.279514 -0.813340 0.542490 -0.538481 0.626930 -0.213210 -0.231433 -0.105087 0.806298 0.389286 -0.372309 -0.057083 0.463635 0.575110 -0.082894 0.538494 0.355738
VERTEX_POSE A1428 0.560186 -0.699728 -0.926773 -0.683575 0.377368 -0.135653 -0.092729 0.587033 -0.125653 -0.681371 0.145265 -0.625159 -0.367955 0.167421 0.046827 0.424490 0.746474 0.756831 -0.459949 0.221444
VERTEX_POSE A1429 0.673235 0.673697 0.237352 0.943059 0.712992 -0.461757 0.641859 0.069483 0.161797 -0.563253 -0.215656 -0.237179 0.134433 -0.596072 -0.838440 -0.496846 0.054840 -0.036987 -0.076382 0.768346
VERTEX_POSE A1430 0.709945 0.442604 -0.210877 -0.887890 -0.543638 -0.259345 0.688519 0.084263 0.508193 0.630018 -0.138412 0.044544 -0.231534 -0.787068 -0.666297 0.000017 0.208903 -0.478064 0.274611 -0.557338
VERTEX_POSE A1431 -0.513308 -0.011144 0.904543 -0.533437 0.641003 -0.117464 -0.326909 -0.792702 0.053896 -0.750339 0.175735 0.427990 -0.470946 0.334876 -0.630910 0.007992 0.471204 0.634094 0.329040 0.081027
VERTEX_POSE A1432 -0.405348 -0.730015 0.128320 0.098460 0.817092 0.246961 0.657814 -0.142747 -0.195762 0.560814 -0.159677 0.357215 -0.248880 -0.895836 0.847555 0.155443 0.321749 -0.233954 0.408247 -0.219276
VERTEX_POSE A1433 -0.334765 0.133718 -0.545979 0.763730 0.355256 0.305398 -0.336949 0.242874 -0.432467 -0.499608 -0.653464 0.699261 -0.264002 -0.504017 -0.435117 -0.447489 0.224142 0.203495 -0.605734 0.457957
VERTEX_POSE A1434 0.666082 0.140022 -0.250167 0.319698 -0.920795 0.517718 -0.167290 0.410378 0.159375 0.233059 0.350959 0.033308 -0.640516 -0.592262 0.280735 -0.638486 0.390766 -0.791610 -0.315868 0.452709
VERTEX_POSE A1435 0.346479 0.906858 0.698032 0.458156 -0.425301 0.552962 -0.644300 0.005277 -0.250567 0.376253 0.519650 -0.228046 0.132013 -0.828705 0.158589 -0.029684 0.170266 -0.744509 -0.651922 0.119134
VERTEX_POSE A1436 -0.747387 0.078615 -0.301201 -0.081599 -0.978650 -0.642074 -0.705465 -0.049872 -0.554515 0.567797 0.227667 0.517836 -0.191361 0.033723 0.071173 -0.330376 -0.064267 -0.083872 0.184821 -0.969749
VERTEX_POSE A1437 -0.984979 0.905406 -0.228741 -0.568031 -0.165130 -0.406716 0.308330 0.526228 -0.573938 -0.500505 0.431886 -0.244913 -0.503318 -0.296870 -0.493009 0.630714 -0.209357 -0.449596 -0.057435 -0.636079
VERTEX_POSE A1438 0.736487 0.089969 0.908880 0.952949 0.270964 -0.468492 -0.540335 0.223033 -0.237049 0.124184 0.878061 0.524579 -0.548503 0.060741 -0.514754 0.322721 -0.316856 -0.429148 -0.536295 -0.274185
VERTEX_POSE A1439 0.051093 -0.767700 0.791038 0.984319 -0.788509 0.441757 0.139514 -0.280012 0.478420 -0.558144 -0.390525 -0.125772 0.531388 -0.785378 0.721349 0.216143 0.201061 0.199502 0.583027 0.334424
VERTEX_POSE A1440 0.226221 0.617645 0.545290 0.347731 0.817831 -0.742179 0.585115 -0.035714 -0.456467 -0.497598 -0.533114 0.029158 0.505174 -0.090030 0.166885 0.111216 -0.786982 0.460551 0.377447 -0.295071
VERTEX_POSE A1441 -0.895133 0.655723 0.298587 -0.567392 0.277750 0.726278 -0.223757 -0.315049 0.291419 0.535079 -0.533011 0.349677 0.315396 0.140086 -0.022703 0.731781 0.387622 0.514593 -0.169252 0.668407
VERTEX_POSE A1442 -0.946510 -0.679735 -0.558503 0.010311 -0.150998 0.745920 -0.535899 -0.201130 -0.559762 -0.338412 -0.661156 -0.296923 -0.235292 0.641517 0.135589 0.247419 0.130029 -0.154018 -0.694054 0.306541
VERTEX_POSE A1443 0.209967 -0.682560 0.046134 0.541781 -0.540404 -0.024840 0.846480 -0.215780 0.463669 -0.017883 0.031845 0.097576 0.118684 -0.812217 -0.504221 0.413324 0.401585 0.721550 0.313415 0.362572
VERTEX_POSE A1444 0.936864 -0.318882 -0.362492 0.411013 0.968463 -0.470023 0.499448 -0.423701 -0.316704 -0.501839 -0.345965 0.758295 0.118388 -0.627574 0.311815 -0.216333 0.453660 0.080848 0.661735 0.318008
VERTEX_POSE A1445 -0.064773 -0.184107 -0.099942 -0.905864 -0.930542 0.677601 -0.186524 -0.260635 0.585571 -0.110880 0.526686 -0.431675 -0.427912 0.463703 -0.057145 0.709696 -0.172092 -0.091404 -0.515885 -0.640340
VERTEX_POSE A1446 -0.138647 0.547044 -0.832098 -0.555727 -0.495564 -0.058669 0.218203 -0.215921 0.213287 0.223779 0.101318 -0.366364 0.780921 -0.406505 -0.773293 0.002364 0.617745 0.467827 0.540803 0.629490
VERTEX_POSE A1447 -0.518808 -0.126545 -0.905456 0.900069 -0.548914 -0.508441 0.507177 -0.669223 -0.462857 0.232372 0.634459 0.301059 -0.378397 -0.362131 0.281342 0.183054 0.128589 -0.597881 -0.715599 -0.043903
VERTEX_POSE A1448 0.553696 0.003607 0.274214 -0.815899 -0.582175 -0.527395 0.416985 0.234505 -0.380847 -0.662432 -0.237849 0.519184 -0.441360 0.043683 -0.237959 0.080487 -0.858278 -0.500634 -0.431313 0.387152
VERTEX_POSE A1449 0.204955 0.259799 0.969988 0.348329 -0.814848 0.362505 0.227146 0.759846 -0.887429 0.375366 0.233462 0.076407 0.406700 -0.383675 0.092254 0.289560 0.374177 0.258284 0.747165 -0.284457
VERTEX_POSE A1450 0.191743 0.645590 -0.542955 0.234695 0.220669 0.443547 0.305804 0.637219 -0.515704 -0.538584 0.651837 0.078788 -0.388751 -0.353478 -0.650691 0.664945 -0.019573 -0.328191 -0.152087 -0.209122
VERTEX_POSE A1451 -0.547801 0.068071 -0.740514 0.772285 -0.164882 -0.499569 0.366099 0.236255 -0.215678 0.651660 0.286089 0.597942 0.654256 -0.307522 -0.542853 0.105839 -0.329826 0.227355 -0.045355 0.811777
VERTEX_POSE A1452 0.585702 -0.687287 -0.501087 0.741351 -0.347873 -0.120508 0.028777 0.506339 0.253945 0.877562 0.155943 0.002967 -0.362086 -0.096073 0.857039 -0.299871 0.399222 0.431817 0.089601 -0.742088
VERTEX_POSE A1453 -0.477731 -0.920390 0.806400 -0.974833 -0.054206 0.667039 -0.481358 0.447600 0.515882 0.516398 -0.265066 -0.035646 0.690151 0.514329 0.185265 0.106312 0.496106 -0.503320 -0.118392 0.467696
VERTEX_POSE A1454 0.554246 -0.316244 0.925929 0.712105 -0.050759 0.076345 -0.466288 -0.117386 -0.521227 0.455885 0.078218 0.633054 0.545741 -0.511402 -0.215375 -0.423955 -0.743913 0.524738 -0.311726 0.406405
VERTEX_POSE A1455 -0.953393 -0.110372 0.127449 0.441684 0.662002 0.400643 -0.403604 -0.488708 0.024924 0.365522 0.377055 0.636658 0.694885 -0.086769 -0.641758 0.465684 -0.512106 0.147233 0.061413 -0.590942
VERTEX_POSE A1456 -0.801769 -0.095243 -0.912343 0.251644 0.349283 -0.818717 0.004655 0.423806 -0.393766 0.010265 -0.008377 0.018763 -0.595191 -0.256628 -0.013024 -0.803243 0.214005 0.417288 0.020513 0.841820
VERTEX_POSE A1457 0.093936 -0.450252 -0.636400 0.660979 0.808389 -0.093826 0.266867 -0.115552 0.683890 0.311726 -0.571509 0.212033 0.690563 0.319257 -0.652779 0.571428 -0.229056 0.228937 0.167933 0.711079
VERTEX_POSE A1458 0.274414 0.652139 0.370574 -0.837831 0.848661 0.177981 0.367973 -0.400977 0.290049 0.544448 -0.354858 -0.643809 0.395408 0.455190 0.351846 0.572669 0.524042 -0.588140 0.289612 -0.481119
VERTEX_POSE A1459 0.758417 0.205029 -0.839116 0.568069 -0.273349 -0.762663 -0.320139 0.323683 -0.389408 0.219971 -0.695990 0.088153 -0.829073 -0.495734 0.493422 -0.073426 -0.061635 0.124381 -0.395436 0.401592
VERTEX_POSE A1460 -0.232829 -0.776554 0.600952 0.604038 0.521382 -0.575440 -0.614229 0.398389 0.257467 -0.760422 -0.388129 -0.562080 0.184831 0.173255 0.103172 -0.004501 -0.004243 -0.525359 0.101481 -0.812778
VERTEX_POSE A1461 -0.015642 0.094743 -0.840303 -0.725721 -0.694977 0.650127 -0.027891 -0.385972 -0.067896 0.076636 0.758023 -0.268856 -0.087821 0.173473 -0.707134 0.028578 -0.494724 0.020086 0.992381 -0.039787
VERTEX_POSE A1462 -0.754891 -0.806115 -0.934573 -0.965368 -0.632346 -0.460636 -0.656939 0.344733 0.715307 -0.373468 0.497240 -0.047121 0.649841 0.667000 -0.436996 0.052346 0.099680 -0.288037 -0.062597 0.423186
VERTEX_POSE A1463 0.361823 -0.506569 -0.270728 -0.297502 0.338473 -0.532825 -0.560675 0.507560 -0.109522 0.455622 0.330275 0.778210 -0.492229 0.285239 -0.245366 -0.477717 -0.642458 0.195669 0.086886 -0.373078
VERTEX_POSE A1464 0.649594 -0.771538 -0.386282 -0.961991 0.660279 -0.614905 0.026600 0.755045 0.253350 -0.853550 0.323926 0.216664 0.466788 0.328794 -0.707265 -0.162237 -0.406780 -0.102659 -0.162892 -0.226723
VERTEX_POSE A1465 0.911191 0.333907 -0.184740 0.354330 -0.553141 0.127220 -0.103617 -0.703827 -0.671258 -0.218342 0.089874 0.710139 0.041246 0.169656 -0.112474 0.513477 -0.610668 -0.127587 0.822332 0.307979
VERTEX_POSE A1466 -0.291698 -0.599711 -0.572697 -0.839347 0.913172 0.323773 -0.200486 -0.010207 0.850006 0.383756 0.271901 -0.387379 0.447997 0.552428 0.139315 -0.345239 -0.379154 -0.056479 0.701887 -0.690675
VERTEX_POSE A1467 0.902207 0.307077 0.312517 -0.043590 0.681629 -0.418752 0.667045 -0.449617 -0.089440 0.619613 0.429354 0.656152 0.348494 0.404886 -0.501660 -0.222395 0.511297 -0.366673 0.014966 0.433753
VERTEX_POSE A1468 0.926212 0.239313 0.586519 0.786299 0.281729 0.371808 0.206884 0.844755 0.157607 -0.036049 0.244914 0.172600 0.408419 0.010212 -0.243997 -0.798484 0.362951 -0.864635 0.389252 0.307518
VERTEX_POSE A1469 -0.555212 0.490258 -0.663817 -0.886398 0.184135 0.613163 -0.219617 -0.613531 0.511226 0.520411 0.542565 -0.015562 -0.035677 0.289845 -0.453129 0.688222 -0.434994 -0.396373 -0.453893 0.236587
VERTEX_POSE A1470 -0.046700 0.539377 0.103555 -0.059270 0.893120 0.034193 0.188676 0.269808 0.320020 -0.848452 0.313628 0.764732 0.098904 -0.617304 0.336894 -0.070919 0.263054 -0.445090 -0.479290 -0.615288
VERTEX_POSE A1471 0.152433 -0.143042 0.131809 0.134030 0.099560 -0.507929 -0.059294 -0.389150 0.704371 0.177584 -0.638950 0.076081 0.813226 0.441109 -0.331945 0.059145 -0.144377 -0.360407 0.547826 -0.474219
VERTEX_POSE A1472 -0.450345 0.145981 0.634770 -0.453790 -0.538115 -0.479271 0.646088 -0.443800 0.682709 0.085912 -0.483955 -0.488175 -0.446148 0.066663 0.199339 0.478160 0.751249 0.161732 -0.384063 0.003032
VERTEX_POSE A1473 0.006790 0.859642 0.545052 0.951041 -0.257878 -0.427779 -0.315391 -0.173322 0.234037 -0.501316 0.482960 -0.628868 0.489357 0.580689 -0.605091 -0.496181 -0.270635 -0.024936 0.404408 -0.571198
VERTEX_POSE A1474 -0.637600 0.174398 -0.822057 -0.324189 0.559157 -0.438069 -0.308832 0.525940 0.068396 0.533282 0.777880 -0.726427 0.228700 -0.197924 -0.417699 -0.448100 0.115405 0.318197 -0.605917 0.256511
VERTEX_POSE A1475 -0.513481 0.827099 -0.727722 0.957223 -0.569652 0.567692 0.556198 -0.443499 -0.462068 0.809015 0.099429 0.271110 0.152901 0.801449 -0.142419 -0.112957 -0.386473 0.608635 0.000872 0.041720
VERTEX_POSE A1476 0.942018 -0.324465 -0.554890 -0.954824 -0.188420 0.907287 -0.089790 0.322533 0.009846 0.508599 -0.393601 -0.148610 0.592192 0.727799 0.061020 0.515084 -0.092488 0.388491 0.342435 -0.450340
VERTEX_POSE A1477 0.223754 -0.278559 -0.654155 0.120084 -0.936408 0.643406 0.696380 -0.180855 -0.123108 -0.288996 -0.784402 -0.429839 0.312988 0.057208 0.360594 -0.435111 0.518851 -0.506047 0.379807 0.282003
VERTEX_POSE A1478 -0.032289 -0.299445 -0.633178 0.857292 -0.118565 0.345625 0.098325 0.602956 0.039632 0.835876 0.001771 0.636164 0.335771 -0.370351 0.403100 -0.147055 0.595080 0.558371 -0.396579 -0.381000
VERTEX_POSE A1479 0.495714 0.679142 0.719323 -0.770722 0.229405 0.206844 -0.395475 -0.206728 0.811681 -0.008981 -0.483066 -0.016097 -0.901663 0.235522 0.533172 0.156860 0.817201 0.117721 -0.076926 0.024955
VERTEX_POSE A1480 -0.571291 0.981240 -0.684167 -0.531587 -0.751256 0.652649 0.298223 0.691411 0.104165 -0.119868 -0.089202 0.229349 0.797318 -0.553538 0.539011 -0.389478 -0.256947 -0.469112 0.330583 0.376255
VERTEX_POSE A1481 -0.840545 -0.653855 -0.176133 0.091987 -0.897896 -0.000418 -0.836523 0.183209 -0.698322 -0.150240 -0.629381 -0.652487 -0.064669 0.637086 -0.002779 0.154383 0.398144 -0.294278 0.499640 0.076922
VERTEX_POSE A1482 0.947912 -0.252787 0.978809 -0.998438 -0.935477 0.461763 -0.215135 -0.021380 -0.419189 -0.515729 -0.001453 0.409272 0.532283 -0.403973 0.664041 -0.530916 0.194292 0.051005 0.350063 0.893643
VERTEX_POSE A1483 -0.985589 -0.706047 -0.185254 -0.790236 -0.099129 -0.720334 0.038999 0.224416 -0.117805 0.646951 0.590443 -0.065421 -0.547195 0.645825 0.432887 -0.337110 0.371155 0.524948 0.408495 0.214869
VERTEX_POSE A1484 -0.318276 -0.574245 -0.369733 0.117154 0.047898 -0.137766 0.016750 -0.616506 -0.660322 0.055696 0.637430 -0.284156 -0.937280 -0.134600 0.478518 -0.293305 0.354897 0.485049 -0.179151 0.263692
VERTEX_POSE A1485 0.502159 0.430969 0.904738 0.713667 0.013765 -0.579588 0.039389 0.510148 -0.530812 0.195297 0.316909 0.592745 0.355333 0.649112 -0.133532 0.869575 -0.422966 -0.114625 -0.279081 -0.197664
VERTEX_POSE A1486 -0.938982 0.183581 0.942195 0.651448 -0.437127 -0.667497 -0.386623 -0.241563 -0.176883 -0.734416 0.212769 0.396054 -0.345107 0.668609 0.400379 -0.169525 -0.279371 0.453869 -0.404126 -0.609335
VERTEX_POSE A1487 -0.120046 0.330513 -0.282077 -0.631202 -0.602819 0.444960 -0.662894 -0.331313 0.565259 0.366772 -0.609193 0.410116 -0.348781 0.502886 -0.271794 -0.520951 -0.174670 -0.490332 -0.181693 -0.485501
VERTEX_POSE A1488 -0.403905 0.980717 -0.731662 0.374646 -0.177846 -0.423060 0.305892 0.055572 -0.360167 -0.599244 0.706436 -0.565270 -0.465975 -0.663479 -0.529356 0.482092 0.049081 0.302575 -0.312716 -0.235044
VERTEX_POSE A1489 0.335432 -0.164280 0.312769 0.813617 -0.588466 0.604298 -0.090487 0.781047 -0.206785 -0.898083 0.081023 0.068197 0.039083 -0.183023 0.569035 0.132782 -0.343649 -0.513433 0.407554 0.481466
VERTEX_POSE A1490 -0.361628 -0.464458 -0.121193 0.936867 0.123832 -0.267624 -0.335412 0.474156 0.245967 0.091438 -0.709263 -0.854399 -0.154051 -0.294504 0.352061 -0.415700 0.257056 0.118040 -0.826196 -0.345415
VERTEX_POSE A1491 0.363266 -0.795837 0.869290 -0.021316 -0.656464 -0.256501 0.469842 0.541967 -0.586654 0.553549 -0.187004 -0.226657 0.151730 -0.681221 0.701070 0.579648 -0.287725 -0.217190 -0.337371 -0.352781
VERTEX_POSE A1492 -0.680210 0.930464 0.472467 -0.912104 -0.283443 0.282719 0.069754 -0.307593 -0.429480 -0.870529 -0.155181 -0.113474 -0.066509 0.913846 0.201734 -0.013644 0.187944 -0.825860 0.482395 -0.104253
VERTEX_POSE A1493 -0.116520 -0.270573 -0.055766 0.971498 0.491486 -0.255362 0.523464 0.749709 0.625869 0.161598 0.244734 -0.331691 0.590693 -0.569654 -0.448326 -0.587912 0.180409 0.481730 -0.072893 -0.144876
VERTEX_POSE A1494 -0.274912 -0.302406 -0.401439 0.681182 0.682009 0.441212 0.463684 -0.008072 0.327692 0.313090 -0.584508 -0.532042 -0.324743 -0.540082 0.596193 -0.628357 -0.355226 0.243794 -0.432067 0.490318
VERTEX_POSE A1495 0.969384 -0.841074 -0.913815 -0.874094 -0.623164 0.759363 0.134865 -0.631107 0.126421 0.574535 0.369194 0.375057 -0.610739 0.347123 0.395692 0.412679 0.478099 -0.331882 0.329264 -0.341066
VERTEX_POSE A1496 -0.205329 -0.936666 0.759494 0.325828 0.938346 0.624663 -0.676151 -0.156960 -0.100118 0.115323 0.500336 0.247585 0.616342 -0.426177 -0.550924 -0.253655 -0.689600 0.484724 0.292065 -0.260484
VERTEX_POSE A1497 0.433390 0.097883 0.025865 0.841836 0.595181 -0.561080 0.686497 0.304159 -0.580986 -0.116197 0.085337 0.007144 0.196125 -0.130098 -0.005033 0.430130 -0.864887 0.589549 0.540132 0.367763
VERTEX_POSE A1498 0.871591 0.466002 0.398702 0.082316 -0.941536 -0.108220 -0.605353 -0.195819 -0.469327 0.044929 0.237858 -0.348605 0.686137 0.172393 0.405020 0.398007 -0.697578 0.694589 0.048323 0.623493
VERTEX_POSE A1499 -0.279118 0.302648 0.346013 0.112127 0.220075 0.724866 -0.458057 0.466709 -0.593057 -0.708598 0.193404 0.179919 -0.226256 -0.759989 0.154470 0.313938 0.100097 -0.258108 0.371918 0.396454
VERTEX_POSE A1500 0.878178 -0.411859 0.362048 0.955438 -0.220683 0.416318 0.196794 0.756271 0.465297 0.771696 -0.240932 -0.542514 0.262269 0.569788 0.302114 -0.387169 0.184035 0.473903 -0.383501 0.107141
VERTEX_POSE A1501 -0.175109 0.005379 -0.497743 -0.976954 0.951584 0.782388 0.279470 0.296587 0.392557 0.191021 -0.319158 0.081080 0.590214 -0.424728 0.440519 -0.721004 -0.437714 -0.182036 0.131179 -0.661957
VERTEX_POSE A1502 0.873315 -0.840394 -0.522177 -0.753843 -0.680365 0.549982 0.127983 -0.696980 -0.593599 0.594442 -0.068846 -0.067613 -0.630011 0.283377 0.571233 0.350354 0.562960 0.119503 0.332562 0.335040
VERTEX_POSE A1503 -0.572166 0.734122 -0.003183 -0.498352 0.241202 -0.821195 0.154131 0.472517 0.299925 0.665379 0.505226 -0.013954 -0.239923 -0.090231 0.020237 0.664572 -0.506907 -0.484850 0.185190 -0.506337
VERTEX_POSE A1504 0.831681 -0.134979 -0.952691 0.974086 -0.306294 0.790004 0.388176 0.321668 -0.589018 0.357605 0.568131 -0.029124 -0.011987 0.501684 -0.167001 0.518128 -0.565896 0.014632 -0.672932 0.042813
VERTEX_POSE A1505 -0.764285 0.334003 -0.344234 -0.078032 0.878792 -0.568739 -0.145977 0.405300 -0.743787 -0.257428 -0.079095 0.293297 -0.945159 -0.006850 -0.178094 0.040175 -0.774134 -0.074667 -0.132217 -0.479735
VERTEX_POSE A1506 -0.085647 0.561221 0.269095 -0.541129 0.671550 -0.176773 -0.314995 0.455530 0.505580 0.629506 0.476697 0.288167 0.216473 0.038086 -0.793177 0.533784 0.244050 0.031146 -0.415588 0.710099
VERTEX_POSE A1507 0.773699 0.540557 -0.507582 -0.980737 0.505287 0.639253 0.083366 0.286500 0.129582 -0.447532 -0.431985 0.390951 -0.295155 -0.638024 -0.629018 -0.382810 -0.048787 0.161425 -0.747733 0.567320
VERTEX_POSE A1508 0.459469 -0.944555 0.001611 -0.957948 0.942384 0.035921 0.427047 0.428924 -0.788671 -0.227049 0.538943 -0.432558 0.195490 -0.628704 -0.330903 -0.338031 -0.353455 -0.283027 0.783325 -0.073249
VERTEX_POSE A1509 0.882064 -0.738224 0.635917 -0.683837 -0.447015 0.600042 0.496997 0.084372 0.414858 -0.439486 0.484558 0.469464 -0.430021 0.137515 -0.428970 0.148344 0.841261 -0.251854 -0.594072 -0.177355
VERTEX_POSE A1510 0.269413 0.219699 -0.788258 -0.751460 -0.265308 0.244649 0.403398 -0.504132 0.190081 -0.661978 -0.315206 -0.658243 -0.175502 -0.658405 0.423202 0.387298 -0.447619 0.540030 -0.467177 -0.112414
VERTEX_POSE A1511 0.888178 -0.963315 0.317444 -0.489536 -0.808872 0.162581 0.163220 0.464231 -0.682601 0.328033 -0.535161 0.127694 -0.780269 -0.350237 -0.159043 -0.367064 -0.102608 0.682658 0.349569 -0.604068
VERTEX_POSE A1512 -0.958482 -0.392079 -0.540216 0.408151 -0.344912 -0.515881 -0.329114 -0.220310 0.159102 0.407788 0.611353 0.561479 0.304017 -0.236994 0.534071 -0.307315 -0.478638 0.328728 -0.733842 0.540787
VERTEX_POSE A1513 0.217325 0.966912 -0.809449 -0.749897 -0.200785 0.442623 -0.182904 -0.724898 0.770054 -0.412777 0.347567 -0.328895 -0.763194 0.264887 0.258917 0.394213 0.532336 -0.189449 -0.241435 -0.013200
VERTEX_POSE A1514 0.902589 -0.669362 -0.867810 -0.279772 0.091999 0.001222 -0.281014 0.233133 0.609726 -0.194493 0.360590 0.503602 0.147291 -0.811038 0.553408 0.461368 0.385547 -0.261453 0.805387 0.095887
VERTEX_POSE A1515 -0.276758 0.033676 0.090050 -0.474695 0.702986 -0.409637 0.422083 -0.396429 -0.010715 0.525255 -0.471036 0.391362 -0.483376 -0.766926 -0.431057 -0.520138 -0.013704 -0.702217 -0.204346 -0.180570
VERTEX_POSE A1516 -0.280516 0.397880 -0.904711 0.963770 0.812980 0.377236 -0.602255 -0.300063 0.143112 0.082887 -0.478605 -0.660218 -0.481973 0.382671 -0.446232 -0.318393 -0.663071 -0.449668 0.544744 -0.307895
VERTEX_POSE A1517 0.963607 0.514220 -0.925614 -0.628324 0.654872 -0.040695 -0.639876 0.202114 -0.000097 -0.605413 -0.683716 0.216952 0.344216 -0.672681 0.887423 0.033783 0.094277 -0.404668 0.323121 -0.174055
VERTEX_POSE A1518 0.603196 -0.635812 0.807974 -0.105898 -0.899833 -0.430474 0.259373 0.078025 0.351178 0.015333 0.225235 0.224667 -0.761690 0.469694 -0.386279 0.254924 0.817004 -0.701199 -0.536035 -0.234679
VERTEX_POSE A1519 0.315579 0.378597 -0.636373 0.338416 -0.364865 -0.917220 0.228618 -0.040650 0.242800 0.025249 -0.724902 0.305657 0.649100 0.511773 -0.009526 -0.724761 0.425534 0.078988 -0.022072 -0.172839
VERTEX_POSE A1520 0.299038 -0.650060 0.387155 -0.814707 -0.933594 0.625070 -0.223355 -0.723377 -0.642584 -0.263190 -0.577052 -0.191126 -0.668968 0.119601 -0.105938 0.613071 -0.308170 0.385514 -0.239729 0.185646
VERTEX_POSE A1521 -0.758432 -0.100270 -0.313219 -0.169031 0.223999 -0.753973 0.470350 0.331877 -0.172245 -0.430268 0.712299 0.035248 0.292939 -0.111678 0.296583 -0.304056 0.389028 -0.559153 -0.644497 -0.467624
VERTEX_POSE A1522 -0.321156 0.582760 -0.767083 -0.682899 -0.021329 0.468316 -0.520682 -0.440974 0.245702 0.528003 0.192635 -0.046404 -0.124286 -0.564759 -0.547757 -0.576141 0.395926 -0.646622 0.320496 -0.541040
VERTEX_POSE A1523 0.618828 -0.719596 -0.140378 -0.726810 -0.217037 -0.388573 0.420808 -0.234153 0.230045 0.200788 0.784236 0.406988 0.401091 -0.536744 -0.485457 0.657632 0.194224 -0.628317 -0.435031 -0.065796
VERTEX_POSE A1524 0.125048 0.629156 0.631015 -0.197533 -0.284515 -0.365764 -0.674046 0.547666 -0.340318 -0.148862 -0.228144 0.353293 0.171817 0.749396 -0.776199 0.547415 0.221004 0.151988 0.440816 0.193844
VERTEX_POSE A1525 0.403933 -0.719647 -0.168522 0.998283 -0.339320 0.521698 -0.058418 -0.027773 -0.533789 0.077878 -0.364149 0.474577 0.763098 -0.246053 0.349624 -0.368682 0.486331 -0.308934 0.521802 0.754695
VERTEX_POSE A1526 0.588212 -0.560670 -0.054194 -0.600904 0.159799 0.683978 -0.651507 0.031979 -0.227682 0.158454 0.600776 0.462780 0.501597 -0.197486 -0.463061 -0.321902 -0.651097 -0.227475 -0.441826 0.418472
VERTEX_POSE A1527 0.919719 0.692491 0.390509 -0.871705 -0.346169 -0.305105 0.287020 0.258755 -0.345684 0.642214 -0.506274 0.457733 -0.244915 -0.718914 -0.678788 -0.662252 -0.158069 0.342258 -0.081368 0.367301
VERTEX_POSE A1528 -0.162677 0.378236 0.857343 0.840118 -0.744139 -0.408556 0.567161 -0.326526 0.286947 0.406039 0.260560 0.476061 -0.398283 -0.668795 0.634703 0.571816 -0.153130 0.348226 -0.166906 0.595613
VERTEX_POSE A1529 0.459803 0.905332 -0.655492 0.481412 0.218263 -0.005254 0.212887 0.613650 -0.410139 -0.510066 -0.257234 0.188610 -0.449657 -0.384781 0.842673 0.095736 -0.241498 -0.293405 0.695094 -0.592357
VERTEX_POSE A1530 -0.359398 -0.004862 -0.263477 0.240422 0.873906 0.844622 0.241883 -0.270620 -0.295951 -0.356477 -0.526467 0.282127 -0.392843 -0.506116 -0.247098 0.812426 -0.399549 0.241606 0.007371 0.483534
VERTEX_POSE A1531 -0.284499 0.966377 0.219391 0.795556 0.035178 0.276918 0.572498 -0.641845 0.144463 0.567037 0.068912 -0.391856 0.537083 0.381866 0.741153 0.097880 0.598273 -0.446752 0.229513 0.282018
VERTEX_POSE A1532 -0.715307 -0.089289 -0.153235 0.504457 0.169848 0.295756 0.559672 -0.609913 -0.188804 -0.343132 -0.188606 0.250412 0.058062 -0.461541 0.519717 0.417107 0.611060 -0.737611 0.625842 0.077584
VERTEX_POSE A1533 -0.486083 0.154744 0.214345 0.486579 -0.806459 0.342086 0.563176 -0.555557 -0.727463 0.319422 -0.411937 0.302839 -0.177375 -0.550094 0.427496 0.547592 0.343028 -0.281620 0.499483 0.318421
VERTEX_POSE A1534 0.143335 0.700499 -0.783792 -0.702796 -0.723620 0.498820 -0.215696 -0.556727 0.568299 -0.285422 0.224025 0.427273 0.558882 0.589664 -0.066625 -0.747128 0.523184 0.491135 -0.038225 -0.135801
VERTEX_POSE A1535 -0.883625 0.775732 -0.105926 0.478543 0.863554 0.299217 -0.565249 0.278256 -0.625810 -0.630010 -0.397521 0.081037 0.170070 0.121713 -0.706034 0.391362 0.352770 0.117390 0.318581 -0.790753
VERTEX_POSE A1536 -0.250368 -0.511253 0.870111 -0.591453 -0.927667 -0.646533 -0.271689 0.539976 -0.009242 0.165011 0.366996 0.503154 -0.257527 -0.137397 -0.409145 -0.581484 -0.607903 -0.401679 0.703215 -0.430483
VERTEX_POSE A1537 -0.942313 0.261720 0.485303 -0.243925 0.947930 0.641085 0.021570 -0.133114 -0.112989 0.935357 -0.047125 0.204949 -0.064472 -0.899657 -0.597861 0.064172 -0.410689 -0.420478 -0.341127 -0.044857
VERTEX_POSE A1538 0.890074 0.316289 0.386492 0.497806 0.368841 0.081643 -0.012968 -0.549302 0.323120 0.616314 -0.254127 0.525515 -0.412323 -0.565294 -0.644728 -0.399763 -0.364553 0.443945 -0.538672 0.425713
VERTEX_POSE A1539 -0.790899 -0.455808 -0.128278 -0.549402 -0.985283 -0.042289 -0.285604 0.867956 -0.529411 -0.766773 -0.165990 -0.794188 0.480134 0.194379 0.026597 -0.300728 -0.210798 0.294097 -0.097592 0.369973
VERTEX_POSE A1540 0.939751 0.523495 0.121220 0.072238 -0.499086 0.449376 0.786234 0.357250 -0.320790 -0.010864 0.774084 -0.546165 -0.056028 0.317622 -0.491937 0.492872 -0.313040 -0.393518 0.368314 -0.272561
VERTEX_POSE A1541 0.159486 -0.464012 0.598233 0.746347 -0.896468 -0.802823 0.222504 -0.293703 0.099754 -0.542189 -0.010792 -0.304505 0.115504 -0.242536 0.008097 0.607925 0.681519 0.502729 0.523077 -0.624764
VERTEX_POSE A1542 -0.902722 -0.419123 -0.810834 -0.038937 -0.794154 -0.491699 -0.448026 -0.689108 -0.439830 0.198517 0.475995 -0.394210 -0.419169 0.332735 -0.599282 0.224358 0.149355 0.224144 -0.730633 0.406865
VERTEX_POSE A1543 0.981269 -0.868584 0.581004 -0.519611 0.156003 0.069287 0.595166 0.694807 0.128181 0.181831 0.347269 -0.050174 0.588086 -0.505032 0.802232 -0.329645 0.111341 -0.576780 -0.397749 0.359435
VERTEX_POSE A1544 -0.623189 -0.497101 0.788784 0.996449 -0.097252 -0.077140 0.596426 -0.316120 -0.068495 0.040983 -0.679809 0.013606 -0.017555 -0.604775 0.719341 0.588066 0.134730 0.686820 -0.544489 -0.232430
VERTEX_POSE A1545 0.999867 -0.088485 -0.678644 0.681291 0.297845 0.625614 0.306345 0.003612 -0.682903 0.275515 -0.475894 -0.075589 0.668477 0.306053 0.177371 0.592673 -0.351397 -0.324156 0.179225 0.745898
VERTEX_POSE A1546 -0.295489 0.165091 -0.328946 0.005693 -0.141012 -0.061688 0.448150 0.316017 -0.081889 0.074212 0.728298 0.467259 0.244485 -0.492945 -0.751038 0.519812 -0.327460 -0.455083 -0.680938 -0.139607
VERTEX_POSE A1547 0.096295 0.900779 0.884074 0.960219 -0.284272 -0.773355 0.523417 -0.253639 0.313753 0.794659 0.464422 -0.237102 -0.023722 -0.012732 -0.497255 -0.301277 0.693160 -0.000427 -0.056757 0.489231
VERTEX_POSE A1548 0.963474 -0.574265 -0.604258 -0.947032 -0.047283 -0.282818 -0.754073 0.261782 0.179468 0.103361 0.237464 -0.383334 -0.230023 0.465807 0.604730 -0.602150 -0.379165 -0.612505 -0.072076 -0.717174
VERTEX_POSE A1549 -0.692292 0.529280 -0.520972 0.899796 -0.040845 -0.475657 0.604411 0.588176 0.509734 0.286032 0.168080 0.088164 -0.667976 0.736353 0.359481 0.284761 0.285890 -0.613940 -0.159978 -0.043005
VERTEX_POSE A1550 -0.588126 0.279376 -0.752299 0.298636 0.350862 -0.081620 0.111298 0.255614 -0.601392 -0.536749 -0.568466 0.401983 0.117103 -0.463929 -0.455915 0.827504 -0.316279 0.512072 0.032196 -0.544284
VERTEX_POSE A1551 0.262512 -0.224325 0.782897 -0.761739 0.019124 -0.688326 -0.011249 -0.272501 -0.538822 0.312331 -0.280368 -0.044482 0.580157 0.657116 0.111351 -0.539892 -0.071651 -0.470639 -0.523696 0.640470
VERTEX_POSE A1552 -0.450725 -0.570991 0.165809 -0.269235 -0.816846 -0.158612 0.325226 0.091727 0.618061 0.450985 0.514518 0.080768 0.711590 -0.665707 -0.009733 -0.210457 -0.416964 -0.765653 0.374418 0.331410
VERTEX_POSE A1553 0.090718 -0.137864 -0.519382 0.615736 -0.670467 -0.109920 -0.523001 -0.206404 0.008728 -0.013071 -0.009813 -0.235869 -0.071949 0.955233 -0.681639 -0.544576 -0.128807 -0.683795 0.651582 -0.168045
VERTEX_POSE A1554 -0.118659 0.056079 -0.357482 -0.488549 0.802087 -0.047789 0.513797 -0.715671 -0.432239 -0.310094 -0.562975 0.348907 -0.547162 -0.114737 0.423919 -0.444454 -0.382899 0.713752 0.378058 -0.105345
VERTEX_POSE A1555 0.674323 -0.941834 -0.203176 0.533232 -0.101361 0.385473 -0.181891 0.239878 -0.360208 -0.500972 0.603751 0.580861 -0.591272 -0.412112 -0.456584 0.043802 -0.602150 -0.419276 -0.603674 -0.213359
VERTEX_POSE A1556 -0.505349 0.142489 0.312096 0.614019 -0.009787 -0.517461 0.533227 0.015463 0.119707 -0.226442 -0.139056 -0.375159 -0.726684 0.483877 0.213886 0.363468 0.863375 0.728981 -0.064929 0.029514
VERTEX_POSE A1557 -0.530447 0.495408 0.588325 -0.089453 -0.038114 0.446606 0.134255 -0.476838 0.054592 -0.460578 -0.381284 -0.260392 -0.440982 -0.611400 0.764710 0.172144 -0.142846 0.380759 -0.738746 0.482735
VERTEX_POSE A1558 0.594043 0.750656 -0.812667 0.661527 0.552471 -0.388758 -0.431035 -0.572282 -0.025042 -0.636843 0.730405 0.431446 0.175422 0.089339 0.813045 -0.339260 -0.306248 -0.032447 -0.512610 -0.192954
VERTEX_POSE A1559 0.331974 -0.479275 0.169439 0.454137 0.246075 0.385538 0.119806 0.616545 -0.701658 0.600634 0.378305 0.049856 -0.375401 0.573889 -0.427996 -0.319100 -0.266675 -0.416378 -0.618171 0.276212
VERTEX_POSE A1560 0.929355 0.400740 0.932833 -0.608042 -0.819851 0.074317 0.560177 -0.011970 0.265014 -0.252263 0.560899 -0.565975 -0.638212 0.074343 -0.587402 0.216614 -0.429605 0.508799 -0.410280 -0.703678
VERTEX_POSE A1561 -0.765356 -0.254206 -0.076144 -0.098050 0.426377 -0.487130 -0.688000 -0.281791 -0.597069 -0.183481 0.371199 -0.188673 0.223850 -0.843346 0.229836 -0.178837 -0.266456 0.563730 -0.641014 -0.023972
VERTEX_POSE A1562 -0.952525 -0.512898 -0.611170 0.249694 -0.718747 0.149433 -0.153227 0.619420 -0.201629 -0.606464 0.300147 -0.463169 -0.561379 -0.506640 -0.620196 0.540203 -0.053911 0.581246 -0.041919 -0.516372
VERTEX_POSE A1563 -0.785951 -0.688549 -0.220402 0.896416 0.349997 -0.491678 0.557021 -0.355868 -0.399808 -0.081467 -0.550756 -0.335556 0.006651 -0.035046 -0.525894 -0.755173 0.127172 0.457433 -0.335798 -0.743387
VERTEX_POSE A1564 -0.251439 0.900538 -0.861799 -0.611472 0.619918 0.591951 -0.508375 0.538673 0.291275 0.448426 -0.347474 -0.492713 -0.367842 -0.073480 0.031449 0.634187 0.593561 -0.566567 0.054481 0.481018
VERTEX_POSE A1565 0.190810 -0.812399 -0.394962 0.546898 -0.442368 0.459294 -0.402364 -0.172846 0.412736 -0.427809 -0.194767 -0.006749 0.421733 0.430424 0.600561 0.684607 -0.383955 0.507917 -0.092390 0.774276
VERTEX_POSE A1566 -0.669577 -0.912816 0.673672 0.374959 0.213551 0.462996 -0.477381 -0.730950 0.371708 0.307975 0.180676 0.132894 -0.722452 0.520104 0.413156 -0.123508 0.399450 -0.677576 -0.374255 -0.054776
VERTEX_POSE A1567 0.498193 -0.610715 -0.991688 -0.202925 0.692251 -0.643911 -0.304347 0.587214 -0.303547 -0.630019 -0.676905 0.005955 0.135112 -0.335434 0.682260 -0.434247 0.205920 -0.166505 0.551020 -0.205084
VERTEX_POSE A1568 0.248497 0.449320 -0.909660 -0.697027 -0.494438 -0.473917 -0.445545 -0.416088 0.228247 0.285259 -0.540514 0.474688 -0.207556 0.552767 0.705453 -0.232142 -0.477459 0.017698 -0.789397 0.034593
VERTEX_POSE A1569 -0.779503 0.403473 0.060164 -0.127235 -0.417608 -0.399898 0.530440 0.177429 0.252580 0.400014 -0.876183 -0.195526 -0.723489 -0.367407 -0.119497 0.187345 -0.037694 0.850749 -0.009389 0.253798
VERTEX_POSE A1570 0.707293 -0.066523 -0.119966 0.247674 0.706969 -0.680355 -0.140832 0.067390 -0.446715 0.012173 -0.357326 -0.206561 -0.538751 -0.566740 0.427337 0.166148 -0.707751 0.335078 -0.813733 0.213707
VERTEX_POSE A1571 0.188248 -0.027184 0.211561 0.375211 0.006476 0.533493 -0.090096 0.169663 -0.459124 -0.219174 0.829999 0.410288 0.398562 0.177493 0.563126 -0.553674 0.285572 0.138357 0.691693 0.411414
VERTEX_POSE A1572 0.379983 0.939460 -0.341603 -0.380888 -0.314075 0.494906 -0.398642 -0.570556 0.508522 0.523470 0.490164 0.367079 -0.632862 0.476066 -0.441263 0.007587 -0.092220 0.408673 0.408034 -0.446163
VERTEX_POSE A1573 0.804572 0.514354 0.069200 -0.791263 0.912814 0.399843 -0.334717 0.732693 0.135418 -0.473011 -0.026356 0.657027 -0.218348 -0.643968 0.233532 0.727245 0.039194 0.579281 0.296081 0.215023
VERTEX_POSE A1574 0.169517 0.104232 -0.207436 0.855600 -0.837521 -0.555823 0.539621 -0.368597 0.207173 -0.641006 -0.337288 -0.193299 -0.112663 -0.175856 -0.387790 -0.341997 -0.604791 0.678524 0.410203 -0.594706
VERTEX_POSE A1575 0.756794 -0.557640 -0.552819 -0.384439 0.588672 0.477116 0.392579 -0.142510 -0.610174 0.720297 -0.125876 0.430187 0.441413 -0.404403 -0.289487 -0.347821 -0.863422 0.362194 -0.105963 -0.234109
VERTEX_POSE A1576 0.804439 -0.574131 0.390556 0.890028 0.210659 -0.632362 0.090976 0.585988 -0.306179 0.253774 -0.658288 0.570375 0.039165 -0.053830 0.006825 -0.920501 0.016904 0.425440 0.280119 0.469138
VERTEX_POSE A1577 0.874029 -0.730677 0.463619 -0.138707 0.021467 -0.193741 -0.014987 0.575801 -0.606810 0.503000 -0.221188 0.145802 -0.518973 -0.604624 -0.123118 0.390003 -0.503922 -0.746881 -0.570379 -0.004620
VERTEX_POSE A1578 -0.146911 -0.656861 -0.668745 -0.424219 -0.695600 -0.371968 0.367004 -0.769877 -0.563393 0.343009 0.626284 0.287368 0.762231 0.099305 0.614543 0.307041 0.031055 -0.289800 0.269039 -0.065054
VERTEX_POSE A1579 0.767913 -0.148396 0.786298 0.942995 -0.836623 -0.346655 0.531419 0.621294 -0.442185 -0.686324 0.432420 0.563666 -0.246514 0.030021 -0.429856 -0.325767 -0.380046 0.426389 -0.282241 0.530727
VERTEX_POSE A1580 -0.818264 0.798603 0.942647 -0.238911 0.980622 -0.618304 -0.450219 -0.115950 -0.400287 0.041596 -0.472421 -0.667754 0.479248 0.430853 0.106734 0.471788 0.338525 -0.013555 -0.585927 0.680545
VERTEX_POSE A1581 0.264963 0.622515 -0.421044 0.874416 0.655263 0.425899 0.459172 0.596449 0.269503 0.319815 0.285370 -0.197543 0.233880 -0.002808 0.202285 0.654853 -0.714359 -0.816110 0.450941 0.229119
VERTEX_POSE A1582 0.030425 0.627278 0.569195 -0.818744 0.182500 -0.273559 0.364694 0.721348 -0.055711 0.413930 0.109572 -0.526920 -0.456778 0.425537 -0.208928 0.696945 -0.189367 0.775091 0.035805 0.500709
VERTEX_POSE A1583 -0.268988 -0.772388 0.108456 0.491854 -0.836224 -0.298995 0.751826 -0.224861 -0.305091 -0.422152 0.530383 0.415142 -0.273149 -0.604757 0.371662 -0.178667 -0.104419 -0.712072 -0.387315 -0.539905
VERTEX_POSE A1584 -0.644319 -0.515349 0.059573 0.490153 0.984796 -0.019166 0.815563 -0.486259 0.492722 -0.167373 -0.574952 -0.389180 0.307176 -0.005451 -0.212388 0.276118 0.441018 0.748523 0.369114 0.488319
VERTEX_POSE A1585 0.911766 -0.316643 -0.788287 -0.307293 -0.015412 0.034748 0.628516 -0.647555 -0.508791 -0.346128 -0.525648 0.170675 0.366543 -0.209801 0.190627 -0.562084 -0.490430 0.821253 -0.186737 -0.140817
VERTEX_POSE A1586 -0.594665 -0.714222 0.905280 0.025086 0.062416 0.587015 -0.594640 -0.143856 0.221690 0.168022 0.446407 0.566434 0.210979 0.590094 0.435732 -0.092007 -0.488976 -0.309125 -0.751794 0.438996
VERTEX_POSE A1587 -0.149668 0.627141 -0.628331 0.104172 -0.024991 0.627781 -0.217782 -0.642373 0.571222 -0.127313 0.150886 -0.005090 -0.553507 0.404082 -0.170962 0.527388 -0.377188 -0.500342 -0.593173 -0.508956
VERTEX_POSE A1588 -0.618682 -0.821235 0.800038 0.603254 0.946474 0.194641 0.792678 -0.227297 -0.925602 0.255088 -0.224009 -0.169390 0.275075 0.801868 0.188783 0.408311 0.295326 -0.202593 -0.253393 0.409813
VERTEX_POSE A1589 0.999377 -0.963566 -0.907386 -0.313387 -0.385114 0.143411 -0.111640 0.091068 0.650618 0.707588 -0.072332 -0.591974 0.453854 -0.631751 -0.254229 0.516657 0.552276 0.375585 -0.118059 -0.531372
VERTEX_POSE A1590 -0.817694 -0.852134 0.541108 -0.441691 -0.778916 0.374137 0.112586 0.289936 0.438269 -0.473880 0.631469 0.233622 0.601493 -0.102193 -0.360073 0.546909 0.693524 0.695492 0.319154 -0.160513
VERTEX_POSE A1591 -0.689327 0.579505 0.732871 0.995212 -0.873377 0.589628 -0.609392 -0.112433 0.266364 0.267299 0.258713 -0.250114 -0.533831 0.788989 0.605851 -0.076684 -0.029088 0.389584 0.516078 0.545047
VERTEX_POSE A1592 -0.765978 -0.217771 0.016469 0.588563 -0.958737 0.589264 -0.287825 -0.628858 -0.102517 -0.689850 -0.162142 -0.538618 -0.146966 -0.476712 -0.455130 0.389659 -0.490952 0.380796 0.517523 -0.331602
VERTEX_POSE A1593 -0.770220 -0.365031 0.929938 0.808003 -0.497664 0.551011 0.070160 -0.419700 -0.583580 -0.228798 0.356225 0.393980 -0.599926 0.442932 0.411151 -0.165868 0.387951 -0.177639 -0.745189 -0.591829
VERTEX_POSE A1594 -0.475278 0.890957 -0.487531 0.891628 0.476620 -0.502670 0.123667 -0.703290 -0.581181 -0.292985 0.643208 0.294790 -0.185773 -0.012632 -0.519675 0.459347 0.082236 0.229321 0.808304 0.291107
VERTEX_POSE A1595 -0.017418 -0.317233 0.154671 0.977091 0.661181 0.004692 -0.353257 -0.569965 -0.414106 -0.024766 -0.436748 -0.066122 0.835370 -0.469276 0.906960 0.033252 -0.250145 0.039323 0.419103 0.448998
VERTEX_POSE A1596 0.420590 -0.177431 -0.465025 0.354901 0.059968 0.320040 -0.435372 -0.469229 -0.614723 -0.433381 0.492951 -0.037215 0.444876 0.337602 -0.491370 -0.358132 -0.393634 0.526176 -0.544480 0.517591
VERTEX_POSE A1597 -0.144855 0.978140 -0.813859 0.266587 -0.309828 -0.577405 0.056601 0.309170 -0.671407 0.283657 -0.594729 -0.270396 -0.632222 0.316159 -0.376697 -0.084861 0.399731 -0.028321 -0.713743 -0.539416
VERTEX_POSE A1598 -0.519225 0.072052 0.162983 -0.225834 0.353432 -0.490935 -0.140887 0.552247 0.329006 0.547786 0.475760 -0.177970 0.615901 0.265169 -0.041234 -0.508808 0.585130 0.785725 -0.204600 0.236609
VERTEX_POSE A1599 -0.330913 -0.728110 -0.374684 0.657873 0.565530 0.445927 0.610953 -0.474116 -0.499397 0.536422 0.392162 0.078940 0.546798 0.014522 0.738275 -0.070132 0.533048 0.021673 0.187298 0.580579
VERTEX_POSE A1600 0.075642 0.381613 0.246304 -0.860648 0.272564 -0.334758 0.332216 0.574334 0.397942 -0.004013 0.739575 0.430482 0.530616 -0.345171 0.713927 0.040874 0.062771 0.185939 -0.778712 0.009308
VERTEX_POSE A1601 -0.811932 -0.994471 -0.956983 -0.978160 0.060401 0.326650 0.035605 0.612298 -0.091982 -0.516113 -0.150762 -0.310901 0.826070 -0.035288 0.568083 0.127769 0.401068 0.682247 0.183423 -0.663521
VERTEX_POSE A1602 0.857335 0.244706 0.836876 0.033085 -0.427993 -0.754242 -0.421463 -0.254260 -0.460738 0.067175 -0.014623 0.124545 -0.727412 0.661804 -0.258495 -0.008377 0.086655 0.369470 -0.537269 -0.699746
VERTEX_POSE A1603 -0.544375 0.321073 0.904701 -0.241536 0.958489 -0.078490 -0.409214 0.207686 0.076171 0.664633 0.437008 -0.766466 0.408477 0.079042 -0.208768 -0.405609 0.797498 -0.597480 -0.243792 -0.351624
VERTEX_POSE A1604 0.992640 0.519883 0.112217 -0.769423 -0.026785 0.391320 -0.527602 -0.530796 -0.271440 0.384680 -0.528879 0.722937 -0.048054 0.304622 -0.055497 0.229107 0.530025 -0.497465 -0.720318 0.254601
VERTEX_POSE A1605 0.026853 -0.651063 -0.370559 -0.111315 -0.265515 0.502332 0.507783 0.065084 -0.022622 -0.770795 0.238013 -0.229428 0.257981 0.108763 0.667755 -0.280676 -0.578407 0.498615 -0.051947 0.769889
VERTEX_POSE A1606 -0.787581 0.763433 -0.648117 0.374025 0.547161 0.898491 -0.062720 0.111528 -0.316426 -0.716948 0.403826 0.301151 -0.611121 -0.039128 -0.025296 -0.269691 -0.463197 0.035436 0.189340 0.780003
VERTEX_POSE A1607 0.797079 0.945752 -0.497227 -0.879396 -0.816125 -0.647989 0.205952 -0.256720 -0.713487 -0.484805 0.233852 -0.251335 0.824791 0.304902 0.069916 0.075793 0.575878 -0.054669 0.191110 -0.674394
VERTEX_POSE A1608 -0.099119 -0.381739 -0.906941 0.749978 0.755952 -0.729851 0.397786 0.465982 -0.463850 -0.776184 -0.212135 -0.354777 -0.196627 0.161878 -0.290975 0.445297 -0.656891 0.204027 -0.048509 0.529291
VERTEX_POSE A1609 0.065508 -0.893428 -0.316862 0.949806 0.851561 0.231633 -0.274063 0.754434 0.519587 -0.283704 -0.619666 0.691188 0.691966 0.135740 -0.250443 0.399288 0.030776 -0.368665 0.454041 -0.165745
VERTEX_POSE A1610 0.564992 -0.202644 -0.710929 -0.936400 -0.652749 -0.357330 -0.220556 -0.254562 -0.131549 0.795285 -0.377184 0.481171 -0.059697 -0.777549 0.430333 0.504871 0.427475 0.662042 -0.245801 0.074914
VERTEX_POSE A1611 0.082617 -0.583136 -0.964294 -0.488933 0.736575 0.581398 -0.716316 0.124345 -0.471027 -0.176284 -0.191988 0.548621 0.371658 -0.714799 -0.178580 0.223491 -0.082338 -0.327467 -0.517434 -0.655714
VERTEX_POSE A1612 -0.669528 0.729087 0.262093 0.824222 0.506824 0.527058 -0.547868 -0.494592 -0.216348 0.049273 -0.581025 -0.437348 -0.032849 -0.565626 -0.678851 -0.559157 0.216365 -0.152615 0.619417 -0.225923
VERTEX_POSE A1613 -0.404583 -0.575366 0.858266 -0.755144 0.529752 0.679633 0.437604 -0.043057 0.618354 -0.225177 0.549467 -0.320982 0.575725 0.647443 0.213478 0.344262 -0.517991 0.084471 -0.554817 0.093463
VERTEX_POSE A1614 0.813629 -0.355524 0.144162 -0.997079 0.900351 0.075293 0.251332 0.809238 0.510496 0.546375 0.193137 0.543233 0.325130 -0.520746 0.600044 -0.590195 0.150016 0.280303 -0.429264 0.118957
VERTEX_POSE A1615 -0.313847 -0.786261 -0.678334 0.314374 0.491620 0.689022 -0.050911 0.403701 0.464130 -0.480317 0.037765 -0.552134 -0.397657 0.498260 -0.001076 -0.566583 -0.704197 0.070563 0.536243 -0.302395
VERTEX_POSE A1616 -0.492817 0.107991 -0.930021 -0.062436 -0.485661 -0.614127 -0.255285 -0.598868 -0.476203 0.475421 0.438715 0.420461 0.692615 -0.434484 -0.399894 0.441480 -0.307498 -0.243673 0.184890 0.406884
VERTEX_POSE A1617 -0.781036 -0.069746 0.049442 0.028006 -0.037233 -0.627197 0.080696 0.150323 0.561814 0.094577 -0.233744 0.200939 -0.628284 0.736267 0.222172 -0.541918 -0.466296 -0.448612 -0.544176 -0.404036
VERTEX_POSE A1618 0.536485 0.840880 -0.306665 -0.581454 -0.533371 -0.064411 0.139263 -0.334172 0.233809 0.787602 -0.412954 -0.787416 -0.170501 -0.341785 0.050450 0.132555 0.662215 -0.564460 0.560042 0.403053
VERTEX_POSE A1619 -0.111499 0.286756 0.870017 -0.459182 -0.539187 -0.511494 -0.276592 -0.082065 -0.450507 0.372406 -0.120174 0.330068 0.103383 -0.925679 0.390827 0.697646 0.302650 -0.523190 0.536108 -0.174197
VERTEX_POSE A1620 -0.781659 -0.033312 0.142056 0.714619 0.577653 0.645686 0.333031 0.391204 0.212334 -0.691154 0.048183 -0.043815 0.559038 0.240943 -0.688446 0.161318 0.045758 0.249253 0.269906 -0.885715
VERTEX_POSE A1621 0.718790 0.988746 -0.765557 -0.023145 -0.312287 -0.701220 0.114270 0.685065 0.389411 -0.541337 0.585854 -0.015589 0.201175 -0.072909 -0.537250 -0.722761 -0.410051 -0.260323 0.361997 -0.118342
VERTEX_POSE A1622 0.199175 -0.133739 0.602888 -0.463970 -0.412564 0.531245 -0.120339 -0.402292 -0.719613 0.324793 0.064650 0.009598 0.662400 -0.639328 -0.346055 -0.422720 -0.628978 -0.283003 -0.512408 -0.172129
VERTEX_POSE A1623 -0.547637 0.748917 -0.841475 0.303182 0.618916 0.807196 0.023114 -0.481193 -0.552357 0.146008 -0.558636 0.105630 -0.428192 0.544459 0.043884 0.787587 0.398964 0.173933 0.417739 0.027771
VERTEX_POSE A1624 0.948571 -0.376286 -0.835619 -0.215142 0.190049 -0.042249 0.585758 0.222972 0.743131 -0.269755 0.554116 -0.080507 0.627879 0.309511 0.165681 -0.021775 -0.599828 -0.641903 -0.435217 0.433184
VERTEX_POSE A1625 0.723896 -0.242782 -0.884643 -0.572342 -0.935943 0.130488 0.202922 -0.523508 -0.314415 -0.455640 0.541702 0.193271 -0.257846 0.290975 -0.796852 0.521512 0.106156 0.460205 0.642460 0.580141
VERTEX_POSE A1626 0.434945 -0.568316 0.313196 0.280273 0.280097 -0.440795 -0.385652 -0.291230 -0.620653 -0.332159 -0.177337 0.011744 -0.590535 0.291215 -0.066754 -0.200585 0.846356 0.644899 -0.593276 -0.287424
VERTEX_POSE A1627 0.369161 0.446284 -0.300644 -0.860242 -0.749983 -0.035111 -0.297073 0.581654 -0.709373 -0.594802 -0.359466 -0.019536 -0.034154 0.372294 0.265100 -0.622758 0.376742 0.651842 -0.411053 -0.501922
VERTEX_POSE A1628 -0.420958 -0.264642 -0.698502 0.694245 -0.245771 -0.129787 0.508482 -0.076433 -0.526041 0.556702 0.526548 0.045455 0.434596 -0.583073 0.454401 0.455683 -0.234819 0.705613 0.187106 0.567267
VERTEX_POSE A1629 0.915720 0.503736 -0.523821 -0.945561 -0.366471 0.398545 0.328126 0.665455 -0.077226 0.819578 -0.322033 0.656117 -0.199045 0.124617 0.569836 -0.095067 -0.661520 0.282834 0.414691 0.018072
VERTEX_POSE A1630 -0.961752 0.718174 0.324672 0.797632 0.815548 -0.408656 0.432390 0.041453 -0.628598 0.433981 0.085878 0.403048 0.734075 -0.207360 -0.253606 -0.131235 0.670215 -0.459458 -0.261936 -0.706202
VERTEX_POSE A1631 0.654683 -0.883029 0.547802 0.833597 -0.973207 -0.413453 0.800674 -0.374765 -0.172647 -0.048460 0.483987 0.032737 -0.412258 -0.547118 0.628887 0.415595 0.361155 -0.634570 -0.117889 0.442195
VERTEX_POSE A1632 -0.896212 0.509266 -0.480804 -0.923721 0.693930 0.635965 -0.085616 -0.068677 -0.221958 0.352608 0.258995 0.348139 0.529188 0.694733 0.531901 0.376740 -0.541344 0.377046 -0.668105 0.390510
VERTEX_POSE A1633 0.895583 -0.037121 0.161548 -0.169284 -0.612446 -0.528866 -0.135918 0.708966 -0.373132 0.826142 -0.292723 -0.460613 -0.016408 -0.136367 -0.432500 -0.546297 -0.610385 -0.426442 0.017479 0.143232
VERTEX_POSE A1634 -0.889692 0.438044 0.452504 -0.407939 0.985282 -0.270492 0.447730 0.657621 -0.493446 0.289531 0.084744 -0.426729 0.504002 -0.545154 0.667655 0.658756 -0.187797 0.235551 0.166531 0.477381
VERTEX_POSE A1635 -0.903572 0.029149 0.631413 -0.693144 -0.332854 0.440562 -0.453809 0.554756 0.545375 -0.369994 -0.153029 0.484498 0.237293 -0.676863 -0.515858 -0.631868 -0.369754 0.087319 -0.448995 -0.271968
VERTEX_POSE A1636 -0.077565 0.311817 0.790988 0.719401 0.122039 0.612896 0.182515 0.450441 0.343014 0.004758 0.508745 0.198860 -0.882309 0.121777 -0.564207 0.164620 0.687569 -0.385780 -0.401369 0.225169
VERTEX_POSE A1637 -0.677273 0.201477 0.804387 0.966086 0.532443 -0.199108 -0.229874 -0.437956 -0.517979 0.415167 -0.660354 -0.560267 0.165424 0.454639 -0.610315 -0.330657 0.317357 0.075305 0.798809 0.254391
VERTEX_POSE A1638 0.893507 -0.025099 -0.865814 -0.572540 -0.148980 -0.149690 0.203766 0.640350 -0.087293 0.341751 0.641249 0.692274 -0.600215 0.387690 -0.541938 -0.435870 0.111209 0.443884 0.539856 -0.126809
VERTEX_POSE A1639 0.823316 0.930077 0.884047 0.469379 -0.122008 0.622113 0.058779 0.227172 -0.355451 -0.191445 0.480514 -0.421090 0.619069 -0.466500 -0.014002 0.698332 0.647472 0.555983 0.298293 -0.284001
VERTEX_POSE A1640 0.388236 0.308049 -0.512476 0.915891 0.384004 0.699363 0.461013 -0.373515 0.518935 -0.034933 0.052072 0.334180 -0.010365 0.902488 0.343811 -0.706188 -0.150928 -0.108237 0.536132 0.143221
VERTEX_POSE A1641 0.458500 0.772257 -0.576742 -0.508940 0.198272 -0.087566 0.322518 -0.428458 -0.199954 0.606023 -0.542730 -0.901048 -0.387846 -0.075131 -0.082953 0.416145 0.552412 0.365488 -0.452899 -0.459417
VERTEX_POSE A1642 -0.094066 -0.653059 0.919754 0.980446 -0.385433 0.027194 0.285212 0.356309 -0.616879 -0.171889 0.666684 -0.520985 -0.563009 -0.305176 0.001267 0.306579 0.408319 -0.589317 0.691476 -0.410755
VERTEX_POSE A1643 0.718707 0.037136 0.749618 0.740113 -0.109172 -0.618035 0.707285 -0.001390 0.527616 0.153340 0.541447 -0.345027 -0.472807 0.048207 0.229012 -0.052122 -0.814332 -0.410079 -0.499971 0.203401
VERTEX_POSE A1644 -0.946083 -0.803110 -0.718476 -0.264083 -0.271976 0.549583 -0.598781 -0.440057 -0.751149 -0.186981 -0.363492 0.021073 -0.522847 0.255924 0.129357 0.366413 -0.759055 0.341404 0.445951 0.180452
VERTEX_POSE A1645 -0.280437 -0.008583 0.063916 0.983367 -0.485082 0.418661 -0.701393 -0.254214 0.332933 0.135617 0.798348 0.618121 0.558171 -0.184679 -0.476499 0.356246 -0.220331 -0.323656 -0.226254 0.464073
VERTEX_POSE A1646 -0.595140 0.250875 -0.928716 0.054488 -0.617552 -0.241832 0.700977 -0.224829 -0.538545 -0.562195 -0.268078 -0.489493 -0.103799 -0.364354 0.164072 -0.378341 0.460914 0.620454 -0.196602 -0.729651
VERTEX_POSE A1647 -0.438900 0.304881 -0.648497 0.673480 0.242363 -0.742607 -0.345152 0.572042 -0.580684 0.416295 -0.494957 0.280380 0.024953 0.426164 -0.164423 -0.238760 -0.292714 0.075455 -0.806188 -0.400610
VERTEX_POSE A1648 -0.061473 0.921671 -0.886642 0.011373 0.477684 -0.066897 0.435250 -0.222657 -0.392060 0.591373 0.512596 0.467058 0.226917 -0.532568 -0.702777 -0.452428 -0.345071 -0.360243 0.452387 -0.533823
VERTEX_POSE A1649 0.941345 0.091755 -0.235381 0.473033 -0.150923 -0.539141 0.400260 0.070820 0.687071 -0.234364 -0.115732 -0.046175 0.045088 0.569247 0.324455 0.214427 0.759449 0.360357 0.858402 -0.284228
VERTEX_POSE A1650 0.449601 -0.408363 -0.778480 -0.785702 0.703176 0.753925 0.518525 0.025104 0.149020 -0.713188 0.284258 -0.014063 -0.033821 -0.095236 -0.050687 -0.114796 -0.937897 0.637670 -0.456260 -0.172762
VERTEX_POSE A1651 0.156868 -0.111641 0.255414 -0.274007 0.055337 -0.313115 -0.731751 -0.392106 -0.734879 -0.076494 0.640098 -0.191033 0.264146 0.120260 0.542355 -0.536645 0.619134 0.176829 0.317691 0.196820
VERTEX_POSE A1652 0.660135 0.080500 -0.000938 -0.550112 0.536790 -0.353950 0.296725 0.830875 -0.583475 0.634116 -0.498239 0.271016 0.447418 0.094033 0.194333 0.336205 0.208121 0.650432 0.443434 -0.096168
VERTEX_POSE A1653 -0.351225 0.457898 0.824409 -0.249672 -0.709387 -0.248485 0.309063 0.828248 -0.435428 0.142178 0.223138 0.576515 -0.583074 0.507012 -0.075388 -0.035108 -0.084313 -0.640784 -0.736925 -0.006729
VERTEX_POSE A1654 0.609231 -0.362724 0.413939 -0.970825 -0.325747 -0.227250 0.386340 -0.609617 0.440590 0.370478 -0.364084 0.396186 0.062569 0.547074 0.188194 -0.838844 -0.415039 0.749572 0.076902 -0.155767
VERTEX_POSE A1655 0.608706 0.704215 0.163443 0.234746 -0.273161 0.469354 -0.066892 -0.614514 -0.831076 0.043415 -0.328156 -0.248869 -0.354653 0.337550 -0.157505 -0.146656 -0.633045 0.047701 -0.919975 -0.000016
VERTEX_POSE A1656 -0.627328 -0.784884 0.939766 0.177986 -0.645330 -0.288329 0.380541 -0.479876 -0.517838 0.480156 0.444476 0.262681 -0.169155 -0.502735 0.654778 0.741900 0.006534 -0.388555 0.213566 -0.565132
VERTEX_POSE A1657 0.044176 0.068960 -0.272865 0.309448 0.954350 0.101097 -0.563896 -0.093957 0.587630 0.351705 -0.722805 0.666441 -0.211908 0.392320 0.369967 -0.418711 0.089945 -0.251896 -0.581465 -0.553823
VERTEX_POSE A1658 -0.022134 0.150499 0.862799 0.374504 -0.023144 -0.583849 -0.036891 -0.139015 0.514141 0.527023 -0.594952 0.442754 -0.640441 -0.168434 0.418292 -0.211512 0.497027 -0.154204 -0.515736 -0.592707
VERTEX_POSE A1659 -0.048287 -0.049526 -0.758736 -0.127769 0.108898 -0.477499 0.303427 -0.806017 0.273962 0.323683 -0.192326 0.704292 0.367906 -0.256882 -0.447183 0.498129 0.361650 0.030642 0.647823 0.341420
VERTEX_POSE A1660 -0.040104 -0.427303 0.203314 0.363887 -0.412121 -0.468941 -0.066020 0.169292 0.509475 -0.035632 0.076839 0.160429 -0.745265 0.619869 -0.639513 -0.406562 -0.239031 -0.292943 0.523124 0.723922
VERTEX_POSE A1661 0.016114 -0.131328 0.187471 0.172136 -0.207597 -0.088288 0.793125 0.290022 0.198952 0.083311 0.747646 -0.800904 0.298246 -0.174746 -0.556677 -0.524322 0.449932 -0.035871 -0.012171 0.352048
VERTEX_POSE A1662 -0.393603 0.067445 0.789067 -0.294172 0.135691 0.360770 -0.094939 -0.333879 -0.251015 -0.740232 0.252340 0.045050 -0.422422 -0.816811 -0.667226 0.439239 -0.391294 -0.599681 -0.267716 0.067517
VERTEX_POSE A1663 0.063685 -0.918038 0.722510 0.440166 -0.718191 0.600400 0.268103 -0.671811 0.286008 -0.677338 -0.306082 -0.398478 -0.579114 -0.313839 0.523380 -0.365516 0.561080 0.353564 -0.018965 0.204153
VERTEX_POSE A1664 -0.088304 0.831552 -0.650981 -0.997147 0.179957 -0.103910 -0.395956 0.553249 0.052496 -0.612506 -0.729478 0.728712 0.342893 -0.006375 -0.371499 0.587620 -0.393833 -0.563396 0.071992 0.081435
VERTEX_POSE A1665 -0.283295 -0.494510 0.241570 0.297889 0.120973 0.242552 0.621414 -0.295566 -0.838241 -0.207871 -0.323008 0.388142 -0.460885 -0.794971 -0.141944 -0.062176 -0.001556 -0.260229 0.595276 -0.419910
VERTEX_POSE A1666 0.160113 0.111111 0.353923 0.747022 -0.051045 -0.055682 -0.386120 -0.540381 0.246328 0.524986 -0.695964 0.502072 0.521523 0.373901 0.220552 -0.357841 0.258801 0.797184 -0.418646 -0.129779
VERTEX_POSE A1667 0.834132 0.143369 -0.859993 0.722254 -0.698003 0.266721 0.416719 -0.139144 -0.311010 -0.224715 0.586503 0.425157 0.475950 0.711125 0.460226 -0.738233 0.226556 0.662997 -0.065815 -0.282182
VERTEX_POSE A1668 0.039433 0.706967 0.045957 0.263975 -0.346584 -0.226416 0.481765 0.613162 -0.408957 -0.746041 -0.004232 0.160422 -0.004009 -0.434178 -0.159051 0.435349 -0.648705 -0.854668 0.147582 -0.121185
VERTEX_POSE A1669 0.053621 -0.913988 0.488109 -0.825517 0.799975 0.161681 -0.546792 0.319140 -0.402717 0.435978 -0.475579 -0.456449 -0.154784 0.401636 0.065692 -0.628559 -0.714413 -0.773962 -0.303144 0.016622
VERTEX_POSE A1670 0.657448 0.073446 -0.975946 0.191633 0.179989 -0.013304 -0.346402 -0.633601 0.618976 0.137063 0.327489 -0.259552 -0.610977 0.667871 -0.229771 -0.479185 -0.180535 0.704648 -0.508240 -0.112498
VERTEX_POSE A1671 -0.572332 0.015016 0.533481 0.179867 -0.962579 -0.478264 0.549581 -0.462558 -0.242613 -0.529764 -0.336036 -0.410861 -0.599281 -0.187583 0.473331 -0.241158 0.137245 0.565290 0.003970 -0.786826
VERTEX_POSE A1672 -0.487880 0.858269 0.911367 -0.334457 -0.001753 0.784413 0.265462 -0.247915 -0.608396 0.306192 -0.481119 -0.098371 0.666319 0.711361 -0.013002 -0.157040 0.264615 0.068589 0.605915 -0.361950
VERTEX_POSE A1673 -0.436618 0.420387 0.943808 0.172079 0.794555 -0.502908 -0.577361 -0.497300 0.332947 -0.533849 -0.172147 0.174985 -0.538041 0.310555 0.439731 -0.263127 0.418813 -0.642064 -0.151446 0.671721
VERTEX_POSE A1674 -0.853624 -0.947847 0.283099 -0.080020 -0.071751 0.018246 -0.841745 -0.515017 -0.472334 -0.055023 0.191534 -0.490973 -0.402970 0.450139 0.588315 -0.355039 0.679969 0.435199 0.000912 -0.181905
VERTEX_POSE A1675 -0.433963 -0.944841 -0.807109 0.401460 0.726271 -0.694350 0.564922 -0.397930 -0.388724 0.182483 0.665964 0.278878 0.445326 0.481697 0.451482 0.406280 -0.396665 -0.291826 -0.533090 -0.093637
VERTEX_POSE A1676 0.282945 -0.588196 0.007724 0.155446 -0.690527 -0.317224 -0.426365 0.150262 0.509294 -0.292576 0.197746 0.714655 0.038769 0.373376 -0.353810 -0.113481 0.860433 0.063840 -0.847485 -0.241997
VERTEX_POSE A1677 -0.448764 0.303028 0.354383 0.974468 0.310698 0.282526 0.526509 -0.354148 0.497216 0.430736 0.659515 0.166026 -0.329653 -0.318242 0.802485 -0.358427 -0.242827 0.037528 -0.547827 0.528561
VERTEX_POSE A1678 0.127137 0.360040 -0.455606 0.074940 -0.031366 0.416643 -0.447061 -0.378492 0.301341 -0.401523 -0.480327 0.345402 -0.509557 0.763158 0.452159 0.339820 0.194371 -0.641757 -0.513604 0.076422
VERTEX_POSE A1679 -0.778529 -0.666525 0.121081 -0.833181 0.787157 0.707403 0.154902 -0.344251 0.348710 0.350188 0.435493 0.104028 -0.613739 -0.545104 0.592945 -0.140798 0.120438 0.124808 -0.675925 0.616598
VERTEX_POSE A1680 -0.507420 -0.605218 -0.880998 0.447501 -0.840225 0.024833 0.654275 0.253828 0.728663 -0.210115 -0.496298 0.068721 0.143878 -0.399497 0.639015 0.412451 0.367759 -0.235311 0.580482 -0.628025
VERTEX_POSE A1681 -0.423263 0.951677 -0.234086 0.289238 -0.328190 0.542125 -0.688354 -0.276662 0.348654 0.239223 -0.185336 -0.159713 0.457358 -0.265587 -0.142708 0.060394 -0.902820 0.733939 0.506081 0.059059
VERTEX_POSE A1682 0.378340 0.221834 -0.623505 -0.107188 -0.157506 0.250144 0.488070 -0.377700 0.503529 0.470685 -0.275189 -0.037717 -0.513636 -0.848930 0.647239 -0.519231 0.216401 0.513367 -0.082588 0.118750
VERTEX_POSE A1683 -0.847284 0.475283 0.118064 0.897389 0.696565 -0.495103 -0.512637 0.066019 -0.653093 0.389549 -0.634399 0.055364 -0.442861 -0.373543 0.022013 0.623642 0.205834 -0.569906 -0.019992 0.641309
VERTEX_POSE A1684 0.225513 0.409576 -0.409677 -0.960434 -0.037577 0.206581 -0.293892 -0.131836 0.662075 0.381307 0.008663 0.188530 -0.719574 -0.525483 -0.180416 0.497915 -0.839227 -0.671482 -0.050265 0.045931
VERTEX_POSE A1685 -0.012429 0.859110 0.790434 -0.078013 0.516747 0.412292 0.285320 -0.770164 -0.099470 -0.498353 -0.348900 -0.608438 -0.465633 -0.287334 -0.471330 0.506183 0.185887 0.477255 -0.444074 0.409879
VERTEX_POSE A1686 0.761421 0.179498 -0.718492 0.132135 -0.576597 -0.323493 0.460014 -0.457617 -0.061477 0.478544 -0.253015 0.715072 0.615378 0.184930 0.156366 -0.127725 -0.779296 -0.596485 0.405437 0.291665
VERTEX_POSE A1687 0.598185 0.624692 -0.469911 0.217553 0.317093 0.271328 -0.171372 -0.403159 -0.630419 0.621787 -0.448750 0.317124 -0.117377 -0.756405 -0.641108 -0.670680 -0.052678 0.131778 0.347021 0.247311
VERTEX_POSE A1688 -0.968253 -0.071930 -0.482431 -0.768566 0.471097 0.628710 0.115855 -0.574550 -0.443305 0.523968 -0.617485 -0.551971 -0.619265 -0.324853 0.321608 -0.563879 -0.275296 -0.010015 0.102894 0.327548
VERTEX_POSE A1689 -0.260713 -0.670003 -0.855693 -0.493360 0.400259 0.639181 -0.223622 0.617827 -0.484060 -0.125004 0.370980 0.523067 0.468280 -0.054237 -0.233324 0.826673 0.378492 -0.170570 -0.178025 0.578330
VERTEX_POSE A1690 -0.450102 -0.424834 -0.228647 -0.910216 -0.574009 -0.574127 0.537851 -0.104213 -0.038021 -0.438611 -0.616913 -0.056568 -0.425672 0.739211 0.663149 0.545932 0.100850 -0.475358 0.197736 0.227934
VERTEX_POSE A1691 -0.008356 0.500767 0.720884 0.595321 -0.941024 0.597351 0.127341 0.492316 -0.539726 0.547517 0.405843 0.055196 0.276683 0.529673 -0.041249 -0.720974 0.541310 -0.589168 -0.296062 0.139091
VERTEX_POSE A1692 0.755401 0.198669 0.331778 0.678776 -0.807338 -0.720674 -0.402587 -0.100861 0.122233 0.588271 0.282121 0.438470 -0.006502 -0.396976 0.413451 -0.629656 0.626481 0.320141 -0.308791 -0.600139
VERTEX_POSE A1693 0.156295 0.642611 -0.439580 -0.204388 0.561683 -0.093574 0.125827 0.468719 -0.063115 -0.520904 -0.432008 0.436818 0.748620 -0.305919 -0.446272 0.208504 0.510624 -0.772847 0.330032 -0.489232
VERTEX_POSE A1694 -0.944671 0.582729 0.443394 0.035488 -0.659215 0.093460 -0.447559 -0.617065 0.352208 0.647473 -0.397286 -0.618242 -0.290422 -0.287583 0.469457 -0.459221 0.473222 -0.514395 0.291960 0.393385
VERTEX_POSE A1695 -0.332902 0.030221 0.680796 0.681629 0.372619 -0.204472 0.875108 -0.016455 -0.647624 -0.335482 -0.569764 0.010028 -0.235153 0.199239 0.729413 -0.076763 -0.438952 0.081425 0.245861 -0.665374
VERTEX_POSE A1696 0.873000 -0.851899 0.801990 -0.906498 -0.317344 -0.182494 -0.642071 -0.136303 0.099479 0.404817 -0.856815 0.554106 -0.200461 -0.238436 0.080215 0.607960 0.387215 -0.802080 0.118612 -0.201250
VERTEX_POSE A1697 0.215442 -0.306160 -0.202683 -0.217490 0.289740 0.312409 0.311329 0.385943 0.809128 0.047566 -0.565989 0.204416 -0.568461 0.415790 0.252715 0.606275 0.492622 0.376910 -0.458362 0.339334
VERTEX_POSE A1698 -0.498771 -0.826411 0.820803 0.403883 0.674616 -0.553928 0.393705 -0.550620 -0.712656 -0.094271 0.386641 -0.276917 -0.827461 -0.374258 -0.252546 -0.016140 0.626941 -0.211714 0.388789 -0.119176
VERTEX_POSE A1699 -0.087567 0.855068 -0.152053 0.357477 0.336072 -0.649451 0.259286 0.558211 -0.419452 0.326338 -0.290716 0.244168 -0.486736 0.224193 -0.176387 -0.460309 0.545976 0.558161 0.614392 0.505502
VERTEX_POSE A1700 -0.730937 -0.220148 -0.714574 -0.043007 0.089715 -0.280638 0.575341 -0.352581 0.716088 0.352028 -0.498407 -0.452969 -0.381154 -0.761461 -0.380806 0.363358 0.217116 0.241384 -0.517447 -0.017746
VERTEX_POSE A1701 -0.841323 0.247036 0.844858 -0.404484 -0.145395 0.387591 0.576060 0.594989 -0.532776 0.077242 -0.144136 -0.734831 0.314740 0.416781 -0.152278 -0.512018 0.225759 0.052517 -0.548603 0.632881
VERTEX_POSE A1702 0.340101 -0.129915 -0.618572 -0.462657 0.373493 -0.057388 0.561860 -0.716859 0.577124 -0.422400 -0.182809 0.422088 0.046016 -0.445649 -0.281842 0.405930 0.173907 -0.637213 -0.582233 -0.473126
VERTEX_POSE A1703 -0.218817 -0.361879 -0.803207 0.622535 -0.912038 -0.693513 -0.603083 -0.106147 0.113336 0.083685 -0.061931 0.336329 -0.425522 -0.790049 -0.595906 0.584421 -0.460307 -0.194866 -0.326606 0.385794
VERTEX_POSE A1704 -0.277941 -0.332577 0.788666 0.767595 -0.350840 0.200860 -0.575750 0.544596 0.429513 -0.526405 -0.728726 -0.362131 -0.011792 -0.095938 0.663060 0.608310 -0.020390 0.452092 -0.145706 0.403429
VERTEX_POSE A1705 0.486477 -0.077762 0.664527 0.457323 -0.698258 0.601698 -0.049070 0.409216 -0.482474 0.406304 0.629906 0.269564 -0.595219 0.427640 0.207610 0.402924 0.423853 0.537971 0.562028 -0.270616
VERTEX_POSE A1706 0.347220 -0.306719 -0.610316 0.023995 0.814233 0.079324 0.269831 0.704240 0.305460 0.798189 0.123147 -0.231651 0.472359 -0.540122 0.635074 -0.258468 0.107503 -0.665898 -0.012539 0.430804
VERTEX_POSE A1707 -0.994996 0.079227 -0.203611 -0.076960 -0.041367 0.816195 -0.092457 0.347297 0.026482 0.601545 -0.198685 0.506441 -0.256932 -0.398139 0.231481 0.741225 0.195346 -0.151849 -0.119027 0.802019
VERTEX_POSE A1708 -0.962287 -0.774734 0.018910 0.431791 0.612440 0.484888 -0.118983 -0.266473 -0.273606 0.473351 -0.768409 0.505205 0.664950 0.012760 0.015879 -0.523690 -0.569403 -0.659196 0.213010 0.118988
VERTEX_POSE A1709 -0.525644 -0.946679 -0.065922 -0.901065 -0.217133 0.350320 0.594493 0.714658 -0.222130 -0.520847 0.624257 0.457642 0.051909 -0.225434 -0.201418 0.520057 -0.210388 0.760216 -0.319599 -0.066955
VERTEX_POSE A1710 -0.773525 0.412701 0.917471 0.089860 -0.254210 -0.092641 0.562524 0.605926 -0.421643 -0.613300 0.099598 -0.254007 0.220133 0.356267 -0.085988 0.493151 -0.688050 0.861233 -0.125588 0.150318
VERTEX_POSE A1711 -0.469707 -0.379952 0.137911 -0.120708 0.772215 0.691951 0.602825 0.103388 0.403681 -0.527309 -0.664773 0.089802 0.333771 -0.273635 0.447132 -0.102065 -0.095056 -0.387626 0.486546 -0.680791
VERTEX_POSE A1712 0.051094 -0.995001 0.699992 0.388173 0.454677 0.530485 -0.677522 -0.044291 -0.109906 -0.452551 -0.472327 -0.546679 -0.198816 0.511774 0.057872 0.471155 -0.560218 -0.635845 -0.273215 -0.446305
VERTEX_POSE A1713 0.604815 -0.365465 -0.706034 0.982671 0.588285 0.601858 -0.530880 -0.096314 0.435738 0.690746 0.052424 0.125893 -0.010495 -0.942304 -0.339034 0.404136 -0.303036 -0.563121 -0.278567 -0.090592
VERTEX_POSE A1714 -0.316991 -0.904669 -0.744024 -0.223319 0.468779 0.038010 0.834519 0.016012 -0.588072 0.287434 0.513053 0.106852 0.277957 0.215806 -0.262694 0.290768 -0.826725 -0.756506 -0.243215 -0.080460
VERTEX_POSE A1715 -0.723393 0.414574 -0.709685 0.427740 -0.582900 -0.022378 0.295848 0.692619 0.025021 0.422567 -0.073989 -0.793478 -0.392550 0.351868 0.607005 -0.492419 0.505786 0.028464 -0.580808 -0.367660
VERTEX_POSE A1716 -0.407614 -0.506355 -0.915599 -0.095342 0.105032 -0.553551 -0.374690 -0.001074 -0.240058 -0.419276 0.005904 0.646303 -0.000865 0.403320 0.158564 -0.694249 0.494664 0.439434 -0.449257 -0.769808
VERTEX_POSE A1717 -0.555570 0.274829 -0.462517 0.908817 0.892182 0.044295 0.866797 0.465650 0.426875 0.373666 -0.490996 -0.446040 0.297096 -0.651472 0.767792 -0.106161 -0.059569 0.165405 0.097474 -0.337829
VERTEX_POSE A1718 0.874791 0.039266 -0.179596 -0.354708 0.734192 0.061992 0.377642 -0.234706 -0.956034 -0.124256 -0.260661 0.198863 -0.546015 -0.473242 -0.059453 -0.641835 0.612913 -0.197672 0.363128 0.526639
VERTEX_POSE A1719 -0.375867 0.421715 -0.398030 0.136092 -0.423871 0.548959 0.201585 -0.697188 -0.363735 0.379781 -0.476316 0.360640 0.597394 0.534988 0.253915 0.457627 0.023097 -0.609760 0.498826 -0.017502
VERTEX_POSE A1720 0.183717 0.604825 -0.318210 -0.584544 0.292441 0.394715 -0.229527 -0.683991 -0.545154 -0.642195 -0.129472 -0.389376 -0.359609 0.014390 0.569118 -0.556557 0.023156 0.267391 -0.309563 0.717392
VERTEX_POSE A1721 -0.575311 0.614432 0.591758 -0.264924 -0.839817 0.373996 -0.332437 0.742962 0.205077 -0.505209 -0.030000 0.775329 0.552106 -0.189829 -0.411096 0.558123 0.509921 0.218943 0.133895 0.388655
VERTEX_POSE A1722 0.615777 -0.077519 -0.677147 -0.268586 -0.364895 -0.645203 0.502133 -0.431575 0.430314 -0.087120 0.041800 -0.605266 -0.727628 0.232113 0.033492 -0.211228 -0.213542 -0.176279 0.407692 0.844108
VERTEX_POSE A1723 -0.060881 -0.196506 -0.986432 -0.905767 0.485103 -0.600808 0.147135 -0.702735 0.377842 -0.700586 -0.196387 0.401112 -0.074855 -0.544309 0.350054 0.232369 -0.412671 0.461343 0.654165 0.032039
VERTEX_POSE A1724 0.580984 0.257043 -0.847822 0.530689 0.721866 0.660891 -0.524615 -0.441741 0.184290 -0.540119 0.704960 0.374347 0.496225 0.356864 -0.357655 -0.330773 0.319986 0.511085 0.278210 0.279560
VERTEX_POSE A1725 0.671105 -0.494790 0.766247 0.766901 -0.024110 -0.007428 -0.266651 0.759701 -0.259834 -0.146371 0.349265 -0.419765 -0.837670 -0.262968 -0.805565 0.437678 0.196119 0.327556 -0.119244 0.439607
VERTEX_POSE A1726 0.606216 0.833715 0.694364 0.775862 -0.142278 -0.015850 0.322480 -0.519980 0.727561 0.636769 0.137695 -0.560782 0.620033 0.460412 0.005474 -0.170660 0.600878 0.394838 -0.277429 0.370983
VERTEX_POSE A1727 0.453985 0.405144 0.954168 0.624190 -0.595478 0.021979 0.273752 -0.839021 -0.139691 0.300922 0.087550 0.669885 -0.611751 -0.249057 0.074798 -0.229177 0.416793 0.725026 0.638549 0.229420
VERTEX_POSE A1728 -0.113453 0.199050 -0.436436 -0.450589 -0.734370 0.076445 -0.707293 0.547366 -0.263653 0.422115 0.815820 -0.659341 0.236494 -0.095501 0.594506 0.513573 0.118149 -0.369426 -0.043225 -0.108389
VERTEX_POSE A1729 -0.892554 -0.992695 0.515168 0.179745 -0.467662 -0.244470 0.675272 -0.134134 0.506042 -0.467521 0.173170 -0.413191 -0.205520 0.623366 0.643894 0.527226 0.490435 -0.314371 0.072294 0.568250
VERTEX_POSE A1730 -0.633582 0.260213 -0.197884 -0.018333 0.740594 -0.215451 0.626974 0.125706 -0.375172 -0.399677 0.229376 0.554037 0.444182 -0.290989 -0.655207 0.470075 -0.030275 -0.276721 -0.169981 -0.919779
VERTEX_POSE A1731 0.155610 0.978903 -0.151010 0.506404 0.355345 0.294781 -0.178967 0.317238 -0.093555 -0.707300 0.368708 -0.359268 0.107702 -0.581763 0.748036 0.380310 0.045465 -0.464457 0.558087 0.650307
VERTEX_POSE A1732 -0.733877 0.254340 0.360026 0.775261 0.386943 0.138931 -0.371655 -0.170502 -0.617165 0.432272 -0.071109 -0.007171 0.705231 -0.108538 -0.217013 -0.062747 0.944872 -0.743411 -0.416805 -0.247606
VERTEX_POSE A1733 0.706519 -0.869702 0.183544 0.519010 0.114087 0.030808 0.505080 -0.621981 0.130252 0.210260 -0.551162 -0.579856 0.364928 0.032867 0.695806 0.543731 0.387767 0.402126 -0.521411 -0.397388
VERTEX_POSE A1734 0.936792 -0.382976 0.045783 0.128939 0.443307 0.464044 0.065295 0.035572 -0.422041 -0.383554 -0.155876 -0.711823 0.569753 0.174435 -0.211114 -0.645173 0.627662 -0.235126 -0.328261 -0.741653
VERTEX_POSE A1735 -0.011818 0.921763 0.148691 0.542855 -0.963897 -0.276118 -0.592178 -0.499180 0.253517 -0.049602 0.687043 0.433141 -0.467561 -0.005204 0.357157 -0.558869 0.167218 0.737777 0.340466 -0.500801
VERTEX_POSE A1736 0.192996 0.052536 -0.151929 -0.023666 0.415829 -0.675765 0.253706 0.463438 0.350761 -0.206966 0.426524 0.613163 0.080290 0.237133 0.182075 0.887598 -0.294409 0.105775 0.313882 0.678523
VERTEX_POSE A1737 0.284012 0.310304 0.435467 -0.847066 0.257540 -0.731096 -0.377236 -0.180534 0.098596 0.667548 -0.010521 0.155600 0.050046 0.553205 0.602421 -0.629692 -0.006585 -0.262020 -0.114262 0.813153
VERTEX_POSE A1738 -0.006814 0.000990 0.945081 -0.534104 -0.005264 -0.138825 -0.889379 -0.146408 -0.654166 0.282394 -0.679885 0.289481 0.011521 -0.393109 -0.214912 -0.358146 -0.137273 0.650237 -0.029283 -0.585613
VERTEX_POSE A1739 0.230709 0.277801 0.866981 -0.591875 0.028269 -0.473207 -0.594105 0.281912 -0.500859 0.246890 -0.197911 0.438449 -0.258421 0.663318 -0.169686 -0.662357 -0.341088 -0.551529 0.283876 0.570110
VERTEX_POSE A1740 0.758369 0.363625 -0.630455 -0.748131 -0.959593 0.217494 0.423981 -0.778001 0.052790 0.557179 0.444350 0.601355 -0.006566 -0.199942 0.573326 -0.577870 0.131410 -0.509490 -0.419302 -0.374195
VERTEX_POSE A1741 0.219661 -0.586309 0.862552 0.555755 0.740526 -0.682489 -0.301615 0.018255 -0.457324 -0.270043 0.469016 -0.545533 0.419350 -0.344048 0.108280 -0.805556 -0.434035 -0.125430 0.106444 -0.687703
VERTEX_POSE A1742 0.761002 0.897849 0.004892 0.287416 -0.199516 0.299805 0.682668 0.249233 -0.580270 -0.400996 0.352754 -0.141409 0.006179 -0.893910 -0.526278 0.294990 0.081275 -0.525774 0.534892 -0.088133
VERTEX_POSE A1743 -0.190537 0.368624 -0.930463 0.640042 0.495084 -0.271452 0.046245 0.284127 -0.356924 -0.715877 -0.575089 -0.117456 -0.599606 0.725846 -0.876556 0.353919 0.012268 -0.129511 0.024377 0.248074
VERTEX_POSE A1744 -0.175524 0.048226 -0.843482 0.538426 0.328811 0.314990 0.151457 -0.567041 0.140419 -0.706519 -0.468846 -0.834068 0.245108 -0.307762 0.349411 0.630758 -0.375208 0.251606 0.141270 0.472387
VERTEX_POSE A1745 -0.555989 0.993180 0.260868 -0.935902 -0.730737 -0.687439 -0.217059 0.085505 0.307480 -0.823004 0.069310 0.362416 -0.244795 0.442201 0.077239 0.350694 0.821572 0.543666 0.304365 -0.342582
VERTEX_POSE A1746 0.086069 -0.216802 -0.640147 0.067782 0.912184 -0.283555 0.367472 0.540696 0.255392 0.267738 -0.492615 -0.161026 -0.583650 -0.443798 -0.896064 -0.054619 -0.143063 0.159724 -0.670560 0.497548
VERTEX_POSE A1747 0.416861 0.541871 -0.759081 -0.556915 -0.566157 -0.381162 0.395746 -0.421384 -0.124115 -0.494038 0.562601 -0.710436 0.069846 0.419164 0.139460 0.768896 0.522629 -0.561376 -0.056854 -0.238905
VERTEX_POSE A1748 -0.111559 0.268009 0.798351 0.972914 -0.838555 -0.127936 -0.943489 -0.083748 -0.463621 0.146006 -0.311610 0.431268 0.212771 -0.447191 0.584329 -0.200037 -0.498053 0.491177 -0.056780 0.669215
VERTEX_POSE A1749 -0.039139 0.822464 0.180257 0.713074 0.646377 0.648507 -0.580178 0.231036 0.174287 0.552176 0.539762 -0.584231 -0.509788 0.601581 -0.321016 -0.193645 -0.512304 -0.323551 0.247209 0.175852
VERTEX_POSE A1750 -0.959006 -0.036414 -0.157111 0.579177 0.009971 -0.342785 0.008070 -0.617469 0.626670 0.194506 0.081622 0.483261 -0.519627 0.176323 -0.306520 -0.786591 0.154395 -0.402848 0.270860 0.746420
VERTEX_POSE A1751 -0.927842 -0.127166 -0.519859 -0.611629 0.453886 -0.029376 0.293193 0.029622 0.322827 0.183197 0.755864 -0.162001 -0.236735 -0.458275 -0.763037 0.596590 0.095557 -0.535210 -0.684481 0.456776
VERTEX_POSE A1752 0.385550 0.436896 -0.227985 -0.551850 0.806560 0.907732 -0.157020 -0.308106 -0.299277 0.254863 -0.682359 0.214704 0.138813 0.208479 0.139013 0.706843 -0.334933 -0.145027 -0.625695 -0.532742
VERTEX_POSE A1753 0.656771 0.886067 0.165742 -0.689409 0.645076 0.100741 0.587860 0.660318 0.416518 0.342230 -0.371800 0.535636 -0.691752 0.287811 -0.556109 -0.222800 0.442247 0.469256 0.095598 0.383833
VERTEX_POSE A1754 0.011277 0.676329 -0.506292 -0.517397 -0.061012 -0.370479 0.289872 -0.494945 0.830691 -0.115985 -0.510717 -0.200629 -0.599629 -0.405987 0.320156 0.534674 0.209084 0.173049 -0.507042 0.534468
VERTEX_POSE A1755 -0.033465 -0.306061 -0.075807 0.978839 0.528426 -0.114096 0.362860 0.788370 -0.710087 -0.146514 0.102883 0.521192 0.447383 -0.147339 -0.180169 -0.190868 -0.454557 -0.422677 0.781207 -0.373573
VERTEX_POSE A1756 0.327876 -0.608723 -0.068011 -0.922508 -0.379034 -0.357113 -0.646870 0.212756 0.182048 -0.532178 -0.619347 0.296675 -0.439458 0.680053 0.863114 0.025506 0.015303 0.079665 -0.323376 -0.329299
VERTEX_POSE A1757 -0.382507 0.510044 -0.811927 -0.741535 0.796710 -0.418177 -0.481622 -0.449847 0.388712 0.212235 -0.239962 0.807269 -0.336569 0.032742 -0.016675 0.780825 -0.192209 -0.148561 -0.005522 0.837878
VERTEX_POSE A1758 -0.579481 -0.900916 -0.121639 0.603029 0.932948 0.105678 0.574146 -0.408663 0.010992 0.135595 0.714790 -0.130336 -0.331941 -0.561550 0.036782 0.723751 -0.073884 0.985074 -0.134051 -0.035675
VERTEX_POSE A1759 -0.785577 0.590327 0.495553 -0.373097 -0.113404 0.719031 0.566242 0.151423 0.390606 -0.659786 0.342647 0.508938 -0.257910 -0.000306 0.145811 -0.385564 -0.653591 0.223926 0.169925 -0.657634
VERTEX_POSE A1760 -0.275061 0.517348 0.703240 0.438210 -0.670951 -0.065700 -0.542435 -0.661360 -0.086609 0.601313 -0.595904 0.579971 -0.365204 0.166083 0.765200 0.383323 -0.112511 -0.257458 0.252738 0.408972
VERTEX_POSE A1761 -0.213063 0.359297 0.680477 -0.415304 0.673542 0.142496 -0.093303 0.367928 0.883329 0.013984 0.370945 -0.416525 -0.095069 0.776969 -0.059635 -0.804218 0.111668 -0.149582 0.579046 0.332984
VERTEX_POSE A1762 0.370033 0.569230 -0.655458 -0.866693 -0.758059 -0.407596 0.101232 -0.327968 0.536868 0.626956 -0.492114 0.450526 -0.328905 -0.347322 -0.488442 0.569187 -0.112675 -0.322628 -0.405619 -0.718981
VERTEX_POSE A1763 -0.008938 -0.228311 0.063266 0.213471 0.715991 0.139359 -0.379393 -0.848360 0.800270 0.013070 0.033802 -0.403830 -0.547938 -0.081616 -0.401740 0.587992 -0.281831 -0.125191 -0.458170 0.439378
VERTEX_POSE A1764 -0.506544 0.489594 -0.135979 -0.896294 -0.212371 0.117742 0.914509 0.285149 -0.665310 0.033752 0.518608 -0.503412 -0.159866 0.212684 -0.305454 0.005039 -0.419899 -0.443592 0.370070 -0.654359
VERTEX_POSE A1765 0.306825 -0.813747 0.390326 0.262246 0.685248 0.764165 -0.375584 -0.099726 -0.346131 -0.017221 -0.597951 0.120569 -0.634364 -0.102479 0.434653 0.580103 0.251447 0.304607 0.345982 -0.747517
VERTEX_POSE A1766 0.979244 -0.306548 -0.788043 -0.243674 0.752094 0.607088 0.668706 -0.060353 0.036092 -0.445898 -0.211733 -0.390536 0.463193 0.471599 -0.504869 0.370551 -0.779126 0.471943 -0.046398 -0.349403
VERTEX_POSE A1767 0.686452 -0.457870 0.712092 0.080040 -0.796542 0.142500 -0.518547 0.412359 0.336495 0.554086 0.664005 0.725941 0.190671 -0.168431 -0.065525 -0.398375 0.561659 -0.578948 0.478581 0.212666
VERTEX_POSE A1768 -0.409163 0.496558 -0.174207 0.415180 -0.057211 0.430375 0.186925 0.044734 -0.707007 -0.274828 0.512814 0.127777 -0.770168 -0.155190 0.119527 0.357225 0.651732 -0.533202 0.410804 -0.534959
VERTEX_POSE A1769 -0.027571 0.694441 -0.842962 0.222221 -0.253170 -0.456491 -0.250928 -0.329291 0.723319 -0.512961 0.098702 -0.196073 -0.664735 0.412036 -0.132142 -0.460391 -0.679420 -0.460998 -0.141679 0.500440
VERTEX_POSE A1770 -0.082840 0.819931 0.579073 0.488165 0.231728 0.558983 0.670504 -0.311277 0.254288 0.180097 0.368707 -0.754895 0.400688 -0.331252 0.222493 -0.416844 -0.799379 -0.059207 0.428579 -0.135746
VERTEX_POSE A1771 -0.650794 -0.139817 0.195338 0.667050 -0.016804 0.261259 0.007770 0.623545 0.578727 -0.230380 -0.420034 0.437986 -0.640100 0.343843 0.565107 0.415963 -0.351930 -0.292646 -0.603416 -0.438954
VERTEX_POSE A1772 -0.807910 -0.891868 -0.980410 -0.222024 -0.512643 -0.528067 0.343932 -0.184109 0.187216 -0.626216 -0.681936 -0.188387 0.436933 -0.408786 -0.268349 -0.416061 0.561454 -0.760654 -0.354327 -0.136860
VERTEX_POSE A1773 -0.321838 0.717781 -0.416035 -0.224419 -0.967789 0.474662 -0.694820 0.418060 -0.553738 -0.337379 0.396733 -0.409079 -0.596209 -0.498395 -0.026301 0.127321 0.570775 -0.547753 0.178116 0.306018
VERTEX_POSE A1774 0.158668 -0.771193 0.264875 0.307092 -0.521720 0.335592 0.258702 0.036616 -0.009994 -0.652284 -0.683896 0.499682 -0.588996 0.606612 0.476863 0.400550 -0.232527 0.640467 0.015562 -0.329998
VERTEX_POSE A1775 0.016566 0.156358 -0.823892 -0.683597 0.816167 0.107026 0.814979 0.523938 -0.338194 -0.389708 0.348359 -0.247900 0.283716 -0.415023 -0.573421 0.317967 -0.476848 0.695632 0.048361 -0.452224
VERTEX_POSE A1776 0.122172 0.710961 0.844832 -0.160321 -0.698526 0.550625 0.179121 0.233823 0.118596 0.718820 -0.659059 0.278739 0.411727 0.631999 0.015575 0.358696 0.157127 0.777695 -0.391192 -0.294714
VERTEX_POSE A1777 -0.755263 0.012005 0.624728 -0.625126 -0.609536 -0.281702 -0.404262 0.629973 0.173987 0.381782 0.773385 0.510765 0.329228 0.027669 0.386093 -0.758965 0.064919 -0.693126 0.079977 -0.005350
VERTEX_POSE A1778 -0.566573 -0.301771 -0.582973 -0.240513 -0.749990 0.089649 -0.762379 -0.246793 0.372011 -0.007772 -0.447466 -0.650035 -0.200640 0.448259 -0.020665 0.611087 -0.081783 0.656200 -0.070949 0.728864
VERTEX_POSE A1779 -0.989387 -0.021030 0.643183 -0.187407 -0.537081 -0.620246 -0.062000 0.441251 -0.364110 0.273949 -0.484096 -0.063919 0.654438 0.613278 0.346423 -0.519167 0.440595 0.598852 0.472529 -0.026739
VERTEX_POSE A1780 0.205598 -0.165531 -0.195015 -0.912052 -0.963159 -0.174552 0.663720 0.264638 -0.562953 -0.369740 0.219768 -0.692221 0.424887 -0.173456 0.313809 0.421689 -0.511398 -0.273805 -0.253806 -0.768150
VERTEX_POSE A1781 -0.525579 0.661815 0.259915 -0.661336 0.259981 0.203773 0.318083 -0.311776 0.457197 -0.851468 -0.222498 -0.157239 -0.174603 0.341871 0.405308 0.295382 -0.597450 -0.748631 -0.236829 -0.616009
VERTEX_POSE A1782 -0.917229 0.851805 -0.876676 0.200963 0.916804 -0.083211 0.617067 0.674416 -0.474164 0.170028 0.265141 -0.636061 -0.625110 0.301567 -0.532473 0.423825 -0.545801 -0.283094 0.141171 -0.293294
VERTEX_POSE A1783 -0.408852 -0.728635 0.577001 -0.463901 0.843401 0.515519 -0.013866 -0.652019 -0.210374 0.355576 0.194954 0.164503 -0.888002 0.172163 -0.487942 -0.231819 0.198699 0.651793 0.176309 0.683918
VERTEX_POSE A1784 -0.868808 0.547882 -0.574343 -0.350745 -0.094942 0.387650 -0.168539 0.524247 -0.599103 -0.515057 0.523049 0.251608 0.528208 0.655966 0.648753 -0.609431 -0.068483 0.081338 0.236433 -0.128857
VERTEX_POSE A1785 0.094048 0.528133 -0.382968 0.683567 -0.144207 -0.712346 0.379682 0.243326 0.198426 -0.046973 -0.724510 -0.040801 0.777709 -0.363061 -0.519701 -0.475233 -0.166733 0.425954 0.151514 0.506226
VERTEX_POSE A1786 0.557683 -0.034696 -0.498806 -0.485062 0.371827 -0.476070 0.209835 -0.349204 -0.248546 -0.832166 -0.446752 0.032565 0.408321 -0.402889 -0.341237 0.310484 -0.464270 0.770766 -0.018531 -0.548273
VERTEX_POSE A1787 0.459068 0.939159 0.357646 -0.273253 0.526024 0.819371 -0.292913 0.138526 0.162760 0.643823 0.411543 0.140989 -0.154555 0.723587 0.531272 0.291293 -0.532211 0.003599 0.625264 0.067938
VERTEX_POSE A1788 0.711541 0.038177 -0.194895 0.942032 -0.347497 0.282076 0.322845 -0.136527 -0.657953 0.287533 -0.392415 -0.679237 0.030763 0.459939 -0.161678 -0.752580 -0.555098 -0.005374 0.495755 -0.554701
VERTEX_POSE A1789 0.978202 0.064388 0.379555 -0.882033 0.304775 -0.540701 0.125747 0.178345 -0.227058 -0.719890 -0.613984 0.435969 -0.592794 0.428317 0.671262 0.191108 -0.232143 0.124199 0.279320 -0.594870
VERTEX_POSE A1790 0.673492 0.529486 -0.146801 0.353650 -0.587381 -0.273717 0.765259 0.220802 0.132358 -0.381879 -0.247487 0.076307 -0.322819 0.110595 0.257796 -0.181293 0.921835 0.913936 0.362585 -0.167288
VERTEX_POSE A1791 -0.563520 -0.444474 -0.491655 0.380242 -0.018448 0.687443 0.370266 -0.472333 -0.040608 -0.616336 -0.213515 -0.138620 0.011849 -0.745489 0.339138 -0.691430 -0.115811 0.625734 -0.069410 0.402675
VERTEX_POSE A1792 -0.234861 -0.576315 0.060032 -0.297337 -0.021683 -0.550757 -0.695281 -0.370181 0.495309 0.088490 -0.666509 -0.379282 0.535469 -0.591704 0.360452 -0.447291 -0.261796 -0.421373 0.148181 0.009041
VERTEX_POSE A1793 0.043524 0.098716 0.197742 0.486957 -0.345440 0.369030 -0.450252 0.512806 0.154361 0.837321 0.141698 0.249854 -0.267216 -0.653560 0.875022 0.103727 0.012445 0.109083 0.118336 -0.538197
VERTEX_POSE A1794 0.427542 0.327214 0.571611 -0.406287 -0.302457 0.410809 0.384180 -0.214847 -0.491331 -0.372540 0.093250 -0.416543 0.683715 0.595987 0.617583 -0.224628 0.708683 -0.186850 -0.442376 0.296164
VERTEX_POSE A1795 0.258594 0.913279 0.924053 -0.193631 0.765946 0.128765 -0.535638 0.402810 0.801111 -0.045810 -0.507609 0.431895 -0.383141 0.275149 -0.318279 -0.379505 -0.708786 0.231961 0.648207 0.044645
VERTEX_POSE A1796 -0.649651 0.284969 -0.411933 -0.250797 -0.660192 -0.666598 -0.618579 -0.000259 -0.546902 0.442891 -0.221326 -0.502286 0.369816 0.343804 0.061180 0.389911 0.581382 -0.022607 0.363887 -0.703427
VERTEX_POSE A1797 0.406785 -0.979334 0.783568 0.350039 -0.550362 -0.637430 -0.352412 0.524587 -0.222167 -0.406640 -0.500464 -0.325083 -0.454156 -0.362245 0.301317 -0.204123 -0.429569 0.589792 -0.680092 0.398238
VERTEX_POSE A1798 -0.054954 -0.544591 0.636145 0.886409 0.969405 0.161848 0.648076 0.629066 -0.551890 0.074803 0.293470 -0.586346 -0.394988 0.124338 -0.047025 0.429395 -0.686492 -0.568515 0.483742 -0.177257
VERTEX_POSE A1799 -0.058814 -0.218473 0.413860 -0.835616 0.282597 0.430034 0.591493 -0.593326 0.077631 0.420792 0.259721 -0.731575 0.606162 0.149127 0.468454 0.324465 0.430468 -0.233223 -0.018982 -0.610710
VERTEX_POSE A1800 -0.620786 0.715107 0.940606 -0.427740 0.196468 0.081126 0.750193 -0.335683 0.021967 0.405451 0.634298 0.648591 0.073302 -0.497061 -0.749332 0.085932 -0.467329 0.103767 -0.509963 -0.139705
VERTEX_POSE A1801 0.862206 -0.724659 0.215218 0.374574 0.201132 -0.405033 0.088493 0.488718 0.545972 -0.196077 -0.400370 0.058841 0.664938 0.222720 -0.680634 -0.387935 -0.332612 0.266717 -0.600905 0.663795
VERTEX_POSE A1802 0.290392 0.641710 -0.390802 0.831433 -0.734207 -0.377020 0.117897 -0.869715 -0.282081 -0.537705 0.297924 -0.388030 -0.635778 -0.122635 0.362702 -0.475927 -0.227916 0.704391 -0.257397 -0.296400
VERTEX_POSE A1803 -0.428696 0.823239 0.960197 0.350236 0.683825 -0.042253 0.364650 -0.431476 0.366516 -0.228232 0.563144 0.122428 0.232699 0.594298 -0.736616 -0.583140 0.138944 -0.553433 0.648644 0.352423
VERTEX_POSE A1804 -0.459632 0.993121 0.799182 -0.849845 0.233344 -0.550148 0.233648 -0.550536 -0.757100 -0.049269 0.225901 0.246830 0.382393 0.244513 0.215472 0.449164 -0.633982 -0.129548 0.771368 0.429138
VERTEX_POSE A1805 -0.550940 0.870517 0.874073 0.138526 -0.255927 0.127060 -0.352376 -0.291899 -0.853867 -0.203627 -0.417258 -0.246404 0.024054 0.723484 -0.072922 0.903550 -0.281363 -0.434435 0.131855 0.371615
VERTEX_POSE A1806 0.587870 -0.020402 -0.863695 0.666639 0.499992 -0.324286 -0.338284 0.181892 -0.446113 -0.273531 -0.591291 -0.785945 0.086625 0.080416 0.178727 0.147242 -0.781501 0.214872 -0.884059 -0.008934
VERTEX_POSE A1807 0.662540 0.704083 0.644015 -0.010166 0.534818 -0.809178 0.347941 0.358468 -0.001879 0.438316 -0.791730 0.358586 0.550186 0.253774 -0.126006 -0.619569 -0.123185 0.448069 0.015649 0.406310
VERTEX_POSE A1808 -0.306202 -0.117478 0.498802 0.513400 0.134538 0.678062 -0.571514 0.001160 0.366092 0.459692 0.773525 -0.632275 -0.402576 0.498383 -0.073879 0.277958 -0.377228 -0.031299 0.471939 -0.104739
VERTEX_POSE A1809 -0.978703 0.677827 -0.446668 -0.573873 0.750002 -0.359959 -0.765981 -0.415649 -0.068532 -0.194652 0.030648 0.596636 -0.588936 0.524891 0.286329 -0.097488 -0.594663 -0.654045 -0.137961 0.444030
VERTEX_POSE A1810 0.673153 -0.316947 0.287197 0.802426 0.997737 -0.002881 0.129782 -0.102530 -0.575411 0.517250 -0.096323 0.643344 0.744081 -0.130657 -0.276785 0.350155 0.788743 -0.422365 0.198353 -0.583971
VERTEX_POSE A1811 0.899396 0.716992 -0.696213 0.601348 0.171379 0.323363 0.512020 -0.340975 -0.742262 0.465902 -0.224055 0.243779 -0.466479 -0.471354 -0.192800 -0.196900 -0.761661 0.497879 0.514198 -0.176731
VERTEX_POSE A1812 -0.504282 0.339642 0.813247 -0.235209 0.009983 -0.187624 -0.476644 0.726189 -0.638131 -0.491732 -0.514568 -0.134780 0.404588 -0.288416 0.635512 -0.599647 -0.352610 -0.368165 -0.087988 0.018733
VERTEX_POSE A1813 0.755924 -0.465142 0.410521 0.003390 0.914541 -0.190960 0.551480 0.211406 -0.498055 0.582059 0.220130 -0.286740 -0.507966 0.743656 -0.702037 -0.264177 -0.582283 0.374700 0.171048 -0.121541
VERTEX_POSE A1814 -0.509456 0.988357 0.880787 -0.862553 0.014780 0.184981 -0.147103 -0.381227 0.553897 -0.271461 -0.554734 0.707432 0.488717 0.125007 -0.391298 0.544028 -0.703881 -0.073527 -0.608160 -0.189373
VERTEX_POSE A1815 -0.373090 -0.112476 -0.761095 0.414046 0.915041 0.545881 0.459863 -0.052681 0.407050 -0.545702 0.033051 0.177448 -0.628688 -0.444971 -0.666390 -0.009792 -0.430929 -0.246496 -0.308855 0.782582
VERTEX_POSE A1816 -0.150028 -0.937009 -0.972447 -0.313043 -0.229666 -0.145070 -0.142154 0.496903 -0.792388 0.191712 0.209651 0.412045 -0.317477 0.691962 0.063265 0.764583 0.445548 -0.421061 -0.507603 0.178351
VERTEX_POSE A1817 -0.951773 -0.046338 -0.618019 -0.347615 -0.613392 0.466936 -0.310134 -0.108073 -0.657711 -0.431101 0.332175 0.552582 -0.469310 0.481980 -0.149665 -0.123052 0.554344 0.147103 0.694676 0.581703
VERTEX_POSE A1818 -0.914021 -0.173317 0.596551 -0.859207 0.441064 0.056897 -0.413672 0.342513 -0.434967 0.713190 0.523779 0.012377 -0.417089 0.739409 0.732667 0.344210 0.116083 -0.520204 -0.166707 -0.219408
VERTEX_POSE A1819 -0.438487 0.101168 -0.167342 -0.371011 0.422837 -0.558192 -0.154139 0.211623 -0.544546 -0.469447 0.375564 -0.262742 0.831291 0.455891 -0.496698 0.124911 -0.676461 0.275952 -0.221839 0.385658
VERTEX_POSE A1820 -0.973571 -0.981950 0.761536 -0.229648 0.691383 0.086629 0.611658 -0.182860 -0.188908 0.087228 0.786230 0.896369 -0.057647 0.376575 -0.131013 -0.751043 0.049192 -0.369008 0.225559 0.451859
VERTEX_POSE A1821 0.759470 -0.643831 -0.550249 0.494443 0.853684 0.783244 0.022418 -0.612072 0.373315 0.159395 0.339522 -0.213795 -0.652271 -0.335366 -0.448696 0.468076 -0.627677 0.011308 -0.574054 -0.060368
VERTEX_POSE A1822 -0.002007 0.656694 0.341003 -0.990769 -0.595611 -0.741270 0.658381 -0.084741 -0.594365 -0.665044 -0.156082 -0.213975 -0.069321 0.817389 -0.221612 -0.343701 0.032549 0.048493 0.036267 0.547058
VERTEX_POSE A1823 -0.208433 -0.558266 -0.178432 0.473014 -0.330300 -0.497358 -0.640203 -0.524856 0.236684 -0.741293 0.512020 0.670105 -0.108680 -0.658774 0.301553 -0.160666 0.166963 -0.395779 0.054782 -0.022414
VERTEX_POSE A1824 -0.197005 0.454885 0.647492 -0.018600 -0.491756 0.247505 0.564236 -0.178559 -0.193112 -0.264422 -0.851940 0.489467 0.024821 0.264049 -0.790031 0.065270 0.364776 0.194221 -0.779001 0.198826
VERTEX_POSE A1825 -0.574466 -0.016092 -0.087387 -0.397056 0.101932 0.662731 0.350605 -0.063391 -0.143084 0.606926 -0.324704 0.098929 -0.608620 0.182299 -0.431943 0.353654 0.763423 0.586475 0.115014 0.523929
VERTEX_POSE A1826 -0.949838 -0.644987 -0.254379 -0.720617 -0.564354 -0.017204 0.541991 0.056326 0.702419 0.570271 -0.185071 0.331049 -0.289793 0.650429 -0.503180 0.541717 0.541394 0.378852 -0.059993 0.496398
VERTEX_POSE A1827 0.153344 -0.260146 -0.764440 0.730604 -0.151948 -0.170954 0.408918 0.709538 0.443155 -0.610574 0.110616 -0.054363 -0.233618 0.646298 -0.870685 -0.437796 -0.091343 0.115498 -0.462324 0.241403
VERTEX_POSE A1828 0.832319 0.004574 -0.303818 0.952983 0.551570 -0.314576 -0.689574 -0.504288 0.405278 -0.221473 -0.046383 0.534369 0.378605 -0.719135 0.638049 -0.560493 0.249774 -0.210082 -0.133956 -0.404969
VERTEX_POSE A1829 -0.004792 -0.189578 -0.618233 -0.834207 -0.594949 0.644511 -0.175202 0.240817 -0.327430 0.173612 0.828554 -0.193221 -0.646484 0.379512 -0.648887 -0.215514 -0.315262 0.137863 -0.689040 -0.109935
VERTEX_POSE A1830 -0.905470 0.521380 0.649420 0.894987 -0.869350 -0.054873 0.367769 -0.226015 -0.953073 -0.149626 -0.061850 0.263146 -0.667221 -0.469897 -0.108572 -0.611627 0.185498 -0.087217 0.151943 -0.830590
VERTEX_POSE A1831 -0.788466 -0.280319 -0.363212 -0.474757 -0.251962 0.590941 0.255317 0.584260 0.462322 0.469414 -0.569164 -0.341442 -0.238444 -0.124591 0.354140 -0.366821 -0.543653 -0.441644 0.723222 -0.153659
VERTEX_POSE A1832 -0.142586 0.085763 0.596984 0.540366 0.606184 -0.466251 0.571472 0.514377 0.227646 0.553236 -0.229757 -0.215991 0.522862 -0.446759 0.815426 0.303545 0.123655 -0.138620 -0.042720 -0.683918
VERTEX_POSE A1833 0.384922 0.163090 -0.741382 0.726421 -0.603557 0.436536 0.354813 0.729334 0.641394 -0.101294 -0.005599 -0.299141 0.492199 0.294559 -0.469934 -0.504058 0.592315 -0.296186 0.606228 -0.174465
VERTEX_POSE A1834 -0.217162 -0.457079 -0.403015 0.875479 -0.568138 0.288549 0.013784 0.850623 0.279651 0.307865 0.278851 -0.039265 0.817588 -0.223795 0.697986 -0.360106 -0.360678 0.591446 0.326961 -0.136051
VERTEX_POSE A1835 0.397782 0.078884 0.396167 0.690521 -0.160473 -0.406103 -0.057588 0.109136 -0.036142 0.996629 0.062043 -0.880745 -0.010246 -0.103450 0.125108 -0.039697 0.732332 -0.205936 -0.041645 0.661232
VERTEX_POSE A1836 0.833982 0.033608 -0.867309 -0.135054 0.140516 0.196694 0.520755 -0.002929 0.505633 0.423253 -0.075753 0.596160 -0.527692 0.570708 -0.255201 0.471213 0.796775 -0.533960 -0.221745 0.183563
VERTEX_POSE A1837 -0.629292 0.522518 -0.266710 0.542118 0.931854 -0.557839 -0.044570 -0.765639 -0.016797 0.422978 0.162528 0.613435 0.534040 -0.358326 -0.097104 0.491229 -0.284500 -0.550274 0.540924 0.421953
VERTEX_POSE A1838 0.060322 -0.217033 0.040181 -0.319645 -0.625655 -0.249080 0.427194 -0.218559 -0.539132 -0.067887 -0.652611 0.544271 0.315144 -0.658544 0.346916 0.569994 0.190618 0.480326 -0.623448 -0.237307
VERTEX_POSE A1839 -0.472220 0.916130 0.631492 -0.621654 -0.724946 -0.274620 0.318208 0.690346 0.647020 -0.115284 0.309732 0.338377 0.125690 -0.558888 -0.287972 0.722494 -0.294680 0.555447 0.589625 0.168216
VERTEX_POSE A1840 -0.607995 0.200346 0.286622 0.968245 0.681856 0.608548 -0.639501 -0.023625 0.375126 0.175647 0.125860 0.227239 -0.367537 -0.335918 -0.656359 -0.584202 -0.178813 -0.080655 -0.289501 0.915853
VERTEX_POSE A1841 -0.266525 0.466020 -0.672621 -0.517219 -0.627918 -0.072696 0.629627 -0.557300 -0.633825 0.021303 0.110313 0.733218 -0.159638 -0.063752 0.228743 0.698534 0.137625 0.055225 0.299471 0.808853
VERTEX_POSE A1842 -0.572824 0.633122 0.935279 0.979695 0.446433 -0.159638 -0.347945 0.500627 -0.407887 -0.390197 -0.571929 -0.675468 0.691359 0.189247 0.133394 0.349392 -0.613960 -0.578007 -0.355849 -0.097517
VERTEX_POSE A1843 -0.112277 -0.460012 0.099869 -0.266964 -0.308160 0.699623 0.018493 0.218502 -0.300421 0.567228 0.674789 -0.012234 -0.772239 0.604934 -0.407120 -0.276872 -0.328568 -0.504359 -0.069992 0.151705
VERTEX_POSE A1844 -0.510600 -0.999123 0.737900 0.486171 -0.713377 0.600311 -0.336657 0.564301 0.418218 0.040132 -0.393825 -0.419361 -0.041202 -0.270805 -0.489447 -0.650892 0.318646 0.222034 -0.678007 -0.592954
VERTEX_POSE A1845 -0.082280 0.621479 0.816067 -0.882858 -0.538787 0.576318 0.388276 -0.279112 -0.076162 -0.665076 -0.706613 0.041913 0.026123 0.208096 -0.037718 0.554850 -0.608994 -0.811713 0.313647 -0.092826
VERTEX_POSE A1846 0.514633 0.427512 0.338774 -0.852918 -0.393119 -0.381397 -0.625428 0.020409 0.387531 -0.464077 -0.408890 0.482278 -0.475259 0.660304 -0.210385 -0.385926 -0.493103 -0.653837 -0.136612 0.391459
VERTEX_POSE A1847 0.339372 -0.936132 0.765453 -0.826872 0.056957 0.699417 0.294846 0.255790 -0.195153 -0.284988 0.685940 0.640311 -0.582690 0.066951 -0.170740 0.094531 0.663605 0.183250 0.695258 0.138577
VERTEX_POSE A1848 -0.034054 -0.424859 -0.801952 -0.230473 -0.152179 -0.038303 0.887953 -0.432635 -0.766141 -0.199326 -0.176644 -0.257378 0.340875 0.561045 0.582728 -0.022604 0.075461 -0.075806 0.234740 0.679086
VERTEX_POSE A1849 0.600612 -0.745805 -0.064674 -0.712126 -0.952055 0.427792 -0.376661 0.506777 -0.741794 -0.089073 0.500746 -0.328985 0.370974 0.248318 0.075660 0.736252 -0.161984 0.390871 0.412920 0.636026
VERTEX_POSE A1850 0.900884 0.165036 -0.401890 -0.197883 -0.520206 -0.470400 -0.478209 0.408804 0.102252 -0.553397 -0.060879 0.350574 0.080251 0.895009 0.291817 -0.677219 -0.133091 0.748471 0.001505 -0.102077
VERTEX_POSE A1851 -0.007625 -0.406809 0.959584 0.539879 -0.460796 0.362769 0.336975 0.329599 -0.278104 -0.487415 -0.566484 0.708404 -0.160551 -0.465373 -0.522870 0.086746 0.042244 0.125805 -0.784585 0.593384
VERTEX_POSE A1852 0.360083 -0.389635 0.385076 0.782318 0.901629 0.699550 0.425612 0.505649 0.379778 0.306028 -0.430523 -0.052004 0.490439 -0.648664 0.268210 -0.049890 -0.180526 0.540146 -0.694393 -0.324983
VERTEX_POSE A1853 -0.101123 -0.178270 0.939113 -0.188652 -0.115817 0.154394 0.607176 0.387984 -0.304038 0.362126 -0.692791 -0.405373 0.504027 -0.143351 0.834246 0.179666 -0.461585 -0.153068 -0.462471 -0.368644
VERTEX_POSE A1854 0.783942 0.034925 -0.218848 0.012893 0.208904 -0.393689 0.275709 0.710894 0.408631 0.328329 0.179457 0.342869 -0.723446 0.579279 -0.417017 0.210103 0.289775 0.621745 0.498664 0.207100
VERTEX_POSE A1855 -0.836923 -0.934751 0.032569 -0.236282 -0.590127 -0.299941 0.347197 0.410920 0.595679 -0.181147 0.736943 0.396524 0.057734 -0.494282 0.394159 -0.490368 -0.187196 0.492554 0.776432 -0.093290
VERTEX_POSE A1856 0.324411 0.805639 -0.148273 0.414292 0.986115 -0.128524 -0.620639 -0.690614 -0.687949 -0.425287 0.293152 0.060058 0.140503 0.054472 -0.621439 0.292680 0.177838 -0.347009 0.573180 -0.634445
VERTEX_POSE A1857 0.834104 0.389938 0.526774 0.292277 0.644550 0.347961 -0.739951 0.306309 -0.459567 0.110642 -0.421112 -0.360687 -0.003791 0.254491 -0.518396 -0.660008 -0.339280 -0.518548 0.067866 0.740920
VERTEX_POSE A1858 0.316421 -0.194897 0.268128 -0.505679 0.257925 0.403977 -0.579551 0.517429 -0.629255 0.355053 0.607330 0.373543 0.238572 0.148155 -0.318278 -0.531792 0.318397 0.447219 0.445352 0.489990
VERTEX_POSE A1859 0.156731 -0.189787 0.547908 0.367274 0.537684 -0.546795 0.244657 -0.669988 0.080310 0.595824 -0.324502 0.384588 -0.609152 -0.652290 0.444478 0.390478 -0.012354 0.590844 0.248188 -0.142054
VERTEX_POSE A1860 -0.170688 -0.799639 0.908540 0.458069 -0.950399 0.356796 -0.726204 -0.289711 -0.234907 0.154824 -0.231529 0.042598 0.580013 -0.093506 -0.805760 -0.335020 0.364225 0.407984 0.002018 0.849152
VERTEX_POSE A1861 0.410952 -0.673517 -0.082452 -0.610692 0.388575 0.278881 0.208548 0.541535 0.555214 0.501177 0.304547 -0.460228 0.481602 0.248022 -0.129926 0.686800 -0.587847 -0.620703 0.041148 0.454875
VERTEX_POSE A1862 0.368265 0.529894 -0.815304 0.892517 -0.714278 0.143502 0.223488 0.523041 0.626119 0.147727 0.016789 0.297365 -0.869013 -0.219555 -0.695513 -0.121903 -0.115435 -0.123360 -0.397725 0.815240
VERTEX_POSE A1863 0.686726 0.286124 0.505525 -0.001564 0.655785 -0.324944 -0.601993 0.185160 -0.436836 0.367139 -0.483561 0.569177 -0.108477 -0.701161 -0.170778 -0.683946 -0.380302 -0.591995 0.152527 -0.309237
VERTEX_POSE A1864 -0.204126 0.489574 0.176165 -0.884271 0.785018 0.709820 0.131072 0.070635 -0.365110 -0.386042 0.498215 0.323726 -0.876618 0.041036 0.291951 -0.136834 -0.546078 -0.415712 -0.215889 -0.668512
VERTEX_POSE A1865 -0.848897 -0.927186 -0.218319 0.767996 -0.282415 0.484361 -0.317804 0.556312 0.633385 0.218753 -0.626517 0.131813 0.870019 0.257516 0.317545 -0.306921 -0.297187 -0.495993 0.003713 -0.378627
VERTEX_POSE A1866 0.084507 -0.634992 -0.098309 -0.311043 -0.504688 0.020279 -0.823660 -0.529421 0.173113 0.077652 -0.233407 0.615335 0.071801 0.193967 -0.653852 -0.246393 0.489492 -0.404304 0.499689 -0.622904
VERTEX_POSE A1867 -0.370144 -0.476819 0.308856 -0.019324 -0.074466 0.224604 0.492187 -0.440420 0.140513 0.463097 0.634592 -0.575546 0.276043 -0.511244 0.716736 0.237136 -0.309765 -0.291282 0.640983 0.214473
VERTEX_POSE A1868 -0.478189 0.595333 0.514971 0.310114 -0.350561 -0.037158 -0.063371 -0.527886 0.381325 0.662586 0.045094 0.616064 0.174694 0.368409 -0.235633 0.649066 -0.489674 -0.646648 0.324283 0.586342
VERTEX_POSE A1869 -0.855170 0.147975 0.941873 0.369312 -0.130343 0.566109 -0.118068 0.525106 0.054114 -0.809973 0.117809 0.105475 -0.526407 -0.533549 0.332878 -0.014317 0.403696 0.744754 0.229551 -0.512582
VERTEX_POSE A1870 0.157636 -0.560689 -0.059651 0.359022 0.200588 0.528023 -0.397026 -0.507892 0.446316 0.170221 -0.445445 0.654668 0.435241 0.566404 -0.298558 0.351950 -0.232240 0.065323 -0.707172 0.410944
VERTEX_POSE A1871 -0.086184 -0.204322 -0.198407 0.278359 -0.668705 -0.270198 0.540777 0.221769 -0.427347 -0.064783 -0.687541 -0.006861 0.803246 -0.291871 0.747273 0.027630 -0.518727 -0.431166 -0.239575 -0.351909
VERTEX_POSE A1872 -0.121695 -0.386005 -0.730749 0.852094 0.241739 -0.539962 0.050995 -0.660316 -0.411332 -0.550708 0.597620 -0.538912 0.695570 0.401369 -0.337596 -0.454504 -0.165804 -0.367220 -0.061064 -0.135074
VERTEX_POSE A1873 0.584812 -0.927567 -0.124372 0.338717 -0.352979 0.388707 0.644459 -0.145972 -0.332459 0.087313 -0.096090 0.372896 -0.516143 -0.756053 0.561229 0.355873 -0.050826 -0.533244 0.428952 -0.628697
VERTEX_POSE A1874 0.801538 0.335666 0.901463 -0.988606 0.023135 -0.073120 0.176325 0.476442 0.574835 0.079975 0.723132 0.545293 -0.183519 -0.236166 -0.604798 -0.058152 0.407594 0.033079 0.962004 -0.167857
VERTEX_POSE A1875 0.367705 -0.385128 -0.992849 0.338265 0.528362 0.513600 0.140933 -0.285584 0.193799 -0.255955 -0.470624 -0.634876 0.613628 -0.110118 -0.522086 -0.567505 -0.510901 -0.151709 -0.464784 0.651006
VERTEX_POSE A1876 -0.497468 0.693913 -0.308305 0.455859 0.108234 0.064641 -0.554513 -0.358393 0.018591 -0.699906 0.514827 -0.696602 0.262662 0.414996 -0.470265 -0.340344 0.100911 0.537654 0.133497 0.651232
VERTEX_POSE A1877 0.316172 -0.236821 0.240237 -0.841524 0.630016 0.295431 0.560601 -0.724091 0.707519 -0.048642 0.016206 0.481982 -0.669848 -0.117575 -0.243892 -0.402593 -0.594424 0.346912 0.269410 0.329036
VERTEX_POSE A1878 -0.292924 -0.321260 0.772604 0.511393 -0.414681 0.190284 -0.354232 0.194098 0.802030 -0.118664 -0.464723 0.439927 -0.327843 0.525117 -0.211754 -0.424152 -0.673227 0.286642 0.757002 -0.131816
VERTEX_POSE A1879 0.468478 -0.730946 -0.110257 -0.774614 0.956055 0.625261 -0.431030 -0.390193 0.029955 0.430502 -0.177947 0.352572 0.277930 -0.603073 0.220985 -0.597783 0.312124 0.659553 0.440786 0.595790
VERTEX_POSE A1880 -0.083216 0.017374 -0.824437 -0.553650 0.677961 0.556614 -0.679485 -0.279650 -0.239343 0.301520 -0.595657 0.205428 -0.154887 0.402375 0.355253 0.137001 -0.600492 -0.681535 -0.636102 -0.210933
VERTEX_POSE A1881 -0.392039 0.843777 -0.629286 -0.686491 0.065113 0.564944 -0.116197 -0.195873 -0.311125 0.739093 -0.360174 0.141181 0.353579 0.895263 0.499967 -0.122781 -0.084733 0.560482 0.547856 -0.152426
VERTEX_POSE A1882 -0.539147 -0.137756 -0.150673 0.765265 -0.504741 0.420539 0.028263 0.640854 -0.449333 -0.712026 0.271153 -0.550117 0.408528 -0.295386 -0.507480 -0.064958 0.338228 -0.247148 0.566661 0.560475
VERTEX_POSE A1883 -0.723133 0.627739 0.560639 -0.771332 0.579590 -0.705338 -0.509437 0.106415 0.494719 -0.293238 -0.582000 0.492189 -0.296321 0.784234 -0.051085 -0.243809 0.050296 0.113540 -0.712205 -0.179997
VERTEX_POSE A1884 0.506838 -0.334493 -0.690173 0.124857 0.949296 0.258604 0.458589 -0.376348 -0.219063 0.611408 0.333243 0.332798 -0.359032 -0.534333 -0.778225 0.104125 -0.607800 0.410788 0.525481 -0.303939
VERTEX_POSE A1885 -0.755205 0.897169 0.630479 -0.221842 0.704163 -0.158886 -0.211222 0.721355 -0.376322 -0.268202 -0.255594 0.572954 -0.388466 0.434898 0.710535 0.123441 -0.324969 -0.000441 -0.846941 -0.345801
VERTEX_POSE A1886 -0.560056 0.692988 -0.406792 -0.007614 0.989462 0.295863 0.428026 -0.436580 -0.227965 -0.564579 -0.436115 -0.889202 0.216490 -0.240508 -0.123701 -0.443756 0.569556 -0.233483 0.504239 0.486789
VERTEX_POSE A1887 -0.168751 -0.528854 0.161554 -0.460852 0.935411 -0.298251 0.159144 -0.618767 -0.063270 0.895819 0.363201 0.323709 -0.334049 0.357722 0.444842 0.175432 -0.597517 -0.777413 -0.172674 0.014877
VERTEX_POSE A1888 -0.921101 0.287107 0.157252 -0.929565 0.348713 0.104097 -0.419238 -0.586002 -0.048766 0.383398 -0.689601 -0.259634 -0.224128 0.382590 0.955133 0.073881 0.143162 -0.084246 0.788387 0.119091
VERTEX_POSE A1889 0.756365 -0.501909 0.861336 0.486707 0.247387 -0.298312 -0.262106 -0.465876 -0.462967 -0.155060 0.821535 -0.340837 -0.674705 -0.230294 -0.543428 0.039600 -0.084860 -0.534030 0.671164 -0.218638
VERTEX_POSE A1890 0.987980 0.281358 -0.290538 0.906423 0.473095 -0.509362 -0.515841 0.187740 0.029779 -0.089714 0.031428 -0.558880 0.155425 0.648693 0.246604 0.635987 0.478516 0.605395 -0.545182 0.560344
VERTEX_POSE A1891 -0.091789 0.487468 0.065793 0.528504 0.398314 0.572542 -0.204468 0.773123 0.080955 0.165611 0.024588 -0.429480 -0.228450 0.060794 0.506069 0.646875 -0.314135 -0.474430 0.678328 0.547082
VERTEX_POSE A1892 0.167317 -0.175426 -0.221116 0.876015 -0.364038 -0.218068 0.540343 -0.569016 0.646567 0.365171 0.054082 -0.649929 -0.124226 -0.130063 -0.331867 0.531425 0.767600 0.043051 -0.526151 0.259172
VERTEX_POSE A1893 0.356245 -0.188748 -0.105842 0.798939 0.758818 -0.390419 -0.643410 0.075906 0.133331 0.186431 0.562815 0.023762 -0.586417 0.512422 -0.793282 0.077483 -0.259673 -0.447141 0.448753 0.589467
VERTEX_POSE A1894 -0.405064 -0.226408 -0.428683 -0.473060 0.054099 0.477640 0.079418 -0.596222 0.555834 0.705371 0.392987 -0.387177 0.615124 -0.515541 0.054442 -0.019767 0.384220 0.556811 -0.342602 -0.276898
VERTEX_POSE A1895 0.963190 -0.685852 0.955049 0.991744 -0.579020 -0.591152 -0.564245 -0.564826 0.285928 0.488485 -0.753323 -0.460357 0.556087 -0.105080 0.342156 -0.176065 -0.031963 -0.489678 0.320590 0.318454
VERTEX_POSE A1896 0.507348 -0.115934 0.675839 0.566935 -0.523598 -0.541831 -0.542400 -0.095971 -0.496957 0.177933 -0.710534 -0.471977 0.493348 0.567591 -0.474694 0.088308 0.211622 0.106565 0.650347 -0.344946
VERTEX_POSE A1897 0.679444 0.138601 0.473008 0.215898 0.549411 -0.396910 -0.247483 0.246392 -0.387374 -0.043010 -0.685839 0.637147 0.465360 0.005869 0.480628 -0.531948 -0.554143 -0.235465 0.661342 -0.402253
VERTEX_POSE A1898 -0.406953 -0.162671 0.263906 -0.027580 0.346514 -0.348991 0.506855 -0.237382 -0.246348 0.073055 0.531220 0.206695 0.852867 0.187769 0.646016 -0.052180 0.545128 0.597878 0.087493 -0.573614
VERTEX_POSE A1899 -0.970842 -0.520601 0.190811 -0.122951 0.125841 -0.173615 -0.679363 0.183876 -0.655652 0.161458 -0.482775 -0.012173 -0.652721 0.047158 -0.608124 -0.141633 -0.107960 -0.412329 0.257472 0.848079
VERTEX_POSE A1900 0.824273 -0.713424 0.414881 -0.414790 -0.580932 0.620920 -0.101261 0.682466 -0.115771 -0.725889 0.120855 0.596944 -0.357212 -0.331905 0.319506 0.578679 0.086974 0.377664 0.019017 -0.633963
VERTEX_POSE A1901 0.750683 0.276641 -0.795746 -0.668558 -0.452899 -0.549405 0.289902 0.505865 0.491837 -0.244068 -0.165023 0.478066 0.518659 0.528280 0.442385 0.347175 -0.026507 -0.178881 0.683264 -0.661124
VERTEX_POSE A1902 -0.057026 0.275077 0.992404 -0.844592 0.457137 0.776453 0.545177 0.088981 -0.128184 -0.046505 -0.518223 0.035057 0.418101 -0.603397 -0.582060 0.654593 -0.011195 0.201660 -0.311962 -0.599428
VERTEX_POSE A1903 -0.297422 -0.099429 0.684132 -0.562697 0.660807 0.030533 0.544851 0.577603 0.156965 -0.438902 0.408773 -0.078250 -0.377279 -0.471716 0.399928 -0.544601 0.418836 -0.899091 -0.267532 0.318339
VERTEX_POSE A1904 0.335495 0.349074 0.079883 0.670159 0.194123 0.417454 0.401560 0.050669 0.158492 -0.883219 0.009304 0.090289 -0.186710 -0.596579 -0.649598 0.114034 -0.572693 0.608673 0.103970 -0.559877
VERTEX_POSE A1905 -0.255488 -0.389257 0.893866 -0.833198 -0.519728 0.641465 0.598751 0.075590 -0.148810 0.707203 -0.200180 0.071538 0.028344 0.875789 0.598497 -0.298017 0.084089 -0.450624 0.227472 0.424426
VERTEX_POSE A1906 -0.929717 0.515443 0.691283 0.775568 0.189169 -0.537329 0.331056 0.217282 -0.229378 0.493067 0.447698 0.707098 0.611439 0.173686 0.054365 0.332016 -0.773728 0.394612 -0.403974 0.351472
VERTEX_POSE A1907 0.838027 0.042987 0.771577 0.126017 -0.697643 0.026872 0.567020 -0.790599 0.037227 -0.181592 0.151544 0.480761 0.459667 0.330886 -0.722093 -0.125902 -0.127570 -0.495320 0.646813 0.475634
VERTEX_POSE A1908 -0.939316 0.373922 0.134103 -0.674722 -0.889712 -0.106835 -0.592448 0.305903 -0.064967 -0.213192 -0.924322 -0.684784 -0.221135 -0.114681 -0.629818 -0.043885 0.192250 -0.344625 0.743456 -0.044051
VERTEX_POSE A1909 -0.222641 -0.805817 0.463886 0.286961 0.774488 0.314188 -0.042517 0.634751 0.210457 -0.768779 0.123830 -0.165390 0.549849 0.157403 0.850043 0.222481 -0.460667 -0.327210 -0.235243 -0.587169
VERTEX_POSE A1910 0.306505 0.312040 -0.338680 0.351403 -0.741588 -0.713167 -0.223759 -0.265260 0.436139 -0.578979 0.048077 0.547816 0.211783 -0.361126 -0.023391 0.312877 0.835291 0.022943 -0.687001 0.314966
VERTEX_POSE A1911 -0.022532 -0.608704 0.309666 -0.228372 0.788249 0.501436 0.238185 0.584806 -0.103433 0.634173 -0.430741 -0.690137 -0.031841 0.617158 0.510520 -0.104714 0.186950 -0.030734 0.727402 0.237970
VERTEX_POSE A1912 0.385320 -0.962040 0.834600 0.600470 -0.160398 0.412627 -0.054243 0.354404 0.255683 -0.822558 -0.152418 0.527775 0.403788 0.424279 -0.696732 -0.016972 0.456221 -0.019583 -0.396389 0.680453
VERTEX_POSE A1913 0.767358 -0.825716 0.510646 0.116668 -0.246329 0.279089 0.253495 0.063999 0.256154 0.745363 0.419337 0.567217 -0.396088 0.591944 -0.607576 -0.219406 0.673331 0.406953 -0.418509 -0.127626
VERTEX_POSE A1914 0.254334 -0.980965 -0.129695 0.000296 0.367838 0.029244 -0.196617 -0.327012 -0.163363 -0.158602 0.488441 -0.614084 0.579637 -0.464026 0.740024 0.235909 -0.416478 -0.218456 -0.737940 -0.515475
VERTEX_POSE A1915 -0.107842 -0.296533 -0.855573 -0.274673 -0.211102 -0.312043 -0.486419 -0.573558 0.391638 0.444004 0.149121 -0.500556 -0.044166 0.659715 -0.637118 0.199657 0.072468 0.304585 -0.724184 0.456419
VERTEX_POSE A1916 -0.987848 -0.928547 0.141125 0.894826 -0.542166 0.668261 -0.381520 0.493600 0.071134 -0.481796 0.195583 -0.721667 -0.253735 0.551012 0.012673 0.434208 0.579178 -0.165540 -0.607780 -0.281149
VERTEX_POSE A1917 0.694278 0.712023 0.463513 0.992682 0.357300 -0.267898 0.596196 0.258150 -0.255862 0.324125 0.610734 -0.601194 -0.411079 0.304993 0.028465 0.607914 -0.342588 -0.707475 0.030802 -0.591587
VERTEX_POSE A1918 0.723407 0.174613 0.305981 0.264475 -0.275691 -0.010045 -0.531446 0.635188 -0.719780 -0.427706 0.079418 0.114788 -0.346743 -0.548246 -0.577542 0.607991 0.115527 0.367539 0.211540 0.525651
VERTEX_POSE A1919 -0.908949 0.358561 -0.701623 0.965261 0.806547 -0.283776 0.439175 -0.355885 -0.668263 0.220480 -0.137637 0.031221 0.070459 0.803385 0.558966 0.769566 -0.067032 0.399347 -0.401643 -0.452196
VERTEX_POSE A1920 0.450643 -0.789886 0.324850 0.479389 -0.395312 -0.284307 0.790770 0.223880 0.040746 -0.433166 0.697091 0.638389 0.396253 0.020044 0.373616 -0.154844 -0.563157 -0.608589 -0.077819 -0.382615
VERTEX_POSE A1921 0.711387 -0.544029 -0.984557 0.170898 -0.802596 0.547271 0.365556 0.016400 -0.513099 0.352090 0.224647 0.098570 0.442123 0.780844 0.580601 -0.422735 0.307001 0.300683 0.606815 -0.495275
VERTEX_POSE A1922 -0.000738 -0.153971 0.364170 0.493766 0.204861 0.137999 -0.138982 0.305125 -0.480919 -0.222445 -0.620267 -0.780094 0.481863 0.385560 -0.208135 -0.702097 0.559594 -0.312741 -0.453949 -0.245695
VERTEX_POSE A1923 -0.382040 0.034688 -0.896266 0.355404 0.240650 -0.003352 -0.733252 -0.374904 0.185293 -0.370669 0.586029 0.040345 0.147729 0.652673 -0.728125 0.321531 -0.075650 -0.658681 -0.446923 0.290366
VERTEX_POSE A1924 0.067632 0.267223 -0.090399 -0.030163 0.956222 0.796495 0.424176 0.034518 -0.380229 0.781079 -0.082123 -0.331670 0.262934 0.667137 0.333189 0.137917 0.489721 -0.001117 -0.349049 0.554225
VERTEX_POSE A1925 0.594198 0.619622 0.935487 -0.979294 -0.741040 -0.300518 0.616997 0.604719 -0.541252 -0.202058 -0.483310 0.357726 0.318862 -0.375030 0.616994 0.275727 -0.168485 0.328764 -0.633079 0.481343
VERTEX_POSE A1926 -0.418850 0.348835 -0.941217 0.347148 0.661630 -0.854842 0.330497 -0.362784 0.312598 0.689957 -0.145328 0.355853 0.442110 -0.231753 0.175138 -0.461108 -0.580134 0.119256 -0.081544 -0.676020
VERTEX_POSE A1927 -0.425020 -0.848711 -0.414560 -0.463227 -0.567376 0.505897 0.557460 -0.432199 -0.419684 0.058497 -0.637257 0.065438 0.594699 -0.022068 -0.067943 0.453888 0.637646 0.747687 -0.355155 -0.005391
VERTEX_POSE A1928 0.273642 -0.241778 0.408495 0.236603 0.808370 0.398586 -0.203878 -0.224471 -0.342634 -0.176874 0.137891 -0.585354 0.089499 0.568473 0.475092 0.698557 0.476385 0.394182 -0.656626 0.616843
VERTEX_POSE A1929 0.174197 -0.813835 0.322689 -0.680432 0.008144 0.134557 0.438924 -0.462640 0.923304 0.173141 -0.085321 -0.266489 0.642403 -0.277708 0.226664 0.012458 0.534047 0.083728 -0.603764 -0.645257
VERTEX_POSE A1930 -0.395862 -0.369312 0.776251 0.413822 0.558466 -0.289579 0.390459 -0.354500 -0.134760 -0.542643 0.340246 -0.067153 0.302566 -0.496907 -0.713186 -0.491996 -0.393273 0.620355 -0.468481 -0.597480
VERTEX_POSE A1931 0.097915 0.044798 -0.176624 0.821813 -0.772562 0.426001 0.283199 0.298971 -0.030819 -0.469017 0.139792 -0.013794 -0.462201 0.799134 -0.395397 -0.542626 -0.383706 -0.813046 0.437891 0.324392
VERTEX_POSE A1932 -0.075120 0.462805 0.526944 -0.348990 0.555245 -0.417321 -0.181486 -0.499967 -0.013397 -0.386829 -0.710331 0.595893 -0.735828 0.163354 0.042485 0.097772 -0.113437 -0.684668 -0.516164 0.453774
VERTEX_POSE A1933 0.547112 0.905765 0.768654 0.569230 0.015603 0.941169 0.020390 -0.298584 -0.085502 0.791699 0.060137 -0.224936 0.137622 -0.574934 -0.212880 -0.083400 -0.758148 -0.104763 -0.588984 0.043513
VERTEX_POSE A1934 0.800494 0.945369 -0.492492 -0.740884 0.888245 -0.286705 0.393193 0.788253 -0.204376 -0.419810 0.483298 -0.454802 -0.705286 -0.033263 0.355828 0.029849 0.188433 -0.736595 0.413327 -0.329344
VERTEX_POSE A1935 -0.739625 -0.188121 -0.393174 -0.678832 -0.250632 -0.635147 0.422513 0.016419 0.507562 -0.379738 0.027460 -0.523974 -0.802228 -0.182683 -0.094356 0.022989 -0.691579 0.235623 0.182162 -0.698084
VERTEX_POSE A1936 -0.708376 -0.483492 0.662521 0.736032 0.495875 0.566515 0.087148 -0.815144 -0.488904 -0.448131 -0.372766 -0.552338 0.398435 -0.398825 0.195759 0.593664 0.176716 0.310860 -0.529524 0.079344
VERTEX_POSE A1937 0.870777 0.460812 -0.801209 -0.965315 0.077414 -0.405393 0.469270 0.476999 0.382634 0.227810 0.476395 -0.434175 0.075087 -0.593898 0.590035 -0.297192 -0.143476 0.390639 0.796195 -0.414993
VERTEX_POSE A1938 -0.901598 0.854866 -0.621597 0.447186 0.051725 0.009165 -0.125134 -0.265272 0.350268 0.621073 -0.436894 0.628994 0.365591 0.203870 0.344695 -0.515989 -0.704408 -0.602312 0.445767 -0.448330
VERTEX_POSE A1939 -0.647692 0.890430 -0.203376 -0.938690 0.606163 0.561673 -0.163978 -0.762405 -0.030420 0.650303 0.083450 0.058654 -0.674090 0.409759 0.170056 0.281721 0.126741 -0.806994 -0.128271 -0.477294
VERTEX_POSE A1940 -0.351864 0.654995 0.662677 0.321645 -0.148098 -0.214293 -0.768558 0.600051 0.116342 0.205298 0.357808 -0.508528 -0.075827 -0.206958 -0.417464 0.600282 0.601820 -0.712507 -0.032919 -0.326948
VERTEX_POSE A1941 0.404907 0.166906 0.039723 -0.201411 0.310137 -0.375815 -0.563425 0.094690 -0.353891 -0.274110 0.465458 -0.433840 -0.389415 -0.253913 -0.637166 0.460525 -0.526732 0.373265 -0.493649 -0.657620
VERTEX_POSE A1942 0.329776 -0.718274 -0.893710 -0.167062 0.394411 -0.309751 -0.263713 0.569875 0.471192 -0.074850 -0.511998 -0.418498 -0.791651 -0.424001 0.595662 -0.514600 0.471667 0.389973 -0.182559 -0.104184
VERTEX_POSE A1943 -0.966544 0.692955 0.497278 -0.077885 0.691504 -0.314373 -0.427197 -0.056048 -0.458370 -0.488785 0.455326 0.317474 -0.279045 -0.646622 -0.756622 0.239087 -0.564411 -0.133416 0.666006 0.229907
VERTEX_POSE A1944 0.172264 0.341191 -0.449630 0.915257 -0.936192 0.013793 -0.107341 -0.674029 -0.194449 -0.158932 -0.656302 0.615316 0.493260 -0.022450 -0.555426 -0.182713 0.311879 -0.524297 0.828571 -0.131069
VERTEX_POSE A1945 -0.415890 -0.699239 -0.023405 0.833235 -0.237750 -0.025143 0.104073 0.376304 -0.879614 -0.142275 -0.397775 0.056491 0.476416 0.020925 0.134007 0.677940 -0.607046 -0.452214 0.531368 0.575524
VERTEX_POSE A1946 -0.074386 -0.603577 0.641705 0.647442 -0.519598 -0.629769 0.240439 -0.114919 0.368322 -0.232574 0.337028 0.386788 0.917633 -0.008780 0.541900 -0.214310 -0.570078 0.156428 -0.010942 0.740365
VERTEX_POSE A1947 0.184417 0.412644 0.691495 0.810084 -0.478357 -0.639137 0.074509 -0.576453 -0.385399 0.729736 0.036708 -0.456990 -0.117840 0.562057 -0.207214 -0.562915 -0.416830 -0.437258 -0.362179 0.420355
VERTEX_POSE A1948 -0.721612 -0.987216 -0.559891 0.825916 -0.880450 -0.729544 0.018290 -0.120435 0.678873 0.010178 -0.181318 -0.032035 -0.329003 0.611500 0.031137 0.839453 0.526876 0.070006 -0.432016 0.548716
VERTEX_POSE A1949 -0.350979 0.571036 -0.052314 -0.088083 0.204710 -0.256169 -0.415470 0.252063 -0.446937 -0.636427 -0.331035 0.586177 -0.600275 0.456244 0.624565 -0.050492 -0.533347 0.030634 -0.243858 -0.578154
VERTEX_POSE A1950 0.275468 -0.228795 0.989873 0.775345 -0.671810 -0.299974 -0.621976 0.595824 0.816457 0.038815 0.420176 -0.002072 -0.637242 -0.248974 -0.300882 0.339910 0.634078 0.390999 -0.300039 0.066349
VERTEX_POSE A1951 0.729032 -0.777102 0.764958 0.305305 -0.275762 0.163539 0.278744 0.572754 0.141776 0.632385 -0.557669 0.821729 0.113993 0.306412 -0.110095 -0.463261 0.211431 -0.515554 0.542942 0.471558
VERTEX_POSE A1952 -0.639592 -0.972993 -0.036871 -0.917185 0.402115 -0.520177 0.267007 -0.576422 0.394581 0.889687 -0.085074 -0.397570 0.231228 -0.011214 -0.310803 0.283682 0.811984 -0.564855 0.056766 0.032511
VERTEX_POSE A1953 -0.725270 0.617234 0.354042 0.269111 0.533051 -0.619664 0.311446 -0.370783 -0.292621 -0.668582 0.408399 0.246854 0.104298 0.581578 -0.648888 0.253053 0.501526 -0.219995 -0.617321 -0.325530
VERTEX_POSE A1954 -0.653009 0.257586 0.868692 -0.339291 0.964888 0.075516 -0.307600 0.537023 0.081416 0.140554 -0.683301 0.665573 -0.382541 0.147108 0.125789 -0.707445 -0.471185 -0.727227 -0.488683 0.032402
VERTEX_POSE A1955 0.428040 0.294230 0.872730 0.052652 0.358337 0.468862 0.642532 -0.234311 0.201464 0.342988 0.079425 -0.433565 0.602111 -0.254016 -0.602635 0.290134 0.564127 -0.434089 -0.150983 -0.745672
VERTEX_POSE A1956 0.868928 0.236856 0.289530 0.289817 0.792011 -0.144151 0.542823 0.395615 -0.560567 0.001539 0.537182 0.073080 0.510514 -0.556400 -0.623891 0.386155 -0.335599 -0.520004 -0.543692 -0.364303
VERTEX_POSE A1957 -0.071858 -0.393579 0.927476 -0.992143 0.626518 0.683703 -0.715778 -0.086064 0.264697 0.190682 0.822308 -0.523275 -0.498785 -0.046418 -0.174898 -0.335582 0.507971 -0.397592 -0.299835 0.237094
VERTEX_POSE A1958 -0.996980 0.445519 -0.541830 0.589425 0.790961 -0.138685 -0.715893 0.477091 -0.671558 0.505510 0.014102 -0.444364 -0.139711 0.219582 0.492556 0.441694 0.670320 -0.299508 0.131701 0.524060
VERTEX_POSE A1959 0.142570 0.995078 -0.301975 -0.473580 0.600381 0.195888 -0.181163 -0.688245 -0.219999 0.571212 0.407374 0.628531 -0.385849 0.387719 -0.244564 0.205779 -0.421218 0.677026 0.670576 -0.180595
VERTEX_POSE A1960 -0.897661 -0.207414 0.250165 -0.672575 -0.365338 -0.372953 0.588515 -0.020251 0.352011 0.401583 -0.205002 -0.110407 0.427966 0.809173 0.209646 -0.483450 0.548240 0.825138 0.274778 0.047280
VERTEX_POSE A1961 -0.392842 -0.923793 -0.765580 0.003247 0.349427 -0.619285 -0.501531 0.428595 -0.074226 -0.268780 -0.387669 0.761342 -0.305358 0.231626 -0.089886 -0.171391 -0.779896 -0.152497 0.744047 0.064267
VERTEX_POSE A1962 -0.759515 0.039876 0.521401 -0.651767 0.827819 0.555870 -0.165418 0.103763 0.145411 -0.768696 -0.596028 -0.644464 0.089594 -0.428872 -0.503784 -0.534897 0.514219 -0.027046 0.295976 -0.430850
VERTEX_POSE A1963 0.027219 -0.744609 -0.222892 -0.021565 -0.810093 0.542636 -0.305457 0.186220 -0.588382 -0.097814 -0.493904 0.185750 -0.032085 0.281708 -0.379728 -0.823395 0.379028 0.425037 -0.467033 -0.705946
VERTEX_POSE A1964 -0.845730 0.981972 -0.996925 -0.427524 -0.634971 -0.384966 0.429814 -0.453773 0.314685 -0.631337 0.164245 -0.104201 -0.474112 -0.649334 -0.652656 -0.119194 0.570910 -0.562100 -0.421526 -0.139787
VERTEX_POSE A1965 -0.959021 -0.014755 -0.971091 -0.392650 0.716064 0.039274 -0.163744 0.704334 -0.703852 -0.288795 0.189880 -0.441508 0.191283 -0.577040 -0.555023 0.188888 0.264229 -0.008348 0.904166 0.255081
VERTEX_POSE A1966 0.287594 0.067270 0.383934 0.299603 -0.060725 0.716187 0.160201 0.366545 -0.021096 0.166809 0.495542 -0.579471 0.066826 0.683549 -0.272798 -0.546868 -0.172423 0.276451 -0.801860 0.350875
VERTEX_POSE A1967 -0.554107 -0.501520 0.665595 -0.691492 0.860904 0.660260 0.597414 0.435676 0.220298 -0.482087 0.083483 0.079506 -0.497111 0.699668 0.245810 -0.312645 0.049124 0.669912 -0.256558 -0.557914
VERTEX_POSE A1968 0.911756 -0.553944 -0.772300 -0.357966 -0.206522 -0.315936 0.409911 0.603370 0.175948 0.204056 -0.702665 -0.913282 0.078657 -0.362529 -0.170232 -0.831979 0.059706 -0.078514 -0.303247 0.084932
VERTEX_POSE A1969 0.385996 -0.077864 0.762338 -0.253212 0.990999 -0.663999 -0.323163 0.062928 -0.352081 0.376869 0.650156 0.383644 -0.499283 -0.049341 -0.386588 0.324448 -0.755552 -0.372172 -0.631653 0.006627
VERTEX_POSE A1970 -0.201799 -0.611090 -0.537781 -0.630182 0.467067 -0.557712 0.383968 -0.266267 -0.775745 -0.209977 0.204162 0.113254 0.571384 -0.569604 -0.257451 -0.181537 -0.487842 0.089827 -0.670107 -0.570071
VERTEX_POSE A1971 -0.440108 -0.898949 0.890378 0.963680 0.645380 0.167923 0.398217 0.406047 -0.380741 0.522560 -0.678422 0.113085 0.073702 0.345503 -0.590472 -0.647500 0.036644 -0.682197 0.379033 0.504138
VERTEX_POSE A1972 -0.209097 -0.910958 -0.197939 0.545378 0.301136 0.170950 0.083853 0.732320 0.330051 0.087677 -0.570938 0.844811 0.367840 0.068109 -0.022515 -0.008516 0.363032 0.384227 -0.921902 0.036132
VERTEX_POSE A1973 -0.872023 -0.329363 -0.431491 0.202756 -0.138522 -0.438788 -0.121237 -0.463753 -0.645335 0.580439 0.058170 -0.438844 -0.600797 0.659425 -0.203402 0.403659 0.335685 0.396298 0.352838 0.483760
VERTEX_POSE A1974 -0.406652 0.794006 0.387656 -0.114205 0.336884 0.320848 -0.239464 -0.588422 -0.239239 0.332173 0.269878 0.207573 0.302058 -0.621946 -0.541586 0.615569 -0.341492 -0.709521 -0.601793 -0.278373
VERTEX_POSE A1975 0.963168 0.430233 0.352431 0.460635 0.364945 0.353561 -0.614780 0.108242 -0.549506 0.450956 -0.103580 0.362437 0.254550 -0.004776 -0.608222 -0.593157 -0.265730 0.267850 0.045308 -0.952323
VERTEX_POSE A1976 -0.287913 -0.028602 0.545104 0.035991 0.623728 0.704816 0.655764 -0.037391 -0.204794 0.094543 0.564489 0.318181 -0.503358 0.462534 0.296218 -0.487209 -0.597914 -0.521833 0.265127 -0.329418
VERTEX_POSE A1977 0.518962 -0.809571 0.029361 -0.466763 0.817286 0.032786 0.576844 -0.772945 -0.039276 -0.718139 -0.611587 0.195170 0.051755 -0.159575 0.511042 0.294850 0.055009 0.835540 -0.248821 0.005210
VERTEX_POSE A1978 0.147584 -0.157123 0.043926 0.270719 0.886587 0.328557 -0.454850 -0.667944 0.592882 0.439832 0.128518 0.116434 0.125267 0.483635 -0.385497 -0.538523 0.391987 0.615123 -0.542181 0.387011
VERTEX_POSE A1979 -0.009525 -0.015818 0.985213 -0.138093 0.743278 0.033921 -0.466816 -0.074885 0.344934 -0.801385 0.161991 0.689777 0.243406 -0.555510 0.470639 0.006532 -0.035777 -0.427290 -0.283859 -0.811344
VERTEX_POSE A1980 -0.832017 0.761464 0.977047 0.445154 0.021996 -0.539236 -0.180879 -0.386352 0.003069 -0.673618 0.706378 -0.152757 0.468471 0.332750 0.526015 0.399916 0.226292 0.639679 -0.366228 -0.435696
VERTEX_POSE A1981 -0.576948 0.614082 0.033799 0.046064 -0.785223 0.198990 0.825132 0.383381 -0.556751 -0.194195 0.723485 0.080208 -0.084756 -0.338326 0.398207 -0.516621 0.344243 0.696727 -0.085816 0.310838
VERTEX_POSE A1982 -0.280493 0.207080 0.750171 -0.832788 -0.532485 -0.744508 0.195108 -0.401735 0.181850 -0.653058 0.177872 -0.557373 -0.286070 0.670679 0.265304 -0.055497 -0.214060 0.177728 0.671217 0.557977
VERTEX_POSE A1983 -0.471608 0.788471 -0.059824 0.527969 -0.575889 0.934496 0.328925 0.048665 0.153330 -0.404568 -0.190105 -0.050659 -0.081381 -0.571654 -0.179071 0.708961 -0.566402 -0.261868 0.467850 0.560261
VERTEX_POSE A1984 -0.302218 0.231316 -0.612159 -0.684826 0.747828 -0.544813 -0.213822 0.312709 -0.388481 0.306864 -0.549319 -0.122318 -0.564970 0.421399 -0.446912 -0.523306 -0.522446 -0.581007 0.516792 0.387215
VERTEX_POSE A1985 0.066498 -0.535334 0.618864 -0.172079 -0.567596 -0.687808 -0.494660 0.472599 -0.680854 0.225705 -0.632539 -0.139934 0.497239 -0.064310 0.209148 -0.548426 -0.540163 0.005758 -0.395413 -0.283959
VERTEX_POSE A1986 0.956432 0.082701 -0.187095 -0.419378 0.782448 0.373609 0.612639 0.354264 -0.050173 -0.636037 0.186561 -0.892806 0.350215 -0.084001 0.215370 0.296085 -0.490371 0.120049 -0.099066 -0.769527
VERTEX_POSE A1987 -0.433290 -0.531828 0.677371 0.604991 0.539838 -0.458911 0.650980 0.063269 -0.268476 -0.154660 0.309229 -0.653490 -0.507060 -0.544729 0.426377 0.212406 -0.744277 0.329355 -0.500079 0.222930
VERTEX_POSE A1988 0.994640 0.071087 0.546339 -0.164222 -0.941078 -0.039136 -0.158737 0.311949 0.190477 -0.359894 -0.243231 0.131964 0.691391 0.572678 -0.533739 0.522192 -0.590288 -0.812339 -0.307525 0.408813
VERTEX_POSE A1989 0.959452 -0.471780 0.271075 -0.829953 0.573409 0.181637 -0.598860 0.360636 -0.019008 -0.717720 -0.413036 -0.282859 0.241877 -0.584630 0.582684 0.259745 0.268522 0.739674 0.016495 -0.534272
VERTEX_POSE A1990 0.709280 -0.536750 -0.624604 -0.868589 0.140219 0.554557 -0.557377 -0.455470 0.507833 0.685393 0.156082 -0.181732 -0.406893 0.722185 -0.219045 -0.078389 -0.283445 -0.594613 0.218771 -0.407791
VERTEX_POSE A1991 -0.903021 0.863672 -0.203496 0.163203 -0.306417 -0.603432 0.120538 -0.371841 0.392637 -0.217743 -0.885539 -0.299138 0.248254 -0.087099 -0.616601 -0.515978 -0.115406 -0.109659 0.781150 -0.238012
VERTEX_POSE A1992 -0.433390 -0.395572 0.505496 0.173293 -0.077164 0.427032 0.199580 0.387993 0.052503 0.526481 -0.364909 -0.223897 0.664158 0.607876 -0.513377 -0.420818 0.483636 -0.707956 0.254541 -0.335984
VERTEX_POSE A1993 0.949765 0.503126 0.896797 -0.520356 -0.031962 -0.651975 0.195159 -0.220373 -0.561835 -0.248326 0.257595 -0.106843 -0.805133 -0.541174 -0.402102 -0.112658 0.540842 -0.293546 0.489199 -0.547449
VERTEX_POSE A1994 0.124198 -0.880937 0.573612 -0.858363 -0.116510 0.317428 0.513678 0.136696 0.038530 0.596847 -0.695208 0.083082 0.196036 -0.154999 0.552011 0.315574 0.556119 -0.765596 0.491825 0.405842
VERTEX_POSE A1995 -0.279120 -0.413601 0.508570 0.745770 0.287865 -0.368371 0.530265 0.128335 0.405194 0.377257 0.408114 -0.323260 -0.567133 -0.225627 0.298369 -0.504649 0.678554 0.711758 0.013646 -0.552838
VERTEX_POSE A1996 0.990745 -0.511629 0.925706 0.086994 -0.315898 -0.684480 0.169412 0.429992 0.233948 -0.070564 0.651128 0.286736 -0.343287 0.583076 0.571213 0.685589 0.056105 -0.261254 0.615177 0.219121
VERTEX_POSE A1997 -0.588208 0.186333 -0.042453 0.441240 0.822765 0.258005 0.687311 -0.178407 -0.642343 0.438042 -0.462789 -0.351982 -0.471445 -0.524108 0.538069 0.083708 -0.573988 -0.327749 0.326276 0.387099
VERTEX_POSE A1998 0.166773 0.084879 0.174166 -0.945722 0.148769 -0.224134 -0.048998 0.356205 0.669687 -0.682674 0.000879 -0.131261 0.208178 -0.536130 0.449843 0.560668 0.591980 0.530749 0.416975 -0.485017
VERTEX_POSE A1999 0.902501 -0.065573 -0.846593 0.729028 0.477580 -0.826855 0.186110 -0.071394 0.330008 0.316209 0.543483 -0.092311 0.648452 0.448977 -0.369557 0.143912 0.057866 0.249625 0.651286 -0.703278
VERTEX_POSE A2000 0.797788 -0.891531 -0.280115 -0.811972 0.813764 0.497338 0.321598 0.483374 0.435460 -0.270249 0.283143 -0.462970 -0.392099 0.771200 0.473445 -0.737365 -0.189619 0.352899 0.355092 0.235532
VERTEX_POSE A2001 0.964974 0.473790 0.636385 -0.575904 -0.384164 -0.178432 0.516188 0.229923 -0.027482 -0.222229 0.953899 -0.494273 0.098151 0.107526 -0.663414 -0.627573 -0.157298 0.531961 -0.529795 0.030142
VERTEX_POSE A2002 -0.537607 0.035478 -0.956216 0.692708 0.122960 -0.510791 0.109550 -0.483976 -0.469533 0.598207 0.390256 -0.347753 -0.591950 -0.329894 0.311173 -0.320595 0.426779 -0.548517 -0.420667 0.567889
VERTEX_POSE A2003 -0.411309 -0.802489 0.521946 0.733406 0.114901 -0.678868 -0.034636 0.597127 -0.175054 -0.923278 -0.323950 -0.325682 -0.124277 0.222815 -0.359214 0.256233 -0.556464 0.522868 -0.255455 0.423316
VERTEX_POSE A2004 -0.907049 -0.855574 -0.795106 0.626852 0.477314 -0.113877 -0.424770 0.178217 -0.504153 0.209583 -0.666041 0.198517 -0.766675 -0.547973 -0.653514 -0.416170 0.444826 0.516112 -0.121068 0.162736
VERTEX_POSE A2005 0.055741 -0.170516 0.431440 -0.421498 -0.540155 0.636206 -0.151731 0.240660 -0.211407 -0.102757 0.473974 -0.610951 -0.219038 -0.415847 0.215857 0.742137 -0.471605 0.361515 -0.606361 -0.567532
VERTEX_POSE A2006 -0.448141 0.627744 -0.125622 0.194041 -0.520155 0.250223 0.002965 -0.217485 -0.577142 -0.428197 -0.392504 0.020798 -0.778388 -0.087535 0.312015 -0.439421 0.701428 0.711695 -0.132890 -0.546788
VERTEX_POSE A2007 -0.194962 0.115824 0.749998 -0.337157 0.101042 -0.123865 -0.310146 -0.490667 0.377906 -0.458661 0.733148 -0.440005 -0.179711 0.173465 0.797985 0.176459 -0.282896 -0.107053 0.793728 0.334096
VERTEX_POSE A2008 -0.425296 0.019913 -0.539199 0.111739 -0.722870 0.250715 0.424272 0.263916 -0.130778 -0.397841 -0.674764 0.058215 0.643281 -0.675540 -0.858562 -0.017450 0.078981 -0.423700 0.497595 0.111576
VERTEX_POSE A2009 0.699443 -0.529379 0.918304 -0.535241 -0.633567 -0.178466 0.549409 0.275769 0.622092 0.310799 0.378762 -0.225142 0.686342 -0.590940 0.727519 0.064642 -0.461165 -0.034332 -0.355402 -0.467554
VERTEX_POSE A2010 0.795513 -0.899994 0.735211 0.524750 -0.155681 -0.777277 0.100246 -0.128795 0.301268 0.128919 -0.557834 -0.204333 0.838499 -0.220985 0.411289 0.137547 -0.435808 -0.306867 -0.501328 -0.658384
VERTEX_POSE A2011 -0.257313 -0.218623 -0.562152 -0.443107 0.299127 -0.487889 0.522906 -0.253042 -0.250079 0.522481 -0.313405 -0.064726 -0.468893 -0.575002 0.776849 0.314312 -0.503907 -0.302888 -0.367328 -0.503188
VERTEX_POSE A2012 -0.877504 -0.915297 -0.047897 0.510823 -0.418790 0.408867 -0.284341 0.679675 -0.356927 -0.588371 -0.460962 0.755341 0.002855 -0.448578 0.121015 -0.756840 0.106837 0.346766 -0.012444 -0.336036
VERTEX_POSE A2013 -0.484980 0.307086 0.485383 0.691963 0.311835 0.594792 -0.005990 0.215082 0.648557 0.501763 -0.415584 -0.280650 0.770844 0.487862 -0.306106 0.051808 -0.653594 0.230502 -0.388990 0.340345
VERTEX_POSE A2014 0.271079 -0.430152 0.378024 -0.915138 0.723238 0.498430 0.576943 0.265736 -0.339815 0.719828 -0.567039 -0.789096 0.096686 0.496562 -0.062426 0.045748 -0.164727 -0.097591 -0.370870 -0.578050
VERTEX_POSE A2015 -0.179722 0.316019 0.339944 0.825997 -0.670963 0.262070 0.558854 -0.374659 -0.546456 -0.391767 0.237568 -0.269003 0.127588 -0.497652 -0.189382 -0.443830 -0.742572 -0.724208 0.566514 0.064198
VERTEX_POSE A2016 0.581519 0.771752 0.104246 -0.480116 0.744238 0.105088 -0.131137 0.979075 -0.705669 -0.361344 0.050489 -0.129914 -0.683589 -0.048273 -0.015076 0.404383 0.160819 -0.688392 0.470547 0.103295
VERTEX_POSE A2017 0.227511 0.652549 -0.809071 -0.334516 0.505686 0.035164 0.585166 -0.274491 -0.201447 -0.640012 -0.691686 0.489353 -0.307410 0.350549 -0.149251 0.385432 -0.374461 -0.834530 -0.070043 0.427926
VERTEX_POSE A2018 0.386988 0.784192 0.017315 0.430988 0.868876 0.279180 -0.031652 0.829974 -0.634902 0.395306 -0.139709 -0.439243 0.440692 0.481821 0.485206 0.745513 -0.081631 0.300997 0.304520 -0.229802
VERTEX_POSE A2019 0.576159 -0.157162 -0.349414 0.355662 0.803160 0.168968 -0.686985 -0.142548 -0.552216 -0.216632 -0.726515 -0.238864 -0.398339 0.106504 -0.476411 0.515711 -0.111249 -0.618453 -0.237677 0.654322
VERTEX_POSE A2020 0.186963 -0.819230 0.462004 -0.164469 0.079095 -0.770093 -0.513407 -0.311633 0.486642 -0.849488 0.063511 -0.344980 0.016339 0.247000 -0.195270 -0.060272 0.505363 0.113998 0.104325 -0.763184
VERTEX_POSE A2021 0.096269 -0.752558 0.392711 0.562399 0.009095 0.113945 -0.070336 -0.764419 0.788409 -0.308765 -0.058461 0.527002 0.688770 0.293659 0.295300 -0.335624 -0.115113 -0.022221 0.559169 -0.559249
VERTEX_POSE A2022 0.673138 -0.293490 0.447090 -0.481136 -0.503256 0.415045 -0.528656 -0.062906 -0.267665 0.053185 0.396509 0.575837 0.735469 -0.234614 -0.583179 0.395978 -0.017456 0.290530 0.141355 0.885141
VERTEX_POSE A2023 0.753573 -0.214803 -0.032500 -0.991176 -0.998069 0.330735 -0.631809 0.692718 0.005330 0.063303 -0.021509 -0.800794 -0.517026 -0.128504 0.177934 -0.520644 -0.468267 0.466535 -0.241711 -0.532815
VERTEX_POSE A2024 0.046034 0.750569 0.289508 -0.957957 0.977133 -0.158855 0.734313 0.614474 0.683067 0.438322 -0.184399 0.322165 -0.501451 0.623637 0.635504 -0.028737 0.019508 -0.022987 0.127978 -0.446223
VERTEX_POSE A2025 -0.202664 -0.174427 0.020702 -0.339499 0.380234 -0.700288 -0.494834 0.462264 -0.598448 0.644814 -0.007168 0.207236 -0.014056 0.230464 0.121598 0.575308 0.518379 -0.306144 0.090423 -0.681491
VERTEX_POSE A2026 -0.525548 0.371597 -0.523929 0.754593 0.289796 0.015961 0.332393 0.024020 0.475595 -0.482994 0.648432 0.455089 0.679600 0.391931 -0.055972 -0.416648 0.128018 0.750544 -0.144155 -0.639500
VERTEX_POSE A2027 0.036779 -0.761060 0.215214 0.129036 -0.338765 -0.224023 -0.655002 -0.053446 -0.328742 -0.011605 -0.703529 -0.498145 0.411954 0.555870 -0.689633 0.217101 -0.234100 0.343512 0.594978 -0.372016
VERTEX_POSE A2028 0.209128 -0.988094 0.978249 -0.898259 0.202999 -0.160978 0.718592 -0.495530 -0.193230 0.114958 0.417997 -0.690225 -0.509380 -0.067455 -0.650989 0.208006 -0.148438 0.191184 -0.409483 -0.743737
VERTEX_POSE A2029 0.641225 -0.543524 0.650236 0.808871 -0.561435 -0.284012 -0.427351 -0.784318 0.515642 -0.069093 -0.305247 0.584145 -0.427316 0.297713 0.197031 0.793595 -0.282272 0.522880 0.014355 -0.351225
VERTEX_POSE A2030 -0.060721 0.173367 0.368621 -0.141936 -0.861184 -0.589747 0.083739 0.036117 -0.448438 -0.404003 -0.594910 0.019569 0.221480 -0.701314 -0.591093 -0.229253 0.391065 0.318320 -0.853322 -0.001887
VERTEX_POSE A2031 0.006916 -0.879625 -0.301867 -0.710230 0.016764 -0.076372 -0.684732 0.529221 0.371257 -0.424935 0.193031 0.668134 -0.183146 -0.529501 0.458373 0.559410 0.629720 0.447019 -0.063950 0.075802
VERTEX_POSE A2032 0.606199 0.930266 0.286621 -0.767033 0.054401 -0.106504 0.499492 0.460025 -0.610832 0.049819 -0.491117 0.277875 -0.224395 0.510157 -0.428484 -0.774711 0.296933 0.595590 -0.312242 -0.445816
VERTEX_POSE A2033 0.401672 -0.791156 0.412405 -0.449228 0.261776 0.206653 0.269534 -0.496943 0.457115 -0.596087 0.206507 0.549244 -0.315865 -0.530918 0.616244 0.398194 0.598231 0.258677 0.560092 -0.265797
VERTEX_POSE A2034 0.595607 -0.682114 -0.779920 -0.976824 -0.868336 0.240031 -0.350127 -0.636720 -0.295394 0.697625 -0.256710 -0.424774 -0.551364 -0.275288 0.651719 0.228403 -0.447124 0.499957 -0.185904 0.502975
VERTEX_POSE A2035 0.699150 -0.925308 0.491515 0.859819 -0.468284 0.223422 -0.015906 0.208698 -0.016743 -0.805210 0.065704 -0.692096 -0.205205 0.587324 0.169603 0.439564 0.687033 -0.664862 0.340674 -0.367647
VERTEX_POSE A2036 -0.542587 0.038328 -0.156155 0.129274 0.721620 -0.095576 -0.909339 0.038070 -0.142376 0.223316 -0.099409 0.599511 -0.224115 0.467093 -0.398582 -0.267142 -0.494626 -0.672542 0.040495 0.725146
VERTEX_POSE A2037 -0.852534 0.945630 0.094457 0.217217 -0.388490 0.600310 -0.109854 0.093125 -0.055647 0.768107 0.624920 -0.140509 0.127712 -0.024276 0.568539 -0.294682 0.511420 -0.541804 -0.542950 0.581948
VERTEX_POSE A2038 -0.495812 0.190516 0.241514 -0.477338 0.632758 -0.211133 0.780896 0.272649 0.168929 -0.239735 -0.349568 -0.828373 0.038251 -0.159112 -0.337311 -0.105168 -0.618862 0.356237 0.565867 -0.628616
VERTEX_POSE A2039 0.032117 -0.941759 0.304646 -0.758987 0.998751 -0.285933 -0.288961 -0.524126 -0.187097 -0.475864 0.496239 0.450330 -0.397017 0.476350 0.693837 -0.387335 -0.481950 0.446127 0.618388 0.140903
VERTEX_POSE A2040 0.846909 -0.583749 0.012761 0.681976 -0.022058 -0.193863 -0.641568 0.443551 0.135347 -0.383666 -0.401525 -0.180886 0.662257 0.197046 0.721614 0.045401 -0.354624 0.625021 0.023332 0.690981
VERTEX_POSE A2041 -0.700298 0.290522 -0.023275 -0.952588 -0.522923 0.741252 -0.085660 0.216421 0.458701 0.676950 0.213702 0.004849 0.491171 -0.798442 0.228597 -0.400778 -0.250130 0.433427 -0.364045 -0.455433
VERTEX_POSE A2042 0.774804 -0.160382 0.742493 -0.202094 0.297877 0.181895 0.710307 -0.183313 0.083512 -0.510189 -0.786754 0.253469 -0.211358 0.079398 -0.201318 0.432529 -0.582571 -0.924751 -0.058453 0.041482
VERTEX_POSE A2043 0.969405 -0.499046 0.964864 0.192799 0.559152 0.397040 0.045634 -0.355811 -0.209198 0.768723 -0.151159 -0.345227 0.108303 0.791330 -0.664645 0.172487 -0.429438 -0.487504 -0.604566 -0.199822
VERTEX_POSE A2044 -0.185278 -0.402392 -0.537893 0.739375 0.788912 0.392081 -0.260168 0.100977 -0.539160 -0.566445 -0.292498 0.274412 0.406648 -0.835342 0.588990 -0.128393 0.277364 -0.365196 0.655443 0.359892
VERTEX_POSE A2045 0.045883 0.409466 0.120517 -0.117232 0.021115 0.306276 0.429159 -0.697835 0.075603 0.390273 -0.321195 0.611441 0.499904 0.610840 -0.505795 0.457505 0.099026 -0.520375 0.451990 0.164097
VERTEX_POSE A2046 -0.210317 0.816973 0.304808 0.018796 0.888189 -0.042139 -0.116204 -0.594676 0.743567 -0.399216 0.416796 0.285587 0.207174 -0.431132 -0.600195 -0.305463 0.389400 -0.059484 -0.831201 -0.367606
VERTEX_POSE A2047 -0.603759 -0.630640 0.566354 -0.740741 0.533150 0.723398 -0.232553 -0.149287 -0.141651 0.393730 0.567373 0.038031 -0.805129 0.451353 -0.547783 -0.315347 -0.569506 -0.393850 -0.207892 0.357415
VERTEX_POSE A2048 -0.726606 0.062015 0.311446 0.548252 -0.473199 0.019231 0.474356 -0.508203 -0.184101 -0.197032 -0.554781 0.626560 -0.180947 -0.562220 0.654524 0.496700 0.296318 0.380471 -0.675805 0.173353
VERTEX_POSE A2049 -0.823328 0.601165 -0.677876 -0.550216 0.757065 0.604105 -0.527370 0.153604 0.220391 0.377392 0.008584 -0.086549 0.635610 0.411873 -0.308333 0.003101 -0.786610 0.695646 0.418863 -0.433518
VERTEX_POSE A2050 0.972400 0.212198 -0.783061 0.614921 0.336310 0.775096 -0.043183 -0.512493 0.341434 -0.663863 0.584490 -0.165641 -0.544795 -0.091275 -0.440194 -0.104591 -0.066213 0.247871 0.499679 0.618875
VERTEX_POSE A2051 0.460356 0.242784 -0.226550 -0.616217 0.605895 -0.513474 -0.358945 0.665137 0.343533 -0.363589 0.399819 -0.686564 0.388426 -0.150918 0.089473 0.654997 0.599249 -0.372766 -0.398831 -0.125945
VERTEX_POSE A2052 0.272940 0.848608 0.714835 -0.987818 -0.233840 -0.378454 0.868554 -0.021079 0.033798 0.142959 0.891230 -0.526191 -0.170964 0.276112 -0.744205 -0.366856 -0.069276 0.157840 -0.247718 0.352459
VERTEX_POSE A2053 0.645538 0.918708 0.664029 -0.866215 0.833054 0.357578 0.049673 -0.361300 0.510261 -0.550840 0.268431 0.246416 0.697269 -0.303802 0.224996 0.455719 0.822953 -0.707409 0.015611 0.166913
VERTEX_POSE A2054 0.213929 -0.972019 0.740950 -0.607393 0.607826 -0.750482 -0.110897 -0.314330 -0.462665 -0.415497 0.725960 0.336206 0.066330 0.552138 0.180664 -0.450078 -0.182420 -0.277569 0.779804 0.189855
VERTEX_POSE A2055 -0.681026 0.599176 0.004342 -0.945775 -0.256707 -0.022313 -0.835830 0.454957 -0.269449 0.304772 0.802937 0.234101 0.031759 0.211445 -0.667232 -0.358795 -0.317430 -0.653374 0.280642 0.053258
VERTEX_POSE A2056 -0.557126 -0.255719 -0.315269 -0.205714 0.213288 0.234666 0.266550 0.713816 0.323129 0.583015 -0.577671 -0.220719 -0.495500 -0.362587 0.741278 -0.102895 -0.136415 0.492250 -0.577007 0.081758
VERTEX_POSE A2057 0.688382 0.399578 -0.782979 -0.852800 -0.102378 0.480700 -0.187299 -0.030349 0.144708 -0.475221 0.605366 -0.183721 0.479891 -0.298548 0.447060 0.706776 0.532270 0.717197 -0.096211 -0.510067
VERTEX_POSE A2058 0.355753 0.838116 -0.780444 0.183261 0.404529 -0.369772 0.602266 -0.475406 -0.255252 0.277820 -0.295945 -0.523372 0.068133 0.167068 0.674939 0.637641 0.070991 0.262020 -0.385829 -0.808366
VERTEX_POSE A2059 0.652002 -0.243813 -0.337021 -0.103972 -0.583713 -0.301849 0.386180 -0.317039 -0.167815 -0.446832 -0.710383 0.087656 -0.698473 -0.080027 -0.097822 0.375233 -0.555685 -0.929232 -0.150139 0.282227
VERTEX_POSE A2060 0.329607 0.856054 0.867257 0.956071 0.336187 -0.356798 0.298857 0.420578 -0.715506 0.352711 -0.450504 -0.372369 -0.194332 0.750945 0.050213 -0.546970 -0.041315 0.468579 0.670327 0.233527
VERTEX_POSE A2061 -0.704968 0.011482 0.588177 -0.958675 0.543344 -0.275786 -0.350537 -0.658452 0.656250 0.449125 -0.034820 0.001859 -0.025801 0.463567 -0.699006 0.613282 0.173020 -0.068301 -0.546470 0.566037
VERTEX_POSE A2062 -0.341083 -0.123439 0.361113 0.185798 0.433051 0.302878 -0.099471 -0.531127 0.505582 -0.682714 -0.226368 0.235958 0.244256 -0.348993 0.749459 0.266680 0.588805 0.187848 0.627079 -0.445168
VERTEX_POSE A2063 -0.064194 0.786320 0.153878 -0.810962 -0.609412 -0.696952 -0.406189 0.553652 0.479799 -0.700028 -0.095861 -0.424950 -0.025506 -0.692613 -0.321072 -0.164856 -0.435736 -0.019516 0.563155 0.121251
VERTEX_POSE A2064 0.696705 0.220327 0.000582 -0.407903 -0.194880 -0.243324 0.041642 -0.829701 -0.361999 -0.603232 0.405709 -0.294404 0.543172 0.340562 -0.462575 0.517380 0.111921 -0.713513 -0.267692 -0.135969
VERTEX_POSE A2065 -0.745476 0.194447 0.581192 0.208974 0.564715 0.378861 -0.663116 -0.073280 -0.340319 -0.434801 0.142673 -0.622867 0.139261 -0.629619 0.054607 -0.467941 -0.589732 0.591356 0.364504 -0.479658
VERTEX_POSE A2066 -0.365044 0.861012 -0.354606 -0.951143 -0.077696 -0.214988 0.328356 0.869455 -0.458182 -0.341053 -0.193170 -0.061305 0.537115 -0.407310 -0.745712 -0.293609 0.017319 0.428958 -0.633376 0.201326
VERTEX_POSE A2067 -0.845882 -0.741345 0.844427 0.721371 -0.473259 -0.540187 0.182815 -0.511377 -0.033100 0.094746 0.445066 0.563256 -0.563606 -0.488421 -0.210298 0.182993 -0.524242 -0.587895 -0.778758 0.164397
VERTEX_POSE A2068 -0.598010 0.140077 -0.324350 -0.573810 -0.823775 0.576158 0.730493 -0.186986 -0.337506 0.499199 -0.003399 -0.352868 0.033155 0.308465 -0.071942 0.323588 0.831487 -0.651491 0.333724 -0.422497
VERTEX_POSE A2069 0.139145 0.051528 0.886907 -0.428481 -0.444938 0.362585 -0.154835 0.628634 -0.150404 -0.155106 0.492728 0.256774 0.641452 0.461048 0.631462 -0.610056 -0.057208 -0.617441 -0.410292 0.382362
VERTEX_POSE A2070 0.186235 -0.683104 0.149072 0.962384 -0.474508 -0.595801 -0.284596 0.670420 0.110907 -0.423097 0.335484 -0.111915 -0.638951 -0.397669 0.471556 0.269288 0.515622 -0.630738 0.509135 -0.118241
VERTEX_POSE A2071 -0.751100 0.556328 0.688411 -0.891834 0.154167 0.424942 0.256426 -0.747230 -0.781022 -0.371934 -0.429705 -0.313378 0.486771 0.243637 -0.246120 0.616613 0.146920 0.225053 -0.422792 0.419592
VERTEX_POSE A2072 0.438847 -0.657951 -0.136368 -0.381069 0.032139 0.670360 -0.222108 0.032143 0.005359 0.665214 0.678542 -0.598977 0.184655 -0.404828 0.417088 0.445416 -0.571674 -0.133615 -0.525038 0.218746
VERTEX_POSE A2073 -0.038961 0.156514 -0.108434 -0.239710 0.823369 -0.611863 0.137439 0.552749 0.752967 0.259791 0.515869 -0.191559 0.702126 0.247989 0.046994 -0.548123 0.568350 0.140575 0.346698 -0.209351
VERTEX_POSE A2074 -0.781695 -0.942718 0.653275 0.300965 -0.286681 0.230144 -0.411315 -0.174007 -0.257487 0.398759 0.511975 -0.303827 -0.601284 0.685682 0.825465 0.220480 0.483762 -0.327155 0.511524 0.058460
VERTEX_POSE A2075 -0.746431 -0.060343 0.325739 -0.641694 -0.178949 0.360351 -0.654065 -0.136661 0.539386 -0.304571 -0.378621 -0.710223 -0.329851 -0.604615 -0.103592 -0.284319 0.467574 0.253104 0.538328 -0.503771
VERTEX_POSE A2076 -0.993078 -0.434021 -0.987917 0.643059 -0.155516 -0.777052 -0.041296 -0.204910 -0.142550 -0.026404 -0.344728 -0.093286 -0.678888 -0.523940 -0.053609 -0.696802 0.655154 0.603567 -0.226220 -0.368015
VERTEX_POSE A2077 0.007988 0.874255 -0.041917 -0.680239 -0.398492 0.309838 0.164391 0.861781 0.568145 0.719342 -0.293105 0.538221 -0.388392 -0.369962 -0.457484 0.551932 -0.136537 -0.286774 -0.006681 -0.126133
VERTEX_POSE A2078 -0.350190 0.309017 -0.107907 -0.382435 -0.645798 -0.174467 0.313365 0.485466 0.088144 -0.851098 -0.167212 -0.630899 -0.141978 0.319226 -0.225471 -0.390874 0.536331 -0.716185 0.067041 -0.588903
VERTEX_POSE A2079 -0.719684 0.627994 0.323529 0.191311 0.371285 0.033168 0.036835 -0.473532 -0.818368 0.109158 0.484865 0.295350 -0.494627 0.431606 -0.467170 -0.676875 -0.507690 -0.153928 0.532833 -0.310872
VERTEX_POSE A2080 0.184660 0.475421 0.280207 -0.230455 -0.641427 -0.151370 0.290127 0.034509 0.640169 -0.632197 -0.256630 -0.108342 -0.312604 0.844032 0.455644 0.601185 -0.033682 0.589848 0.238764 0.468429
VERTEX_POSE A2081 -0.377790 -0.478785 0.109032 -0.767515 0.690512 -0.515116 0.141566 -0.439150 -0.470234 -0.569941 0.258829 0.210592 0.610889 0.407536 0.651500 -0.524254 -0.046627 0.211506 0.084256 -0.756237
VERTEX_POSE A2082 0.740672 -0.129222 -0.903021 0.575094 -0.022820 -0.331332 0.137771 0.834925 0.621843 0.646050 0.174434 -0.192061 0.346885 -0.511690 -0.134460 0.586921 -0.033252 -0.669749 0.314376 -0.097678
VERTEX_POSE A2083 -0.542399 0.324028 -0.004959 -0.218273 0.124733 0.731930 0.270688 -0.195183 0.026719 0.324304 0.626838 0.249401 -0.876370 -0.014966 0.632393 0.004730 0.248097 0.037982 0.231319 -0.712181
VERTEX_POSE A2084 -0.732251 -0.560078 -0.226939 -0.633730 0.523566 0.619672 -0.394633 0.378671 -0.218887 0.717403 0.401632 -0.142440 0.103844 0.057215 -0.313627 -0.194457 -0.654823 0.670406 0.530094 -0.513063
VERTEX_POSE A2085 -0.045399 -0.101240 0.837929 0.967701 -0.414994 -0.385586 -0.703403 -0.227661 0.611516 0.225908 -0.518100 -0.520841 0.235697 -0.553801 -0.434183 0.606162 0.299386 0.132595 -0.176648 0.532368
VERTEX_POSE A2086 -0.223425 -0.076795 0.999384 -0.164048 0.868026 0.218611 -0.531613 0.688844 -0.425460 -0.250751 0.162702 -0.463879 -0.384631 -0.531391 -0.595103 -0.225789 0.258927 0.449290 -0.674974 -0.386785
VERTEX_POSE A2087 -0.289377 0.184203 0.457792 0.160556 -0.263146 0.095027 -0.524321 0.767280 -0.138210 -0.569261 -0.111942 -0.257554 -0.602749 -0.497678 0.719499 -0.135005 -0.378277 0.622780 -0.139627 0.089289
VERTEX_POSE A2088 -0.357017 -0.701662 -0.945050 -0.885099 0.482628 0.713379 -0.053276 -0.253568 -0.551950 0.214717 -0.065890 0.004855 -0.877973 0.335205 -0.084176 0.127330 0.761612 -0.423476 -0.404981 -0.488822
VERTEX_POSE A2089 -0.867672 -0.238679 -0.781060 -0.980786 0.272555 0.665323 0.355554 0.534240 0.532511 0.291677 -0.531543 -0.197355 0.541780 0.324193 -0.438068 0.366442 0.260039 -0.207183 0.600583 -0.509243
VERTEX_POSE A2090 -0.637376 0.940390 -0.879229 -0.943416 0.153141 0.772602 -0.569253 0.206342 -0.036577 -0.269522 -0.519356 -0.425674 -0.518945 -0.347860 -0.054705 0.314236 0.367745 0.466430 0.485037 -0.656848
VERTEX_POSE A2091 0.972590 -0.845608 0.922207 -0.929028 -0.181185 -0.258162 -0.165241 -0.790635 0.479136 0.552121 0.169422 -0.282525 0.647772 -0.196270 -0.588497 -0.198244 0.553976 0.526908 -0.457109 -0.027946
VERTEX_POSE A2092 -0.572639 0.772803 0.807117 -0.939461 -0.184101 0.038827 0.797045 -0.110234 -0.640432 0.450459 -0.021912 -0.429981 -0.095966 -0.431262 -0.056463 0.160432 0.864792 -0.632667 -0.356170 0.231336
VERTEX_POSE A2093 0.021542 -0.183049 0.481884 0.242382 -0.413808 -0.342991 0.261321 -0.572677 0.225559 0.555140 -0.535339 -0.086586 -0.624559 -0.291293 -0.886240 -0.005878 -0.007627 -0.196370 0.483139 0.548218
VERTEX_POSE A2094 -0.091604 0.940712 0.076086 -0.739990 0.209403 0.644981 0.101689 -0.358499 0.134430 -0.547232 -0.617342 0.416262 -0.063904 0.614017 0.384141 -0.619138 0.312869 0.495066 0.550256 -0.124354
VERTEX_POSE A2095 -0.875935 -0.006870 -0.192301 -0.347364 0.621019 -0.705331 -0.186865 -0.376106 -0.130592 -0.679446 0.606040 -0.427761 -0.044555 0.363054 0.511005 -0.611179 -0.272793 0.203344 0.357643 0.533887
VERTEX_POSE A2096 0.276066 -0.988602 0.063076 -0.548645 -0.849092 0.344980 -0.622492 0.078657 0.434955 -0.325674 -0.232344 0.203827 0.331878 0.823146 -0.800446 -0.418172 0.175950 0.097691 -0.470563 0.480939
VERTEX_POSE A2097 0.543352 0.801724 0.721479 -0.691134 -0.868292 0.190997 -0.638507 -0.012279 -0.207767 0.300302 -0.135735 0.138743 0.526381 -0.622410 -0.841064 -0.317026 -0.412598 0.440130 -0.352909 -0.650995
VERTEX_POSE A2098 -0.721817 0.251785 -0.347874 -0.625993 -0.852240 -0.068540 0.624232 0.565103 0.224949 0.664689 -0.576104 0.574103 -0.058466 -0.339998 0.456598 0.267229 0.379917 -0.637671 0.306094 -0.298039
VERTEX_POSE A2099 0.678057 0.151475 0.738726 -0.122455 -0.672867 0.723343 0.069266 0.440980 -0.392391 0.233939 0.322613 -0.144518 -0.640768 0.689945 -0.314279 -0.539260 -0.267588 0.450720 -0.488968 -0.392211
VERTEX_POSE A2100 -0.317503 -0.146748 0.608387 -0.119615 -0.313231 0.418648 -0.195198 -0.440006 -0.033052 -0.541846 -0.158843 -0.620494 0.492435 -0.538413 -0.476016 -0.165299 0.627658 0.460475 0.631257 0.311963
VERTEX_POSE A2101 0.464418 0.568681 0.801198 -0.663609 -0.326748 -0.678387 0.662649 -0.110231 0.312494 0.512227 0.788146 0.007455 0.317864 -0.357662 0.314813 0.296982 -0.312263 0.585641 0.330580 -0.375826
VERTEX_POSE A2102 0.926956 -0.292197 0.427137 -0.014288 0.481300 -0.226848 -0.086237 -0.065549 -0.539882 -0.442456 0.233643 0.698748 0.125485 0.046229 0.112597 0.026171 0.966067 -0.395146 0.883383 0.075437
VERTEX_POSE A2103 -0.878657 0.195301 -0.527981 0.499316 0.718909 0.201596 0.322441 -0.715490 -0.086800 0.399191 0.099126 -0.622379 -0.640670 -0.279314 -0.192937 0.152438 -0.603649 0.726116 -0.550439 -0.189311
VERTEX_POSE A2104 -0.574543 -0.274805 -0.307236 0.096682 -0.503380 0.698440 0.113276 0.437432 0.066793 -0.472270 0.023585 -0.099576 0.108831 -0.720800 0.569113 -0.553734 -0.441384 0.417032 0.667580 -0.306145
VERTEX_POSE A2105 -0.854739 -0.234915 0.080411 -0.713323 -0.805382 -0.321506 -0.064081 -0.482747 0.242765 0.306800 0.616208 -0.232321 -0.680909 0.010640 0.342058 -0.661079 0.347757 -0.816531 0.033244 0.515940
VERTEX_POSE A2106 -0.625088 -0.865041 0.797758 0.857622 -0.460040 0.319248 -0.720193 0.006870 0.562509 -0.013835 -0.719993 -0.584922 0.069391 -0.396573 -0.244254 0.055168 -0.564107 0.424111 0.687947 0.077951
VERTEX_POSE A2107 -0.567620 0.291174 -0.295154 -0.260260 0.341104 -0.634974 0.706025 0.041692 0.408825 0.547459 0.483832 0.438048 0.431986 -0.552600 -0.481243 -0.055251 -0.249904 0.078672 0.110244 -0.629563
VERTEX_POSE A2108 0.153250 -0.360659 -0.961506 -0.393562 -0.203874 0.273645 -0.431580 -0.304674 -0.349649 0.004288 0.502917 0.779720 0.165508 -0.116463 -0.380809 -0.430027 -0.628314 0.223351 -0.775503 0.495890
VERTEX_POSE A2109 0.024722 0.443975 -0.310149 -0.524813 -0.105839 0.208386 0.490453 0.596830 -0.376784 0.558639 -0.571025 -0.584616 -0.572115 0.110981 0.309353 -0.050702 -0.520798 -0.614113 0.342771 0.184872
VERTEX_POSE A2110 -0.287305 -0.080832 -0.971625 0.931051 -0.287611 -0.557669 0.388209 -0.643902 -0.548557 -0.555937 -0.127575 -0.407644 -0.294185 0.542785 -0.423874 0.176427 0.273574 -0.205543 0.650043 0.446829
VERTEX_POSE A2111 -0.662090 -0.885238 0.318701 0.375983 0.154699 -0.133920 0.330527 0.895173 -0.320920 0.560746 -0.440845 -0.058640 0.598367 -0.042182 -0.869450 -0.396542 0.039929 -0.345968 0.247036 -0.030779
VERTEX_POSE A2112 0.646933 0.965190 0.798883 -0.292328 -0.415327 0.764442 -0.202774 -0.151949 -0.341152 0.597667 0.199967 0.415017 0.524111 0.112941 -0.002324 -0.414379 0.877977 -0.356369 -0.394049 -0.391568
VERTEX_POSE A2113 -0.546632 0.789947 -0.874646 0.506145 0.689569 -0.165446 -0.231690 0.700043 0.487933 -0.236886 -0.482826 -0.438897 -0.852198 -0.231322 -0.468095 0.227070 0.037904 0.568160 -0.335265 0.471033
VERTEX_POSE A2114 -0.204489 0.438790 -0.686258 -0.842289 -0.720568 -0.011374 -0.433958 -0.223778 -0.309042 -0.784284 0.193661 0.633223 0.067906 -0.131815 0.343376 -0.060942 0.905503 -0.620875 0.433881 0.274059
VERTEX_POSE A2115 0.914681 -0.594888 -0.428056 0.073942 -0.891761 -0.498060 0.097944 0.739864 -0.522866 0.470909 -0.346351 0.467828 0.452689 -0.181864 0.442316 -0.222175 0.406084 -0.253063 -0.717191 -0.366965
VERTEX_POSE A2116 0.407969 -0.311293 0.963284 0.473846 -0.725425 0.226804 -0.533435 0.568054 0.833296 0.002216 0.193185 -0.193054 0.643136 0.681733 0.235915 0.117997 -0.382991 0.401561 0.536559 -0.168973
VERTEX_POSE A2117 0.572086 -0.638005 -0.686874 -0.006337 -0.852542 0.675293 -0.545487 0.254671 0.591470 0.133177 -0.307729 0.166096 0.713349 0.300901 0.380986 0.394025 0.217078 -0.146302 -0.143478 0.838320
VERTEX_POSE A2118 -0.374696 0.589316 -0.970264 -0.765502 -0.154907 -0.403044 0.268522 0.302785 0.025260 0.217244 0.554292 -0.200128 0.831643 -0.477613 0.891488 0.317277 0.045385 0.045991 -0.297334 -0.609022
VERTEX_POSE A2119 -0.949048 -0.012955 -0.981766 0.588746 0.757203 0.315579 -0.531573 0.080273 -0.192933 -0.309902 0.350262 -0.330115 -0.760197 -0.328859 -0.609516 0.206730 -0.566134 -0.618629 0.027454 0.664994
VERTEX_POSE A2120 0.704414 0.123316 -0.467934 0.012877 0.420012 -0.136142 -0.138921 -0.160312 0.186237 -0.313979 -0.824189 0.044748 -0.781281 0.496198 -0.522317 0.393628 0.099757 0.819734 0.341722 0.197101
VERTEX_POSE A2121 -0.012072 0.529705 -0.849493 -0.708917 0.998235 0.067998 0.523049 -0.240836 -0.724124 0.283224 0.624687 0.259446 -0.168921 0.310568 0.630550 0.420686 0.570982 -0.078202 0.663847 -0.359570
VERTEX_POSE A2122 -0.976458 0.141437 0.940441 0.659718 -0.423982 -0.375868 0.595687 0.362038 0.328132 0.394440 0.544289 -0.266535 -0.478438 0.103764 0.107980 -0.509850 0.740578 -0.817528 -0.026916 0.115998
VERTEX_POSE A2123 -0.868225 -0.103881 -0.660817 0.073416 -0.764089 0.492579 -0.303679 0.558477 -0.279268 -0.210605 -0.556970 0.326056 -0.013267 0.062037 -0.747167 0.023973 0.610182 -0.121671 -0.928802 -0.041443
VERTEX_POSE A2124 -0.990530 -0.653344 0.632391 0.533464 -0.415573 0.498235 0.169480 -0.558134 0.096917 0.559375 -0.246152 -0.658990 -0.236276 -0.712609 0.550649 -0.597474 -0.278265 -0.069904 -0.495555 0.206525
VERTEX_POSE A2125 -0.068062 0.082149 0.016527 0.919728 0.785421 -0.493389 0.426618 0.224929 -0.592102 0.329133 -0.476721 -0.079145 -0.189203 0.618325 0.222099 0.723353 0.446848 -0.591938 -0.388113 0.374359
VERTEX_POSE A2126 -0.744160 0.889249 0.146882 0.726052 0.856930 0.608009 -0.017375 0.224682 -0.433741 0.469134 -0.088761 -0.578735 -0.053828 0.648710 -0.175435 0.276585 -0.651056 0.276554 0.836788 0.311352
VERTEX_POSE A2127 0.285536 -0.641945 -0.304533 0.984819 -0.264665 0.785615 0.438247 0.309913 0.367082 0.156382 -0.581571 0.259481 -0.731187 0.161437 0.199212 -0.247404 0.552320 0.375558 -0.433176 -0.484365
VERTEX_POSE A2128 -0.524710 -0.116127 -0.261993 -0.771406 0.917129 -0.536936 0.725747 -0.156376 -0.642590 -0.301121 0.275720 0.208460 0.489510 0.792543 -0.041600 -0.343292 0.511124 0.503579 0.158582 -0.100757
VERTEX_POSE A2129 -0.465977 0.141034 0.799007 -0.899941 -0.995310 -0.442337 -0.279545 0.116706 0.336951 -0.142262 0.903463 -0.514543 0.138154 0.387987 0.473592 -0.651604 -0.137459 0.449175 0.676715 0.026572
VERTEX_POSE A2130 -0.036407 0.509530 -0.565807 -0.137635 0.062468 0.364074 0.456932 0.505996 0.425469 -0.655331 -0.239647 0.012308 -0.560478 0.467882 -0.698802 -0.033527 -0.273181 0.444916 0.215627 -0.626894
VERTEX_POSE A2131 0.157786 0.737125 -0.653607 0.108979 -0.396102 -0.591638 -0.024231 0.290052 0.484105 0.025643 0.486074 -0.493195 0.481669 -0.305247 0.082323 -0.598544 -0.656878 -0.406926 -0.639136 0.393622
VERTEX_POSE A2132 0.998441 -0.290285 0.600205 -0.563549 -0.322058 -0.184947 -0.692794 -0.108028 -0.032680 -0.520946 0.296543 0.930719 -0.275122 0.081032 0.313797 0.356552 -0.259887 0.004570 -0.214080 -0.909002
VERTEX_POSE A2133 -0.109450 -0.782667 0.861330 0.848077 -0.456233 -0.740698 0.293759 0.216351 0.006243 0.054859 -0.508127 -0.235388 0.174925 0.566478 0.559264 0.751558 0.240741 -0.288345 0.561479 -0.562268
VERTEX_POSE A2134 0.279130 -0.067574 -0.181588 -0.391705 -0.677193 -0.349031 0.117239 -0.461375 -0.118226 -0.731836 -0.403675 -0.320934 0.536302 -0.561940 -0.253336 0.318519 0.446154 0.834879 0.248189 -0.330680
VERTEX_POSE A2135 -0.576101 0.434910 -0.707031 0.533133 0.174562 -0.189969 0.497935 -0.646270 0.530138 -0.645544 -0.527607 -0.744337 -0.411648 -0.268795 -0.079253 -0.259695 0.481154 0.350067 0.313751 -0.014306
VERTEX_POSE A2136 0.035811 -0.017582 -0.058258 -0.865246 -0.261615 0.420291 0.315289 0.215066 -0.378150 -0.400606 0.471879 -0.416899 0.083985 0.628191 -0.673490 0.583731 -0.365760 -0.230140 -0.626349 -0.450191
VERTEX_POSE A2137 0.654042 0.067384 -0.383830 -0.534083 -0.137233 0.122734 -0.109971 0.773837 -0.191904 0.718894 -0.258445 0.605649 -0.419364 -0.476933 0.025129 -0.093969 0.272749 -0.762015 -0.535166 -0.180347
VERTEX_POSE A2138 -0.143722 -0.273915 -0.002185 -0.727127 -0.484333 0.720466 0.342052 0.124628 0.156536 0.457831 0.038878 0.143788 0.538369 0.009241 -0.417980 0.258097 0.852065 -0.510924 0.562971 -0.506810
VERTEX_POSE A2139 -0.810939 0.621759 -0.019764 -0.258808 0.534512 -0.279021 0.498134 -0.166704 0.153217 0.093666 -0.573528 -0.226818 0.795734 0.136566 -0.707313 -0.256395 -0.563632 0.589011 0.210137 -0.554026
VERTEX_POSE A2140 -0.321236 -0.488640 0.306021 -0.058897 0.756928 0.324690 0.398789 0.674055 -0.150639 0.104881 -0.595037 0.689660 -0.226959 -0.144499 0.124056 0.875834 -0.306796 -0.617141 0.106639 0.276727
VERTEX_POSE A2141 0.568974 0.645253 0.026190 -0.796076 0.228056 0.414425 0.655145 -0.101714 0.220964 -0.476241 0.143265 0.268817 0.292620 -0.521565 0.726758 -0.042158 0.565135 -0.423069 0.506533 0.614591
VERTEX_POSE A2142 -0.473029 0.736521 -0.701063 -0.882824 -0.310789 -0.050664 0.090131 -0.032311 -0.328436 0.578907 0.390503 0.668619 0.043533 -0.453287 -0.454728 -0.732160 -0.096314 -0.485524 0.344658 -0.794807
VERTEX_POSE A2143 -0.674303 -0.523450 0.104904 0.648775 -0.658399 0.406469 0.601175 -0.449564 -0.666163 -0.155446 -0.435451 -0.119476 -0.391948 -0.426305 -0.307778 0.510449 -0.389835 -0.531045 0.447485 0.523992
VERTEX_POSE A2144 -0.977659 0.435200 0.151544 0.710069 -0.082375 -0.540261 -0.408800 0.717960 -0.556267 0.408654 -0.061810 -0.410068 -0.604883 -0.673460 -0.461333 0.423476 -0.145093 -0.133048 0.347374 -0.078186
VERTEX_POSE A2145 0.322482 0.175311 -0.387321 -0.725114 -0.031358 0.127675 -0.140203 0.506567 -0.335183 0.901107 -0.030114 -0.384571 -0.313449 -0.067805 -0.841966 -0.214603 0.238019 0.120623 0.155063 0.825368
VERTEX_POSE A2146 -0.759622 -0.118338 0.676848 -0.277283 -0.550160 0.222294 -0.582677 -0.143074 0.203135 0.759134 0.090042 0.105078 0.057920 0.702443 0.841923 0.100888 -0.372671 -0.435254 0.265839 -0.582334
VERTEX_POSE A2147 0.430310 -0.876093 0.114828 0.183915 0.192201 -0.752438 -0.180371 -0.551379 -0.292892 -0.039674 -0.123202 0.261070 -0.296927 -0.281368 -0.444901 0.612886 0.435510 0.286280 0.708588 -0.641846
VERTEX_POSE A2148 -0.105432 0.537306 -0.074195 0.268550 0.116100 -0.329501 -0.007031 0.482909 0.212089 -0.656092 -0.565768 0.088429 0.524662 -0.206743 0.805888 -0.166409 0.545271 -0.434939 -0.516267 0.326560
VERTEX_POSE A2149 -0.134318 -0.529022 0.706585 -0.042784 0.294934 0.410128 0.172670 0.383230 -0.078973 0.504247 -0.800535 -0.413167 -0.721336 -0.221318 0.727182 -0.289027 -0.292895 -0.355046 0.334750 0.278406
VERTEX_POSE A2150 0.481262 0.110951 0.133061 -0.227339 -0.050596 0.805477 0.026170 0.276686 0.076251 0.585744 0.131366 -0.354891 -0.567971 0.290521 0.438231 -0.502186 -0.564162 -0.165528 0.285371 -0.709582
VERTEX_POSE A2151 -0.401018 -0.339379 0.457871 -0.718573 -0.463888 0.334359 -0.391740 -0.148902 0.175021 0.188871 0.448714 0.751398 0.586930 -0.256761 -0.306740 0.568620 0.476100 -0.445964 0.378223 -0.695620
VERTEX_POSE A2152 0.853610 -0.999317 0.857092 0.248298 0.293169 -0.235026 0.160445 -0.675792 -0.349047 0.502667 -0.058944 -0.534481 0.102748 0.687580 0.631579 0.700720 0.203453 0.371978 -0.469060 0.160223
VERTEX_POSE A2153 0.504804 -0.747612 0.073503 -0.567621 0.525422 0.273247 -0.241271 0.755561 0.402266 0.782910 -0.202503 0.055698 -0.464780 -0.578050 -0.348526 -0.097198 -0.146783 0.799340 -0.321516 -0.180094
VERTEX_POSE A2154 -0.269243 0.556740 0.797053 0.354843 -0.227977 -0.251333 0.601261 0.509560 0.718659 -0.333984 0.372856 -0.171232 -0.435423 -0.354506 -0.044038 0.248337 -0.586433 0.623780 0.525048 -0.362972
VERTEX_POSE A2155 0.863081 -0.652660 0.489483 -0.218237 0.877596 -0.705901 0.505900 -0.086614 -0.372154 0.126478 -0.494088 -0.136637 0.190285 0.746354 0.377881 0.772825 0.121074 -0.449156 -0.307574 0.420323
VERTEX_POSE A2156 -0.563258 0.334538 -0.909970 -0.647893 0.310843 0.655233 -0.314492 -0.209386 0.095690 -0.616600 -0.401198 -0.600055 -0.528768 -0.208355 -0.002281 0.477833 -0.860267 -0.448823 0.113925 -0.108284
VERTEX_POSE A2157 -0.013403 0.445989 -0.056065 0.080895 -0.371047 -0.343849 -0.059084 0.687652 0.589431 0.041876 0.077360 -0.661481 0.198246 0.040308 0.278809 0.664023 0.548906 -0.138015 0.717305 -0.467148
VERTEX_POSE A2158 0.148617 -0.294605 -0.815050 -0.233418 -0.387069 -0.516777 0.295598 -0.261732 -0.676251 -0.094153 0.573073 -0.482089 -0.152200 -0.200430 -0.149451 0.595808 -0.505458 -0.144496 -0.724986 -0.554458
VERTEX_POSE A2159 -0.087969 -0.781589 -0.171964 -0.419299 0.227972 -0.171820 -0.133990 0.722404 0.207177 0.767831 -0.050186 0.406221 0.443264 0.441522 -0.820472 0.442703 -0.132271 -0.298942 -0.003556 0.513008
VERTEX_POSE A2160 0.520620 -0.412977 -0.257058 0.180954 -0.366356 -0.731575 -0.005954 -0.353846 0.527077 -0.593931 -0.432297 0.206594 0.516801 0.150120 0.015049 -0.291078 0.792102 0.379579 0.543508 -0.194809
VERTEX_POSE A2161 -0.887790 -0.785075 -0.380856 0.628947 0.675398 -0.151650 0.689666 -0.257147 -0.488360 0.318139 0.746032 -0.312877 0.415082 -0.342986 0.405523 0.146073 0.509308 -0.690048 -0.479080 -0.016647
VERTEX_POSE A2162 -0.930182 0.955536 0.174430 0.689681 0.831870 -0.478664 -0.216117 -0.539131 0.438674 0.374800 0.356833 0.385998 0.531682 -0.729855 -0.261395 0.201110 0.163958 -0.600936 0.699776 0.149792
VERTEX_POSE A2163 0.519061 0.296738 -0.656853 0.617405 0.311586 -0.499916 0.767089 -0.330834 -0.071243 -0.088697 0.487481 0.313822 -0.028118 -0.289802 -0.471809 0.054613 0.638440 0.651092 0.632403 0.401646
VERTEX_POSE A2164 0.002760 -0.567742 -0.519526 0.477023 -0.780835 0.532396 0.519781 0.409912 -0.434780 0.028630 0.844270 0.359840 0.489216 -0.070667 -0.005105 -0.045142 0.192412 -0.630881 0.698311 -0.277783
VERTEX_POSE A2165 0.348947 -0.112038 0.992841 -0.702024 -0.845323 0.691742 -0.568285 0.014762 0.358815 0.510162 0.287453 -0.579694 -0.161061 0.377898 -0.235827 -0.431647 -0.544758 -0.032930 -0.452247 0.691076
VERTEX_POSE A2166 0.942960 -0.268351 -0.363884 0.150538 -0.513852 -0.336646 0.671292 0.026667 0.152066 -0.568044 0.216005 0.509807 0.316573 -0.558624 -0.011245 0.295006 0.721554 0.776863 0.198612 0.346309
VERTEX_POSE A2167 -0.961429 0.414676 0.422216 0.611777 -0.042449 -0.251755 -0.364509 -0.602921 0.256198 -0.593036 -0.433136 -0.712392 -0.162635 0.194059 -0.196817 -0.625019 0.533816 -0.569862 0.313596 -0.355332
VERTEX_POSE A2168 0.002989 0.955346 -0.390989 -0.236108 0.017443 0.021948 0.193794 0.470749 -0.395245 -0.233979 -0.410095 -0.044131 0.496673 -0.724026 -0.891263 0.270449 0.261566 0.216802 0.766727 0.132618
VERTEX_POSE A2169 -0.200762 0.457733 0.633931 0.423410 0.001815 0.620289 0.280005 -0.564698 -0.300730 -0.651668 -0.622501 0.613074 -0.179855 0.100065 -0.345307 0.550822 -0.029186 0.172352 -0.401463 0.531736
VERTEX_POSE A2170 -0.772369 0.036435 -0.597548 -0.647031 -0.507937 0.321513 0.405691 -0.152590 0.394794 -0.251084 -0.819987 -0.090792 -0.623815 -0.154858 0.855296 -0.080204 0.406934 0.031518 -0.613835 0.338765
VERTEX_POSE A2171 0.681753 -0.533294 0.915032 0.704996 -0.225629 -0.533016 -0.034800 -0.229055 0.198915 0.533217 0.678064 -0.594521 0.263418 -0.114906 0.278315 -0.670927 0.053703 -0.495391 -0.441516 0.686786
VERTEX_POSE A2172 -0.631788 0.102986 -0.339879 0.627335 -0.770129 0.180711 -0.134270 0.007742 0.130336 0.648311 0.408835 0.504608 -0.196322 -0.642707 -0.824464 -0.155422 -0.234420 0.126432 -0.706376 0.603961
VERTEX_POSE A2173 -0.245398 -0.227044 -0.298611 -0.529855 0.181273 0.486082 0.088925 0.140765 -0.519828 -0.552067 -0.256692 0.524056 -0.491253 0.384365 0.397031 0.211539 -0.812586 -0.247458 0.633433 0.325979
VERTEX_POSE A2174 -0.992550 -0.056744 0.019936 0.353771 0.115972 -0.330553 0.105649 -0.017467 -0.361418 -0.018320 -0.856070 -0.560231 -0.326375 -0.026021 -0.320571 0.909566 0.105281 -0.586078 -0.233819 0.505053
VERTEX_POSE A2175 -0.609447 -0.461814 0.811665 0.337404 0.147496 -0.717337 -0.543312 -0.123537 -0.553430 0.399737 0.420152 0.066714 -0.640020 0.477010 -0.144473 0.302632 0.576613 0.392199 -0.209309 0.498187
VERTEX_POSE A2176 -0.922916 0.948267 0.314068 -0.254969 -0.850085 -0.769252 -0.079816 -0.343116 0.050360 0.078813 -0.873234 0.013921 -0.707360 -0.026547 0.260978 0.595879 -0.151082 0.580872 -0.363301 -0.310168
VERTEX_POSE A2177 -0.752172 0.824918 -0.303216 -0.923512 0.565812 0.561436 0.382756 0.191120 -0.306098 -0.434898 -0.564554 0.214331 -0.625830 0.390501 0.123067 -0.476702 0.410360 -0.728018 0.213200 0.569092
VERTEX_POSE A2178 0.820863 -0.337908 -0.073508 -0.478682 -0.660303 -0.732952 -0.099766 -0.517427 -0.550884 0.484962 0.173055 -0.298542 -0.075051 0.472725 -0.258163 -0.502558 0.622614 0.059435 0.704742 0.301999
VERTEX_POSE A2179 -0.028348 0.485572 -0.760127 -0.986419 0.266015 0.353907 -0.649048 -0.316256 0.050299 0.709657 -0.131670 -0.165380 0.013718 -0.729934 0.836624 0.123420 0.242824 -0.380696 -0.244342 0.539332
VERTEX_POSE A2180 0.113510 -0.704104 -0.596632 0.033704 -0.139254 0.696133 0.529134 0.289222 0.304682 0.069833 -0.342837 -0.434287 0.238405 -0.356295 0.081564 0.447718 -0.712105 -0.476770 0.676648 0.405925
VERTEX_POSE A2181 0.302125 0.773044 -0.940446 0.293979 0.289101 -0.546948 0.488505 -0.270939 0.473845 -0.472028 -0.434572 0.366767 0.248229 0.369287 -0.333723 -0.311328 -0.551426 -0.480031 -0.616449 0.545247
VERTEX_POSE A2182 0.570634 -0.853806 0.697744 -0.704992 0.802127 -0.262624 -0.474472 0.571716 0.023503 0.568185 0.612866 -0.394128 -0.441613 -0.253485 0.633986 -0.003646 -0.304633 -0.610902 0.506959 -0.374805
VERTEX_POSE A2183 -0.032879 -0.703420 -0.739540 -0.717997 -0.846085 0.598274 0.442542 0.035545 -0.149041 -0.454537 -0.705075 -0.599734 0.675434 -0.321064 -0.449896 0.038479 0.510289 0.240348 0.373980 -0.371656
VERTEX_POSE A2184 -0.193071 -0.974568 0.133056 0.726359 -0.185477 0.130528 -0.213299 0.330245 0.874717 -0.252428 0.187674 0.412953 0.523649 -0.052511 -0.203281 -0.413372 0.671873 0.077333 -0.667607 -0.633676
VERTEX_POSE A2185 -0.698609 0.702934 0.494797 0.649850 -0.425850 0.287082 -0.377139 0.555776 -0.465723 -0.132511 -0.606324 -0.629565 -0.478428 0.369444 0.400725 0.098421 -0.133146 -0.379148 0.775646 0.411421
VERTEX_POSE A2186 -0.169799 -0.356080 0.749943 0.063765 -0.968490 -0.313343 0.091224 -0.821803 0.278224 -0.436220 -0.099950 -0.543488 0.423900 -0.064442 -0.177543 -0.699928 -0.320335 -0.705341 -0.363042 0.455942
VERTEX_POSE A2187 0.243671 0.359970 0.223086 -0.921534 -0.874634 0.413379 0.199733 -0.793858 0.482210 -0.298401 0.240235 -0.334374 -0.663506 -0.013517 -0.436261 0.623417 0.180889 -0.542643 -0.205365 -0.528369
VERTEX_POSE A2188 0.287988 0.148922 -0.561268 -0.269255 0.203103 -0.068987 0.173243 -0.235761 0.781847 -0.056729 -0.601918 -0.354126 0.675967 -0.534648 0.279802 0.665966 0.417842 -0.424573 -0.257539 -0.348814
VERTEX_POSE A2189 0.978818 0.349315 0.934894 0.830347 -0.355559 0.261873 -0.209969 -0.252834 0.023483 -0.324351 -0.725779 0.728418 -0.250842 -0.142206 0.387197 0.868722 -0.253799 0.500357 -0.181963 0.569810
VERTEX_POSE A2190 -0.844298 0.578381 -0.948877 -0.340833 0.353338 0.171407 -0.532807 -0.399199 -0.487051 0.667102 -0.198949 0.551393 0.367685 -0.705752 -0.626184 -0.260567 -0.525706 0.193031 0.260777 0.163114
VERTEX_POSE A2191 -0.191393 0.735945 0.181674 0.911700 0.836747 0.360709 -0.451848 0.548689 0.000069 0.242920 0.660323 -0.711220 -0.557286 0.266233 -0.558305 0.158462 -0.152879 -0.228802 0.633360 0.410685
VERTEX_POSE A2192 -0.908972 0.564239 -0.445962 0.459294 -0.680160 0.637575 0.469596 -0.355832 0.214746 -0.426344 0.159669 0.622424 0.079693 0.650774 -0.258112 0.093988 0.630857 -0.305530 0.763234 0.162488
VERTEX_POSE A2193 -0.774480 0.533917 0.225552 -0.651152 0.185208 0.136300 0.703064 -0.592055 0.454428 0.554657 0.675811 -0.689230 0.327598 0.298340 0.507275 -0.130224 -0.155642 -0.206278 0.271621 -0.281991
VERTEX_POSE A2194 -0.672332 0.032683 0.524821 0.529105 0.148333 0.746284 -0.512647 0.097054 0.458982 0.625214 -0.141465 0.059217 0.022106 0.941306 0.476971 0.153389 -0.151946 -0.037251 -0.567700 -0.247840
VERTEX_POSE A2195 0.093788 0.996497 0.034512 -0.063683 -0.460995 0.108223 -0.553486 0.329187 -0.413671 0.507252 0.568383 0.603791 0.636722 -0.033253 0.592196 -0.170561 0.609454 0.319225 -0.042934 -0.442759
VERTEX_POSE A2196 0.574467 -0.578121 0.218394 -0.353177 0.339885 -0.022306 0.184173 -0.117258 -0.653969 -0.101964 -0.513486 -0.115353 0.710916 -0.471002 -0.367269 0.571194 0.670968 -0.650872 -0.352165 0.224814
VERTEX_POSE A2197 -0.729372 0.764332 -0.839064 -0.320358 0.634481 0.382693 -0.149173 -0.872975 0.305646 -0.029049 -0.124391 0.436656 -0.306641 0.186420 -0.237557 -0.939055 0.066875 -0.716258 0.032414 -0.428039
VERTEX_POSE A2198 0.132359 0.411173 -0.543273 -0.451905 0.496556 0.550546 0.537666 -0.128673 -0.301457 -0.095320 -0.918170 -0.383940 -0.185508 0.090889 -0.668684 0.667596 0.208050 0.107122 0.470884 -0.298097
VERTEX_POSE A2199 -0.422544 -0.622775 0.827405 0.410716 -0.642672 0.653216 0.095381 0.469178 0.132682 0.856552 -0.247721 -0.184334 -0.299946 0.354964 -0.722175 0.315253 0.274595 -0.013724 0.260518 0.719099
VERTEX_POSE A2200 0.069866 0.222065 0.794867 -0.896947 -0.363704 -0.466740 -0.061969 -0.696382 0.339994 -0.277436 -0.493764 0.702214 -0.380463 -0.173760 0.307883 0.341257 0.263350 -0.280466 -0.811160 0.414371
VERTEX_POSE A2201 0.359990 -0.552391 -0.140821 -0.098936 0.988619 -0.262232 0.490383 -0.765207 -0.243059 0.116651 0.084909 0.577381 -0.114157 0.047274 -0.003624 -0.801929 -0.568897 0.734013 0.299658 -0.285255
VERTEX_POSE A2202 -0.740790 -0.156069 0.742437 0.115712 0.131699 -0.576327 0.385364 -0.410808 -0.611901 -0.334163 0.463438 0.195402 -0.570044 0.230678 -0.477215 -0.047073 0.243120 0.165858 0.642389 0.710030
VERTEX_POSE A2203 0.438078 -0.674949 -0.545012 0.730387 -0.133833 -0.205413 -0.253165 0.713740 0.473156 0.333403 0.230745 0.487435 -0.851844 -0.009671 -0.321308 -0.238523 -0.613337 -0.626975 -0.205469 0.247096
VERTEX_POSE A2204 -0.885407 0.220565 0.560567 0.371209 0.169892 -0.302691 -0.235999 -0.482103 0.920260 0.084150 -0.002701 -0.132196 0.112274 0.678270 0.073920 -0.897684 0.369931 -0.196364 0.344646 0.413123
VERTEX_POSE A2205 -0.733340 0.787187 -0.237628 -0.530517 -0.752329 0.358744 0.604421 -0.248709 -0.471385 0.601017 -0.351492 -0.380466 -0.101973 0.430729 0.417333 0.436692 0.706297 0.574610 -0.268991 -0.360851
VERTEX_POSE A2206 0.828630 -0.136763 -0.733348 0.067791 -0.986337 -0.007705 -0.562884 0.815064 -0.665309 0.527420 0.411794 0.148332 0.106126 0.044930 0.237895 0.558443 0.268853 0.691887 0.286127 0.302978
VERTEX_POSE A2207 -0.808323 0.168832 -0.125365 -0.883760 0.319807 0.756404 0.438430 -0.455575 -0.273907 0.101985 -0.457691 0.536704 -0.289028 0.364574 0.126859 0.238544 0.622171 -0.220643 0.810517 0.250917
VERTEX_POSE A2208 -0.485512 0.612105 0.459156 -0.454029 0.813483 0.652898 0.146673 -0.449155 0.582714 0.491814 0.354116 -0.320552 0.540746 -0.707210 -0.281726 0.658472 0.397198 0.228133 -0.103024 -0.122266
VERTEX_POSE A2209 0.649493 0.525329 0.193144 0.589109 -0.646640 0.124948 0.123118 0.210648 0.504307 -0.251038 0.267212 0.654143 -0.499731 -0.068560 0.407317 0.719500 0.456872 -0.369125 -0.392951 0.819019
VERTEX_POSE A2210 0.163329 -0.345596 0.114508 -0.870179 -0.414178 -0.214411 0.624182 0.592425 -0.715056 -0.511130 0.430459 0.261124 -0.575104 0.111902 -0.295696 0.087019 -0.224442 0.535818 -0.104047 0.633120
VERTEX_POSE A2211 0.627999 0.908002 0.862524 0.579675 -0.325771 0.058224 -0.606962 0.274541 -0.610327 -0.147399 -0.031316 0.130342 0.286261 0.923574 -0.766453 -0.012991 0.227893 0.140254 -0.726468 0.136830
VERTEX_POSE A2212 -0.048382 0.298373 0.252698 -0.116911 0.642461 0.578944 -0.075731 -0.403231 0.326869 -0.068782 0.143752 -0.667029 -0.041045 -0.613614 -0.261607 0.529988 0.535340 0.211222 0.840810 -0.391955
VERTEX_POSE A2213 -0.266037 -0.199402 -0.187748 -0.575172 -0.612051 0.459040 0.370638 0.121168 0.352308 -0.445269 -0.772937 0.538769 0.360511 -0.222895 -0.591031 0.496298 -0.580269 0.159910 0.536734 -0.038626
VERTEX_POSE A2214 -0.404881 -0.795418 -0.877016 0.861678 -0.171857 0.630938 -0.693793 0.252997 -0.604450 -0.400037 0.642812 0.000891 -0.371471 -0.469797 -0.473194 -0.337030 -0.393481 -0.112445 -0.327172 -0.383730
VERTEX_POSE A2215 0.758548 0.323805 -0.614246 -0.390552 -0.543016 -0.635701 -0.431575 0.300474 0.079608 0.434499 0.830008 -0.301918 0.394868 0.164381 0.591356 -0.569183 0.406052 -0.385604 -0.380872 0.170007
VERTEX_POSE A2216 0.035354 -0.496468 -0.692951 -0.925321 -0.037902 -0.471924 0.030426 0.779934 0.632214 0.281504 -0.007398 -0.515356 -0.042029 -0.564168 0.137995 0.484191 0.206206 0.304890 -0.826815 0.175617
VERTEX_POSE A2217 0.425320 -0.151499 0.872928 -0.074557 -0.140346 -0.597250 -0.221172 0.672580 -0.083852 -0.589519 -0.530790 0.289907 -0.759684 0.192468 0.078567 0.158649 -0.209382 -0.738947 -0.035518 -0.430131
VERTEX_POSE A2218 0.002218 -0.316224 0.608840 -0.312087 -0.417650 0.171150 0.186450 -0.189363 0.447695 0.679788 0.511105 0.457011 0.071961 -0.749618 -0.024829 0.521258 -0.327112 0.748867 -0.475643 0.184347
VERTEX_POSE A2219 -0.676659 0.652454 -0.254220 -0.194576 -0.834799 0.208864 -0.633426 0.444218 0.050541 0.633970 -0.031785 0.410063 -0.280861 -0.313317 -0.724646 -0.338460 -0.516815 -0.510449 0.058447 0.660602
VERTEX_POSE A2220 0.404139 -0.802184 0.807821 -0.244210 0.504095 -0.560509 0.071360 0.740462 -0.570123 0.648942 -0.450765 -0.438818 -0.545151 0.036978 0.173862 0.467538 0.413897 -0.371484 -0.240833 -0.275408
VERTEX_POSE A2221 0.157921 -0.737843 0.659963 0.347080 0.935688 0.346145 -0.248522 -0.567255 0.667387 0.711922 -0.008755 0.247626 -0.439893 -0.405854 -0.434761 0.443145 -0.716252 -0.429468 0.203768 0.020264
VERTEX_POSE A2222 0.131949 0.388399 0.927454 -0.282876 -0.998052 -0.320879 0.735401 0.489435 -0.734240 -0.232691 -0.448247 0.450054 -0.330306 0.237992 -0.383547 -0.537517 0.697356 0.090946 0.083744 -0.128776
VERTEX_POSE A2223 0.495167 0.762055 -0.638141 -0.784916 0.823935 -0.046935 0.570928 0.404164 0.088275 0.612874 0.083353 -0.865037 -0.198635 -0.009158 0.019516 -0.323929 0.910384 0.491258 -0.392481 -0.028657
VERTEX_POSE A2224 0.383440 0.796074 -0.114485 0.695928 0.120896 -0.492414 0.588400 0.351705 -0.584490 -0.692189 0.239535 -0.271040 0.281044 -0.685593 -0.375870 -0.189154 -0.560659 -0.448508 0.244733 0.185879
VERTEX_POSE A2225 0.459617 -0.578918 0.452275 -0.753771 0.150281 0.513088 0.195264 0.650242 0.683496 0.362561 -0.258928 0.232670 -0.733935 0.421929 -0.007434 -0.375882 -0.166406 -0.464094 0.387909 0.551748
VERTEX_POSE A2226 -0.411045 0.758552 0.396370 0.151402 -0.637060 0.068022 -0.499723 0.000681 0.207278 0.303078 -0.275046 -0.701141 -0.500381 0.142791 -0.626494 0.397360 -0.568630 0.261372 -0.500144 -0.761985
VERTEX_POSE A2227 -0.042093 -0.782048 -0.896091 -0.657249 -0.539220 -0.218469 0.101648 -0.692709 -0.438991 -0.035246 -0.523936 -0.442272 0.695770 0.373587 -0.722356 -0.559597 0.318512 -0.205320 0.437242 -0.068032
VERTEX_POSE A2228 0.730245 -0.814586 0.613211 -0.074129 -0.215238 -0.297038 0.689878 0.306716 0.385468 0.108945 -0.771112 -0.183883 -0.322697 0.159669 -0.029165 0.622671 -0.232444 0.853533 0.142639 0.481442
VERTEX_POSE A2229 0.721314 0.169725 0.853097 0.699496 0.859496 0.699608 0.127813 0.446566 0.026917 0.395759 0.416743 0.192303 -0.504981 0.502051 0.491967 -0.531496 -0.463864 0.480429 0.538094 -0.399599
VERTEX_POSE A2230 0.535364 -0.404823 0.931314 0.753467 -0.181892 0.597697 0.142439 -0.319384 0.355710 0.558382 -0.215408 -0.458812 -0.244119 -0.300299 0.241022 -0.033149 0.858680 0.497624 -0.779248 -0.155186
VERTEX_POSE A2231 -0.199889 0.407479 0.408078 0.028924 0.421058 0.327427 0.081622 0.356119 -0.605399 0.159854 -0.010047 0.092823 0.810630 -0.549708 0.449609 0.430596 0.522498 0.561711 -0.353909 -0.545798
VERTEX_POSE A2232 0.081304 0.617334 -0.287724 -0.399440 0.848114 0.602534 0.294651 -0.046188 0.137258 0.056088 0.568833 0.124738 0.747961 -0.452227 -0.498502 -0.130599 -0.530457 -0.595021 0.577523 0.434053
VERTEX_POSE A2233 0.794574 0.439108 0.673751 -0.130822 0.949807 0.280870 -0.428755 0.191214 0.522059 -0.160080 0.638891 0.115607 0.878959 0.305682 0.686670 0.091196 -0.241048 0.404581 0.098275 -0.635381
VERTEX_POSE A2234 -0.761811 0.732530 0.863066 -0.240689 -0.712775 -0.027202 -0.527222 0.033541 -0.189898 0.270520 -0.907409 -0.605175 -0.313588 -0.139593 0.223094 0.627603 0.110420 -0.739724 0.395769 0.379216
VERTEX_POSE A2235 0.195897 -0.162101 -0.727157 0.971769 0.018006 -0.159834 -0.560930 -0.481926 -0.525371 -0.074202 0.722055 -0.485253 0.480760 -0.125476 0.437561 -0.400373 0.476019 0.521065 0.537050 0.063607
VERTEX_POSE A2236 -0.938766 0.226295 -0.563877 0.338661 -0.802522 -0.469517 0.463278 -0.063640 0.163844 -0.703370 0.252473 0.432302 0.427350 -0.086426 -0.583369 0.013580 0.641350 0.474874 0.328377 0.716525
VERTEX_POSE A2237 -0.933181 -0.404233 -0.870282 0.827102 -0.699112 0.536258 -0.181731 0.501671 0.434782 -0.103475 -0.670695 0.521900 0.763012 -0.099682 -0.137640 -0.183624 -0.537174 0.481734 -0.583405 0.001389
VERTEX_POSE A2238 0.387574 -0.993269 0.147478 -0.911991 -0.662187 -0.755105 -0.149121 0.304078 -0.568816 0.406364 -0.263436 0.267766 -0.075723 0.469555 0.037915 0.641168 0.679913 0.182014 0.629127 -0.394176
VERTEX_POSE A2239 -0.424278 -0.161600 0.895279 0.884632 -0.989039 0.745273 -0.480020 -0.310400 -0.404761 0.090088 -0.298463 -0.411236 -0.826567 0.369782 0.192912 0.279734 0.653942 -0.272777 -0.001219 -0.500193
VERTEX_POSE A2240 0.716312 -0.878903 0.322863 0.416212 -0.345752 0.468133 -0.390294 -0.456884 -0.583188 -0.116603 -0.523927 -0.346254 -0.633088 0.616270 0.561580 -0.100327 0.252426 0.074031 -0.650545 -0.270647
VERTEX_POSE A2241 -0.449097 -0.338865 -0.738014 -0.782171 -0.076365 -0.013347 -0.726008 0.093261 0.534972 -0.221297 0.581415 -0.330891 0.058762 0.761166 0.496580 -0.377135 -0.248715 0.597952 0.527500 0.109663
VERTEX_POSE A2242 -0.796279 -0.253599 0.757803 0.464307 -0.314810 -0.681999 0.666085 0.065305 -0.528656 -0.488146 0.130660 -0.193680 -0.365826 0.718507 0.191620 -0.195057 -0.152746 -0.425640 -0.382320 -0.662631
VERTEX_POSE A2243 -0.332070 0.419470 -0.424439 -0.700699 -0.703291 0.501413 0.521667 0.201687 -0.444764 0.463810 0.635086 0.603460 0.313082 0.032870 0.013409 -0.325800 0.655606 0.431772 -0.555497 0.353678
VERTEX_POSE A2244 0.284866 0.461733 0.074238 -0.357342 0.311584 -0.107393 -0.398578 -0.595620 0.651912 -0.068456 -0.452279 0.055384 0.086478 0.500670 0.426286 -0.750693 0.434947 -0.615378 -0.515201 -0.028828
VERTEX_POSE A2245 -0.201160 -0.049017 0.880787 0.325985 0.513333 0.191824 0.418905 -0.824923 -0.627698 -0.048247 0.125624 0.544384 0.186095 0.319180 0.217075 0.549246 0.443864 0.475104 -0.697058 -0.069488
VERTEX_POSE A2246 -0.573522 -0.256725 -0.038685 -0.091252 -0.246307 -0.457926 0.274635 0.665127 0.586732 -0.444388 0.390301 -0.546603 -0.122586 -0.237184 -0.195272 -0.542157 -0.422211 -0.330366 -0.646632 0.413222
VERTEX_POSE A2247 -0.679780 0.965265 0.381287 -0.282663 -0.726318 -0.646105 -0.028717 -0.583463 0.247563 0.687794 -0.540548 0.374550 -0.390280 -0.082580 -0.603425 -0.060213 0.232613 -0.129816 0.608416 0.553581
VERTEX_POSE A2248 -0.775840 0.799485 0.753715 -0.748572 -0.627013 -0.185886 0.161158 0.541684 0.345549 0.641180 -0.516453 -0.655292 0.407311 0.182624 0.165392 0.628417 0.310327 0.623923 -0.045887 0.556956
VERTEX_POSE A2249 0.428696 0.427051 -0.429845 0.596661 0.336044 -0.548468 0.240653 -0.362396 -0.338359 -0.625448 0.238311 0.147355 0.680013 0.452206 -0.258800 0.248029 -0.609115 0.704276 -0.164209 -0.486175
VERTEX_POSE A2250 -0.356439 0.617719 -0.872933 0.522761 -0.561116 0.497248 -0.543178 0.307744 -0.241061 -0.319030 0.607754 -0.035389 0.722390 0.402500 -0.361521 -0.014086 0.546763 -0.750122 -0.284835 -0.273810
VERTEX_POSE A2251 0.628299 0.997301 0.561536 0.007218 0.877082 0.402329 0.143006 0.387959 -0.114474 0.703695 -0.623865 0.135461 -0.227930 -0.492823 0.780607 -0.271722 -0.368497 -0.444218 -0.598813 -0.285685
VERTEX_POSE A2252 -0.413383 0.689207 -0.769882 -0.056258 0.271732 -0.390736 0.301598 0.581422 -0.565435 -0.657070 -0.353527 0.246622 0.423771 -0.663916 -0.326960 0.383620 -0.015963 0.599903 -0.388009 0.309722
VERTEX_POSE A2253 0.775510 0.006118 -0.945479 -0.760115 -0.559168 0.236429 0.110153 -0.083888 0.502622 -0.619718 -0.260261 -0.127600 0.204360 0.677857 0.499196 -0.283426 0.666547 -0.652682 -0.694063 0.146467
VERTEX_POSE A2254 0.123466 0.759356 0.923395 0.222303 0.701017 0.120002 0.850793 0.243949 0.056770 -0.467239 0.135084 0.867118 -0.110125 -0.225876 -0.089933 -0.213796 0.795267 0.471589 0.001468 0.488643
VERTEX_POSE A2255 0.970057 0.485281 0.115634 -0.360330 -0.607373 -0.216613 0.299558 -0.557042 0.617541 -0.279856 -0.413123 0.413925 -0.468773 -0.159872 -0.264761 -0.633294 0.436667 -0.574709 -0.459496 -0.550269
VERTEX_POSE A2256 0.235127 0.427200 0.506796 -0.513887 0.591113 0.221455 0.509337 0.161642 0.465735 -0.610491 -0.494993 -0.428534 -0.592255 0.567191 -0.659211 0.130361 -0.412982 -0.340366 -0.010770 -0.486410
VERTEX_POSE A2257 0.712422 0.517908 0.319765 -0.626295 -0.936044 -0.147559 -0.320040 -0.377120 -0.307252 0.260479 0.309006 0.195195 0.733435 -0.646209 0.536785 0.357612 0.558798 -0.746715 0.404860 0.180153
VERTEX_POSE A2258 -0.072035 0.703233 0.219543 -0.017579 -0.146592 0.214532 0.354343 0.764561 0.184199 -0.612025 0.012033 -0.468102 -0.483406 0.612335 -0.088334 -0.437114 -0.154633 -0.832541 0.274075 -0.128206
VERTEX_POSE A2259 -0.034628 0.612614 0.120007 0.411984 -0.624125 0.160602 0.385096 -0.205849 0.064870 -0.375754 0.213633 0.370894 0.732479 0.426552 -0.598994 0.405944 -0.534149 -0.688217 0.095879 0.666877
VERTEX_POSE A2260 0.433736 -0.312367 0.172862 -0.926799 0.923452 -0.676212 -0.209911 0.062872 -0.612771 0.252746 0.496493 0.172157 0.013203 0.442599 -0.114051 -0.907070 -0.084027 -0.352991 0.262880 -0.739315
VERTEX_POSE A2261 -0.536672 -0.701590 0.150858 -0.264112 0.671516 0.354790 0.451207 -0.312335 0.605783 -0.403178 0.313201 -0.310697 -0.496870 -0.723842 -0.486672 0.481579 0.206673 0.416856 0.393778 -0.487536
VERTEX_POSE A2262 0.765483 0.020094 -0.471914 -0.559092 0.796933 -0.137765 -0.411152 0.523138 -0.406135 -0.215619 0.608660 -0.040442 0.595096 0.392879 -0.382987 -0.525130 -0.385928 -0.817166 0.393144 -0.229270
VERTEX_POSE A2263 -0.484960 -0.695033 0.885138 -0.326239 0.771566 -0.640687 0.461201 -0.419268 0.150775 -0.308855 -0.614478 0.455352 -0.174062 -0.526546 0.574893 0.557627 0.214839 0.170117 0.592162 -0.351034
VERTEX_POSE A2264 -0.742098 0.737518 -0.175392 0.605066 0.621323 0.048021 -0.559849 -0.087515 0.831403 0.452622 0.162878 0.358689 -0.518933 0.114520 -0.024456 0.271937 -0.861235 -0.420961 0.372103 0.459316
VERTEX_POSE A2265 -0.996329 -0.247376 -0.608848 0.200220 -0.915842 -0.635333 -0.000690 -0.537846 0.099777 0.317007 0.207199 -0.430013 -0.595914 -0.009783 0.033202 0.556168 -0.606555 -0.632758 0.484839 0.547527
VERTEX_POSE A2266 0.710937 0.142867 -0.842019 -0.354470 -0.210427 -0.463467 -0.320825 0.632946 0.395532 -0.348850 0.325292 -0.037935 0.221159 0.626926 0.281475 -0.797726 -0.111289 -0.740328 -0.300163 -0.296887
VERTEX_POSE A2267 -0.680864 -0.036188 0.260731 -0.056273 0.818801 0.625791 -0.014208 -0.541056 0.228553 0.412217 -0.137858 -0.212043 -0.081898 0.465945 -0.200526 0.900172 0.010526 -0.686277 -0.113394 -0.686322
VERTEX_POSE A2268 -0.929510 0.348391 -0.479130 0.027322 -0.614955 -0.434874 0.008596 0.411943 0.260108 -0.689618 0.234986 -0.042172 0.407942 0.781737 -0.298555 -0.597665 0.281560 0.807660 0.027092 0.291026
VERTEX_POSE A2269 0.098511 0.149598 0.305459 -0.266461 0.127386 -0.767830 -0.594351 -0.205695 -0.315778 0.103912 0.561150 -0.200722 0.074938 0.295374 0.508188 -0.792086 0.302488 -0.110351 0.054163 0.681216
VERTEX_POSE A2270 -0.105142 0.802212 0.156010 -0.171641 0.829761 -0.165834 -0.493664 0.784316 0.531068 0.259321 0.006894 -0.522683 -0.433007 -0.548656 0.316295 -0.200043 -0.251311 -0.563228 0.679364 0.143599
VERTEX_POSE A2271 0.786802 0.469488 0.843732 -0.556466 0.039293 0.368979 0.523595 0.672476 0.325336 0.511460 -0.284771 0.628207 -0.138675 -0.537370 -0.518920 0.139465 -0.110251 -0.306738 0.652362 -0.407136
VERTEX_POSE A2272 0.649414 0.810733 0.567445 -0.048632 -0.948979 -0.437079 -0.256588 0.554310 -0.067522 0.660235 0.557449 0.592820 0.357404 -0.174577 0.085912 0.388462 0.235631 -0.667522 0.468627 -0.544051
VERTEX_POSE A2273 0.098578 -0.451387 -0.086187 -0.707334 -0.485049 -0.483517 -0.547575 0.370213 0.231741 -0.134382 0.676546 0.047263 0.574994 -0.032711 0.789949 -0.113827 0.247755 0.293691 -0.581832 -0.585470
VERTEX_POSE A2274 -0.545267 -0.111042 -0.580707 -0.257165 0.336002 0.181082 0.669819 0.446746 0.454878 -0.124684 0.321759 0.590750 -0.387688 0.397450 0.174352 -0.474452 -0.331509 -0.617180 -0.400487 0.655000
VERTEX_POSE A2275 -0.065720 0.272466 -0.358317 0.594026 0.362605 -0.615841 0.558011 -0.036262 -0.324173 -0.699597 -0.203961 -0.205264 0.197032 0.602505 0.308588 0.396399 -0.664439 0.615054 0.056865 0.390632
VERTEX_POSE A2276 0.897418 0.499596 -0.205399 0.618651 -0.971716 -0.453232 -0.813004 0.283641 0.417014 0.127254 0.409424 0.593745 -0.469099 -0.515629 0.262607 -0.280355 -0.151380 0.446302 -0.155495 0.680537
VERTEX_POSE A2277 -0.118789 0.632233 0.380608 0.651583 -0.910304 -0.384326 0.601860 -0.319759 0.344451 -0.550875 -0.572008 0.820210 0.422204 0.045095 0.070393 0.329389 -0.665196 -0.236533 -0.218054 -0.355023
VERTEX_POSE A2278 0.254500 0.237731 -0.977030 -0.688638 0.636287 -0.402266 -0.519661 -0.230086 -0.851882 0.468022 0.064081 -0.001024 0.432321 -0.306452 0.324627 0.535576 -0.340126 0.084233 0.192782 0.856362
VERTEX_POSE A2279 -0.878422 0.299081 -0.451684 0.870079 -0.598729 -0.585319 -0.328025 0.027982 0.407811 -0.751087 -0.517337 -0.001095 -0.439847 0.678916 -0.174221 0.278558 -0.474021 0.678776 0.239183 0.214376
VERTEX_POSE A2280 -0.690093 0.059284 0.950763 0.248244 0.425739 0.015162 0.059053 0.171210 -0.175407 0.511308 0.605321 -0.344570 -0.015193 -0.668439 0.695889 -0.490891 0.140502 0.604989 0.702760 -0.371108
VERTEX_POSE A2281 0.898062 -0.144550 -0.849963 0.834123 -0.924829 -0.284211 0.182662 -0.297400 -0.881334 0.204853 0.351340 -0.199730 -0.769849 0.237820 -0.273486 0.061450 -0.770464 -0.166697 -0.572910 -0.371404
VERTEX_POSE A2282 0.749877 0.296382 -0.890148 -0.122703 -0.721647 -0.657885 0.035192 0.198992 0.049852 -0.418028 0.017030 0.531058 -0.427255 -0.337426 -0.094777 -0.698887 0.597581 0.523160 0.391183 0.699394
VERTEX_POSE A2283 -0.103476 -0.251509 -0.819119 -0.808014 -0.302529 0.710505 0.501594 0.343336 0.115684 0.419116 -0.599709 -0.218630 0.287657 -0.563813 -0.145340 0.572558 0.113522 0.642556 -0.402710 -0.437833
VERTEX_POSE A2284 0.673572 0.861568 -0.795442 -0.925992 -0.483997 0.403995 -0.525374 0.139745 -0.337200 0.634113 0.315351 0.298952 0.379437 -0.031360 0.534509 0.149676 0.742976 -0.589925 -0.394345 0.572738
VERTEX_POSE A2285 -0.126656 0.055737 -0.966754 -0.900400 0.979370 0.135454 -0.155939 0.167793 -0.651947 0.539327 -0.215296 -0.299522 -0.496591 -0.766583 -0.505711 -0.629371 0.483808 0.459523 -0.205179 -0.322140
VERTEX_POSE A2286 -0.133419 -0.766228 0.296515 -0.168344 0.090098 0.893220 0.280627 0.048019 0.170346 0.343734 -0.383060 -0.381477 0.554801 -0.396647 -0.165964 0.606084 0.759628 -0.008433 -0.357707 0.341461
VERTEX_POSE A2287 -0.091301 0.288768 0.711354 -0.439878 -0.892884 -0.047380 0.544410 0.160941 -0.737851 -0.455134 0.263838 -0.200139 0.598722 0.527304 0.629696 -0.335039 0.595937 0.129452 0.160470 -0.520863
VERTEX_POSE A2288 -0.414235 -0.426355 0.353011 -0.526695 -0.956674 -0.084820 -0.542159 0.272675 0.497139 -0.098473 -0.394779 0.699852 -0.231361 -0.257091 0.446503 0.631960 0.563493 0.237698 -0.493422 0.621432
VERTEX_POSE A2289 0.794546 0.937005 -0.483941 0.814076 0.943506 -0.412265 -0.434601 0.643211 0.038943 -0.569492 0.001571 -0.406149 0.357660 0.479082 -0.770799 0.207353 -0.470669 0.263503 0.562037 0.367735
VERTEX_POSE A2290 0.874071 -0.098618 -0.168639 0.972106 -0.517009 0.269061 0.260908 -0.216248 0.312214 0.392870 -0.176182 -0.737567 0.177998 -0.648397 -0.481075 -0.270692 0.530774 -0.233860 0.820136 0.469102
VERTEX_POSE A2291 -0.980499 0.261278 -0.474127 -0.453494 0.966778 -0.421749 0.620768 0.590699 0.212667 0.536230 -0.655871 -0.580915 -0.519061 -0.169901 -0.519315 0.143001 -0.325268 0.412009 -0.192953 0.293670
VERTEX_POSE A2292 -0.742126 -0.764585 0.666916 -0.450036 0.615022 -0.010258 -0.682542 0.466257 -0.583275 0.094032 -0.245019 0.503059 -0.524996 -0.558102 -0.210395 -0.065353 -0.641035 -0.601956 -0.495382 -0.012887
VERTEX_POSE A2293 0.639554 0.921476 0.359447 -0.586986 -0.720076 -0.374606 -0.496311 -0.228899 0.098880 0.509621 -0.571480 0.647709 -0.380714 -0.579205 -0.518353 0.349592 -0.469714 -0.402090 -0.476240 -0.254767
VERTEX_POSE A2294 -0.465459 0.566246 -0.588989 0.220267 0.738345 0.392918 0.414427 0.567097 0.636883 -0.558346 0.150239 -0.638391 -0.232807 0.631690 0.180114 0.256296 0.467080 0.003206 -0.629772 0.196553
VERTEX_POSE A2295 -0.484224 0.972933 -0.508475 -0.844970 0.236345 -0.180879 -0.223595 -0.370988 -0.437303 -0.261833 -0.010229 0.502847 0.305705 0.542552 0.163418 0.661852 -0.676589 -0.704620 0.591561 0.331854
VERTEX_POSE A2296 0.643225 -0.325900 0.750598 0.613234 -0.635918 -0.654898 0.100011 0.308548 0.501751 0.480876 -0.089203 -0.039534 0.729004 0.528959 -0.100698 -0.346193 0.530781 -0.554663 0.327810 -0.579065
VERTEX_POSE A2297 -0.754522 -0.290888 -0.431008 0.865797 -0.472083 0.131813 0.281057 0.141135 -0.348694 -0.206786 0.466640 0.743693 -0.621375 0.241532 -0.252218 -0.552716 -0.716111 -0.494313 -0.432025 0.437235
VERTEX_POSE A2298 -0.165088 -0.063255 0.752256 0.098757 0.055146 -0.560949 -0.226161 -0.133399 0.381890 -0.583628 -0.446769 0.354452 -0.397783 0.799814 0.631702 0.467826 -0.241041 -0.121712 0.480767 0.291204
VERTEX_POSE A2299 0.713716 -0.977509 -0.728532 -0.359444 -0.250873 0.307766 -0.312871 0.323623 -0.329671 -0.285956 -0.662720 0.771546 0.226142 -0.084561 0.114438 -0.860291 0.206737 -0.433841 0.170590 0.637322
VERTEX_POSE A2300 0.343989 0.858710 0.874451 -0.400664 0.655303 0.128788 0.386301 -0.181561 0.536572 -0.599605 0.509497 0.429376 -0.031573 -0.250342 -0.503069 0.127606 0.692953 0.507998 0.688451 0.405701
VERTEX_POSE A2301 0.729770 -0.261043 -0.091734 0.927116 -0.115093 0.477800 -0.730264 0.042922 -0.461668 -0.369072 0.597418 0.463425 0.409337 -0.016952 0.581617 -0.070021 0.361108 0.074355 0.397543 0.714537
VERTEX_POSE A2302 0.500518 0.491979 -0.884800 0.084090 0.788420 0.484087 0.073349 -0.118402 -0.579151 0.522771 -0.543162 -0.389475 -0.483127 0.338778 -0.451619 0.224820 0.576260 -0.273116 -0.661342 -0.494074
VERTEX_POSE A2303 -0.006597 0.669443 0.441896 0.550704 0.706324 0.326988 0.711769 -0.500046 -0.510463 -0.121619 -0.440696 -0.027918 -0.124387 -0.665676 -0.791260 0.427237 0.130478 -0.075063 -0.529708 -0.309178
VERTEX_POSE A2304 -0.171652 0.287570 0.822080 -0.780218 0.399858 0.671435 0.224382 -0.216103 0.078160 -0.846633 0.228861 -0.071872 -0.444620 -0.718895 -0.292293 0.154864 -0.601566 0.672656 -0.105812 -0.149098
VERTEX_POSE A2305 0.955251 -0.619063 -0.465507 0.826924 0.124423 0.537311 -0.677905 0.382169 -0.619991 -0.136907 0.595106 -0.089672 0.423024 0.469734 -0.563564 -0.550449 -0.387700 0.035535 0.199392 -0.358937
VERTEX_POSE A2306 0.927683 -0.058091 -0.916420 0.144730 0.068928 0.574556 -0.461859 0.508263 0.155863 -0.010874 0.499217 -0.595376 -0.251746 0.490951 -0.527600 -0.384479 0.039953 -0.112949 0.758530 0.499822
VERTEX_POSE A2307 -0.274234 -0.212833 -0.383320 0.838433 0.428143 0.424530 0.339418 0.367737 0.540761 0.158963 -0.394303 -0.221314 -0.409588 0.632917 -0.690202 0.418141 -0.315281 -0.044647 0.718972 0.457501
VERTEX_POSE A2308 -0.163538 -0.986830 0.915101 0.478507 0.214119 0.049382 -0.869131 0.364008 0.176696 -0.475440 -0.681493 0.349353 0.086364 -0.375044 -0.656120 -0.072040 -0.492829 -0.643273 -0.076934 0.139740
VERTEX_POSE A2309 0.182184 -0.820360 -0.893451 0.456092 -0.294784 0.316870 0.596570 -0.706406 0.402331 0.380206 0.534236 0.068964 0.352067 0.450059 0.319642 -0.566813 -0.112794 0.794227 -0.233065 0.017520
VERTEX_POSE A2310 -0.152656 -0.913752 0.164996 0.708512 0.829414 0.063472 0.212421 -0.676506 -0.673267 0.098256 0.092327 -0.581118 -0.399945 -0.512038 -0.372540 -0.123545 0.521143 0.257289 -0.877499 0.006576
VERTEX_POSE A2311 0.146369 0.072454 0.865864 -0.273249 -0.360142 0.421040 -0.274902 -0.562375 0.522421 0.179272 -0.385940 0.018190 -0.384325 0.438966 -0.684570 -0.366856 -0.563176 -0.284316 0.781026 -0.157880
VERTEX_POSE A2312 0.080245 0.035090 -0.743414 0.290216 -0.219614 -0.312025 -0.336782 0.348919 0.197133 0.408105 0.239300 0.763101 -0.363570 -0.421889 0.452349 -0.242530 0.797631 -0.277193 -0.727340 -0.082374
VERTEX_POSE A2313 -0.402778 0.382629 0.274848 -0.414191 -0.892233 0.080377 0.561943 -0.302489 0.639453 -0.387712 -0.557411 0.189347 0.512739 -0.426394 0.509625 0.461487 0.549796 -0.537652 0.240889 -0.337203
VERTEX_POSE A2314 -0.957107 0.820945 -0.953255 -0.081263 0.337329 -0.298846 0.746843 -0.450328 -0.572479 -0.100815 -0.329624 0.589940 0.229407 -0.061070 -0.195743 -0.585750 -0.289038 -0.443411 0.190604 0.775423
VERTEX_POSE A2315 -0.246183 -0.103342 -0.538856 0.364224 0.296389 -0.068092 0.067671 -0.884921 0.327192 0.478491 0.285950 -0.667842 0.440121 -0.112455 0.637371 0.411901 -0.311781 0.189876 -0.634900 -0.159042
VERTEX_POSE A2316 0.470565 -0.561633 0.308094 -0.314591 -0.912863 0.544539 0.001280 -0.287442 0.172364 -0.080703 -0.630804 0.441716 -0.699506 0.504577 0.456105 0.710047 0.424601 0.520214 -0.003192 -0.290825
VERTEX_POSE A2317 -0.090525 -0.945283 0.343261 0.750393 -0.572573 0.786948 -0.038051 -0.207146 0.120774 -0.274150 0.674907 -0.004737 -0.180541 -0.695135 -0.441376 -0.716734 -0.122252 0.413873 -0.614077 0.058591
VERTEX_POSE A2318 0.662516 -0.814574 -0.827503 0.924345 0.403505 0.596880 0.342166 -0.630122 0.393635 -0.543443 -0.295555 0.148705 0.706808 0.246191 0.628333 -0.025760 0.575034 0.268088 -0.295551 0.352590
VERTEX_POSE A2319 -0.943669 0.012012 -0.338894 0.158714 -0.869537 -0.038016 0.170637 -0.635967 0.223336 0.592303 -0.525793 0.907042 -0.329096 -0.057201 -0.348419 -0.577477 -0.474789 0.067488 -0.422228 -0.300652
VERTEX_POSE A2320 -0.295979 0.991722 0.859319 0.564469 -0.629067 0.606564 -0.362944 0.081345 -0.150919 0.562330 0.152511 -0.372453 0.120690 0.702006 0.152961 -0.399511 0.661177 0.668719 0.614721 0.200391
VERTEX_POSE A2321 0.536587 0.086808 0.003859 0.896451 0.886496 0.485468 -0.285713 -0.527606 -0.647642 0.472123 -0.530833 -0.115838 -0.488989 -0.528835 -0.017499 -0.071250 -0.297418 -0.575462 -0.671774 0.267814
VERTEX_POSE A2322 -0.924168 -0.726710 0.186979 0.705220 -0.902759 -0.897986 -0.268096 0.235634 -0.201834 -0.060686 -0.704175 0.036301 -0.755741 -0.284417 0.374479 -0.593593 0.353206 -0.106455 0.030744 0.492916
VERTEX_POSE A2323 -0.038105 -0.772863 0.526236 -0.885567 0.985955 0.040065 0.652592 -0.315306 0.678066 -0.306236 -0.468019 -0.175393 0.524099 -0.424852 0.456723 0.431488 0.698274 0.547049 0.139578 -0.115993
VERTEX_POSE A2324 0.176141 0.008283 -0.636695 -0.690534 -0.833580 -0.267863 -0.607532 -0.441476 0.636923 -0.147620 0.296574 0.476208 -0.018239 0.186547 0.469533 -0.485099 -0.431625 -0.274488 -0.611113 0.704303
VERTEX_POSE A2325 -0.389627 0.839536 0.597990 -0.074513 0.835585 -0.530252 -0.242669 0.190158 -0.592698 -0.549739 0.057779 -0.063871 0.231272 0.162775 0.534120 -0.539025 0.647800 -0.279605 0.543014 0.717189
VERTEX_POSE A2326 0.477672 -0.799931 -0.982240 -0.730537 0.222300 -0.305132 -0.319881 -0.578475 0.611872 0.086801 -0.711141 0.704114 -0.056642 0.296136 0.184126 -0.761863 0.234490 0.053184 0.553623 0.130247
VERTEX_POSE A2327 -0.180634 0.682383 -0.886096 0.922700 -0.469498 0.131717 -0.492458 0.105378 0.532128 -0.334574 0.132195 -0.098776 -0.662607 -0.642038 -0.324033 -0.452634 0.738157 -0.764680 -0.040257 -0.119717
VERTEX_POSE A2328 -0.144149 -0.451352 -0.833018 -0.208716 -0.636498 0.638415 0.336963 -0.230505 0.267854 0.708514 0.455830 -0.033371 0.225217 -0.695668 0.718764 -0.536740 -0.035475 0.054272 -0.213661 0.503859
VERTEX_POSE A2329 -0.687416 0.136814 0.770016 0.368220 -0.722554 -0.653304 -0.229257 0.620446 -0.435785 0.604429 0.076090 -0.082602 0.257314 0.185408 0.316523 0.699184 0.238672 -0.525619 0.164429 -0.719664
VERTEX_POSE A2330 -0.466918 0.704874 -0.614628 -0.436745 0.279629 -0.111761 -0.311491 -0.713672 -0.378150 -0.444987 -0.053838 0.458754 0.591531 -0.340152 0.782204 -0.586297 0.182404 0.149040 -0.106335 -0.582065
VERTEX_POSE A2331 -0.800160 -0.592642 -0.958567 0.390620 -0.981195 0.202082 -0.330744 -0.760641 0.440694 -0.369095 -0.253169 0.282182 0.239752 -0.043009 0.495523 0.767159 -0.194448 -0.663160 0.329187 -0.563623
VERTEX_POSE A2332 -0.957647 0.875771 -0.321717 0.295335 0.162354 0.421461 -0.283539 -0.029425 -0.492560 -0.096306 0.695409 0.160361 -0.877840 -0.051611 0.550889 0.373535 0.008633 0.500561 0.014101 0.716102
VERTEX_POSE A2333 -0.966400 0.196854 -0.499428 0.647345 0.068049 -0.236199 -0.812099 0.034652 -0.480569 -0.260108 -0.492791 -0.607314 0.272163 -0.234555 0.532254 -0.081028 -0.804640 0.247262 -0.438406 0.231291
VERTEX_POSE A2334 0.193243 -0.923200 0.483329 -0.058676 0.725129 0.023066 -0.618361 -0.027244 -0.324145 -0.374276 0.534691 -0.412869 -0.284500 -0.806547 0.196273 -0.617267 0.119409 -0.827897 0.124853 0.220425
VERTEX_POSE A2335 -0.129299 0.163342 -0.499638 0.515117 -0.437788 0.008026 -0.316267 0.717443 -0.433225 -0.336238 -0.486799 -0.560618 0.455996 0.451995 0.376635 -0.544084 0.199630 0.596746 0.531939 -0.064422
VERTEX_POSE A2336 0.988851 0.577790 0.035065 0.474269 -0.807528 -0.364630 0.076752 -0.293668 0.188403 -0.769880 -0.550488 0.303304 0.623053 -0.541810 0.613046 -0.092729 0.505933 0.603100 0.067827 -0.247378
VERTEX_POSE A2337 0.120926 0.018709 0.566909 -0.913946 -0.205943 0.615830 -0.640725 0.397918 0.464260 0.620762 0.012600 -0.370300 -0.339953 -0.408263 0.346345 0.194237 -0.320257 -0.384888 0.225453 0.756478
VERTEX_POSE A2338 0.596467 0.950509 0.117043 0.353550 0.990355 0.510370 -0.699929 -0.226223 -0.569745 -0.221262 -0.736395 0.041381 0.571667 -0.179407 0.196834 -0.066404 0.241057 0.611928 0.360458 -0.562361
VERTEX_POSE A2339 -0.174687 0.590960 -0.049834 -0.047224 0.406590 -0.471495 -0.414631 -0.347509 0.497693 0.246547 -0.682182 -0.139422 -0.173500 0.422308 -0.695388 0.630153 -0.237271 0.164289 0.583181 0.423349
VERTEX_POSE A2340 -0.696890 0.198350 0.673458 0.542146 0.499273 0.526513 -0.077852 0.312848 -0.349586 0.569518 -0.489561 -0.572996 -0.454761 0.375065 0.289839 0.542913 0.440114 0.433869 -0.409910 -0.572785
VERTEX_POSE A2341 -0.556189 -0.963243 -0.717961 0.062062 0.819769 0.329560 -0.386430 0.542601 0.524494 0.705954 -0.189245 -0.270056 0.397166 -0.005093 0.362487 -0.439546 -0.760143 -0.641848 -0.036878 -0.303195
VERTEX_POSE A2342 0.971682 -0.336586 -0.183970 0.679527 -0.953552 -0.624039 -0.741361 -0.182767 -0.623278 0.468600 0.503058 0.267630 -0.093918 -0.182589 0.347620 -0.462601 0.804459 -0.172145 -0.089317 0.181755
VERTEX_POSE A2343 0.383355 -0.766560 0.930044 -0.167639 -0.720341 -0.166794 -0.237421 -0.403431 0.756110 -0.622336 -0.125220 -0.011359 -0.058570 0.705053 -0.584695 -0.513492 -0.268351 -0.241826 -0.537796 0.502446
VERTEX_POSE A2344 0.041033 0.419386 0.556886 0.647871 0.927535 -0.644224 0.420676 -0.203604 -0.417334 -0.338184 -0.463481 0.442257 0.567496 -0.677666 0.210775 0.384112 0.448367 0.413269 -0.488947 -0.288905
VERTEX_POSE A2345 -0.985425 -0.515641 -0.137225 -0.401735 0.383777 0.400723 -0.053202 0.537156 -0.710181 -0.022114 0.237648 0.078954 0.666088 -0.577989 -0.556327 0.258677 0.138774 -0.139031 -0.697204 -0.549233
VERTEX_POSE A2346 -0.862827 0.130098 -0.608812 -0.803415 0.576048 -0.165389 0.376811 -0.533899 -0.363075 -0.663608 0.218192 0.251344 0.336500 0.782384 0.683228 0.062142 -0.162939 -0.557539 0.548219 0.169323
VERTEX_POSE A2347 -0.488402 0.857753 -0.135019 -0.666720 -0.985328 0.764959 -0.037663 -0.313999 -0.298153 0.302746 0.390571 -0.075296 -0.597409 -0.322688 0.233258 -0.611137 0.740963 -0.515619 -0.420166 -0.309362
VERTEX_POSE A2348 -0.075950 -0.460924 -0.793965 -0.651343 0.811204 0.011807 -0.334401 -0.196803 0.129444 -0.668358 0.126230 0.710521 0.140545 -0.675293 -0.566242 0.383869 -0.443052 -0.397033 -0.523799 -0.541313
VERTEX_POSE A2349 0.799689 0.315523 -0.436314 -0.879069 -0.020447 -0.573366 -0.195459 -0.214811 0.621987 0.359972 -0.190933 -0.525462 0.583568 -0.147784 0.026398 0.502310 -0.535207 -0.087044 0.489233 0.780458
VERTEX_POSE A2350 -0.432072 -0.130236 0.526086 0.491994 -0.854866 -0.400962 -0.653581 0.625484 0.411749 -0.503328 -0.389406 -0.439115 0.433516 0.091515 0.575676 0.332089 0.626044 -0.381401 0.145855 -0.238385
VERTEX_POSE A2351 0.628071 -0.469203 -0.934645 0.913127 -0.817863 0.656740 -0.180459 -0.495065 -0.333318 0.523955 -0.665735 0.385471 -0.336995 -0.130640 -0.537615 -0.733239 -0.148426 0.141326 0.204206 0.522121
VERTEX_POSE A2352 0.336276 -0.597669 0.567544 -0.982618 -0.133951 0.587850 -0.009087 -0.613504 0.609537 0.363421 0.691366 -0.497920 0.268782 0.168515 -0.018243 -0.729049 0.305647 0.186118 -0.513893 0.154299
VERTEX_POSE A2353 -0.356240 0.143055 -0.286935 0.197214 -0.757625 -0.781344 0.341171 -0.236468 -0.081438 0.137697 0.802180 -0.004021 -0.612523 -0.388074 0.201028 -0.366018 0.252622 -0.585184 -0.596228 0.293548
VERTEX_POSE A2354 -0.410034 -0.242066 0.591590 -0.972440 -0.831908 -0.298639 0.114892 -0.482442 0.259427 0.536364 -0.000771 0.040578 0.020048 -0.864884 -0.678631 0.642370 0.136081 -0.617516 -0.534856 0.026610
VERTEX_POSE A2355 -0.487583 0.410614 0.930849 -0.673152 0.032469 0.491997 -0.514968 -0.029367 -0.732956 -0.466077 0.426859 0.353278 0.224472 0.621716 0.308762 -0.507065 0.389728 -0.023978 0.458341 0.527742
VERTEX_POSE A2356 0.254132 -0.017410 -0.688945 -0.877299 -0.922040 -0.101851 0.538613 0.064252 0.119170 -0.264186 0.942474 -0.536015 0.502618 0.314831 -0.232994 -0.553465 -0.071484 0.796132 0.284875 0.058192
VERTEX_POSE A2357 -0.932362 -0.041996 0.609350 -0.702978 0.390392 0.039392 0.073663 0.600476 0.073701 0.100744 0.409881 -0.961558 0.025675 0.228683 -0.107073 0.881085 -0.376127 0.238658 0.455471 0.526933
VERTEX_POSE A2358 0.331783 0.092998 -0.955247 -0.750453 0.562971 0.598502 -0.338132 -0.600886 -0.356711 -0.343595 0.286570 -0.444209 -0.339254 -0.564793 0.167773 0.724205 -0.186534 0.537664 -0.357832 0.450586
VERTEX_POSE A2359 -0.890017 0.531238 -0.521963 -0.086015 -0.558537 -0.470980 -0.507127 -0.121047 0.465922 -0.701544 0.078294 -0.176913 0.334058 0.656158 0.350650 0.371994 -0.633582 0.637841 0.026147 0.383730
VERTEX_POSE A2360 -0.619778 -0.905182 0.379367 0.665242 0.667838 -0.019723 0.681398 0.336776 -0.467327 -0.389917 0.378941 0.303728 0.273001 0.649498 0.498643 -0.554727 0.443048 0.663566 0.037544 -0.353336
VERTEX_POSE A2361 0.864865 -0.202128 -0.569875 -0.187197 -0.157401 -0.408806 0.471995 0.287917 -0.701214 0.292267 -0.200476 -0.309696 -0.440758 0.811225 0.447997 0.278005 0.383525 -0.211102 -0.648264 -0.267837
VERTEX_POSE A2362 -0.690177 0.938596 -0.480530 -0.695395 -0.539732 -0.428510 -0.088060 0.745145 0.008983 -0.639178 -0.440756 0.447870 0.239998 0.268871 0.779926 -0.099445 0.220287 -0.086183 0.718477 -0.360103
VERTEX_POSE A2363 -0.577425 0.970589 -0.942351 -0.039422 -0.169808 0.298706 0.084371 0.259551 -0.534457 -0.187869 0.598161 -0.028104 -0.229753 -0.703532 -0.349539 -0.765866 -0.101406 0.708635 -0.564136 0.263810
VERTEX_POSE A2364 0.898465 0.994726 -0.069303 -0.539852 0.910649 0.558173 0.444065 -0.228865 0.186512 -0.734463 0.377850 -0.184536 0.503853 0.655697 -0.675286 -0.029197 -0.486602 -0.404464 0.093004 0.371659
VERTEX_POSE A2365 0.503065 -0.984603 -0.997200 0.245929 -0.814603 -0.573323 0.303937 0.625536 0.267677 -0.439792 0.477232 0.367621 0.194039 -0.324022 -0.207060 0.622044 -0.261388 -0.649331 -0.538160 -0.455676
VERTEX_POSE A2366 0.293276 0.133931 -0.441988 -0.524305 0.392404 0.586778 -0.609645 -0.338489 -0.006404 0.257261 -0.653903 0.543832 0.423611 -0.304879 -0.399298 -0.576028 -0.350645 0.447726 -0.225600 0.491867
VERTEX_POSE A2367 0.887315 0.572516 0.965762 0.934417 -0.896879 -0.307280 0.348978 -0.529453 -0.386587 -0.045487 0.521027 -0.555738 0.638998 0.054153 0.652216 0.613160 -0.045523 0.147984 0.303088 0.665736
VERTEX_POSE A2368 -0.376009 0.034106 0.569709 0.331983 -0.020546 -0.616603 0.235832 -0.213162 0.441961 0.716633 -0.482346 0.437787 -0.609257 -0.350292 -0.474004 -0.167489 -0.366222 0.090186 0.177691 0.681969
VERTEX_POSE A2369 -0.110257 0.084440 0.675054 0.829245 0.382759 -0.404448 0.488721 0.743041 0.528022 0.455732 -0.094427 0.628321 0.224200 0.348715 0.180491 -0.690075 0.556871 -0.360901 0.164288 -0.085247
VERTEX_POSE A2370 -0.287372 0.163476 -0.084072 -0.112808 0.509711 0.188436 -0.145675 0.321953 -0.364747 0.740855 0.391918 0.363896 -0.104593 -0.347046 0.578657 0.644352 -0.367522 -0.603479 0.061515 -0.698021
VERTEX_POSE A2371 -0.072899 -0.767544 0.243167 -0.125872 -0.521274 -0.473262 0.473137 -0.294052 0.772197 -0.145537 -0.414924 0.336954 0.597140 0.492083 -0.144854 -0.006137 -0.615595 0.212635 0.631146 -0.346798
VERTEX_POSE A2372 0.333554 0.121197 0.957093 -0.108693 0.202527 -0.749109 -0.320438 0.493051 -0.615924 0.366248 -0.629487 -0.071644 0.400181 -0.124807 -0.224049 -0.272311 -0.046321 0.064356 -0.727244 -0.585597
VERTEX_POSE A2373 -0.315691 0.826890 0.731958 -0.433280 0.556159 0.719644 -0.489364 0.015076 -0.027046 -0.301958 0.890450 -0.262873 -0.390070 0.036283 -0.207111 0.458937 0.416395 0.607770 0.553685 0.179363
VERTEX_POSE A2374 -0.689544 -0.534104 0.173211 0.706490 -0.241615 0.385263 -0.612415 -0.153951 -0.700576 -0.171979 -0.552392 -0.221209 0.420796 -0.267989 -0.014860 0.517927 0.363496 -0.558221 -0.387367 0.683531
VERTEX_POSE A2375 -0.625414 -0.459417 0.513979 -0.460822 0.130063 -0.613649 -0.427673 -0.554311 0.385267 -0.736445 -0.146282 -0.366396 -0.118449 0.602023 0.329367 -0.441774 0.388978 -0.481950 -0.256029 0.396996
VERTEX_POSE A2376 -0.301116 -0.688751 -0.405268 0.164984 -0.060064 0.566244 -0.529507 -0.139876 -0.534294 -0.370028 -0.694459 0.106429 -0.450430 0.444416 -0.503351 0.131795 0.448439 -0.359456 -0.602034 0.315528
VERTEX_POSE A2377 -0.552371 0.595994 0.564399 0.903075 -0.665567 0.043042 -0.063548 0.638537 0.455361 0.827378 0.173442 0.460103 -0.096579 0.282461 0.016575 -0.347736 0.614279 -0.760805 0.425628 0.324138
VERTEX_POSE A2378 -0.113816 -0.601665 -0.621040 -0.127542 0.144735 0.668588 0.561255 0.029881 -0.046017 0.367562 0.277375 -0.174205 -0.349386 0.667510 -0.526828 0.219053 -0.570613 0.492928 -0.616309 -0.388588
VERTEX_POSE A2379 0.622934 -0.149675 -0.199232 0.513642 -0.248860 0.232584 -0.602357 -0.490903 0.121224 -0.000367 -0.222623 -0.405841 -0.773177 0.300598 0.243437 -0.050195 -0.614896 0.840977 -0.191948 0.490914
VERTEX_POSE A2380 -0.752682 -0.088483 -0.871915 -0.975995 0.313986 -0.152692 0.436653 -0.061009 0.466605 0.688779 -0.463413 -0.685510 0.527013 0.277129 -0.450960 -0.239075 -0.836828 -0.292705 0.004288 -0.066667
VERTEX_POSE A2381 0.454113 0.268100 0.905047 -0.635548 0.289869 -0.662394 0.536924 0.212320 0.140849 0.234729 0.253576 -0.035128 -0.257709 0.924725 0.732731 0.375629 0.188216 0.057159 0.670153 -0.008820
VERTEX_POSE A2382 0.251005 0.381122 -0.133878 0.426768 -0.066724 -0.056179 0.653095 0.693681 0.583440 0.481252 -0.504169 -0.366367 0.187098 0.023762 0.567313 -0.499085 0.495703 0.447630 0.240359 0.135400
VERTEX_POSE A2383 0.583594 0.313848 0.695629 -0.958612 -0.819965 -0.058864 0.444405 0.651637 0.628115 -0.428760 -0.121346 0.423612 0.671325 -0.083110 -0.143289 -0.403200 0.639367 0.634056 -0.073629 0.380720
VERTEX_POSE A2384 -0.902127 -0.588846 -0.381888 0.561666 0.532244 0.579990 -0.143405 -0.600866 0.570230 -0.495214 0.229365 -0.048773 -0.396117 -0.275009 0.566040 0.481755 0.478335 -0.125177 -0.587539 0.530959
VERTEX_POSE A2385 0.840971 -0.860944 -0.542288 0.454328 0.101368 0.126979 0.567029 -0.392828 -0.058118 -0.667523 0.265360 0.395660 0.133718 0.468905 0.307282 0.340912 0.645251 0.854125 -0.314308 -0.372894
VERTEX_POSE A2386 -0.903990 -0.275537 0.626478 -0.631765 0.212504 -0.203860 0.480174 -0.221600 0.668215 0.002001 -0.406532 0.191732 0.657971 -0.392005 -0.185523 0.568709 0.521427 0.663889 0.114335 0.600059
VERTEX_POSE A2387 0.352005 0.393745 -0.070833 0.684367 0.610205 0.641631 -0.533603 0.488130 -0.694201 -0.243879 0.558376 -0.046150 0.423908 0.087448 -0.193878 -0.635425 -0.640960 0.258217 0.268937 -0.177394
VERTEX_POSE A2388 0.908609 0.097060 -0.932937 0.751350 -0.508240 0.317415 -0.432042 0.036571 0.634496 0.400227 0.584193 -0.175783 -0.687617 0.357174 -0.463495 0.058148 0.727041 -0.500935 0.420665 -0.034912
VERTEX_POSE A2389 0.427793 0.817460 0.671232 -0.382217 -0.224526 -0.685624 0.453322 0.028982 -0.246221 -0.592877 -0.544243 -0.608069 -0.266312 0.491400 -0.087265 0.583580 -0.493255 0.303204 0.177504 0.467102
VERTEX_POSE A2390 0.461988 -0.075017 0.407205 -0.401648 -0.948333 -0.458350 -0.344893 -0.397599 0.619301 -0.478973 0.365951 0.304191 0.275788 0.164994 0.373547 -0.495653 -0.618285 0.417508 0.574371 -0.546348
VERTEX_POSE A2391 -0.711169 0.191878 0.446430 0.416593 -0.840401 0.527576 -0.346299 -0.589568 -0.503029 0.254616 0.044865 0.135664 -0.488171 0.308550 0.132150 0.611765 -0.507602 -0.657843 -0.450200 -0.545466
VERTEX_POSE A2392 0.292658 -0.384668 -0.898643 0.430585 0.618074 -0.324609 -0.720716 -0.452796 0.582805 -0.327214 -0.439979 -0.251444 0.001281 0.030483 -0.643174 0.298433 -0.454671 -0.279412 -0.533325 0.627486
VERTEX_POSE A2393 0.771811 -0.136421 0.926675 -0.097044 -0.488065 -0.188447 -0.059872 -0.960975 0.488406 -0.427368 -0.100836 0.398390 -0.201020 -0.201495 -0.677787 -0.679775 0.124911 -0.328387 0.557914 -0.100774
VERTEX_POSE A2394 -0.288594 0.162467 0.504079 -0.622830 -0.010209 -0.586208 -0.571511 0.543335 -0.144324 0.350752 0.473786 0.384143 0.374131 0.623242 0.416149 -0.514852 -0.048939 0.561057 -0.381185 0.299146
VERTEX_POSE A2395 0.191123 -0.389942 0.032054 0.890733 0.528722 -0.340977 0.197362 0.236811 0.665875 0.154129 0.515719 0.619884 0.193716 -0.586591 0.093780 0.369093 0.526969 0.217473 -0.873806 0.237001
VERTEX_POSE A2396 0.274876 -0.121024 0.929475 -0.851115 -0.302668 -0.304017 -0.566971 -0.071374 0.384510 0.033334 0.045745 0.575439 -0.337353 -0.717932 -0.310496 -0.667309 0.071631 -0.576358 0.343983 -0.687209
VERTEX_POSE A2397 -0.995318 -0.703602 -0.937909 -0.147135 -0.617805 0.124780 0.801307 0.289542 0.358694 -0.136617 0.541390 0.266200 0.310057 0.295303 -0.652727 -0.206396 0.692108 0.599045 -0.447782 0.238422
VERTEX_POSE A2398 0.078438 -0.817426 -0.002184 0.825150 0.631843 0.510972 0.176039 -0.651934 0.635687 0.213443 -0.046926 -0.014177 0.838675 0.365391 -0.445622 0.100373 -0.608278 -0.368821 0.458258 -0.263186
VERTEX_POSE A2399 0.898867 0.913082 0.499183 0.480868 0.676785 -0.389805 -0.255514 0.643177 -0.138656 0.553628 0.154822 -0.664616 -0.520479 -0.246662 -0.528095 0.544150 0.215307 0.328981 -0.247409 0.674651
VERTEX_POSE A2400 -0.105575 0.380838 0.737145 -0.317890 0.764953 0.487153 0.487270 -0.304270 -0.010053 0.450972 0.260043 -0.699362 0.223730 0.398002 -0.507059 0.312464 -0.774125 0.127929 0.641485 0.286570
VERTEX_POSE A2401 0.791066 0.346051 0.913744 -0.287658 0.141554 -0.701102 -0.030445 0.295197 -0.523272 -0.653589 -0.172404 0.081454 -0.140588 -0.495212 0.335452 -0.450131 0.749054 0.339822 -0.591195 -0.277162
VERTEX_POSE A2402 -0.174032 -0.854462 -0.257650 -0.645004 -0.844488 -0.403922 0.448404 0.599643 0.430057 0.542098 0.096329 -0.098752 0.386890 0.256228 0.086270 -0.594280 0.723386 -0.796683 -0.047022 -0.205450
VERTEX_POSE A2403 -0.772021 -0.497965 0.694238 0.573417 -0.032519 -0.046083 -0.710166 -0.262648 -0.596817 0.364115 0.374300 0.494529 0.115757 0.585627 0.270598 -0.415136 0.540568 0.569125 0.421125 -0.394643
VERTEX_POSE A2404 -0.524624 0.172941 0.645702 0.279062 -0.302287 0.702056 -0.180027 0.367842 -0.113369 0.715330 0.389632 -0.084130 -0.633122 0.136997 -0.532732 -0.219636 0.726075 -0.450981 -0.082518 -0.408566
VERTEX_POSE A2405 0.136425 -0.388566 0.915561 -0.938514 -0.086103 0.283430 0.366498 -0.369835 -0.009980 0.461850 -0.500583 -0.535545 0.122822 -0.528582 0.312060 0.716771 0.396502 0.731695 -0.351465 -0.419554
VERTEX_POSE A2406 -0.397435 0.042618 0.208218 -0.887405 -0.902456 -0.496221 -0.607915 -0.199260 -0.767152 0.274718 0.363531 -0.392830 0.123815 -0.577914 0.019393 -0.677654 0.447433 0.102719 -0.283590 -0.542181
VERTEX_POSE A2407 0.174260 0.484190 -0.759566 -0.555954 0.637649 0.292812 0.823850 -0.075322 0.103594 -0.487626 -0.519291 0.146158 -0.169805 0.643113 0.884977 -0.115122 -0.204916 0.314616 -0.203482 0.518728
VERTEX_POSE A2408 0.584054 -0.792572 0.479960 0.964561 0.248330 -0.179750 0.091850 0.256907 0.101159 0.991523 -0.027502 -0.490263 0.063538 0.688384 0.574871 -0.059341 0.677749 -0.621789 0.029796 0.005095
VERTEX_POSE A2409 0.488749 0.440953 0.587178 -0.014946 0.242278 -0.360279 0.629321 -0.521705 -0.575717 -0.099786 0.023293 0.556520 0.287535 -0.498786 0.468929 0.161759 0.342276 0.095602 -0.696531 -0.601117
VERTEX_POSE A2410 -0.202806 -0.665485 0.041202 0.957688 -0.611211 0.099723 0.047563 0.519182 0.857462 0.324571 0.099152 -0.502147 0.481327 0.310954 -0.051590 0.799507 -0.384859 -0.000731 0.146641 0.689790
VERTEX_POSE A2411 0.831372 0.118945 0.608045 0.988566 -0.437684 0.506979 0.027727 -0.163526 -0.010590 0.989987 0.012289 -0.720463 0.022137 -0.609153 0.134044 0.136015 -0.030547 -0.453680 0.012908 0.775311
VERTEX_POSE A2412 -0.057138 -0.290947 0.492225 0.349506 -0.467853 0.312246 0.687702 -0.377413 -0.914474 0.126269 -0.352615 -0.236044 0.581029 0.768110 -0.063346 -0.379620 0.378366 -0.080686 -0.171510 -0.008237
VERTEX_POSE A2413 -0.951800 0.715637 0.907324 0.384456 0.322065 -0.242353 -0.183446 -0.082127 0.305218 0.015210 0.681509 -0.669480 0.544313 -0.150342 -0.309776 -0.810067 -0.169227 0.551309 0.116753 -0.691057
VERTEX_POSE A2414 0.414965 -0.567207 0.303674 -0.970046 -0.257649 -0.066821 -0.586222 0.399973 -0.046250 -0.233818 0.721394 0.600850 -0.415237 -0.098899 -0.589964 -0.591952 -0.470867 -0.533214 0.280792 0.296842
VERTEX_POSE A2415 0.040734 0.120207 -0.889663 -0.088828 -0.935609 -0.589799 -0.244602 0.045187 -0.634560 -0.167225 0.482382 0.057235 -0.751894 -0.260705 -0.495824 0.433291 -0.683007 0.018778 0.398898 0.480417
VERTEX_POSE A2416 0.889171 0.854693 -0.634964 -0.161216 -0.576567 -0.055144 0.192312 0.232895 -0.037840 0.681170 -0.631933 0.589928 0.243614 0.534586 -0.062185 -0.637275 -0.277675 0.802275 -0.183183 -0.428411
VERTEX_POSE A2417 0.510976 0.157256 -0.069847 -0.601811 0.954855 0.533222 -0.442743 0.300233 0.534618 0.012686 0.275235 0.500933 0.276688 -0.804702 -0.187912 -0.834735 -0.430097 -0.378963 0.174584 -0.039700
VERTEX_POSE A2418 -0.607261 -0.486048 0.039504 -0.404461 0.674596 -0.515083 0.003263 -0.409218 -0.602444 -0.635410 -0.059047 0.378553 -0.542299 0.326008 0.006764 0.403196 -0.363438 -0.477915 0.373616 0.768561
VERTEX_POSE A2419 0.797780 -0.048248 -0.567901 -0.409866 -0.084807 0.358133 -0.477829 0.559660 0.292376 -0.308566 0.388038 0.625030 0.705633 0.155572 -0.584218 0.150060 0.499316 0.232987 -0.395007 -0.512531
VERTEX_POSE A2420 -0.061231 -0.025284 -0.398616 0.015972 -0.269671 0.511023 0.110700 0.005829 -0.473735 -0.692705 0.201332 0.522395 -0.474036 -0.556662 0.448883 -0.439298 0.629110 0.200094 0.300352 0.503766
VERTEX_POSE A2421 0.854727 0.438935 -0.553291 0.193891 0.726263 0.269507 -0.424166 -0.625726 0.488342 0.546482 0.261358 0.330312 -0.051747 0.423309 -0.711858 0.414043 -0.086883 0.270260 0.589348 -0.594491
VERTEX_POSE A2422 -0.913388 -0.856370 0.878529 -0.993273 0.074792 -0.377039 0.160170 -0.746997 -0.520093 0.648514 0.229498 0.697246 0.676951 -0.045277 -0.061407 -0.153389 0.537888 0.312125 -0.268298 -0.312975
VERTEX_POSE A2423 -0.768573 0.590048 -0.297259 -0.553443 -0.651598 -0.224657 -0.688002 -0.298673 -0.575627 0.339674 -0.719928 0.262685 0.447154 -0.177246 -0.369382 0.439804 0.404255 -0.642445 -0.133795 0.444589
VERTEX_POSE A2424 0.626538 -0.697485 -0.626617 -0.903153 -0.761801 0.321807 0.366158 -0.153521 -0.323523 -0.439315 -0.376091 -0.681326 0.676957 -0.266377 -0.075267 0.252789 0.805057 -0.567365 -0.388276 0.340460
VERTEX_POSE A2425 -0.201982 0.306097 0.382608 -0.616103 -0.935418 -0.216663 0.651104 0.610499 -0.254829 -0.284051 0.455599 0.694592 -0.395877 0.368069 0.488548 0.274007 0.333206 0.408635 0.513400 -0.416196
VERTEX_POSE A2426 0.422550 -0.799894 0.734795 -0.662710 0.877125 0.492727 -0.452058 0.053149 -0.689196 0.188772 0.245040 -0.307948 -0.661699 -0.541215 0.235075 -0.191874 0.642301 0.363507 0.534180 -0.481318
VERTEX_POSE A2427 -0.098586 0.181491 -0.697142 -0.754268 -0.064470 0.053732 -0.557690 0.343599 -0.651238 0.032585 0.713500 -0.412531 -0.401567 -0.364756 -0.568679 0.473743 -0.350566 0.281825 0.549757 0.341927
VERTEX_POSE A2428 -0.197300 0.602495 0.444699 0.236763 -0.553223 -0.513830 -0.585306 -0.274958 0.574575 -0.237835 -0.756993 -0.532290 0.502498 -0.421837 0.232067 -0.186690 0.405396 -0.262018 -0.559905 0.095227
VERTEX_POSE A2429 -0.499012 -0.617319 -0.267390 -0.837560 0.508967 -0.286568 0.605770 -0.167790 -0.418830 -0.511775 -0.457242 0.444829 0.441484 -0.629177 0.726819 -0.269725 0.158208 -0.127760 0.321667 0.584708
VERTEX_POSE A2430 -0.199719 0.094573 0.802041 0.726600 -0.387684 0.056451 0.101497 -0.858510 -0.766404 -0.493104 -0.188074 0.099271 0.097310 -0.470536 0.625580 -0.700667 -0.074717 -0.090735 -0.496128 0.024525
VERTEX_POSE A2431 0.697125 -0.016667 0.181844 0.918873 -0.788270 0.640019 -0.156842 -0.295389 0.156295 -0.442350 -0.636726 0.499224 -0.473021 0.667488 0.192855 0.067767 -0.248491 -0.528706 -0.742554 -0.006182
VERTEX_POSE A2432 -0.707946 0.728731 -0.353646 -0.125218 -0.349479 -0.551822 -0.024226 -0.516287 -0.251370 -0.219430 -0.584257 0.290046 -0.820643 0.070203 -0.593415 -0.467398 0.418017 -0.442762 0.243615 0.460897
VERTEX_POSE A2433 0.626249 0.240111 -0.455609 -0.918404 -0.232172 -0.437631 -0.030957 -0.456466 0.173208 0.666170 0.555037 -0.606203 0.570857 -0.198786 0.438520 -0.015367 -0.335677 0.467650 0.478691 -0.575653
VERTEX_POSE A2434 0.925104 0.485368 -0.123918 0.492290 0.179211 0.263443 -0.327355 0.497704 0.213356 0.486167 0.416741 -0.431287 -0.481190 -0.330097 -0.172025 -0.525649 0.608656 0.818215 -0.385526 -0.314946
VERTEX_POSE A2435 -0.232570 -0.098328 -0.707944 -0.846156 0.348234 -0.567833 0.107762 0.410718 0.522589 -0.289159 -0.271190 0.551496 0.561766 0.192973 0.127590 0.519554 0.380450 -0.289896 0.565029 -0.758805
VERTEX_POSE A2436 -0.237326 0.851545 -0.540048 -0.856918 0.681725 -0.630717 -0.045339 -0.360376 -0.041927 -0.247552 0.522486 -0.384468 -0.767937 0.251164 -0.609817 0.316637 -0.154388 -0.284158 0.496666 0.714296
VERTEX_POSE A2437 -0.472331 -0.472015 -0.915700 0.604886 0.276755 0.132350 -0.578816 -0.447791 -0.524736 -0.081762 -0.197074 -0.110419 -0.786586 0.516960 -0.532564 0.185694 0.530352 0.641341 0.071323 0.460569
VERTEX_POSE A2438 0.941690 -0.614138 -0.467510 -0.402110 -0.014117 0.253586 -0.490885 -0.375426 -0.626226 -0.188576 0.575698 0.196581 -0.641190 0.457495 -0.638819 0.063139 -0.361704 0.311129 0.555302 0.433008
VERTEX_POSE A2439 -0.653272 -0.941027 0.939912 -0.892358 -0.069945 0.549032 0.424658 -0.399976 -0.215328 0.307278 0.778175 0.050574 -0.559581 0.049198 0.805029 -0.202241 0.473477 -0.039596 -0.609273 -0.088668
VERTEX_POSE A2440 -0.983582 0.968938 0.671478 -0.410061 -0.480967 -0.306896 -0.486755 0.066086 -0.902850 0.356411 -0.198039 0.192206 0.135953 -0.385854 -0.230687 -0.582075 0.442679 0.022718 0.527964 0.782026
VERTEX_POSE A2441 -0.261116 -0.279623 0.573692 -0.444422 0.374671 0.056656 -0.601963 0.773110 0.344397 -0.186175 0.054580 0.426610 0.042185 -0.000137 0.743271 0.435244 0.218332 -0.379121 0.641688 0.593004
VERTEX_POSE A2442 -0.821900 0.177918 0.547957 -0.903791 0.492371 0.485455 -0.183018 -0.687806 0.821764 0.143226 0.526975 -0.042597 -0.698293 0.036995 -0.280986 0.388091 0.199649 -0.090943 -0.554763 0.456062
VERTEX_POSE A2443 -0.040720 -0.322009 0.163703 0.939445 0.051180 0.283541 -0.070762 0.603566 0.543558 -0.188570 -0.273767 0.509577 -0.351769 -0.468558 -0.405584 0.231069 -0.582455 -0.447195 -0.884477 0.044266
VERTEX_POSE A2444 -0.212916 -0.563987 0.481016 0.940034 -0.303264 -0.557905 -0.318873 -0.410269 0.503024 0.499952 -0.652775 -0.302895 0.067368 -0.380883 0.075511 -0.483389 -0.508913 -0.581603 0.640441 -0.038740
VERTEX_POSE A2445 0.593065 0.610711 -0.148369 -0.873838 -0.765278 0.890819 -0.164836 0.072172 0.398600 0.411941 -0.099420 -0.120325 -0.483053 -0.546733 0.061493 0.453089 -0.791467 0.171175 -0.603742 -0.244071
VERTEX_POSE A2446 -0.999986 0.798199 0.274040 -0.149382 0.115571 0.385153 -0.265023 -0.313597 0.526442 -0.640529 0.484783 0.546444 0.137453 -0.585544 0.502531 0.622154 0.208077 0.152896 0.336921 0.529607
VERTEX_POSE A2447 -0.323745 -0.709294 0.846052 -0.221182 0.120170 0.373291 -0.430562 -0.089936 0.726201 0.308423 -0.358619 -0.173260 -0.585045 -0.728111 -0.517502 0.464365 -0.454028 0.188305 0.401969 -0.356394
VERTEX_POSE A2448 0.104041 -0.232034 0.781784 -0.475649 -0.810423 0.742108 0.370953 0.300203 -0.448514 -0.239457 0.361654 0.059482 0.367145 -0.328324 -0.448879 0.756809 0.417435 -0.207559 0.312247 -0.705008
VERTEX_POSE A2449 -0.607246 -0.687849 -0.686457 0.446157 -0.209833 -0.646359 0.251901 0.381774 -0.609826 0.226759 -0.252017 -0.357012 -0.392477 0.295408 -0.127668 0.331748 -0.733664 -0.258023 -0.788055 -0.406457
VERTEX_POSE A2450 -0.525965 0.242458 -0.721849 0.368952 -0.964637 -0.502828 0.649177 -0.146528 -0.438477 -0.561276 0.277069 0.687502 0.285883 0.156861 0.265977 -0.425427 -0.535497 -0.107235 0.028663 -0.768375
VERTEX_POSE A2451 -0.957190 0.742682 -0.616832 0.540323 -0.080094 0.611064 -0.104849 0.204401 0.130246 0.749012 -0.283049 -0.669172 0.017233 0.529469 0.327734 -0.422414 0.307425 0.233316 0.499256 0.709405
VERTEX_POSE A2452 -0.752519 0.751087 -0.239748 -0.359953 -0.483570 0.566718 -0.378441 -0.503661 0.731490 0.281347 0.466639 -0.038697 -0.757287 0.634948 -0.377164 0.056733 0.084632 -0.001696 -0.448245 -0.343879
VERTEX_POSE A2453 -0.439353 0.386088 -0.843320 0.375679 0.110155 -0.328361 0.562671 0.244446 0.248679 0.208327 -0.553099 0.464577 -0.575610 0.362823 0.581110 0.231834 -0.427417 -0.526134 -0.504903 -0.565687
VERTEX_POSE A2454 -0.725763 0.332730 0.085909 0.986880 0.268308 -0.541204 0.599173 0.268556 0.497488 -0.250621 0.634277 -0.390945 -0.287440 -0.147165 0.540297 0.670979 -0.273804 -0.121843 0.212948 0.654938
VERTEX_POSE A2455 0.874019 -0.946399 0.133635 -0.263106 -0.245371 -0.385528 0.428392 0.423776 -0.281111 -0.852022 0.354019 -0.245650 0.240862 -0.058869 -0.693011 -0.087592 -0.685531 0.481391 -0.157647 -0.470814
VERTEX_POSE A2456 0.358665 -0.307816 0.539288 0.759577 0.174737 0.621065 0.161376 -0.147869 0.483298 0.487430 0.510042 -0.164864 0.219674 -0.567271 -0.244311 -0.393734 0.601030 -0.542063 0.730128 0.186972
VERTEX_POSE A2457 0.696787 0.532837 -0.179297 -0.675830 0.145433 -0.400595 -0.031827 0.006762 0.352623 0.727017 -0.459295 0.214557 -0.639370 -0.721573 0.600077 -0.246590 0.517770 -0.555927 -0.028856 -0.015799
VERTEX_POSE A2458 -0.224567 0.235092 0.436493 -0.017373 0.690159 0.134102 0.313576 -0.672443 -0.733230 0.619871 0.157255 0.621236 0.460435 0.244399 -0.094059 -0.368293 0.506496 0.222729 0.412056 0.454776
VERTEX_POSE A2459 -0.838635 -0.705321 -0.016014 -0.003661 0.621514 -0.628621 0.134650 -0.198169 0.402448 -0.516481 0.311645 -0.550493 -0.607425 0.458494 -0.370807 0.185639 0.097987 -0.048279 -0.558291 -0.802364
VERTEX_POSE A2460 -0.802224 0.915517 0.553314 -0.513390 -0.345600 0.664389 0.721936 0.115677 0.454049 -0.396168 0.175585 0.378919 -0.521378 0.264770 -0.199290 0.095585 0.924362 -0.411254 0.202205 0.176750
VERTEX_POSE A2461 0.575714 -0.670335 0.238534 -0.290773 -0.697525 -0.594716 0.718547 0.267721 0.335314 0.119234 -0.210221 -0.686952 -0.632725 -0.120256 0.024207 0.162406 -0.660596 -0.247765 0.206777 -0.658243
VERTEX_POSE A2462 0.858490 0.278012 -0.834169 -0.084788 0.833245 0.631027 0.417399 0.587690 0.483801 -0.185559 -0.460376 0.476403 0.244190 -0.350159 -0.255732 0.258282 0.378407 -0.274561 0.815480 -0.420561
VERTEX_POSE A2463 -0.510170 0.644249 -0.800332 0.361392 0.304921 -0.444438 0.578014 0.517491 0.394898 -0.366005 0.765977 0.335764 0.166643 -0.374032 0.665078 0.211179 0.058965 -0.302430 -0.677919 -0.045894
VERTEX_POSE A2464 0.201963 0.569777 0.782925 -0.209177 0.070303 0.261552 -0.727078 0.071576 0.497212 0.505994 -0.372449 0.156010 0.402319 0.280532 -0.774888 0.093666 -0.405054 0.244092 -0.211409 -0.783193
VERTEX_POSE A2465 0.783594 -0.236621 0.041913 -0.592497 0.012456 -0.446542 -0.460350 0.374196 0.636320 -0.574668 -0.305369 -0.611197 -0.390274 -0.542531 -0.082906 0.155653 0.434245 0.123540 -0.530370 0.532746
VERTEX_POSE A2466 0.257260 -0.454079 -0.508276 0.515236 -0.346845 -0.862671 -0.046271 -0.345672 -0.051787 -0.867746 0.140597 -0.115578 -0.266657 0.642007 -0.304377 0.415885 0.668879 0.383553 0.028447 -0.034222
VERTEX_POSE A2467 0.964638 0.421322 -0.757123 -0.066095 -0.247972 -0.263293 0.123889 0.332531 -0.733970 0.132018 -0.331455 0.333176 -0.459844 0.345311 0.393738 0.855807 0.043619 0.354866 -0.152842 -0.811430
VERTEX_POSE A2468 -0.688736 0.291365 0.126213 -0.987612 -0.710789 0.580394 -0.558928 -0.453024 0.173251 0.353327 -0.555095 0.621204 0.610441 0.340653 -0.230124 -0.218518 0.333964 0.440766 -0.377321 0.508981
VERTEX_POSE A2469 0.198950 -0.068217 0.024214 -0.886874 0.639038 -0.698540 -0.194738 0.391410 0.009024 -0.134224 -0.614910 0.231579 -0.702151 0.450310 -0.603179 0.267832 -0.027155 0.307418 0.615882 0.514944
VERTEX_POSE A2470 -0.688634 0.480295 -0.817211 0.041547 0.682083 0.015101 -0.696360 0.526618 -0.776956 -0.387996 -0.319291 0.038021 0.336786 0.331218 0.537681 -0.345694 -0.662245 0.324907 -0.362784 0.269171
VERTEX_POSE A2471 -0.672318 0.260303 -0.202309 -0.397672 -0.191756 -0.659649 -0.333763 -0.015209 0.290297 0.565017 0.155524 -0.526283 0.707563 0.224595 0.448840 0.000821 0.040929 0.046463 -0.262129 0.960970
VERTEX_POSE A2472 0.937834 0.652159 -0.402094 -0.331296 0.013710 0.584330 -0.213898 -0.211199 -0.584201 0.287286 -0.591972 -0.102703 0.490460 0.067108 0.542939 0.509429 -0.513705 0.109252 0.609628 0.580145
VERTEX_POSE A2473 -0.510534 -0.341788 0.730746 0.137756 0.174454 0.660083 -0.530277 -0.385121 -0.425885 -0.072613 -0.495337 0.355001 0.270581 -0.481438 0.403682 0.754625 0.068851 0.306476 -0.266197 0.608112
VERTEX_POSE A2474 0.286962 0.938294 0.961394 -0.458227 0.859424 0.492299 0.349688 -0.450356 -0.035882 -0.371838 -0.843759 0.614770 -0.374842 0.099353 -0.519194 0.351547 -0.272478 -0.329921 -0.689465 0.033688
VERTEX_POSE A2475 -0.275083 -0.911827 -0.921078 -0.391262 0.710446 -0.740691 -0.549349 0.343813 0.204543 -0.507281 -0.287462 0.108452 -0.416277 -0.651060 0.395348 -0.503131 0.329736 0.491403 -0.120226 0.516288
VERTEX_POSE A2476 -0.917469 -0.731077 -0.417623 0.263918 0.409176 0.272261 -0.390348 0.827036 0.497108 0.173567 -0.359440 0.144910 0.430062 0.168968 -0.558087 0.611751 0.341805 -0.588470 -0.508242 -0.203550
VERTEX_POSE A2477 0.286977 0.736493 0.235434 0.392390 -0.025005 0.435835 0.638336 0.087336 -0.581685 0.628290 -0.488100 -0.278650 -0.026034 0.288670 -0.519735 -0.344010 -0.086858 0.352023 -0.280639 -0.814405
VERTEX_POSE A2478 0.401172 -0.621121 0.924974 0.387556 -0.169385 -0.273929 0.638144 -0.393966 -0.634769 -0.006833 0.340967 -0.385001 -0.629378 0.103109 0.261753 0.336081 0.837489 0.552531 -0.289237 -0.128502
VERTEX_POSE A2479 0.186572 0.036889 -0.635839 0.788269 0.598753 -0.055853 0.041476 0.698709 -0.470344 -0.331919 -0.475372 0.644493 0.492307 -0.260418 -0.416154 0.668491 -0.316557 0.432553 -0.445940 -0.343223
VERTEX_POSE A2480 0.679730 -0.951356 0.548977 -0.161453 0.765162 -0.274155 -0.196057 0.887144 -0.456757 -0.541721 -0.383256 0.701745 -0.447913 -0.058443 0.467369 0.132894 0.213049 -0.073022 0.670681 -0.131475
VERTEX_POSE A2481 0.875208 0.621337 -0.796875 -0.243491 -0.134022 0.660153 0.036594 -0.399859 -0.399169 0.725323 -0.509210 0.033498 0.207013 -0.174724 0.418378 -0.119116 -0.483745 -0.478226 -0.644612 -0.562388
VERTEX_POSE A2482 0.229382 -0.220429 -0.252671 0.328592 -0.481342 0.023397 -0.043726 -0.084379 0.746933 0.340630 0.550726 -0.189510 0.810284 -0.356244 -0.379041 -0.266914 0.481516 -0.511817 0.392755 0.575164
VERTEX_POSE A2483 0.927212 0.799731 -0.690771 0.478594 -0.718408 0.421328 -0.286018 0.620872 -0.496975 -0.650142 -0.011023 -0.584944 0.097557 0.676299 -0.243699 0.694794 0.119292 -0.417073 -0.057038 -0.377871
VERTEX_POSE A2484 -0.564145 0.007424 -0.640195 -0.867812 0.976133 -0.400736 0.473432 0.131661 -0.569306 -0.613543 0.542540 -0.492375 -0.265208 -0.779391 0.377677 -0.500649 -0.224879 -0.360871 0.280075 -0.174053
VERTEX_POSE A2485 0.503619 -0.887699 0.833238 0.315472 0.786966 -0.177863 -0.784905 0.051950 -0.214453 -0.052991 -0.544283 -0.626064 0.552322 -0.004891 0.715129 0.275362 0.006838 -0.137875 0.015232 0.837249
VERTEX_POSE A2486 0.801231 0.853332 0.442865 -0.784511 0.036221 -0.616954 0.544958 0.171760 0.119237 -0.399183 0.385345 -0.552912 -0.165781 0.515808 0.500983 0.682190 0.417698 -0.220124 0.225402 -0.617640
VERTEX_POSE A2487 0.794519 0.699608 0.899092 0.891765 0.150870 -0.702858 0.164937 0.382952 0.339534 -0.405957 -0.105400 0.202598 0.754812 0.229654 -0.030899 0.447817 -0.795413 0.590514 0.194200 0.395999
VERTEX_POSE A2488 0.200407 0.645138 -0.346059 0.639642 -0.067601 0.038886 0.660055 -0.527203 0.587966 -0.034694 -0.545768 -0.310260 0.616368 0.295330 0.421277 -0.146390 0.322291 -0.615669 -0.402225 -0.482807
VERTEX_POSE A2489 -0.423336 0.088425 -0.120642 0.198116 -0.273619 0.528442 -0.058062 0.548642 0.586311 -0.213554 -0.764103 0.471714 0.634152 0.068707 0.275886 0.203564 0.159995 -0.279930 0.712346 -0.291237
VERTEX_POSE A2490 0.955884 0.994287 -0.116921 -0.111896 -0.227616 0.104006 0.646160 -0.314491 0.553991 0.278426 -0.168469 -0.256652 0.679383 0.586144 -0.781647 0.078438 -0.410354 0.073718 0.192983 -0.600631
VERTEX_POSE A2491 0.398182 0.560656 -0.792745 -0.873748 0.586799 0.168303 0.699088 0.675156 0.077176 0.674092 -0.633331 0.738391 -0.044289 -0.286680 0.337343 -0.196535 0.201245 -0.553802 0.127627 -0.142724
VERTEX_POSE A2492 -0.847622 0.418090 -0.882108 0.907342 0.028856 0.009350 -0.363506 -0.367860 0.056321 0.639697 0.471603 -0.803740 0.275802 -0.440034 0.494607 -0.024817 -0.416157 -0.325739 -0.618035 0.524837
VERTEX_POSE A2493 0.814375 0.272299 0.048909 0.803317 -0.394371 -0.535220 -0.442080 -0.097907 0.258587 -0.771446 0.156523 -0.294259 0.260723 -0.605901 0.592585 -0.185537 -0.704510 -0.457086 -0.327165 -0.320100
VERTEX_POSE A2494 0.888012 0.204904 -0.593076 0.487644 -0.108280 0.758252 -0.229267 -0.276859 0.583800 -0.080816 0.531758 0.097978 0.783031 0.030896 0.259554 0.432975 -0.579790 -0.085223 -0.374567 -0.550883
VERTEX_POSE A2495 0.354341 -0.012133 0.900817 -0.301835 -0.900841 -0.391272 0.029957 0.382783 0.553312 0.048793 -0.233223 0.052371 0.711467 -0.531013 0.497701 0.463180 0.713456 0.538798 -0.525358 -0.089942
VERTEX_POSE A2496 0.597969 -0.964322 -0.909178 -0.789181 0.618085 0.642030 0.106144 -0.306215 0.465533 0.461142 0.704592 0.330573 -0.810688 0.388785 -0.023712 -0.341836 0.000161 0.511113 -0.044880 -0.508555
VERTEX_POSE A2497 0.145272 0.750825 -0.101352 0.002881 0.544875 0.266509 0.719287 0.566717 0.110898 0.486135 -0.770941 0.005009 0.413316 -0.171955 -0.666625 0.113764 -0.114024 -0.687212 0.250054 0.204725
VERTEX_POSE A2498 0.318979 -0.590811 -0.856306 0.632070 -0.148814 -0.100989 -0.532491 0.418196 -0.562085 0.296023 -0.008647 0.223193 0.738625 -0.034397 -0.670915 0.204436 0.429791 0.417036 0.203621 0.799459
VERTEX_POSE A2499 0.909233 0.327043 0.217035 -0.776793 0.907296 -0.328563 -0.473960 -0.299298 -0.125033 -0.417150 -0.616220 0.578677 0.439659 -0.529702 0.566749 -0.410006 -0.160821 0.469406 -0.489839 0.473546
VERTEX_POSE A2500 -0.655778 -0.317393 0.922862 0.116007 0.183913 -0.426100 0.266286 0.583252 0.170852 0.538654 0.210781 -0.476990 -0.409820 -0.410043 -0.239120 -0.537967 0.626254 -0.710317 0.426125 -0.234648
VERTEX_POSE A2501 0.630345 0.889484 -0.673517 -0.326383 -0.466731 -0.078460 -0.291223 0.303872 0.457221 -0.477309 0.289848 -0.692430 -0.668917 -0.054835 0.397606 -0.398061 -0.792449 -0.383722 0.285417 -0.438940
VERTEX_POSE A2502 -0.763085 -0.412654 -0.985274 -0.174465 -0.284461 -0.222672 0.382292 0.534819 0.929689 0.047520 0.325591 0.275391 -0.159061 -0.600414 0.092423 0.618676 0.024969 0.041399 0.665984 -0.496828
VERTEX_POSE A2503 -0.717945 -0.665233 -0.479231 0.784711 -0.802377 0.092494 0.450794 0.545818 0.531332 0.085304 0.488088 -0.791498 0.259950 0.403687 -0.072879 0.613636 -0.538163 -0.278122 -0.587695 0.106159
VERTEX_POSE A2504 -0.880189 -0.452304 -0.942771 0.811373 0.707722 -0.661672 0.428605 -0.460411 0.218381 0.030732 -0.587077 -0.577101 -0.627683 0.269511 0.228193 -0.628701 -0.538749 0.359698 0.161561 0.283682
VERTEX_POSE A2505 0.523877 -0.474359 0.976121 0.367308 -0.425037 -0.066664 -0.672269 0.516075 0.486427 -0.406409 -0.620422 0.056353 -0.337796 0.356506 0.226469 0.514213 0.383451 0.839333 0.066070 0.273150
VERTEX_POSE A2506 0.006973 -0.577060 -0.400310 -0.606551 0.908069 0.036399 -0.756261 -0.219005 -0.505517 -0.312996 -0.266839 0.795712 -0.050684 0.060091 -0.108151 -0.386872 0.903833 0.313484 -0.421739 -0.245577
VERTEX_POSE A2507 -0.797657 -0.183381 -0.360394 0.075291 0.116898 0.125295 0.673619 -0.548713 0.670638 0.459575 0.462270 0.232100 -0.357557 -0.258701 0.630543 -0.442740 0.008240 0.288256 -0.105650 -0.646704
VERTEX_POSE A2508 -0.189146 -0.737866 0.211555 -0.240302 0.549958 -0.319115 0.525037 -0.075630 -0.682342 0.447012 -0.002972 -0.451394 -0.525746 -0.650767 -0.266857 -0.208700 0.664748 -0.396996 -0.452274 0.359003
VERTEX_POSE A2509 -0.591855 -0.198182 -0.475336 0.781006 -0.261316 -0.726245 -0.213613 -0.252429 0.137847 -0.343226 -0.034117 0.167098 0.302314 0.710391 -0.264525 -0.658864 0.616226 -0.596382 0.557737 0.225225
VERTEX_POSE A2510 0.388915 0.853508 0.003766 -0.136440 -0.284349 -0.698293 0.236130 -0.578622 0.039503 0.421808 -0.249749 0.413263 0.412992 -0.433961 0.461391 -0.501874 -0.614379 0.356593 0.586413 0.192454
VERTEX_POSE A2511 -0.509416 -0.689222 -0.239468 0.598245 0.315120 -0.448169 -0.478434 0.019773 -0.206543 0.543704 -0.770619 0.725995 -0.380473 -0.438289 0.010890 -0.437271 -0.293269 -0.478850 -0.373525 -0.357283
VERTEX_POSE A2512 -0.716647 -0.576845 -0.272211 -0.462486 0.604663 0.781594 0.193612 -0.245252 -0.335769 0.538354 0.287891 -0.126195 0.775243 -0.210492 0.114406 0.150883 -0.607435 -0.497350 -0.221185 -0.666098
VERTEX_POSE A2513 -0.381703 -0.366921 0.751095 -0.807848 0.234309 0.448566 0.624053 -0.028869 0.755959 -0.206319 -0.508056 -0.135711 0.390988 -0.255176 -0.451466 0.250700 -0.749302 0.071242 0.593522 0.338346
VERTEX_POSE A2514 -0.582204 -0.889491 0.069761 0.076840 0.596712 0.277771 -0.478110 -0.482969 0.459968 -0.599133 0.539169 -0.523566 -0.624447 -0.292615 -0.017627 0.082363 -0.465799 0.660939 0.125428 -0.416468
VERTEX_POSE A2515 -0.280793 0.430580 0.087594 -0.330297 0.580796 0.373130 0.166611 -0.541870 0.440403 -0.208876 -0.587570 0.580635 0.630072 0.429887 0.352568 -0.702605 0.385537 0.453186 -0.194851 0.166422
VERTEX_POSE A2516 -0.878084 -0.254620 0.584333 0.507623 0.021275 0.309625 0.671120 -0.516868 -0.777976 0.179798 -0.119535 0.243628 0.191295 -0.285084 -0.479735 0.100185 -0.421432 -0.096876 0.686032 0.677998
VERTEX_POSE A2517 -0.780973 0.963841 -0.487374 0.292328 -0.367067 0.475427 -0.398522 0.503565 -0.102228 0.477830 0.752242 -0.419111 -0.736399 0.105600 -0.407791 0.259915 -0.241121 0.649285 0.054943 -0.333562
VERTEX_POSE A2518 -0.486274 0.130188 -0.013314 -0.438532 -0.268334 0.740187 -0.102357 0.468800 -0.307670 0.264838 0.536785 -0.061094 -0.155047 0.655678 -0.055290 0.885971 0.094921 0.592176 0.332264 -0.230575
VERTEX_POSE A2519 0.322323 -0.609482 -0.761725 0.147265 0.953674 -0.020665 0.037286 -0.720776 0.540822 -0.380272 0.453900 0.207595 0.624157 0.330599 0.369954 -0.558539 -0.224523 0.726032 0.390468 -0.338748
VERTEX_POSE A2520 -0.204310 0.052266 0.391983 -0.509556 0.359314 0.582988 0.543004 0.050398 -0.713308 0.413668 0.306705 0.292404 0.417460 0.100081 0.024908 0.160572 0.767023 -0.255335 0.577901 -0.552314
VERTEX_POSE A2521 -0.530389 0.124475 0.869765 0.449572 0.504050 0.672502 -0.597768 0.300267 -0.021298 -0.342843 0.211427 0.342166 0.336696 0.356874 0.267611 -0.264177 -0.844628 0.598828 0.584790 -0.156148
VERTEX_POSE A2522 -0.279494 0.951174 -0.554470 0.273517 0.540473 -0.161456 0.519595 -0.532519 0.334471 -0.107169 -0.231137 0.613447 -0.522498 -0.079260 0.648716 0.666797 0.348856 -0.254777 -0.030222 0.731449
VERTEX_POSE A2523 -0.051932 -0.529644 0.509876 -0.602214 -0.611830 0.281528 0.305528 -0.606027 0.195681 -0.208085 0.655095 -0.446315 0.188714 -0.202652 -0.747403 -0.430651 -0.117853 -0.353048 0.801424 0.385518
VERTEX_POSE A2524 -0.716014 -0.603226 -0.081326 0.252889 -0.890321 0.671506 0.305531 -0.364152 0.216833 -0.522548 -0.610791 0.331671 0.556908 -0.061103 -0.404883 0.012339 -0.636659 -0.477627 0.568591 -0.291992
VERTEX_POSE A2525 -0.391482 0.156078 -0.147547 -0.238838 -0.567807 -0.243600 -0.420126 0.686884 0.157106 0.696862 0.197776 0.348370 0.040504 -0.409372 -0.448447 -0.323223 -0.566071 -0.770396 0.481418 -0.032468
VERTEX_POSE A2526 -0.697591 0.458223 0.410693 0.095952 -0.512672 -0.115437 0.432558 0.739674 0.546488 -0.336669 -0.049177 -0.374556 -0.727412 0.091029 -0.511786 -0.259812 0.321859 0.534610 -0.320806 0.581880
VERTEX_POSE A2527 0.881955 -0.567548 0.009496 0.463708 0.727764 -0.581642 0.135476 -0.519440 -0.586849 -0.158823 0.528817 0.212601 -0.175724 -0.615037 -0.514114 0.119227 -0.256478 -0.088253 -0.954635 -0.080515
VERTEX_POSE A2528 0.753790 -0.093097 0.751101 0.764042 0.977068 -0.261690 -0.159581 0.771215 -0.704735 -0.626604 -0.228893 -0.389328 0.443257 -0.497020 0.014304 -0.226551 -0.159925 0.532058 -0.578013 -0.283251
VERTEX_POSE A2529 0.621389 0.867411 0.554387 -0.271978 0.338515 0.454547 0.569982 -0.026113 0.382177 0.416593 0.000233 -0.465647 -0.086081 -0.178157 -0.626625 0.690354 -0.186254 -0.194530 0.132557 0.965861
VERTEX_POSE A2530 0.791187 0.759495 -0.773469 0.686915 0.635060 0.660646 0.237429 0.076612 0.428856 0.637279 -0.234077 0.345057 -0.571368 -0.537119 0.180238 -0.209662 -0.457055 0.477577 -0.408759 0.664788
VERTEX_POSE A2531 -0.901989 0.589510 0.673964 -0.119951 0.160982 0.011482 0.188220 0.165930 0.642423 -0.296685 0.491951 -0.133682 0.371463 0.798991 -0.106578 0.746778 -0.076601 -0.746948 -0.425310 0.293594
VERTEX_POSE A2532 0.251734 0.756895 0.880870 0.401639 0.871783 -0.493905 -0.571357 0.217949 -0.297466 -0.360120 -0.528692 -0.688012 0.493033 -0.387926 0.104555 0.494228 -0.091217 0.428112 -0.237743 -0.717060
VERTEX_POSE A2533 -0.971898 -0.653158 -0.758742 -0.487550 -0.649401 -0.504011 0.444868 -0.330832 0.137303 0.207561 -0.060926 0.356170 -0.469030 0.305363 -0.765050 -0.551642 0.210795 -0.122317 0.484473 0.865539
VERTEX_POSE A2534 -0.619933 0.924277 -0.805268 -0.335240 0.358605 -0.160534 0.177243 0.453322 -0.366156 -0.390682 0.390262 -0.848219 0.321099 -0.420125 0.281480 -0.049176 -0.650042 0.203599 0.842870 0.207690
VERTEX_POSE A2535 0.371545 -0.695409 0.938098 0.213012 0.579506 0.149418 0.407706 -0.556260 -0.054126 -0.467458 0.213696 0.553733 0.424453 0.692676 0.628282 0.036770 -0.399916 0.522863 -0.658595 -0.071942
VERTEX_POSE A2536 0.551979 -0.127518 -0.782622 0.879758 -0.074438 -0.064822 0.638125 0.648602 -0.557868 -0.409930 0.434594 0.370971 -0.475513 0.607591 0.696953 0.135111 0.116123 -0.247425 0.424720 0.088274
VERTEX_POSE A2537 0.387039 -0.652783 -0.205577 0.058210 0.266673 -0.036148 -0.688321 -0.512068 0.000433 -0.425744 -0.285400 -0.375265 0.438578 -0.612080 0.416881 0.389694 -0.529722 -0.827091 0.027289 0.032944
VERTEX_POSE A2538 0.573888 0.121210 -0.422296 -0.711697 -0.303596 0.405399 -0.241807 0.687079 -0.199581 -0.856874 -0.387749 -0.196616 -0.374129 0.539459 -0.782785 0.237707 0.230342 -0.380011 -0.104014 0.183031
VERTEX_POSE A2539 -0.637168 0.134616 0.428933 -0.360544 -0.524480 0.370406 -0.315608 0.795578 0.111458 -0.726958 -0.528889 0.875386 0.070362 -0.198890 0.252159 0.220318 -0.159704 0.143149 0.564299 -0.149228
VERTEX_POSE A2540 0.795184 0.149035 0.319087 -0.160784 -0.994642 -0.318003 -0.523764 0.148810 -0.498167 0.667922 -0.411812 -0.226559 -0.496230 -0.786264 -0.757520 -0.102775 0.433217 -0.159808 0.150813 0.048770
VERTEX_POSE A2541 -0.037198 -0.025283 0.581470 0.151864 0.412055 0.523998 0.320499 -0.441455 0.646474 0.222983 0.493272 -0.040341 0.156501 -0.718292 -0.131157 0.829888 0.086979 -0.537278 0.366541 0.195682
VERTEX_POSE A2542 -0.146584 0.445394 -0.810535 -0.762299 0.790640 -0.182256 0.485988 -0.311447 -0.111784 0.514348 -0.618191 0.242808 0.594446 0.506434 0.763892 0.226884 0.048429 0.558391 -0.307278 -0.511878
VERTEX_POSE A2543 -0.921463 0.572191 -0.953124 0.376730 0.610020 0.508563 -0.677022 -0.325835 0.205079 -0.328075 0.382928 -0.317419 -0.215389 -0.747214 -0.421692 0.124415 -0.220409 0.648635 0.610029 -0.374552
VERTEX_POSE A2544 0.581099 0.607796 0.332566 0.344015 -0.353636 -0.147050 -0.168926 0.293042 0.652601 0.566490 -0.104073 -0.220193 -0.202758 0.436225 0.645996 -0.365417 0.594048 0.294436 -0.689864 -0.600092
VERTEX_POSE A2545 0.271212 0.555903 0.259226 0.314541 0.387352 -0.724489 0.551338 -0.208112 0.211613 -0.317272 -0.268613 0.260853 0.540759 0.578737 0.562779 0.469373 -0.160626 0.213475 0.287461 -0.723740
VERTEX_POSE A2546 -0.202256 0.002770 0.134469 -0.953567 0.190816 -0.593722 0.027557 -0.440693 -0.449910 -0.266070 -0.290425 0.028404 0.086770 0.545912 -0.575241 0.615090 0.416160 -0.336699 -0.736603 0.500234
VERTEX_POSE A2547 0.703016 -0.646823 -0.083101 -0.148361 0.667639 -0.385619 0.568924 -0.245786 -0.631369 0.100690 0.332142 0.207794 0.794639 0.064782 0.436723 0.146689 0.761932 0.467723 0.114975 -0.494504
VERTEX_POSE A2548 0.490239 0.519744 0.771851 -0.393131 -0.979715 0.291601 0.257407 0.410849 0.209487 -0.483668 -0.546215 0.285307 -0.330155 0.677777 0.587844 0.657065 -0.262787 -0.666426 0.398836 0.066438
VERTEX_POSE A2549 0.311470 -0.867042 -0.878845 -0.392099 0.922482 0.091302 -0.333036 0.596318 -0.547117 -0.655472 -0.352974 -0.135447 -0.205233 -0.330603 -0.435729 -0.175653 0.640430 0.695788 -0.621666 -0.019099
VERTEX_POSE A2550 0.025339 -0.256305 0.155173 0.998904 0.621313 -0.192042 0.176763 0.535666 -0.026886 -0.549571 -0.437994 0.501995 0.696815 -0.198369 0.398267 -0.039750 -0.471489 -0.742820 0.423786 -0.509481
VERTEX_POSE A2551 -0.714071 -0.427991 0.163834 0.097313 0.379599 -0.713502 -0.471012 0.100464 0.254874 -0.470952 0.197736 0.418610 -0.487524 0.541402 -0.394546 0.366082 0.753942 0.308306 0.429716 0.298770
VERTEX_POSE A2552 0.781081 0.257433 0.990919 -0.942527 0.426532 -0.293250 0.087909 -0.526836 0.109149 0.063823 -0.162063 -0.751218 0.523491 0.378448 0.559194 0.807474 0.053781 -0.158317 0.249282 -0.741663
VERTEX_POSE A2553 0.745844 -0.305131 0.600703 0.272421 0.161786 0.098272 -0.078392 -0.385404 0.095509 -0.629625 0.075684 0.821753 -0.219105 0.412010 -0.546279 -0.535190 0.454957 -0.086724 0.512827 0.684834
VERTEX_POSE A2554 0.233997 0.042365 -0.326290 0.495099 0.767768 0.046887 0.510385 0.260188 -0.320422 -0.627410 -0.141657 0.791560 -0.381023 -0.266629 0.385444 0.392649 -0.359966 -0.346407 0.215666 -0.843546
VERTEX_POSE A2555 -0.934933 0.654207 -0.090407 0.310361 0.536212 -0.474098 0.742324 0.111696 -0.057015 0.389057 0.443672 0.797477 0.505518 -0.267461 -0.143466 0.205038 -0.590275 0.339747 0.001160 0.608867
VERTEX_POSE A2556 -0.645638 0.850947 -0.546844 -0.966417 0.593979 0.580833 -0.217335 -0.368848 0.336410 -0.630208 -0.254511 -0.101907 -0.539270 0.333386 0.722643 0.319534 0.570214 0.129861 0.403347 -0.602399
VERTEX_POSE A2557 0.536407 -0.499412 -0.915597 -0.408949 -0.744903 -0.208268 0.150217 -0.689669 -0.416688 -0.567651 -0.453090 -0.743799 -0.158770 0.540834 0.478141 -0.702353 0.140192 -0.033764 -0.369729 -0.083131
VERTEX_POSE A2558 0.947021 -0.913340 0.919089 -0.225931 0.263976 0.606519 0.390310 0.502858 0.471897 0.386253 -0.296487 0.628993 -0.580830 -0.229124 0.116337 -0.507657 -0.068276 0.016781 0.321541 -0.775932
VERTEX_POSE A2559 -0.891848 -0.242150 -0.795742 0.797626 0.571048 0.155251 -0.211418 -0.708625 0.554390 0.809246 -0.161758 0.524867 -0.335580 -0.159543 0.607693 -0.420751 0.317256 -0.154180 -0.103821 -0.587860
VERTEX_POSE A2560 0.157795 -0.632001 0.638790 0.319072 0.593611 -0.375457 0.772488 0.149936 -0.572613 0.040317 0.338448 -0.426232 -0.292696 -0.652605 0.274737 0.558110 -0.605939 0.523443 0.066927 0.264417
VERTEX_POSE A2561 0.738209 0.846155 -0.854380 -0.539016 -0.100964 0.033689 -0.577691 0.571656 -0.214418 -0.425967 0.343673 -0.257847 -0.598710 -0.538126 0.513384 -0.350626 -0.474201 0.789203 -0.058595 0.201626
VERTEX_POSE A2562 -0.793836 -0.652640 0.878221 -0.322325 -0.267970 0.461323 -0.357711 -0.236876 0.666376 0.498018 0.139187 -0.131960 -0.648247 0.072491 0.544295 -0.449037 0.331588 0.171618 -0.046505 -0.899617
VERTEX_POSE A2563 -0.590471 -0.875106 0.519659 -0.279289 0.465395 -0.499815 0.320694 -0.544384 -0.480166 -0.603150 -0.216165 -0.499621 0.510594 0.613849 -0.465392 -0.422586 0.347093 0.231115 -0.306726 0.399542
VERTEX_POSE A2564 0.766311 -0.807003 -0.613122 -0.026565 0.249636 -0.236649 0.224958 0.914404 -0.807166 0.395585 -0.323951 0.506924 0.482931 -0.111878 -0.088024 -0.596549 0.153675 0.166613 0.451457 0.150958
VERTEX_POSE A2565 -0.413770 -0.728363 -0.927046 0.342435 -0.909366 0.663723 0.422549 0.254405 0.439184 -0.626107 -0.600184 -0.529708 0.150893 -0.254561 0.278131 0.426224 -0.351958 0.092961 -0.474349 0.621596
VERTEX_POSE A2566 0.781074 -0.570515 0.457757 0.933724 0.044901 -0.160798 0.204114 -0.522772 -0.563970 0.470255 -0.424534 -0.513716 -0.653718 -0.181044 0.621961 -0.124526 -0.691705 0.073093 0.542534 0.187743
VERTEX_POSE A2567 0.318289 0.065479 -0.395744 -0.146808 -0.824802 0.129180 0.635602 0.152092 0.278277 0.629075 -0.185174 0.851639 -0.139535 0.384218 0.404409 -0.393816 -0.489813 -0.130533 -0.160356 0.745009
VERTEX_POSE A2568 0.973270 -0.381146 -0.132624 -0.599355 0.357308 0.185576 0.328841 0.051739 -0.009269 0.499737 -0.502501 0.179088 -0.365573 -0.844600 -0.708411 0.477937 -0.176444 -0.656931 -0.529206 -0.018273
VERTEX_POSE A2569 0.354962 0.550694 -0.964539 -0.777973 0.741305 -0.080536 -0.165430 -0.602454 0.522598 0.614538 -0.514516 0.474441 -0.703206 -0.097462 -0.167163 0.308194 0.364938 -0.683643 -0.074116 -0.479212
VERTEX_POSE A2570 0.681122 -0.799905 -0.966811 0.492648 -0.349281 -0.385738 0.539179 -0.715826 -0.422208 -0.622250 -0.264809 -0.349979 -0.444158 -0.176601 -0.604562 0.353206 0.414355 -0.430076 -0.007794 0.463241
VERTEX_POSE A2571 0.768454 0.767889 -0.813537 0.239861 0.362665 -0.631493 -0.528738 -0.494392 0.329502 -0.269862 0.329367 -0.348014 0.327072 0.098584 -0.280714 -0.525001 0.722688 0.541045 -0.514789 -0.339260
VERTEX_POSE A2572 -0.682236 -0.474588 0.616931 0.373891 0.153360 -0.906275 -0.316729 -0.013579 0.196310 -0.247112 -0.121944 -0.047984 -0.564749 0.149314 0.195158 -0.450894 -0.806917 -0.315815 0.562469 -0.558153
VERTEX_POSE A2573 -0.465462 0.645488 -0.777346 0.730349 -0.558642 0.296747 -0.534205 -0.509381 0.520189 0.279441 0.500068 -0.458232 -0.610286 0.316734 -0.654169 0.432262 -0.110339 0.058582 0.277916 -0.614791
VERTEX_POSE A2574 0.846991 0.340080 -0.766661 -0.383409 -0.027314 0.117067 0.055116 0.435136 -0.326886 0.426019 -0.226322 -0.611911 -0.690131 -0.284096 -0.670937 0.521781 0.163432 -0.234200 -0.258714 0.807474
VERTEX_POSE A2575 0.898863 -0.866792 -0.050503 -0.282094 0.799724 -0.391159 -0.266194 -0.120313 0.613324 0.170043 -0.002635 0.165565 -0.498457 0.849151 0.594153 0.185700 -0.054332 0.300663 -0.785673 -0.511379
VERTEX_POSE A2576 0.805750 0.201391 0.481879 0.044890 0.828710 -0.487296 0.693169 -0.260266 0.275138 0.472530 -0.258175 0.279707 -0.366916 -0.567536 -0.644189 -0.296148 0.300146 0.440030 0.271848 0.673367
VERTEX_POSE A2577 -0.355265 -0.657150 0.367808 -0.336976 -0.836498 -0.011420 -0.030803 -0.560198 0.648813 -0.024711 -0.601821 -0.515085 -0.235754 -0.150137 -0.503300 0.587343 -0.475755 -0.245538 -0.773233 -0.274055
VERTEX_POSE A2578 0.601879 -0.513615 0.866396 0.569545 0.467364 0.656241 -0.576557 0.471239 -0.094837 -0.485987 -0.484630 -0.645985 -0.514157 0.374176 -0.258941 0.297666 0.613240 -0.275691 -0.280064 -0.164308
VERTEX_POSE A2579 0.295989 -0.278865 0.253730 0.651759 0.848995 0.276865 0.387904 -0.534289 0.354670 0.762996 0.512044 -0.699220 0.149659 0.441849 0.431148 -0.348164 0.316561 0.350367 -0.351785 0.396112
VERTEX_POSE A2580 0.956205 -0.524192 0.488963 0.270925 -0.914016 0.131004 -0.670335 -0.478281 0.355344 0.513665 -0.458871 0.039544 -0.497758 0.356683 0.389979 -0.197560 -0.463218 0.838404 0.002405 0.467858
VERTEX_POSE A2581 -0.372782 0.230080 0.021569 0.568449 0.088677 -0.009818 -0.614192 -0.107309 -0.557858 0.377911 -0.453117 -0.773548 -0.433522 0.056693 -0.160659 0.503839 -0.083044 0.253988 -0.195337 -0.879238
VERTEX_POSE A2582 0.581918 0.293144 -0.582435 -0.250929 0.228594 0.196240 -0.699542 -0.013229 0.664475 -0.238696 0.492120 0.261778 0.575265 0.516891 -0.216890 -0.330683 0.362263 0.635920 0.115694 -0.599360
VERTEX_POSE A2583 0.737287 0.733241 0.479882 0.328397 0.512516 -0.529235 0.233076 0.422307 -0.024656 -0.576507 0.256169 -0.161071 0.602480 0.420063 -0.604057 0.119623 -0.721882 -0.573127 -0.485823 0.241800
VERTEX_POSE A2584 -0.626938 0.924948 -0.377728 -0.159129 -0.749537 -0.332174 -0.609454 -0.179882 -0.650734 -0.221453 0.052202 0.429109 -0.756374 0.234952 0.519684 -0.056087 -0.423730 -0.109541 -0.065391 -0.854498
VERTEX_POSE A2585 -0.184085 -0.664491 0.091275 -0.755830 -0.003638 -0.669772 0.359955 0.301111 0.122492 -0.614426 0.376688 -0.350015 0.135135 0.463559 -0.251576 -0.583557 0.318084 -0.592115 -0.366214 -0.671844
VERTEX_POSE A2586 0.802353 0.387448 -0.610525 -0.361241 0.048728 -0.088668 0.621186 0.046322 0.730573 0.149495 0.417593 -0.477358 -0.233291 -0.087724 0.480125 -0.340109 -0.717964 0.003397 -0.649369 0.547999
VERTEX_POSE A2587 -0.272576 0.775895 0.075429 -0.125546 0.844443 0.264827 -0.339040 -0.603843 -0.797136 0.280363 -0.419500 -0.535298 -0.511622 0.247925 -0.073012 -0.700624 0.146458 -0.050650 0.231986 0.613577
VERTEX_POSE A2588 -0.647679 -0.163904 0.175677 -0.164779 0.251459 0.775152 -0.433805 -0.333498 -0.399410 -0.707152 -0.393574 0.299260 -0.299369 0.601302 0.336876 0.177979 0.107536 0.191230 0.436407 -0.600626
VERTEX_POSE A2589 0.749375 0.474108 -0.691436 0.412828 -0.687296 0.228012 0.845801 0.416689 -0.428506 0.519564 -0.544272 -0.437636 -0.006097 0.475012 0.242975 -0.097936 0.449396 0.716820 0.071025 -0.320226
VERTEX_POSE A2590 -0.164423 -0.466255 0.279686 -0.327921 0.415491 -0.740636 -0.138794 0.635990 -0.414122 -0.312799 -0.426559 0.471567 -0.735768 0.356826 -0.190331 -0.583925 -0.355939 0.146148 0.023894 0.399432
VERTEX_POSE A2591 0.510116 0.204095 -0.185533 -0.845707 -0.154929 -0.425628 -0.729512 0.392468 -0.490860 0.016410 0.247992 0.518710 -0.573947 -0.253226 -0.555566 0.017578 -0.746351 -0.013557 -0.371240 -0.404110
VERTEX_POSE A2592 0.487584 0.320263 -0.545815 0.873812 0.211741 0.162104 0.145737 -0.487786 0.127428 -0.227871 -0.477561 -0.104988 0.583513 0.523932 0.715094 0.567476 -0.170266 0.659622 -0.514119 0.480109
VERTEX_POSE A2593 0.041740 -0.118896 0.157908 0.349754 -0.852480 -0.216878 0.239016 0.417007 -0.234079 0.391333 -0.286369 -0.670919 -0.719111 0.063770 0.564640 -0.359171 0.542345 0.359472 -0.378953 -0.667753
VERTEX_POSE A2594 0.919645 0.328989 -0.665874 -0.124995 -0.689535 0.003975 0.445941 -0.879060 0.349369 0.555979 0.365491 0.472065 0.452655 0.164357 -0.738917 0.533856 0.200231 0.330275 -0.046089 -0.162987
VERTEX_POSE A2595 0.253894 0.513260 -0.158938 -0.152753 -0.538623 -0.095654 -0.738098 0.373435 -0.521314 -0.134964 0.543229 0.513229 -0.467129 -0.197250 0.158870 -0.397346 -0.216072 0.656078 0.246785 0.692715
VERTEX_POSE A2596 0.627971 0.152741 0.230861 -0.307810 -0.761845 -0.580655 0.128185 0.084867 -0.680340 -0.344916 0.346407 0.348741 -0.251805 0.160069 -0.229751 0.701842 -0.431398 -0.159909 -0.555530 -0.813064
VERTEX_POSE A2597 0.700720 0.758474 0.791883 -0.191271 0.355366 0.510871 -0.482233 -0.598711 -0.541440 -0.373892 0.186726 0.605855 0.146201 0.662037 0.052721 -0.778530 0.406449 -0.275705 0.013106 0.056445
VERTEX_POSE A2598 -0.427816 -0.421261 0.445319 0.700439 -0.363425 -0.262605 -0.709624 0.571189 -0.374571 0.118714 0.418592 0.573336 -0.576626 -0.234418 -0.308194 -0.366305 -0.427316 -0.605836 -0.125155 -0.510855
VERTEX_POSE A2599 0.601240 0.771595 -0.901762 0.092835 0.595462 -0.366989 0.742091 0.163917 -0.139734 0.456109 -0.084104 0.467634 -0.095609 0.368329 0.552090 0.356895 0.534572 -0.567722 -0.323653 0.737987
VERTEX_POSE A2600 0.055681 0.309168 0.827344 0.030756 0.096671 -0.260618 -0.486305 -0.566731 0.100135 0.542820 0.282064 -0.645542 -0.035650 0.481987 0.590334 -0.584178 0.478345 0.396021 0.355412 -0.371660
VERTEX_POSE A2601 -0.746695 -0.221167 0.478508 0.193087 0.287293 -0.538529 -0.300177 -0.738652 0.575327 -0.765575 -0.185498 -0.259242 -0.501857 0.583931 0.510853 0.230832 -0.177132 -0.225408 -0.136545 0.218251
VERTEX_POSE A2602 0.369694 0.539484 -0.715299 -0.667304 -0.041873 -0.592018 0.567451 0.193695 0.466497 0.493483 0.578495 -0.122410 0.407437 0.020491 0.641164 0.293501 -0.324137 0.076291 -0.426997 0.722731
VERTEX_POSE A2603 0.373445 0.834580 0.444275 -0.595353 -0.749969 -0.427402 -0.582488 -0.010608 0.439848 -0.584950 0.286211 -0.423120 0.445888 0.077246 -0.662439 -0.272425 0.255201 -0.077496 -0.213331 -0.920259
VERTEX_POSE A2604 -0.212157 -0.575678 0.701161 -0.076563 0.728652 -0.574958 -0.130459 -0.752790 -0.131062 -0.730301 0.239796 0.526329 0.171551 -0.138048 0.468046 -0.010441 -0.579196 -0.395168 0.648153 0.145877
VERTEX_POSE A2605 0.216685 -0.120436 -0.481961 -0.050713 0.930813 -0.557838 0.425358 -0.475519 0.359616 -0.212502 -0.795001 0.267204 -0.202073 0.302578 -0.538195 -0.836049 -0.065624 0.445468 -0.184667 -0.214463
VERTEX_POSE A2606 0.272309 0.967788 -0.606228 0.122553 -0.950244 0.306539 0.633902 0.594382 0.700451 0.325896 -0.386110 0.333172 -0.551135 0.642722 -0.167782 0.108184 -0.102285 0.525593 -0.420126 -0.272166
VERTEX_POSE A2607 -0.406406 0.625713 0.183040 0.968326 0.557362 -0.168420 0.526985 -0.155296 0.314221 0.278798 0.635593 0.017765 0.675363 0.277712 0.453634 -0.384979 0.455722 -0.816579 -0.200583 0.535816
VERTEX_POSE A2608 0.861420 0.222414 0.885847 0.612311 -0.905685 -0.342348 -0.768613 0.026492 -0.750815 0.368472 -0.235263 -0.390216 0.360949 0.385046 -0.321218 -0.308293 0.583636 -0.252239 -0.219394 -0.674580
VERTEX_POSE A2609 -0.125812 -0.545827 -0.739832 -0.307902 0.517119 -0.675762 -0.195144 -0.208241 0.519196 -0.435137 -0.424849 -0.291392 -0.310223 -0.661267 0.133450 -0.780042 0.416126 0.413597 0.260520 -0.407066
VERTEX_POSE A2610 0.889582 -0.653153 -0.563230 0.620085 0.406357 0.379334 0.490481 -0.107362 -0.457755 -0.634930 -0.142119 -0.777071 0.589059 -0.219513 -0.160505 0.052420 0.621239 0.130251 -0.080953 -0.730857
VERTEX_POSE A2611 0.817626 0.698222 0.374810 -0.116765 -0.819702 0.313698 0.765985 0.280991 -0.394586 0.602917 -0.442695 0.391083 -0.043238 -0.844715 -0.387311 0.178948 0.009393 -0.665537 -0.125962 -0.106928
VERTEX_POSE A2612 0.501405 0.684252 0.281737 -0.739453 -0.394204 0.571535 -0.716039 0.282691 0.037960 -0.003908 -0.600592 0.292171 0.207629 0.381599 0.594897 0.047208 -0.602762 0.482328 0.664782 0.224577
VERTEX_POSE A2613 0.471500 0.639991 -0.145665 -0.630843 -0.365049 -0.303177 -0.335992 0.464097 -0.424359 -0.407694 -0.439423 -0.567413 0.753324 0.225862 0.637217 0.239505 0.129129 0.000144 -0.309896 0.723763
VERTEX_POSE A2614 0.554913 0.431463 -0.145308 -0.788367 0.692815 0.323895 -0.294816 0.662284 0.830796 -0.285919 -0.364432 0.372211 0.727005 -0.183926 -0.248248 -0.102128 -0.544899 0.068571 0.540711 0.312772
VERTEX_POSE A2615 0.874467 0.609201 0.904009 0.101418 -0.143740 0.645825 0.160071 0.271849 -0.401707 -0.441450 0.281634 -0.354773 0.724425 0.584720 0.388735 0.320405 -0.269869 -0.380214 0.389933 -0.657308
VERTEX_POSE A2616 -0.712585 0.975500 0.945609 -0.386673 0.631313 -0.389348 -0.722817 0.277272 -0.430679 -0.207766 -0.246980 0.604478 -0.038919 0.402218 -0.537692 0.600006 0.555960 -0.091750 0.269901 -0.625500
VERTEX_POSE A2617 0.357266 -0.181089 0.244167 -0.149609 -0.258457 -0.421603 0.013474 0.109631 0.302741 0.658980 0.606279 0.438224 -0.726465 0.383174 0.308018 0.157407 -0.672201 0.666095 0.114174 -0.147413
VERTEX_POSE A2618 -0.398109 0.385096 -0.020563 0.975871 -0.299297 0.187920 -0.621580 -0.113736 -0.261709 -0.108784 0.834861 -0.670673 -0.329209 0.115548 0.025494 0.665832 0.244006 0.667640 -0.223816 0.466027
VERTEX_POSE A2619 -0.360264 -0.188403 0.121287 0.448548 -0.117228 -0.377597 -0.478467 -0.402348 0.661194 -0.441592 -0.518004 -0.449037 0.388912 -0.702639 -0.110878 0.073902 0.129866 0.454219 0.647573 -0.243354
VERTEX_POSE A2620 0.106641 -0.706981 0.552731 -0.736781 0.054247 0.333173 0.575973 0.606766 -0.311188 0.011718 -0.398720 0.225358 0.576937 -0.644937 -0.426295 0.570230 0.005806 -0.748093 0.100500 0.238497
VERTEX_POSE A2621 0.437468 0.918841 -0.740876 -0.352049 -0.883807 -0.532263 -0.301317 0.621848 -0.212768 0.409967 0.507878 -0.500271 0.314934 -0.127867 -0.457123 -0.652783 -0.357070 -0.460645 0.464571 -0.459908
VERTEX_POSE A2622 -0.850148 -0.984308 0.935754 0.602841 0.727843 -0.432023 -0.612644 0.318159 0.807744 -0.586082 0.046871 -0.232273 -0.232225 0.487420 0.254301 0.332272 0.200783 -0.205638 -0.341821 -0.786566
VERTEX_POSE A2623 -0.405775 0.613283 -0.993084 -0.862969 -0.734012 0.161815 -0.544362 -0.475115 -0.624108 -0.169807 0.215262 0.597156 0.032929 0.673615 0.433597 0.269660 -0.504681 -0.199260 0.775264 -0.139528
VERTEX_POSE A2624 -0.520792 -0.200055 0.417031 0.997705 -0.736286 -0.569009 0.572398 0.419495 -0.160705 -0.315151 -0.517226 -0.023253 -0.512289 0.380315 -0.466682 -0.557296 0.378086 -0.657320 -0.004656 -0.518568
VERTEX_POSE A2625 -0.930502 0.344681 -0.730120 -0.522154 -0.961692 -0.098677 0.547824 -0.597204 0.279704 0.149175 0.208019 0.669162 -0.552564 -0.473231 0.146635 0.355554 -0.463188 0.665394 0.495872 0.401977
VERTEX_POSE A2626 0.848119 0.126542 -0.152022 -0.015722 -0.272636 -0.597738 -0.314023 -0.227820 -0.347564 0.186383 0.585056 0.082081 -0.723185 0.621732 0.395858 0.434547 0.402542 0.598722 -0.393476 -0.239200
VERTEX_POSE A2627 -0.892821 0.952686 -0.352107 -0.310105 -0.498132 0.352531 -0.407296 0.255632 0.140413 -0.359674 0.779967 -0.553717 0.494326 0.531558 0.457066 0.193059 -0.051594 0.583520 0.650473 0.202698
VERTEX_POSE A2628 0.770217 0.103155 -0.938237 0.286574 0.393675 -0.489366 -0.536801 0.335948 0.338507 -0.505512 -0.485717 -0.508967 -0.398016 -0.459510 0.610972 -0.413440 0.028905 -0.116613 0.356305 -0.662747
VERTEX_POSE A2629 -0.579698 0.705281 -0.706703 -0.315283 0.363939 0.524775 -0.369829 0.284868 -0.387787 -0.844419 -0.192033 0.166374 -0.371885 0.357836 -0.399003 0.009862 -0.448861 -0.622373 0.108570 0.743270
VERTEX_POSE A2630 0.708419 0.724281 -0.253869 0.782730 -0.902670 -0.688497 0.622711 0.046008 0.135907 -0.258758 0.590368 0.477555 0.365096 0.311916 0.458328 0.308178 -0.643956 0.263397 0.563033 0.370646
VERTEX_POSE A2631 -0.174101 -0.587677 0.889108 -0.682670 -0.509654 -0.607295 -0.290203 0.473659 0.229271 0.620328 0.598161 0.343989 0.321779 -0.265847 -0.431054 0.274234 -0.588783 -0.523920 0.593489 0.022595
VERTEX_POSE A2632 -0.326392 -0.515885 0.771804 0.877804 -0.348767 0.506968 -0.285920 0.497441 0.281381 0.456537 0.639326 -0.363075 0.743507 0.078416 -0.447062 -0.198978 0.479309 -0.576299 -0.342678 0.328525
VERTEX_POSE A2633 0.078113 0.263766 0.030831 -0.884574 0.055458 0.279286 0.614106 -0.616541 0.713412 0.308194 0.252054 -0.242186 0.595377 0.694945 0.380400 -0.289662 0.190463 -0.457914 0.299186 -0.192671
VERTEX_POSE A2634 -0.800656 -0.753097 0.333383 -0.278023 -0.259623 -0.204609 -0.296702 -0.526503 -0.063722 0.817774 0.248905 0.556393 -0.149925 0.424126 0.794721 0.027062 -0.324901 0.113664 0.469046 -0.612697
VERTEX_POSE A2635 0.461451 -0.091564 0.472965 -0.198759 -0.620115 0.747488 0.024402 0.652273 0.495618 0.525107 -0.635702 0.375886 -0.333541 -0.305802 0.233055 -0.664794 -0.249247 0.004396 0.412876 0.121585
VERTEX_POSE A2636 -0.705201 -0.856670 0.548870 0.064713 -0.013729 0.113056 0.376205 -0.612675 0.308755 0.404525 0.758855 0.562693 0.506202 -0.195088 0.592829 -0.645802 -0.011107 -0.473095 0.146731 0.102887
VERTEX_POSE A2637 0.471653 -0.785309 0.727155 0.844530 -0.209867 -0.926857 -0.113989 0.279155 -0.191638 0.417775 -0.090481 0.286938 -0.440038 0.721919 0.132666 0.784887 0.465178 -0.065399 0.052822 0.419914
VERTEX_POSE A2638 -0.944956 -0.465851 -0.343994 -0.230433 0.937246 0.472905 0.294296 -0.000942 -0.474767 -0.462416 -0.045005 0.455443 -0.012549 -0.707483 -0.502953 0.218891 -0.689066 -0.300943 0.807150 0.150428
VERTEX_POSE A2639 -0.843781 0.365744 0.434717 -0.322977 0.080585 -0.325439 -0.073753 0.545873 -0.214260 0.539014 -0.510199 0.560416 -0.565573 -0.092804 0.717659 0.498147 0.041260 -0.138139 -0.368784 -0.656814
VERTEX_POSE A2640 -0.654160 -0.331136 0.987323 -0.463371 -0.692748 -0.557490 0.147771 0.015043 0.427125 -0.592941 0.518024 0.053990 0.630783 0.500246 0.708065 0.439273 -0.294451 -0.049982 0.189041 0.628075
VERTEX_POSE A2641 0.944627 -0.119003 0.092776 -0.610348 0.343603 0.445452 0.123545 0.746548 0.358563 0.489273 0.160894 -0.544271 0.352876 0.076476 0.366154 0.593066 -0.577372 -0.492652 0.518748 0.278516
VERTEX_POSE A2642 0.973845 0.063965 -0.190473 0.560259 0.260884 -0.036750 0.084584 0.630708 -0.447328 0.240417 -0.679828 -0.490615 0.506436 0.189522 -0.746889 -0.481110 0.251550 0.000325 -0.668656 -0.202102
VERTEX_POSE A2643 0.847245 -0.646884 0.269060 -0.202824 -0.086952 -0.613641 0.547677 0.246826 -0.380707 0.190793 0.356504 0.392573 0.375841 0.187161 0.548554 0.291328 0.575982 -0.153237 -0.661452 0.667231
VERTEX_POSE A2644 0.416127 -0.479012 0.947111 -0.241191 0.978554 -0.066571 0.316018 -0.462866 0.381131 -0.503811 0.330171 0.642150 0.299034 -0.496775 -0.429083 0.547011 0.303883 0.503823 0.507607 0.581044
VERTEX_POSE A2645 0.528758 -0.504572 0.664219 0.771892 -0.046302 -0.042422 0.176192 0.733244 0.057098 0.940037 -0.073570 0.710840 0.147932 -0.303815 0.473306 -0.051361 0.600462 0.515391 -0.246505 -0.063898
VERTEX_POSE A2646 0.721712 0.962316 0.173069 0.898593 0.769308 -0.115763 -0.173315 0.125301 -0.439427 -0.599926 -0.141630 0.797337 -0.029584 -0.346900 0.392422 -0.712572 0.458842 -0.061326 -0.318460 -0.795842
VERTEX_POSE A2647 0.703541 -0.503512 0.892720 0.372136 0.609867 0.235761 0.071370 0.703745 -0.409271 0.316278 -0.521512 -0.512988 -0.419138 0.271975 -0.608212 0.563532 0.398440 -0.379257 -0.633742 -0.006592
VERTEX_POSE A2648 -0.113976 0.314340 -0.091615 -0.377717 0.695241 -0.534606 -0.685169 0.440638 0.154921 -0.477884 -0.509604 -0.462970 0.182815 -0.593584 0.442773 -0.516855 -0.297731 0.528967 0.040127 0.324279
VERTEX_POSE A2649 -0.676396 0.347412 -0.847494 0.874465 -0.529989 0.126087 -0.106073 -0.435007 -0.364744 0.058622 0.711282 -0.617481 -0.393233 0.081573 -0.654985 0.543266 -0.472166 0.201929 0.731808 0.274321
VERTEX_POSE A2650 -0.656723 0.308085 0.014007 -0.179316 -0.507361 -0.396219 -0.206758 0.556154 0.405636 0.072749 -0.489096 -0.201245 0.742749 -0.195632 0.519695 0.510069 0.637954 0.606537 -0.374316 0.078877
VERTEX_POSE A2651 0.992665 0.607359 -0.538883 -0.114498 -0.250512 0.595372 -0.505297 0.011243 0.029429 -0.287531 -0.696757 -0.016609 0.654234 -0.511758 0.716585 0.479387 0.232364 0.361796 -0.064548 -0.445548
VERTEX_POSE A2652 0.761071 0.266253 -0.588371 -0.477584 -0.413796 0.124185 0.218571 -0.539797 0.660548 0.216615 0.004567 -0.531252 -0.233817 -0.576449 -0.512986 0.643034 0.426089 0.053577 0.661166 -0.441309
VERTEX_POSE A2653 -0.506870 0.323777 -0.050239 -0.576475 -0.779518 -0.386175 0.439819 0.651286 -0.378196 0.400398 -0.506867 0.439063 -0.364621 0.325143 0.274266 0.489031 0.368935 0.663203 0.523585 -0.277636
VERTEX_POSE A2654 -0.413110 0.220642 -0.531968 0.022533 0.015475 -0.484043 -0.365746 -0.301254 0.568879 0.037998 -0.526431 0.144128 0.684260 0.393999 0.590958 -0.595753 0.414754 0.268468 0.204088 -0.552142
VERTEX_POSE A2655 -0.759720 -0.933802 0.828661 -0.479879 -0.150082 -0.579287 0.370879 -0.601264 0.673758 0.508922 -0.271226 0.211020 0.071078 -0.534021 -0.117672 0.761319 0.528366 0.390000 -0.137071 0.023845
VERTEX_POSE A2656 -0.437373 -0.331541 0.219641 -0.098629 -0.741210 -0.409629 -0.397804 0.089315 -0.383452 -0.661622 0.241531 -0.701412 0.248238 -0.627261 -0.331971 0.544362 0.402385 -0.288073 0.214607 0.615074
VERTEX_POSE A2657 -0.564992 -0.652816 0.316011 -0.993189 0.742840 0.259521 0.567204 0.712970 0.513543 -0.266569 -0.313192 0.090574 0.053420 -0.045532 -0.784078 -0.186963 0.188679 0.214338 -0.754594 0.596583
VERTEX_POSE A2658 -0.652542 -0.981116 -0.523446 0.210015 0.351786 0.290953 -0.507260 -0.688691 0.304327 -0.237398 -0.130708 -0.194231 0.200314 -0.560049 0.455034 -0.492645 0.433019 0.760230 0.635220 -0.086372
VERTEX_POSE A2659 -0.667155 0.771614 0.281404 -0.812055 0.652465 -0.390291 0.478615 0.098231 -0.633057 0.115743 -0.700949 0.192887 0.563268 0.105852 -0.515383 -0.558109 0.409500 0.379589 -0.358852 -0.565797
VERTEX_POSE A2660 -0.144690 -0.947535 0.609307 -0.308472 0.106779 -0.062264 0.531235 0.786800 -0.853202 -0.076464 -0.087978 -0.260973 -0.172231 -0.129361 -0.406041 0.495308 -0.122608 -0.187596 -0.661022 0.584328
VERTEX_POSE A2661 -0.944123 0.743166 0.222684 -0.007255 0.449117 -0.199598 0.415628 -0.584926 -0.520825 0.603450 0.424064 0.781753 0.589781 0.190381 -0.269736 0.284979 -0.008569 0.070762 0.184515 -0.664615
VERTEX_POSE A2662 0.158743 -0.816063 0.170512 -0.494724 -0.857189 0.856822 0.427063 -0.171091 -0.252863 -0.128570 -0.553596 -0.311206 0.668480 0.501296 -0.251466 0.395135 -0.135809 0.204528 -0.445073 0.628106
VERTEX_POSE A2663 0.528918 -0.463420 0.381112 -0.430668 0.758012 -0.475241 0.548972 -0.219623 0.334481 0.100293 -0.563981 -0.310082 0.435662 0.560345 -0.630645 -0.122071 -0.532626 -0.410370 -0.695606 0.189775
VERTEX_POSE A2664 0.133991 0.006931 -0.746484 0.108171 -0.495426 0.465620 -0.496627 0.265073 0.486240 0.265500 0.718779 -0.552329 -0.340235 0.498749 0.409785 -0.550173 -0.365244 0.271622 0.514220 -0.175895
VERTEX_POSE A2665 0.358087 -0.569160 -0.496105 0.227253 -0.116812 -0.360940 0.362675 0.243410 -0.806418 -0.013617 0.373966 0.092245 0.926671 -0.157828 -0.099804 0.044956 -0.236391 0.448266 0.086845 0.848593
VERTEX_POSE A2666 -0.009631 0.445016 -0.145923 0.370573 -0.862104 0.139627 0.605608 0.726936 -0.874011 -0.237329 0.342511 0.245628 -0.687960 0.462280 -0.356781 0.245288 -0.325261 -0.170246 0.208468 0.186422
VERTEX_POSE A2667 0.428790 0.150261 0.802386 -0.827117 0.490845 0.695937 0.240998 0.149126 0.335129 -0.310168 -0.846134 -0.629442 -0.005801 -0.225945 -0.079663 0.594900 -0.457406 -0.028567 0.701268 -0.039333
VERTEX_POSE A2668 -0.170260 -0.354469 -0.768950 0.071783 0.673321 0.482205 -0.429697 0.500311 0.557071 0.509113 -0.197911 -0.075960 0.479158 0.823322 0.612946 0.178384 -0.154082 -0.275097 0.542910 -0.094444
VERTEX_POSE A2669 0.045413 0.979166 0.510083 -0.859859 -0.924857 0.680436 0.351932 -0.263086 -0.416162 0.594246 0.558392 0.282591 0.219242 0.376564 0.273319 0.533056 -0.038501 0.457445 -0.436806 0.689711
VERTEX_POSE A2670 0.585009 -0.483996 0.237103 -0.150093 -0.428570 -0.344505 -0.188939 -0.012934 0.131373 0.693947 -0.673975 0.000016 -0.622064 -0.591449 0.031939 -0.265473 -0.429755 -0.928998 0.159061 -0.105298
VERTEX_POSE A2671 0.175580 0.314395 -0.781627 0.608412 0.980573 -0.133733 0.394354 -0.401352 0.570907 -0.379697 0.028434 -0.104720 0.630812 0.640894 0.785895 0.334798 0.131765 -0.166085 -0.436236 0.640313
VERTEX_POSE A2672 -0.009960 -0.139838 -0.397141 -0.470207 0.418746 -0.410535 0.406516 -0.086223 -0.307016 0.092141 -0.658020 -0.744305 -0.620253 0.241414 -0.390580 0.473070 -0.161252 0.175100 -0.466632 -0.689414
VERTEX_POSE A2673 0.558855 0.579970 -0.953370 -0.589834 0.832314 0.608084 0.516282 0.076639 0.496092 -0.287747 0.580180 0.542497 -0.484514 -0.244111 0.289348 0.443220 -0.551905 0.078109 -0.468462 -0.541598
VERTEX_POSE A2674 0.022825 0.667511 0.487433 -0.594412 -0.106379 -0.467601 0.405064 -0.081550 0.420454 -0.491905 0.217632 0.106869 -0.320574 0.348306 0.770077 0.552687 -0.229598 0.011323 0.430955 0.878609
VERTEX_POSE A2675 -0.593833 0.381150 -0.450030 0.288602 0.397300 0.314895 -0.413461 -0.667479 -0.142188 -0.430577 0.357287 -0.640830 0.486425 -0.147919 -0.013257 -0.324795 0.583559 0.685409 0.549138 0.253765
VERTEX_POSE A2676 0.087612 -0.924602 0.710849 -0.817943 -0.213988 -0.277270 -0.266647 0.731563 0.669039 -0.393679 -0.159438 0.054278 0.734434 -0.207168 0.587555 -0.038592 0.179330 -0.356849 -0.482736 -0.603587
VERTEX_POSE A2677 -0.255462 0.629827 -0.339498 -0.695819 -0.337071 -0.756262 0.092468 0.281012 0.308998 0.749597 -0.182784 -0.103711 0.332461 -0.500324 -0.461522 0.483887 0.096060 0.329893 0.291336 0.792509
VERTEX_POSE A2678 -0.890292 0.877639 -0.557310 -0.339262 0.007167 0.645504 -0.443745 0.417127 0.655000 0.591694 -0.415972 0.298435 -0.344974 -0.408380 0.244281 0.175601 0.613313 -0.074583 0.550587 0.331730
VERTEX_POSE A2679 0.973637 0.389738 -0.380766 -0.195660 -0.518747 -0.069735 -0.354302 0.016402 -0.062230 -0.406553 -0.428879 0.073805 0.683599 0.335323 -0.673143 -0.285195 0.649709 -0.729860 0.400676 -0.530312
VERTEX_POSE A2680 0.068141 -0.022761 -0.186992 -0.821354 0.132940 0.304636 0.350291 0.407385 0.158265 -0.360448 -0.619914 0.124597 -0.842365 0.298788 0.365323 0.193572 -0.575336 0.856250 -0.018015 0.171634
VERTEX_POSE A2681 -0.547015 0.185724 0.456697 0.481422 0.499807 -0.494943 0.659559 -0.022022 0.069214 -0.306404 -0.219939 0.105076 0.542863 0.344362 0.654293 0.095502 0.563248 -0.557764 -0.408997 0.717850
VERTEX_POSE A2682 0.966302 -0.002903 0.080351 0.689842 0.230741 -0.377792 -0.455147 -0.045585 -0.402193 0.185211 0.552346 -0.362360 0.380557 0.493940 0.535469 0.586470 0.060583 0.526767 -0.519392 0.667224
VERTEX_POSE A2683 -0.170787 -0.756508 0.224637 -0.298938 0.719144 0.392952 0.854961 -0.083724 0.116893 -0.315310 -0.559918 0.481817 -0.040457 -0.599597 -0.313395 0.323503 0.039497 -0.708210 0.251654 -0.564274
VERTEX_POSE A2684 -0.053885 -0.490499 -0.593542 0.904947 0.720289 -0.010185 -0.384277 -0.437945 0.470512 -0.418038 -0.578897 -0.715073 -0.623158 0.068045 -0.340237 0.153596 -0.173110 -0.389132 0.515420 -0.662182
VERTEX_POSE A2685 -0.446809 -0.782261 0.548383 -0.287625 -0.753783 -0.569023 0.477748 -0.431084 0.694519 0.330636 0.066790 0.349443 -0.224018 -0.385754 -0.130208 -0.778166 -0.207962 -0.234076 -0.081916 0.785908
VERTEX_POSE A2686 0.069492 -0.690310 0.053298 0.221182 -0.430938 -0.705002 0.153635 0.608453 0.552253 0.601403 0.546963 -0.267894 0.403168 -0.393313 -0.302763 0.585520 -0.268808 0.185895 0.330655 -0.321970
VERTEX_POSE A2687 0.508742 0.177959 0.626099 -0.193683 0.979079 -0.711058 -0.464171 0.282504 0.508402 -0.421702 -0.388799 0.362615 -0.305967 0.434301 0.258690 -0.440892 0.504283 0.193685 0.564545 0.571059
VERTEX_POSE A2688 -0.011801 -0.435077 -0.135606 -0.280813 0.989056 -0.224854 -0.509217 0.618304 -0.380891 -0.691186 -0.227978 -0.594732 0.125543 -0.588895 -0.541012 0.240621 0.270347 0.397445 -0.435086 -0.381891
VERTEX_POSE A2689 0.416951 -0.671426 0.529852 -0.568802 0.920848 -0.505411 0.201647 -0.393691 -0.106862 -0.788454 0.463081 -0.529205 -0.363148 -0.392160 -0.673086 0.255844 0.526323 0.006181 -0.374628 -0.446943
VERTEX_POSE A2690 0.841587 -0.050427 -0.092497 -0.005738 0.631544 0.228810 0.244846 0.858759 0.362109 0.793667 -0.162324 -0.591438 0.365237 -0.214771 -0.645165 0.052189 0.431643 0.224690 -0.417160 0.061169
VERTEX_POSE A2691 0.843510 -0.382612 -0.526299 0.410715 0.095835 0.007507 -0.619575 0.495245 0.523460 -0.158330 0.015067 0.649113 -0.382696 -0.434480 -0.511687 -0.666343 -0.240475 -0.206790 0.024255 -0.712674
VERTEX_POSE A2692 0.472828 -0.928260 -0.247464 0.423943 0.369965 -0.566908 0.463394 0.424505 -0.496493 0.451504 -0.411670 0.270393 0.154542 0.545043 0.568743 0.681347 -0.353672 -0.188492 -0.305439 -0.477669
VERTEX_POSE A2693 0.000331 0.133511 -0.921985 0.499538 0.774355 0.014047 0.607187 0.769214 0.878305 -0.163137 0.034960 -0.020490 0.160142 0.045000 0.175219 -0.548692 0.555536 -0.444141 -0.527259 0.310552
VERTEX_POSE A2694 0.372428 0.153968 0.854813 0.980047 -0.146153 0.320468 -0.197527 -0.842398 -0.572607 0.421719 -0.001307 0.426465 0.869728 -0.107298 -0.621926 0.100634 -0.498778 -0.027502 0.128774 -0.173411
VERTEX_POSE A2695 -0.393181 0.078671 0.006051 -0.467887 0.874539 -0.763171 -0.429927 -0.165352 -0.291770 0.764171 -0.472676 0.267312 0.219885 0.425674 0.189333 -0.381452 -0.139962 -0.474487 0.193266 0.740573
VERTEX_POSE A2696 -0.641582 0.564351 -0.418090 -0.273209 -0.342457 0.004691 -0.584828 -0.494902 0.094658 0.337204 0.568789 -0.602387 -0.491393 0.485268 -0.783584 0.460676 -0.348722 -0.118930 -0.300965 0.272873
VERTEX_POSE A2697 -0.637203 -0.401015 -0.291110 0.350621 -0.008257 -0.130264 -0.150414 0.141806 -0.244231 0.301894 0.741637 -0.529984 -0.418316 0.398999 -0.792933 0.087241 -0.520126 -0.117290 0.838830 0.011586
VERTEX_POSE A2698 -0.964392 -0.771068 -0.191563 -0.295004 0.365384 0.435502 0.663851 -0.282277 0.241504 0.202864 0.643469 0.494896 -0.619695 0.281669 0.238446 0.327806 0.491324 -0.670995 0.163310 0.430733
VERTEX_POSE A2699 0.188158 -0.790118 -0.187040 0.798574 -0.669137 0.548321 -0.561927 -0.618165 -0.320413 -0.188592 -0.090709 0.719441 0.113353 0.526020 -0.279057 -0.519938 0.177147 -0.034812 -0.604555 0.549150
VERTEX_POSE A2700 0.408210 -0.421850 -0.781027 0.490761 0.066886 0.550203 0.488040 -0.308023 0.593946 -0.688917 -0.222329 0.530062 0.106530 0.261603 -0.249241 -0.269715 -0.729672 0.037645 0.450683 -0.504812
VERTEX_POSE A2701 0.620618 -0.255063 -0.954459 0.554903 0.936814 0.547401 -0.264044 0.650318 -0.357373 0.643784 0.271881 -0.237789 0.031200 0.690689 0.547482 0.093357 -0.161012 -0.465142 -0.711431 0.013829
VERTEX_POSE A2702 -0.636262 0.524277 0.031333 0.406986 -0.688564 0.038941 -0.259755 0.065681 0.159456 -0.868385 0.045200 -0.484267 -0.402820 0.133293 -0.762146 -0.005203 -0.512034 -0.397086 0.127060 0.844806
VERTEX_POSE A2703 -0.601750 0.438313 -0.178168 -0.979445 -0.514368 -0.461905 0.570811 0.183612 0.040019 -0.307383 0.590114 -0.676675 0.143471 -0.273973 -0.466338 -0.743497 -0.230690 0.331184 0.079485 -0.699838
VERTEX_POSE A2704 0.179472 -0.675094 -0.907829 0.965069 0.769128 -0.460676 0.484061 -0.034506 -0.326568 -0.521936 0.346231 0.361895 -0.351712 0.541480 -0.337969 -0.606719 -0.610187 -0.660258 0.038200 0.461958
VERTEX_POSE A2705 0.386564 0.191788 -0.481233 0.812574 0.205057 -0.477938 0.403308 0.222478 0.728476 -0.064291 0.597584 -0.490469 -0.512019 0.661209 -0.017529 0.468884 0.150982 -0.005601 0.592616 0.365246
VERTEX_POSE A2706 -0.195583 -0.180537 0.371802 0.309157 0.882933 -0.323841 -0.689485 -0.274580 -0.712508 0.619853 -0.121399 -0.239175 -0.250573 0.463393 0.557190 0.257518 -0.311215 0.140687 0.106257 0.773486
VERTEX_POSE A2707 -0.732915 -0.599695 0.803020 -0.852874 -0.444859 0.329786 0.413598 -0.450434 0.650836 -0.102092 0.710536 0.414751 -0.235186 -0.448167 0.023799 0.873524 0.179142 -0.543202 -0.012520 0.243522
VERTEX_POSE A2708 -0.868899 -0.178385 0.179269 -0.883245 0.867986 -0.453688 -0.263769 -0.768083 0.175512 -0.540606 0.400223 0.809055 -0.311635 -0.426590 0.078578 0.413669 0.077618 0.320341 0.608221 -0.248728
VERTEX_POSE A2709 -0.085875 -0.302898 0.814491 0.969895 -0.109900 0.549625 -0.467564 -0.441378 0.115746 -0.169706 -0.603723 0.097374 -0.618242 0.519557 -0.160213 -0.521076 0.195796 -0.805832 -0.314389 -0.363907
VERTEX_POSE A2710 -0.759279 0.790042 -0.577746 -0.048534 0.036394 -0.498952 -0.163249 0.586550 -0.355491 -0.207278 -0.449676 -0.314094 0.864131 0.216038 0.541541 -0.144664 0.589013 0.482444 0.403405 -0.245238
VERTEX_POSE A2711 0.199243 0.798854 0.992276 -0.704599 0.000926 0.246455 -0.801337 -0.207773 0.045713 0.231749 -0.795496 -0.496552 -0.168369 -0.522998 -0.800767 0.016666 0.176285 -0.222214 -0.524905 0.139331
VERTEX_POSE A2712 0.367111 0.882825 0.271188 0.451317 -0.610093 -0.480311 0.057785 0.182710 -0.325724 -0.884983 -0.309759 0.649572 -0.262590 -0.197409 -0.269692 -0.177908 0.607965 0.410521 -0.335949 0.679761
VERTEX_POSE A2713 -0.792977 -0.212861 0.502605 -0.358692 -0.732865 0.090674 0.647772 0.073237 0.910602 -0.087546 -0.333769 0.020677 0.065731 -0.534713 -0.278857 0.509017 -0.605851 0.290507 0.556155 0.479856
VERTEX_POSE A2714 -0.971545 -0.957654 0.216913 -0.003537 -0.279930 0.317099 -0.531550 -0.610898 0.272444 0.522878 -0.091560 0.109763 -0.270856 -0.351130 -0.714186 0.320761 -0.618622 0.550558 0.517497 -0.335314
VERTEX_POSE A2715 -0.686774 -0.607674 0.677646 0.356263 -0.889805 -0.716426 -0.012753 0.519997 -0.128077 0.859491 0.171871 0.362645 0.447905 -0.196984 -0.340516 -0.118351 -0.584084 0.472088 -0.215608 0.565779
VERTEX_POSE A2716 -0.239786 0.004878 0.050988 0.353684 -0.486648 0.573387 0.447488 -0.623216 -0.333344 0.575004 0.397162 0.015873 0.630786 0.151024 0.551593 0.093350 0.536037 -0.505571 0.250041 -0.379105
VERTEX_POSE A2717 0.097948 -0.647964 -0.729789 -0.782355 0.289132 -0.238613 -0.100807 0.287359 -0.181396 0.037406 0.810001 -0.437184 0.675045 0.165780 0.528604 -0.305711 0.480878 0.663029 0.662792 0.050950
VERTEX_POSE A2718 0.821968 0.570286 0.303745 -0.837419 -0.910725 0.042449 0.401213 0.579779 -0.071221 0.188728 -0.693528 -0.478400 0.316456 0.321657 0.440825 0.794570 -0.184133 0.754939 -0.268185 0.213324
VERTEX_POSE A2719 0.748413 0.569801 0.915382 -0.927130 -0.497592 -0.072682 0.405663 -0.364612 -0.519027 -0.545319 -0.324438 0.510411 -0.606015 0.356650 -0.492492 -0.339227 0.002788 -0.471444 0.236085 0.796612
VERTEX_POSE A2720 -0.485102 -0.319390 0.800063 -0.351158 0.209980 0.330437 0.858182 0.106563 -0.637295 0.001971 0.680140 0.027071 0.265468 0.391677 0.658053 -0.439367 0.446255 0.225611 -0.001678 0.416533
VERTEX_POSE A2721 0.663555 -0.480141 -0.788752 0.156843 0.720819 0.138526 -0.615835 0.025912 0.026587 0.640972 -0.303675 -0.591874 -0.128644 0.554670 0.465461 -0.361871 -0.281199 0.642755 0.249805 0.721373
VERTEX_POSE A2722 0.591923 -0.812811 -0.610917 0.483585 0.598244 0.421777 -0.279988 0.660868 0.036932 -0.933389 -0.195234 -0.585692 -0.108003 -0.226466 -0.631814 -0.057944 0.681792 -0.280206 -0.188067 -0.094925
VERTEX_POSE A2723 0.987726 -0.247650 -0.447401 -0.927215 -0.420055 -0.172297 0.600512 0.508467 0.522737 0.156417 -0.548465 0.434892 -0.650630 0.523598 -0.572357 -0.287186 0.044776 -0.424661 -0.330340 -0.405570
VERTEX_POSE A2724 -0.336114 0.653370 -0.710738 -0.343619 0.495174 -0.586608 0.573447 -0.219514 0.395101 -0.114960 0.451179 0.472597 0.181116 -0.703541 -0.461462 -0.228624 0.197566 -0.251973 -0.756882 -0.462871
VERTEX_POSE A2725 -0.035649 0.341157 -0.756104 0.463632 -0.547909 -0.557769 -0.768657 0.210292 -0.356165 0.542059 0.364912 0.559442 -0.255021 0.590311 0.002544 0.123853 0.667351 -0.499058 0.186983 0.169678
VERTEX_POSE A2726 -0.405455 0.831021 0.558650 -0.395102 -0.545516 -0.640175 0.000209 -0.322166 0.134812 -0.669712 0.358420 0.002287 0.667875 0.641721 0.408186 0.318246 -0.596276 -0.636695 0.064413 0.019849
VERTEX_POSE A2727 0.022304 0.217721 -0.128828 0.383171 -0.847284 -0.732962 -0.449433 0.400178 0.103472 0.397222 0.113883 0.360769 -0.694188 0.039508 0.155450 0.266073 0.876138 -0.545657 0.295859 -0.240229
VERTEX_POSE A2728 0.327147 0.940142 -0.047214 -0.185747 0.443834 0.389564 0.389489 0.528496 0.114959 -0.467974 0.708623 -0.217879 -0.113251 -0.256543 -0.282809 -0.688581 0.070176 -0.841173 0.377265 0.384456
VERTEX_POSE A2729 -0.369846 -0.940047 -0.632913 0.309895 0.819868 0.438601 -0.485588 -0.186619 -0.098031 -0.467462 -0.614100 -0.560419 -0.552526 0.043982 0.497201 -0.457964 0.581004 0.486561 0.175123 -0.498553
VERTEX_POSE A2730 -0.789538 0.427603 0.684132 0.181745 -0.516420 0.300332 0.599551 -0.349499 0.643877 -0.151217 0.209804 0.447320 0.111879 -0.585182 -0.131638 -0.657325 -0.643140 0.527067 -0.416027 0.278862
VERTEX_POSE A2731 -0.264642 -0.481708 0.171759 -0.694986 -0.489279 -0.367693 0.111636 -0.264588 0.547862 -0.455950 -0.360032 0.738622 0.519771 0.136207 -0.120580 0.703120 -0.427451 0.067423 -0.122909 -0.774018
VERTEX_POSE A2732 -0.749229 -0.195110 -0.587372 -0.135202 0.756682 0.567596 0.238230 0.295077 -0.782745 0.197047 0.007285 0.165031 0.762832 -0.345578 -0.014775 -0.103601 0.748713 -0.194142 0.558366 0.482578
VERTEX_POSE A2733 -0.425800 -0.048120 -0.284535 -0.411269 -0.204984 0.516698 -0.707984 0.296494 0.106097 -0.139049 -0.609621 0.529110 -0.105095 -0.489081 -0.112233 0.080753 -0.521710 0.655143 0.679602 0.170505
VERTEX_POSE A2734 0.133608 0.956605 0.993591 -0.674431 -0.003647 0.546791 -0.629289 0.347163 0.184969 -0.258477 -0.053408 0.082525 0.513957 0.830512 0.654813 0.171188 -0.065719 -0.480849 -0.493688 0.427266
VERTEX_POSE A2735 0.430244 0.129796 -0.495201 -0.170134 0.525810 0.720154 -0.569724 0.333787 0.201994 0.074178 -0.322223 0.413649 0.527393 -0.365564 0.085837 -0.461049 -0.802166 -0.511961 -0.423323 -0.087467
VERTEX_POSE A2736 0.960763 -0.856332 0.234232 -0.598695 -0.999927 -0.606888 -0.345380 0.075631 -0.369516 -0.051835 -0.188195 -0.158147 -0.469035 -0.734457 -0.314600 0.807196 -0.452640 0.609230 -0.080418 -0.463198
VERTEX_POSE A2737 0.938026 -0.223932 0.365393 0.634726 -0.120714 0.540335 0.648866 0.386568 -0.677131 0.453526 -0.227070 0.003308 0.571312 -0.208949 -0.031644 -0.190391 0.524866 -0.498517 0.103152 0.692720
VERTEX_POSE A2738 0.697328 0.530101 -0.692181 -0.023008 -0.919049 -0.261130 -0.667484 -0.076482 -0.113259 -0.309134 -0.405009 0.784270 -0.531503 0.251250 -0.297937 -0.046751 0.875770 0.463830 0.417396 -0.004239
VERTEX_POSE A2739 -0.908135 -0.034717 -0.586500 -0.481940 0.868059 -0.589367 0.631112 0.246958 -0.103371 0.491216 -0.041317 -0.307391 -0.466891 0.663063 -0.738758 -0.376984 -0.436110 -0.041332 -0.017330 -0.554491
VERTEX_POSE A2740 -0.147849 0.473170 0.179884 0.604621 0.769386 0.198181 0.649749 0.458454 -0.066406 0.152434 -0.828490 0.679432 -0.278010 0.045070 0.687598 0.241456 -0.286562 0.147970 -0.647302 0.138834
VERTEX_POSE A2741 0.938050 0.320143 -0.269927 0.928458 0.117345 0.304626 -0.334916 -0.434970 -0.717237 -0.521106 -0.412589 -0.334916 0.510058 -0.329507 -0.151856 0.596411 -0.344902 -0.507489 0.020368 0.642681
VERTEX_POSE A2742 0.291107 -0.235863 -0.594224 -0.186540 -0.131015 -0.410255 -0.644660 0.275481 0.017400 0.038291 0.573516 0.357601 -0.284471 -0.654743 0.829329 -0.090801 0.407944 0.125389 -0.702694 -0.009132
VERTEX_POSE A2743 -0.780738 0.355995 -0.548928 0.055938 -0.840707 0.559102 0.515491 0.631926 0.300977 0.429370 -0.446929 0.424979 -0.366951 -0.111339 0.158928 0.385674 -0.611909 -0.625262 0.516248 0.118717
VERTEX_POSE A2744 -0.854928 -0.892717 -0.767322 -0.430234 0.384480 0.041320 -0.118756 0.901380 0.491655 0.227042 -0.289916 -0.724573 0.219077 0.044266 0.381410 0.655925 0.312522 0.293409 -0.675364 0.061923
VERTEX_POSE A2745 0.319563 -0.193517 0.622690 0.809923 0.589055 -0.236241 -0.326196 -0.239063 -0.189740 -0.537909 -0.452726 0.848898 -0.141167 -0.469859 -0.430010 0.046492 -0.539522 0.051502 -0.762994 0.475433
VERTEX_POSE A2746 -0.467513 0.748321 -0.871281 -0.587799 -0.730512 0.779850 0.365653 0.101016 0.061924 -0.014116 -0.062854 -0.026884 0.825449 -0.004860 -0.463523 0.256426 0.747384 0.415238 -0.344933 0.653635
VERTEX_POSE A2747 -0.094714 0.112161 0.283667 0.923450 0.897832 0.016448 -0.939674 -0.138949 0.773544 -0.013327 -0.002070 -0.285783 0.202189 -0.811315 0.306369 -0.115460 -0.554545 -0.475211 -0.250247 0.122215
VERTEX_POSE A2748 -0.582489 0.158519 0.892901 -0.972432 -0.121813 -0.350912 0.301947 -0.575386 -0.669897 0.402914 0.604103 0.008211 -0.580540 0.251819 0.245996 -0.028108 0.469973 -0.606232 -0.639275 -0.140371
VERTEX_POSE A2749 -0.645545 0.318607 0.432463 -0.425218 -0.641237 0.224582 0.569803 -0.495495 -0.153852 -0.528757 0.188402 -0.746610 0.541071 0.334921 0.462549 0.236313 0.774727 0.393083 0.217115 0.081335
VERTEX_POSE A2750 -0.346301 -0.318038 0.199049 0.996320 -0.599759 -0.178552 -0.550557 -0.651593 0.402376 0.574022 -0.354265 0.482954 -0.029608 -0.548805 0.452242 0.104008 0.208868 0.606997 -0.596399 0.324207
VERTEX_POSE A2751 -0.067591 0.839129 0.692964 -0.323590 -0.911833 0.538152 0.402320 -0.250916 -0.429077 -0.587066 -0.023069 -0.250667 0.112131 -0.878048 -0.680706 0.650191 0.144816 -0.009498 -0.241185 -0.380223
VERTEX_POSE A2752 -0.981989 0.838466 0.643711 0.731625 -0.920419 -0.660290 -0.713378 0.108926 -0.294117 -0.011572 -0.682155 0.486074 -0.401168 -0.146510 0.102957 -0.041457 -0.707330 -0.480255 0.572977 -0.031917
VERTEX_POSE A2753 -0.754378 -0.130849 0.588132 0.479906 0.998485 -0.575234 -0.394291 -0.573969 0.555219 -0.495059 -0.509612 0.398885 -0.491133 0.340026 0.275805 0.531963 -0.534014 0.354485 0.274327 -0.100337
VERTEX_POSE A2754 -0.079865 -0.408521 -0.754438 -0.250805 -0.331888 0.527062 0.246320 0.434270 -0.599759 0.679645 0.046960 -0.323206 -0.596336 -0.260128 0.405486 0.318093 -0.841230 -0.305964 0.143557 -0.184039
VERTEX_POSE A2755 -0.318104 0.491836 0.932973 -0.611995 0.574755 0.240839 0.588116 0.754911 -0.095941 -0.460981 0.335186 0.291609 -0.401783 0.384984 0.657320 0.313683 -0.411545 0.644738 -0.426367 0.013336
VERTEX_POSE A2756 0.209973 -0.789692 0.832028 -0.056462 -0.549424 0.658617 0.545629 0.392159 -0.001285 -0.118461 -0.545773 -0.695920 0.251696 0.487107 -0.002545 0.463992 -0.485100 0.286201 -0.640013 0.275223
VERTEX_POSE A2757 0.514681 -0.577500 0.804212 0.354094 0.122596 0.095751 -0.236318 0.028692 -0.919401 0.145321 0.308715 -0.224117 0.458117 -0.705146 0.138306 0.464310 -0.266447 -0.276002 -0.705394 -0.579351
VERTEX_POSE A2758 0.704200 -0.290444 -0.195855 0.771176 0.727471 0.331221 0.370407 -0.652476 0.122829 0.739915 0.310126 0.129246 -0.537453 -0.141139 0.454549 -0.117907 0.664127 0.807395 -0.112104 -0.130810
VERTEX_POSE A2759 -0.462880 -0.849549 -0.215186 0.757791 0.894410 -0.623978 -0.106216 0.180943 0.002572 -0.633105 -0.594065 -0.642470 0.199125 -0.536346 0.151043 -0.635165 0.052763 -0.418406 -0.380542 0.569119
VERTEX_POSE A2760 -0.855166 -0.517547 -0.828701 -0.336012 -0.057537 -0.346906 0.062722 0.271601 0.272563 -0.565880 -0.680150 0.801818 0.116613 0.397949 -0.219862 0.548477 -0.402302 0.337807 0.601182 -0.378706
VERTEX_POSE A2761 0.914662 -0.862841 -0.511723 -0.047079 -0.788949 -0.684766 0.630937 0.280361 -0.426377 -0.213023 -0.490470 0.319920 0.677916 -0.648552 -0.422336 -0.310337 -0.503071 -0.261884 0.025695 0.084478
VERTEX_POSE A2762 0.272478 -0.331257 0.956573 -0.937194 -0.594869 0.214841 0.622814 0.693029 0.306823 -0.344834 -0.091730 0.889241 -0.195694 0.068115 0.126053 -0.067921 -0.179829 0.230357 0.671032 -0.688707
VERTEX_POSE A2763 -0.604395 0.287343 -0.416073 0.528786 -0.300855 0.541851 0.598990 0.336199 0.397569 -0.332563 -0.126817 -0.287173 -0.525185 0.411333 0.573779 -0.398359 -0.470326 -0.369657 0.310006 -0.693171
VERTEX_POSE A2764 -0.511138 0.089039 0.203742 0.541652 0.006067 -0.743426 0.305527 -0.531822 0.314856 0.062635 -0.119619 -0.524333 -0.204306 0.422281 0.207126 -0.264069 -0.720436 0.174235 0.889526 0.074205
VERTEX_POSE A2765 -0.593914 -0.374652 0.950164 -0.611625 0.401484 0.644922 -0.341755 -0.305186 -0.011081 -0.687883 0.020503 -0.093220 -0.465845 0.747102 0.276040 0.433669 0.569431 0.706445 0.070277 0.155013
VERTEX_POSE A2766 0.825849 -0.582861 0.088726 -0.641348 -0.775044 0.338872 -0.245872 -0.319403 -0.615975 0.129268 -0.526177 -0.396749 -0.631883 -0.321265 -0.585955 0.062883 0.628250 0.070622 -0.720837 0.351012
VERTEX_POSE A2767 -0.550375 0.232707 -0.562027 0.942957 0.006140 -0.560129 0.582832 -0.038348 -0.355020 0.177709 0.034699 -0.412899 0.118028 0.518075 -0.515091 -0.776535 0.174754 0.352720 0.108579 0.835694
VERTEX_POSE A2768 -0.655889 0.401416 0.315556 -0.976900 -0.719230 0.057697 0.428345 -0.540182 -0.760931 -0.272720 -0.058590 -0.493963 0.265722 -0.500434 -0.229878 0.786615 0.554716 0.347580 0.229724 -0.382919
VERTEX_POSE A2769 0.523177 0.947240 0.396545 0.335644 -0.694093 0.567273 0.699800 -0.052449 0.477872 0.026959 -0.064845 0.173235 -0.397670 0.543672 0.154299 -0.390387 -0.821858 -0.629302 0.446105 -0.148371
VERTEX_POSE A2770 -0.458510 -0.802010 -0.148526 -0.538983 -0.125802 -0.084899 0.492670 -0.533888 0.443377 -0.280444 -0.051209 0.301637 -0.598253 -0.624506 -0.185684 0.286889 -0.562797 -0.818991 -0.488278 -0.074787
VERTEX_POSE A2771 0.196262 -0.125414 -0.504560 0.627721 -0.949844 0.615330 -0.323071 0.130237 0.423902 -0.232900 0.308452 -0.393128 -0.720394 -0.466975 0.215977 0.529841 -0.623988 -0.490388 0.204162 0.529593
VERTEX_POSE A2772 0.461227 0.267383 -0.873381 0.264102 0.423252 0.224639 0.451856 0.122176 0.584678 0.351680 -0.629208 -0.146844 0.768254 0.447834 0.291618 -0.219048 0.504700 0.707874 -0.184259 0.365913
VERTEX_POSE A2773 0.832598 -0.037873 0.257250 0.274477 0.743183 0.238311 0.796022 -0.508440 -0.082670 0.197027 -0.034837 0.539217 -0.049973 0.387804 0.477303 -0.542835 -0.678263 -0.646375 -0.174249 -0.360337
VERTEX_POSE A2774 0.415524 -0.769419 -0.053487 -0.316341 -0.790552 -0.593026 0.393111 0.611770 0.446697 -0.293995 0.552830 0.243973 -0.014973 -0.275084 -0.046834 0.594767 -0.418947 -0.622147 -0.636442 -0.262542
VERTEX_POSE A2775 0.606299 0.374666 -0.640703 0.833868 -0.192268 0.838321 0.275908 -0.328177 -0.445257 -0.052851 -0.692114 -0.157189 0.728584 0.390310 0.077535 0.192633 -0.449926 0.261237 -0.594256 0.241874
VERTEX_POSE A2776 0.152160 0.768611 -0.120060 0.084400 0.332238 -0.653599 -0.179959 0.105049 0.435536 0.332359 0.273470 -0.365466 -0.350494 0.467626 -0.349329 0.797648 0.402078 -0.357101 0.313152 -0.730642
VERTEX_POSE A2777 0.948011 0.978902 0.075231 0.095860 -0.521064 -0.167850 -0.118352 -0.014763 0.531479 -0.798762 -0.265668 -0.094136 -0.212145 0.109177 0.006882 -0.288500 0.942037 -0.824892 -0.468758 -0.172767
VERTEX_POSE A2778 -0.488415 -0.513173 0.642963 0.757318 -0.294435 -0.456903 -0.409231 -0.312374 -0.094187 -0.562864 0.092856 -0.531331 0.026707 0.835221 0.396844 0.352740 0.299972 -0.585295 0.624960 -0.325918
VERTEX_POSE A2779 0.569671 -0.072870 -0.227160 0.111968 -0.789576 -0.235894 0.389931 0.082657 0.699520 -0.054804 0.639185 0.289343 -0.390693 -0.048870 0.609101 0.420059 -0.668327 0.017398 -0.718234 -0.368186
VERTEX_POSE A2780 -0.697533 0.297510 -0.492305 0.670642 -0.162301 0.566136 0.504054 -0.186767 -0.157164 0.180862 -0.654521 -0.124721 -0.609305 0.122227 0.387772 0.157084 0.642375 0.699190 -0.563285 -0.330357
VERTEX_POSE A2781 0.165284 0.168789 -0.157988 0.753638 0.105806 -0.525656 0.666425 0.275591 0.429590 -0.065348 -0.040633 0.134959 -0.380493 0.225275 -0.560501 -0.606495 0.434870 -0.454711 -0.197475 -0.826159
VERTEX_POSE A2782 -0.497920 -0.233741 -0.534196 0.788378 -0.701409 0.220288 0.123992 0.179432 0.469901 -0.551923 -0.580995 0.110319 0.485442 0.143005 -0.497619 0.388396 -0.747777 -0.686201 -0.541758 0.225008
VERTEX_POSE A2783 -0.679523 0.135976 -0.848595 0.402267 -0.082720 -0.487784 -0.559870 -0.033360 0.564127 -0.069862 0.714552 -0.471312 0.364738 0.291022 0.378959 0.327031 -0.607407 0.279435 -0.664591 -0.186185
VERTEX_POSE A2784 0.410906 -0.962060 -0.569856 0.233544 0.104290 -0.095770 -0.271718 -0.271540 -0.347540 0.653438 -0.668942 -0.619911 -0.215589 0.056409 0.433941 0.581276 0.278075 0.545389 -0.338862 -0.631090
VERTEX_POSE A2785 0.422216 0.357737 -0.288634 -0.462426 -0.033297 -0.190226 0.707682 0.672151 -0.494404 0.448283 -0.611532 -0.073310 0.204963 -0.319319 -0.636790 -0.165935 0.089712 0.555431 0.478210 -0.253434
VERTEX_POSE A2786 0.002374 -0.372189 -0.915621 0.790272 -0.507965 -0.380483 -0.748587 -0.467815 -0.552273 0.051651 0.422020 -0.717095 0.294948 -0.144588 -0.184602 0.355056 0.083141 -0.043854 -0.473171 0.758440
VERTEX_POSE A2787 -0.379121 -0.751752 -0.737829 -0.822918 0.554866 -0.445061 0.117668 0.188804 0.406901 0.070881 0.450123 0.589723 -0.370200 0.398079 -0.481284 -0.759103 0.349919 0.238631 -0.517538 -0.693421
VERTEX_POSE A2788 -0.063104 0.780237 -0.484422 0.891667 -0.910701 0.295585 0.103028 0.198561 -0.641176 0.606799 0.430756 -0.006410 0.413085 -0.218059 0.682359 0.608225 0.081042 -0.189388 0.283907 -0.849061
VERTEX_POSE A2789 -0.293426 0.337367 -0.111477 0.561448 -0.780493 0.526341 -0.686713 -0.316540 0.334986 0.431168 0.424743 0.041488 -0.112599 0.484464 0.774346 0.343922 -0.081191 -0.097037 0.459954 -0.691447
VERTEX_POSE A2790 0.157999 -0.601301 0.046985 0.934873 0.449276 0.113465 0.564957 -0.110676 -0.274008 0.506437 -0.427593 0.604201 0.402545 0.597224 -0.728276 0.304320 0.579923 0.128844 0.411937 -0.334555
VERTEX_POSE A2791 0.081730 -0.737310 -0.313123 -0.444345 0.031762 -0.370969 0.560859 -0.363120 0.079857 0.478172 0.157353 -0.385638 -0.427848 -0.701643 0.656265 0.331696 -0.589597 0.525931 -0.404614 -0.058792
VERTEX_POSE A2792 -0.378764 0.474526 0.376800 -0.485631 -0.569442 0.405702 0.031374 0.298086 0.574516 -0.450949 0.526363 0.018904 0.599023 0.371562 -0.122946 0.506381 0.458884 -0.699903 -0.424748 0.534279
VERTEX_POSE A2793 -0.569523 0.067442 0.003558 0.997678 0.854407 -0.335220 0.604445 0.718562 -0.034399 -0.662701 0.568330 -0.233652 -0.396742 0.138846 0.492331 0.194779 0.008632 0.767763 -0.011422 0.375921
VERTEX_POSE A2794 0.477336 0.550033 0.270805 -0.915559 0.730908 0.360405 -0.683377 -0.546308 -0.424707 -0.382458 -0.225140 -0.322523 -0.498765 0.642224 0.418028 0.244529 -0.010837 0.641065 -0.279571 0.488150
VERTEX_POSE A2795 0.110098 -0.436435 -0.419458 -0.943978 0.436625 -0.578118 0.249402 -0.654222 0.258031 -0.094300 -0.266834 -0.273497 0.721493 0.137349 -0.013253 0.382003 0.590767 -0.724033 -0.512277 0.364586
VERTEX_POSE A2796 -0.163437 0.692790 -0.046278 -0.613947 0.255891 0.605322 0.321503 -0.390190 -0.256202 0.129969 -0.722202 0.567073 0.299885 0.394407 0.025174 -0.619723 0.205354 -0.495722 0.636990 0.358399
VERTEX_POSE A2797 0.303185 0.967172 -0.640469 -0.556907 0.955863 -0.546196 -0.665445 0.092804 -0.274625 -0.071855 0.236070 -0.458982 0.292785 0.669112 0.508881 -0.650496 0.369463 -0.395761 -0.207729 -0.592827
VERTEX_POSE A2798 0.559723 0.796273 0.018515 0.998979 -0.557236 0.249120 0.300681 -0.727893 -0.522016 0.171260 0.094822 -0.672194 -0.533529 -0.278615 0.422111 -0.597521 0.335308 -0.188190 0.488443 0.520694
VERTEX_POSE A2799 0.180674 0.094206 -0.730722 -0.590847 0.536661 -0.126344 0.263651 -0.583831 0.799503 -0.433880 -0.238522 0.218712 0.220922 0.762775 0.109638 0.678855 -0.125909 -0.533833 -0.482272 0.067602
VERTEX_POSE A2800 -0.173638 0.914412 0.756076 0.778737 -0.738230 0.498346 -0.454347 -0.535479 -0.307206 -0.123652 -0.531825 -0.783146 -0.323307 -0.193952 0.078482 0.589575 -0.626731 -0.194419 0.571098 -0.003951
VERTEX_POSE A2801 -0.898787 0.994263 0.869988 -0.540004 0.316963 -0.625436 -0.074258 -0.579916 0.049459 0.642911 -0.573392 -0.774376 0.179450 0.466667 0.063669 0.559226 0.313911 0.051677 0.486019 0.136386
VERTEX_POSE A2802 -0.623064 0.968792 -0.235281 -0.963125 0.586817 0.046908 -0.304410 0.558894 -0.558047 0.726245 0.099562 -0.442245 -0.026229 0.520095 0.495976 0.270803 0.629188 -0.494783 -0.553064 0.106530
VERTEX_POSE A2803 -0.712411 0.181796 0.882695 0.042839 0.685022 -0.792805 0.465296 -0.291549 -0.487777 -0.579437 -0.040848 0.348990 0.051344 -0.829375 -0.079242 -0.312866 -0.474724 0.073894 0.589262 0.010261
VERTEX_POSE A2804 0.933811 -0.043610 0.127238 0.734473 0.060146 -0.530671 0.082207 0.189306 0.601631 -0.025190 0.750562 -0.048449 0.646164 -0.080463 -0.499662 -0.530651 0.394511 -0.323139 0.541746 0.488576
VERTEX_POSE A2805 0.792460 -0.800627 0.711232 -0.279466 0.796265 -0.649539 0.078951 -0.512376 -0.327517 0.684585 -0.007911 -0.170346 -0.262119 -0.527228 -0.037860 0.558752 0.260141 0.663611 0.379738 -0.625912
VERTEX_POSE A2806 0.893888 -0.443538 -0.758008 -0.123294 -0.507246 -0.688128 0.044184 -0.650378 0.307930 -0.363462 -0.636572 -0.653457 -0.237113 0.392811 -0.044926 -0.540805 0.031767 0.051327 -0.719201 0.128355
VERTEX_POSE A2807 0.085971 -0.274999 -0.992822 -0.181127 -0.607617 -0.611047 0.576459 -0.319781 0.149023 0.609793 0.306245 0.186716 -0.297565 0.037076 -0.674349 -0.296272 0.667773 -0.338827 -0.345724 -0.597209
VERTEX_POSE A2808 0.740472 -0.821725 -0.213537 0.816394 -0.724798 0.267468 0.271091 -0.616459 0.045277 -0.840214 -0.228691 0.099926 -0.404261 0.423208 0.785310 0.141719 0.461452 -0.547462 0.192457 0.419089
VERTEX_POSE A2809 -0.594527 0.043289 0.884955 -0.365976 0.198318 0.456390 -0.565531 0.042750 0.587036 0.550823 -0.000098 -0.539068 0.435755 -0.008956 0.100790 0.162065 0.948615 0.382549 0.400776 -0.313402
VERTEX_POSE A2810 -0.344358 0.652131 -0.219982 0.930841 -0.397192 -0.482437 0.318935 0.591687 -0.276793 -0.213792 0.345531 0.518624 -0.643820 0.405855 0.638205 0.657808 0.157669 -0.119850 -0.073205 -0.583898
VERTEX_POSE A2811 -0.957061 0.475785 0.294157 0.487036 0.112901 -0.387080 0.582824 -0.300393 -0.017811 -0.547457 0.437310 0.170268 -0.376058 -0.467642 -0.768549 -0.075746 0.401034 0.479785 0.462007 0.582243
VERTEX_POSE A2812 0.570758 -0.787922 -0.273033 -0.612337 -0.695876 -0.603886 -0.359460 0.157422 0.476424 -0.463491 0.451066 -0.233829 -0.583327 0.301906 0.582054 -0.324093 -0.249396 -0.121979 -0.458975 -0.786392
VERTEX_POSE A2813 0.157722 -0.581611 0.245822 0.719220 -0.098601 -0.633753 0.323860 -0.569338 -0.503537 -0.293935 0.556667 -0.372980 -0.677351 -0.341302 -0.246523 0.574409 0.082188 -0.380683 0.141307 0.492681
VERTEX_POSE A2814 -0.636584 -0.388239 0.445563 -0.110697 -0.969819 0.390298 -0.100087 0.411614 0.720150 -0.370917 -0.235254 -0.252195 0.049725 0.681171 0.475560 0.308007 0.490473 0.198223 0.868944 -0.265843
VERTEX_POSE A2815 -0.018336 -0.749982 0.157111 0.621207 0.408414 -0.566627 0.139579 -0.515441 0.751275 0.244135 -0.488070 0.010375 -0.853209 -0.481944 0.333256 -0.335705 0.310052 0.057907 0.283289 -0.409521
VERTEX_POSE A2816 -0.420062 0.776127 0.957188 -0.743207 0.868102 0.207104 0.331949 0.663906 -0.610830 -0.446228 0.278498 0.664994 -0.616121 0.326372 -0.363688 -0.038896 0.568315 -0.097509 -0.556392 -0.228401
VERTEX_POSE A2817 0.365790 0.239572 0.529941 -0.320425 -0.477783 -0.400341 0.716802 0.325478 -0.147691 -0.571495 0.266457 -0.027486 0.095910 0.644495 0.809164 0.063014 0.454778 -0.403004 -0.382646 0.448183
VERTEX_POSE A2818 0.602543 -0.501733 0.419282 0.798288 -0.036720 0.149411 0.569241 -0.646783 -0.860584 0.274552 0.063795 -0.248289 -0.766430 -0.416962 0.385097 -0.059483 0.351149 0.164694 -0.098149 -0.529564
VERTEX_POSE A2819 0.516834 0.556364 -0.527233 -0.851539 0.957401 0.324337 0.274643 -0.301417 -0.708862 -0.181335 -0.180145 0.547182 -0.482803 -0.462278 0.123539 -0.666725 0.623225 -0.278659 -0.462676 -0.524009
VERTEX_POSE A2820 -0.927636 -0.423061 -0.581535 -0.758977 -0.258277 -0.402222 0.357110 -0.588471 -0.549749 0.497611 0.520273 -0.337993 -0.482204 -0.438017 -0.279086 -0.609748 0.435482 0.586400 0.143325 0.038906
VERTEX_POSE A2821 -0.239458 -0.103035 -0.533733 0.733161 -0.587443 -0.058750 0.527594 -0.612029 -0.477897 -0.323896 -0.659722 0.579304 0.279985 -0.322642 0.536323 -0.696662 -0.292785 0.380693 0.230230 -0.019179
VERTEX_POSE A2822 -0.401435 0.819054 0.159644 -0.295884 -0.010836 0.441164 -0.495326 -0.461633 0.342003 0.499816 -0.697374 -0.566243 -0.449809 -0.425466 0.152986 0.331020 0.177655 0.586832 -0.439241 0.296616
VERTEX_POSE A2823 -0.306400 -0.948535 0.795265 -0.244608 0.172281 -0.337077 -0.524272 0.435692 -0.240639 -0.525482 0.221717 0.790621 -0.010370 0.590854 0.385225 -0.634230 -0.376508 0.234505 -0.215993 -0.519757
VERTEX_POSE A2824 0.191019 0.964407 0.469825 0.730840 -0.733036 -0.159046 0.458719 -0.069176 -0.594654 -0.456013 -0.403033 0.725114 0.030224 -0.293897 -0.164285 0.607056 -0.659416 0.261365 -0.460650 -0.558188
VERTEX_POSE A2825 -0.924100 0.369087 -0.569551 -0.211443 -0.279929 -0.569541 -0.609795 -0.289991 -0.189851 0.580337 0.167406 0.442543 -0.399602 -0.099482 -0.266928 0.358225 -0.795897 -0.610315 -0.057898 0.494501
VERTEX_POSE A2826 0.803698 -0.384970 -0.624193 -0.188586 -0.391094 -0.227876 0.010876 0.634919 -0.007454 -0.421484 -0.470501 -0.527698 0.741820 -0.156670 0.709677 0.309984 0.354751 -0.407320 -0.419340 0.474460
VERTEX_POSE A2827 -0.972419 0.657197 -0.576453 -0.883107 0.522855 -0.226776 -0.711735 0.413593 -0.814134 0.405927 -0.203136 0.078769 0.421570 0.647240 0.430287 0.378454 0.137507 0.307257 -0.087796 -0.591481
VERTEX_POSE A2828 0.379085 0.336259 -0.210021 0.231650 -0.324065 0.674115 0.211136 0.285518 0.157483 0.221556 0.300966 -0.196154 0.701844 -0.613293 0.590102 -0.386203 -0.666105 -0.366158 -0.514390 -0.089855
VERTEX_POSE A2829 0.363421 -0.588697 0.394321 -0.189607 0.051671 -0.677163 -0.121655 -0.204050 -0.516204 0.416509 -0.453202 0.432710 0.443139 -0.627953 -0.051310 -0.712578 -0.427560 -0.291741 0.327995 0.419332
VERTEX_POSE A2830 0.208255 -0.248597 -0.307174 -0.473954 0.059516 -0.282251 0.373595 0.596320 0.190562 -0.622363 0.722307 0.426410 -0.453027 -0.264709 -0.824540 -0.515107 -0.195749 0.149427 -0.050226 -0.119524
VERTEX_POSE A2831 -0.794553 0.250672 -0.453945 0.010387 -0.062295 -0.356150 -0.338003 0.549206 0.433174 -0.430805 -0.486269 0.434313 -0.651349 0.403438 -0.566121 -0.293530 -0.002309 -0.419995 -0.435598 -0.546944
VERTEX_POSE A2832 0.464634 -0.594434 0.264310 0.270389 -0.631367 0.134334 -0.453383 0.484043 0.191228 -0.501074 -0.286586 -0.860046 -0.234410 0.363275 -0.420259 0.351849 -0.494064 -0.170556 -0.603840 -0.554529
VERTEX_POSE A2833 0.585192 -0.279805 0.457545 -0.437079 -0.353667 0.163730 -0.354395 -0.857192 0.659488 -0.012904 0.342258 0.052739 0.707924 -0.369997 0.547395 0.434343 -0.104172 -0.485639 0.429450 0.018182
VERTEX_POSE A2834 -0.506964 -0.567533 -0.571250 -0.946775 -0.377273 0.411864 0.260836 0.468920 0.365886 0.147538 0.011465 -0.615294 0.711599 0.306718 -0.445006 -0.138679 -0.496440 -0.346234 -0.620155 0.662913
VERTEX_POSE A2835 0.398445 0.361956 -0.608452 0.004862 0.428779 -0.366750 0.630139 0.597240 0.602622 0.614895 -0.062057 -0.234245 0.451885 -0.778848 -0.447942 0.133567 0.032557 -0.496809 -0.052810 -0.178292
VERTEX_POSE A2836 0.377652 -0.080432 0.168776 0.283455 -0.557401 0.086519 -0.399356 -0.058144 0.524947 -0.694385 0.029428 0.400876 0.385745 -0.763240 0.195909 -0.222273 -0.384284 0.719628 0.400175 0.515310
VERTEX_POSE A2837 -0.613075 -0.011071 -0.329258 -0.070068 0.115480 0.011441 0.818373 -0.116552 0.377658 0.216812 -0.467750 -0.690919 -0.122902 0.113094 -0.351204 -0.191986 -0.863791 0.506488 -0.480931 -0.093279
VERTEX_POSE A2838 -0.515584 -0.913043 -0.601274 0.823736 0.821163 0.101834 -0.049083 -0.696669 0.542955 -0.571232 0.480249 -0.194911 -0.689404 -0.407518 -0.610759 -0.419481 0.193121 0.532741 -0.141575 -0.283982
VERTEX_POSE A2839 0.118124 0.097843 0.955239 0.099850 -0.282199 -0.478742 0.460824 0.665373 -0.044692 -0.410430 0.152850 -0.446227 -0.020632 -0.629991 -0.740188 -0.396401 0.014020 -0.147689 0.679433 -0.369906
VERTEX_POSE A2840 -0.207602 -0.967782 -0.444303 0.563956 -0.686201 -0.056441 -0.759437 0.398076 0.345528 0.577548 0.262354 -0.084328 -0.031452 -0.283425 -0.360805 0.231015 0.800098 0.860310 -0.187983 0.228517
VERTEX_POSE A2841 0.140058 0.739088 0.178744 0.754577 -0.576030 0.094220 0.074403 0.443860 0.275621 0.038439 -0.558832 0.834074 -0.502237 0.135249 0.454783 0.811463 -0.166249 0.112467 0.286830 0.666906
VERTEX_POSE A2842 0.161063 -0.426372 0.249396 -0.413114 0.830701 -0.577046 0.678701 0.443435 -0.572426 -0.329450 -0.347911 0.101726 -0.189353 0.258124 -0.505450 -0.107694 -0.416886 -0.271143 -0.619173 0.664756
VERTEX_POSE A2843 -0.636844 -0.755704 0.282664 0.951619 -0.382077 -0.654234 0.133105 -0.623376 -0.374943 -0.554892 -0.129951 0.115356 -0.761848 -0.100106 -0.636051 -0.004029 0.736891 0.116309 -0.306512 0.203680
VERTEX_POSE A2844 -0.702219 -0.842523 -0.575433 0.473797 0.325369 -0.408089 0.257305 0.482563 0.459215 0.775525 -0.295033 0.587870 -0.557739 -0.014397 -0.007512 -0.006316 -0.519479 -0.526249 -0.145751 -0.640330
VERTEX_POSE A2845 0.524479 0.185389 -0.305041 0.476189 0.860882 -0.589035 0.582549 0.411807 -0.295745 0.403508 -0.720830 0.282534 0.345617 -0.436132 0.264633 0.497605 0.332513 0.644761 0.361601 0.100215
VERTEX_POSE A2846 0.344820 -0.505686 -0.560226 0.572825 -0.973663 -0.550447 -0.462498 -0.411305 0.544739 -0.432835 -0.152369 0.522739 0.077580 -0.670485 -0.298306 -0.271886 -0.408201 -0.195003 0.720284 -0.437531
VERTEX_POSE A2847 -0.122282 0.933604 -0.618245 0.730590 0.193472 0.040157 0.423774 0.697104 0.035607 -0.660911 0.656466 0.551432 0.260080 0.190207 0.045133 0.527813 0.097784 -0.831267 0.193347 0.193281
VERTEX_POSE A2848 -0.109731 -0.575039 -0.775099 -0.844236 -0.616901 -0.746100 -0.316287 0.236483 0.267738 0.359272 0.547018 -0.575160 0.721878 0.020183 0.185093 0.490520 -0.123007 -0.081129 0.095758 -0.793290
VERTEX_POSE A2849 -0.052636 -0.007419 0.859056 0.371114 -0.010383 -0.100869 -0.139895 -0.402581 0.079285 0.197868 -0.402278 0.676889 -0.715990 0.092597 -0.520494 -0.580531 -0.493719 0.504427 0.302688 -0.650975
VERTEX_POSE A2850 -0.605447 0.489968 -0.145478 0.879051 0.150873 -0.348344 0.713594 -0.351712 -0.381409 -0.692066 -0.460015 -0.640119 -0.010748 0.582912 0.227405 -0.108131 0.561056 -0.521265 -0.004460 0.100571
VERTEX_POSE A2851 -0.037367 0.001899 -0.356634 -0.603213 0.124822 0.485173 -0.425886 0.253250 -0.684166 -0.406766 0.154250 -0.003363 -0.574133 -0.795621 0.414868 -0.460843 0.313331 0.352701 0.333403 -0.425302
VERTEX_POSE A2852 0.707906 0.889546 -0.674676 0.104275 0.402174 0.042260 -0.386376 0.468412 -0.600605 -0.263123 -0.678079 0.422814 0.636689 -0.359821 0.572345 -0.560600 -0.255869 0.362128 -0.248666 -0.354766
VERTEX_POSE A2853 -0.006883 0.309023 -0.985834 -0.416833 -0.859964 -0.498812 0.124942 0.123454 -0.410592 -0.209164 -0.866702 0.274393 -0.158897 -0.286732 0.691563 -0.201525 -0.235422 0.170437 0.935296 -0.309754
VERTEX_POSE A2854 0.656233 0.053365 -0.561369 0.152179 -0.702896 -0.706413 0.146217 -0.635336 0.378508 -0.681875 -0.615166 -0.442484 -0.187743 0.076868 0.322651 0.558747 -0.310652 -0.240449 -0.407702 0.339862
VERTEX_POSE A2855 -0.101075 0.853953 0.795149 -0.164885 0.669138 -0.515552 0.276478 0.601901 0.539477 0.112775 0.465689 0.389537 -0.563898 -0.055318 0.451214 0.175441 0.470089 -0.296373 -0.749721 0.443628
VERTEX_POSE A2856 0.069018 -0.321890 -0.555386 0.371724 -0.139892 0.421721 0.435866 -0.430078 0.570132 -0.286142 -0.339105 0.480372 0.458247 0.730146 -0.192324 0.682523 -0.393987 0.478910 -0.228726 -0.108177
VERTEX_POSE A2857 0.459931 0.668395 -0.185563 0.963594 -0.093990 -0.258751 -0.042638 0.496492 0.024412 0.936370 -0.128054 -0.751790 0.213196 -0.120451 -0.256321 -0.251433 -0.796469 -0.549147 -0.112793 0.297029
VERTEX_POSE A2858 -0.073494 0.511151 -0.781303 -0.047992 0.191993 -0.664202 -0.027690 -0.593946 -0.381586 0.139378 -0.211944 0.335126 -0.676990 -0.316562 -0.494830 -0.196272 0.702710 0.236774 0.694960 -0.091075
VERTEX_POSE A2859 -0.551897 -0.985631 0.234593 -0.396626 0.536043 0.141097 -0.555357 -0.165540 -0.681816 -0.130626 0.578844 -0.182389 -0.527683 0.250562 0.670239 -0.307750 0.551439 0.180923 0.548959 0.520259
VERTEX_POSE A2860 -0.176648 -0.920302 -0.791242 -0.226013 0.957680 0.293493 0.005326 -0.483576 -0.361451 0.047747 -0.779055 0.274149 -0.171933 -0.396472 0.800176 -0.232537 -0.026914 -0.260339 -0.956064 0.036245
VERTEX_POSE A2861 -0.865239 -0.737446 -0.088478 0.478054 -0.748491 0.576256 0.655485 -0.028591 0.266201 -0.182430 -0.922828 -0.168973 0.381805 0.074217 0.398178 0.254329 0.110236 -0.640288 0.571490 -0.360432
VERTEX_POSE A2862 -0.346450 0.265041 0.780649 0.613761 -0.526253 0.294563 -0.033815 0.601379 -0.272934 0.132840 -0.467779 0.161572 0.921451 -0.153870 0.081900 0.333434 0.516701 -0.897734 0.144778 0.358986
VERTEX_POSE A2863 -0.712013 -0.514736 0.473068 -0.955624 -0.673686 -0.281796 0.179021 -0.232080 -0.056948 0.464731 0.248678 0.727547 -0.214532 0.515209 0.503970 -0.139572 -0.781779 -0.366110 -0.828537 0.087632
VERTEX_POSE A2864 0.719953 -0.017251 -0.630933 -0.959025 -0.102158 0.441524 0.548065 -0.556982 0.153639 -0.065471 0.396366 -0.160770 0.064865 -0.519903 -0.123869 -0.746942 -0.510286 0.860384 -0.364976 0.044434
VERTEX_POSE A2865 0.146587 0.697508 -0.790601 0.666987 0.096474 0.252797 -0.625550 0.692144 0.380373 -0.146032 -0.257128 -0.577490 -0.252327 -0.279106 -0.466110 0.450358 0.607154 0.490568 0.566454 0.091021
VERTEX_POSE A2866 0.686432 0.847220 0.864616 0.049239 0.755093 0.471547 -0.605561 0.247143 0.151974 -0.219035 0.427284 -0.127982 -0.623814 -0.727622 -0.855739 -0.246307 0.286810 0.076679 0.368115 -0.380336
VERTEX_POSE A2867 0.097605 0.902317 0.537843 0.324430 0.340441 0.741830 -0.403142 -0.308527 0.442426 0.093223 0.400509 -0.054026 -0.484176 0.809367 -0.032825 -0.645874 -0.242347 0.499952 0.420959 0.174918
VERTEX_POSE A2868 0.533511 -0.313563 -0.119860 -0.403081 -0.788046 0.047339 -0.393386 0.871470 -0.548358 0.603215 0.116200 -0.470300 -0.645345 -0.385225 -0.001557 -0.246080 -0.159824 0.689839 0.065975 -0.230424
VERTEX_POSE A2869 -0.829152 0.934177 -0.736658 -0.127026 0.576256 -0.678119 0.375387 -0.446000 -0.027447 -0.561219 0.121921 0.383315 -0.355451 -0.828415 -0.185041 -0.408457 0.292027 -0.598524 -0.500935 -0.121108
VERTEX_POSE A2870 -0.784271 0.000160 0.493082 -0.575720 -0.941759 -0.054329 -0.054523 -0.138285 -0.488134 0.125378 -0.618819 0.331574 -0.787990 -0.500145 -0.178487 -0.527287 0.587664 0.785478 0.286962 -0.049466
VERTEX_POSE A2871 -0.674091 -0.281345 0.435837 -0.839125 -0.474247 0.683401 -0.405019 -0.144253 0.214084 -0.658726 0.368990 0.278779 0.055010 -0.809029 0.356758 0.398790 0.043990 -0.531166 -0.489878 -0.431944
VERTEX_POSE A2872 0.310906 0.673265 0.442087 -0.372448 -0.999774 -0.552636 0.747194 0.270539 0.058300 -0.025502 -0.301319 -0.736445 -0.612492 -0.040193 -0.137051 -0.189188 0.659642 0.360639 -0.173532 0.631880
VERTEX_POSE A2873 0.376791 0.573789 -0.257521 0.011166 0.888943 0.754519 0.008458 0.301728 0.440020 0.532112 -0.345446 0.018797 -0.489545 0.517459 0.482832 -0.409977 -0.087696 -0.060025 0.555923 0.717059
VERTEX_POSE A2874 -0.310935 -0.037049 -0.281499 -0.887506 0.143676 0.104472 -0.853090 -0.382723 -0.208470 0.109986 -0.077082 -0.691077 0.060375 0.218995 -0.663049 -0.106044 -0.459336 0.168536 0.495228 -0.767224
VERTEX_POSE A2875 0.608687 0.830743 0.866653 -0.898651 0.325596 -0.117654 0.911690 0.287292 -0.542262 -0.388605 0.468985 -0.318696 0.003423 0.568495 -0.459307 0.085307 -0.394934 -0.616100 0.102563 -0.467287
VERTEX_POSE A2876 -0.098730 -0.240823 0.437438 -0.512645 0.749825 -0.326576 0.352234 0.311507 0.203905 0.425247 -0.503619 -0.045961 0.592927 -0.462661 -0.640709 0.377235 0.314177 -0.662684 -0.448585 -0.580146
VERTEX_POSE A2877 -0.966114 0.457265 0.158275 0.685319 0.170013 -0.777840 -0.194192 -0.454398 -0.034329 0.201817 0.461579 -0.293813 -0.495747 0.205611 0.088415 -0.709782 0.450343 -0.547397 0.414733 0.579122
VERTEX_POSE A2878 -0.513595 0.764347 -0.751591 0.831939 -0.480933 -0.133099 0.140844 -0.256584 -0.447521 0.724999 0.497612 -0.097057 -0.056159 0.301123 -0.615197 0.124688 -0.695572 0.627791 0.660181 -0.334741
VERTEX_POSE A2879 0.791539 0.184138 0.662339 -0.356881 -0.867076 -0.388459 0.071369 -0.424441 0.650986 -0.253721 0.439763 0.404234 -0.520919 -0.705944 0.451627 0.604455 -0.357455 0.240715 0.542043 -0.018091
VERTEX_POSE A2880 -0.018751 -0.550155 0.017331 0.056433 -0.840369 -0.084927 -0.770851 0.239340 -0.240235 0.129039 -0.251895 0.343122 0.007269 -0.817068 -0.425422 -0.529969 -0.456445 -0.797721 0.328963 -0.057645
VERTEX_POSE A2881 -0.119042 0.254315 0.102930 0.710990 0.669940 0.645374 0.163575 -0.745438 -0.089916 -0.613764 -0.244926 0.580989 -0.130247 0.467127 -0.470416 0.363842 -0.335689 0.128716 0.668724 0.231169
VERTEX_POSE A2882 -0.245828 -0.813963 -0.694296 0.039906 0.257747 -0.039583 0.552037 0.487056 -0.335246 0.257265 0.444523 -0.604903 -0.476729 0.443940 0.138084 -0.619592 0.149984 0.707861 -0.133812 0.587876
VERTEX_POSE A2883 -0.310845 -0.660609 0.342655 -0.839292 0.561805 -0.665448 0.552044 -0.125722 -0.497130 -0.056284 0.755968 0.492821 0.473992 0.530092 -0.098916 -0.662728 0.271287 0.239548 0.167934 0.241065
VERTEX_POSE A2884 0.874075 -0.436662 0.117096 -0.705843 0.809977 0.490355 -0.476585 -0.480958 0.086352 0.554153 -0.144447 0.557858 0.570511 -0.313189 0.620565 -0.073602 0.771078 0.236196 -0.367261 -0.234872
VERTEX_POSE A2885 -0.589595 0.239402 -0.255665 -0.807915 0.554850 -0.401693 0.149996 -0.087068 0.511012 -0.621261 -0.070119 -0.555370 -0.532757 0.628183 -0.169796 0.450853 0.130735 -0.490146 -0.323168 -0.758813
VERTEX_POSE A2886 0.588079 -0.806655 0.137804 -0.004177 0.230943 0.204512 0.527929 -0.442602 0.517791 0.442795 0.137124 -0.690525 0.602454 0.395813 0.091374 0.391472 -0.341028 -0.452651 -0.094986 -0.715774
VERTEX_POSE A2887 -0.056908 0.241448 0.561710 0.665881 -0.329916 -0.236459 -0.709835 0.260704 0.743462 -0.295529 -0.563003 -0.538104 -0.386571 -0.608691 -0.204808 0.422159 -0.211529 -0.244640 0.284853 -0.447003
VERTEX_POSE A2888 0.870337 -0.092203 0.558772 -0.844321 -0.539140 -0.078780 0.197842 -0.295878 0.576687 -0.076471 0.692670 0.483720 0.750303 -0.068691 -0.498198 0.625819 0.279582 -0.423131 -0.020160 0.591422
VERTEX_POSE A2889 -0.485415 0.704495 0.356500 0.947831 -0.577065 0.623453 0.489538 0.536392 0.415500 -0.497442 -0.382272 -0.027852 -0.267391 0.329671 -0.633555 -0.032844 0.422025 0.191046 -0.663572 0.528549
VERTEX_POSE A2890 0.391195 0.255817 -0.203696 -0.730744 -0.793873 -0.640172 -0.058027 0.432296 0.156809 0.295900 0.567948 0.237698 0.863083 -0.050141 -0.119992 0.047260 -0.678071 0.703344 -0.402405 0.168111
VERTEX_POSE A2891 -0.306311 -0.012505 0.767530 -0.070334 -0.581460 0.165088 -0.108167 0.181938 0.507259 -0.634738 0.326201 0.674319 0.566568 -0.352677 0.249406 0.402477 0.785636 -0.445561 0.320031 0.344799
VERTEX_POSE A2892 -0.350653 0.967049 -0.731977 0.425885 -0.325556 0.184273 0.456059 0.038636 -0.232541 -0.334427 0.106966 0.360149 -0.751789 0.344490 -0.655117 -0.303490 -0.531803 0.594208 -0.151248 -0.765231
VERTEX_POSE A2893 -0.955255 -0.479142 -0.423047 0.883017 -0.320126 0.288470 -0.623606 -0.526173 -0.358459 0.199965 -0.768777 0.497555 0.446796 0.040429 0.529099 0.451017 -0.351671 0.510672 -0.409984 0.082565
VERTEX_POSE A2894 -0.018324 0.472758 0.240598 -0.025958 -0.255146 0.671964 0.598967 -0.318023 -0.458021 -0.043918 -0.766967 0.153734 0.130825 -0.092082 -0.531046 0.749198 0.044923 -0.181760 0.246774 0.547837
VERTEX_POSE A2895 -0.630700 -0.050202 -0.362910 0.466859 0.572287 -0.323895 0.627616 -0.602467 0.351721 -0.449835 -0.521763 0.523669 0.222699 0.394170 -0.274757 -0.580388 -0.190182 0.649356 0.131533 -0.416243
VERTEX_POSE A2896 0.191332 -0.781634 -0.213649 0.550003 0.776348 0.470570 0.007656 -0.624725 -0.348120 -0.561399 -0.517003 0.348862 0.442574 0.112260 0.343435 0.219948 -0.451069 0.646316 -0.663719 0.355472
VERTEX_POSE A2897 -0.331892 0.319978 0.105215 -0.976719 -0.500053 0.494614 0.500331 -0.325775 0.182788 -0.454318 -0.186917 0.001736 -0.545490 -0.697575 0.541933 -0.474558 0.582401 -0.654408 -0.143181 0.182016
VERTEX_POSE A2898 0.466904 -0.147885 -0.825067 -0.208711 -0.087273 0.227795 -0.221602 0.388938 0.153317 0.542333 0.482452 -0.171482 0.533697 0.424735 -0.601101 -0.508031 0.564631 -0.730667 0.337401 -0.341699
VERTEX_POSE A2899 -0.275157 -0.095197 0.666492 -0.853078 0.988303 0.533752 -0.551543 0.289881 0.418408 -0.033371 -0.891288 -0.378562 -0.237840 -0.309627 -0.575402 -0.023863 -0.145938 -0.256219 -0.798467 -0.066396
VERTEX_POSE A2900 -0.161044 0.254155 0.368557 -0.103745 -0.923797 0.768005 -0.553012 -0.253728 0.273740 0.389298 0.246815 0.089671 0.567858 -0.634562 0.319572 0.224788 0.683267 0.474412 0.411865 -0.071985
VERTEX_POSE A2901 0.682633 0.852276 0.668015 0.215569 -0.029031 0.379389 0.619047 -0.098579 -0.006668 0.381760 0.456109 -0.723816 0.513942 -0.439758 0.425721 0.438486 0.046183 0.388422 -0.120969 -0.765981
VERTEX_POSE A2902 0.050752 0.623458 0.102329 -0.692203 -0.485944 -0.410460 0.511886 -0.350153 0.380711 -0.636072 -0.390381 0.036409 -0.092909 -0.356353 0.512977 0.225284 0.620075 -0.649701 -0.523450 0.462076
VERTEX_POSE A2903 -0.850138 -0.072580 -0.189356 0.523807 -0.923570 0.422788 -0.292712 -0.129552 -0.521831 -0.229820 0.428631 -0.107218 0.629734 -0.593416 0.668605 0.365566 0.513848 -0.300690 0.575585 0.428147
VERTEX_POSE A2904 0.059425 0.426064 -0.589506 -0.773265 -0.140088 -0.353659 -0.679751 -0.442881 -0.175142 0.492952 -0.827323 0.611519 0.251877 -0.137756 -0.506503 0.447925 0.230629 0.462331 -0.175665 -0.217318
VERTEX_POSE A2905 0.739818 -0.413591 0.820829 -0.579709 0.657732 0.330559 -0.329011 0.749008 -0.199998 -0.467174 -0.063385 -0.513256 0.288563 -0.142213 0.628003 0.597766 -0.084114 0.439218 -0.482604 -0.638490
VERTEX_POSE A2906 0.758549 -0.241837 -0.322703 0.625156 0.402025 0.369466 -0.690332 0.183036 -0.020838 -0.307784 0.111478 -0.698155 -0.547898 -0.412327 -0.153611 0.329937 -0.506438 0.593333 -0.140217 -0.726345
VERTEX_POSE A2907 0.960695 -0.814758 0.847932 -0.285910 -0.390263 0.706303 0.436201 0.043416 -0.045422 0.711426 0.335095 0.146360 0.290960 -0.791934 0.039746 -0.108526 -0.478211 0.689979 -0.455155 0.173151
VERTEX_POSE A2908 0.773703 -0.956326 -0.020896 -0.894390 -0.172255 -0.471050 -0.331877 0.556994 -0.826414 0.226736 -0.147987 0.030349 -0.662414 -0.530531 0.154013 0.611123 -0.053694 -0.265541 0.161817 -0.619282
VERTEX_POSE A2909 -0.755046 -0.477490 -0.074294 0.457095 0.921093 -0.804733 -0.201250 -0.498507 0.562206 -0.427544 -0.476339 0.079018 -0.281167 -0.147637 -0.088610 0.220144 0.446551 0.149108 0.805721 -0.550807
VERTEX_POSE A2910 0.752234 0.369380 0.510271 0.357209 -0.257339 0.328719 -0.327801 -0.045917 -0.530631 -0.676735 0.480928 0.354312 -0.656011 -0.523163 0.179010 -0.064061 0.414003 -0.672899 0.011059 -0.567011
VERTEX_POSE A2911 -0.245048 -0.506481 0.996435 0.162043 -0.012624 0.614421 -0.596185 -0.078345 0.579718 0.412911 0.643642 -0.520172 -0.353162 0.692189 0.125600 -0.426973 0.287349 0.007683 -0.408703 -0.133765
VERTEX_POSE A2912 0.125912 0.776825 -0.971364 0.168086 0.591033 0.592153 0.146585 -0.725062 0.317172 -0.115259 0.561299 -0.546227 0.109747 -0.285447 0.070655 0.969077 0.228349 0.495379 -0.118631 0.160013
VERTEX_POSE A2913 -0.493594 0.555417 0.815975 -0.602885 -0.999592 -0.678748 -0.351241 -0.508284 0.598299 -0.372492 -0.637670 0.107240 0.701886 -0.221962 -0.273973 0.477787 -0.481379 -0.307860 -0.130215 0.232447
VERTEX_POSE A2914 0.444107 -0.167090 0.339090 0.322751 -0.450819 -0.463435 0.486160 -0.210217 -0.268396 0.129002 -0.647948 0.025827 0.672701 0.596094 -0.782478 -0.093692 0.219046 -0.316628 -0.534511 0.364229
VERTEX_POSE A2915 -0.000013 -0.659837 0.145732 0.462243 0.401009 0.249084 0.256199 0.718329 0.617142 0.682298 -0.160134 -0.674654 0.607867 0.043455 0.205484 -0.312138 0.400198 0.244359 -0.043587 -0.544347
VERTEX_POSE A2916 -0.083189 -0.205181 -0.439690 -0.410800 0.555258 0.080230 -0.068124 0.918868 -0.769979 0.011024 0.216065 0.007768 -0.971477 0.011424 -0.409093 -0.193119 -0.320208 0.482988 -0.119059 -0.079586
VERTEX_POSE A2917 0.032187 0.026255 -0.523107 -0.681425 0.780123 -0.633933 -0.188403 0.648930 0.060866 -0.567704 0.148662 0.212837 0.275287 -0.094918 0.140568 0.677356 0.571461 0.727575 -0.328058 0.470333
VERTEX_POSE A2918 0.943079 0.581610 -0.292558 0.128124 -0.928906 0.000309 0.170705 -0.022905 -0.406468 -0.796562 -0.375208 0.510724 -0.359812 0.542873 0.741733 -0.265597 -0.455236 0.154196 0.369247 -0.597280
VERTEX_POSE A2919 -0.212852 0.702616 -0.880919 -0.255121 -0.983882 0.366608 0.287907 0.553903 -0.234018 -0.716302 0.146318 0.897416 -0.293036 -0.252361 -0.052914 0.480981 -0.583971 -0.051758 -0.294633 -0.516793
VERTEX_POSE A2920 0.546772 -0.269250 0.833394 -0.733595 -0.796942 0.510584 -0.261275 -0.783384 0.119606 -0.305495 0.427371 -0.183569 0.689660 -0.192553 -0.713150 -0.555443 -0.243127 0.427455 -0.232941 0.327834
VERTEX_POSE A2921 0.334274 -0.162572 0.503746 0.397380 -0.722779 -0.484723 0.024807 -0.276087 0.429402 -0.528895 -0.064729 -0.269934 0.625552 0.094681 -0.642059 -0.525919 0.512793 0.309117 0.227484 0.804776
VERTEX_POSE A2922 0.480837 -0.309890 0.886611 0.674545 -0.565342 -0.094194 -0.718780 0.604567 -0.375385 0.436630 0.602785 -0.380906 -0.506892 -0.271688 0.676749 -0.181701 -0.057943 -0.497127 -0.052476 -0.440428
VERTEX_POSE A2923 -0.803881 -0.302200 -0.898584 0.692290 -0.122497 0.413485 -0.734408 -0.473889 -0.369553 0.288853 -0.713679 0.233255 0.317377 -0.511352 -0.354206 0.095476 -0.047731 0.715954 0.517074 0.048289
VERTEX_POSE A2924 0.379020 0.358286 -0.919301 0.280396 -0.042905 0.699866 0.191804 0.556166 0.218400 -0.486271 0.414865 0.635025 -0.277623 -0.653720 -0.130204 0.120001 0.263235 -0.205619 -0.797042 0.148065
VERTEX_POSE A2925 -0.537487 -0.837131 0.127210 -0.351412 0.179512 -0.406302 -0.567158 -0.188292 0.480883 0.290521 0.368861 0.639774 -0.431712 -0.562549 -0.188519 -0.452868 0.506379 -0.398523 0.449961 -0.505576
VERTEX_POSE A2926 -0.434582 0.647598 -0.261494 0.159149 -0.550211 -0.527766 0.494076 0.604867 0.541801 0.631380 -0.299841 -0.428701 0.507488 -0.498462 -0.445584 -0.315147 -0.471941 0.213506 -0.019626 0.270257
VERTEX_POSE A2927 -0.429649 0.576652 -0.132950 -0.169600 -0.266557 0.621388 0.161487 -0.455934 0.160413 -0.277294 -0.212868 0.697356 -0.233933 0.652905 -0.055499 -0.899444 -0.285268 -0.314259 -0.182498 0.489028
VERTEX_POSE A2928 0.130621 0.482847 -0.767575 -0.328131 0.679460 0.480359 -0.503297 0.224793 -0.309021 0.010800 -0.115210 -0.319259 -0.042863 -0.765277 -0.377640 0.546250 0.512318 0.655151 0.668094 -0.296776
VERTEX_POSE A2929 -0.967677 -0.500287 -0.086561 0.950439 0.362517 -0.465262 0.093004 -0.709763 -0.216235 -0.966936 0.081421 0.678128 -0.133527 -0.367651 0.490525 -0.084616 0.098969 -0.190528 0.177190 0.587065
VERTEX_POSE A2930 0.295195 -0.518545 -0.466458 -0.022679 -0.278254 -0.056992 -0.621681 0.223086 -0.548291 0.667304 0.226116 0.584478 0.334564 -0.551287 0.445148 0.216121 0.553731 -0.395420 -0.097858 -0.537186
VERTEX_POSE A2931 0.969577 -0.262998 0.600982 0.568124 0.755663 0.587419 0.036115 0.737178 0.356203 -0.289784 -0.404661 -0.074273 -0.610208 0.377232 -0.414444 0.572865 0.323573 -0.592265 -0.462810 0.214043
VERTEX_POSE A2932 0.714956 -0.648011 -0.418545 0.166008 -0.666514 0.503789 -0.568393 0.583881 0.029046 0.763376 0.578264 0.509330 0.164420 -0.420271 0.292656 0.119999 -0.384015 0.632683 0.229680 0.024487
VERTEX_POSE A2933 -0.654053 -0.895087 0.635871 0.285118 0.235802 0.147828 0.248786 -0.724919 -0.455816 -0.503222 -0.218662 -0.286866 -0.376113 0.401334 -0.493945 0.737013 0.308620 -0.666412 0.015011 -0.412753
VERTEX_POSE A2934 -0.880561 0.664422 -0.588375 0.091931 0.832093 0.820310 0.071419 0.140370 -0.326904 0.444043 0.043926 -0.135870 -0.378156 -0.793731 0.404153 -0.280958 -0.258977 0.196024 0.758805 -0.530368
VERTEX_POSE A2935 -0.225619 0.778053 -0.008051 0.392742 0.193397 0.613818 0.613565 -0.032483 -0.761442 0.363728 0.080793 -0.128843 0.679572 -0.183607 -0.149320 0.130994 0.053855 -0.067348 -0.110738 -0.977653
VERTEX_POSE A2936 -0.914235 -0.308678 0.456700 0.705409 -0.106466 -0.531015 0.402860 -0.531744 0.800412 0.160194 -0.153162 0.090387 0.503271 -0.239299 -0.219398 0.276156 0.769355 -0.145119 -0.694621 -0.211230
VERTEX_POSE A2937 0.877988 -0.577415 0.088923 -0.282913 0.234118 0.710185 0.121113 0.441544 -0.434586 -0.437578 0.281047 0.272564 -0.192735 0.484809 0.387919 -0.810233 -0.420215 -0.286355 -0.316596 0.560741
VERTEX_POSE A2938 -0.264924 0.963295 -0.160119 -0.893168 0.803134 -0.563841 0.462903 0.280042 -0.452091 -0.258412 -0.554304 -0.360036 0.370697 -0.547952 0.254205 -0.338727 -0.454743 -0.532401 -0.683222 0.327538
VERTEX_POSE A2939 0.859468 -0.265004 -0.564195 0.811018 0.721279 0.367295 -0.526696 -0.313964 0.523538 0.436992 -0.673497 0.302922 0.036256 0.416855 -0.153821 0.722145 0.090578 0.689623 0.093919 0.515612
VERTEX_POSE A2940 -0.877058 -0.054905 -0.985371 -0.825817 0.155211 0.744156 -0.340607 0.498880 -0.207920 -0.535878 -0.433423 0.294560 0.054119 -0.460463 0.543677 0.405210 -0.527949 -0.143703 0.655513 0.269270
VERTEX_POSE A2941 -0.512690 0.332675 -0.649848 0.464040 -0.454205 -0.039979 -0.362556 -0.438681 -0.718098 0.635151 0.005349 0.419250 0.318807 -0.352698 0.497161 0.395646 0.566089 0.244535 0.454931 -0.602227
VERTEX_POSE A2942 -0.385580 0.228515 -0.567760 -0.026938 -0.291345 0.201987 -0.607202 -0.360496 -0.633314 -0.043155 -0.428533 0.250494 0.043516 0.608188 0.701075 0.050336 -0.473648 0.062140 0.790579 -0.303590
VERTEX_POSE A2943 0.248854 -0.278081 -0.956735 0.342268 -0.253756 -0.129241 0.612014 -0.605718 -0.552858 -0.053718 -0.201277 0.410953 0.370576 0.511229 0.474268 0.413097 -0.274329 -0.532759 0.560872 0.505946
VERTEX_POSE A2944 -0.006284 -0.111908 -0.833874 0.861155 -0.453797 -0.076094 0.787326 0.274633 0.489495 0.437143 -0.478028 0.617263 -0.278798 0.620295 0.536668 0.184935 0.063650 -0.292537 0.277659 0.554301
VERTEX_POSE A2945 -0.941472 -0.938575 0.771330 -0.704187 0.257836 0.649182 0.313668 0.159571 -0.441209 0.472988 0.044268 0.405336 0.148694 0.612694 0.413246 -0.481690 -0.480939 0.220970 0.650968 -0.604881
VERTEX_POSE A2946 -0.751160 0.062082 0.188997 -0.195489 -0.852747 0.138860 -0.778486 -0.531120 0.035808 0.438585 -0.665232 -0.685224 -0.269122 -0.161255 -0.040514 -0.327666 0.499269 0.712925 -0.147684 0.010244
VERTEX_POSE A2947 0.910527 0.682911 -0.273564 -0.549645 -0.898540 0.322263 -0.457063 -0.448605 0.855163 0.488088 -0.015158 -0.331762 0.536611 -0.772577 -0.105215 0.473314 0.326715 -0.209061 0.202201 0.308069
VERTEX_POSE A2948 0.090714 0.087680 -0.751777 -0.385612 0.037959 0.097899 -0.489053 0.407073 0.248564 -0.391177 0.295241 -0.845251 -0.477796 0.026629 -0.277726 0.128561 -0.555419 -0.370203 0.602486 0.661758
VERTEX_POSE A2949 -0.808081 -0.356308 0.896439 0.932636 -0.781654 -0.103177 0.380786 -0.573957 0.395147 0.621800 0.239741 -0.250266 0.530312 -0.400699 0.149724 -0.432470 -0.647674 -0.864964 0.010340 0.181812
VERTEX_POSE A2950 -0.302325 0.385527 -0.154483 0.195234 -0.882422 0.438406 0.169300 0.334274 -0.612458 -0.150657 0.773328 0.414795 0.201505 0.431840 0.510223 -0.517890 0.284766 0.017706 0.799891 0.150488
VERTEX_POSE A2951 -0.362514 0.818431 -0.918384 -0.119207 0.241017 0.250813 0.539077 0.672334 -0.442220 -0.264848 0.572945 -0.637728 -0.278232 0.054452 -0.559227 0.691776 -0.092313 -0.148670 0.288593 -0.456305
VERTEX_POSE A2952 0.526194 0.481120 0.400185 0.330016 -0.504433 0.582369 -0.292215 -0.309065 -0.317373 0.525571 -0.773140 -0.266719 -0.684294 -0.348784 0.696717 0.190339 -0.256944 -0.059718 -0.365922 -0.345054
VERTEX_POSE A2953 -0.821488 -0.924363 -0.267871 -0.130220 -0.447764 -0.267004 0.509944 -0.377958 0.578226 0.316729 -0.204328 -0.385957 0.509428 -0.341446 -0.363694 0.359370 0.779519 -0.559577 -0.500975 -0.301932
VERTEX_POSE A2954 -0.166395 -0.483770 -0.816967 -0.426917 -0.881480 -0.324867 -0.343272 0.734521 -0.285596 -0.446824 -0.411606 0.613034 -0.164808 -0.276514 0.424726 -0.733569 0.170213 0.506650 0.342386 0.430845
VERTEX_POSE A2955 -0.094787 -0.160594 0.480884 -0.389588 0.452662 0.434894 -0.373869 0.472112 -0.176541 -0.111994 -0.545067 0.639784 -0.408805 -0.569641 -0.376062 -0.795009 0.235354 0.478492 0.220269 0.316432
VERTEX_POSE A2956 -0.358974 -0.761494 0.859338 0.518368 0.731749 -0.204461 0.610735 0.570979 -0.524926 -0.676679 0.386026 0.334776 -0.377539 -0.063008 -0.061994 -0.075796 0.524871 -0.752815 0.144315 -0.495487
VERTEX_POSE A2957 0.399023 -0.836171 -0.078461 0.732232 -0.431691 0.370068 0.450158 -0.668283 -0.099828 0.656851 0.095940 -0.509015 0.237079 -0.419580 -0.671913 0.250071 0.246933 0.377520 0.497155 0.554229
VERTEX_POSE A2958 0.475564 -0.583942 -0.652066 0.440812 -0.813895 0.457340 -0.384080 -0.446087 0.501597 0.129445 0.792381 -0.263465 0.488138 0.074313 0.487466 -0.236474 0.045536 -0.481876 -0.735886 0.406870
VERTEX_POSE A2959 0.771647 0.721352 -0.908237 -0.809764 0.411208 0.237637 -0.031986 0.635481 -0.120448 -0.460561 0.652684 0.815088 -0.478249 -0.200794 0.472634 0.475970 0.039128 -0.203152 -0.575839 -0.358215
VERTEX_POSE A2960 0.431346 -0.336458 0.834978 0.682671 0.930826 0.690087 -0.521125 -0.055410 -0.361336 -0.132133 -0.501588 -0.169528 -0.658033 0.523150 0.364401 0.526939 0.488533 0.481341 0.017254 -0.482689
VERTEX_POSE A2961 -0.229241 -0.102487 -0.118524 -0.581867 -0.092148 0.025987 -0.525096 0.082896 -0.722313 0.077280 -0.059588 0.550456 -0.403014 -0.277444 0.335673 0.402739 0.754583 -0.248818 -0.627442 0.585839
VERTEX_POSE A2962 0.741223 -0.541646 0.692745 0.758361 0.166872 0.283574 0.860808 0.256470 0.764787 0.011815 -0.536126 -0.245863 -0.033401 -0.207472 -0.440448 0.470165 -0.161109 0.283274 -0.191572 0.760126
VERTEX_POSE A2963 0.146302 0.015531 -0.583567 -0.151322 -0.735688 -0.119492 -0.567599 0.334066 0.541219 -0.573924 0.326037 0.228115 -0.036215 -0.480691 -0.267177 -0.574843 -0.687822 0.754575 0.129174 -0.279173
VERTEX_POSE A2964 0.116706 0.002427 -0.482653 0.703251 -0.856346 -0.271766 -0.508498 -0.666516 -0.273925 -0.349178 0.518697 0.385892 0.042937 0.365475 -0.301865 0.785732 -0.227663 0.781711 -0.016918 -0.318289
VERTEX_POSE A2965 0.860662 -0.877223 -0.895630 -0.149708 -0.001036 -0.247051 -0.894382 -0.084118 0.082932 0.297679 -0.300881 0.477493 -0.006655 0.677921 0.806367 -0.231470 -0.516882 0.232078 -0.240510 0.419107
VERTEX_POSE A2966 0.920683 -0.206416 0.408382 -0.758580 0.457709 -0.486608 0.349570 -0.339950 -0.172597 0.734687 -0.227953 -0.751400 -0.501454 -0.212354 -0.296307 0.293216 0.662754 0.284647 0.024583 -0.590029
VERTEX_POSE A2967 0.202471 0.693749 0.974048 0.408660 0.037188 -0.728919 -0.516133 0.281201 -0.462745 0.571452 -0.296755 0.153622 -0.162427 0.602503 0.345426 0.280266 0.437932 0.334104 -0.549653 -0.527322
VERTEX_POSE A2968 0.738650 -0.454638 0.193293 0.567379 -0.766918 -0.258449 0.764694 -0.533245 -0.532959 0.266691 0.443582 0.705713 0.496130 0.437793 -0.362378 -0.088084 0.437246 0.140751 -0.300359 -0.368834
VERTEX_POSE A2969 -0.344241 -0.243121 -0.751737 -0.651748 0.260843 0.486673 0.844153 0.176937 0.744424 -0.330463 -0.143723 -0.261174 0.074570 0.757961 0.348871 -0.304927 0.475171 -0.138060 0.282238 -0.384376
VERTEX_POSE A2970 0.061939 -0.571255 -0.590148 0.219678 -0.241532 0.094404 -0.021485 -0.533262 0.891762 -0.340305 0.226814 0.433567 0.557647 -0.382135 -0.088517 -0.732297 -0.200374 -0.005752 0.191055 0.691383
VERTEX_POSE A2971 0.861592 0.490456 0.207921 0.741562 0.388293 -0.538630 -0.613767 -0.526911 0.627403 -0.270855 -0.352303 0.234649 0.328847 -0.232069 -0.472440 0.611169 -0.266258 0.194895 0.261266 -0.688112
VERTEX_POSE A2972 0.143069 -0.910446 -0.401586 0.812292 0.806638 0.066804 0.040491 -0.462623 0.419895 -0.897370 0.046526 -0.676497 -0.237988 0.539856 -0.595312 -0.336166 -0.664615 -0.084740 -0.153104 0.225071
VERTEX_POSE A2973 0.676359 0.657259 -0.157908 -0.807260 0.467123 0.185918 -0.599655 -0.308510 0.559889 0.574520 -0.124265 -0.665983 0.474949 -0.392383 0.408911 0.130265 -0.621841 -0.203019 -0.260374 -0.590532
VERTEX_POSE A2974 0.110446 -0.787625 0.251186 0.083830 -0.865463 -0.652783 0.206965 0.275900 -0.219702 -0.287649 0.481415 0.204682 0.230939 0.804252 0.375135 0.781551 -0.008756 0.585649 -0.458552 0.212653
VERTEX_POSE A2975 -0.863215 -0.022354 -0.235459 0.673447 -0.647159 -0.456602 0.749971 0.374454 -0.282423 0.252705 -0.139953 -0.446434 -0.138349 -0.526688 0.678589 0.359280 0.097104 0.227958 0.474827 -0.743887
VERTEX_POSE A2976 0.734887 0.718684 -0.386579 -0.511447 -0.275041 0.372624 -0.282919 -0.401437 0.417940 -0.574132 -0.374049 -0.764508 -0.613326 -0.065929 -0.319378 0.388055 -0.801221 -0.001659 -0.252137 0.229420
VERTEX_POSE A2977 0.359286 0.274457 -0.559817 0.888341 -0.718211 -0.882843 -0.326181 -0.106181 -0.215297 0.249273 -0.684823 -0.337869 0.144793 0.443866 -0.241942 0.668233 0.436120 0.039291 -0.603298 0.364040
VERTEX_POSE A2978 -0.952688 -0.339443 0.490976 -0.876198 -0.545699 0.408888 0.699469 -0.569725 0.137338 0.130020 0.464137 -0.492486 0.055284 -0.207560 0.684509 -0.584836 -0.191099 0.320708 0.385680 0.616758
VERTEX_POSE A2979 -0.174399 -0.193635 -0.138356 0.102940 0.762918 0.533141 -0.119875 -0.560991 0.103129 0.370300 -0.580528 0.416848 0.264496 0.564954 0.348406 0.712895 0.098956 0.640294 -0.519933 0.138966
VERTEX_POSE A2980 0.551205 0.918149 -0.663378 0.820977 -0.499864 0.063685 0.878303 0.382275 0.865411 -0.002738 -0.352850 0.469406 0.032470 0.401713 0.000847 -0.225745 0.500401 -0.163296 0.420193 -0.563550
VERTEX_POSE A2981 -0.255013 -0.953917 -0.663506 0.319037 -0.428121 0.301379 -0.787061 0.243772 0.359669 0.003319 0.702282 -0.624154 -0.571653 -0.062459 -0.539183 0.102317 0.343075 -0.315472 0.208010 0.570766
VERTEX_POSE A2982 0.463088 -0.375205 -0.056739 0.983733 0.003935 0.634164 0.030729 -0.370715 -0.625791 0.210131 -0.584000 -0.397617 -0.656748 0.071020 -0.163964 0.343398 0.711679 -0.145732 0.636915 -0.099916
VERTEX_POSE A2983 0.077399 0.399269 0.736808 0.150993 -0.004297 -0.453125 -0.577327 -0.208602 0.049679 -0.171342 0.963925 -0.543513 0.053667 0.130145 -0.015977 -0.723042 -0.005140 0.704662 -0.334164 -0.101831
VERTEX_POSE A2984 -0.076500 -0.878280 0.068622 -0.811183 0.124115 -0.145401 0.044393 0.607454 -0.712860 0.587920 -0.150666 -0.059718 -0.263714 0.636202 0.412851 -0.014398 -0.342155 -0.544681 -0.763300 -0.294067
VERTEX_POSE A2985 -0.703307 0.141026 0.126293 -0.443184 0.122455 -0.518588 0.352233 0.497051 0.551445 -0.483575 0.614465 -0.220852 -0.390299 -0.431109 0.488848 0.241465 -0.426655 0.373132 0.656848 0.086509
VERTEX_POSE A2986 0.982612 -0.761325 0.217692 0.761405 -0.551635 0.255486 0.139741 -0.538800 -0.522091 -0.301237 -0.688976 0.226405 -0.287385 0.290187 -0.067659 0.894228 -0.091179 0.778660 -0.086568 -0.377471
VERTEX_POSE A2987 0.564525 -0.639774 -0.072039 0.707185 -0.144136 0.691757 -0.140259 0.395762 0.077456 -0.239484 0.279727 0.702212 0.323448 -0.451511 0.137129 -0.479357 0.426046 0.059725 -0.767185 -0.616237
VERTEX_POSE A2988 0.695716 0.304854 -0.952168 -0.710952 0.690764 -0.579781 -0.126396 0.155031 0.210455 0.531730 -0.123548 0.092646 0.643554 0.656324 -0.287574 -0.289061 0.647809 -0.726829 0.451187 -0.332089
VERTEX_POSE A2989 0.458177 -0.345267 0.565626 0.202216 -0.365530 0.044589 -0.241176 -0.584296 -0.198649 -0.174593 0.789640 -0.730844 0.266949 -0.131302 0.461344 0.806049 0.092050 -0.459978 0.436319 -0.096714
VERTEX_POSE A2990 0.336172 -0.918422 0.019724 0.897421 -0.732928 0.092453 0.487171 -0.600674 0.059797 0.145157 -0.011451 -0.805444 -0.026974 0.342445 -0.554313 -0.137553 -0.678678 0.178532 -0.849673 -0.247361
VERTEX_POSE A2991 0.127062 0.968396 0.882810 0.971719 0.621591 -0.328707 -0.426949 -0.437636 0.326568 -0.531106 0.357014 0.339711 0.471878 0.422618 -0.816231 0.115213 0.529907 0.060572 -0.547447 0.470753
VERTEX_POSE A2992 -0.771064 0.552246 -0.552898 0.620350 0.542322 0.632714 -0.377375 -0.084930 0.516795 -0.095682 0.381703 -0.106466 0.523694 -0.323092 0.553976 0.497170 -0.476563 0.119882 0.571838 0.718045
VERTEX_POSE A2993 0.077395 -0.460067 -0.287532 0.655782 0.433944 -0.856740 0.299474 -0.203066 0.310649 0.600094 -0.079104 -0.129135 -0.720564 0.087083 -0.045193 -0.158126 -0.858622 0.388297 -0.077372 -0.455733
VERTEX_POSE A2994 -0.726636 -0.016073 -0.700757 -0.179603 0.885902 -0.068653 0.452077 0.603466 0.475028 -0.564638 -0.212167 0.417313 0.053477 0.289040 -0.680813 -0.593204 0.310353 -0.363288 0.349370 -0.641054
VERTEX_POSE A2995 0.345642 -0.445327 -0.035551 0.323601 0.685975 -0.575793 0.612279 0.078536 -0.658513 -0.565274 0.455339 0.091092 0.283548 0.614195 -0.002751 -0.464232 -0.204142 0.475939 -0.098331 0.606291
VERTEX_POSE A2996 -0.061942 -0.337291 -0.183162 -0.493927 -0.567092 -0.445539 0.463125 0.619769 0.632471 0.171374 0.564607 0.547635 -0.224334 -0.020732 0.308267 0.790744 -0.337911 -0.080887 0.283805 -0.427190
VERTEX_POSE A2997 -0.805953 0.777512 0.707625 0.061818 0.343611 -0.880575 0.260255 -0.333733 0.461286 0.544002 -0.598417 -0.012033 -0.259413 -0.634285 -0.057566 -0.484753 -0.102131 0.091343 -0.577969 -0.343177
VERTEX_POSE A2998 -0.451888 -0.751578 -0.061503 -0.267739 -0.276837 0.357336 0.395431 0.064235 -0.086054 0.575996 -0.778788 0.314207 0.613276 0.454243 -0.719024 0.167875 0.027220 0.499184 -0.327984 -0.426949
VERTEX_POSE A2999 -0.323292 0.208071 -0.989869 -0.926548 -0.334009 -0.375663 -0.241263 0.591329 0.337977 -0.446669 0.072726 -0.235424 -0.713216 0.177512 0.628506 -0.402319 -0.257563 0.542407 0.267846 0.739724
VERTEX_POSE A3000 -0.150194 -0.465609 0.955887 0.410070 -0.395546 -0.121439 0.501583 0.009706 0.536681 0.417410 -0.358423 0.582028 -0.657638 0.048159 0.330886 0.132558 -0.589247 -0.498982 -0.352312 -0.722432
VERTEX_POSE A3001 0.610051 -0.322833 0.348349 0.951939 0.481631 0.091674 0.634074 -0.762712 -0.425279 0.079363 0.082392 0.333310 0.522013 0.529597 0.659381 0.128525 0.148947 0.514641 -0.550123 -0.329885
VERTEX_POSE A3002 -0.461700 -0.301473 0.218052 0.815014 -0.945716 -0.172445 0.781217 -0.140912 -0.785947 -0.079015 0.469071 0.420351 -0.321411 0.464821 -0.278159 -0.188975 0.248099 0.313820 0.494409 0.694626
VERTEX_POSE A3003 0.992875 -0.376055 -0.445699 0.222362 -0.588908 -0.595404 0.642509 0.167603 -0.649650 -0.529658 0.460906 0.426417 -0.143198 0.743364 -0.185412 -0.534904 -0.454246 -0.085090 -0.004045 0.023350
VERTEX_POSE A3004 0.286410 -0.665574 -0.809559 -0.855321 -0.051246 0.798194 -0.334379 0.272477 -0.324241 -0.456616 0.503426 -0.484669 -0.251341 -0.115947 0.074012 -0.694046 -0.665989 0.131805 0.367179 -0.464041
VERTEX_POSE A3005 0.648746 -0.089098 -0.530762 -0.101156 -0.811180 0.074349 0.056199 0.139202 0.178148 -0.607370 0.603986 -0.584493 -0.646344 -0.091990 -0.783358 0.312501 0.134607 -0.086333 0.335450 0.767621
VERTEX_POSE A3006 -0.870340 0.601591 0.318842 -0.104191 -0.236067 -0.541620 0.218474 -0.365644 -0.104046 -0.575805 -0.331615 0.628343 0.413161 0.120374 -0.188937 -0.401094 0.806436 0.515083 -0.537717 -0.302503
VERTEX_POSE A3007 0.021297 -0.946889 -0.196138 -0.366768 0.673712 -0.378392 0.371106 0.395832 -0.540441 0.650552 -0.309359 -0.056123 0.052743 0.650856 0.187522 0.159859 -0.544164 0.725554 0.640879 0.166990
VERTEX_POSE A3008 0.008032 -0.814641 -0.090579 -0.212814 -0.529390 -0.098639 -0.308638 -0.024154 -0.580133 -0.213838 0.346710 0.334513 -0.107935 0.913064 -0.504618 0.770124 0.213354 -0.535890 -0.504256 -0.001839
VERTEX_POSE A3009 -0.823028 -0.737853 -0.190181 0.019612 0.218234 -0.798171 0.416825 0.418339 -0.507148 -0.395881 -0.449345 -0.020175 0.678298 -0.724144 0.268901 0.321332 0.155508 -0.181686 -0.325872 -0.272974
VERTEX_POSE A3010 0.846898 -0.140525 0.665507 0.736172 0.436630 0.769379 -0.256336 -0.202165 0.039404 -0.832649 0.144838 0.046917 0.059854 -0.918662 -0.613014 -0.432483 -0.304827 -0.168868 0.224420 -0.035958
VERTEX_POSE A3011 -0.440763 -0.896492 0.246043 -0.391837 -0.029254 -0.023934 0.335222 0.338940 -0.552351 -0.509777 -0.482701 0.201611 -0.768170 0.601595 -0.757226 0.181980 0.532375 -0.283368 -0.067471 -0.082338
VERTEX_POSE A3012 -0.078041 -0.691769 0.146312 -0.661352 0.790113 0.292269 0.591121 0.049490 0.314813 -0.003755 0.364000 -0.508043 0.551781 -0.510313 0.737137 0.234130 -0.421984 0.118289 -0.539706 -0.653120
VERTEX_POSE A3013 0.309985 0.484270 -0.391233 0.719906 -0.559435 0.725996 -0.548113 0.170848 -0.178830 -0.271642 0.743656 -0.406388 -0.014725 0.497871 -0.389580 -0.783478 -0.358627 0.352172 0.108297 0.203217
VERTEX_POSE A3014 0.636636 0.502777 -0.017149 0.759155 0.966449 0.185231 0.223232 0.374006 -0.542454 0.653567 -0.501245 -0.144556 -0.563858 -0.493657 0.600980 -0.019479 -0.595740 -0.537922 -0.452441 0.101339
VERTEX_POSE A3015 0.845459 -0.570049 -0.785065 -0.472535 -0.085772 -0.087866 -0.289407 -0.204755 0.715339 0.150995 -0.430117 0.265473 -0.704182 -0.382491 0.618404 0.243017 0.459160 -0.166345 0.581820 -0.644940
VERTEX_POSE A3016 0.606678 -0.374704 0.735061 -0.723278 0.563020 -0.530929 -0.154619 0.429880 0.216644 0.618415 -0.448777 0.512355 -0.644301 -0.272577 -0.398816 -0.410641 -0.532625 -0.499618 0.099531 -0.505781
VERTEX_POSE A3017 0.619248 0.741452 -0.799457 0.520560 -0.585187 -0.772921 -0.492644 0.082548 -0.561473 0.387562 -0.520637 0.052649 -0.236673 0.049320 -0.252199 0.714079 0.541452 -0.144795 -0.202914 0.653086
VERTEX_POSE A3018 0.409984 -0.209823 0.142895 -0.765350 0.770092 -0.534088 -0.363141 0.683941 -0.246789 -0.545819 -0.097995 0.082724 0.491208 0.587091 -0.450852 0.541989 -0.026849 -0.666134 0.187545 -0.420981
VERTEX_POSE A3019 0.302394 0.930150 0.782893 -0.434230 0.253785 0.384753 -0.355066 0.471402 -0.805620 -0.555789 -0.055610 0.126722 -0.260826 -0.114419 0.202956 -0.047345 -0.867705 0.381696 -0.703389 -0.093186
VERTEX_POSE A3020 0.077425 -0.603815 0.766169 -0.277224 0.049283 0.278168 -0.481087 0.523053 -0.590440 -0.670097 0.033310 -0.116050 -0.104860 -0.773683 -0.019496 0.427234 0.216670 0.748436 -0.354965 -0.282443
VERTEX_POSE A3021 -0.253844 -0.128245 -0.837381 -0.867929 -0.962836 -0.530691 0.386753 -0.499825 0.573408 -0.086187 -0.738060 0.048984 -0.716192 0.143416 0.536636 0.571921 0.388893 -0.314949 0.054500 0.183401
VERTEX_POSE A3022 -0.570544 0.898546 0.665703 -0.462511 -0.124625 0.496066 -0.054916 -0.361188 -0.779053 -0.118800 0.026846 0.089121 -0.102047 -0.629506 0.078608 0.920862 0.167584 0.364518 -0.352803 0.666679
VERTEX_POSE A3023 0.306360 0.948431 -0.786729 -0.656874 -0.408395 -0.234665 -0.204608 -0.133730 0.461169 -0.734559 -0.481641 0.710345 -0.016994 0.622065 -0.036414 -0.172585 0.332788 0.475751 0.623285 -0.502420
VERTEX_POSE A3024 0.823551 0.411688 -0.124913 0.787852 0.471108 0.635310 -0.309594 -0.464345 0.006711 -0.601369 0.733382 0.696078 0.352105 0.446473 0.294614 -0.416394 -0.153033 -0.158157 -0.495121 -0.154200
VERTEX_POSE A3025 -0.297180 -0.117526 0.964946 0.357887 -0.238723 -0.003428 -0.039146 -0.136997 -0.185044 -0.941860 -0.215402 0.592809 0.109035 -0.473504 0.681929 -0.304965 0.653919 0.386390 -0.080470 -0.531994
VERTEX_POSE A3026 -0.347998 -0.496895 0.177720 0.666727 -0.722420 0.378043 -0.157190 0.499573 0.400771 0.768388 -0.308152 -0.403970 -0.011360 -0.612660 0.555766 -0.597471 -0.527639 0.473706 0.166646 -0.041405
VERTEX_POSE A3027 -0.238391 -0.925602 0.691925 -0.706074 0.904016 0.238927 0.319750 -0.056800 -0.519077 0.567282 -0.113330 -0.204932 -0.741311 -0.302422 0.566419 -0.038561 0.559621 -0.557356 -0.157870 0.761115
VERTEX_POSE A3028 -0.103132 -0.340015 0.672571 -0.580296 -0.895112 -0.588850 0.708695 -0.145852 -0.149429 -0.555849 -0.416110 0.388292 0.156771 -0.443057 0.261158 0.063028 0.735332 -0.641836 -0.400291 0.261854
VERTEX_POSE A3029 0.200114 -0.248473 -0.883783 -0.601013 0.000744 -0.510108 -0.201736 0.411332 0.411990 -0.364880 -0.139972 0.080025 -0.482884 0.723218 -0.718614 -0.330181 -0.399984 -0.217357 0.695679 0.358026
VERTEX_POSE A3030 0.438317 0.282469 0.702056 -0.632622 -0.429993 0.683942 0.611045 -0.090539 0.181978 -0.122789 -0.215100 -0.691329 0.435828 -0.165819 -0.118720 0.503908 -0.475271 -0.084130 0.409483 0.831959
VERTEX_POSE A3031 0.746674 0.194376 0.628458 0.829774 -0.290658 0.164749 -0.604984 -0.072029 -0.410542 -0.652003 0.089945 -0.510765 -0.128926 -0.656101 0.483414 0.020502 -0.735393 0.556545 -0.437999 0.124301
VERTEX_POSE A3032 -0.189835 0.428693 0.464566 -0.649074 -0.517625 -0.751130 -0.276604 0.302384 -0.528210 -0.131168 -0.519572 0.371674 -0.637334 0.153762 0.081610 0.339977 -0.595923 -0.109524 0.620086 0.509747
VERTEX_POSE A3033 0.976617 0.980996 -0.079892 -0.817608 -0.375709 -0.550127 -0.026128 -0.730285 0.490253 0.589999 -0.534486 0.417942 -0.633088 -0.163879 -0.399487 -0.271157 -0.142546 -0.350351 0.420585 0.365831
VERTEX_POSE A3034 0.739549 0.818321 -0.817241 0.052136 0.120434 0.024781 -0.715495 -0.507096 0.763356 0.234908 0.021207 0.240330 0.471323 -0.550346 -0.583136 0.442952 -0.065196 0.137361 -0.120556 0.659752
VERTEX_POSE A3035 -0.903425 0.763120 0.655007 -0.504395 0.431128 0.609590 0.185740 0.719421 0.554936 -0.368611 -0.165634 0.410084 0.539476 -0.362302 -0.030782 0.678269 -0.216305 0.389010 -0.280255 -0.526259
VERTEX_POSE A3036 0.625362 -0.108102 0.389345 0.081236 -0.186889 -0.559120 -0.066732 -0.166386 -0.328783 -0.598228 -0.098312 0.243297 0.433548 0.414699 -0.675650 0.274008 0.584847 0.252172 -0.612067 0.669797
VERTEX_POSE A3037 0.869209 0.419912 0.501601 0.947945 0.884367 -0.584080 -0.440809 -0.431050 0.720710 -0.319060 -0.580886 0.225977 -0.667534 0.483486 0.103440 0.419546 -0.357458 -0.278681 -0.286823 -0.339460
VERTEX_POSE A3038 0.117872 0.816230 -0.541131 0.128837 0.104841 -0.056459 -0.261817 0.575720 -0.692251 -0.008833 -0.299648 -0.466459 0.738334 0.158941 -0.281411 -0.137521 0.712982 -0.469920 -0.606073 -0.212491
VERTEX_POSE A3039 -0.366606 0.077257 -0.701234 0.868422 0.283721 -0.702788 0.202327 -0.328602 -0.322676 -0.874037 -0.210778 -0.114225 -0.322695 0.490481 -0.326458 0.236504 -0.371004 0.531363 -0.187235 -0.685111
VERTEX_POSE A3040 -0.953819 0.682059 -0.688580 -0.032443 0.102600 0.367769 -0.223132 -0.331848 0.203289 0.606717 0.479987 -0.875707 0.153398 0.048991 0.089485 0.737201 -0.597085 -0.220337 -0.122925 -0.548250
VERTEX_POSE A3041 -0.035231 -0.324295 -0.875625 -0.134991 -0.458529 0.133426 -0.810757 -0.005491 -0.222426 -0.432367 -0.503009 -0.163829 0.325615 -0.788915 0.942880 0.039083 -0.283847 -0.129851 -0.219497 -0.209751
VERTEX_POSE A3042 0.192631 0.180765 0.544809 -0.523415 -0.745534 0.534834 -0.589264 -0.322088 0.185019 -0.217182 -0.534839 -0.213291 0.464724 -0.640628 -0.564183 -0.225750 -0.411781 0.562072 0.581951 -0.173893
VERTEX_POSE A3043 -0.031859 0.990290 0.457732 0.306205 -0.107287 0.586350 -0.019222 0.716517 0.225359 -0.360403 -0.418470 0.627854 0.635394 -0.426239 -0.390787 0.490034 -0.069799 0.241851 -0.475270 -0.353460
VERTEX_POSE A3044 -0.725246 -0.840024 -0.266857 -0.415085 -0.017964 0.696688 -0.466288 0.431492 -0.592469 -0.403999 0.042890 -0.352873 -0.092020 0.816195 -0.025738 0.692965 0.364664 0.196021 0.361515 0.113228
VERTEX_POSE A3045 -0.170733 -0.316457 -0.472340 -0.764260 -0.779085 -0.608305 -0.314875 -0.229881 -0.020675 -0.611307 0.653774 -0.551731 0.630232 0.544707 -0.509085 -0.340988 -0.110574 0.256832 -0.117012 0.459132
VERTEX_POSE A3046 -0.186400 -0.579759 0.672667 0.833670 0.806942 0.280636 0.226729 0.584559 0.287400 0.118304 0.517113 0.541167 0.453859 -0.050552 0.548152 0.135334 -0.614428 0.495290 -0.842790 0.103960
VERTEX_POSE A3047 0.881432 -0.214729 -0.531797 -0.138364 -0.454944 -0.517462 0.280764 -0.534621 -0.450209 -0.410830 -0.299724 0.226570 -0.530122 0.236368 0.068147 -0.661877 -0.405293 0.688162 0.182428 -0.635779
VERTEX_POSE A3048 -0.551485 -0.575005 -0.271797 0.756300 -0.364272 -0.535397 -0.661781 -0.374783 -0.326840 -0.388637 0.751005 0.212522 -0.324904 -0.491282 0.364738 -0.223000 -0.008280 -0.654466 0.505682 -0.232600
VERTEX_POSE A3049 -0.776416 0.210418 -0.184438 -0.931680 0.577034 0.451900 -0.503905 -0.303915 -0.483704 -0.200298 -0.609941 -0.563710 0.373652 0.132162 0.454895 0.752545 -0.427997 0.192660 -0.004510 0.578757
VERTEX_POSE A3050 0.183826 -0.284578 -0.748904 0.427407 0.798841 -0.495622 0.544844 0.377868 0.534082 -0.342865 0.384480 0.567795 0.454138 -0.402309 0.304897 0.196670 0.737331 0.231867 0.583668 -0.062299
VERTEX_POSE A3051 0.525940 -0.178820 -0.505629 -0.520924 0.685012 -0.328097 -0.700968 0.082711 0.390176 -0.351418 -0.847087 -0.068243 -0.529325 0.263449 0.762474 -0.002387 0.334599 0.392546 -0.323973 0.306986
VERTEX_POSE A3052 -0.030260 -0.917827 -0.021819 -0.799609 0.614198 0.586881 -0.759760 0.231966 0.562244 0.519238 0.003423 0.049086 0.205514 0.144730 -0.056983 0.197121 0.948879 -0.577750 -0.268448 0.157673
VERTEX_POSE A3053 0.613282 -0.386032 0.916799 0.964896 -0.325784 -0.522887 0.362274 -0.275237 -0.345831 0.544570 0.503548 0.347564 0.118960 -0.583764 0.679544 0.342408 0.430479 -0.156235 -0.663932 0.380251
VERTEX_POSE A3054 -0.167700 -0.230389 -0.292358 -0.177798 -0.723384 0.636131 0.002156 0.412393 -0.199497 0.478958 0.793199 0.608882 0.561879 -0.353529 0.425267 -0.519461 0.242009 -0.062833 0.430171 -0.131212
VERTEX_POSE A3055 -0.206708 0.493861 0.853268 0.988243 0.085306 0.289261 0.513227 0.439399 0.578734 -0.351658 0.621078 0.379041 -0.640181 -0.363518 -0.330810 -0.203530 0.171991 -0.572965 -0.402093 0.509377
VERTEX_POSE A3056 -0.683898 0.496441 0.881746 0.322783 0.435493 -0.670818 0.107610 -0.554625 0.292780 -0.652621 0.034314 0.451601 0.643553 0.086616 0.270847 -0.351705 -0.398343 0.432415 0.157003 -0.724592
VERTEX_POSE A3057 0.484302 0.272716 0.885362 -0.511071 -0.445803 0.722139 0.195719 0.531327 0.203634 -0.845168 0.034970 -0.279172 0.162553 0.710461 0.595458 0.177159 -0.356197 0.067389 -0.435403 0.291268
VERTEX_POSE A3058 0.554901 0.568259 0.545193 -0.717831 -0.010677 -0.431026 0.167008 0.634013 0.493833 -0.285639 0.738208 0.294135 -0.691548 -0.155818 -0.689112 -0.624708 0.043417 0.094631 -0.148393 -0.164051
VERTEX_POSE A3059 0.212970 -0.843573 0.554316 0.742487 0.540382 0.113717 0.046827 0.562891 -0.066769 0.530455 -0.467934 -0.632408 -0.388420 -0.448012 0.159675 0.622517 -0.233110 -0.746441 0.421933 0.457315
VERTEX_POSE A3060 -0.315584 -0.975757 -0.998421 -0.112084 0.554941 -0.313754 0.346482 0.536092 0.167826 0.720055 -0.632972 -0.481451 -0.344941 -0.333344 -0.105183 0.464717 0.402610 0.794062 -0.162866 0.196822
VERTEX_POSE A3061 -0.006783 -0.149273 0.247249 -0.350453 0.559330 -0.659564 -0.498429 0.355546 -0.286766 0.544509 0.231135 -0.618117 0.493065 -0.167602 0.039431 0.246300 -0.554873 -0.314828 -0.388976 -0.695836
VERTEX_POSE A3062 -0.040356 0.350803 0.182774 0.572261 -0.750276 0.161888 0.610635 0.560355 -0.030044 0.466793 0.071825 0.488600 -0.465802 0.667255 -0.488742 -0.428168 0.244143 0.703769 -0.094495 -0.419534
VERTEX_POSE A3063 0.494581 0.452936 0.466145 0.238842 -0.962685 -0.350837 0.621460 0.560748 0.735539 0.372000 -0.277627 0.150278 -0.555542 0.241012 -0.550886 -0.120866 -0.578419 -0.099176 0.390087 -0.464574
VERTEX_POSE A3064 -0.030166 -0.168277 -0.832644 -0.168061 -0.816380 0.363172 0.304791 -0.359432 0.481430 -0.281136 -0.437623 0.416564 -0.728668 0.079948 0.582476 0.544136 0.034092 -0.351464 -0.031998 -0.819598
VERTEX_POSE A3065 -0.300807 0.169124 0.365534 -0.375603 0.370159 -0.216632 0.131731 -0.718425 0.351546 -0.442565 -0.003895 0.611365 0.742806 -0.165000 -0.046374 -0.245824 -0.664078 0.673475 -0.417842 -0.125002
VERTEX_POSE A3066 0.591156 0.216056 0.121152 0.734447 0.468444 -0.753946 -0.245835 0.374010 -0.071032 -0.756316 -0.497457 -0.479738 0.095568 0.185421 -0.416206 0.268685 -0.734902 0.152135 -0.535002 0.195424
VERTEX_POSE A3067 -0.404804 0.723621 0.556702 0.913175 -0.003269 -0.155610 -0.118560 -0.448911 0.454178 0.304315 0.058220 0.493756 0.487294 -0.590684 -0.497515 0.809794 0.259747 0.527439 0.010652 0.615397
VERTEX_POSE A3068 -0.431597 -0.410964 -0.132865 -0.427658 0.254525 -0.649916 -0.062022 0.180603 0.203208 -0.202533 0.707602 0.609600 0.340258 -0.261756 0.110767 0.593906 0.608082 0.390428 -0.697592 0.168529
VERTEX_POSE A3069 -0.290973 0.032286 0.580020 -0.136716 -0.426715 0.405483 0.538973 -0.308163 -0.425205 0.565209 0.295663 -0.308814 0.566391 -0.143935 -0.342667 -0.112114 0.628377 -0.664828 -0.238072 -0.634069
VERTEX_POSE A3070 0.228590 -0.199122 0.855468 0.781598 -0.719548 0.308976 0.262213 0.812840 -0.625450 0.102458 0.502852 -0.126639 -0.671887 0.219016 -0.226802 -0.587511 0.098185 0.667734 -0.352343 0.169775
VERTEX_POSE A3071 -0.385416 -0.728905 0.178555 0.539898 -0.642874 -0.007779 -0.087789 -0.820987 0.139599 0.812795 -0.067062 0.079082 -0.548339 -0.131373 -0.822634 0.148595 -0.315980 0.545409 0.094341 -0.452085
VERTEX_POSE A3072 0.673797 0.707991 0.704396 0.728293 0.114756 -0.303657 -0.571344 0.576415 -0.460095 -0.387904 -0.569059 0.408403 -0.460824 0.330242 -0.438425 0.542618 0.484356 0.580599 0.127686 -0.016029
VERTEX_POSE A3073 -0.578779 0.981643 0.400277 -0.741818 -0.465082 -0.212224 0.106475 0.228562 0.202852 0.021628 -0.663486 0.745260 -0.084405 0.574845 0.449088 -0.547185 -0.370774 -0.395878 -0.825627 0.199059
VERTEX_POSE A3074 0.582724 -0.738615 -0.363713 -0.153897 0.249839 -0.677420 -0.033641 0.203844 -0.396191 -0.772715 -0.388856 -0.207941 -0.072471 0.735910 -0.575080 0.618722 -0.310499 -0.100893 -0.117089 0.411419
VERTEX_POSE A3075 0.948551 0.867966 -0.562462 -0.686792 -0.903208 -0.029774 0.285851 0.427341 -0.780501 0.526333 -0.307370 -0.587147 -0.598549 0.526764 0.093694 -0.241206 -0.318317 -0.190817 -0.474154 -0.586598
VERTEX_POSE A3076 0.250488 -0.334815 0.927937 -0.506078 -0.244167 -0.279046 0.552204 -0.264236 0.487103 -0.374158 0.408489 0.232796 -0.069392 0.085038 0.123890 -0.517818 -0.835483 0.784424 0.531155 -0.240939
VERTEX_POSE A3077 -0.603676 -0.318374 -0.691046 -0.320226 0.056781 0.662931 -0.576053 0.256331 -0.427631 -0.589236 -0.001750 -0.518095 -0.102192 -0.144134 0.325654 0.143038 -0.834223 0.056412 0.538573 0.466464
VERTEX_POSE A3078 0.829983 -0.346762 -0.094259 0.174845 -0.358152 -0.525170 -0.249705 -0.323030 0.651274 -0.326403 -0.653089 -0.535607 -0.245646 -0.358783 0.040587 -0.866813 0.367890 0.107315 -0.139288 0.452834
VERTEX_POSE A3079 0.699003 0.090180 -0.343861 -0.749777 0.391562 0.652671 -0.321931 -0.508867 0.069500 0.110970 0.536642 -0.162273 0.422542 -0.613290 -0.204490 -0.827553 0.004950 -0.707843 -0.143738 -0.277347
VERTEX_POSE A3080 -0.380092 0.892044 0.124516 -0.251906 -0.366186 -0.548456 -0.638252 0.168384 -0.340675 0.599224 -0.448278 0.396133 -0.452592 -0.788487 -0.466346 0.076572 -0.277886 -0.456877 -0.151207 -0.267881
VERTEX_POSE A3081 0.013809 0.368659 0.156838 -0.397749 -0.559311 -0.628768 0.006536 -0.775851 0.475473 -0.694322 -0.405741 0.094607 0.383204 -0.133474 0.449512 0.118886 -0.347161 -0.409347 -0.597407 0.308371
VERTEX_POSE A3082 0.224943 0.911360 0.150511 -0.270701 0.076573 -0.429510 -0.467397 -0.225764 -0.236110 -0.208501 0.352845 -0.784862 0.429369 -0.340176 -0.290759 0.278334 0.825093 -0.243360 -0.690101 0.167430
VERTEX_POSE A3083 0.589648 0.974217 -0.897303 -0.051515 -0.751987 -0.462929 0.263432 0.512826 -0.137253 -0.890174 0.342516 0.352397 -0.036744 -0.417276 -0.673598 -0.213724 -0.666315 0.434673 -0.301938 -0.039958
VERTEX_POSE A3084 -0.372909 0.982627 0.073637 -0.432853 0.114905 0.617781 0.270406 0.044195 0.210735 -0.472412 0.796730 0.216066 -0.570260 -0.088690 -0.715401 0.028907 0.332099 0.124312 0.614553 0.495089
VERTEX_POSE A3085 -0.942757 -0.319029 0.858153 0.551501 0.353190 -0.342372 0.535132 -0.511010 0.287569 -0.111537 0.174313 0.118544 -0.614156 -0.000504 -0.593805 -0.564679 -0.425948 -0.658352 0.071719 0.725983
VERTEX_POSE A3086 -0.617060 0.468078 0.955965 -0.063272 0.333319 -0.732459 -0.083816 0.237791 -0.008218 -0.626182 0.345482 -0.421336 0.052567 -0.793085 -0.167841 0.756102 0.405347 -0.507683 -0.162534 0.175523
VERTEX_POSE A3087 -0.056807 0.479069 -0.044617 0.889930 -0.449602 -0.430637 -0.294538 -0.663721 -0.537837 -0.490203 0.628412 -0.690500 0.349402 -0.086469 -0.122527 0.125484 -0.309034 -0.182977 0.731519 0.248181
VERTEX_POSE A3088 0.541545 0.953687 0.743516 -0.959570 0.907386 0.822449 0.074052 -0.325603 0.220390 0.501956 -0.139326 -0.185418 0.475803 0.492783 -0.044901 -0.679611 -0.064986 -0.488477 0.233016 -0.792157
VERTEX_POSE A3089 0.937841 0.036337 0.501158 0.218897 -0.677358 -0.610635 -0.349892 0.353722 0.030925 -0.147394 -0.860547 -0.003884 -0.846553 -0.138361 -0.140759 -0.207274 0.090245 -0.778679 0.310220 -0.327187
VERTEX_POSE A3090 -0.843837 0.635495 -0.490301 0.632417 -0.909220 -0.615546 0.106540 0.240604 0.583383 0.225826 0.750847 0.109914 -0.671765 0.113943 0.382211 0.481910 -0.536824 -0.350144 0.504129 0.277805
VERTEX_POSE A3091 -0.774039 0.977930 0.745095 -0.071654 0.462327 0.459142 0.601273 0.015244 -0.760273 0.277214 -0.386499 0.153423 0.408592 -0.675648 -0.409337 0.097879 0.288835 0.141699 -0.620561 -0.557190
VERTEX_POSE A3092 -0.068942 0.887064 -0.251593 0.868444 0.881971 0.510113 -0.477047 0.298504 -0.406880 -0.539053 0.511070 0.644742 0.362527 0.461847 -0.234730 0.528754 0.149817 0.321626 -0.266161 -0.643394
VERTEX_POSE A3093 0.115807 -0.013702 0.692473 0.204677 -0.659496 -0.127043 -0.776128 -0.575868 0.624726 -0.191992 0.297169 -0.157120 0.085854 -0.274522 -0.118995 0.577965 -0.516388 -0.744803 -0.139105 0.487901
VERTEX_POSE A3094 0.720542 0.430866 0.211240 -0.832812 0.499642 -0.720590 0.457605 0.123515 0.358414 0.533493 -0.733911 -0.556414 -0.239837 -0.597582 0.000248 0.669249 0.283077 0.206625 0.023806 0.094247
VERTEX_POSE A3095 0.900892 -0.281213 -0.084237 -0.299617 -0.934408 0.077124 -0.577579 0.318011 0.863204 -0.143793 -0.039236 0.468314 0.537249 0.241975 0.041863 -0.459936 0.520583 -0.166914 0.381509 0.753506
VERTEX_POSE A3096 0.815000 -0.844578 0.058007 0.829074 0.710663 0.052927 -0.665406 -0.473560 0.595526 0.616821 -0.305534 0.159698 -0.085430 -0.656991 0.358980 -0.248778 0.452811 -0.698697 0.327990 -0.213809
VERTEX_POSE A3097 0.311698 -0.353078 -0.667609 0.901635 -0.031914 -0.371344 -0.194975 0.277895 0.149572 -0.680219 0.151541 -0.209285 -0.001050 0.876360 -0.571994 0.520756 -0.028194 -0.684656 -0.477596 -0.361950
VERTEX_POSE A3098 -0.503912 -0.557592 -0.527535 -0.386441 0.062323 0.286837 -0.288822 -0.793315 -0.044857 0.270824 -0.176820 0.822474 0.534509 0.154646 0.388019 -0.408403 -0.172137 0.297808 -0.625095 0.534640
VERTEX_POSE A3099 -0.616597 -0.255543 0.925142 -0.598584 -0.034812 0.542377 0.062395 0.116385 0.612266 -0.151830 0.559427 0.261158 0.068109 -0.665046 -0.510681 0.004369 0.464872 -0.044268 -0.984071 -0.122898
VERTEX_POSE A3100 -0.979275 0.679207 0.912412 -0.235080 0.541370 0.328999 0.008964 -0.659875 -0.551306 0.516250 0.314838 -0.191461 0.651825 -0.543769 0.062664 -0.047159 0.176181 -0.739755 -0.553449 -0.372448
VERTEX_POSE A3101 0.724679 0.243286 -0.672067 -0.604844 0.342775 -0.232225 -0.230836 0.751085 -0.712908 0.686288 -0.091734 0.137857 0.219065 0.385219 0.310328 0.135716 -0.415894 -0.567914 -0.639777 -0.325721
VERTEX_POSE A3102 -0.002013 0.015553 0.103698 0.941314 0.322314 -0.561130 -0.119020 -0.738755 0.010513 -0.136489 -0.380982 0.520406 0.148309 -0.478150 -0.134414 -0.879528 0.181250 -0.629391 0.414294 0.218207
VERTEX_POSE A3103 0.694522 0.387198 0.616807 -0.506787 -0.343874 0.261676 -0.427439 -0.352393 -0.641151 -0.473117 0.094816 -0.346476 0.513470 -0.767571 0.623031 -0.121469 -0.262414 0.110628 0.561293 0.456949
VERTEX_POSE A3104 -0.854100 0.224928 0.728210 -0.346661 0.877693 -0.269182 -0.240835 0.633575 -0.552211 -0.501238 -0.433026 0.355453 -0.717383 -0.245618 0.219893 0.342818 -0.553776 0.669256 -0.242067 0.209939
VERTEX_POSE A3105 -0.419289 0.276938 0.739985 -0.212583 -0.427847 0.469078 -0.267372 0.611462 -0.516989 -0.190590 -0.313148 -0.410365 -0.787877 0.211779 0.485706 -0.489626 -0.330380 -0.329209 0.178055 0.611597
VERTEX_POSE A3106 0.643072 0.255165 -0.945654 -0.193579 -0.247083 0.584976 -0.482018 0.527835 -0.310190 0.502462 0.791382 0.400716 -0.027565 0.181250 0.313339 0.445871 0.004345 -0.550301 -0.561810 0.249469
VERTEX_POSE A3107 0.396388 0.890114 0.656146 0.147261 -0.366474 0.635596 -0.057111 -0.102585 0.437025 -0.378087 -0.535223 0.273279 0.644724 -0.423631 -0.376683 -0.527727 -0.510900 0.434115 -0.399530 0.512377
VERTEX_POSE A3108 -0.022965 0.958563 -0.951061 0.467191 0.628933 -0.401207 0.685970 0.132462 -0.285127 0.349381 0.351051 0.181908 0.529114 -0.734332 0.616483 0.138709 -0.069318 0.587021 0.328902 0.561398
VERTEX_POSE A3109 0.473055 0.908403 -0.039913 0.981266 0.394765 -0.035599 0.577744 0.512320 0.629509 0.213363 0.451944 -0.129205 0.441365 -0.005190 -0.414722 0.585093 -0.350216 0.643245 0.289052 -0.640778
VERTEX_POSE A3110 0.095391 -0.019706 -0.687714 0.397484 -0.974912 -0.567619 -0.115933 -0.050190 0.270294 0.279831 0.876500 0.000360 0.674238 -0.259716 -0.559275 -0.319514 0.393380 -0.540334 0.592932 0.083839
VERTEX_POSE A3111 0.596944 0.850607 0.173456 -0.784714 -0.737253 -0.517098 0.446077 0.146783 -0.401099 0.432896 0.377133 -0.400434 -0.004356 -0.860047 0.637597 0.573020 -0.154395 -0.069651 -0.534083 0.269641
VERTEX_POSE A3112 -0.513136 0.277062 -0.883075 -0.416483 0.835454 -0.362561 0.580690 0.234128 0.088615 -0.048369 -0.863580 -0.455170 -0.511170 0.270313 -0.738084 -0.237413 -0.300726 0.329772 -0.585490 0.189493
VERTEX_POSE A3113 -0.679666 -0.108346 0.462797 -0.873217 0.101661 -0.167243 0.388936 0.809587 0.641560 -0.196596 -0.137562 0.119944 0.649074 -0.321078 -0.528687 -0.531966 -0.036586 -0.516270 0.325259 -0.470336
VERTEX_POSE A3114 0.186592 0.824824 0.276153 0.163771 -0.489240 -0.426801 0.445934 -0.746862 -0.038325 0.186909 -0.018785 0.594107 0.185302 0.001994 -0.324395 -0.804777 -0.187840 -0.598479 0.290180 0.637618
VERTEX_POSE A3115 0.113954 0.259689 0.190562 0.150664 -0.049642 -0.035787 0.067680 0.916656 -0.723420 -0.027709 0.169842 -0.658024 0.181965 -0.153241 0.202711 0.636220 0.228856 0.035990 -0.746167 0.234601
VERTEX_POSE A3116 -0.622423 0.572626 0.320950 0.678284 -0.545150 -0.064639 -0.513504 0.571970 -0.657669 -0.567182 -0.287388 -0.375539 0.111859 0.617618 0.379638 -0.568168 -0.285343 0.527388 -0.281586 0.356912
VERTEX_POSE A3117 0.569532 0.292901 0.232117 -0.899501 0.844079 -0.184089 -0.623837 -0.406569 -0.496345 -0.516357 0.098916 0.531668 -0.277852 0.547671 -0.616050 0.456748 0.249534 -0.239925 -0.241625 0.680225
VERTEX_POSE A3118 -0.942853 -0.261242 -0.854056 0.040594 0.500756 0.271343 0.582947 -0.419699 -0.741648 -0.216878 -0.329857 -0.477151 0.173224 0.520358 -0.304839 0.205942 -0.603946 -0.236073 0.735335 0.281998
VERTEX_POSE A3119 0.919122 0.526313 0.064466 0.718713 -0.637763 -0.504205 -0.446335 -0.553348 0.315876 -0.248146 -0.595507 -0.386097 -0.318514 0.083830 0.200069 0.563648 -0.570425 -0.675944 0.565737 -0.082249
VERTEX_POSE A3120 0.507373 -0.670762 -0.266725 0.319397 -0.833279 -0.556116 -0.043776 0.436888 0.396121 -0.336803 0.765883 0.097175 0.458479 0.436253 0.532299 0.618997 -0.029864 -0.490955 0.539711 0.177040
VERTEX_POSE A3121 -0.786690 -0.625747 -0.344357 -0.326989 0.591536 -0.071390 0.287935 0.023725 0.334885 -0.260350 0.228328 -0.567842 -0.372660 -0.675239 0.401220 0.627481 -0.616447 0.631929 -0.562764 -0.333690
VERTEX_POSE A3122 -0.854917 0.504243 -0.190440 -0.352941 0.824564 -0.552450 0.473726 -0.168581 -0.161677 0.445200 0.780352 -0.594981 0.032734 -0.073096 0.482086 0.324218 0.289431 -0.286792 -0.686434 0.522989
VERTEX_POSE A3123 -0.561569 -0.783698 0.481682 0.187841 -0.951308 0.151382 -0.149998 -0.687433 0.037978 0.717002 -0.528232 -0.174728 -0.318288 -0.438076 -0.385897 0.573939 0.194059 0.892297 0.180819 0.137251
VERTEX_POSE A3124 0.329117 0.360551 -0.651883 0.877688 0.932040 0.425978 0.065964 0.089401 0.395500 -0.625397 0.638481 0.573747 0.707157 0.224096 0.368937 -0.208081 -0.525904 -0.443647 0.247302 0.507500
VERTEX_POSE A3125 0.865625 -0.064891 -0.979200 -0.185753 0.324206 0.731607 0.452729 -0.006221 -0.084947 -0.324298 0.178135 -0.073019 0.690581 0.193865 -0.664192 0.444741 0.100909 0.105130 -0.123172 0.959408
VERTEX_POSE A3126 -0.660677 -0.064911 -0.602554 0.888224 -0.885716 0.350631 -0.300833 -0.176195 0.761275 -0.031101 0.581992 0.537007 0.082004 -0.689457 0.016036 -0.176528 -0.390287 -0.094259 -0.933084 0.050652
VERTEX_POSE A3127 0.144117 0.515972 0.406124 0.706762 0.642702 0.555625 0.249382 -0.144125 -0.254795 -0.479569 0.499901 0.458979 -0.689858 -0.480713 0.619095 -0.049076 0.704451 -0.180053 -0.479072 0.044614
VERTEX_POSE A3128 0.177323 0.582031 -0.646808 -0.284118 -0.707708 -0.378819 -0.729057 -0.404170 -0.700629 0.299695 -0.370430 0.546990 0.069182 -0.809349 -0.173849 0.611338 -0.208194 -0.190247 -0.011736 0.032221
VERTEX_POSE A3129 -0.164589 0.377497 -0.130089 -0.498217 0.176606 0.150449 -0.867919 -0.349286 -0.208428 -0.441368 0.561037 0.539087 -0.044226 -0.342305 0.319899 0.223174 -0.283606 -0.735508 0.012193 -0.604675
VERTEX_POSE A3130 0.527520 -0.739570 0.331266 -0.891822 -0.392110 0.725880 -0.491841 0.214185 -0.051889 -0.461992 0.511344 -0.330428 -0.716982 -0.611522 0.322777 0.026207 -0.191156 0.506990 0.172934 -0.531179
VERTEX_POSE A3131 0.198048 0.261238 -0.734396 0.480802 0.833662 0.097593 0.382456 -0.585985 -0.236431 0.615478 -0.403672 0.707954 -0.374745 -0.500862 -0.544417 -0.532284 -0.458728 -0.370117 -0.226173 -0.179931
VERTEX_POSE A3132 -0.439910 -0.379217 0.197843 -0.103061 -0.480619 0.282764 0.486327 -0.422078 0.747146 -0.440312 0.095384 -0.559813 -0.179874 0.251992 0.205816 0.600218 0.767722 -0.077890 0.420707 -0.399819
VERTEX_POSE A3133 -0.474493 0.275982 -0.565036 -0.950508 0.930204 -0.232173 0.289681 -0.282881 0.662821 0.537429 0.497182 0.027238 0.656844 -0.618388 -0.651714 0.434746 0.452707 -0.285117 0.082507 0.292304
VERTEX_POSE A3134 -0.107430 -0.351564 0.882411 0.974015 -0.510212 -0.379863 0.378553 0.709234 -0.476240 0.281116 -0.279341 0.288695 0.458807 -0.517425 -0.681124 0.099894 -0.371996 0.285701 0.746451 0.113339
VERTEX_POSE A3135 -0.294010 0.845711 -0.073947 0.550278 -0.602926 0.753148 -0.229531 0.451739 -0.377536 -0.714051 0.199560 -0.051647 -0.029250 -0.638981 -0.536054 0.200405 0.560692 0.014626 0.629626 0.182852
VERTEX_POSE A3136 0.106218 -0.447080 -0.825051 -0.163091 -0.497644 -0.542340 -0.098827 0.720565 0.457573 -0.807010 0.317644 -0.483182 -0.411731 -0.224786 -0.512325 -0.243075 -0.289804 -0.023500 0.332203 0.495351
VERTEX_POSE A3137 -0.464357 0.903601 0.936756 -0.219563 0.242705 -0.170894 -0.415231 -0.118597 -0.093990 0.030158 -0.844177 -0.669764 -0.490381 -0.128600 -0.147802 -0.403476 0.479495 0.701093 -0.650698 -0.163848
VERTEX_POSE A3138 -0.897623 0.735825 -0.417801 -0.302461 0.030600 0.831849 0.275021 0.032950 -0.120646 -0.248994 0.571165 -0.152151 0.830525 0.476679 -0.506109 0.323131 -0.357839 -0.119062 -0.261113 0.563394
VERTEX_POSE A3139 -0.916746 -0.488517 -0.776112 -0.695899 -0.868711 0.466357 -0.752638 -0.151380 0.394707 0.522172 -0.335325 -0.306461 0.256907 -0.136030 0.375468 0.184888 0.879384 0.625958 0.246351 -0.269852
VERTEX_POSE A3140 -0.991302 0.812003 -0.103157 -0.238297 -0.362529 -0.286390 0.365986 0.497707 -0.165532 -0.175614 -0.420042 -0.340708 -0.718856 -0.189001 -0.715105 0.465454 -0.436284 -0.512955 -0.319081 0.591428
VERTEX_POSE A3141 0.197769 -0.283881 -0.105515 -0.904977 0.055687 0.741074 -0.181892 -0.064113 0.203309 0.107412 -0.793197 0.430006 0.670254 -0.009963 -0.097471 0.670828 0.304423 -0.463756 0.236911 -0.523407
VERTEX_POSE A3142 0.680198 -0.637910 0.397344 -0.480614 -0.605963 -0.643604 -0.136394 0.056171 0.670751 -0.442201 -0.068185 0.316389 0.770569 0.382902 0.185264 -0.260954 -0.023520 -0.037967 -0.352112 0.919254
VERTEX_POSE A3143 -0.504438 0.089065 0.013768 0.345220 -0.527076 -0.111972 0.073756 -0.887953 -0.699294 -0.309533 0.264480 0.545651 -0.496647 0.196914 -0.329737 0.435209 0.250546 0.303296 0.680209 0.200106
VERTEX_POSE A3144 0.518103 0.607774 -0.642718 -0.778195 -0.842652 -0.364415 0.697351 0.481268 -0.632792 0.108674 -0.314792 0.636734 0.610551 -0.104615 -0.109464 0.334308 -0.787509 0.222178 -0.131746 -0.195376
VERTEX_POSE A3145 -0.133210 -0.813086 -0.326504 0.683157 -0.095203 -0.135961 0.525729 -0.355255 -0.312722 0.235075 -0.264817 0.545973 -0.047756 0.513137 -0.357743 0.589376 0.694587 0.676501 0.564538 -0.240635
VERTEX_POSE A3146 0.609516 -0.651246 -0.795670 -0.504116 0.423283 -0.441669 -0.739527 -0.058564 0.286413 -0.081149 -0.396285 -0.665376 0.029311 -0.448032 -0.300039 0.631491 -0.345762 0.436058 -0.216505 -0.720586
VERTEX_POSE A3147 0.895680 0.180399 0.678232 0.900089 -0.387802 -0.851369 -0.187124 0.294777 -0.002376 -0.622851 0.352218 -0.476660 0.074225 -0.485111 0.205334 -0.708539 -0.168616 -0.076149 -0.263638 -0.724765
VERTEX_POSE A3148 -0.563678 0.479815 0.905614 0.783656 -0.251125 0.487783 -0.708874 -0.284015 0.156793 0.220139 -0.494282 0.638837 0.364930 -0.327660 -0.464665 0.209811 -0.679565 0.336835 0.521386 0.325349
VERTEX_POSE A3149 0.666663 0.087512 -0.649726 0.536479 -0.075961 -0.712269 -0.528572 -0.124613 -0.270648 0.093956 -0.684349 0.478481 -0.354512 -0.644774 0.435856 -0.448366 0.094881 0.022551 0.620542 -0.302328
VERTEX_POSE A3150 0.814802 -0.293287 -0.257303 0.618802 -0.025565 0.503934 -0.302732 -0.531792 0.357837 0.834410 0.097199 -0.570262 0.008724 -0.485679 0.504988 -0.106893 -0.320534 0.194400 -0.447895 0.607555
VERTEX_POSE A3151 0.943695 0.809054 -0.361111 0.103053 -0.084404 -0.079628 -0.834449 0.107665 0.699897 0.131172 -0.561005 -0.203222 -0.396561 -0.722037 -0.546142 0.327756 -0.234365 0.405257 -0.147662 0.312119
VERTEX_POSE A3152 0.879973 0.461765 0.005918 -0.790511 -0.484425 -0.302211 -0.495271 0.366712 0.649226 -0.582636 -0.114875 -0.378561 -0.497722 -0.712105 0.412552 -0.238571 0.303925 0.416734 0.332564 -0.502853
VERTEX_POSE A3153 0.959886 -0.789044 0.552258 -0.734139 -0.201001 0.080093 -0.386696 -0.043658 -0.228552 -0.392961 0.783147 0.693985 -0.476461 -0.271997 -0.162948 0.442652 -0.233383 0.658166 0.522582 0.506285
VERTEX_POSE A3154 -0.617874 -0.974644 -0.879429 -0.709106 -0.035712 0.381754 0.580513 -0.308795 0.790390 -0.039082 -0.058175 0.237633 -0.661827 0.318380 0.199774 -0.447219 -0.660331 -0.364923 -0.153159 -0.603207
VERTEX_POSE A3155 0.209090 -0.177684 0.354034 -0.912822 -0.552385 -0.248541 -0.618645 -0.233453 -0.420385 0.165334 0.568841 -0.224283 -0.668064 0.437964 0.669275 -0.063294 0.607257 0.513099 -0.373669 -0.247681
VERTEX_POSE A3156 0.825511 0.146065 0.573058 0.080109 -0.876795 0.706739 -0.601201 -0.369516 -0.200245 -0.251978 0.100021 -0.356228 -0.390867 -0.149906 0.542483 0.208866 0.652369 -0.198081 -0.615356 0.636707
VERTEX_POSE A3157 -0.278551 -0.039555 -0.481983 -0.820882 0.078572 -0.564184 -0.357733 0.208009 0.305181 0.702336 0.320525 -0.244808 0.131597 -0.685426 0.647060 -0.338927 -0.448411 -0.331576 0.496550 -0.427919
VERTEX_POSE A3158 -0.646792 -0.661712 -0.239842 0.793940 -0.909683 0.468751 0.661318 0.394432 -0.137248 -0.151848 -0.165072 0.561207 -0.367662 0.434630 -0.224124 0.635309 -0.163819 0.629484 0.028417 -0.775522
VERTEX_POSE A3159 0.002834 -0.271904 0.926250 0.795991 -0.584504 -0.553141 0.477086 -0.320457 0.318309 0.697448 0.582207 -0.747913 -0.142829 0.595023 0.101319 0.112948 0.233547 -0.151903 0.502790 -0.386971
VERTEX_POSE A3160 0.556860 -0.662057 0.387928 -0.319100 -0.744822 0.105379 0.693996 0.060116 0.349107 -0.601144 -0.012571 -0.433267 0.190043 0.440786 0.618543 0.051357 0.744220 0.544705 0.343862 -0.498069
VERTEX_POSE A3161 0.880728 -0.401282 -0.908576 0.902118 -0.301793 0.599764 -0.225008 -0.317640 -0.426315 -0.742278 -0.489926 -0.264549 0.627274 -0.671680 -0.293448 -0.046111 0.439350 0.549946 -0.052876 -0.122047
VERTEX_POSE A3162 -0.799117 0.989334 -0.808147 0.276793 -0.750842 -0.535131 0.214932 -0.487195 -0.104888 -0.754297 0.266316 -0.269780 -0.585737 -0.262811 0.733616 -0.193525 -0.616965 -0.302752 -0.065576 -0.491936
VERTEX_POSE A3163 -0.883050 -0.041274 -0.414229 0.577839 -0.225441 -0.403414 -0.604146 0.352448 0.880781 -0.086125 0.336160 -0.107325 0.663415 -0.142012 -0.051498 0.120548 0.575568 0.217513 -0.415859 -0.641351
VERTEX_POSE A3164 -0.593765 0.874700 -0.473612 0.951610 -0.371589 0.275771 0.885569 -0.022603 0.541540 -0.274453 -0.718136 0.567195 0.092677 0.015703 0.519326 -0.161094 0.658803 -0.198178 0.325428 -0.222490
VERTEX_POSE A3165 0.093453 -0.362230 -0.925736 0.250809 -0.261054 -0.476607 -0.683223 0.161435 -0.332642 0.116727 0.681883 -0.110174 0.668736 0.160967 0.708259 -0.256097 0.078269 0.385261 -0.082388 0.690607
VERTEX_POSE A3166 -0.177060 -0.195563 0.511824 0.128117 0.171632 0.028703 0.133771 0.432748 -0.472536 -0.323766 -0.552316 -0.202341 -0.648150 0.655315 0.706564 -0.609179 -0.263594 0.485502 0.293400 0.093578
VERTEX_POSE A3167 0.512454 -0.572380 -0.298664 -0.211481 0.130767 0.644072 0.447895 -0.403366 0.460976 0.299086 0.688853 0.196849 0.205324 -0.347435 0.533302 -0.697805 0.206317 0.222511 -0.425262 -0.446654
VERTEX_POSE A3168 0.629095 -0.458629 -0.988979 -0.968755 0.981652 0.157385 0.501817 -0.714321 0.058456 -0.702761 -0.410607 0.390628 -0.219873 0.429153 0.647649 -0.276920 -0.282091 0.632277 0.359553 0.239583
VERTEX_POSE A3169 -0.074683 -0.459738 -0.905977 0.825656 -0.797768 0.125763 0.519893 -0.419739 0.431601 0.235802 0.605562 -0.101397 0.233698 -0.569186 -0.507940 0.724178 0.341994 -0.727750 -0.308320 0.127207
VERTEX_POSE A3170 0.595708 -0.060897 -0.074776 0.092620 0.262057 0.507128 -0.149664 0.519826 -0.001783 -0.213115 -0.527694 -0.419903 0.796981 0.144816 0.456202 0.333708 -0.639356 -0.598648 -0.430863 -0.146873
VERTEX_POSE A3171 0.637793 -0.646625 -0.092136 -0.207052 -0.380878 -0.590327 -0.390706 -0.335465 -0.305547 0.593125 -0.586692 -0.433892 -0.531751 0.093929 0.402715 -0.286205 -0.008401 -0.455756 0.361773 0.731001
VERTEX_POSE A3172 -0.876914 0.256381 -0.011492 0.920678 0.257919 -0.429768 0.150599 0.492252 -0.442992 -0.617891 -0.423836 -0.759976 0.125374 -0.060142 0.091149 -0.712911 0.622823 0.182172 -0.267526 -0.431886
VERTEX_POSE A3173 0.275905 0.301193 -0.677432 0.612006 0.656094 0.124594 0.541663 0.643101 0.543824 -0.591720 0.557323 0.073767 -0.461439 -0.249428 0.514436 0.101341 -0.382048 0.647029 0.365066 -0.260071
VERTEX_POSE A3174 -0.866645 0.442440 0.921632 -0.861832 0.092047 -0.131026 0.280611 0.249265 0.510296 0.770892 -0.188643 0.535331 -0.400429 0.570746 0.353158 0.177672 0.457282 0.557790 -0.367521 -0.606154
VERTEX_POSE A3175 0.641188 -0.135845 0.345790 -0.857516 0.415267 0.603161 0.695550 0.367730 0.449406 -0.571864 0.508100 -0.224545 -0.128583 0.473614 0.399908 0.012776 -0.566464 -0.473163 0.415314 0.247826
VERTEX_POSE A3176 -0.857305 0.488107 -0.003936 0.295163 -0.439110 -0.235819 -0.239054 -0.010842 0.319750 -0.570330 0.735599 -0.321240 0.458838 0.622987 0.568855 -0.204205 -0.225547 0.644483 0.604437 0.140683
VERTEX_POSE A3177 0.742871 0.791194 -0.874038 -0.365948 -0.484671 -0.508460 -0.210686 0.091916 -0.042961 0.560813 0.432496 0.713617 -0.516675 0.127858 -0.438494 -0.486408 -0.311002 -0.195182 -0.370882 0.831522
VERTEX_POSE A3178 0.536869 -0.955446 0.024021 -0.957428 -0.972534 0.051813 0.449252 -0.514823 -0.420186 -0.271722 0.446000 -0.507567 0.402521 -0.335821 0.373805 0.689996 0.590831 0.650695 -0.293637 -0.272369
VERTEX_POSE A3179 -0.420983 -0.032078 -0.098322 0.078820 0.309766 0.231490 0.010850 -0.803759 0.278051 0.731069 -0.014576 0.610532 0.232638 0.455296 0.682541 -0.579746 -0.031142 -0.174610 -0.274217 0.381438
VERTEX_POSE A3180 0.409534 -0.121294 -0.523763 -0.829469 0.439368 0.529745 -0.526476 0.014360 0.217690 -0.411115 0.659721 0.527656 0.482502 0.355791 0.171599 0.565892 0.219794 -0.603419 -0.027663 0.624232
VERTEX_POSE A3181 0.351671 -0.248733 0.766718 0.661375 0.001901 0.158848 -0.399606 0.359059 0.621170 -0.094821 0.156664 -0.012822 -0.765728 -0.636259 0.500679 0.453936 -0.615566 0.581439 -0.197298 0.250571
VERTEX_POSE A3182 -0.477288 -0.223024 0.540567 -0.818127 -0.774638 0.363305 0.169084 -0.247393 0.539855 0.610166 0.207343 0.752142 -0.432214 -0.077893 0.027817 -0.281999 -0.750140 0.100369 -0.576866 0.571864
VERTEX_POSE A3183 0.289507 -0.659529 0.482154 -0.619980 0.954942 -0.206000 -0.189397 -0.253036 -0.275438 0.343175 0.537476 -0.111691 0.398755 0.543864 -0.745793 -0.579171 0.206673 0.559479 -0.593225 0.555509
VERTEX_POSE A3184 0.311557 -0.037777 0.318976 0.927236 0.800900 -0.380588 0.350957 -0.523851 -0.839826 -0.131116 0.358718 0.355789 0.379335 0.447932 -0.032253 0.570626 -0.413083 -0.149060 0.624603 0.474995
VERTEX_POSE A3185 -0.095162 -0.197668 0.661138 -0.527234 0.189650 0.717949 0.110818 0.653906 -0.371976 -0.335220 0.525918 0.315262 -0.712070 -0.370063 -0.494807 0.013367 0.293536 -0.044249 -0.606732 0.269643
VERTEX_POSE A3186 -0.501402 0.162787 -0.163811 -0.532802 -0.597443 0.351340 0.442703 -0.103153 -0.611898 0.707346 -0.303722 -0.277542 0.011449 0.674955 0.071277 -0.295171 -0.651675 -0.648098 -0.465208 -0.129876
VERTEX_POSE A3187 0.137068 -0.891712 -0.107966 0.007345 0.924105 -0.035016 -0.858586 0.369022 -0.807346 0.307659 0.407138 -0.455076 -0.393950 -0.463133 0.114270 0.075321 -0.465301 0.356111 0.085476 0.516782
VERTEX_POSE A3188 0.626287 0.762777 -0.820845 -0.348116 -0.731779 0.363911 -0.142897 0.340118 0.353678 0.745934 -0.312735 -0.677797 -0.083020 -0.512618 0.461212 -0.637689 -0.461106 -0.265245 -0.098099 0.557782
VERTEX_POSE A3189 -0.148195 0.501075 0.596347 -0.738863 -0.507126 0.608384 0.482039 0.019005 -0.162684 0.105456 -0.753111 -0.695800 -0.028094 0.096071 0.285863 -0.623947 -0.509448 -0.193769 0.605326 -0.404593
VERTEX_POSE A3190 -0.860098 -0.163616 -0.181717 -0.196664 -0.660399 0.450544 0.097666 0.313879 -0.424197 -0.550536 -0.313510 -0.708858 0.078651 0.656854 -0.329599 0.523567 -0.602299 0.077144 -0.638015 -0.094712
VERTEX_POSE A3191 0.183148 -0.899280 0.567083 0.332784 -0.476601 0.116881 -0.685779 -0.477376 0.590799 0.332538 -0.646486 0.310078 0.168069 0.386265 0.560169 0.202752 0.241851 -0.476821 0.591414 -0.382722
VERTEX_POSE A3192 -0.267467 -0.900207 0.687771 -0.836745 0.191081 -0.454322 0.250660 0.028992 0.410173 0.335021 0.842624 0.458321 0.582529 -0.444007 0.467012 -0.692857 0.012064 0.444062 0.074429 -0.303079
VERTEX_POSE A3193 -0.659215 -0.174282 0.010136 -0.919871 -0.411240 -0.048809 -0.346331 -0.545316 -0.433928 0.535347 0.192555 -0.071490 0.587414 -0.738973 -0.771840 -0.454488 -0.179913 0.456592 -0.204557 -0.295131
VERTEX_POSE A3194 0.300098 0.059446 -0.847146 -0.089376 0.297958 0.673581 -0.471666 0.413391 -0.481726 -0.781985 -0.301779 -0.397419 0.254833 0.540295 0.384804 0.035463 -0.421360 0.090618 0.315964 -0.518242
VERTEX_POSE A3195 0.138768 0.974493 -0.785842 -0.885135 0.819492 0.725432 -0.202567 -0.431573 0.398965 -0.398054 0.192095 -0.230680 -0.100846 -0.854859 0.509799 0.498852 0.091551 -0.038296 -0.735864 0.194109
VERTEX_POSE A3196 0.434238 0.463489 0.084400 0.330937 0.327706 0.698267 -0.633443 -0.127375 0.303596 0.253098 -0.130305 -0.029696 0.430958 -0.515148 -0.136933 -0.209661 -0.837504 -0.632946 -0.552276 0.002335
VERTEX_POSE A3197 -0.876962 0.863883 0.664677 -0.961259 -0.530410 -0.608539 -0.166988 -0.403916 0.497558 0.306690 -0.600750 0.548502 -0.744413 0.059177 0.239517 0.550729 0.431509 0.154579 0.143540 -0.535022
VERTEX_POSE A3198 -0.348778 -0.597887 -0.084505 -0.096617 -0.049740 -0.569697 -0.509629 0.191375 0.020793 0.415841 -0.596117 0.464368 -0.509647 -0.516208 0.580397 0.203728 0.580268 -0.350020 0.515857 -0.069556
VERTEX_POSE A3199 0.063333 -0.995140 0.095421 0.362183 0.309358 0.229539 0.915662 0.054581 0.438339 -0.210326 0.254619 -0.609499 -0.059175 -0.367830 0.564637 -0.132974 -0.797677 -0.254690 0.310068 -0.400754
VERTEX_POSE A3200 0.048355 -0.595855 0.758700 0.864397 -0.328178 -0.635061 0.372070 0.073771 0.459679 0.207418 0.111350 0.544681 -0.137583 -0.268517 -0.167493 0.025497 -0.951343 0.246296 0.893847 -0.070740
VERTEX_POSE A3201 -0.753071 0.341216 0.840719 0.996003 -0.787683 0.303588 -0.862202 0.139681 -0.347255 -0.024462 -0.077005 0.065690 -0.388645 -0.169827 -0.627421 -0.170220 0.730634 -0.623920 -0.275661 -0.641789
VERTEX_POSE A3202 -0.298874 -0.641765 -0.996715 -0.844870 0.928480 0.503517 -0.423348 -0.692292 -0.293081 0.545231 -0.244853 -0.123549 -0.488389 0.474769 0.731348 0.203131 0.482355 -0.332325 -0.493674 0.052036
VERTEX_POSE A3203 0.171441 0.660526 -0.252792 0.785075 0.929742 0.308274 0.412155 -0.665436 -0.494137 -0.528626 -0.091444 0.434444 0.093729 0.196493 -0.600163 0.355603 -0.438500 -0.334452 0.644550 0.563863
VERTEX_POSE A3204 0.522835 -0.357591 -0.836713 0.608009 0.868410 -0.179780 0.363533 0.249756 -0.589667 -0.337373 -0.679938 0.307896 0.692737 -0.539122 0.107447 -0.280831 0.297774 0.716678 -0.441897 -0.309815
VERTEX_POSE A3205 -0.165519 0.800674 0.924917 -0.706702 0.020527 -0.206205 0.013664 0.892582 -0.392354 0.601638 0.041562 0.244192 -0.492553 0.378606 0.397850 -0.225822 -0.125362 0.765260 0.586720 0.206184
VERTEX_POSE A3206 -0.187371 -0.475319 -0.907002 0.927559 0.345009 0.633625 0.053803 0.719985 0.568714 0.087947 -0.381688 0.465384 0.136668 -0.300513 -0.230862 0.813501 0.308915 -0.072141 -0.555796 0.387556
VERTEX_POSE A3207 0.665530 -0.869484 0.159351 -0.096828 -0.570700 0.404433 0.469746 -0.558351 -0.394344 0.024220 -0.751987 -0.217386 -0.603147 -0.299039 0.661626 -0.609794 -0.178017 0.442630 0.207647 -0.040558
VERTEX_POSE A3208 -0.422648 0.591869 -0.949121 -0.072650 0.535856 -0.492276 0.379782 -0.418263 -0.392194 -0.461385 0.581722 0.384951 0.593325 0.197777 -0.249188 -0.275197 -0.587821 0.627349 -0.463811 -0.319385
VERTEX_POSE A3209 -0.650502 -0.430765 0.117019 0.970131 0.372475 0.651947 0.089919 -0.505635 -0.388492 0.518861 -0.016283 0.385377 -0.517365 0.465459 -0.522999 -0.635143 -0.215993 0.044681 0.227210 0.693371
VERTEX_POSE A3210 -0.755453 0.098438 -0.938971 0.981992 0.739066 -0.149809 0.156883 0.565366 0.473837 0.436358 0.429718 -0.852192 0.321975 0.166550 -0.156936 -0.359869 -0.325470 -0.046644 -0.742836 0.601692
VERTEX_POSE A3211 0.986886 -0.529425 -0.472884 0.097881 -0.024776 0.643063 -0.290790 0.388944 0.012129 -0.845034 -0.077563 0.401499 -0.113289 -0.008218 -0.569551 -0.216423 0.736801 -0.317385 -0.376411 -0.547506
VERTEX_POSE A3212 0.701169 0.320502 -0.116263 0.631506 -0.625624 -0.238280 -0.470245 -0.573533 0.808028 -0.478234 -0.225325 0.479496 0.522175 0.008029 -0.230117 -0.273156 0.111700 -0.086279 0.450422 -0.779581
VERTEX_POSE A3213 -0.232741 0.875414 0.601596 -0.836136 0.964428 -0.327002 -0.218815 0.405762 -0.359050 0.222961 -0.057727 0.419824 0.639892 -0.376878 -0.616948 -0.091989 -0.730174 0.455274 -0.696049 -0.396022
VERTEX_POSE A3214 0.276393 -0.188954 -0.990729 0.477901 -0.069834 -0.287984 0.598469 -0.236879 0.009432 0.100908 0.563403 0.225240 0.025246 -0.776225 -0.558777 0.512215 0.022594 0.744320 0.607166 0.153066
VERTEX_POSE A3215 0.012725 -0.717275 -0.797287 0.558742 -0.824724 0.476487 0.114487 -0.751735 0.406187 0.488759 0.254884 0.552720 -0.393627 -0.127397 0.507108 0.237487 0.519536 -0.212873 0.732574 -0.289449
VERTEX_POSE A3216 0.672097 -0.322254 0.262734 -0.363369 0.154077 0.352513 0.650782 0.009382 -0.350780 0.188377 -0.140785 -0.041725 0.439171 0.795891 -0.470826 -0.384086 0.506142 0.727510 -0.447888 0.300781
VERTEX_POSE A3217 0.774990 0.973834 -0.154541 0.945098 0.332723 0.114838 0.442220 0.041467 0.284450 0.384581 0.816294 0.265520 0.439221 -0.519385 0.580523 0.278690 -0.242300 0.705969 -0.621253 0.058941
VERTEX_POSE A3218 -0.850207 -0.608987 0.094746 -0.433913 -0.900619 0.589522 -0.599708 -0.536144 0.061835 -0.485868 0.517736 -0.440117 0.089051 -0.664876 -0.280110 -0.313835 0.048690 -0.613577 -0.545766 -0.008263
VERTEX_POSE A3219 0.298384 -0.559477 0.441890 0.288515 0.422299 -0.575678 0.627370 0.348131 -0.272165 -0.746516 0.312425 0.486648 0.175213 -0.352405 0.477105 0.133368 0.446239 0.360646 0.025205 0.676666
VERTEX_POSE A3220 -0.373204 0.474909 -0.558194 -0.793764 0.825597 -0.699023 -0.274700 0.187646 0.403314 -0.596551 -0.179215 0.295559 0.099991 -0.608189 -0.317848 0.561555 -0.489590 -0.400403 -0.493280 -0.568400
VERTEX_POSE A3221 -0.710304 0.227397 0.913030 0.369423 -0.561018 -0.466386 -0.222476 0.777058 0.492009 0.249626 0.059910 0.469260 -0.791271 -0.039485 -0.310411 -0.511094 -0.280032 -0.473130 0.029411 -0.559120
VERTEX_POSE A3222 -0.518468 -0.458757 0.008972 -0.378701 0.945698 0.683751 -0.015971 -0.317542 -0.314043 0.074794 0.220545 -0.410804 -0.715504 -0.545180 -0.470317 0.266045 0.187924 0.209530 -0.641423 0.719715
VERTEX_POSE A3223 0.359329 0.574702 -0.870423 -0.630509 0.016679 -0.746246 0.209101 0.108836 0.333945 0.313040 -0.194722 -0.402543 0.455407 -0.584537 0.397829 0.403712 -0.402347 -0.106248 -0.698501 -0.668335
VERTEX_POSE A3224 -0.369519 -0.946885 -0.076834 0.449551 0.027742 0.685149 -0.359417 0.228964 -0.678838 -0.557821 0.330133 -0.145243 0.079795 0.002842 0.102789 -0.700507 -0.620532 -0.195161 0.250157 -0.673439
VERTEX_POSE A3225 0.781630 0.600689 0.161826 0.531923 0.243656 -0.537938 0.673009 0.124167 0.646318 0.652259 -0.217544 0.054988 -0.224096 0.477601 -0.280151 0.261170 0.484186 -0.459769 -0.056464 -0.688998
VERTEX_POSE A3226 -0.501903 0.549194 -0.656265 -0.515645 -0.163829 -0.375113 0.208420 0.533946 0.409685 -0.231882 -0.178971 0.582741 -0.453227 0.167706 -0.516088 -0.447990 -0.629133 0.292429 0.704757 -0.508859
VERTEX_POSE A3227 -0.935282 0.516604 -0.992434 -0.219511 -0.644552 0.519453 -0.102378 -0.013262 -0.203121 0.196997 -0.506716 0.463984 0.841289 0.200077 0.313464 -0.408303 0.580332 -0.612675 0.276103 0.605184
VERTEX_POSE A3228 0.904668 0.464571 -0.173497 0.570664 0.713246 -0.144827 -0.631914 0.560064 0.521911 -0.101120 -0.394423 0.500623 -0.582281 -0.275028 -0.591015 -0.166202 -0.668538 0.326667 0.473059 0.090416
VERTEX_POSE A3229 0.149319 0.951307 0.259230 0.387739 0.786431 0.191647 -0.332608 0.499640 0.481840 0.579277 -0.367675 -0.767274 0.518523 0.229705 0.275934 0.507810 0.287729 -0.257396 -0.164540 -0.692548
VERTEX_POSE A3230 0.128051 0.521464 0.102987 -0.857329 0.664805 0.519882 0.016078 -0.629074 0.011229 0.564634 0.099221 -0.544105 -0.178170 -0.723948 -0.070905 -0.764838 0.253958 -0.654613 0.253391 0.076330
VERTEX_POSE A3231 -0.046977 0.868716 -0.414796 0.435061 -0.614932 -0.395708 0.203018 0.191597 0.631336 0.230192 -0.435873 -0.557617 -0.423793 -0.415244 0.066855 -0.366175 -0.631592 -0.359754 0.769487 -0.449409
VERTEX_POSE A3232 0.396249 0.292523 0.099949 0.383742 0.998747 -0.543064 0.034692 -0.606580 -0.271020 0.554470 -0.013593 0.412502 0.741377 -0.325610 -0.672514 0.154315 0.196028 0.095895 -0.343375 -0.698160
VERTEX_POSE A3233 0.829177 0.879698 0.106272 -0.702198 0.593285 -0.366561 0.094853 0.660554 -0.608539 0.272630 -0.282425 -0.466943 -0.817486 -0.258901 0.523404 -0.381260 -0.025647 0.057663 0.320988 -0.645149
VERTEX_POSE A3234 -0.875536 0.529242 0.332412 0.220136 -0.685190 0.390591 -0.125493 0.633876 -0.107286 0.643947 0.178032 -0.553964 0.239908 0.625940 -0.683430 -0.538796 -0.020980 0.248950 -0.470878 0.417450
VERTEX_POSE A3235 -0.080917 0.934931 0.263236 -0.008249 0.867157 -0.546754 -0.018206 0.740310 0.046991 0.635885 0.049139 -0.011659 -0.763137 -0.072557 -0.635904 -0.019050 -0.065664 0.542534 -0.112154 0.663288
VERTEX_POSE A3236 -0.336342 0.680373 0.031189 -0.408900 -0.386188 -0.460433 0.270741 0.239052 -0.483085 -0.305445 0.712155 -0.068199 0.636394 -0.045862 -0.462593 0.493880 -0.181893 0.579644 0.429521 0.632852
VERTEX_POSE A3237 -0.062907 -0.946077 0.425409 0.147695 0.659819 0.396695 0.301448 -0.855568 -0.033756 0.354924 0.130492 0.500142 0.271697 0.435222 -0.572987 0.756432 0.001938 -0.512872 -0.370338 -0.248098
VERTEX_POSE A3238 -0.415387 -0.934553 -0.577413 0.894923 -0.703542 0.091181 0.585980 -0.069379 0.536471 0.231166 0.697797 -0.469386 0.468222 0.442738 -0.615567 -0.340740 0.440759 -0.323480 0.517546 -0.343483
VERTEX_POSE A3239 0.241010 0.272241 0.082069 0.518450 -0.850332 -0.208612 0.255921 0.254531 0.583472 -0.428381 0.685734 0.035898 0.445923 0.209785 -0.369269 0.397643 0.623428 -0.691660 -0.627716 0.179752
VERTEX_POSE A3240 0.286590 -0.376841 -0.457572 0.117827 0.032295 -0.455794 -0.340885 -0.313133 -0.301542 0.657511 0.280021 -0.326778 0.595405 -0.316200 -0.597030 -0.267657 0.683987 -0.487950 -0.159154 -0.505683
VERTEX_POSE A3241 -0.170840 0.163886 -0.516384 0.876915 -0.964476 -0.161149 0.127890 0.481337 0.417807 0.409775 -0.275065 0.471099 -0.790743 0.283345 0.758538 0.271668 0.029948 0.046409 0.341541 0.781967
VERTEX_POSE A3242 0.227896 0.742816 0.609185 -0.383669 0.124892 -0.736852 0.277082 -0.482979 0.452241 -0.426813 -0.401447 0.239463 0.537052 0.206014 0.441191 0.622199 -0.476559 0.023140 -0.255930 -0.579674
VERTEX_POSE A3243 -0.012241 0.943661 0.426165 -0.250667 0.406671 -0.287458 0.437205 0.566162 -0.404964 -0.416172 0.617016 0.736909 -0.442150 0.339740 0.168744 0.453787 -0.094071 0.426454 0.483976 0.417708
VERTEX_POSE A3244 0.596419 0.039300 -0.914787 -0.959221 0.999951 -0.470450 0.597383 -0.414511 0.361559 0.149394 -0.064800 0.219904 -0.630678 -0.473067 0.774264 0.472246 -0.097625 0.010460 0.006574 0.768543
VERTEX_POSE A3245 -0.495711 -0.446137 0.618456 -0.905768 -0.944941 -0.468711 0.483869 0.301889 -0.707660 -0.653685 -0.037363 -0.467535 0.453887 -0.621559 0.027390 -0.359751 -0.202465 0.245333 -0.055970 -0.692921
VERTEX_POSE A3246 -0.999516 -0.773614 0.628878 -0.691925 0.581947 -0.471512 -0.520166 0.206772 0.258552 -0.484649 0.716601 0.439840 -0.426656 -0.274163 -0.684171 -0.259595 -0.230214 0.221987 -0.495094 -0.561752
VERTEX_POSE A3247 0.268516 0.717046 0.347947 -0.322590 0.154029 0.846950 -0.526980 -0.045383 0.104089 0.234357 0.181514 -0.382460 -0.524405 -0.435964 0.204286 0.397605 -0.873646 -0.289538 -0.484023 -0.108031
VERTEX_POSE A3248 -0.720721 -0.472304 -0.536085 -0.960670 0.387782 -0.540604 0.615014 -0.217183 -0.438366 -0.662582 -0.425513 -0.506898 0.132991 0.589246 -0.304314 0.147334 -0.515810 0.407468 0.378615 -0.398120
VERTEX_POSE A3249 -0.849723 -0.382601 -0.276375 -0.125838 0.681328 -0.039351 -0.167868 0.600085 -0.449220 -0.180610 0.354385 0.358459 -0.820587 -0.354913 -0.352928 -0.514493 0.282232 -0.737293 -0.033675 -0.555600
VERTEX_POSE A3250 -0.433100 -0.842431 -0.210163 0.965924 -0.423672 -0.494309 -0.148583 -0.301599 0.463974 -0.211549 0.487075 0.076211 -0.661624 0.350056 -0.530715 -0.553544 0.056772 -0.502911 0.434756 0.738941
VERTEX_POSE A3251 -0.093925 -0.997395 -0.094279 -0.754434 0.213379 -0.711141 0.393348 0.543577 0.107338 -0.572400 0.708543 0.470521 -0.027235 0.338107 -0.510913 -0.698882 -0.295232 0.018298 -0.168694 0.031821
VERTEX_POSE A3252 -0.560027 0.844796 -0.363346 -0.756415 -0.879690 -0.646852 0.565654 0.358274 0.630679 0.052610 0.678888 -0.204947 -0.437270 0.001587 0.242900 0.215074 -0.621401 -0.287790 -0.663178 0.156873
VERTEX_POSE A3253 0.048432 -0.301187 0.798809 -0.412776 -0.477975 0.016159 -0.739319 -0.303097 -0.575156 0.282365 -0.393580 -0.802257 -0.292222 0.385740 0.151222 -0.240129 0.695559 -0.049505 0.480231 0.347318
VERTEX_POSE A3254 -0.734597 0.577307 0.035298 -0.384944 -0.769942 -0.376797 -0.404592 -0.495463 0.584939 -0.777683 0.215415 0.258453 0.242432 0.365185 -0.663131 -0.323619 0.666497 -0.096590 -0.260791 -0.361296
VERTEX_POSE A3255 0.070454 0.897911 0.559820 0.693136 0.148052 -0.481335 0.326917 -0.522933 -0.183663 0.311379 0.586673 0.689029 0.235502 0.218883 0.494434 0.307238 -0.562068 0.123929 -0.803936 -0.136105
VERTEX_POSE A3256 -0.169937 -0.700498 -0.039365 -0.880853 0.765681 0.723902 0.566098 -0.163995 0.319885 -0.374796 -0.658728 -0.022673 0.104745 0.466852 -0.552383 0.662016 -0.457824 0.260766 0.299707 0.334109
VERTEX_POSE A3257 -0.236500 0.126501 0.379033 0.099411 0.066229 0.269248 0.317422 -0.497967 0.756360 0.270882 0.128865 0.094006 0.634148 0.478484 -0.300473 0.075308 0.619134 0.506265 -0.646569 0.350925
VERTEX_POSE A3258 0.135172 0.414515 0.567386 -0.526375 0.503499 0.382064 0.218598 0.679366 -0.048893 0.497713 -0.629988 0.618511 -0.646005 -0.355575 0.131458 0.292129 -0.086067 0.672160 0.449260 -0.087957
VERTEX_POSE A3259 -0.265270 0.764073 0.787139 0.689811 0.478927 -0.300967 -0.442016 -0.796955 0.593883 0.255551 -0.422466 0.161279 0.367081 -0.412677 0.276273 0.392506 -0.023304 -0.674081 0.671197 -0.124662
VERTEX_POSE A3260 0.912820 0.077808 -0.361737 -0.512850 -0.147340 0.656047 -0.332602 -0.142079 0.464445 0.601926 0.496673 -0.545650 -0.041537 0.083881 0.130161 -0.723010 0.421893 0.198033 0.050921 -0.740338
VERTEX_POSE A3261 -0.736777 -0.064021 -0.329626 -0.383704 0.168305 -0.714898 -0.366194 -0.451374 0.215059 0.192512 -0.466244 0.450377 -0.076639 -0.729195 0.489032 -0.509376 0.215199 -0.026077 0.750669 -0.029041
VERTEX_POSE A3262 0.687753 0.632789 -0.627658 0.124872 0.863996 0.217125 -0.119583 -0.932957 -0.479972 -0.260398 -0.296918 0.128833 0.922226 -0.176793 -0.681372 0.202634 -0.067480 0.491547 -0.162270 0.074975
VERTEX_POSE A3263 0.309068 -0.629670 0.738212 0.870892 -0.148593 -0.412980 0.356163 -0.251179 -0.482971 -0.192158 -0.747813 -0.462037 0.567447 0.297506 -0.521643 -0.161198 0.497353 0.332561 0.698743 -0.204487
VERTEX_POSE A3264 -0.907600 -0.184323 0.776646 -0.085902 -0.238410 0.110678 -0.959350 0.021930 -0.383989 0.022335 -0.369236 0.526314 -0.057870 -0.759983 -0.659618 -0.076600 -0.495906 -0.358050 -0.264448 0.199213
VERTEX_POSE A3265 0.812217 0.162031 0.704754 -0.654992 -0.821194 0.433881 -0.565559 -0.346988 -0.449976 -0.730695 0.472792 0.030452 0.126884 0.567948 -0.775722 0.075573 -0.479706 -0.081225 0.352727 0.321534
VERTEX_POSE A3266 -0.771849 -0.694738 0.001448 -0.137358 -0.281436 0.252891 -0.380758 -0.605368 0.495591 0.518474 -0.470235 -0.456142 0.658779 0.007431 -0.458754 0.117919 -0.605256 -0.521454 -0.371906 -0.214521
VERTEX_POSE A3267 -0.243941 -0.503950 -0.192165 0.505197 0.375402 0.281035 0.327746 0.522443 0.398046 0.163545 0.593792 0.835347 -0.078335 -0.511444 0.229160 -0.696292 0.281132 0.110723 0.612272 -0.183994
VERTEX_POSE A3268 -0.250691 0.215954 0.130163 0.492704 0.838625 -0.667007 0.192389 0.444343 0.312379 -0.137013 0.796662 0.601902 0.002599 -0.096285 -0.176896 0.341759 -0.363455 0.252870 0.909620 0.162849
VERTEX_POSE A3269 -0.187236 -0.629291 0.424035 -0.242435 0.015022 -0.382182 0.196248 0.515178 0.349637 -0.448514 0.638174 -0.609699 -0.723062 -0.277744 0.335033 0.088124 -0.496741 0.497706 -0.479310 -0.058575
VERTEX_POSE A3270 0.997069 0.768292 0.889904 0.023648 0.525070 -0.318960 0.095211 0.435832 -0.548223 0.590269 -0.070184 -0.113925 -0.503543 0.689288 -0.675345 -0.571635 -0.452859 -0.358672 0.249391 0.353449
VERTEX_POSE A3271 -0.964100 0.839113 0.672591 -0.389469 -0.129080 0.141704 0.145799 -0.377883 -0.529742 -0.169941 -0.778196 0.374794 0.543078 -0.137946 0.699743 -0.636791 -0.295443 -0.263026 -0.499426 0.381181
VERTEX_POSE A3272 0.641924 0.534595 0.907652 -0.365520 0.050546 0.660756 -0.067800 0.626608 -0.214143 0.382999 0.199976 0.646930 -0.095454 -0.298873 0.050062 -0.589043 -0.483076 0.310677 0.701877 -0.494656
VERTEX_POSE A3273 0.224965 0.511108 0.499089 0.639979 -0.350037 0.623618 -0.133738 0.012480 0.122093 0.977488 -0.154608 -0.092163 -0.119873 -0.721628 -0.737155 0.084261 0.253677 -0.210479 -0.071848 -0.625173
VERTEX_POSE A3274 0.023658 0.782774 0.098757 0.359864 -0.722409 -0.634850 -0.693343 -0.089072 0.409120 -0.339759 0.553062 0.458506 -0.301960 0.181362 -0.458817 0.252357 0.806982 -0.094054 0.498974 -0.045560
VERTEX_POSE A3275 0.238342 -0.426105 0.992864 -0.324741 0.050497 -0.002713 0.584520 0.582513 -0.558298 -0.119442 0.457493 0.347822 0.582878 -0.361425 -0.494693 0.551584 -0.145084 -0.567975 -0.008853 -0.547450
VERTEX_POSE A3276 0.729253 -0.935029 0.117545 0.734210 -0.294979 0.713363 0.284343 -0.263683 0.467803 -0.490819 0.625987 0.153046 -0.727775 -0.328302 0.125825 0.329317 0.598744 0.482720 0.200349 -0.268951
VERTEX_POSE A3277 0.024142 -0.990840 -0.272365 0.667939 0.859538 -0.597768 -0.201292 -0.318951 0.498834 -0.529865 0.242439 -0.294045 0.565571 0.248594 0.275128 0.092313 -0.881829 -0.481332 -0.591889 -0.008557
VERTEX_POSE A3278 -0.493142 -0.709059 0.340811 0.352668 -0.795474 0.573982 -0.249323 0.404517 0.406607 0.610811 0.512377 0.221124 0.542358 -0.450111 -0.644457 0.437717 0.379311 0.202470 0.281069 -0.476821
VERTEX_POSE A3279 -0.991468 -0.407333 0.581460 0.773540 -0.907197 -0.079513 0.258883 0.029276 0.461629 0.196776 -0.821747 -0.361349 0.792681 -0.148355 -0.130078 -0.477964 -0.429989 -0.795665 -0.193560 -0.342016
VERTEX_POSE A3280 0.174420 -0.373441 0.451259 -0.457899 0.540866 -0.474566 0.472292 -0.602801 -0.514904 0.248795 0.618501 0.157149 -0.519869 0.026401 0.673978 0.543234 -0.087018 0.175270 0.386878 0.495801
VERTEX_POSE A3281 0.073758 -0.551490 -0.869352 0.318593 -0.219147 -0.590979 -0.063777 0.270145 0.406580 0.470927 -0.129062 -0.045542 0.686194 -0.347955 -0.646147 0.438581 0.048557 -0.256627 -0.333084 -0.887093
VERTEX_POSE A3282 -0.085393 -0.404728 -0.512819 -0.980894 0.306183 -0.074439 -0.370611 -0.283280 -0.515242 -0.194168 -0.291594 0.526350 0.468562 0.155815 0.077600 -0.604197 0.768613 -0.667772 0.490247 0.468702
VERTEX_POSE A3283 0.614393 -0.528646 -0.912087 -0.214314 0.661176 -0.626571 0.648045 0.253836 0.087826 0.529787 -0.748584 -0.611505 -0.294334 -0.381745 0.302828 0.037003 -0.380454 -0.366130 -0.459740 -0.291057
VERTEX_POSE A3284 -0.877809 0.147323 0.929457 0.905816 0.302879 0.307794 -0.555024 0.355756 -0.608938 0.160875 -0.293763 -0.542879 -0.723781 0.112824 -0.473868 0.315622 0.637176 -0.123241 -0.206376 -0.606975
VERTEX_POSE A3285 0.180010 -0.827421 0.522479 -0.365838 0.536241 -0.283543 0.469114 0.782117 0.641346 0.234496 -0.151240 0.387756 0.620268 0.022435 -0.468326 0.581948 -0.598821 0.372284 0.039350 0.079558
VERTEX_POSE A3286 -0.315154 -0.630735 0.647733 -0.521178 -0.190772 -0.208338 0.228023 0.572503 0.392630 0.145055 0.224120 0.699474 0.591052 -0.118573 0.303692 -0.478438 -0.521321 0.470048 -0.590525 0.579807
VERTEX_POSE A3287 -0.047747 0.446824 -0.109908 -0.975037 0.068560 0.451822 -0.010589 -0.452771 -0.165676 0.316252 0.751071 -0.436236 -0.685699 -0.046111 0.038640 0.556177 -0.231457 -0.759351 0.346925 -0.418561
VERTEX_POSE A3288 0.943511 0.299080 -0.098488 0.733574 -0.397530 0.729826 -0.402609 0.435359 -0.532475 0.034679 0.336684 0.361154 0.444414 -0.372314 0.100089 0.695254 0.665899 -0.208265 -0.394742 0.339217
VERTEX_POSE A3289 0.820018 0.783780 0.215120 -0.047553 -0.687273 0.387484 0.591020 -0.694480 -0.746613 0.621421 0.076828 -0.523445 -0.478382 -0.644589 0.126523 -0.160749 -0.183774 -0.049212 -0.099208 -0.250055
VERTEX_POSE A3290 0.686984 0.210897 -0.322769 0.714774 -0.452512 -0.480130 -0.454417 -0.388698 -0.389282 -0.248684 -0.274312 -0.349358 0.321217 -0.459734 0.666467 -0.511028 -0.486562 0.227388 0.606078 -0.570587
VERTEX_POSE A3291 0.856331 -0.623112 0.539775 -0.779276 0.455130 -0.514174 -0.489108 0.102839 -0.543391 -0.367245 -0.471156 0.519161 -0.447399 -0.455496 0.205826 -0.594448 0.685295 0.358411 -0.269018 -0.300551
VERTEX_POSE A3292 -0.916759 -0.280241 0.885493 0.568743 0.481032 0.476415 -0.120673 0.217316 0.088293 -0.646460 -0.185789 -0.536400 -0.419921 -0.498581 -0.454583 0.560720 -0.142585 0.520445 0.277104 -0.805818
VERTEX_POSE A3293 0.374737 -0.156314 0.049573 -0.160354 -0.588517 -0.628896 0.082751 0.034159 0.409637 0.842626 0.175029 0.466603 -0.123905 -0.234887 -0.327468 0.264724 0.587707 -0.334265 0.444637 -0.753411
VERTEX_POSE A3294 0.165399 -0.252782 0.277987 -0.908385 -0.693463 0.463732 0.112674 0.518348 0.556881 0.586777 -0.581863 -0.335680 -0.087135 -0.509464 -0.267797 0.676692 0.364467 0.538926 -0.421299 0.019000
VERTEX_POSE A3295 -0.824358 0.535437 0.662139 -0.517160 -0.757378 0.233567 0.467301 -0.113676 0.571819 0.515016 0.457720 0.519434 0.035265 -0.645768 0.455910 -0.509269 -0.234925 -0.375239 0.505756 -0.552597
VERTEX_POSE A3296 0.186954 -0.994283 -0.245673 0.184654 -0.409711 -0.594052 -0.461237 -0.536537 -0.153999 0.292462 -0.228678 -0.240724 -0.398818 0.779446 -0.725244 0.574407 0.228678 0.198645 0.461224 -0.002359
VERTEX_POSE A3297 0.393550 0.052480 -0.720565 -0.045743 0.025101 -0.473586 0.721451 0.182418 -0.377983 -0.475981 0.367453 0.432894 -0.072778 -0.473010 -0.608363 -0.430395 -0.406748 -0.274486 0.249830 -0.665222
VERTEX_POSE A3298 -0.068300 -0.968513 -0.530026 0.988038 0.618024 -0.061993 0.267822 -0.599735 -0.839001 -0.199591 -0.353466 -0.266221 -0.114498 0.622008 0.200966 0.606199 -0.127678 0.425409 -0.712634 -0.334941
VERTEX_POSE A3299 0.936263 0.221671 0.884490 -0.322642 -0.571085 -0.451722 -0.613270 -0.571495 0.839512 -0.369181 -0.339247 0.074209 -0.593006 0.568472 0.199686 -0.009798 0.316160 -0.213973 -0.368582 0.367679
VERTEX_POSE A3300 -0.793685 0.423189 0.703470 0.711823 -0.959877 -0.045204 -0.438192 -0.786371 -0.411551 0.021582 -0.032228 0.289403 0.314560 0.269474 -0.731987 -0.341308 0.408104 0.457191 -0.769469 0.376055
VERTEX_POSE A3301 -0.071231 0.799778 -0.640121 0.011685 0.143094 0.335094 -0.301372 -0.531174 0.093313 0.666313 0.420669 0.438928 -0.184625 0.513596 -0.375443 0.505357 -0.412468 0.738505 0.419202 -0.327080
VERTEX_POSE A3302 0.972163 0.060784 0.557081 0.287888 0.299834 -0.338207 -0.330366 -0.143385 0.571390 -0.216975 0.726829 0.538469 -0.550843 -0.599315 -0.345006 -0.717939 0.281129 -0.387493 -0.157845 0.113791
VERTEX_POSE A3303 0.848238 -0.042216 0.611121 -0.653698 0.090668 -0.522503 -0.239213 -0.647691 -0.675012 0.271487 0.626297 0.459451 -0.193838 0.314802 -0.236220 -0.764226 0.282538 -0.066738 0.497451 -0.096541
VERTEX_POSE A3304 -0.846266 0.310887 0.858968 -0.348336 0.793057 0.156720 -0.845787 0.340119 -0.632130 -0.079367 0.559718 -0.702525 0.012248 -0.342246 -0.272492 -0.433075 -0.399226 -0.089758 0.301067 0.542698
VERTEX_POSE A3305 -0.004179 -0.156442 -0.344162 -0.352248 0.577425 0.394105 0.811521 -0.325369 -0.397008 0.064372 -0.491981 0.170377 0.226306 0.767139 0.687483 -0.165585 -0.172512 -0.430586 0.508582 0.183923
VERTEX_POSE A3306 0.086581 0.531679 0.603986 0.021561 -0.858835 -0.682547 0.658668 0.164616 -0.538099 -0.449125 0.437806 0.123268 0.524292 -0.283807 -0.357242 -0.217300 -0.761463 -0.319003 -0.205769 -0.347641
VERTEX_POSE A3307 0.882988 0.375857 -0.023488 -0.614126 -0.501922 -0.675728 -0.614908 0.132531 -0.021470 -0.134993 -0.579292 0.132425 0.419569 0.145356 -0.576965 0.524714 -0.539923 0.438755 -0.390259 -0.578110
VERTEX_POSE A3308 -0.980036 -0.147282 0.383472 -0.684309 0.436963 0.115700 0.415156 -0.465054 -0.033474 -0.372331 -0.066159 0.111068 -0.752885 -0.539593 -0.568416 0.271532 -0.628671 0.806263 0.220112 -0.304892
VERTEX_POSE A3309 0.593439 0.822619 -0.055203 -0.625771 -0.654309 0.746122 0.473785 -0.198376 0.124290 -0.179604 0.880267 -0.093033 0.308695 0.000451 0.640713 -0.556649 -0.002378 -0.093199 -0.581480 -0.431012
VERTEX_POSE A3310 0.891520 0.968525 -0.442028 -0.840585 -0.409118 0.578006 0.127177 0.473083 -0.582523 -0.237863 -0.067933 -0.323461 -0.437516 0.774559 0.101255 -0.566961 -0.411821 -0.460104 0.643726 0.045160
VERTEX_POSE A3311 0.194383 0.479276 -0.165268 -0.142208 -0.022171 -0.674960 -0.215546 -0.292146 0.040403 0.529048 -0.535944 0.642239 -0.582453 -0.279114 -0.107619 -0.238174 -0.710592 0.344594 0.526945 -0.211115
VERTEX_POSE A3312 -0.332803 -0.728870 0.075445 0.692822 0.126545 -0.534519 -0.021427 0.341699 -0.611595 -0.349252 -0.362137 0.086142 -0.895294 0.057297 0.162450 0.024987 -0.848493 0.553561 -0.274569 0.169927
VERTEX_POSE A3313 -0.193873 -0.436203 0.045153 -0.821479 0.897065 0.406410 0.586826 -0.677178 -0.711010 0.134848 -0.448246 -0.498482 0.561335 0.329597 -0.241916 -0.567761 -0.480566 0.149293 -0.000997 0.030452
VERTEX_POSE A3314 -0.191224 0.950631 -0.077355 0.643478 -0.360995 0.567529 0.086799 -0.540214 0.395416 0.600844 0.658883 0.206531 -0.480510 0.093019 0.559396 0.117547 -0.271064 -0.407404 0.621888 -0.438080
VERTEX_POSE A3315 -0.210612 0.418452 0.004901 0.598639 -0.570576 -0.158498 -0.677258 0.513546 -0.282823 -0.350241 0.104014 -0.703639 -0.022814 -0.594617 -0.460069 -0.116169 0.101702 0.433727 -0.636111 -0.601281
VERTEX_POSE A3316 0.986138 -0.263624 -0.432368 -0.187317 0.433306 0.316105 -0.572649 0.439697 0.778389 0.160021 0.291893 0.316046 -0.581218 -0.713891 0.317491 0.467870 -0.459900 -0.305781 -0.299582 -0.017791
VERTEX_POSE A3317 0.493623 -0.680104 -0.429622 -0.877699 0.448232 -0.304666 -0.474056 -0.267597 0.083014 0.465023 0.344627 0.727189 0.160685 0.103570 -0.390280 -0.099383 0.840364 0.468151 -0.723414 0.304444
VERTEX_POSE A3318 0.741641 -0.134723 0.894994 0.623602 0.497984 0.526813 0.826366 0.071199 0.434703 -0.084746 -0.227734 -0.044174 0.034431 -0.929841 0.529035 -0.471329 0.212094 0.501668 -0.294280 -0.182974
VERTEX_POSE A3319 0.929649 -0.964544 0.469144 -0.453743 -0.964224 0.448868 0.159450 0.359318 -0.001528 -0.784229 0.193975 0.162392 0.098244 0.846410 -0.383937 -0.480154 0.183303 0.790403 -0.345486 -0.288540
VERTEX_POSE A3320 0.313641 -0.896324 0.785498 0.074748 0.760960 -0.393144 0.584697 -0.406368 -0.687548 -0.136458 0.654463 -0.300186 -0.630262 -0.599679 0.393146 0.250473 0.110955 -0.357827 0.423723 -0.186058
VERTEX_POSE A3321 0.428625 -0.923826 -0.427776 0.338375 -0.954529 -0.509421 0.605508 -0.265763 -0.077196 0.426751 0.377497 -0.555483 -0.498159 -0.500732 -0.383169 -0.414062 0.697946 0.528348 -0.177861 -0.221372
VERTEX_POSE A3322 0.785979 -0.587656 0.008919 -0.233020 0.490905 0.273039 0.509895 -0.657301 -0.050266 -0.655831 -0.520841 -0.245699 0.332004 -0.433166 -0.758374 0.331386 0.147186 -0.536119 -0.299748 -0.295609
VERTEX_POSE A3323 0.396882 -0.176564 0.670991 -0.356510 0.241991 -0.355232 0.448126 0.449278 0.497547 -0.559913 0.569865 0.489645 0.401344 -0.389354 -0.559023 -0.166413 0.147253 0.272028 0.544894 0.547835
VERTEX_POSE A3324 -0.196638 -0.080140 0.621797 -0.821979 -0.543045 -0.254547 0.351500 -0.349153 -0.557467 0.549080 0.479710 0.502779 0.146472 -0.169713 -0.592278 -0.388882 -0.576192 -0.144418 -0.634252 0.535883
VERTEX_POSE A3325 -0.048622 0.159562 -0.713094 -0.141405 0.797442 0.241712 -0.741868 0.036801 -0.893201 -0.100381 -0.359591 -0.319107 -0.167528 0.803316 -0.197495 -0.333548 0.266012 -0.054158 0.547937 0.391487
VERTEX_POSE A3326 0.572523 -0.641128 0.333130 0.126331 0.484613 -0.464440 0.645720 -0.352941 0.137469 0.568945 0.131733 -0.130304 -0.196434 -0.848710 0.767408 0.391063 -0.229484 0.399380 -0.260443 -0.291732
VERTEX_POSE A3327 0.990316 -0.074423 -0.623876 0.362675 0.047244 0.012231 -0.811659 -0.222357 -0.584341 0.378349 0.192644 -0.085151 -0.318044 0.500341 -0.542130 -0.035148 -0.716947 -0.597696 -0.309314 0.386124
VERTEX_POSE A3328 -0.655072 -0.787959 -0.433659 0.812853 -0.177457 -0.261113 0.339141 -0.240842 -0.372927 -0.245688 0.435174 -0.285560 0.500543 0.722374 -0.780455 -0.433591 -0.215989 0.319519 -0.621350 0.429120
VERTEX_POSE A3329 -0.495776 -0.609641 0.803105 0.114369 0.102637 -0.704309 0.416025 -0.468719 -0.047422 0.220793 0.722295 -0.366578 0.269662 0.440296 0.005302 -0.508735 -0.126460 0.606046 0.668315 -0.220771
VERTEX_POSE A3330 0.926579 -0.852751 -0.739386 -0.959968 0.476159 0.285726 0.807584 0.143165 -0.508771 0.358465 -0.619312 -0.628680 -0.190093 0.482010 0.492961 -0.391622 -0.267330 -0.145823 -0.172648 -0.540516
VERTEX_POSE A3331 -0.448757 0.635230 -0.730189 0.524675 -0.137335 0.409991 -0.175434 0.166522 0.446911 -0.349775 0.687497 -0.675217 0.039411 0.654813 -0.397166 -0.798093 -0.219374 0.136084 -0.456482 -0.150708
VERTEX_POSE A3332 0.432993 -0.809862 -0.837017 -0.873946 -0.754269 -0.294186 0.440694 0.144289 0.500203 0.313546 -0.792634 -0.067878 0.671062 0.119293 -0.161241 -0.500994 -0.288241 0.795390 -0.078478 0.503586
VERTEX_POSE A3333 0.898742 0.208033 0.817695 0.327921 -0.224007 -0.121806 -0.488764 -0.169953 -0.505452 -0.126398 -0.643179 0.177729 0.616941 0.067518 0.766184 -0.469369 -0.150249 -0.333251 -0.379749 0.728219
VERTEX_POSE A3334 -0.600519 -0.406986 0.880932 0.870978 0.953334 -0.653201 -0.076694 -0.642008 -0.549160 0.228534 0.497951 0.419250 0.672173 -0.233135 0.219599 -0.623879 0.250417 -0.218535 0.317567 0.472027
VERTEX_POSE A3335 0.586727 0.501024 -0.978049 -0.222282 -0.961212 -0.348553 0.811984 -0.209655 0.649548 -0.147609 -0.278577 -0.358463 -0.329305 0.130774 -0.204310 -0.214147 -0.925852 -0.535127 -0.405702 0.064303
VERTEX_POSE A3336 -0.105437 -0.948409 -0.526467 0.975673 -0.646582 0.402293 -0.071697 -0.506426 -0.590543 -0.681201 -0.407023 -0.339771 0.345470 -0.366249 -0.464240 0.001533 0.598217 -0.398065 0.641461 -0.293023
VERTEX_POSE A3337 0.486062 -0.875308 0.484918 -0.107461 -0.905501 -0.681617 0.368542 -0.486259 0.102763 0.097963 0.303491 -0.684451 -0.411839 0.266846 0.212294 0.208980 -0.606441 0.106282 -0.800809 -0.482148
VERTEX_POSE A3338 0.469715 -0.123119 -0.001537 0.163592 -0.463134 0.332889 0.257042 0.873102 -0.603159 0.543526 0.213005 0.607577 -0.075099 0.013667 0.008776 0.336035 -0.087809 0.395167 0.721076 -0.429447
VERTEX_POSE A3339 -0.085473 -0.095691 0.857005 -0.708636 0.790381 0.362191 0.555173 0.080884 0.610150 -0.238836 -0.322940 0.269243 0.425320 0.669907 0.494482 -0.602235 0.416898 0.423710 0.301922 -0.516321
VERTEX_POSE A3340 0.079501 0.947312 -0.570285 0.266768 -0.559809 0.795404 -0.001456 0.291709 0.396356 -0.356828 -0.714169 0.018907 0.636096 0.148932 0.038632 -0.595710 0.616302 -0.456491 -0.336426 -0.053480
VERTEX_POSE A3341 0.361235 -0.154594 0.556435 0.323007 0.127748 0.557871 -0.244231 0.543932 0.620897 0.077704 -0.479440 -0.379291 -0.740385 -0.309580 0.098562 0.259710 -0.591900 -0.386898 0.564530 0.167597
VERTEX_POSE A3342 -0.891090 -0.616415 -0.308263 0.149156 -0.231790 -0.039885 0.362362 0.436990 0.322366 -0.472428 0.106932 -0.462667 -0.374085 -0.640599 -0.588237 0.503907 -0.074523 0.578277 0.501641 -0.617806
VERTEX_POSE A3343 0.746698 -0.781559 0.505159 -0.040410 0.566735 -0.676444 -0.611279 0.299208 0.289485 -0.295579 -0.418475 0.108308 -0.419110 -0.618205 -0.644901 0.520901 -0.534721 -0.176050 -0.303281 -0.259325
VERTEX_POSE A3344 -0.832638 0.409203 -0.398412 0.501527 0.024813 -0.099737 -0.424116 -0.161220 0.683546 -0.399139 0.319162 -0.052723 0.703449 0.424790 0.584523 0.202359 0.217572 -0.422340 -0.353588 0.802720
VERTEX_POSE A3345 -0.082314 -0.665784 0.614382 -0.207365 0.407215 0.407803 0.611583 -0.391950 0.761728 -0.294755 -0.318933 -0.127336 -0.475984 -0.512328 -0.117719 -0.472618 -0.210392 -0.472647 0.298591 -0.661749
VERTEX_POSE A3346 -0.463914 0.636894 -0.489939 -0.441771 0.996159 0.582819 -0.002315 0.381310 -0.499271 -0.575039 -0.128575 -0.184375 -0.521219 0.402662 0.227995 -0.328056 0.564373 -0.570153 0.538549 0.597844
VERTEX_POSE A3347 -0.846500 -0.854421 0.169220 -0.685790 -0.541881 0.762225 0.167667 -0.093788 -0.505797 0.464314 0.413375 0.126582 -0.357582 0.752402 -0.018108 0.666635 -0.166907 -0.383186 -0.428991 -0.475771
VERTEX_POSE A3348 -0.588691 -0.345888 -0.815240 -0.085065 -0.144553 -0.376512 -0.402320 -0.190701 0.310814 0.564798 0.509270 0.567458 -0.174575 -0.059438 0.621241 -0.109447 -0.551086 0.231696 -0.690425 0.630118
VERTEX_POSE A3349 -0.722273 -0.497829 -0.594946 -0.818169 0.494143 -0.470902 -0.532448 -0.298212 0.189211 0.577122 -0.739265 -0.413448 -0.149123 -0.383819 -0.014316 -0.213465 -0.411714 -0.755848 0.561805 0.218476
VERTEX_POSE A3350 -0.916851 -0.818965 -0.361636 -0.139533 -0.506106 0.116896 -0.519729 0.544413 -0.818452 -0.194067 0.409868 -0.480571 0.374481 -0.249584 -0.256542 0.084744 -0.238937 0.140393 0.738107 0.645166
VERTEX_POSE A3351 0.724950 -0.242212 0.970258 0.989683 -0.383593 -0.440031 0.696330 -0.139662 -0.428453 -0.194439 -0.771049 0.262364 -0.475240 -0.385026 -0.222320 -0.313263 0.395078 -0.710309 -0.391576 0.285739
VERTEX_POSE A3352 0.706352 -0.421655 -0.022721 0.520206 0.539615 -0.446051 -0.061063 -0.548093 0.328926 -0.588528 -0.565063 0.646687 -0.328830 0.178763 -0.333322 -0.565713 0.587762 0.404399 0.470898 0.053650
VERTEX_POSE A3353 0.869128 -0.406621 0.647284 0.627447 0.984800 0.625070 -0.135940 -0.744756 -0.471526 -0.842163 -0.199030 0.420142 -0.402150 0.334511 0.141360 0.012915 0.345424 0.436404 -0.332250 0.417743
VERTEX_POSE A3354 0.121832 0.581224 0.641249 -0.366827 0.858398 0.175879 0.613627 -0.389886 -0.317897 -0.507823 0.301548 0.466378 0.074861 0.562456 -0.341398 -0.262982 -0.539939 -0.730717 0.539271 0.386221
VERTEX_POSE A3355 -0.490286 0.498205 -0.400924 0.698227 0.996569 -0.698586 0.213469 -0.062005 0.160333 0.801818 0.555484 0.260714 -0.402582 0.354215 0.643990 0.224168 -0.407409 -0.059803 0.314954 -0.629399
VERTEX_POSE A3356 -0.179494 0.752940 0.934190 -0.513958 0.782242 -0.048213 0.060235 0.261284 0.011164 -0.619746 0.755666 0.675381 -0.199040 -0.037933 -0.727804 -0.086408 0.047923 0.108224 0.751800 0.597464
VERTEX_POSE A3357 -0.305645 0.940096 -0.025621 0.759504 0.343011 -0.833754 0.326254 -0.086646 0.074055 -0.317065 0.514430 -0.049160 0.646514 0.314405 0.420615 0.539724 0.357546 -0.346462 -0.289389 0.707930
VERTEX_POSE A3358 -0.499971 -0.576217 -0.024800 0.060902 0.043813 -0.171218 0.270034 0.040682 0.365191 -0.470288 0.291914 0.807993 0.373793 -0.451609 -0.417377 0.361537 -0.465135 0.101309 0.659910 0.702019
VERTEX_POSE A3359 0.165434 0.964981 -0.499469 -0.701105 -0.395216 0.440641 0.336126 0.216430 -0.504442 0.524218 0.136415 -0.425240 -0.405348 -0.577762 0.556497 -0.352811 -0.152326 -0.246689 -0.568711 0.759958
VERTEX_POSE A3360 0.198579 -0.669545 -0.222516 -0.126127 -0.554353 -0.452720 0.292019 0.166457 0.028534 0.677720 -0.547478 -0.114647 -0.653198 -0.625312 0.523377 0.157623 -0.414273 0.712154 -0.062512 0.331545
VERTEX_POSE A3361 -0.573391 -0.428969 0.235814 0.100934 -0.480028 -0.638327 0.524443 0.536491 -0.343787 -0.363246 0.210337 0.480001 0.516714 0.149281 -0.104576 0.569258 -0.541744 0.482715 0.044321 0.593434
VERTEX_POSE A3362 0.716676 0.600212 -0.229658 0.823570 0.467450 -0.247935 -0.584613 0.535445 -0.178545 0.447561 0.523297 -0.614772 0.021273 -0.617855 -0.662119 -0.212894 0.145194 0.300506 -0.641982 -0.191400
VERTEX_POSE A3363 -0.368428 -0.479407 -0.059533 -0.000073 -0.308622 -0.249346 -0.596545 -0.101774 0.452857 0.182858 0.703385 0.597376 -0.027631 -0.090100 0.603868 -0.466100 -0.377390 -0.105984 -0.626645 0.586813
VERTEX_POSE A3364 -0.674650 0.779064 0.053509 -0.571145 0.295965 0.210912 0.340036 -0.206581 0.459202 -0.557275 0.414769 0.041117 -0.014621 0.709903 0.325408 -0.591705 -0.530386 -0.798166 -0.472748 0.004372
VERTEX_POSE A3365 -0.883843 -0.806774 -0.348726 0.694548 0.420784 0.305938 0.251350 -0.503851 -0.434455 0.811824 0.274701 -0.530755 -0.178542 -0.678533 0.628259 0.387980 -0.259999 -0.203077 0.308803 -0.377712
VERTEX_POSE A3366 -0.781700 -0.978383 -0.037582 0.777645 -0.269834 0.736517 -0.398565 -0.235516 -0.367041 0.252512 -0.765741 -0.399736 -0.552587 -0.197329 0.016919 0.568351 0.305854 0.403421 0.386016 -0.475066
VERTEX_POSE A3367 0.219914 0.830655 0.527042 -0.595472 0.649383 0.343243 -0.314317 -0.862739 -0.862092 -0.061150 -0.297490 0.148149 0.492800 -0.285188 -0.186520 0.705268 -0.272107 -0.286782 -0.396498 -0.108661
VERTEX_POSE A3368 0.602219 -0.682082 -0.863808 -0.412913 0.515283 0.509547 0.260184 0.252650 0.581864 -0.667799 -0.444135 -0.334054 -0.177287 -0.403223 -0.538433 -0.347012 -0.014893 0.017164 0.578360 -0.759013
VERTEX_POSE A3369 0.688015 -0.101502 0.960882 -0.058763 0.267032 -0.050798 -0.077963 0.254476 0.316427 -0.255636 -0.832330 -0.567477 -0.073653 -0.430021 -0.533499 -0.714726 0.137887 -0.539112 0.642116 -0.196311
VERTEX_POSE A3370 -0.865560 -0.265036 0.384047 -0.304108 0.439764 -0.575435 0.197467 -0.434490 -0.296310 -0.319702 -0.483134 -0.127601 -0.638855 0.521172 0.625082 -0.439103 -0.551625 0.417211 0.507789 0.043466
VERTEX_POSE A3371 -0.318280 -0.734770 -0.434093 0.853855 0.955474 0.248138 0.032016 -0.513291 -0.474584 -0.181345 -0.276095 0.504966 0.712664 0.031345 0.571742 -0.516678 -0.458738 -0.362378 0.437313 -0.669985
VERTEX_POSE A3372 0.049250 0.743904 0.517317 -0.735756 -0.605220 -0.401288 0.617642 -0.205828 0.382439 0.530557 -0.510638 -0.084117 0.566557 0.703439 -0.375440 -0.103686 0.261270 -0.738023 -0.072729 -0.365780
VERTEX_POSE A3373 -0.756649 0.118549 -0.924216 0.845048 -0.792026 -0.829680 -0.290679 0.016236 -0.174320 0.136471 0.941623 -0.191127 0.488645 -0.136127 0.493652 -0.299988 0.304172 0.031977 0.753734 0.045083
VERTEX_POSE A3374 -0.571582 -0.516329 -0.928933 -0.186555 0.522209 0.074050 0.316447 -0.408329 -0.167520 0.348915 0.791141 0.394532 0.129683 0.394774 0.669298 -0.596890 0.157540 -0.602360 -0.636415 0.163396
VERTEX_POSE A3375 0.216612 0.153107 -0.881095 0.765771 0.419593 0.660255 0.196309 0.364067 -0.203294 0.461012 0.226035 0.207520 0.101257 0.685012 -0.555940 0.576168 0.191452 0.413038 0.637736 -0.557197
VERTEX_POSE A3376 0.161037 0.452765 0.690166 -0.362317 0.615188 0.463098 0.524826 0.598161 -0.300594 -0.584087 0.292380 0.291485 -0.481476 0.538446 -0.345204 0.016493 0.434008 0.700753 -0.388985 -0.280053
VERTEX_POSE A3377 -0.035496 -0.879435 -0.418873 0.371674 0.518368 -0.161057 0.223565 -0.912051 -0.313134 -0.584181 -0.054687 -0.468048 0.090216 0.362608 0.512742 0.510098 0.146494 -0.627722 0.583449 0.110577
VERTEX_POSE A3378 0.370112 0.298687 0.288126 -0.920019 0.877712 -0.265569 -0.196061 0.172818 0.345448 -0.462355 -0.248372 0.588359 0.338188 -0.587259 -0.671047 0.266734 -0.643907 -0.116913 -0.749847 -0.385949
VERTEX_POSE A3379 0.572346 -0.893123 0.874926 0.552618 -0.529365 -0.323089 0.526191 -0.771423 -0.564816 0.249395 0.483288 0.674772 0.611166 0.123186 0.014801 -0.461880 -0.363408 0.347937 -0.272154 -0.155237
VERTEX_POSE A3380 0.242232 -0.377265 -0.013818 0.553505 0.012511 0.481848 0.508333 -0.044856 -0.217832 -0.507067 -0.680255 -0.578992 -0.116026 0.580400 -0.255227 0.358304 -0.403693 -0.565685 0.585352 -0.188172
VERTEX_POSE A3381 0.453261 0.479722 0.926490 -0.059552 -0.628394 -0.697577 0.031736 -0.569390 -0.225803 -0.506062 -0.014262 0.235552 -0.674240 0.185212 0.302240 0.513320 0.018822 0.561752 -0.157471 -0.800584
VERTEX_POSE A3382 0.297296 -0.135335 0.845183 0.542300 0.087042 0.007293 0.638933 -0.733398 0.485693 -0.484938 -0.318785 -0.551268 -0.051632 0.203098 0.435421 0.586189 0.562607 0.520154 -0.101568 0.052236
VERTEX_POSE A3383 -0.051416 0.201080 0.963460 0.073711 -0.447874 0.393840 0.551026 0.465472 -0.521166 0.344280 0.551045 0.555237 0.467995 -0.234464 -0.042522 0.205181 -0.502857 -0.513010 0.562781 -0.414543
VERTEX_POSE A3384 0.322388 -0.926900 0.573774 -0.432105 -0.643594 -0.816447 -0.510907 -0.134697 0.466187 -0.460227 -0.505944 -0.184533 0.065799 0.346201 -0.165996 0.153790 -0.717029 0.233403 -0.706529 0.303136
VERTEX_POSE A3385 -0.580872 -0.554111 0.486432 -0.824527 -0.054560 -0.400440 -0.374215 -0.570894 0.612523 -0.282586 -0.610597 -0.509944 -0.378424 -0.107753 -0.445719 0.488257 -0.281044 0.075861 0.631276 -0.458972
VERTEX_POSE A3386 0.458298 -0.300715 -0.437464 -0.228062 -0.451305 0.544770 -0.084359 0.766590 0.555059 0.700948 -0.400822 -0.389580 0.399779 0.204149 -0.209709 0.563691 0.456077 -0.446526 0.154871 0.044700
VERTEX_POSE A3387 -0.857106 0.826041 0.507964 0.053938 -0.861352 0.588716 -0.147484 -0.604139 0.091463 -0.594915 -0.055927 -0.567331 -0.314259 -0.651869 0.524854 0.217254 -0.189376 -0.218431 0.691641 -0.413633
VERTEX_POSE A3388 0.113483 -0.614015 -0.539189 0.934978 -0.711550 0.511179 0.680102 -0.320068 0.356077 0.222903 0.129342 0.135636 0.057222 0.875366 0.493532 -0.674386 -0.260870 -0.591553 0.172351 -0.215657
VERTEX_POSE A3389 0.958327 0.123068 0.537736 0.832839 0.592509 -0.091372 -0.598382 0.136793 -0.659716 0.507336 0.201473 0.579065 0.314770 0.727596 0.466669 0.266715 -0.614099 0.057709 -0.462961 0.184888
VERTEX_POSE A3390 0.308328 0.791022 -0.991505 0.352833 -0.256568 -0.129824 0.626692 0.144413 -0.612628 -0.491408 -0.249472 -0.069746 0.525125 -0.163078 0.294493 0.082306 -0.926739 0.718499 -0.288523 0.177396
VERTEX_POSE A3391 -0.687938 -0.283560 0.238295 -0.191150 -0.265903 -0.530525 -0.504332 -0.661963 -0.483482 0.111853 0.474763 -0.383640 0.521855 -0.113406 -0.572711 0.136992 0.197036 -0.098035 -0.664860 0.533592
VERTEX_POSE A3392 -0.615064 0.694099 -0.226450 -0.066226 -0.887520 -0.287092 -0.229449 0.373516 -0.074880 -0.197576 -0.613454 0.641644 0.244461 -0.430117 0.681616 -0.552658 0.388023 -0.188848 -0.736970 -0.385483
VERTEX_POSE A3393 0.025004 0.391234 -0.221163 0.176403 -0.789118 -0.021919 0.662101 0.143850 0.699964 -0.212210 0.543655 -0.033479 0.150543 0.657220 -0.053169 -0.677818 -0.021087 0.711071 0.185710 -0.501362
VERTEX_POSE A3394 -0.056366 0.237032 -0.821238 0.808777 0.425476 0.713881 -0.355423 -0.582480 0.247562 -0.235823 0.634347 -0.057380 -0.651482 0.211707 0.499471 0.022929 0.448287 -0.419909 -0.626983 -0.111983
VERTEX_POSE A3395 -0.289714 0.473163 0.827059 0.362629 0.408445 -0.042938 -0.480970 -0.193783 -0.586662 -0.449710 -0.503126 -0.131324 -0.261706 0.669606 -0.710190 0.620812 0.042739 0.363824 0.335456 -0.509032
VERTEX_POSE A3396 0.141161 0.584459 0.430111 -0.129049 0.631665 -0.635046 -0.636719 0.348871 -0.509952 0.194371 -0.121363 0.087842 -0.154775 0.419604 -0.255607 0.695465 0.621661 -0.513434 0.221771 -0.548663
VERTEX_POSE A3397 0.161934 0.258649 0.141181 0.586422 -0.844358 -0.095589 -0.752614 -0.382338 -0.038694 -0.441572 -0.211193 -0.516062 -0.357778 0.637954 -0.843158 0.308287 -0.261979 0.110140 -0.124659 0.577578
VERTEX_POSE A3398 0.930200 0.303819 0.354101 0.767157 0.057828 0.104856 0.299283 -0.402003 0.584539 0.367553 -0.301994 0.383471 -0.628550 0.384027 -0.005160 -0.616538 -0.768519 0.707279 -0.011851 0.095367
VERTEX_POSE A3399 -0.256620 0.902377 0.566304 0.458038 0.146948 -0.170827 -0.192717 -0.212795 0.345837 -0.529840 0.609447 -0.406267 0.562979 0.174222 0.294707 0.531689 0.590121 -0.774151 -0.287211 0.452434
VERTEX_POSE A3400 -0.150052 -0.842853 0.102062 -0.472341 0.422674 0.618788 0.554297 0.057491 -0.323039 -0.262117 0.536004 -0.296171 -0.167920 -0.126460 -0.410258 0.650587 0.539416 0.506674 -0.415438 0.634376
VERTEX_POSE A3401 -0.935360 -0.961217 -0.261852 -0.536951 -0.502408 -0.269577 0.491854 -0.169696 0.654388 -0.231040 -0.225368 0.502523 0.435024 -0.542789 -0.338367 0.427175 -0.339153 -0.363432 -0.577041 -0.714680
VERTEX_POSE A3402 0.425100 -0.832393 -0.867789 0.311893 0.102422 -0.255281 -0.771705 0.345237 0.354494 0.478973 0.410458 -0.499607 0.288993 0.694785 0.620157 -0.215181 0.163385 -0.418288 0.212690 -0.450461
VERTEX_POSE A3403 0.899198 0.901051 -0.380621 -0.208097 0.817455 -0.833666 0.297533 -0.097195 0.526079 0.195587 -0.296208 -0.042403 -0.536846 0.668241 0.161232 0.763956 0.598536 0.021187 -0.037241 0.313087
VERTEX_POSE A3404 -0.692009 0.157332 -0.186067 -0.691903 -0.294434 0.683164 -0.209793 0.454244 0.317213 -0.055845 0.222886 -0.431329 0.517819 0.433397 0.460638 0.608640 -0.599841 0.185555 0.560615 0.443104
VERTEX_POSE A3405 0.853518 -0.348722 -0.796722 -0.874662 -0.375369 -0.521594 0.218535 0.513099 0.209462 -0.394598 0.790049 0.361495 -0.534307 -0.215451 0.367776 0.681769 0.044034 0.646628 0.215040 0.253366
VERTEX_POSE A3406 0.115810 0.054159 -0.261715 -0.442325 0.237048 0.007482 -0.099312 -0.902106 0.743768 0.411118 0.179192 0.090861 0.557705 -0.354852 -0.293980 -0.183275 0.142864 -0.593357 0.690286 0.088119
VERTEX_POSE A3407 0.469028 -0.389903 -0.495901 -0.054221 -0.679246 -0.509436 0.513014 -0.351331 -0.498958 -0.279093 0.388354 -0.111293 -0.711340 0.057954 0.559375 -0.177306 -0.475498 -0.407712 -0.348542 -0.704479
VERTEX_POSE A3408 -0.181977 -0.228157 -0.215595 0.497012 -0.857001 -0.119846 0.225376 0.853777 0.447378 -0.703205 0.431260 -0.350373 0.289421 0.243746 -0.565607 -0.574799 -0.110687 -0.585506 -0.201371 0.115828
VERTEX_POSE A3409 -0.514078 -0.647154 -0.973590 -0.362344 0.114760 0.003525 0.510867 -0.402024 0.154169 0.400395 0.716616 -0.742845 -0.447955 0.117041 -0.650366 0.612469 0.001641 -0.037743 -0.054007 0.557797
VERTEX_POSE A3410 0.041374 -0.283026 -0.620976 -0.501603 -0.208611 0.591152 0.277679 -0.340692 -0.003316 -0.636979 -0.602758 0.388443 -0.104516 0.632525 -0.461923 0.637651 -0.215258 -0.535039 -0.315642 0.272374
VERTEX_POSE A3411 -0.939746 0.394578 0.770587 0.050516 0.155510 -0.449251 -0.193695 0.696978 -0.383986 0.821011 0.182833 -0.336891 -0.422445 0.257199 -0.467266 -0.313722 -0.454420 -0.564708 0.107437 -0.456229
VERTEX_POSE A3412 0.939183 0.832567 0.952900 0.578104 0.486366 0.129221 -0.329186 -0.779360 -0.656477 0.393421 -0.508624 -0.236581 -0.590571 -0.075684 -0.493517 -0.573724 0.273862 -0.502803 0.242742 0.230588
VERTEX_POSE A3413 -0.661330 0.581639 -0.775792 -0.959303 0.878431 -0.611593 -0.068133 0.391040 0.624979 -0.291456 0.695401 -0.173772 -0.287696 0.283688 0.414619 0.540183 -0.125098 0.182346 -0.732014 -0.517085
VERTEX_POSE A3414 0.008838 -0.404342 0.734047 -0.875773 0.707636 0.534212 -0.317077 -0.698202 -0.467751 -0.374780 0.097695 -0.458174 0.376975 -0.269521 0.019369 0.731643 -0.334078 0.534349 0.285640 0.564552
VERTEX_POSE A3415 0.261572 0.905668 0.526674 -0.854000 0.842772 0.019430 0.015281 0.713162 0.180460 0.713344 -0.479356 -0.922306 0.244936 -0.012983 0.231545 -0.241992 -0.231417 0.250589 0.610207 0.455955
VERTEX_POSE A3416 -0.242202 -0.972473 0.710640 -0.783829 -0.176130 -0.122677 0.602833 -0.533689 -0.092531 0.403094 0.398214 -0.784120 -0.420649 -0.351670 -0.580564 0.245284 0.598160 -0.156491 0.486823 -0.274106
VERTEX_POSE A3417 -0.532864 0.294944 -0.703417 -0.103835 -0.743669 0.371715 -0.711967 -0.271443 -0.611926 -0.171114 -0.689831 0.071505 -0.124324 -0.329607 0.613309 -0.077956 -0.192032 -0.325751 -0.665049 0.552209
VERTEX_POSE A3418 0.404466 0.731708 0.034638 0.199937 0.981420 0.278607 -0.206463 0.422421 0.459978 0.477044 -0.583227 -0.494932 0.445649 0.416521 -0.497405 0.432959 -0.253272 -0.467364 -0.586298 -0.493732
VERTEX_POSE A3419 0.871281 -0.586488 -0.828549 -0.848852 0.112320 0.516640 -0.653280 0.192953 0.342608 -0.258229 -0.742049 0.549140 0.393857 0.470892 0.303556 0.589179 -0.432493 0.471171 0.065474 0.057824
VERTEX_POSE A3420 -0.574537 -0.581989 0.834319 -0.270996 0.848840 0.777856 0.386587 -0.235613 -0.322335 0.695595 -0.420383 -0.180964 0.067198 -0.529203 -0.390209 -0.279768 -0.370823 -0.325622 0.532834 0.591777
VERTEX_POSE A3421 -0.287207 0.522730 0.043133 -0.447230 -0.275148 -0.826257 -0.492847 -0.055984 0.341231 -0.267793 -0.799565 -0.283066 0.317152 -0.526119 0.065993 -0.518142 -0.129903 -0.341143 0.562434 -0.252755
VERTEX_POSE A3422 -0.816657 0.129951 0.409746 -0.040001 0.846418 -0.576932 0.247305 0.368660 0.497866 -0.331602 0.678159 -0.592803 -0.734548 0.125779 0.175845 -0.167259 0.306564 -0.192206 0.511218 0.542575
VERTEX_POSE A3423 -0.189601 -0.887890 -0.392131 0.662778 0.961320 -0.396720 0.672245 -0.546605 -0.597228 -0.450823 -0.058679 0.116410 -0.004894 0.410947 -0.421998 -0.461719 -0.191613 0.542493 -0.362818 -0.701560
VERTEX_POSE A3424 0.737797 -0.086036 0.821970 0.729173 -0.064266 0.336081 0.585264 0.184335 -0.388648 0.397717 0.721568 -0.710995 0.362984 -0.553842 0.233246 0.573785 -0.241018 -0.419624 -0.195704 0.283775
VERTEX_POSE A3425 0.126977 -0.633016 0.588508 -0.231224 0.271894 0.742107 0.071417 0.462280 -0.169696 -0.489716 0.562186 0.096554 0.401633 0.494925 -0.444274 -0.330695 0.401435 0.462361 -0.695995 -0.253265
VERTEX_POSE A3426 0.520685 0.585274 -0.565073 0.025407 0.369765 0.700334 0.110237 0.134496 -0.365479 0.662791 0.515323 0.585532 0.086789 0.387855 0.094731 0.654154 -0.227619 0.155354 0.336312 -0.717016
VERTEX_POSE A3427 -0.121042 -0.501577 0.252081 -0.399876 -0.432601 -0.328392 -0.450788 0.402031 -0.362795 0.631603 0.547692 -0.598734 -0.355722 -0.411095 0.096110 0.440529 -0.565895 -0.626753 0.277965 -0.221740
VERTEX_POSE A3428 -0.711089 0.625633 -0.270311 -0.644802 0.427536 0.206937 -0.793285 -0.230721 -0.405503 0.419400 0.006974 -0.165122 -0.295182 0.800994 0.574330 0.188081 0.522914 0.660019 0.268881 -0.178011
VERTEX_POSE A3429 0.450885 -0.110907 0.789028 -0.207436 -0.572407 -0.363719 0.678213 -0.134509 0.022637 -0.460948 0.492700 -0.564728 -0.268993 0.314049 -0.489096 0.270121 0.484385 -0.555934 -0.426886 -0.637101
VERTEX_POSE A3430 0.622337 -0.599200 -0.181615 -0.941838 0.714348 0.605001 0.166509 -0.287124 0.189118 0.310452 0.496858 0.683079 0.102360 -0.220985 -0.353029 0.458094 -0.726218 -0.083552 0.809671 0.307352
VERTEX_POSE A3431 0.138859 0.782780 0.831751 -0.117142 -0.149790 -0.647603 0.369200 -0.493213 0.435524 -0.298527 -0.215650 -0.494378 -0.585742 0.525330 0.061853 -0.581380 -0.629865 -0.377749 -0.305740 -0.193740
VERTEX_POSE A3432 0.515526 -0.072124 -0.472823 0.255613 -0.074815 0.437899 0.603322 -0.549867 0.644541 -0.384985 0.351315 -0.289616 -0.456391 -0.664984 -0.496603 0.443303 0.363245 0.249640 0.288061 0.008602
VERTEX_POSE A3433 0.047437 -0.431593 -0.049404 0.370055 -0.183230 -0.221391 -0.547757 -0.296915 0.435541 0.273530 -0.616392 0.198936 0.540013 -0.236675 0.641080 -0.576222 -0.187564 0.557433 0.038703 0.663858
VERTEX_POSE A3434 0.038057 0.683832 -0.548869 0.674761 -0.332335 0.271919 -0.512021 0.445485 -0.385014 -0.104765 0.036140 -0.456380 0.188148 -0.526165 -0.108430 0.751265 0.618499 0.746850 0.356456 -0.375294
VERTEX_POSE A3435 0.823517 -0.914792 0.341109 0.563709 0.630751 -0.823241 0.290081 -0.360724 0.057391 0.726852 0.484631 0.141777 -0.258617 0.296093 0.150514 -0.239190 -0.484563 0.525571 0.513269 -0.559052
VERTEX_POSE A3436 -0.099045 0.219685 0.153874 0.495392 0.441400 0.417680 0.547352 -0.623722 -0.490141 0.026685 -0.036833 -0.193161 -0.432659 -0.098848 -0.156782 0.663132 0.633211 0.723473 -0.269732 0.445967
VERTEX_POSE A3437 -0.846132 -0.262010 0.189415 -0.767564 0.904713 0.196118 -0.760248 -0.472378 0.448102 0.468105 -0.277362 -0.395376 -0.286165 0.569575 0.696134 -0.318839 0.407581 -0.346146 -0.139109 -0.457593
VERTEX_POSE A3438 0.292545 -0.304695 0.845208 -0.490511 0.951504 -0.292957 0.639645 -0.352964 0.430921 -0.399770 -0.572047 -0.351882 0.244529 -0.454623 -0.776824 -0.581839 -0.004418 0.034742 -0.180852 -0.584361
VERTEX_POSE A3439 0.718978 0.991528 0.938279 -0.007596 0.584399 -0.028723 -0.723812 -0.467366 0.040843 0.492527 -0.530334 -0.613072 0.362892 0.132689 0.351858 -0.094899 0.664086 -0.705582 -0.304661 0.204200
VERTEX_POSE A3440 -0.360210 0.090836 0.215826 -0.129908 0.019473 0.325188 0.531504 0.427580 -0.062237 -0.133829 -0.745013 0.618055 0.306900 -0.447961 0.043854 -0.609587 0.219643 -0.711663 0.483538 -0.114972
VERTEX_POSE A3441 -0.666081 0.412279 -0.775768 0.007886 -0.257107 0.575850 -0.277623 0.015855 -0.469855 -0.748093 -0.021575 -0.666301 0.237305 0.025409 -0.048941 0.423003 0.620576 0.035791 -0.357821 0.783277
VERTEX_POSE A3442 0.779232 0.386106 0.708865 -0.957080 -0.260090 -0.589202 -0.569746 0.374344 -0.007160 -0.426819 0.296474 -0.657463 0.287952 -0.182109 0.469489 -0.330598 0.200544 0.010533 0.548638 0.835815
VERTEX_POSE A3443 -0.421027 -0.076597 0.168726 -0.551804 -0.494161 0.019347 -0.051843 0.349396 -0.219755 0.501824 0.553562 -0.695725 0.307136 -0.589379 0.155003 0.742858 0.091191 0.665789 0.315142 -0.464551
VERTEX_POSE A3444 -0.327411 -0.006082 -0.551560 0.048583 -0.378676 0.143617 -0.473770 0.351059 -0.787108 -0.527384 0.187187 -0.252551 0.586986 0.738691 0.269125 -0.301569 0.121315 0.472890 -0.248818 0.530412
VERTEX_POSE A3445 -0.211929 0.981765 0.442912 -0.832852 -0.552454 0.258957 -0.631201 0.489238 0.749305 -0.028702 -0.114587 0.130688 0.252694 -0.581745 -0.113154 0.625824 0.614015 0.584465 0.381120 0.179094
VERTEX_POSE A3446 0.840545 -0.170929 -0.304600 -0.405804 -0.651389 0.365856 -0.449605 0.130757 0.586339 0.536262 0.527161 -0.062704 0.625409 -0.163964 0.154857 -0.334862 0.521717 -0.703167 0.083721 0.637127
VERTEX_POSE A3447 0.430387 0.021445 -0.840920 0.264754 0.445194 0.519848 0.129662 0.749481 -0.359328 0.242169 0.512397 0.366954 -0.543218 0.160175 0.283666 -0.526755 -0.148236 0.620903 0.593284 -0.357906
VERTEX_POSE A3448 0.255207 0.276708 0.739495 0.063313 -0.296123 -0.668695 0.512760 0.135321 0.357599 0.098945 0.703153 -0.106789 -0.376536 -0.527963 -0.379505 -0.763942 0.447352 -0.519174 0.043594 0.091620
VERTEX_POSE A3449 0.245011 -0.439221 0.730038 0.794133 -0.669969 0.143249 -0.418234 0.185988 0.288361 -0.631033 0.011213 0.609498 -0.026308 0.605930 0.563288 0.620920 -0.087165 -0.455572 0.201605 0.768462
VERTEX_POSE A3450 0.301668 0.434956 -0.669470 0.415902 -0.442485 0.023919 0.769345 0.177676 0.606505 -0.208872 0.486525 -0.348091 -0.582482 0.243417 0.645926 -0.157074 -0.597623 0.305274 0.022870 0.561533
VERTEX_POSE A3451 0.680670 0.694719 0.573814 0.792317 -0.447283 -0.115630 0.385954 0.396935 0.457627 0.536820 -0.654500 0.485453 -0.615478 -0.209676 -0.471832 -0.398213 -0.367771 -0.564727 0.159615 -0.484616
VERTEX_POSE A3452 0.957804 -0.916490 -0.226830 -0.653097 0.054883 -0.292246 -0.528685 0.328433 -0.300361 -0.267686 -0.685438 0.558482 -0.492738 -0.468230 0.401359 0.557130 -0.210637 -0.592777 0.309277 -0.398370
VERTEX_POSE A3453 0.485011 -0.435092 0.740276 -0.624099 -0.596067 0.823845 -0.299948 -0.184979 0.432602 0.665384 0.429634 -0.296444 -0.265118 0.532447 -0.212241 0.499242 -0.636024 -0.034777 0.384402 0.305242
VERTEX_POSE A3454 -0.508931 0.806830 -0.818317 0.455095 -0.485963 0.240745 -0.609765 0.425695 0.422975 -0.279149 -0.415369 -0.034252 0.663741 0.131874 -0.829225 -0.323601 -0.330727 0.272665 0.070662 -0.720750
VERTEX_POSE A3455 0.695600 -0.002526 -0.404860 -0.923924 0.990617 -0.318441 0.668478 0.609704 -0.575246 -0.590828 0.091706 -0.291718 0.144265 -0.332947 0.432621 0.244862 -0.397831 0.543531 -0.351126 0.592223
VERTEX_POSE A3456 -0.388011 -0.068108 0.328784 0.144677 0.675826 -0.612207 0.282374 0.682044 0.261893 0.720334 -0.020258 -0.139565 0.556469 -0.506283 0.379217 -0.205203 0.062843 -0.627161 -0.222750 -0.523577
VERTEX_POSE A3457 -0.988245 0.392103 -0.383390 -0.519498 0.883803 0.306078 -0.088444 0.012159 -0.004649 -0.319962 -0.923558 0.772606 0.214132 -0.192247 0.312046 -0.872501 0.319490 -0.460436 -0.287563 -0.088654
VERTEX_POSE A3458 -0.425442 0.495897 0.847221 -0.323800 -0.441984 0.019470 0.227000 -0.393745 -0.359440 0.630476 0.182160 0.064155 -0.672741 0.233120 -0.906965 -0.248428 0.134098 0.209100 0.191502 0.859916
VERTEX_POSE A3459 -0.099100 -0.442475 -0.941527 0.499875 0.103362 -0.629880 -0.577275 -0.481549 -0.396994 -0.062583 0.249331 0.209077 0.357948 -0.824662 0.445921 -0.532545 0.073193 -0.450652 0.501106 0.143248
VERTEX_POSE A3460 0.462640 -0.718804 -0.594361 0.273066 -0.688604 0.572282 0.680473 -0.283715 0.485776 -0.300997 -0.523348 0.076179 -0.595862 -0.408830 -0.394294 0.198171 -0.501136 -0.524637 0.228111 -0.476795
VERTEX_POSE A3461 -0.803105 0.896698 -0.334394 -0.265638 -0.727636 0.092650 -0.118885 0.669332 0.247393 -0.358829 -0.633109 -0.714870 0.454112 -0.056731 0.013083 0.483431 -0.373705 0.647304 0.645899 0.091065
VERTEX_POSE A3462 -0.960241 -0.659695 0.890225 -0.617267 0.953571 -0.405463 0.397632 -0.675965 0.459723 -0.094037 -0.073525 -0.524249 0.481296 0.461754 0.352713 0.408556 -0.455271 -0.474354 -0.659153 -0.342311
VERTEX_POSE A3463 -0.021835 0.209072 -0.067185 -0.471321 0.236581 -0.512804 -0.371670 0.130867 0.384897 -0.108821 -0.465686 -0.198154 -0.806755 -0.286394 0.663484 -0.444337 0.579788 -0.330771 0.041601 0.589775
VERTEX_POSE A3464 0.244333 -0.534895 0.616202 -0.895584 0.089134 0.318944 0.627780 0.504518 0.277787 -0.647365 0.099076 -0.433004 0.151011 -0.568185 -0.454444 -0.361506 0.589913 0.653527 -0.182538 -0.254585
VERTEX_POSE A3465 0.077816 -0.975864 -0.658645 -0.942506 -0.378764 -0.348170 -0.373290 0.142529 0.472582 -0.308516 0.637235 -0.500456 0.508240 0.687573 -0.004111 -0.574497 0.281361 -0.636373 -0.420855 -0.147296
VERTEX_POSE A3466 -0.198318 0.294280 -0.726075 -0.907612 -0.132668 -0.796178 -0.412079 -0.070317 -0.331409 0.818020 0.079973 -0.373186 -0.126639 0.568953 -0.015835 0.242138 0.590397 0.341688 -0.293879 0.562480
VERTEX_POSE A3467 -0.854712 0.684790 -0.229924 0.599809 -0.469466 0.455879 0.712936 0.311089 0.368521 0.001888 0.483559 0.403549 -0.388931 -0.194688 -0.576243 -0.107099 0.691748 -0.401819 0.573569 -0.391121
VERTEX_POSE A3468 0.231684 -0.237873 0.530771 -0.710071 -0.474051 -0.149220 -0.191480 -0.448106 0.660888 0.687087 0.055815 -0.633739 0.554165 0.178961 0.287057 -0.114122 -0.538601 0.238607 -0.413671 0.688453
VERTEX_POSE A3469 -0.905774 0.989585 -0.880867 -0.398123 -0.181164 0.291068 0.062883 -0.067412 0.033539 -0.591561 -0.720138 0.586105 0.239700 -0.454673 -0.384698 -0.547356 0.064935 0.650110 -0.537631 0.515667
VERTEX_POSE A3470 0.864266 0.676318 -0.291645 -0.407787 -0.885066 -0.714270 -0.522877 -0.212733 -0.404560 0.599509 -0.139868 0.245201 -0.590746 0.202968 0.409436 -0.058990 -0.885275 -0.313668 -0.121357 -0.332075
VERTEX_POSE A3471 0.871474 0.852963 -0.253404 0.160021 0.545421 -0.435683 0.713694 0.177211 -0.485647 0.052723 0.482630 -0.535640 -0.469650 0.163859 0.496705 0.332053 0.542540 -0.201747 0.396272 -0.643789
VERTEX_POSE A3472 -0.571855 0.401864 -0.656635 0.609763 0.561729 -0.237294 -0.709187 -0.087784 -0.489293 -0.174693 -0.515865 0.111222 0.196524 -0.815346 -0.632752 0.618170 0.092304 0.539943 0.213965 -0.229932
VERTEX_POSE A3473 0.643498 0.062424 -0.582780 -0.364867 -0.145157 -0.199081 -0.307108 0.446413 0.414561 -0.612751 0.487985 -0.490519 -0.698064 -0.467033 -0.141433 0.083767 0.442796 -0.726563 0.189499 0.385225
VERTEX_POSE A3474 -0.549552 -0.223634 0.915322 0.608217 -0.948739 0.493116 -0.643974 -0.094501 0.335851 0.586688 0.559353 0.297538 -0.193647 0.185961 -0.359030 0.220265 -0.536901 0.653154 0.393802 -0.596112
VERTEX_POSE A3475 0.100735 -0.604218 -0.208195 -0.341654 -0.816947 0.128496 -0.386456 0.559942 -0.253697 -0.097049 -0.705272 -0.758939 -0.579838 0.093024 0.440668 -0.496618 -0.424379 -0.385939 0.508322 -0.017447
VERTEX_POSE A3476 -0.568431 0.044189 0.860133 -0.197719 0.302389 -0.289541 -0.340840 -0.411604 -0.634016 0.634139 -0.394931 0.714905 0.454941 -0.489182 -0.053544 0.472981 0.495221 0.015289 0.225861 0.435968
VERTEX_POSE A3477 -0.709007 0.605437 -0.389278 -0.797587 -0.600128 -0.172917 -0.308472 0.801255 0.476356 0.300335 0.183334 0.805349 0.072049 0.057863 -0.263372 0.525676 -0.305384 -0.158849 0.730149 0.477255
VERTEX_POSE A3478 -0.468878 0.417227 -0.049115 0.923100 0.628247 -0.572624 0.218329 -0.297026 0.016161 0.104205 -0.305147 -0.642223 0.416021 -0.008506 -0.456375 -0.498495 0.673262 0.226081 0.721043 0.604407
VERTEX_POSE A3479 0.686776 -0.679103 0.599628 0.865593 -0.993733 -0.302191 -0.576779 0.500938 -0.738731 0.601167 -0.070169 0.266566 -0.086417 -0.677787 0.524450 0.542567 0.473319 -0.129814 -0.063859 -0.246396
VERTEX_POSE A3480 0.536004 -0.833784 -0.659240 0.996545 -0.270097 0.453652 -0.159980 -0.427128 -0.184750 0.771172 -0.416941 -0.631409 -0.567840 -0.351496 -0.362388 0.130385 -0.452768 -0.479651 0.200645 0.561403
VERTEX_POSE A3481 0.832790 -0.147817 0.281415 0.339002 -0.814238 -0.277647 0.143360 -0.452135 -0.186955 -0.563328 0.652008 0.578843 -0.328760 -0.398158 -0.737380 -0.073027 -0.258113 -0.095766 -0.740739 -0.381193
VERTEX_POSE A3482 0.367446 -0.984383 0.173442 0.657910 -0.441016 -0.482563 0.736192 -0.420995 -0.172724 -0.059381 -0.254016 0.537359 0.446770 0.312877 -0.642659 -0.015251 0.742716 0.188503 0.504637 0.329727
VERTEX_POSE A3483 0.493807 -0.750274 0.113930 -0.656552 0.784787 0.368486 -0.303780 0.716120 0.331240 -0.671721 -0.029392 -0.582817 0.146096 0.562523 0.411890 0.496358 0.377586 -0.495145 -0.434503 0.165246
VERTEX_POSE A3484 0.317802 0.417091 0.021691 0.714903 -0.410306 -0.513083 -0.413664 0.648955 -0.400835 0.427311 -0.440074 -0.517429 -0.390377 -0.477393 0.038480 -0.578961 -0.372022 -0.553953 0.398368 0.137432
VERTEX_POSE A3485 0.858515 0.822446 0.355125 0.113005 0.073021 0.557262 0.273686 -0.715788 0.536378 -0.255394 0.488539 0.570127 -0.243849 0.212626 0.272761 0.573830 0.133317 0.048108 -0.686387 -0.431271
VERTEX_POSE A3486 0.189408 0.247200 0.709071 -0.580477 0.775404 0.263705 -0.744108 -0.255606 0.472770 -0.265086 0.401911 -0.105111 -0.514149 -0.093646 -0.651683 -0.191774 -0.412683 0.520776 0.273690 -0.770751
VERTEX_POSE A3487 0.929791 -0.651017 -0.649524 -0.140420 -0.734480 0.482835 0.010401 0.057398 0.287557 0.777872 0.474572 0.098169 0.186097 -0.687599 0.585271 0.150085 -0.458309 0.576196 -0.581076 0.297738
VERTEX_POSE A3488 0.870270 0.214550 0.971735 0.593507 -0.043176 0.420140 0.049756 -0.473679 0.479154 -0.343969 0.771450 -0.591663 -0.593687 -0.025870 -0.409455 0.017337 0.203238 -0.275998 0.725565 0.372180
VERTEX_POSE A3489 0.763966 -0.256903 0.556292 0.095723 -0.666579 -0.575872 -0.573859 -0.061557 0.415994 -0.119221 0.390298 0.169191 0.387972 -0.758093 0.680775 -0.547018 -0.143841 -0.056924 -0.454666 -0.498481
VERTEX_POSE A3490 -0.169310 -0.093493 -0.591051 -0.640545 0.368882 0.667873 0.675317 0.178455 -0.372357 0.202153 0.278233 0.034946 0.354295 -0.216253 0.483399 -0.375753 -0.615693 0.424736 -0.486175 0.681834
VERTEX_POSE A3491 0.332909 0.495746 -0.622626 -0.133427 0.268220 -0.379277 -0.702493 -0.494738 0.136445 -0.581709 0.422412 0.381036 -0.401925 0.181219 -0.816456 0.053515 0.248534 0.160445 0.060906 -0.694401
VERTEX_POSE A3492 0.960861 -0.360205 -0.778102 0.830085 -0.394215 -0.343267 -0.349595 -0.440850 -0.003980 0.329335 -0.417547 -0.541256 -0.620498 0.262199 -0.572373 0.319352 -0.488907 0.511453 -0.531337 -0.568794
VERTEX_POSE A3493 -0.129551 0.246812 -0.700826 -0.257812 0.322453 0.205883 0.737016 -0.227652 0.485664 -0.625733 -0.263914 -0.548351 0.016742 -0.480638 -0.524254 -0.234028 -0.357109 0.382375 0.101073 -0.721100
VERTEX_POSE A3494 -0.688925 -0.295182 0.310189 0.395252 -0.495199 0.049126 -0.611346 0.238824 -0.291479 -0.451176 -0.505294 0.949858 -0.159115 -0.205639 0.062862 0.615368 -0.347353 -0.080275 -0.136750 -0.724362
VERTEX_POSE A3495 0.205194 0.104900 0.838100 0.934501 0.694918 -0.437294 -0.569996 -0.365793 0.177452 -0.672038 -0.110103 -0.470518 0.246935 0.287626 0.745290 -0.007199 -0.031511 -0.020960 0.403038 -0.877697
VERTEX_POSE A3496 0.948266 0.270948 -0.359471 -0.200318 0.943690 -0.004876 0.522250 0.591325 -0.336165 -0.485079 0.298452 0.349832 0.454841 -0.498876 0.280110 0.251552 0.537403 -0.828327 0.470950 -0.153566
VERTEX_POSE A3497 0.112756 0.999098 0.584114 0.487640 0.372133 0.316203 0.449159 -0.380096 0.565729 0.533147 0.221173 -0.304953 0.330779 -0.759030 0.283041 0.170173 0.173528 -0.637854 0.612893 0.447627
VERTEX_POSE A3498 0.350482 -0.210310 -0.391823 0.534310 -0.774548 -0.472821 0.206475 -0.460143 0.016211 -0.399760 -0.555335 -0.512179 0.388967 -0.323144 0.716606 0.405815 -0.529752 -0.018038 -0.693959 -0.307916
VERTEX_POSE A3499 0.179950 -0.966925 -0.828700 0.089611 -0.530362 -0.072085 -0.132488 -0.757919 -0.324128 -0.668982 -0.201065 0.585999 -0.333882 0.370431 0.285351 0.582995 -0.360891 -0.681853 0.289050 0.343031
VERTEX_POSE A3500 0.206983 0.988683 0.703246 -0.910483 -0.809031 0.272294 0.151612 -0.640752 -0.569465 -0.266078 -0.642212 -0.446178 0.615884 0.261796 -0.462037 0.395366 -0.125431 -0.434755 -0.608761 0.304516
VERTEX_POSE A3501 0.214748 -0.533992 0.316531 -0.873477 -0.659614 0.113753 0.630515 -0.072976 0.003067 -0.771257 -0.126578 0.008810 -0.045952 0.758119 -0.578664 0.019152 0.515416 -0.807540 0.071663 -0.371824
VERTEX_POSE A3502 0.051424 0.886038 -0.082103 -0.750368 -0.984940 0.164176 -0.617470 0.317108 0.184124 0.006447 -0.751717 -0.665794 -0.002705 -0.411834 0.451914 0.683290 0.063421 -0.540034 0.389610 0.400918
VERTEX_POSE A3503 0.635128 0.390548 -0.953389 0.699279 0.752698 0.280407 0.265633 0.188826 0.683796 -0.243786 -0.658440 0.477816 -0.157076 0.318146 0.284843 0.890806 -0.012977 -0.379936 0.227596 -0.655299
VERTEX_POSE A3504 -0.141754 0.528433 0.733752 -0.238344 0.195229 -0.194466 -0.611206 0.545835 -0.569699 0.258586 -0.469152 0.616894 0.134267 -0.217457 -0.507017 0.108977 0.054786 0.001212 0.727775 0.657017
VERTEX_POSE A3505 0.501872 -0.337597 -0.166781 0.857850 -0.933680 -0.708120 -0.234678 0.532924 -0.186158 -0.648821 -0.005131 -0.090368 0.459680 0.496074 -0.634543 0.196694 -0.683368 -0.230434 0.523416 0.053716
VERTEX_POSE A3506 -0.264137 0.786330 -0.161584 -0.642375 0.935750 0.354458 0.158781 0.485440 0.737978 -0.165282 0.154416 -0.574161 -0.124506 0.506707 0.003280 0.475150 0.611235 0.008748 -0.840358 0.331879
VERTEX_POSE A3507 0.289815 -0.427378 0.593885 0.563937 -0.502381 -0.155268 -0.208820 0.327966 0.438009 0.050395 -0.291653 -0.219497 0.813020 -0.420739 -0.554143 0.304744 0.536170 -0.654818 -0.447195 -0.585557
VERTEX_POSE A3508 0.792865 -0.732160 0.443941 -0.939738 -0.533808 0.496872 0.134938 -0.311179 -0.158031 0.747415 0.604391 0.014062 -0.586798 0.657876 0.780623 -0.046176 0.322594 0.344347 0.276945 -0.031790
VERTEX_POSE A3509 0.266985 0.203557 0.789301 -0.719275 0.563997 0.414388 -0.555171 0.614014 0.020735 -0.374728 -0.423014 -0.452640 -0.724629 -0.247163 0.535057 -0.161991 0.002853 -0.580244 0.006025 0.618828
VERTEX_POSE A3510 -0.023409 -0.106481 0.193513 0.429530 -0.496115 -0.677463 0.645313 0.190928 -0.365487 -0.289538 0.137976 -0.304019 -0.292537 0.608495 -0.547825 -0.317709 -0.719131 0.122158 0.559663 -0.238941
VERTEX_POSE A3511 0.328869 -0.565943 0.784701 -0.943192 0.196096 -0.587940 -0.240883 -0.343322 0.127991 -0.796903 0.477973 0.788124 -0.053866 -0.243086 -0.129629 -0.026555 0.546461 0.001121 -0.550739 -0.544023
VERTEX_POSE A3512 0.099775 -0.944260 0.070716 0.619727 0.749759 0.166063 0.441945 -0.248882 0.664699 0.065374 -0.260176 0.229203 0.547240 0.799247 -0.352420 -0.350471 0.389294 0.594866 -0.614906 0.282878
VERTEX_POSE A3513 -0.655963 -0.090864 -0.633045 0.087441 0.062869 0.060540 0.111873 -0.649260 0.549874 0.288553 0.422679 -0.822931 0.053176 0.231811 0.123817 -0.938069 0.154296 0.037792 -0.146356 -0.567679
VERTEX_POSE A3514 -0.177324 -0.316217 -0.101368 -0.599744 -0.019117 -0.506661 0.705175 -0.431289 0.736911 0.311139 -0.044107 0.416483 0.118002 -0.644451 -0.152945 -0.307472 -0.335193 0.058361 0.545397 0.533267
VERTEX_POSE A3515 -0.582423 0.472831 -0.907592 0.334630 -0.660547 0.486172 0.453616 0.162801 -0.036797 -0.589004 0.569927 -0.614561 0.579063 0.526538 0.569905 0.058008 0.564399 -0.244551 -0.329587 0.229979
VERTEX_POSE A3516 -0.797448 -0.268418 0.722080 -0.799554 -0.864109 0.396954 0.003579 -0.273994 0.333298 0.506264 -0.391187 0.537727 -0.726357 -0.275873 -0.216367 -0.416022 0.374776 0.628788 0.207401 0.745209
VERTEX_POSE A3517 -0.987916 0.930984 -0.392298 -0.180221 -0.243713 0.117840 -0.661298 0.344669 -0.286444 0.329101 0.386424 0.262195 -0.408121 -0.624132 -0.869638 -0.426340 -0.081432 -0.281153 0.325651 -0.579403
VERTEX_POSE A3518 -0.652633 0.821813 -0.557116 -0.805790 -0.395027 -0.234722 0.640444 -0.144782 0.466331 -0.411524 0.270475 0.817112 0.479713 -0.241201 0.130963 -0.434898 -0.685881 0.206438 0.034923 0.614224
VERTEX_POSE A3519 -0.927179 0.946132 0.693816 0.793953 0.092715 -0.385870 0.554892 0.139481 0.275128 0.208494 0.472965 0.470449 0.556336 -0.677829 0.052598 -0.573555 -0.413136 0.742509 -0.100748 0.355970
VERTEX_POSE A3520 0.776050 -0.325919 -0.836006 0.915502 0.089708 -0.238700 0.482000 -0.108390 0.192857 0.452057 0.862130 -0.701608 -0.488183 0.399209 0.395119 -0.531471 0.288116 0.507401 -0.206243 -0.051029
VERTEX_POSE A3521 0.178057 -0.271679 -0.148167 -0.446335 0.973855 0.087065 -0.663518 0.283885 -0.236028 -0.421528 0.600717 0.385591 -0.550198 -0.536093 -0.765053 -0.269999 -0.502839 -0.450249 0.080258 0.135297
VERTEX_POSE A3522 0.405731 0.441878 -0.928811 -0.339473 -0.639065 -0.754820 0.478817 -0.388820 -0.394449 -0.484074 0.011072 -0.161062 0.502705 0.570745 0.454968 0.530293 -0.112744 -0.204256 -0.049832 0.714308
VERTEX_POSE A3523 0.736911 0.313876 -0.614108 0.745587 0.695492 -0.085536 -0.378445 0.696653 0.116556 -0.658901 -0.650596 -0.602528 0.463702 -0.270215 0.249826 -0.052008 0.113096 0.744074 0.452663 -0.074786
VERTEX_POSE A3524 -0.951493 0.975133 0.151007 0.295853 0.296309 -0.281776 -0.306036 0.469770 -0.231274 -0.705988 0.340378 0.466266 0.043882 0.473024 -0.439441 0.637009 0.562207 -0.675724 -0.014736 -0.351611
VERTEX_POSE A3525 0.716805 -0.853304 0.381378 -0.944221 -0.134264 0.063508 -0.497249 0.363621 0.488839 -0.060472 0.472649 0.361009 0.096247 0.532818 -0.192028 0.825725 0.336507 0.767985 0.240834 -0.497243
VERTEX_POSE A3526 -0.057896 -0.581224 -0.776008 0.680089 0.390411 -0.407101 -0.598497 -0.257999 0.512550 -0.299837 0.286152 0.481163 -0.303613 0.432552 -0.193901 -0.664971 0.067440 0.549951 -0.132409 -0.812345
VERTEX_POSE A3527 0.996772 0.246081 0.791536 -0.904465 0.239998 -0.040780 0.239400 -0.099359 0.629003 0.336946 0.156764 -0.549455 0.482092 -0.531836 -0.515648 -0.367735 0.538863 -0.186813 0.679348 0.626363
VERTEX_POSE A3528 -0.170438 -0.854206 -0.034508 0.543419 -0.762131 -0.217439 0.742224 -0.610157 0.514444 0.167761 0.159647 -0.703684 0.159776 0.558557 -0.243817 -0.621019 -0.519990 -0.365308 -0.098825 -0.140878
VERTEX_POSE A3529 -0.707414 0.208466 -0.167831 0.214399 0.615863 0.660887 -0.388386 -0.431236 -0.513929 -0.635981 0.162550 -0.032675 0.657421 0.052830 0.008042 0.065969 -0.559887 -0.545869 0.090167 -0.686549
VERTEX_POSE A3530 0.176722 0.279156 0.962837 0.185146 0.709637 -0.018165 0.409398 -0.819066 0.491288 -0.556681 -0.006177 0.675950 0.653637 0.336337 0.373234 -0.128284 -0.414785 0.402608 -0.280716 -0.209581
VERTEX_POSE A3531 -0.963455 -0.865522 -0.331262 0.632935 -0.571163 0.583181 -0.128002 -0.388847 0.632726 -0.022486 0.398633 -0.285969 0.616428 0.324076 -0.274716 -0.755424 0.463541 -0.319859 -0.180168 -0.608271
VERTEX_POSE A3532 0.507334 0.674474 -0.851300 0.340922 0.956249 -0.001150 -0.242710 0.589581 0.260127 0.334807 0.766285 -0.189492 -0.663711 0.175372 0.173792 -0.612657 0.029486 0.930710 -0.114606 -0.183243
VERTEX_POSE A3533 -0.771853 0.165194 -0.119267 0.434779 0.724696 0.448162 0.081181 -0.469147 -0.134175 -0.657303 -0.646902 -0.658891 0.079847 -0.289540 0.104616 0.701511 -0.526439 0.579712 -0.250736 -0.021124
VERTEX_POSE A3534 0.671673 0.525026 -0.284651 0.332214 -0.818465 0.705095 -0.457127 -0.108521 -0.541484 -0.147011 -0.678822 -0.199058 -0.506699 0.353544 -0.347556 -0.627853 0.267886 -0.221851 0.344207 0.575037
VERTEX_POSE A3535 -0.634420 0.202907 0.882452 -0.897422 0.151478 0.673352 0.046206 0.542240 -0.577276 0.264547 0.068290 -0.216302 -0.941717 0.204184 -0.377567 0.176869 0.475438 -0.154937 0.098824 0.658468
VERTEX_POSE A3536 0.730019 0.827597 0.713952 0.292628 0.791017 0.151620 0.375935 0.247610 -0.322465 -0.382405 0.863718 -0.575787 0.527122 -0.025010 0.558320 0.542374 0.436756 0.479348 -0.374717 -0.036036
VERTEX_POSE A3537 -0.592464 0.311356 0.553766 0.689840 -0.882715 0.473477 -0.105889 -0.210193 0.530015 -0.175765 0.575145 -0.387015 0.552987 -0.072920 0.150585 0.669356 0.554875 0.567844 0.451732 -0.558412
VERTEX_POSE A3538 0.655394 0.775529 0.476337 0.666515 0.649097 -0.604779 0.397518 -0.567461 0.144928 -0.721073 -0.262626 -0.478198 -0.264728 -0.029340 -0.524957 -0.107559 0.747576 0.330128 0.490288 0.222000
VERTEX_POSE A3539 0.522884 -0.904563 0.157894 0.352891 -0.742791 0.342113 -0.415287 0.040076 -0.529246 -0.197157 0.069946 0.616153 0.158812 -0.562415 -0.324573 0.715578 -0.353379 -0.343316 -0.501390 -0.743178
VERTEX_POSE A3540 0.674520 -0.485088 0.343067 0.970564 0.681283 0.707358 0.289343 -0.538571 -0.079644 -0.556776 0.073718 0.319275 0.349018 0.809625 0.093346 0.300168 0.112913 -0.618588 0.627986 -0.190435
VERTEX_POSE A3541 -0.368015 -0.330952 -0.330150 0.096045 -0.847018 0.767140 0.272599 -0.019125 0.481241 -0.469132 -0.531507 0.260609 0.490335 0.468801 0.286875 -0.591439 0.662348 -0.172305 -0.339669 0.242188
VERTEX_POSE A3542 -0.148247 -0.470506 -0.057405 0.409698 0.453305 -0.887532 -0.274175 0.269297 0.201063 0.449752 0.459459 0.303879 -0.644903 0.491706 -0.157127 0.055945 -0.566485 0.234159 -0.550928 -0.392041
VERTEX_POSE A3543 -0.225705 -0.429348 -0.586217 0.590291 0.431042 0.360899 -0.581982 0.059626 0.088283 -0.450376 -0.613935 -0.620415 -0.443116 -0.264459 -0.546905 -0.283089 0.588242 0.421827 -0.426576 0.451178
VERTEX_POSE A3544 -0.023978 0.578184 0.036805 -0.816514 0.215851 0.747218 0.563474 -0.134831 0.049866 0.229883 0.529461 -0.486927 0.589934 0.456181 -0.405081 0.473689 -0.699106 -0.194911 -0.239266 -0.068130
VERTEX_POSE A3545 0.674429 0.213278 0.841226 0.809954 -0.565812 -0.149681 0.181100 -0.473113 0.620596 0.306866 -0.419333 -0.264005 -0.778186 -0.298914 0.684684 -0.510479 -0.079626 -0.232305 0.082911 -0.710376
VERTEX_POSE A3546 0.191872 -0.956518 -0.493809 -0.075079 0.770495 0.277431 0.062062 -0.956266 -0.005119 0.547496 0.093691 0.388782 -0.501726 0.099272 0.330382 0.665103 0.104092 0.814065 -0.048020 0.236827
VERTEX_POSE A3547 0.178573 -0.690234 -0.241115 -0.616068 0.351742 0.185919 -0.665164 -0.318167 -0.494569 0.459382 -0.675573 -0.282225 -0.443842 -0.400682 -0.438523 -0.375907 0.084046 -0.669986 -0.090682 0.524176
VERTEX_POSE A3548 0.686513 0.144261 -0.551072 -0.370267 0.190475 0.416665 0.012615 0.271306 -0.250692 -0.696421 -0.510081 -0.826395 0.275989 0.332770 -0.232569 0.228073 -0.520274 -0.162871 -0.621813 0.533657
VERTEX_POSE A3549 0.539239 0.865296 -0.050925 0.119132 -0.624532 -0.681498 -0.135278 -0.556502 0.247531 -0.802739 -0.303594 -0.334813 0.260751 -0.339992 -0.373095 -0.518959 0.443420 -0.472217 -0.000409 0.534716
VERTEX_POSE A3550 0.251395 -0.744101 -0.547300 -0.822114 -0.555544 0.279971 -0.747557 0.259584 0.770702 0.531385 0.293436 0.229776 -0.304983 0.438929 -0.322025 0.203192 0.255672 -0.413686 0.156482 0.767128
VERTEX_POSE A3551 0.462563 0.818342 -0.387078 -0.454764 -0.719818 0.530673 0.587714 -0.149381 -0.024582 0.111072 0.056309 0.065088 0.564354 0.677566 0.843814 -0.427289 0.076342 0.039032 0.375745 -0.713856
VERTEX_POSE A3552 -0.282704 -0.406384 0.800908 0.672797 -0.650676 -0.476936 0.654304 -0.015322 0.132536 -0.485933 -0.569049 -0.050357 -0.362058 0.562004 0.324968 0.325967 -0.505114 -0.804255 -0.313711 -0.323975
VERTEX_POSE A3553 -0.342875 0.697777 -0.476110 -0.161587 -0.194609 -0.774563 0.505053 0.013503 -0.046024 0.519490 -0.336819 -0.137091 -0.342285 -0.857460 0.517011 0.491832 0.014180 -0.334425 -0.340579 0.388500
VERTEX_POSE A3554 0.199474 0.132218 -0.001186 -0.709177 0.975675 0.040364 0.611928 -0.171842 0.171028 0.066315 0.661417 0.551787 0.038564 0.537478 0.183187 0.748191 -0.103758 -0.794414 0.244683 0.483062
VERTEX_POSE A3555 -0.234197 -0.431251 -0.048085 -0.031350 0.645633 -0.577294 -0.077138 -0.754731 -0.432985 -0.229599 0.492524 -0.654711 0.495454 0.322743 0.158770 0.728463 -0.236814 0.159373 0.406450 0.166001
VERTEX_POSE A3556 -0.626070 0.844474 0.905268 -0.105809 0.671127 -0.334977 -0.584236 -0.266544 -0.216506 0.690216 0.155428 -0.104622 0.121737 -0.844972 -0.725028 0.276069 -0.120746 0.551638 0.302054 -0.419808
VERTEX_POSE A3557 -0.858422 0.550994 0.222806 0.970912 0.366086 -0.200266 0.185432 0.329213 -0.392489 -0.040773 -0.469721 0.645943 -0.644430 -0.177132 0.466974 0.368360 0.524964 -0.412964 -0.642630 0.603339
VERTEX_POSE A3558 -0.237425 0.814830 -0.256549 0.064185 -0.114369 0.082059 -0.029330 -0.552923 -0.674231 -0.121996 -0.520504 -0.236357 -0.617715 0.545368 0.137081 -0.755278 -0.292844 -0.681193 0.179557 0.200418
VERTEX_POSE A3559 0.203492 0.990268 -0.129240 -0.562390 0.908996 -0.073195 0.347915 -0.210674 -0.639937 0.474290 -0.151878 0.584272 0.181988 0.373145 -0.108121 -0.729225 -0.426312 0.481725 0.298524 -0.782030
VERTEX_POSE A3560 -0.565836 -0.240540 -0.945025 0.185311 -0.018051 0.289230 -0.308661 -0.169230 0.167936 0.157663 -0.442527 0.671225 -0.599560 0.191536 0.040884 0.203724 0.857385 0.660249 0.692022 -0.061121
VERTEX_POSE A3561 0.939298 0.093986 -0.293712 -0.750668 -0.404732 0.172493 -0.730484 -0.192477 -0.471371 -0.452584 0.531626 0.125187 0.426583 -0.039402 -0.715507 0.011734 -0.694432 0.469504 -0.281870 -0.443327
VERTEX_POSE A3562 0.240037 -0.875254 0.539498 -0.929455 -0.662166 0.525917 -0.122158 -0.058202 -0.033900 0.478759 -0.750385 -0.244967 -0.531249 0.154241 0.285218 -0.663412 -0.578968 0.762171 0.183100 0.273020
VERTEX_POSE A3563 0.941498 -0.566066 -0.796325 -0.473767 -0.061802 -0.224500 0.048606 -0.249056 0.352607 -0.583069 0.568049 -0.650302 -0.116676 0.589765 0.600440 0.458596 0.343696 -0.204568 0.658593 0.386446
VERTEX_POSE A3564 -0.832555 -0.740821 0.587021 0.684111 -0.680036 0.458642 -0.573420 -0.468812 -0.460138 0.382910 -0.163809 -0.328859 -0.469943 -0.061092 0.153649 -0.259973 0.865589 -0.667956 -0.485939 0.020130
VERTEX_POSE A3565 -0.088291 0.649771 -0.745152 0.402760 -0.480631 -0.329118 -0.342551 -0.177667 -0.384758 0.492110 0.677380 -0.463742 -0.384016 -0.216948 0.506480 -0.590927 0.574815 0.521599 0.379241 -0.363472
VERTEX_POSE A3566 -0.692922 0.636841 -0.913873 -0.371189 -0.910324 -0.316984 0.390440 0.000622 0.518624 -0.560378 0.437441 0.530580 0.717417 0.431599 0.153577 -0.105701 -0.040400 0.570481 0.087601 -0.787868
VERTEX_POSE A3567 0.897464 -0.913224 0.300973 -0.023261 -0.889019 0.278190 -0.903134 -0.314660 -0.331122 0.064363 -0.555020 0.402793 0.371163 -0.524525 -0.735064 -0.081964 -0.354601 0.332274 0.189013 -0.438263
VERTEX_POSE A3568 0.319245 -0.038873 0.808613 0.092599 -0.363346 -0.540263 0.472521 0.594575 0.398798 0.212784 0.130063 -0.335237 0.538291 -0.760900 0.639214 0.614994 0.077690 -0.167623 0.251935 0.211093
VERTEX_POSE A3569 0.962472 0.412370 0.562464 -0.704674 0.738773 -0.040765 -0.573466 -0.276768 -0.426628 0.721892 -0.266655 -0.587591 -0.346538 0.234750 -0.422345 0.027102 0.692075 -0.541006 -0.170840 -0.564109
VERTEX_POSE A3570 0.420348 -0.817786 -0.541133 -0.670370 -0.631810 0.674936 0.554944 0.176489 0.391629 0.121968 -0.767901 0.370330 -0.483124 0.381486 0.393047 -0.663828 -0.235895 -0.315370 -0.055532 -0.421902
VERTEX_POSE A3571 -0.006235 0.476039 0.151680 0.063163 -0.682063 0.103721 -0.048994 0.763171 0.859764 0.165031 -0.366824 0.086528 0.855986 0.299479 0.375854 -0.176132 0.393577 0.318268 -0.454565 0.196011
VERTEX_POSE A3572 -0.405543 -0.918582 -0.767686 0.391371 0.891755 0.331276 -0.318185 -0.395186 -0.054096 -0.518151 0.654705 0.865102 0.387259 0.275906 0.237343 -0.478819 0.299690 0.287398 -0.501039 -0.499250
VERTEX_POSE A3573 -0.727899 -0.288292 0.401462 0.739328 0.821495 -0.709599 -0.421469 0.419848 -0.040861 -0.774755 -0.453083 -0.036804 -0.007334 -0.498305 0.694047 -0.464730 0.292895 -0.108371 0.078037 -0.533243
VERTEX_POSE A3574 0.768060 -0.953309 0.565463 -0.346545 0.748978 0.017265 -0.432727 0.381786 0.356299 -0.238895 0.487191 -0.194163 0.757634 0.096211 0.724069 0.002885 -0.603189 -0.557474 -0.426215 -0.493752
VERTEX_POSE A3575 0.570479 0.659602 0.269118 0.574857 0.107606 0.133842 -0.275862 -0.518395 -0.897708 0.369142 -0.100188 0.383974 0.763188 0.288953 0.132151 0.402839 -0.484042 0.106334 0.207120 -0.635168
VERTEX_POSE A3576 0.946531 0.924986 0.242688 0.549283 -0.744317 -0.565637 0.372437 0.523500 -0.426906 -0.272028 -0.726531 -0.466552 0.277286 -0.177297 0.118977 -0.615254 0.314581 -0.515732 -0.576079 0.260204
VERTEX_POSE A3577 -0.040068 -0.909827 -0.928345 0.578376 0.519473 -0.284662 -0.001708 0.583410 0.691052 0.313503 -0.342699 -0.623776 0.591309 -0.428968 -0.175532 -0.294296 -0.512019 -0.146652 -0.682244 -0.309862
VERTEX_POSE A3578 -0.250948 0.969369 -0.971997 0.958790 -0.540652 0.305495 0.827687 -0.279497 -0.671321 0.062407 -0.568953 -0.585863 0.440215 0.291515 -0.025827 -0.322404 -0.580041 -0.334812 -0.115350 0.420411
VERTEX_POSE A3579 0.633044 0.069247 0.691616 -0.820984 0.446158 -0.357928 0.355008 0.428436 0.253959 0.002445 -0.609075 -0.681464 -0.293165 -0.545511 -0.585296 0.156218 0.095683 0.020711 0.873850 -0.372468
VERTEX_POSE A3580 -0.500829 0.955469 0.020730 -0.302492 0.894942 0.252179 0.064879 0.299953 -0.479563 -0.136100 0.468337 0.148764 0.696911 0.614822 0.664837 -0.575366 0.386009 -0.492226 -0.400670 0.404573
VERTEX_POSE A3581 -0.999553 -0.774733 -0.519296 -0.863325 -0.096196 -0.102385 0.618309 0.460385 -0.756814 -0.446601 -0.122211 -0.104761 -0.268742 0.228211 -0.340672 0.546961 -0.698929 -0.538254 0.216456 0.482212
VERTEX_POSE A3582 0.095607 -0.112411 -0.695462 -0.275749 0.726340 -0.185380 0.412329 -0.335315 -0.081696 0.892402 0.249191 0.641067 0.025340 0.622832 0.605511 0.161548 -0.322120 0.425852 0.082845 -0.577743
VERTEX_POSE A3583 0.216467 -0.450915 -0.178363 -0.629695 -0.755734 0.373801 -0.634890 0.338429 -0.484444 0.340527 0.018938 0.174198 0.417864 -0.157426 0.320100 -0.143142 -0.885599 -0.701981 -0.534655 -0.275753
VERTEX_POSE A3584 -0.342428 0.923045 0.004594 -0.024912 0.709195 -0.059767 0.059090 0.506172 -0.126617 -0.571500 0.374380 0.555315 -0.684828 -0.318016 -0.434692 -0.403086 0.375961 -0.695028 -0.196031 -0.600957
VERTEX_POSE A3585 -0.704919 -0.980192 0.303352 0.015074 0.702015 -0.532296 -0.415506 -0.126757 -0.368474 0.070612 -0.614877 -0.609767 0.454269 0.623255 -0.399359 -0.528489 0.043507 0.222678 -0.580265 0.464241
VERTEX_POSE A3586 0.982270 0.117833 0.773552 0.338955 0.889899 -0.003388 -0.294883 -0.705192 -0.836970 0.154038 0.166870 0.444303 0.663055 -0.111855 -0.082047 0.541160 0.184248 0.308760 -0.396005 0.654523
VERTEX_POSE A3587 0.031502 0.767518 -0.090138 0.869279 0.380323 -0.376077 0.250237 0.160495 -0.784186 -0.356045 -0.370256 -0.209893 0.619593 -0.510808 -0.235052 0.610365 0.465423 -0.379886 -0.232751 0.599673
VERTEX_POSE A3588 -0.563340 0.570802 -0.473841 -0.014014 0.068101 0.786808 -0.361917 0.247603 0.193968 0.016528 0.312118 -0.324812 -0.791590 -0.366798 -0.465828 -0.192671 0.834762 -0.144259 0.452775 -0.099533
VERTEX_POSE A3589 -0.255154 -0.067337 -0.482996 -0.596859 -0.224470 0.058831 0.429423 -0.752573 0.607146 -0.310555 -0.486332 -0.520111 -0.692387 -0.368829 -0.405010 0.489633 -0.171212 -0.439732 -0.003357 -0.178232
VERTEX_POSE A3590 -0.765006 0.757786 0.780622 -0.693111 0.289319 -0.436233 0.319593 0.536983 -0.758017 0.108243 0.087967 -0.190544 0.568678 -0.758593 0.445666 0.735576 0.352822 0.013610 0.147234 -0.062962
VERTEX_POSE A3591 -0.129176 -0.669738 -0.418866 -0.828703 -0.949951 0.499376 0.553673 0.046096 0.331532 0.007736 0.426102 -0.577865 -0.270373 0.280704 0.371999 -0.565904 -0.638781 -0.410364 0.547756 -0.574001
VERTEX_POSE A3592 -0.315856 -0.973351 0.223291 -0.347527 0.370798 0.427739 -0.123546 -0.082959 -0.445766 0.388180 0.303447 0.602039 0.090846 0.760680 -0.228529 -0.905287 0.261794 -0.451283 0.079095 0.503853
VERTEX_POSE A3593 0.475031 0.882532 0.320120 -0.622566 0.627153 0.739299 0.230220 0.235653 0.285604 -0.627719 0.135374 0.339938 0.291562 0.484354 0.180440 0.553791 -0.609653 -0.473023 0.401590 0.565567
VERTEX_POSE A3594 -0.187678 -0.235803 -0.215191 -0.302471 -0.011753 -0.228763 -0.192305 -0.899334 -0.684559 0.106599 -0.065404 -0.448235 0.271172 0.311817 -0.456052 -0.695069 0.288822 0.264854 -0.628490 0.079204
VERTEX_POSE A3595 -0.148412 -0.714172 -0.189688 -0.663417 0.690762 0.083334 0.049301 -0.302142 0.412041 0.588345 -0.521827 -0.516230 0.714529 0.430554 0.611583 -0.059057 0.656177 0.427494 0.370647 0.143045
VERTEX_POSE A3596 -0.613260 0.532303 0.574967 0.780193 -0.853479 0.435741 0.504562 -0.013738 0.552964 0.373526 0.274806 -0.658682 0.398300 0.172201 -0.263229 0.579003 0.244389 0.034785 -0.334676 0.913736
VERTEX_POSE A3597 0.119400 -0.598962 -0.129063 0.326340 0.077923 -0.697012 -0.457278 -0.086995 0.182148 0.456725 -0.688187 -0.154727 0.602895 0.664392 0.637254 -0.396257 0.191296 -0.225750 0.248589 -0.202040
VERTEX_POSE A3598 -0.250948 -0.627396 -0.888714 0.313323 0.801743 0.049797 -0.699226 0.475633 0.389084 0.206595 0.292735 0.165879 -0.425628 0.289982 0.844706 -0.165933 -0.460173 -0.324174 -0.509616 -0.626284
VERTEX_POSE A3599 0.705985 -0.506570 0.383581 -0.127208 -0.216825 -0.453530 0.163292 0.077129 -0.234379 -0.618627 -0.708955 0.365739 -0.404723 0.470336 0.600228 0.487425 -0.519533 0.495316 -0.435032 0.017432
VERTEX_POSE A3600 0.081872 0.813408 -0.566599 0.621666 -0.183304 -0.307195 0.059218 -0.658246 0.526625 0.400079 0.194234 -0.384903 0.719580 0.411777 -0.627820 -0.343692 0.428434 -0.293241 0.447784 -0.419367
VERTEX_POSE A3601 -0.830600 -0.445183 -0.429848 0.642953 -0.830067 0.648850 0.083332 0.386309 -0.293100 -0.288377 -0.393351 -0.469646 -0.558721 0.504085 0.451649 -0.620599 -0.523542 0.261787 -0.461066 0.409685
VERTEX_POSE A3602 -0.300250 0.969469 -0.464739 0.935956 0.101112 -0.179731 -0.566194 -0.767355 -0.542523 -0.149941 0.386136 0.289040 0.513120 -0.202033 0.194181 0.331530 -0.381827 0.743045 -0.532671 0.274692
VERTEX_POSE A3603 0.676329 0.894826 -0.334285 0.013037 -0.291549 0.814058 -0.238273 -0.222629 0.085410 0.863083 -0.466809 0.116492 -0.141438 -0.534234 0.427419 0.409172 0.668637 0.365728 -0.104338 -0.006701
VERTEX_POSE A3604 -0.558499 0.266525 0.971614 0.382281 0.991428 -0.413362 -0.680250 -0.450239 -0.815364 0.385929 -0.032068 0.040866 0.040899 0.519744 0.345481 0.385764 -0.721393 0.208052 -0.487680 0.075601
VERTEX_POSE A3605 -0.532190 -0.983840 -0.899276 -0.410589 -0.149910 0.152134 0.199440 0.842948 0.597787 -0.084906 0.323436 -0.585308 0.576514 0.225570 -0.048440 0.333470 -0.031280 0.523998 0.713754 -0.364648
VERTEX_POSE A3606 0.246808 0.554428 0.934833 -0.412106 0.816057 0.312687 0.016093 0.807624 0.635728 -0.047873 -0.184295 0.690469 0.227453 -0.230347 0.122047 -0.953714 -0.130465 0.080213 -0.190117 0.493658
VERTEX_POSE A3607 -0.611968 0.191511 0.214302 -0.068436 -0.752889 -0.009351 0.025732 0.992591 -0.314617 -0.786750 -0.029224 0.734920 -0.105588 0.033788 -0.559225 0.459389 -0.000061 0.219294 0.397713 -0.112990
VERTEX_POSE A3608 0.427742 -0.893667 -0.827622 -0.832213 -0.630437 0.102146 -0.198931 -0.613053 0.098124 0.504352 -0.703384 -0.162222 0.518781 0.011743 -0.744536 0.383231 0.110909 0.631893 0.538569 0.342021
VERTEX_POSE A3609 0.995860 0.523797 0.962836 -0.453316 -0.724595 0.097261 -0.063533 0.082707 0.170026 -0.893063 -0.235684 -0.692260 -0.027045 -0.686841 -0.278644 0.283001 0.035096 0.636211 0.342901 -0.681638
VERTEX_POSE A3610 -0.978924 -0.739242 -0.094082 0.110579 0.693268 -0.706114 0.440215 -0.014051 0.272477 0.367055 -0.485824 0.591326 0.255633 0.516066 -0.136717 0.546713 0.547269 -0.242491 -0.554291 0.444916
VERTEX_POSE A3611 0.926913 -0.938198 0.193108 -0.134705 -0.735495 -0.670068 0.438285 -0.427607 -0.600510 -0.583706 -0.086878 -0.189400 0.607204 0.548407 -0.391197 -0.120071 0.556213 0.038599 0.289964 -0.446634
VERTEX_POSE A3612 0.996306 0.749064 -0.556460 -0.316641 0.179209 -0.822926 -0.169366 -0.114766 -0.265144 -0.596110 0.127679 -0.265387 0.475772 0.824725 0.183687 -0.604323 0.512454 -0.385124 0.156212 -0.166571
VERTEX_POSE A3613 0.116683 0.148347 0.210457 0.834831 0.419609 -0.522294 -0.486749 0.479855 -0.413430 0.483445 -0.013218 0.134911 -0.544209 -0.684281 0.235856 0.464952 -0.135612 0.694590 -0.130433 0.531915
VERTEX_POSE A3614 0.143380 -0.389114 -0.985254 0.235600 -0.491229 0.026488 0.007082 -0.574612 -0.602044 0.558401 -0.172945 0.588729 0.728101 0.297255 0.497041 -0.020442 -0.667270 -0.207820 0.396976 -0.326038
VERTEX_POSE A3615 -0.346122 0.672109 0.448134 0.658447 -0.111596 0.469742 -0.534699 0.128321 0.691866 0.215122 0.444296 -0.080585 -0.652746 -0.338854 0.099923 -0.457884 0.234887 0.533091 0.179120 -0.784946
VERTEX_POSE A3616 0.411764 0.168155 -0.486191 -0.150095 0.121624 0.037523 0.688983 -0.582889 -0.030150 0.174974 -0.442059 -0.360597 -0.607687 -0.604965 -0.740256 0.352173 0.312099 -0.565397 -0.037126 -0.037900
VERTEX_POSE A3617 0.125650 0.728720 0.788298 -0.425445 -0.601330 0.245281 -0.244578 0.636207 0.833057 -0.419829 -0.166032 0.116307 0.375713 -0.214000 0.271656 0.605304 0.604986 0.398157 0.506331 -0.394803
VERTEX_POSE A3618 0.685380 0.439627 -0.642005 0.527726 -0.731273 -0.205949 -0.570310 0.681381 0.102860 -0.563341 -0.606964 -0.637886 -0.408297 -0.197393 -0.654532 0.403138 0.062696 -0.334206 0.167831 -0.352732
VERTEX_POSE A3619 0.848424 -0.261043 0.039968 0.835891 -0.810276 0.062178 0.331570 -0.067770 0.303579 0.413162 -0.387508 0.077406 -0.608359 0.447122 0.622795 -0.507041 -0.540966 0.714219 0.303590 0.593870
VERTEX_POSE A3620 0.870496 -0.338617 -0.694699 -0.022305 0.174200 -0.506176 0.474436 -0.312339 -0.450187 -0.420407 -0.277865 0.257228 -0.639585 0.101786 -0.554348 -0.071791 0.826389 0.409450 0.428889 0.363257
VERTEX_POSE A3621 0.920374 0.197414 -0.861383 0.834615 0.558046 -0.367428 0.370555 0.727131 -0.498205 -0.014777 -0.468080 0.401076 0.455091 -0.401390 -0.388650 -0.612984 -0.094413 0.552157 -0.528785 0.286626
VERTEX_POSE A3622 -0.280753 0.069219 0.621101 -0.992812 -0.760226 -0.234593 0.664255 -0.512889 -0.131838 0.241672 -0.303486 -0.037939 -0.673951 -0.721281 -0.615109 -0.005152 -0.101602 0.740126 0.214764 -0.338040
VERTEX_POSE A3623 -0.445360 -0.311968 0.528593 0.630168 -0.455003 0.483252 -0.389623 -0.094806 0.656874 0.578538 -0.413124 -0.173202 0.433579 -0.160057 0.244941 -0.568685 -0.413820 -0.494963 -0.045761 -0.789605
VERTEX_POSE A3624 0.395405 0.079945 0.458737 -0.787951 0.185198 0.481086 0.109830 0.454204 -0.266721 -0.617503 -0.475815 0.251666 -0.023038 -0.298449 -0.772851 0.081850 0.474579 -0.191787 0.774208 -0.502994
VERTEX_POSE A3625 0.531570 0.833415 -0.594090 -0.295283 0.228021 0.425704 -0.283533 -0.488185 -0.035679 -0.588019 0.114257 -0.617012 0.451180 -0.417284 -0.609615 -0.447621 0.355152 0.255281 0.412207 0.669598
VERTEX_POSE A3626 0.406228 -0.026141 -0.661095 0.966751 -0.764241 -0.139910 -0.341943 0.689320 -0.583638 -0.122631 -0.558333 0.453632 0.629808 0.034174 0.658406 -0.625048 -0.362243 0.022603 0.284064 -0.284103
VERTEX_POSE A3627 0.782145 -0.387751 0.033704 0.992242 0.331719 -0.218137 -0.352770 -0.720727 -0.471289 0.346443 -0.348655 0.344027 -0.012121 -0.558446 -0.093764 0.841320 -0.119736 0.776632 0.218093 -0.181091
VERTEX_POSE A3628 -0.349031 -0.765547 0.276847 -0.968943 -0.694055 0.235586 0.708300 -0.381049 0.026932 -0.647594 -0.160695 -0.521846 -0.097055 -0.468807 -0.489383 0.066022 -0.498709 -0.657233 0.255255 0.600407
VERTEX_POSE A3629 -0.844720 0.346463 -0.549809 0.280074 -0.962498 -0.238105 0.056308 0.564740 0.423472 0.027210 -0.596424 -0.022013 -0.792511 -0.216154 0.512840 0.480500 0.017663 -0.707452 0.370316 -0.527554
VERTEX_POSE A3630 0.488130 0.105679 -0.582715 -0.134966 -0.885106 0.737578 -0.158884 0.411034 0.586438 0.354186 -0.160254 -0.131282 -0.703415 0.264718 0.307352 -0.595376 -0.525221 -0.019194 -0.006537 0.677818
VERTEX_POSE A3631 0.732841 -0.952139 0.710248 0.652723 0.122641 -0.667408 0.676114 -0.213031 0.492455 0.608362 0.205067 0.473899 0.373221 -0.369663 0.253525 -0.156447 -0.634949 -0.152313 -0.094849 -0.610536
VERTEX_POSE A3632 -0.675321 0.901280 0.020343 -0.076974 -0.792565 0.526401 -0.552443 -0.596293 -0.455346 -0.439132 -0.146979 -0.393759 -0.527258 0.395771 0.448228 0.141907 0.416245 0.399509 -0.451477 0.541236
VERTEX_POSE A3633 -0.812120 0.075148 -0.047455 -0.199010 0.216006 -0.653947 -0.656472 0.069279 0.004776 -0.360388 -0.677400 -0.347804 0.498061 -0.039262 -0.151390 -0.127637 0.698985 -0.654557 0.418103 -0.214961
VERTEX_POSE A3634 0.409170 0.942687 -0.624038 -0.334241 0.831092 0.072981 0.579109 -0.557080 0.201100 0.309074 -0.273199 0.628686 -0.127875 0.430739 0.747573 -0.043061 -0.243318 -0.011002 -0.742227 -0.608509
VERTEX_POSE A3635 -0.233820 0.167806 -0.008043 -0.694693 -0.801138 -0.117184 0.463668 -0.139014 -0.146835 -0.801684 -0.091055 -0.884321 0.173094 0.319953 0.366526 0.314408 0.137633 0.219867 -0.116197 0.922535
VERTEX_POSE A3636 -0.344310 0.091308 0.053269 0.390401 -0.933904 -0.223067 -0.615615 -0.280863 -0.606613 -0.065278 0.663074 -0.362912 0.091153 0.256318 0.646907 -0.006433 0.615832 0.179076 -0.780004 0.191052
VERTEX_POSE A3637 -0.344022 0.497116 -0.689204 0.253654 0.647150 -0.245646 0.138503 -0.828260 -0.064644 0.317804 0.195367 0.321909 -0.274327 -0.515662 -0.629927 0.530508 -0.050440 0.659580 0.723273 -0.085822
VERTEX_POSE A3638 0.154212 -0.640683 -0.793741 0.236871 -0.554027 -0.064545 -0.723050 0.671618 0.664085 -0.054639 0.095812 0.521354 0.266363 0.371566 -0.067623 -0.529411 -0.434672 0.527677 -0.350696 -0.461247
VERTEX_POSE A3639 -0.916568 0.197641 0.225648 0.558188 -0.564341 0.545055 0.259891 -0.319099 -0.246696 -0.599907 -0.223172 0.674972 -0.542368 -0.242787 0.392503 0.368117 0.344769 0.180029 -0.378014 0.818877
VERTEX_POSE A3640 -0.348163 0.020913 -0.726368 0.800337 0.922555 0.638692 -0.284273 0.539334 -0.068630 0.633016 0.537917 -0.121269 -0.054297 -0.426525 -0.657662 0.074382 0.357438 0.374350 0.714142 -0.331780
VERTEX_POSE A3641 0.175287 -0.379925 0.112178 -0.652550 -0.860758 -0.157807 -0.132584 0.238368 0.175526 0.528391 0.531966 -0.656020 -0.242709 0.628803 -0.479923 -0.270131 -0.430448 0.532541 -0.755874 0.281983
VERTEX_POSE A3642 -0.989656 0.259442 -0.581244 -0.576518 -0.299836 0.550398 0.063309 0.448179 -0.139865 0.839595 0.108168 0.357884 -0.227526 -0.645192 -0.609202 -0.430391 0.347766 0.422245 -0.232524 0.500222
VERTEX_POSE A3643 -0.351856 -0.230023 -0.282828 -0.516304 0.101763 -0.626215 0.102809 0.750357 0.372591 -0.037087 0.125304 -0.304304 0.693925 -0.318172 -0.596289 -0.332871 -0.562324 -0.144462 -0.629062 0.061822
VERTEX_POSE A3644 -0.708030 0.768422 -0.677366 -0.817719 0.558850 0.131842 0.490014 0.680288 -0.546773 0.652812 -0.295043 0.148624 0.389526 -0.508891 0.686649 0.074750 -0.385924 0.435983 0.420005 0.205549
VERTEX_POSE A3645 0.153724 0.870329 -0.566499 0.659082 0.208936 0.459038 -0.306665 0.185748 -0.272649 -0.149474 0.092858 -0.174971 0.506859 -0.709909 -0.312376 -0.788085 -0.504011 0.765998 -0.075035 -0.445958
VERTEX_POSE A3646 0.302022 -0.557914 -0.834694 -0.857857 0.990168 -0.480789 0.694605 0.396734 0.392009 0.034745 0.747236 -0.393196 -0.574885 0.148297 0.606265 -0.059254 0.170546 0.304977 0.426982 -0.482869
VERTEX_POSE A3647 0.703734 -0.063423 -0.163557 0.032186 -0.319526 0.587619 -0.466560 0.035769 0.340629 -0.575160 0.075521 0.372974 0.353004 0.767731 0.476719 0.535553 -0.164361 0.415097 0.200209 -0.613671
VERTEX_POSE A3648 -0.720625 0.599049 -0.778201 -0.766363 0.607605 0.401424 0.240014 0.479785 -0.244547 0.702968 0.470672 0.583190 -0.204027 0.407947 -0.474218 -0.605452 0.615880 0.462669 -0.200076 -0.050457
VERTEX_POSE A3649 -0.012598 0.881714 -0.476699 0.669869 -0.741106 0.327663 0.289408 -0.325071 0.433232 -0.293876 0.735313 0.390891 0.010571 0.240428 -0.512773 -0.685020 0.027076 -0.537787 0.600430 0.543236
VERTEX_POSE A3650 0.552158 0.675534 0.876411 -0.131923 -0.129802 -0.437382 -0.026200 0.040182 -0.438180 0.398539 0.309895 0.316030 0.769197 -0.516022 0.320804 -0.484775 -0.398754 0.643354 0.117510 0.690701
VERTEX_POSE A3651 -0.850129 -0.739568 -0.472899 0.211332 -0.218195 0.175192 0.535486 -0.510880 -0.732809 0.323083 0.014643 -0.490697 -0.586115 -0.567190 0.385683 -0.478004 -0.121669 -0.206793 -0.191971 0.634256
VERTEX_POSE A3652 -0.092224 0.079127 -0.338082 0.504484 0.816940 -0.016674 0.519645 -0.388122 0.701451 0.205653 0.550295 -0.431673 -0.030439 0.719090 0.398033 0.375482 -0.036049 0.403629 -0.738758 -0.167768
VERTEX_POSE A3653 -0.728595 -0.255247 0.497512 -0.124735 0.109972 -0.024112 0.588398 0.570022 -0.600053 0.241605 -0.564858 -0.506469 0.317229 0.364999 0.223578 0.631612 -0.467924 0.576938 0.309593 -0.061916
VERTEX_POSE A3654 -0.295489 -0.051536 -0.944306 -0.158501 0.326802 -0.536859 0.082474 0.776413 0.810596 -0.081938 0.497569 -0.200560 -0.785696 0.079638 -0.061974 0.600307 0.121491 -0.103208 0.093798 -0.358477
VERTEX_POSE A3655 -0.696818 -0.840927 -0.879345 0.716532 0.002138 -0.321048 -0.205755 -0.712128 -0.446895 0.783072 -0.149171 0.236709 -0.087368 -0.661974 -0.566177 -0.578923 0.157409 -0.566238 0.040969 0.087374
VERTEX_POSE A3656 0.802975 -0.421832 0.903423 0.579983 -0.662007 0.717612 -0.099820 0.630792 0.359822 0.285023 -0.625621 0.579543 -0.226175 -0.429114 -0.089378 -0.909529 -0.143910 -0.108177 -0.174354 -0.076494
VERTEX_POSE A3657 -0.889262 0.922323 -0.605401 -0.191750 0.562561 0.541457 -0.058080 -0.371689 0.495011 -0.229285 -0.242174 0.362202 -0.644326 0.606028 0.395117 0.227110 -0.340688 0.417708 0.690884 0.565563
VERTEX_POSE A3658 -0.914673 -0.228679 0.154359 0.708774 -0.666143 -0.389634 -0.087407 0.673702 -0.517431 0.221380 -0.658908 -0.067518 -0.629039 -0.307055 -0.580316 0.437461 0.115779 0.489004 0.596900 -0.065410
VERTEX_POSE A3659 -0.546056 -0.187378 0.180270 0.611040 -0.356062 -0.547426 -0.559306 -0.061864 -0.590322 0.204267 0.499728 0.309899 -0.384241 0.823371 0.348208 0.412202 0.197765 -0.366822 0.572626 0.171447
VERTEX_POSE A3660 -0.733982 0.268786 -0.155211 -0.911676 0.600063 -0.249502 -0.565770 0.556034 -0.749952 0.277062 -0.450945 0.254364 0.741666 0.423831 -0.203454 0.146626 0.259398 -0.518870 0.177692 0.490464
VERTEX_POSE A3661 0.573457 0.877000 0.571644 -0.426191 -0.551249 0.563019 -0.583148 0.467978 0.572981 0.297716 0.142749 0.255722 -0.495770 -0.617381 -0.064482 -0.275675 -0.462583 0.533995 0.499519 -0.406790
VERTEX_POSE A3662 -0.813215 -0.139517 -0.109483 0.263762 0.766579 -0.503027 0.625872 0.253107 0.264252 0.362947 0.180706 -0.609418 -0.611920 0.041534 0.312061 -0.286510 0.875087 0.456468 -0.141489 -0.368484
VERTEX_POSE A3663 -0.409303 0.170067 0.865132 0.011350 0.807498 0.084840 -0.310594 -0.261001 -0.141412 0.758643 -0.607474 0.707836 0.010452 -0.336268 -0.395473 0.337585 0.361506 -0.561582 -0.462514 -0.564882
VERTEX_POSE A3664 0.761337 -0.047852 -0.475810 0.374799 0.664757 0.041133 0.161344 0.880331 -0.407502 0.517591 0.274633 0.808740 0.549292 -0.097204 0.393584 -0.633020 0.370006 0.152584 0.060262 0.056933
VERTEX_POSE A3665 0.595955 -0.196830 0.266480 0.929522 0.597671 -0.107461 -0.675409 -0.432608 0.055921 -0.701823 0.176953 -0.600305 0.198588 -0.561032 -0.612304 -0.080691 0.088917 0.500042 0.072939 -0.677403
VERTEX_POSE A3666 0.356877 -0.662128 -0.142910 0.316657 -0.993640 0.124294 -0.413711 0.861648 0.560657 0.466037 -0.040247 -0.528880 0.064790 0.114912 0.610520 -0.119473 0.067633 0.133291 -0.770183 -0.488020
VERTEX_POSE A3667 -0.582973 -0.956544 0.577459 -0.234800 0.730853 -0.181532 0.702804 -0.219331 0.581509 -0.051977 0.494986 -0.304171 0.551965 0.487800 -0.421780 -0.281027 -0.381856 0.598728 0.346011 -0.568437
VERTEX_POSE A3668 -0.748067 -0.699714 0.577275 0.183175 0.244821 -0.217155 -0.830746 0.011914 -0.642309 0.468307 -0.049698 0.103072 -0.100833 0.764829 -0.117228 0.187473 0.640550 0.718273 0.212688 -0.046050
VERTEX_POSE A3669 -0.488911 -0.302811 0.063349 -0.446472 -0.547666 -0.675697 -0.528981 0.376227 -0.156838 0.532480 -0.261948 0.378286 0.185751 0.715639 0.494555 -0.627148 -0.382144 -0.362147 0.093956 -0.362855
VERTEX_POSE A3670 -0.499542 0.241097 -0.196893 -0.676613 -0.833488 0.664070 -0.026859 -0.645428 0.357107 0.653494 -0.033749 0.412426 0.207063 0.546343 -0.504662 0.512501 -0.467991 -0.081890 0.516422 0.254516
VERTEX_POSE A3671 -0.096230 0.321199 0.850907 -0.016487 0.167375 0.505557 -0.450099 -0.250797 0.533014 0.436494 -0.111426 -0.054385 0.081506 -0.940505 -0.592563 -0.372498 -0.182800 -0.325914 0.679328 -0.081967
VERTEX_POSE A3672 0.686376 0.317264 -0.824473 -0.099022 -0.408425 -0.159075 -0.044470 -0.518642 0.481115 0.244696 0.650133 0.421027 0.219588 -0.159077 -0.544948 0.828325 0.106368 0.518643 0.451448 -0.521266
VERTEX_POSE A3673 -0.489197 -0.499461 0.221862 -0.253130 -0.133324 0.439196 0.464543 -0.003061 -0.294967 -0.431808 0.483465 -0.363616 0.401691 0.699037 -0.371963 -0.420332 -0.329993 -0.670469 0.509615 -0.410737
VERTEX_POSE A3674 0.551913 -0.908824 -0.431920 0.467209 -0.730861 -0.267105 -0.309979 -0.653238 -0.512578 0.144998 0.463179 0.479952 -0.748507 0.181692 0.505632 0.278443 0.337855 -0.424148 -0.495071 0.459986
VERTEX_POSE A3675 0.978346 0.085686 -0.501839 0.083259 -0.849574 -0.433158 0.169704 -0.193498 -0.630530 0.279601 0.489991 -0.632737 -0.534731 -0.254001 -0.085520 0.345395 -0.809168 0.084478 -0.698419 -0.056550
VERTEX_POSE A3676 0.664527 -0.629132 0.655364 -0.594048 -0.924388 -0.119810 -0.781468 0.340732 0.360972 0.528314 0.498087 -0.458091 0.097553 0.752927 0.604943 -0.153393 0.230285 0.528717 -0.277751 0.126017
VERTEX_POSE A3677 -0.146065 -0.466738 -0.266615 0.609352 -0.740694 -0.130683 0.223856 -0.264971 -0.415737 0.326856 -0.294139 0.299896 -0.722669 0.076607 -0.491893 0.019459 0.848275 -0.691512 -0.566060 -0.343269
VERTEX_POSE A3678 0.682080 -0.977737 0.334604 -0.884554 -0.169100 0.433264 -0.592302 -0.435857 -0.749535 0.157702 -0.474816 0.021584 0.147155 0.670704 0.448884 0.568586 -0.302058 -0.220266 -0.528549 0.208555
VERTEX_POSE A3679 0.943902 0.969917 0.877163 -0.360412 0.683217 -0.062094 -0.617376 0.485572 -0.116356 -0.457636 -0.566896 0.057818 -0.252404 -0.633148 0.091765 0.573074 -0.203912 0.985313 -0.131510 0.019799
VERTEX_POSE A3680 0.841337 -0.585024 0.256687 0.279221 -0.481799 -0.034308 -0.308361 -0.524361 -0.036850 0.504305 0.611481 -0.049946 -0.514699 0.453496 -0.680207 0.466151 -0.296853 0.729582 0.410340 -0.239491
VERTEX_POSE A3681 0.234238 0.697797 0.211015 -0.016477 0.701098 0.556722 0.662358 0.082409 -0.271033 0.500502 0.646869 -0.004522 0.265493 -0.187668 -0.580575 0.481781 -0.603200 0.528690 0.090438 -0.419164
VERTEX_POSE A3682 -0.906227 -0.769651 -0.595736 0.850920 -0.534978 0.550910 -0.059661 0.564507 0.157439 0.325918 0.080761 0.205532 -0.083394 0.595819 0.564633 -0.661406 -0.442162 -0.557367 -0.667687 0.352565
VERTEX_POSE A3683 -0.250886 0.494103 0.918605 -0.216296 -0.664859 0.511135 -0.347106 0.756526 -0.032422 0.540530 0.115430 0.636516 0.601049 -0.155174 0.332833 -0.470937 -0.597973 -0.470914 0.065598 0.180816
VERTEX_POSE A3684 0.505643 -0.557450 -0.291473 0.858788 -0.188930 -0.221321 0.241079 -0.209363 -0.280900 -0.747361 -0.426082 0.555160 0.213005 0.060266 0.448024 -0.580839 0.513158 -0.602647 0.024227 0.712501
VERTEX_POSE A3685 -0.201717 0.178813 -0.540043 -0.307581 0.791825 -0.252539 0.278453 -0.536870 -0.656759 -0.735230 0.086463 -0.321165 0.177814 -0.586049 0.361742 -0.164664 0.111205 -0.520468 0.568479 0.590317
VERTEX_POSE A3686 0.052295 0.653175 -0.960740 -0.499763 0.337279 0.536322 -0.276043 -0.221681 0.762688 0.520595 0.274462 0.236193 -0.768683 0.517429 0.240876 -0.200842 -0.654489 0.129835 -0.146866 -0.423602
VERTEX_POSE A3687 0.308618 0.020718 -0.388050 0.438771 0.149063 -0.078404 -0.066870 0.864673 0.064111 0.818881 -0.207225 0.001415 0.543968 0.340194 -0.480871 0.168503 0.219207 -0.870921 -0.025854 -0.213576
VERTEX_POSE A3688 -0.090979 0.101136 -0.145444 0.500670 0.354386 0.419636 -0.419744 -0.729494 0.267559 0.510790 -0.204545 -0.683356 0.092071 -0.619254 -0.534007 -0.209659 0.120893 0.013393 -0.714475 0.167060
VERTEX_POSE A3689 0.137622 -0.575503 0.193620 -0.790989 0.671136 -0.305311 0.563723 -0.057567 0.606607 0.015442 0.239755 0.494394 0.735216 -0.136180 -0.355327 0.191317 -0.597278 -0.410038 0.323781 0.750944
VERTEX_POSE A3690 0.762562 0.833340 0.792219 0.049810 0.793001 0.469894 -0.109879 0.404815 0.465769 -0.717954 0.004234 0.496301 0.034169 -0.176198 0.519677 0.530695 -0.506750 0.214196 0.435505 0.740450
VERTEX_POSE A3691 0.175039 -0.630078 0.699345 0.588994 -0.045550 0.604171 0.513921 0.441247 0.527346 -0.317748 0.203953 0.170590 0.615580 -0.696657 0.380776 -0.483378 -0.507169 0.427542 -0.149427 -0.145441
VERTEX_POSE A3692 -0.288921 -0.698503 -0.234736 -0.217181 -0.880112 -0.296852 0.206416 -0.746226 0.424540 0.345880 -0.543856 -0.550264 0.157391 -0.021677 -0.225230 -0.847198 -0.358527 -0.614919 0.308615 0.135480
VERTEX_POSE A3693 0.949347 -0.306177 -0.317263 -0.686427 0.559580 -0.352882 0.018340 -0.168312 0.083188 -0.342107 0.583422 -0.663986 -0.173981 -0.468118 -0.403403 0.796169 0.431398 0.514725 0.467410 -0.475448
VERTEX_POSE A3694 0.765736 0.539989 0.564478 -0.399656 -0.238053 -0.491322 0.142135 -0.506375 -0.738391 0.318262 0.521173 0.043434 -0.578673 0.331629 0.413942 0.571846 0.473507 -0.200366 -0.465443 0.371182
VERTEX_POSE A3695 -0.527584 0.253645 0.289453 -0.842382 0.784645 0.117267 -0.699522 0.703507 -0.703564 0.333924 0.435892 -0.188830 0.147721 0.150598 -0.277393 -0.520870 -0.509614 -0.615340 -0.325635 -0.180801
VERTEX_POSE A3696 0.545302 0.496993 0.949216 -0.756905 0.157252 0.138880 -0.538414 -0.736224 0.568617 0.113798 0.368015 -0.029330 -0.208741 0.307266 -0.576947 0.564159 -0.238304 -0.568911 -0.579062 0.413931
VERTEX_POSE A3697 0.122614 0.877861 -0.578433 0.917001 -0.231692 0.681766 -0.069639 -0.066951 -0.001188 -0.729427 0.496782 -0.604914 0.326986 0.272882 -0.208284 -0.251439 -0.812529 -0.354810 -0.541244 -0.118567
VERTEX_POSE A3698 -0.110557 0.297101 -0.133088 -0.077182 0.515497 0.427789 -0.172203 -0.588673 -0.323996 0.814148 -0.348470 0.716230 0.455206 0.510303 0.315308 -0.205235 -0.276080 0.315623 0.241196 -0.442045
VERTEX_POSE A3699 0.797235 0.797279 0.526492 0.426270 -0.597928 0.613905 -0.314859 0.451896 0.120392 0.915111 0.371372 -0.729905 -0.084996 0.407564 -0.232721 -0.184700 0.447651 -0.147334 0.148651 -0.539790
VERTEX_POSE A3700 0.633702 -0.424950 0.484917 -0.529471 0.220641 -0.239030 -0.407240 -0.433618 -0.702778 0.390395 0.511570 -0.445812 0.000884 -0.519802 0.333288 -0.319698 0.425149 -0.373012 -0.761275 0.315159
VERTEX_POSE A3701 0.389901 -0.461802 0.670019 0.246205 0.682009 -0.491762 -0.612194 -0.489640 0.375027 0.428735 -0.422608 0.616807 -0.356889 -0.528949 0.360094 -0.192131 0.218824 -0.327730 0.526423 -0.503969
VERTEX_POSE A3702 -0.298995 0.118478 0.377399 -0.590217 0.569448 0.472578 0.032282 0.247931 -0.553623 0.248593 0.790447 0.408995 -0.264084 0.353503 0.534163 0.205936 0.381024 -0.132530 -0.908300 0.208759
VERTEX_POSE A3703 0.320078 0.892314 0.660443 0.371508 0.812217 0.581569 0.203433 -0.646309 -0.312244 -0.364971 -0.378291 -0.154238 -0.049626 -0.623926 -0.639690 0.701126 -0.171280 -0.362337 -0.575648 -0.143389
VERTEX_POSE A3704 0.900704 0.038738 -0.108119 0.993074 -0.451314 -0.177559 0.618717 0.398077 -0.568184 -0.515578 0.543078 0.284168 -0.584421 -0.154367 0.668625 -0.064197 0.708031 -0.343262 -0.075489 0.146506
VERTEX_POSE A3705 -0.747082 0.209654 0.945479 0.876992 0.838587 0.079484 -0.156371 -0.605927 0.778921 -0.409045 -0.053636 -0.095892 0.098828 0.612000 0.395455 0.893161 -0.184157 -0.470515 0.026962 -0.470657
VERTEX_POSE A3706 0.298425 -0.021999 -0.841396 -0.545233 0.962642 -0.565470 -0.537752 -0.375941 0.592885 -0.252580 -0.244810 -0.434329 0.426685 -0.489209 0.185762 -0.546500 -0.379725 0.324933 0.407804 -0.644376
VERTEX_POSE A3707 0.565231 0.409606 -0.452755 -0.600974 -0.375702 -0.252312 -0.316213 0.308139 -0.305815 0.595423 0.520656 0.272616 -0.275118 0.795889 -0.794629 -0.459906 -0.021825 -0.370217 0.508210 -0.007176
VERTEX_POSE A3708 0.106853 0.742916 -0.321136 0.486344 -0.902107 -0.618225 -0.613687 0.470915 -0.589378 0.421321 -0.386836 0.011026 0.488339 0.584185 -0.457043 0.408140 0.154307 0.247834 0.202045 0.513336
VERTEX_POSE A3709 -0.019495 0.000264 0.493209 -0.429787 -0.206458 -0.441663 -0.457998 -0.506132 0.349532 -0.128154 -0.333226 -0.643515 0.685678 -0.149322 -0.128551 -0.196632 -0.557585 0.502120 0.514777 -0.547351
VERTEX_POSE A3710 0.509133 0.379523 -0.575592 0.038614 -0.692485 -0.726978 -0.125132 -0.521166 0.038527 -0.059479 -0.583789 -0.558705 -0.425757 0.453935 -0.263033 0.808079 -0.082515 0.297793 -0.382809 -0.417983
VERTEX_POSE A3711 -0.051809 -0.842108 0.935551 -0.234436 -0.383906 -0.282174 0.673186 -0.388392 0.348255 -0.398679 -0.573949 -0.165367 -0.456137 -0.445612 0.873370 0.253206 0.079863 0.094737 0.340149 -0.561058
VERTEX_POSE A3712 -0.785257 -0.301939 -0.295776 0.553735 -0.505360 -0.316564 0.146541 0.692473 0.782017 -0.388238 0.458718 0.325630 0.625785 -0.231763 0.379941 0.047569 -0.353939 -0.194541 -0.658731 -0.362039
VERTEX_POSE A3713 0.602906 0.609872 -0.171329 -0.110466 -0.227462 -0.743615 0.335627 0.402884 0.322487 -0.202026 0.597936 -0.289923 -0.237972 0.469568 -0.197143 0.500835 -0.349417 -0.469168 -0.734216 -0.370905
VERTEX_POSE A3714 0.697304 0.651995 0.854156 0.549269 -0.048765 -0.578318 0.615825 0.428270 -0.666775 -0.171044 -0.512738 -0.243912 -0.754517 0.505834 0.365664 0.146608 0.290322 -0.166601 -0.026713 0.462093
VERTEX_POSE A3715 0.720386 0.140611 0.412751 0.412524 0.305710 -0.513748 -0.545968 -0.625808 0.615705 -0.138624 -0.468719 0.308855 0.185000 -0.482756 0.226187 -0.789044 0.389716 -0.458713 0.160895 -0.061122
VERTEX_POSE A3716 -0.598811 -0.211315 0.288628 0.581953 -0.435638 -0.504336 0.371842 -0.112133 0.512237 -0.533739 -0.186940 0.250849 0.477942 -0.779256 0.606073 0.396643 0.174019 -0.230238 -0.437151 -0.561210
VERTEX_POSE A3717 -0.250401 0.305170 0.893416 -0.950495 -0.711486 -0.253410 -0.675029 0.070906 -0.643392 0.283033 -0.336492 0.546116 0.354277 -0.463862 -0.339733 0.580273 0.478869 -0.328892 -0.044707 -0.661258
VERTEX_POSE A3718 0.029004 -0.838671 -0.975300 -0.148705 -0.545227 -0.781195 -0.374333 -0.324330 -0.228174 0.323101 -0.376314 0.458874 0.127323 -0.779108 0.297813 -0.447294 0.251129 0.195995 -0.734301 -0.288311
VERTEX_POSE A3719 0.310210 0.889821 -0.856816 0.082623 0.918749 0.498802 -0.175232 0.141361 0.734343 0.456080 -0.072355 0.264006 -0.085014 -0.744724 -0.293366 0.067782 -0.646692 -0.237011 0.865715 0.044232
VERTEX_POSE A3720 0.887221 0.729667 0.087036 -0.741484 0.959650 0.609591 0.056501 -0.326824 -0.457131 -0.786996 -0.220938 0.638514 -0.612870 0.231711 -0.106228 0.019495 0.598789 0.021128 -0.038146 0.657369
VERTEX_POSE A3721 -0.208434 0.994669 0.816920 0.901105 -0.752226 -0.337548 0.331676 0.807880 -0.218912 0.425334 -0.529689 0.595672 0.503892 -0.035101 0.633344 0.147836 0.239026 0.286687 -0.658270 0.091618
VERTEX_POSE A3722 -0.514750 -0.740257 0.842529 -0.328383 -0.126802 0.260070 -0.782784 0.408981 -0.184121 -0.008326 -0.181238 0.437672 -0.267721 -0.036269 0.033245 -0.398614 -0.886538 0.840120 0.395743 -0.112349
VERTEX_POSE A3723 -0.401699 -0.968836 0.852300 0.041335 -0.920463 0.083695 -0.575194 -0.494331 -0.415179 -0.728489 0.487127 -0.515212 0.224100 0.236563 0.649603 -0.049170 0.658319 -0.364957 0.292946 0.170290
VERTEX_POSE A3724 -0.259087 -0.311509 -0.500344 -0.785322 0.807355 -0.379465 -0.205030 0.688100 -0.516316 -0.341933 -0.266237 0.486238 -0.666198 0.398530 -0.579346 -0.251516 -0.002825 0.131738 -0.577896 -0.544796
VERTEX_POSE A3725 -0.749014 0.799732 0.407007 0.271961 0.635146 0.347122 -0.282822 -0.767194 -0.533469 -0.377602 -0.038674 0.516621 0.503869 0.216965 0.571421 -0.656823 0.270249 -0.038704 -0.303525 0.538339
VERTEX_POSE A3726 0.070717 0.284809 0.141753 0.198953 0.864182 -0.708549 0.037758 0.500192 -0.081218 0.561960 0.441830 -0.625955 -0.097809 -0.361206 -0.140770 -0.749410 0.118178 0.282358 -0.334057 0.640437
VERTEX_POSE A3727 -0.713784 -0.814515 -0.551127 -0.542227 -0.035394 0.284683 -0.651388 0.587961 0.238596 0.673421 0.507591 -0.408516 -0.145518 0.511818 -0.314650 -0.276107 -0.292285 0.772099 -0.157441 -0.221958
VERTEX_POSE A3728 0.373600 0.677593 0.828574 0.188962 -0.596546 -0.488380 -0.487291 -0.720254 -0.394562 -0.092649 0.338104 -0.205244 -0.672149 0.580578 -0.521208 0.394356 0.011593 0.540392 -0.382966 -0.172379
VERTEX_POSE A3729 0.960159 -0.418090 -0.991335 -0.878230 0.379679 -0.125606 -0.701783 -0.054429 -0.370227 -0.460694 -0.530973 0.382942 0.103085 -0.707479 0.573281 -0.533367 0.387592 0.609803 0.012437 -0.253676
VERTEX_POSE A3730 -0.916550 0.982764 0.975365 0.884043 0.366679 -0.442264 -0.609015 0.437031 -0.557473 -0.372816 -0.541362 0.221242 -0.318267 -0.378592 0.623547 -0.524540 -0.250668 -0.236365 0.337154 -0.556565
VERTEX_POSE A3731 0.007302 -0.747357 0.313491 0.659491 0.624095 -0.206200 -0.574388 0.491403 -0.285541 0.368020 0.447710 -0.751522 -0.419580 -0.353950 0.505428 -0.488675 -0.336779 -0.236020 0.346105 -0.565135
VERTEX_POSE A3732 0.350061 0.120108 0.678683 0.367975 0.061689 -0.474724 -0.354555 0.654945 0.261915 -0.526835 -0.339152 -0.006149 0.764512 0.152157 -0.010780 0.106812 -0.459368 0.840169 -0.029134 0.471012
VERTEX_POSE A3733 -0.215545 0.101242 0.352764 -0.706174 -0.063874 0.536702 0.315229 -0.713745 0.696622 -0.480015 0.147071 -0.399384 -0.685758 -0.522624 0.113936 -0.044934 0.431603 -0.232764 0.444897 -0.097574
VERTEX_POSE A3734 -0.672620 -0.855042 -0.026066 0.030999 0.436312 0.471241 0.624165 -0.174683 0.486476 -0.223863 0.714035 0.507722 -0.678047 -0.485828 0.008902 0.111482 -0.472125 -0.532365 -0.296862 0.026625
VERTEX_POSE A3735 0.250765 -0.841154 -0.429435 0.361050 0.610374 0.398707 0.690452 0.264275 -0.502718 0.555672 -0.604680 0.081888 0.410518 0.426198 0.661225 -0.138684 -0.401109 -0.379978 -0.163543 0.471156
VERTEX_POSE A3736 0.037374 -0.689104 0.298243 -0.829183 -0.225287 0.429302 0.503824 0.057775 0.518228 -0.657309 -0.473174 0.435918 0.375818 -0.443451 -0.084564 0.415710 -0.406005 -0.591577 0.007317 -0.641311
VERTEX_POSE A3737 0.625805 0.122958 0.132538 0.485766 0.398954 0.307655 -0.058881 0.275110 0.419142 0.235367 -0.853182 -0.359320 -0.461762 -0.141187 0.229185 0.662222 0.378038 0.740292 -0.537934 0.183163
VERTEX_POSE A3738 -0.184004 0.568452 0.117809 0.760076 -0.765328 0.188240 -0.023187 0.565909 -0.279485 -0.500123 0.278087 0.866396 0.088011 -0.205881 -0.351477 0.740689 -0.198058 -0.110794 -0.439288 -0.721665
VERTEX_POSE A3739 -0.855773 -0.946188 0.977107 0.657161 -0.127393 0.511961 -0.541754 0.635936 -0.569794 0.140670 0.472239 0.048467 -0.557951 -0.584042 0.280197 0.374198 -0.173796 0.576517 0.485161 0.035573
VERTEX_POSE A3740 -0.393690 -0.876778 -0.374253 -0.944022 -0.807504 -0.396986 -0.332332 0.828452 -0.765133 0.611770 -0.143672 0.221088 0.307096 0.055256 0.070419 0.361655 0.357300 -0.450706 -0.538694 -0.402876
VERTEX_POSE A3741 -0.674871 -0.052025 0.542217 -0.201310 -0.457813 -0.400621 0.502933 -0.456432 -0.024091 -0.837764 -0.247020 0.681993 0.198877 0.377163 -0.539370 -0.070059 0.531954 -0.287903 -0.027379 0.552651
VERTEX_POSE A3742 0.092418 -0.788296 0.912658 -0.577275 0.488701 0.480005 0.455737 -0.062715 -0.550330 0.490285 -0.270051 -0.644920 0.020263 0.472933 -0.072323 -0.740997 -0.149498 -0.213493 -0.049368 -0.822876
VERTEX_POSE A3743 -0.178947 -0.178717 0.329971 0.609714 -0.312865 0.444799 0.632324 -0.366433 0.726857 0.084234 0.476521 0.129792 -0.477359 0.398159 -0.027440 0.272451 0.539257 -0.506195 0.539416 0.435116
VERTEX_POSE A3744 0.928035 -0.442153 -0.629112 0.688224 0.314725 0.732711 0.072945 -0.428285 0.131433 -0.437539 -0.559400 0.451676 -0.585907 0.443065 -0.491048 -0.567492 -0.358120 -0.026836 0.371356 -0.423186
VERTEX_POSE A3745 -0.210278 0.863698 0.766813 0.971994 -0.560065 -0.457387 0.082957 -0.571782 -0.158270 0.290248 0.655542 0.100219 0.377411 0.330603 0.280137 -0.810168 0.206530 -0.822938 -0.331758 0.302286
VERTEX_POSE A3746 -0.458561 0.961893 -0.257278 0.022238 0.992845 -0.539323 -0.087305 -0.480063 0.174718 -0.586360 0.616784 0.142287 0.221887 0.004972 0.564736 0.575883 -0.007061 0.582608 -0.517383 -0.623733
VERTEX_POSE A3747 -0.670776 0.346533 0.659517 0.270178 0.879087 0.153266 -0.587846 0.463949 0.466624 0.409455 0.698426 0.361944 0.281909 -0.016869 -0.608594 -0.177475 0.526731 0.507328 -0.613036 -0.138645
VERTEX_POSE A3748 0.539321 0.168868 0.660230 -0.978501 -0.271551 -0.339089 0.524204 0.624828 -0.566693 -0.052696 -0.385501 -0.196748 0.267923 -0.632117 0.237183 0.806515 -0.219371 0.684771 0.013598 -0.115258
VERTEX_POSE A3749 0.570444 -0.876778 -0.232578 0.873532 -0.552382 -0.195895 0.465523 -0.711210 0.473786 0.110570 0.431778 0.242881 -0.731789 -0.481351 0.677159 0.448363 -0.221662 0.468632 -0.185791 -0.164056
VERTEX_POSE A3750 0.639435 0.236354 0.802701 -0.647199 0.797836 -0.200468 -0.896934 0.221297 0.460613 0.136156 -0.200403 0.538035 -0.125160 0.524680 -0.119289 -0.256706 -0.717723 -0.666286 0.308881 0.347061
VERTEX_POSE A3751 0.426543 -0.101465 -0.252735 -0.719985 -0.311902 -0.337779 -0.059071 0.786679 -0.586309 -0.664876 -0.327383 -0.207611 0.448531 0.180647 0.706116 -0.459710 0.171358 0.021109 0.376744 -0.460391
VERTEX_POSE A3752 -0.637990 -0.882109 -0.415658 0.774637 -0.304608 -0.146500 -0.536965 0.657043 -0.501166 -0.226606 -0.607187 -0.643536 0.560094 0.419799 0.449411 -0.060379 0.151823 -0.333559 -0.585635 0.018344
VERTEX_POSE A3753 -0.875315 0.496097 0.645230 0.024417 -0.328966 0.202586 -0.734882 0.277572 0.712998 0.410246 0.402022 0.413918 -0.277549 -0.779620 -0.278209 0.419780 -0.311445 0.449293 0.195956 -0.237755
VERTEX_POSE A3754 -0.975157 -0.070301 -0.400435 0.321350 -0.232364 -0.733102 0.447100 0.021395 0.151029 0.439980 -0.509825 0.112334 0.380225 -0.572532 -0.643337 -0.433471 -0.341278 0.115111 -0.523498 -0.543467
VERTEX_POSE A3755 0.102923 -0.193618 0.083998 0.989315 -0.497253 -0.431657 -0.471096 -0.520006 0.690447 -0.023228 0.075852 -0.168094 -0.379430 0.808315 0.285951 0.329196 -0.197535 0.476373 -0.724701 -0.177336
VERTEX_POSE A3756 -0.624329 0.295828 0.052237 -0.703622 -0.693821 -0.627952 -0.142318 0.438268 0.558298 -0.371777 0.516950 -0.490077 -0.511013 -0.244100 0.214822 -0.337378 -0.678295 -0.087498 0.683058 -0.144961
VERTEX_POSE A3757 0.095560 -0.785492 0.741318 -0.479697 -0.368183 -0.278859 -0.455452 0.500801 0.643106 -0.371222 0.381541 0.200719 0.554095 0.689846 -0.678840 -0.075565 0.356550 -0.086837 0.584830 0.024674
VERTEX_POSE A3758 0.389139 -0.008133 0.532870 -0.552912 0.467353 0.457251 -0.417079 0.574126 0.747392 -0.165224 -0.623657 -0.202536 -0.549740 0.103490 0.132102 0.645803 0.074545 0.416960 0.281905 0.514940
VERTEX_POSE A3759 0.749270 -0.026579 -0.119189 0.485340 -0.290367 0.460876 0.413758 0.150004 0.854354 -0.339539 -0.141865 -0.158042 -0.823154 -0.018428 -0.167158 0.189102 -0.609643 0.068946 0.013225 -0.765094
VERTEX_POSE A3760 0.055719 -0.203582 0.749982 -0.357927 -0.988503 0.525733 0.298035 0.216234 0.706773 -0.627991 -0.281824 0.162625 0.420917 -0.526571 0.162317 0.470462 -0.482796 0.413863 0.343942 0.602867
VERTEX_POSE A3761 0.472589 -0.025369 0.508235 -0.668870 -0.165968 -0.234155 -0.636408 0.620387 -0.457216 -0.322107 -0.202976 -0.030448 -0.364713 -0.742002 0.283595 0.333714 0.151940 -0.809180 0.496842 0.016337
VERTEX_POSE A3762 -0.243428 0.226064 -0.805698 0.144831 -0.666272 -0.543201 0.151111 -0.414095 0.460970 -0.198896 0.503311 -0.617347 -0.309526 0.456451 -0.332501 -0.024202 0.498133 -0.027654 0.917177 0.344557
VERTEX_POSE A3763 -0.594220 0.916526 0.428666 -0.989951 0.073186 -0.495989 -0.216085 -0.437310 0.665057 0.091172 -0.556431 0.291919 -0.551865 -0.353777 0.405569 0.406607 0.307908 -0.248980 0.689283 -0.528374
VERTEX_POSE A3764 -0.742956 -0.924127 -0.139001 -0.375044 0.770158 0.170235 -0.141272 -0.595696 0.276297 0.687908 -0.147307 0.159270 0.409181 -0.516459 -0.759498 0.507765 0.121047 -0.540810 -0.285606 -0.584863
VERTEX_POSE A3765 0.083953 0.371022 0.168236 -0.824170 0.770040 0.254816 0.207886 -0.881111 0.499652 0.650127 0.437534 0.783960 -0.341036 -0.006231 -0.184039 -0.070920 0.098159 0.192229 -0.642482 0.150114
VERTEX_POSE A3766 0.656545 -0.924628 0.999230 0.371098 -0.316440 -0.242182 0.663766 0.258152 0.066669 0.379824 -0.801057 0.229172 -0.199522 0.403104 0.450690 0.602757 0.326675 0.825386 -0.109648 -0.149850
VERTEX_POSE A3767 0.294418 -0.613231 -0.840759 -0.204227 -0.455129 -0.555405 -0.454541 0.557251 -0.205234 0.077623 -0.278183 0.752738 -0.573131 0.133845 -0.226933 -0.528298 -0.761495 -0.176893 -0.424015 0.119568
VERTEX_POSE A3768 -0.290242 -0.506020 -0.699226 0.661595 0.168994 -0.528091 0.619761 -0.211661 -0.602234 0.009071 0.590453 0.413101 -0.017443 0.418216 0.259862 0.476101 0.607454 0.346775 0.623569 -0.250320
VERTEX_POSE A3769 -0.527459 0.643824 0.117040 0.131174 -0.081768 0.856855 0.130460 0.117769 -0.082504 -0.202127 -0.516127 -0.425048 0.426379 0.575200 0.187379 0.758603 -0.136168 0.207883 -0.429938 0.608561
VERTEX_POSE A3770 0.438645 -0.559419 -0.863652 -0.547066 0.417478 -0.274685 0.075631 0.684942 -0.248645 0.589426 -0.424444 0.509594 0.509747 0.520678 0.599111 0.296661 -0.280570 0.494069 -0.546815 -0.029619
VERTEX_POSE A3771 0.316068 -0.382798 -0.073479 0.717574 0.361489 -0.543655 -0.100984 0.492287 -0.150192 -0.116758 -0.512030 -0.046711 -0.916883 -0.252441 -0.734976 0.278908 -0.474470 0.373510 0.240221 -0.454566
VERTEX_POSE A3772 -0.202330 -0.408201 -0.340743 0.929864 0.460419 -0.681156 0.137879 -0.250990 0.524062 -0.512823 0.092957 -0.380446 -0.619825 0.016878 -0.248121 0.034270 0.957751 -0.234696 -0.576753 -0.103885
VERTEX_POSE A3773 -0.468937 -0.347715 -0.950995 -0.124340 -0.093821 -0.526585 0.161576 0.019208 0.487563 -0.136846 -0.783175 -0.235322 0.726648 -0.353797 0.097579 -0.351551 0.266078 -0.648146 -0.550964 -0.436232
VERTEX_POSE A3774 -0.862879 0.438485 -0.743508 0.327288 -0.951376 0.139352 0.007846 0.758557 -0.689403 0.514310 0.377414 -0.174113 0.530571 -0.412493 -0.455037 -0.285785 -0.313844 0.517620 0.610119 -0.116198
VERTEX_POSE A3775 -0.274294 0.149646 0.030145 0.618089 -0.224856 -0.121197 0.894886 -0.255650 -0.130429 -0.001060 0.800257 0.251147 0.080552 0.237543 -0.300545 0.377871 0.457921 -0.902717 -0.223388 -0.167672
VERTEX_POSE A3776 0.320785 -0.484017 0.815819 -0.152346 0.346114 0.491665 -0.123504 -0.063448 -0.360837 -0.769121 0.388710 -0.404883 0.060632 -0.742387 0.409162 0.275607 0.292151 0.544718 -0.559968 -0.456495
VERTEX_POSE A3777 -0.321440 0.400378 -0.000787 -0.650475 -0.958531 -0.396009 0.362620 0.193676 -0.206140 0.164494 -0.660301 -0.867748 -0.410931 0.053477 -0.185005 0.703071 0.433714 -0.116060 0.422226 -0.579245
VERTEX_POSE A3778 0.054930 -0.503821 -0.310339 -0.111734 -0.345769 -0.723912 0.305751 -0.286976 0.037856 0.145388 -0.222909 0.276292 -0.441333 0.292009 0.470802 0.822624 0.178565 0.420150 -0.117870 -0.866488
VERTEX_POSE A3779 -0.139894 0.684851 0.476048 -0.130847 -0.925437 -0.456931 0.304023 -0.831777 -0.398323 0.748963 0.488296 0.201794 0.197448 0.053265 0.110537 -0.125647 -0.078161 -0.761324 -0.540232 0.246511
VERTEX_POSE A3780 -0.750996 0.523600 0.766635 -0.776942 -0.510913 0.637999 -0.120135 -0.215766 -0.085435 0.644372 0.161731 0.309178 0.309846 -0.775249 -0.517358 -0.500587 -0.492808 0.471601 -0.473032 0.288820
VERTEX_POSE A3781 -0.305635 0.732533 -0.507638 0.241067 -0.547934 0.297537 0.291024 0.745237 -0.177144 -0.052769 0.479335 -0.384044 0.594967 -0.335564 0.555336 -0.455868 -0.259830 0.651310 0.592215 -0.186397
VERTEX_POSE A3782 -0.713351 -0.416614 -0.776686 0.149168 -0.237339 -0.348124 -0.021300 0.148546 0.107369 -0.659263 0.726994 -0.224350 -0.310151 -0.400573 -0.586208 0.525548 0.480670 -0.687975 -0.438776 -0.240648
VERTEX_POSE A3783 -0.388986 0.641491 -0.649023 0.997695 0.184479 -0.048251 0.537130 -0.058988 -0.221902 0.721624 -0.412745 0.338024 0.431362 0.812180 0.913320 0.043815 -0.403718 0.004166 0.052518 -0.059473
VERTEX_POSE A3784 -0.180951 0.228629 -0.862408 -0.734516 0.123100 -0.837984 -0.262034 0.221087 -0.078626 -0.470119 0.370342 -0.413012 0.552651 0.175831 0.253918 -0.490754 0.383428 -0.237797 -0.405048 -0.797517
VERTEX_POSE A3785 -0.688508 0.513085 -0.177121 -0.529482 0.530297 -0.447503 0.182078 0.687671 -0.527521 -0.813273 -0.207466 0.071911 0.222035 -0.552184 0.484646 -0.351768 0.417969 0.530481 -0.363860 0.066794
VERTEX_POSE A3786 0.713937 -0.552126 0.434975 0.987010 0.687226 0.121202 -0.145499 -0.264687 -0.768892 -0.127963 0.073396 -0.607959 0.354262 -0.215264 -0.051580 -0.577906 -0.757932 -0.147788 -0.709210 0.551140
VERTEX_POSE A3787 0.194720 -0.475542 0.189828 -0.438138 0.429279 -0.749089 0.206171 -0.507235 0.573413 0.438770 -0.570164 -0.277901 0.592213 0.466046 -0.057141 0.381053 -0.274624 -0.171956 -0.518707 -0.353565
VERTEX_POSE A3788 0.407052 0.727592 -0.435804 -0.009179 -0.837886 0.139244 0.471142 0.484414 0.515914 -0.424110 0.148052 -0.498732 -0.079093 0.760033 -0.665603 -0.328341 -0.288348 0.150611 -0.695768 0.287453
VERTEX_POSE A3789 0.103075 0.439741 -0.032155 -0.565902 0.154579 0.390184 0.515407 0.373870 -0.387193 0.073228 0.456407 -0.623207 -0.193082 0.477363 0.041590 0.602343 0.318433 0.554726 -0.573494 0.568013
VERTEX_POSE A3790 -0.056010 0.497879 -0.929361 -0.952799 -0.861088 0.275428 0.562564 0.706401 0.598693 0.140212 0.017004 0.035229 0.262367 -0.327887 -0.644274 -0.075390 0.514710 0.386492 -0.767686 0.358152
VERTEX_POSE A3791 -0.537229 -0.475990 -0.685821 0.632894 -0.826389 -0.483936 -0.294382 -0.117096 -0.183772 -0.523628 0.542912 -0.110020 -0.691903 -0.498686 -0.522126 0.347234 -0.515908 -0.668815 0.199627 0.420340
VERTEX_POSE A3792 -0.424335 -0.585628 -0.523920 -0.234772 0.988610 -0.065654 0.629914 0.764392 -0.292366 0.363362 -0.398347 0.774575 0.035330 -0.059136 0.472680 0.527362 -0.296838 -0.294650 0.437970 -0.406711
VERTEX_POSE A3793 0.700563 -0.276057 -0.735059 0.192032 -0.527360 -0.737058 -0.423475 0.484751 0.001153 -0.501420 -0.664417 0.602056 -0.463510 0.485992 0.072195 0.544534 0.249139 0.298429 -0.240598 0.159083
VERTEX_POSE A3794 -0.131449 -0.559464 0.742845 0.642943 0.246796 -0.381981 -0.640592 0.547308 -0.100244 -0.002824 -0.575473 0.550885 0.298658 0.344108 0.598998 -0.200858 0.246560 -0.426344 0.678302 0.435984
VERTEX_POSE A3795 -0.167291 -0.509756 0.337078 0.390184 0.758769 -0.735131 -0.584586 0.072850 -0.474929 0.304847 -0.151925 -0.062064 -0.384610 -0.248371 0.329714 -0.402485 -0.739746 -0.348515 0.505379 -0.602244
VERTEX_POSE A3796 -0.215484 -0.905035 0.433176 0.367862 -0.757320 -0.553360 0.316966 0.374718 0.575680 0.657211 0.411195 0.437977 0.157479 -0.444264 -0.372947 0.635997 -0.609175 0.177405 -0.195743 -0.349343
VERTEX_POSE A3797 -0.474904 -0.484092 0.742075 0.014041 0.930356 0.563603 0.761397 0.275291 -0.445343 0.123400 0.055566 -0.512303 0.179987 0.699769 0.294544 -0.466570 0.649118 -0.367166 0.393656 -0.100476
VERTEX_POSE A3798 -0.872873 -0.122987 0.496319 -0.814042 -0.696360 0.379284 -0.239838 0.215687 0.132585 -0.122533 0.918366 -0.530918 -0.840263 -0.016765 0.719737 -0.470553 -0.319355 0.196644 -0.001135 0.088393
VERTEX_POSE A3799 0.494273 -0.411055 0.733950 0.029457 0.411674 0.248728 -0.251683 -0.248397 -0.630292 0.539113 -0.489378 -0.579686 -0.370156 0.574155 -0.311557 -0.706612 -0.549561 -0.328272 0.098467 0.259109
VERTEX_POSE A3800 -0.002363 -0.840268 -0.140885 -0.854784 -0.151412 -0.428278 -0.000228 -0.359394 0.273267 0.116191 0.803935 0.341506 0.198541 -0.056817 0.649510 -0.653910 -0.285975 -0.451015 -0.720751 0.373518
VERTEX_POSE A3801 0.565772 0.317594 0.632667 -0.361108 0.721118 -0.495523 0.466425 0.388881 -0.240152 -0.406073 -0.482778 0.572281 -0.436027 0.328120 0.048025 0.222264 -0.701238 -0.605782 -0.614843 0.127670
VERTEX_POSE A3802 -0.189659 0.206147 -0.339529 -0.252969 -0.226837 0.219729 -0.406716 -0.092683 -0.036731 0.409542 -0.789079 -0.645726 -0.643288 -0.121954 0.282142 -0.411534 -0.583709 -0.673649 0.289271 -0.114781
VERTEX_POSE A3803 0.795308 -0.248469 0.518371 -0.924920 -0.690992 0.246334 -0.428796 0.307304 -0.185070 -0.517443 -0.385375 -0.272491 0.688485 -0.221551 0.190793 0.207331 0.744488 -0.891300 -0.177171 0.392051
VERTEX_POSE A3804 -0.903165 0.969878 0.681673 0.514552 -0.372704 -0.416972 0.377994 0.737201 -0.365227 -0.198247 0.277628 -0.295214 0.571740 -0.517821 -0.239415 0.489518 -0.154730 0.740455 0.501302 0.295598
VERTEX_POSE A3805 -0.052538 -0.355369 -0.083037 -0.925681 -0.178213 -0.183791 0.432043 -0.837477 -0.094011 0.402622 0.078298 -0.532246 -0.379891 -0.299624 -0.820159 0.070835 0.360689 -0.037890 0.708448 0.269501
VERTEX_POSE A3806 -0.478987 0.901178 -0.451484 0.693168 0.084151 0.268458 0.691981 0.568899 0.682029 -0.180374 -0.375338 -0.299627 -0.581405 0.516006 -0.568715 0.364266 -0.283283 0.222609 -0.133814 0.434700
VERTEX_POSE A3807 0.417620 -0.514139 0.497491 -0.637795 0.973410 0.511406 -0.474455 0.399399 0.447058 0.122965 -0.839691 0.354781 -0.560513 -0.132908 -0.386567 -0.131064 -0.166266 0.513127 0.654537 0.300152
VERTEX_POSE A3808 0.626023 -0.954991 0.916177 -0.576156 -0.136744 -0.079222 -0.602897 -0.410029 0.013220 -0.783528 0.160610 0.088047 0.028622 0.111242 -0.802642 -0.051076 0.559901 -0.584434 0.138459 -0.692977
VERTEX_POSE A3809 0.575943 -0.602643 0.238177 -0.418565 0.738382 0.299961 0.520934 0.047265 -0.532087 -0.331507 -0.374052 -0.707333 0.580931 0.377762 0.043602 -0.451969 0.844262 0.353110 0.277443 0.048672
VERTEX_POSE A3810 -0.722274 -0.829287 -0.026460 0.231358 -0.952027 -0.286634 0.564153 -0.744644 -0.211436 0.464150 0.447145 0.885116 0.218459 -0.065762 0.176358 -0.360480 -0.480946 0.242081 0.537239 0.099668
VERTEX_POSE A3811 0.875027 0.568610 0.682812 -0.353098 0.352343 0.200261 -0.468437 0.393923 -0.413800 -0.418110 -0.767813 -0.067897 -0.348452 0.193675 -0.710893 0.502356 0.244003 -0.527907 -0.481634 0.397795
VERTEX_POSE A3812 -0.729692 -0.870110 0.730539 0.822501 -0.809552 -0.302924 0.254825 -0.620558 -0.447658 0.252779 0.691334 0.747484 -0.181461 0.211703 -0.324824 -0.518580 0.235916 -0.208797 -0.754528 -0.191028
VERTEX_POSE A3813 -0.435625 -0.245901 0.196853 -0.619474 -0.189366 0.342062 0.024704 -0.312137 0.095668 0.718431 0.553590 -0.831561 -0.005648 0.247274 0.241498 0.442614 0.007714 0.352173 -0.536010 0.731372
VERTEX_POSE A3814 -0.513960 0.210101 -0.966211 -0.355404 -0.463179 -0.639061 0.155711 0.600160 -0.061333 -0.075854 -0.477855 0.465376 0.635911 -0.050182 -0.214037 -0.516811 -0.365526 -0.570485 0.546373 -0.524725
VERTEX_POSE A3815 0.089358 0.358519 0.868130 -0.912015 0.313548 -0.175361 0.553241 0.220359 0.037180 0.516863 0.651159 0.180977 -0.463833 0.627949 0.310045 -0.352305 0.298746 0.915962 0.295834 -0.209438
VERTEX_POSE A3816 -0.124133 -0.732816 -0.980268 -0.148956 -0.659070 -0.596369 0.315806 -0.192679 0.022923 0.296650 -0.545908 0.570820 -0.138897 -0.650849 -0.562090 -0.521963 -0.466429 0.045140 -0.721476 0.153943
VERTEX_POSE A3817 -0.800023 0.657975 0.468764 -0.368394 -0.775953 -0.552117 -0.202168 -0.589951 -0.684581 0.028909 0.628688 0.267581 0.680823 0.080867 -0.032829 -0.042238 0.434335 -0.392222 0.702132 -0.248037
VERTEX_POSE A3818 -0.715922 0.882977 0.057959 -0.350153 -0.257172 0.400989 0.108621 -0.505320 -0.514263 0.399234 -0.381045 -0.324123 -0.461048 -0.692764 0.576639 0.439251 -0.340933 0.370369 -0.650621 -0.057441
VERTEX_POSE A3819 -0.717081 0.994776 -0.416072 0.841865 -0.496956 0.540546 0.022479 0.578927 0.312229 0.649559 -0.408211 0.440847 0.334478 0.323673 0.119013 -0.484262 0.266612 0.633887 -0.480815 -0.567769
VERTEX_POSE A3820 0.303053 0.097715 -0.563392 0.065704 0.378626 0.427210 0.031476 0.543463 0.761332 0.500574 -0.242663 -0.170347 0.103451 -0.596154 -0.438057 0.858898 0.190241 0.130204 -0.005236 -0.504154
VERTEX_POSE A3821 0.228068 0.380856 0.128598 -0.302951 -0.118260 0.162268 -0.389721 -0.619631 0.266236 -0.598678 0.324848 0.673939 0.520116 -0.355141 0.272280 -0.468167 -0.294960 -0.611930 0.000695 -0.545348
VERTEX_POSE A3822 -0.254310 -0.481214 -0.101893 0.474759 -0.323345 0.139193 -0.138896 0.744686 0.519040 -0.427671 -0.331692 0.016569 0.689789 0.277140 -0.631908 0.125165 -0.389742 0.558248 0.553472 -0.326677
VERTEX_POSE A3823 0.878717 0.512087 -0.087312 0.830932 0.367237 -0.080451 -0.680341 -0.521015 0.051515 0.108330 -0.532442 -0.643690 0.589621 -0.287113 0.747080 0.419300 -0.355095 -0.135677 -0.043984 -0.486336
VERTEX_POSE A3824 -0.071369 -0.895201 0.393539 0.889081 0.354381 0.487804 -0.358135 -0.636883 -0.219836 -0.594871 -0.051403 -0.836384 -0.037863 -0.279488 -0.118474 -0.174456 -0.501708 -0.012066 0.697136 -0.511775
VERTEX_POSE A3825 0.614242 -0.040677 -0.359049 0.117702 0.923452 -0.293225 0.198836 -0.925991 0.532778 -0.216973 -0.101171 0.309533 -0.433251 -0.233248 0.338757 -0.460805 -0.265668 0.647765 0.716477 -0.085567
VERTEX_POSE A3826 -0.288574 -0.997669 -0.750234 0.221116 0.126005 -0.304839 0.534022 0.679158 0.026599 -0.658336 0.623451 0.058761 -0.384571 0.194183 -0.438040 -0.361571 -0.332856 0.843228 0.052794 0.039415
VERTEX_POSE A3827 0.713147 -0.800236 -0.173285 0.256943 0.597061 0.504434 0.280166 -0.720780 0.614968 -0.483497 -0.072270 0.300825 -0.544873 0.317167 0.525833 0.602330 0.599076 0.019085 0.167483 -0.125563
VERTEX_POSE A3828 -0.860662 0.475231 -0.616974 -0.868257 0.853808 0.403082 -0.132440 0.434563 0.659238 -0.428937 -0.576571 -0.321108 -0.262910 -0.469669 0.353642 0.846399 -0.316646 0.418041 -0.113839 0.397325
VERTEX_POSE A3829 -0.161447 -0.120656 0.746086 0.407074 0.429645 0.537317 -0.289070 -0.366197 0.538610 0.037380 -0.471460 0.096383 -0.891294 0.334782 0.641600 0.345480 0.643745 0.015786 -0.035778 0.342255
VERTEX_POSE A3830 0.207420 -0.211291 -0.439334 -0.713600 0.008734 0.574173 -0.569398 0.176410 -0.257686 0.258896 0.888045 -0.622718 -0.058827 -0.321133 -0.122723 -0.323204 0.262880 0.448424 0.707699 -0.089574
VERTEX_POSE A3831 0.136975 0.634963 0.242141 -0.723041 -0.297604 0.491952 0.305186 0.430949 0.287322 -0.389680 -0.433654 -0.533159 -0.219944 -0.323069 -0.613996 0.091090 0.520121 0.119078 -0.835667 0.501325
VERTEX_POSE A3832 -0.595674 -0.803062 0.378753 -0.954034 0.150763 0.480653 -0.294535 -0.273707 0.173309 0.582584 -0.458523 0.178777 0.398351 0.815180 -0.337629 -0.574539 0.161567 0.770053 -0.291662 0.155623
VERTEX_POSE A3833 -0.982239 0.994855 0.221137 0.033431 0.781897 0.370644 0.117437 -0.058503 0.139907 -0.045319 -0.504002 -0.507697 -0.442730 0.539327 0.368674 -0.882711 -0.183044 -0.670352 -0.094686 -0.646669
VERTEX_POSE A3834 -0.067718 -0.613505 -0.239488 -0.647962 0.011404 -0.724253 0.091326 0.641733 0.277409 0.694779 0.124829 0.078439 -0.358988 -0.193241 0.585451 0.065066 0.603049 -0.222703 0.613054 -0.414230
VERTEX_POSE A3835 -0.498840 -0.833183 0.060426 0.560517 0.778059 -0.495475 0.666982 -0.508232 -0.506339 0.058140 0.509828 0.290118 0.577889 0.143944 -0.575702 -0.427434 -0.252899 -0.287270 0.187348 0.630157
VERTEX_POSE A3836 -0.034776 -0.360513 -0.861900 0.107750 -0.396316 -0.131718 -0.799969 0.169523 0.530580 -0.249465 0.678969 0.556242 -0.384593 -0.698455 -0.183364 -0.072897 0.096842 0.598421 0.380251 0.114216
VERTEX_POSE A3837 0.453296 -0.712328 0.309028 -0.954793 -0.904445 -0.755312 0.229963 0.027202 0.143100 -0.405176 0.496447 -0.122469 -0.618234 -0.752491 0.406184 -0.283141 0.132986 -0.478583 -0.566186 0.410940
VERTEX_POSE A3838 0.918780 -0.347322 -0.442083 0.922723 0.751470 -0.428369 -0.101216 -0.568549 -0.236672 0.479269 -0.584278 -0.171261 0.014525 -0.134629 0.648454 0.629856 -0.160270 0.557372 -0.602601 -0.539963
VERTEX_POSE A3839 -0.408754 -0.315504 -0.945723 0.531594 0.466940 0.710483 0.142337 -0.068729 -0.372656 0.677006 0.318520 0.280499 0.705466 -0.091022 -0.498553 0.124663 -0.627288 -0.170609 -0.090446 0.701460
VERTEX_POSE A3840 0.029239 -0.314971 -0.452795 -0.373359 0.833937 0.600526 -0.132748 0.110579 -0.267534 -0.130536 -0.608552 -0.159755 -0.454988 -0.540781 0.602366 -0.531422 -0.134348 -0.423589 -0.689866 0.554025
VERTEX_POSE A3841 -0.803494 -0.176609 0.531457 0.154081 0.799442 0.430664 -0.664114 0.091677 -0.568867 -0.388446 -0.436907 0.449589 -0.274432 0.232739 0.535703 0.313241 -0.764903 0.042556 0.484386 0.401826
VERTEX_POSE A3842 -0.533727 -0.746894 0.737089 -0.821505 -0.180718 0.341396 0.382402 -0.203068 -0.327745 0.317526 0.824425 0.504372 0.616383 0.187501 0.243243 0.213177 -0.223828 -0.680054 0.572341 -0.440263
VERTEX_POSE A3843 0.299547 -0.185081 -0.722257 -0.550857 -0.975615 -0.610151 -0.016960 0.683428 0.162804 -0.632489 -0.229609 0.254306 -0.350128 0.532053 -0.729310 -0.306922 -0.425715 0.068164 -0.618773 0.126069
VERTEX_POSE A3844 -0.239119 0.577490 -0.271690 0.534607 -0.389924 -0.151609 0.307445 -0.675830 0.468339 0.782919 0.065668 0.331040 0.005802 -0.536114 -0.168324 0.439607 0.475985 0.787244 -0.315003 0.157992
VERTEX_POSE A3845 -0.047687 0.463206 0.770878 -0.176908 0.356104 -0.507281 0.617280 0.277560 -0.275890 -0.119582 -0.599199 -0.511996 0.114259 -0.555043 -0.294407 0.245427 0.350769 0.563681 0.728956 -0.364432
VERTEX_POSE A3846 -0.611095 -0.826563 -0.854126 -0.462872 0.337933 0.125822 -0.264319 0.562341 -0.586831 0.448256 -0.309552 -0.654576 -0.120322 0.142017 -0.074997 -0.768371 -0.603389 0.453545 0.352606 -0.451335
VERTEX_POSE A3847 0.636748 0.844673 -0.251958 -0.614349 -0.048994 -0.045868 -0.277340 0.356503 0.602863 -0.137040 -0.102960 -0.362212 -0.473793 0.620892 -0.565201 0.604933 -0.012976 -0.428723 -0.560249 -0.690384
VERTEX_POSE A3848 0.152291 0.121181 0.239642 0.454698 0.580151 0.710791 -0.594289 0.178062 0.425004 0.148204 -0.307945 -0.388805 -0.115954 0.122197 0.132833 0.188617 -0.824301 -0.381228 -0.758837 -0.423154
VERTEX_POSE A3849 -0.327017 -0.943586 0.203833 0.186975 -0.919239 0.661681 -0.351233 0.597644 0.595943 0.545803 -0.170299 0.053802 0.701264 0.124716 -0.449041 0.293736 0.705001 0.049980 0.026146 0.318181
VERTEX_POSE A3850 0.919666 0.839450 0.331971 -0.772484 0.454050 -0.063314 -0.657411 -0.269828 -0.170839 -0.579381 0.369698 0.948449 -0.017695 0.101263 -0.112567 0.263063 -0.692965 -0.233621 0.403253 0.547778
VERTEX_POSE A3851 -0.544657 -0.781103 0.676250 -0.479598 -0.041223 -0.650033 0.690053 -0.060645 -0.029024 -0.023818 0.509572 -0.586766 -0.526506 -0.518212 0.294378 -0.143613 -0.372785 -0.381656 -0.474791 0.573713
VERTEX_POSE A3852 0.901051 0.437270 -0.667569 0.884024 -0.037499 -0.677207 0.026883 -0.467815 0.357450 0.508840 -0.042822 -0.128864 0.552187 -0.537197 0.353753 -0.614819 -0.644959 -0.521415 -0.239677 0.273429
VERTEX_POSE A3853 -0.334643 -0.641764 -0.769922 0.702274 -0.869295 -0.044189 0.610009 0.730304 0.075516 0.214154 0.028672 0.865237 -0.000375 -0.133344 -0.439936 -0.366030 0.010061 0.223977 -0.669364 0.669292
VERTEX_POSE A3854 -0.665939 0.730984 -0.411062 -0.648667 -0.673986 -0.255061 -0.310819 0.205193 -0.849268 0.504830 0.111072 0.206338 0.095829 0.790407 0.036106 0.133733 -0.566322 0.412079 0.788334 0.009764
VERTEX_POSE A3855 -0.170318 0.542068 0.725970 0.773105 -0.683118 -0.580579 0.162671 -0.418248 0.077229 0.515416 0.237530 0.739127 0.402790 -0.266607 -0.230994 0.429643 0.718615 -0.239367 0.600876 -0.425630
VERTEX_POSE A3856 -0.720402 0.317559 -0.128971 -0.180024 -0.945843 -0.123336 -0.554471 0.265759 0.287248 -0.723727 0.103322 0.741926 0.190710 0.569899 -0.491060 0.206867 0.757049 0.332690 0.299361 -0.144180
VERTEX_POSE A3857 0.045487 0.733315 -0.161295 0.572449 0.452019 -0.150738 -0.347526 0.809562 0.620261 -0.757374 -0.129840 0.348294 0.333870 0.307235 -0.114367 -0.031778 0.432925 0.676879 0.439466 0.214322
VERTEX_POSE A3858 -0.457171 0.741832 -0.447315 0.030047 0.913942 0.590711 -0.000873 -0.088484 -0.574995 0.607206 -0.321422 -0.122056 -0.408017 -0.815444 0.250485 -0.122320 -0.384815 -0.492749 -0.670716 0.275368
VERTEX_POSE A3859 -0.581064 -0.207210 0.254055 -0.048281 0.907965 -0.395761 -0.255524 -0.027534 0.070093 0.914903 0.107170 -0.537222 0.060983 -0.622762 -0.735806 0.146443 0.548052 -0.091882 0.269249 -0.547324
VERTEX_POSE A3860 0.884041 -0.387341 -0.415209 -0.020477 -0.118336 -0.439219 0.669451 0.488345 0.570062 -0.221517 0.484912 0.326263 0.017039 -0.001673 0.523981 0.468976 0.287161 -0.317980 -0.531542 0.666269
VERTEX_POSE A3861 0.750249 -0.469459 0.113351 0.316447 -0.077323 -0.321148 0.816561 0.290288 0.493245 0.521676 -0.631935 -0.289632 0.151675 0.301028 0.551618 -0.078345 0.458822 -0.515174 -0.178715 -0.463956
VERTEX_POSE A3862 0.555911 -0.572247 -0.503804 0.228678 -0.389639 0.618700 -0.402552 -0.319077 -0.017346 0.082014 -0.661760 -0.038364 -0.866838 0.203161 -0.489496 -0.216601 -0.621658 0.613051 0.181389 -0.180361
VERTEX_POSE A3863 -0.711634 -0.190402 0.963544 0.025489 -0.967573 -0.444712 0.314721 0.801315 0.571486 -0.445502 0.321229 0.277279 0.690349 -0.131175 -0.460042 0.005304 -0.486182 0.432565 0.475256 -0.033556
VERTEX_POSE A3864 0.768010 -0.474604 -0.665511 -0.650122 -0.295426 -0.565822 -0.486955 -0.011749 -0.042001 -0.376000 -0.331072 0.101298 0.246179 0.748827 0.614822 -0.713554 0.281322 0.538343 0.227455 -0.500370
VERTEX_POSE A3865 -0.511807 -0.185752 0.256708 0.580716 0.621765 0.555077 -0.529123 0.507063 0.366812 0.085773 -0.423538 0.368499 0.124085 0.369213 -0.621754 -0.098858 0.534689 -0.186998 -0.829157 -0.375889
VERTEX_POSE A3866 -0.210473 -0.023586 0.023969 -0.413994 0.810486 -0.365263 -0.208790 0.858773 -0.143878 -0.640364 0.039649 -0.613630 0.242412 -0.168366 -0.661931 -0.152139 -0.398783 0.176601 -0.681491 -0.271224
VERTEX_POSE A3867 -0.266766 0.164883 -0.527411 0.457627 0.308258 0.469546 0.266300 -0.315021 0.491591 0.506446 -0.199575 0.362777 -0.446943 -0.543061 0.386041 0.277668 0.650059 -0.507179 0.629078 -0.378734
VERTEX_POSE A3868 0.941489 0.101920 -0.434264 0.625923 0.717321 0.630486 0.293790 0.537777 0.624844 -0.441837 -0.046744 0.045158 0.735235 -0.358685 0.458054 0.113169 -0.653308 -0.014297 -0.406313 -0.391337
VERTEX_POSE A3869 -0.291693 0.629092 0.581886 -0.491271 0.561956 -0.476637 0.554016 -0.310219 0.131361 0.102854 -0.307507 -0.010743 -0.409800 0.550861 -0.841813 -0.438324 -0.061439 -0.216327 0.567824 0.708506
VERTEX_POSE A3870 0.324480 0.849379 -0.473134 -0.010779 -0.224803 0.071668 -0.380190 -0.546527 -0.596441 -0.106217 0.111700 0.181041 0.862910 -0.332190 0.764059 -0.204477 0.349921 -0.150199 0.240309 0.675304
VERTEX_POSE A3871 -0.029272 0.786949 0.112941 -0.747436 0.551258 0.110323 0.349678 -0.616339 0.430907 -0.450966 -0.107807 -0.768103 -0.546197 -0.303869 0.284995 -0.182128 -0.686477 -0.361862 0.585537 -0.211936
VERTEX_POSE A3872 -0.095187 -0.547517 0.113343 0.662810 0.361398 0.562972 0.115782 -0.235718 -0.664714 0.054329 -0.698504 0.283275 0.756348 -0.369830 0.051746 0.129267 -0.063084 -0.397863 0.628388 0.561939
VERTEX_POSE A3873 0.790753 -0.897515 -0.736045 0.167716 0.594480 -0.170564 0.646062 -0.535105 -0.932736 -0.116076 -0.022892 -0.069479 0.043315 -0.494246 -0.095640 0.711343 0.616223 -0.294851 -0.247478 0.298545
VERTEX_POSE A3874 -0.729724 -0.398132 0.390684 -0.298293 0.575643 -0.467414 0.300070 -0.518643 0.503480 0.663704 0.051282 0.337712 0.019774 0.494427 0.438286 0.234093 -0.579684 0.471049 -0.643633 -0.384562
VERTEX_POSE A3875 0.665693 -0.970027 0.841653 0.197417 0.971474 -0.149537 0.151631 0.112930 -0.688052 0.041842 -0.713490 0.412001 -0.752962 -0.419050 0.517133 0.500477 -0.544816 -0.258943 -0.397276 0.075843
VERTEX_POSE A3876 -0.256934 0.565691 -0.965167 0.990808 -0.049417 -0.323076 0.306668 -0.418540 -0.290852 0.563460 -0.379542 0.034536 -0.417628 -0.769969 -0.305413 0.426706 0.241916 0.846497 0.481639 -0.171453
VERTEX_POSE A3877 -0.340819 -0.224695 0.536558 0.238835 -0.086423 -0.565513 0.554875 0.591046 -0.205515 0.540978 -0.591223 0.384853 0.315917 -0.114103 0.074403 0.378479 -0.350753 0.695925 0.395483 0.406293
VERTEX_POSE A3878 0.302441 0.874646 -0.410304 0.583068 -0.077520 0.169119 -0.017764 0.080442 -0.431853 0.709383 -0.537820 -0.420475 -0.630369 -0.513344 0.098692 0.314325 0.222973 -0.773539 -0.017164 0.625331
VERTEX_POSE A3879 0.895357 -0.313128 0.274475 0.445505 -0.469266 -0.161127 0.357593 0.030264 0.146791 0.293172 0.583597 0.361111 0.751989 0.104436 0.455927 0.181329 -0.752076 -0.783722 0.433370 -0.286311
VERTEX_POSE A3880 0.332164 -0.168281 -0.259610 -0.574190 -0.005662 0.218341 -0.306057 0.095650 0.792352 0.406779 -0.451182 -0.070309 -0.666963 -0.728928 -0.205349 0.101620 -0.152065 -0.526682 0.534503 -0.482521
VERTEX_POSE A3881 0.222107 0.714096 0.921666 0.810583 -0.623470 0.396082 0.183372 -0.495674 -0.172882 -0.046747 -0.027850 -0.576224 -0.142517 0.460372 0.573286 -0.724792 0.359202 -0.390565 -0.646959 -0.642311
VERTEX_POSE A3882 -0.649299 -0.094231 -0.049275 0.965907 0.489512 0.587423 0.000530 0.688085 0.542281 -0.411974 -0.573905 -0.233020 -0.752994 0.018245 0.553555 0.097003 -0.169205 0.012037 -0.503853 0.410133
VERTEX_POSE A3883 0.233215 -0.731011 0.072821 -0.690166 0.956839 -0.635699 0.352557 0.326939 0.707818 0.384603 -0.070868 -0.237869 -0.283934 -0.494071 -0.049121 -0.380051 -0.527521 -0.189437 0.709032 -0.604735
VERTEX_POSE A3884 0.887464 -0.927668 -0.848256 0.512858 -0.492764 -0.598882 0.615550 -0.011340 -0.668279 -0.237106 -0.154658 -0.235241 -0.676418 -0.387182 -0.076580 -0.319432 0.826813 0.365431 0.072806 -0.377390
VERTEX_POSE A3885 -0.315239 -0.363248 0.539663 -0.682760 0.815525 -0.362602 -0.020673 -0.728204 -0.099375 -0.098924 -0.556497 -0.672944 0.405479 0.114069 -0.333269 0.484815 0.237297 -0.542883 -0.768328 0.301177
VERTEX_POSE A3886 -0.937103 0.811057 -0.201209 -0.917062 -0.726279 0.642311 0.306659 0.443901 0.226572 0.072530 -0.826036 0.153509 -0.703166 0.260009 0.575757 -0.487028 -0.229876 0.425488 0.411171 -0.012988
VERTEX_POSE A3887 -0.832937 0.389891 0.022773 -0.667166 -0.438608 0.710501 0.540745 -0.136485 0.140929 -0.177111 -0.921134 0.160973 0.451655 0.225791 -0.488136 0.632920 -0.230607 -0.459497 0.267669 -0.169476
VERTEX_POSE A3888 0.730248 -0.629932 -0.621632 0.889690 0.267544 0.580893 0.156903 0.222348 -0.096477 -0.085736 0.560505 0.514548 -0.784105 0.152071 0.425027 0.084311 -0.711558 0.455903 0.588305 0.327041
VERTEX_POSE A3889 -0.394274 0.552890 0.351477 0.112985 -0.812337 -0.200052 0.583658 0.222559 0.549663 0.495260 0.531637 -0.532144 0.249042 0.186410 -0.570060 -0.180773 0.501944 0.222944 -0.565120 0.617360
VERTEX_POSE A3890 -0.414001 -0.817319 -0.723172 0.284553 -0.530643 0.516926 0.525252 0.513278 0.303205 0.193083 -0.628876 -0.112991 -0.423829 0.562150 -0.662960 0.109113 -0.074630 0.434249 -0.703771 -0.139567
VERTEX_POSE A3891 0.614289 -0.017273 -0.036842 -0.130787 -0.850792 -0.189972 -0.297412 -0.490533 0.545119 -0.661987 0.470499 0.348929 -0.354555 -0.715365 -0.088338 0.036513 -0.071984 -0.732940 -0.588453 0.145185
VERTEX_POSE A3892 -0.644025 -0.916569 -0.535172 -0.570568 0.110340 0.260039 -0.309389 0.505893 -0.064112 0.750276 -0.347048 0.167147 -0.158712 -0.210182 -0.615038 -0.515631 -0.490709 -0.722537 0.224278 0.581943
VERTEX_POSE A3893 -0.858090 -0.389565 -0.226975 -0.486769 0.079719 0.131457 -0.364413 0.751854 -0.033839 0.536386 0.167864 -0.562150 0.319004 0.562369 -0.001906 0.621598 -0.125437 0.815817 0.302235 0.273027
VERTEX_POSE A3894 0.902655 0.792325 -0.073298 0.894702 -0.818365 -0.578140 -0.082668 0.179079 -0.337784 0.564173 0.640926 -0.222820 -0.710649 0.451386 0.217214 -0.398466 0.211979 -0.674408 -0.105248 -0.555391
VERTEX_POSE A3895 -0.876015 -0.391173 -0.200683 -0.220690 0.814914 0.271540 0.587452 -0.671871 0.144573 -0.571916 -0.496399 0.723803 -0.405876 -0.034482 0.269248 0.332447 -0.082818 -0.555858 -0.229250 -0.542337
VERTEX_POSE A3896 -0.369897 0.424682 -0.970267 -0.906053 -0.298516 0.114494 -0.029069 0.269196 0.608147 0.198085 0.700651 -0.119415 0.603325 -0.218039 -0.342304 -0.665309 0.315698 0.696862 -0.391510 -0.537973
VERTEX_POSE A3897 -0.307818 -0.231261 0.950671 -0.519292 0.992121 -0.277598 -0.293751 0.132643 0.669004 -0.393941 -0.451413 -0.528080 -0.635355 -0.454382 0.440714 -0.396457 0.299522 -0.047704 -0.444597 0.694590
VERTEX_POSE A3898 -0.142781 0.773710 0.271906 -0.763062 0.123171 0.192449 -0.335948 -0.694346 -0.656500 -0.739689 0.130269 0.343600 -0.345099 -0.231359 -0.439032 0.318570 -0.668784 0.470277 -0.345571 0.010685
VERTEX_POSE A3899 -0.428408 -0.473397 -0.404531 0.719871 -0.581195 -0.029010 0.344431 0.735406 0.591386 0.511201 0.037216 0.172843 -0.278358 0.627900 -0.523525 0.705222 -0.064867 0.587766 0.212649 -0.243570
VERTEX_POSE A3900 0.400488 -0.602169 0.532558 -0.010563 0.554077 -0.773156 0.175711 0.477955 -0.002203 -0.075153 -0.286183 -0.193194 0.815677 -0.532542 0.571754 0.540158 0.565444 -0.194934 0.079860 0.293821
VERTEX_POSE A3901 -0.818301 0.623089 0.798772 0.226158 0.898369 -0.395570 -0.591725 0.524539 -0.138772 -0.377260 -0.461670 -0.626898 0.523515 -0.313564 -0.463223 -0.384384 -0.395043 -0.465500 0.292775 0.507285
VERTEX_POSE A3902 0.542321 -0.686448 0.708410 0.972435 0.970062 0.095216 0.661399 -0.326766 -0.761985 0.511827 0.019716 -0.126652 0.084702 0.643520 0.319460 0.328574 0.672788 0.540572 0.430637 -0.161475
VERTEX_POSE A3903 -0.694699 -0.149685 -0.354099 -0.347753 -0.084525 -0.052450 -0.342932 0.022521 -0.372715 -0.545111 -0.507886 0.605697 0.255698 -0.022290 0.532515 -0.720816 0.346733 0.455951 0.017134 -0.787924
VERTEX_POSE A3904 0.972452 0.725574 -0.937273 -0.606125 0.492848 -0.596691 -0.319519 0.404776 0.022325 -0.459523 -0.671005 0.198510 -0.821859 0.143054 -0.327210 0.103611 -0.602937 -0.704975 -0.023624 -0.043721
VERTEX_POSE A3905 0.812596 -0.084581 0.099094 -0.325858 0.545705 0.588384 0.328158 0.377076 0.305858 -0.521271 -0.245485 -0.167911 0.382245 0.573757 -0.686109 -0.272780 0.296179 -0.247619 0.632510 -0.616954
VERTEX_POSE A3906 0.970994 -0.119713 -0.512446 0.849664 -0.113051 0.505231 -0.272093 -0.335435 0.363993 0.433425 -0.542131 0.738510 -0.294982 0.326984 0.111568 0.095629 0.661760 0.233250 0.801217 0.220757
VERTEX_POSE A3907 -0.284482 0.291265 -0.902440 -0.615318 -0.556569 -0.218699 0.634633 0.295607 0.401920 0.591442 -0.263210 -0.371827 0.160295 0.702596 -0.629485 -0.255536 -0.257963 0.506087 -0.395531 0.532120
VERTEX_POSE A3908 -0.528223 0.690724 -0.364348 0.912977 -0.540718 -0.693787 -0.147979 -0.484841 -0.353719 0.831063 -0.141462 0.360120 -0.018378 -0.384736 0.490700 0.257965 -0.639370 -0.151889 -0.469631 -0.433707
VERTEX_POSE A3909 0.273435 -0.245066 0.077250 0.432731 0.809429 -0.460683 -0.114924 0.376272 0.313618 0.298790 -0.362299 -0.472550 -0.460116 0.082957 0.155691 0.495282 0.791918 0.664734 -0.663707 0.305193
VERTEX_POSE A3910 -0.389124 0.978137 0.372036 0.830187 -0.025834 -0.586233 -0.288154 -0.573303 -0.145476 -0.734846 0.424189 0.617510 -0.036252 0.023425 -0.499010 0.449866 0.623399 -0.069557 0.416264 -0.319707
VERTEX_POSE A3911 0.803941 -0.477556 0.376042 -0.661213 0.453620 0.187846 0.154870 -0.192151 0.376547 0.660625 -0.513535 -0.774318 0.105510 -0.574105 -0.138002 0.692008 0.518624 -0.452011 0.222674 0.317478
VERTEX_POSE A3912 -0.504457 -0.530970 -0.001084 0.243314 -0.814041 0.038785 -0.553414 -0.662323 -0.511662 0.352180 0.212912 0.088261 -0.556141 0.680622 0.295546 0.493181 -0.169062 0.800974 0.131077 0.155461
VERTEX_POSE A3913 -0.038424 -0.116094 -0.677239 0.796094 -0.536323 0.813952 0.067426 -0.381236 -0.192968 0.561186 0.371972 0.129786 -0.626537 0.201065 0.103573 0.513405 -0.338981 -0.522181 -0.156173 -0.748973
VERTEX_POSE A3914 0.037156 -0.208567 -0.551136 -0.351379 0.410458 -0.342608 0.300712 0.322789 0.285691 0.464478 -0.609284 -0.760182 0.466365 -0.168220 -0.380991 -0.589061 -0.635031 -0.279231 -0.359645 0.304989
VERTEX_POSE A3915 -0.616993 -0.458638 0.150660 -0.243828 -0.306806 -0.452618 -0.403369 0.408801 -0.115031 -0.171152 -0.816195 0.417060 -0.195325 -0.299617 -0.371234 -0.685697 -0.141750 -0.685675 0.547419 -0.238420
VERTEX_POSE A3916 0.646337 0.520659 0.862424 -0.886666 -0.720797 -0.682492 -0.223455 -0.642458 0.427897 -0.348052 -0.472787 -0.009705 -0.821190 0.442519 -0.411148 0.296255 0.358969 -0.426581 -0.258471 0.197580
VERTEX_POSE A3917 0.100053 -0.397510 0.247655 -0.268441 0.684179 -0.392632 0.639338 0.191730 0.594753 0.339827 0.510451 -0.416857 0.283743 -0.425497 0.481499 0.541912 -0.578121 0.294105 -0.318724 -0.432905
VERTEX_POSE A3918 -0.449931 0.931253 -0.826567 0.089006 0.254587 -0.470450 -0.652072 -0.560440 -0.104431 -0.462470 0.740847 -0.292849 -0.218948 0.178683 -0.825523 0.513899 0.154386 0.022850 0.221119 -0.285115
VERTEX_POSE A3919 0.376586 0.890726 -0.759208 -0.996976 0.546747 -0.784778 -0.283292 0.456604 -0.009796 0.673486 0.346029 0.412311 -0.653482 0.378605 -0.235191 -0.196922 -0.721305 0.398387 0.018576 0.090300
VERTEX_POSE A3920 0.705779 -0.844620 -0.400868 0.844544 0.871842 0.436351 -0.335742 -0.416844 0.551986 -0.388679 0.564736 -0.486006 -0.388544 -0.356384 -0.517941 -0.303899 0.592107 -0.021096 -0.702057 -0.172378
VERTEX_POSE A3921 0.136068 -0.886066 -0.549739 -0.626441 0.723944 -0.664195 0.409607 0.580004 0.008992 -0.525522 0.085929 0.058792 -0.165761 0.412839 0.733477 0.487431 0.387078 0.131603 -0.539428 0.579609
VERTEX_POSE A3922 -0.009125 -0.126547 0.203950 -0.127763 0.695954 -0.315748 0.054068 0.583401 0.325415 -0.205965 -0.241418 -0.483153 0.283051 -0.741613 0.465365 -0.512156 -0.226054 0.586862 0.782453 0.016451
VERTEX_POSE A3923 -0.938247 -0.761189 0.063960 -0.726023 -0.017818 -0.289543 -0.386260 -0.649216 -0.235222 0.598630 -0.139427 0.607938 -0.156182 -0.576427 -0.491470 0.347218 -0.442598 -0.499704 -0.589485 0.175832
VERTEX_POSE A3924 0.277978 -0.275631 0.223286 -0.113210 -0.196337 0.506237 0.285243 0.415136 -0.451602 -0.252063 -0.394900 -0.585121 -0.201405 0.595722 0.398425 -0.897633 0.165351 -0.196648 0.093768 0.538043
VERTEX_POSE A3925 -0.106470 -0.334222 -0.869348 -0.233061 0.877589 0.001517 0.646453 -0.139768 -0.000988 0.711944 -0.234727 0.178997 -0.177780 -0.452467 0.700157 0.167819 0.652143 -0.691185 0.124359 0.543461
VERTEX_POSE A3926 -0.814262 -0.152362 0.863276 0.053287 -0.202905 -0.360856 0.385392 0.642826 0.574827 0.512697 0.344361 0.665098 -0.437349 0.330851 -0.146951 0.197991 0.242782 0.274601 0.598447 -0.547525
VERTEX_POSE A3927 0.908081 -0.850949 0.253019 -0.019262 0.505146 -0.540482 -0.269693 0.432990 0.434455 0.716556 0.269806 0.238993 -0.185756 0.849676 -0.580702 0.572430 0.129658 -0.353264 0.227224 0.031053
VERTEX_POSE A3928 0.585711 0.434517 -0.918677 0.247647 0.869710 0.479621 -0.016814 0.388536 0.326656 -0.523768 -0.084563 0.688157 0.187079 -0.644168 -0.295049 0.526822 -0.436226 -0.320382 -0.642530 -0.486460
VERTEX_POSE A3929 0.042957 -0.378652 0.135182 0.290224 0.920266 -0.480064 -0.079586 0.763282 0.123787 0.487652 -0.160212 -0.122128 -0.588550 0.050103 0.669912 -0.535850 0.088873 0.538997 0.349765 0.617514
VERTEX_POSE A3930 -0.520327 -0.324346 0.848489 -0.299392 0.923951 0.497492 -0.435171 -0.353159 -0.210811 0.546790 0.347781 -0.543427 -0.590577 0.105448 0.577370 -0.161693 0.743492 -0.281765 -0.369758 0.436381
VERTEX_POSE A3931 -0.013800 0.832348 0.613881 -0.762917 0.423787 -0.602460 -0.306167 0.283527 -0.625967 -0.141597 0.236568 0.025305 0.729405 0.625513 0.226720 -0.342639 0.004426 0.439505 -0.486599 0.687286
VERTEX_POSE A3932 0.224656 -0.755562 -0.066046 -0.483617 0.818635 0.669781 0.361454 0.140523 0.392730 -0.432921 0.078186 -0.591764 0.283530 0.434477 -0.026428 -0.686685 0.563301 0.215111 0.360562 0.684151
VERTEX_POSE A3933 -0.978007 -0.010794 0.556899 -0.326956 0.894013 -0.110291 -0.805783 0.331420 -0.402373 -0.052956 -0.552113 -0.590696 0.129988 -0.316280 0.621721 0.206152 -0.293330 0.300789 -0.537135 -0.631868
VERTEX_POSE A3934 0.291501 -0.317337 -0.740218 -0.110670 -0.660738 0.218288 0.710737 -0.434189 0.309042 0.463026 -0.056004 -0.652311 0.516982 0.517492 -0.652211 -0.047410 -0.648427 0.077164 0.104605 0.346537
VERTEX_POSE A3935 0.197108 0.970012 -0.003319 -0.089743 0.311483 0.295493 -0.300533 -0.440030 0.595255 -0.436280 -0.310326 -0.602540 -0.482354 -0.425380 0.307282 -0.401427 0.606026 0.317615 0.570553 -0.402313
VERTEX_POSE A3936 0.834590 0.904625 -0.344007 0.347186 0.439719 -0.832536 -0.228123 0.059875 -0.320728 0.904219 -0.263377 0.262587 -0.070895 -0.779172 0.290048 0.165921 0.165048 -0.225694 -0.312718 -0.541016
VERTEX_POSE A3937 0.262495 0.562950 -0.252664 -0.261006 0.226210 0.705569 0.212522 0.325689 0.483303 0.443833 -0.651390 0.459131 -0.782378 -0.100938 -0.200503 0.228435 -0.234566 0.132616 0.305857 0.635931
VERTEX_POSE A3938 0.912626 0.261277 0.094241 0.294939 0.754915 0.115870 -0.126563 -0.599783 -0.594333 0.151926 -0.633736 0.355863 0.527380 -0.355917 0.507574 0.490712 -0.027735 -0.499072 0.664810 0.333455
VERTEX_POSE A3939 -0.693633 0.595350 0.291645 0.260163 0.899001 0.145082 0.597243 -0.270768 0.429126 -0.455253 -0.577905 -0.529886 -0.513390 -0.330300 0.678608 -0.327664 0.366822 -0.231331 -0.255171 0.590808
VERTEX_POSE A3940 -0.464070 -0.682116 0.824585 -0.828275 0.035639 0.181967 0.652599 0.502326 -0.444259 -0.103305 0.449749 0.200768 -0.534779 -0.176097 -0.273865 -0.473343 0.606356 -0.808834 0.231087 -0.383036
VERTEX_POSE A3941 -0.476498 0.239414 -0.533723 0.125127 -0.270920 0.386447 0.531723 -0.605238 -0.616170 -0.259202 -0.547740 -0.365334 -0.163202 -0.262557 -0.161162 0.489074 -0.272811 0.558168 -0.619884 -0.436241
VERTEX_POSE A3942 -0.889692 -0.882207 -0.332313 0.598950 0.352620 0.248389 0.170188 0.662181 -0.547266 -0.499234 -0.081623 -0.320816 0.163160 -0.454153 0.459848 -0.811156 -0.042223 0.569579 0.192889 -0.588911
VERTEX_POSE A3943 0.031473 -0.213086 -0.176498 0.415039 0.221598 -0.351246 -0.654198 0.293314 0.295425 0.300260 0.741115 -0.562435 0.455117 0.419204 -0.115239 -0.493685 0.363432 0.678039 -0.176105 0.238538
VERTEX_POSE A3944 0.485078 -0.876680 -0.210963 -0.078779 0.192758 0.794868 0.289461 0.451040 0.221039 -0.501894 0.356950 -0.471555 0.591146 0.533881 0.106298 -0.039593 -0.362537 0.292682 0.559726 -0.502681
VERTEX_POSE A3945 0.147464 -0.090774 0.116551 -0.752429 -0.236921 -0.090601 -0.006300 -0.319367 -0.561372 -0.596873 -0.501591 -0.273288 0.745250 -0.368861 0.618637 -0.282682 -0.133714 -0.468247 -0.091631 0.701765
VERTEX_POSE A3946 0.414480 0.328276 0.974162 -0.828789 0.914792 0.771602 0.060699 0.369211 -0.121760 -0.338565 -0.527980 0.129349 -0.210304 0.350995 0.460676 -0.672468 -0.348841 0.401063 0.620684 -0.583123
VERTEX_POSE A3947 0.131415 0.643979 -0.348539 0.034556 0.471960 -0.663138 -0.475136 -0.423335 0.279226 -0.831007 0.092301 0.232575 -0.080361 0.332595 -0.540914 -0.064960 0.821401 0.368242 -0.270175 0.164164
VERTEX_POSE A3948 -0.752484 0.511716 -0.635794 -0.020870 -0.552742 0.292898 -0.280805 0.617639 0.686838 -0.295916 -0.616321 -0.562330 -0.790719 -0.213825 0.325246 -0.374650 0.204672 0.143050 -0.260736 0.388663
VERTEX_POSE A3949 0.964549 0.259529 -0.852405 0.260217 0.169379 -0.070524 0.863398 -0.001472 -0.527453 -0.417114 -0.301374 0.087853 -0.205890 0.376817 -0.777116 0.115809 0.536304 -0.324334 0.157347 -0.692501
VERTEX_POSE A3950 -0.491999 0.534705 -0.107747 0.037580 0.018707 -0.790144 -0.121995 -0.589897 -0.459412 0.234620 0.441072 0.149348 0.757959 -0.414672 0.212246 0.287746 -0.308867 -0.311865 0.522276 0.436034
VERTEX_POSE A3951 0.953295 0.667096 -0.036662 -0.176325 -0.680901 0.483232 -0.343871 0.241922 -0.614001 0.332489 0.187575 -0.608987 -0.663461 -0.168782 0.019804 -0.549942 0.422805 0.135025 -0.169076 -0.836085
VERTEX_POSE A3952 0.100617 0.373464 -0.402144 0.633777 -0.106678 0.567442 0.474376 0.093192 -0.450068 0.783003 0.280632 -0.139706 0.108479 -0.836824 0.429841 0.369608 -0.392839 0.520737 -0.116170 0.240758
VERTEX_POSE A3953 0.498876 -0.591842 -0.903797 0.909817 -0.285339 0.407558 -0.652615 0.292000 0.538842 -0.253024 -0.653152 0.518299 0.318807 -0.105998 -0.226808 -0.602794 0.140130 -0.472725 -0.212306 -0.676207
VERTEX_POSE A3954 -0.984952 0.905907 -0.972702 0.097651 0.301281 0.512106 -0.641519 0.207494 0.517632 0.471466 -0.214880 0.477611 -0.319782 -0.079306 -0.298857 -0.153297 0.698982 0.390354 0.490318 0.644909
VERTEX_POSE A3955 -0.621405 -0.902167 0.821142 -0.479433 0.696985 0.542619 -0.022468 0.779005 0.349599 0.807363 -0.153125 0.396557 0.207157 -0.380006 0.206397 -0.281260 -0.425127 0.619264 -0.475015 -0.211109
VERTEX_POSE A3956 -0.607594 0.073936 -0.773145 -0.323245 -0.407749 -0.621227 -0.316245 0.076798 0.165935 -0.253116 0.184364 0.644597 -0.649005 0.024763 -0.348399 -0.584420 -0.530139 0.222835 0.270493 -0.823681
VERTEX_POSE A3957 -0.799213 -0.246455 0.890574 -0.849062 -0.901624 0.513599 -0.029191 0.749947 0.265080 -0.707794 -0.082480 0.248219 0.391115 -0.468479 -0.652956 0.196202 0.447159 0.421882 0.553813 0.106550
VERTEX_POSE A3958 -0.713325 -0.753116 0.074161 0.501305 0.202131 -0.687795 0.481610 0.023288 -0.344009 -0.340719 0.690121 -0.281781 -0.780914 -0.430016 0.495981 -0.112114 0.467710 -0.288443 -0.171952 0.345722
VERTEX_POSE A3959 0.978117 -0.491547 -0.691822 0.924402 -0.538039 0.346105 0.397131 -0.590088 0.446549 -0.147616 -0.492812 0.631418 0.295540 0.332464 -0.152951 -0.535133 -0.468737 -0.508648 0.668420 -0.280509
VERTEX_POSE A3960 0.243744 0.374893 0.025756 0.441163 -0.981357 -0.748906 0.255604 0.155010 -0.343654 -0.046042 0.452062 -0.010051 -0.760588 0.544736 -0.018406 0.505999 0.469601 -0.566217 -0.313078 -0.504330
VERTEX_POSE A3961 -0.233652 -0.077462 -0.077350 -0.798087 0.126083 -0.514414 0.155895 0.330868 -0.242943 0.399995 -0.105868 0.007901 -0.691548 0.606860 0.476791 0.566180 0.664258 -0.670048 0.130013 0.264195
VERTEX_POSE A3962 -0.035683 -0.659199 0.922059 -0.838515 0.885748 0.714709 0.494205 -0.167487 0.237885 -0.662344 -0.500964 -0.319798 0.530091 -0.175565 -0.012939 -0.183316 0.760162 -0.574598 0.049601 -0.335133
VERTEX_POSE A3963 -0.531600 0.619331 0.959710 0.957545 0.837278 -0.552860 -0.019346 0.724893 -0.433188 0.576486 -0.000495 -0.424052 0.392212 -0.557696 0.516550 0.685094 0.381366 0.245050 0.210016 -0.134409
VERTEX_POSE A3964 -0.211659 0.911744 -0.520452 -0.125043 0.020096 -0.645922 -0.339534 0.350408 -0.111909 0.027615 -0.872346 0.564758 -0.320452 -0.030657 -0.380735 -0.519780 -0.334723 0.326115 -0.714908 0.056989
VERTEX_POSE A3965 -0.744182 0.023464 -0.818159 0.050815 -0.774991 0.052207 -0.471574 -0.149896 0.737605 0.146181 0.642706 -0.532340 0.293294 0.471421 -0.390161 0.089790 0.409819 0.132673 0.813736 -0.417458
VERTEX_POSE A3966 0.665508 0.589343 -0.043610 -0.132197 0.148761 -0.055206 -0.626422 -0.243839 -0.183422 0.183023 -0.375169 -0.069782 0.545275 -0.684223 0.050524 0.525984 0.552748 -0.977694 -0.010702 0.161553
VERTEX_POSE A3967 -0.377070 0.816369 0.135541 -0.777857 -0.540185 0.482998 0.402842 0.010477 -0.503375 -0.172170 -0.267274 -0.277263 -0.168683 0.912227 0.572757 -0.794326 0.019847 -0.329242 -0.385575 -0.309682
VERTEX_POSE A3968 0.518313 -0.413586 -0.070824 0.789809 0.451220 0.724550 0.330883 -0.057885 0.411122 0.284802 0.024989 -0.289820 0.287601 0.806036 -0.236664 0.831408 -0.134606 0.407431 -0.188285 0.572898
VERTEX_POSE A3969 0.578134 -0.149381 -0.949369 -0.837258 -0.096325 -0.588067 0.177767 -0.432963 0.299749 0.403201 0.458620 0.387943 0.693068 -0.182417 -0.238838 -0.168826 0.710247 -0.597315 0.544961 0.253938
VERTEX_POSE A3970 -0.070703 0.411719 -0.572814 0.482306 -0.641184 -0.684086 0.356820 0.462211 0.558647 0.498614 -0.159431 0.248655 -0.705620 0.479262 0.346978 0.319428 0.570870 0.194208 0.155336 0.453165
VERTEX_POSE A3971 -0.945757 -0.095701 -0.246238 0.961534 -0.513142 0.752681 0.133025 0.480116 0.074608 -0.215061 -0.640147 -0.551472 0.554893 0.339237 0.290449 0.249937 -0.105297 0.198552 0.752116 -0.483251
VERTEX_POSE A3972 -0.898364 -0.909966 -0.483092 0.287869 0.632756 0.718241 0.593681 -0.195986 -0.400460 0.431933 -0.102344 0.502162 -0.628754 -0.141716 0.262643 0.208132 0.765250 0.051118 0.149420 -0.587728
VERTEX_POSE A3973 0.039605 0.529512 0.094873 0.081256 0.711436 -0.394435 -0.617564 0.039004 -0.302147 -0.029481 0.726479 -0.196563 -0.493333 -0.556903 0.092171 -0.493435 0.386183 0.840235 -0.361788 0.106907
VERTEX_POSE A3974 0.085716 0.691213 0.577263 0.376573 0.708456 0.557759 -0.309631 -0.441680 0.585201 0.528560 -0.109324 0.100993 -0.593909 0.518928 -0.516548 -0.111530 -0.655596 -0.263483 0.509497 0.306388
VERTEX_POSE A3975 0.586714 -0.786646 0.305945 -0.790910 -0.174487 0.325394 0.169829 -0.637563 0.608776 0.557514 -0.125055 0.696093 -0.689005 0.199410 0.158120 0.332587 0.594901 0.118167 0.273852 0.429188
VERTEX_POSE A3976 -0.812932 -0.561262 -0.788576 0.328827 -0.525486 0.353925 -0.489839 -0.350982 0.439225 -0.293369 -0.518301 0.759693 0.496930 0.247854 -0.004959 -0.607017 0.531758 -0.323512 0.242041 -0.513787
VERTEX_POSE A3977 -0.499805 0.019489 0.551425 0.547784 0.623248 -0.144009 -0.457649 0.587426 -0.568142 -0.206959 -0.443733 0.513603 -0.642883 -0.530813 0.055299 -0.506072 0.398178 0.624203 0.279852 0.133130
VERTEX_POSE A3978 -0.281871 0.857333 0.957406 0.243645 -0.702526 0.549818 0.670270 0.018250 0.469374 -0.575301 -0.508837 0.350793 -0.429731 0.455683 0.595199 0.090108 0.105646 -0.008402 0.164253 -0.722457
VERTEX_POSE A3979 -0.565415 0.950454 -0.424370 -0.692043 -0.078228 -0.332370 -0.387243 -0.209323 -0.682987 0.378117 0.376564 0.092973 0.788859 -0.542254 -0.060443 -0.284730 -0.651356 0.640907 0.060834 0.309968
VERTEX_POSE A3980 -0.535256 -0.720982 0.699019 -0.191999 -0.207374 -0.341679 0.050794 0.636667 0.711042 0.433701 0.425383 -0.475375 -0.097772 0.423893 -0.380480 0.799299 -0.373623 0.083235 -0.401105 -0.307287
VERTEX_POSE A3981 0.226130 0.392038 -0.150341 -0.718775 0.316180 -0.620519 -0.326499 0.172175 -0.044789 -0.300637 0.624274 0.566979 -0.447743 0.437325 -0.509790 0.188430 0.391421 -0.177760 -0.753018 -0.485976
VERTEX_POSE A3982 -0.612120 0.617551 0.538968 0.131632 0.240871 0.651823 0.548717 -0.477046 -0.155986 0.592667 0.637368 0.456309 -0.444214 0.147823 0.376462 -0.354097 0.351643 0.448167 0.157942 0.469772
VERTEX_POSE A3983 0.565361 0.652482 -0.703125 -0.558222 0.685949 0.544204 -0.292335 -0.271063 0.617303 0.573688 0.505415 -0.191549 0.372457 -0.455799 0.247708 0.448654 -0.653765 0.474056 -0.495386 -0.189525
VERTEX_POSE A3984 -0.274994 0.800196 -0.054139 -0.808958 -0.969158 0.361461 -0.342343 -0.365179 0.765375 0.246302 0.426051 0.513267 -0.346189 -0.221170 0.140189 0.826473 -0.478018 0.021235 -0.138679 -0.638519
VERTEX_POSE A3985 -0.597072 0.523458 0.566266 -0.770717 -0.457847 0.548782 0.485097 0.538414 -0.629944 0.381297 -0.199613 -0.077551 -0.409086 0.305928 0.418176 0.343074 -0.694034 -0.348027 0.578137 0.308205
VERTEX_POSE A3986 0.943956 0.750315 -0.881983 -0.037655 0.382934 0.122786 0.523666 -0.824319 0.374191 0.121681 0.282568 -0.499367 -0.388889 -0.178028 0.441560 -0.747039 -0.430779 -0.632899 -0.040819 -0.152937
VERTEX_POSE A3987 0.117412 -0.125868 0.172716 -0.132203 -0.376907 0.704910 -0.261166 -0.600617 0.619201 0.457374 0.391165 0.185469 -0.743418 0.288089 -0.147680 0.269558 -0.618352 -0.251959 -0.311881 -0.144552
VERTEX_POSE A3988 -0.396285 -0.722997 0.456840 -0.619779 -0.359471 0.478469 0.143349 0.563996 -0.609033 0.037088 0.555800 0.006574 0.795391 0.274807 -0.262339 -0.496109 0.443064 0.575570 -0.315127 0.318071
VERTEX_POSE A3989 -0.769369 0.997199 0.192179 -0.536350 -0.414935 0.142106 0.826538 -0.539656 -0.577711 0.292998 0.310988 0.008299 0.230903 0.458325 0.526622 0.355628 0.621896 0.607170 -0.226272 -0.123456
VERTEX_POSE A3990 0.095529 0.382585 0.480894 -0.207801 0.085053 -0.433033 -0.513747 -0.344511 0.625492 -0.469496 -0.568390 -0.546238 0.202307 -0.563472 -0.350424 -0.507458 0.279938 -0.008322 -0.466043 0.402961
VERTEX_POSE A3991 0.847459 0.651896 -0.517404 0.821384 -0.340828 0.630136 -0.313461 0.204898 0.039513 0.771098 0.391550 0.716352 0.142607 -0.418334 -0.246692 -0.453762 -0.101036 0.165376 -0.284451 0.787079
VERTEX_POSE A3992 -0.003021 -0.080262 -0.885171 -0.334437 0.711148 0.109364 -0.569599 0.238086 -0.142002 -0.063402 -0.600070 0.261775 -0.243249 0.608233 -0.676296 -0.629680 -0.051252 0.664811 -0.464618 -0.458974
VERTEX_POSE A3993 -0.940154 0.723386 0.402953 -0.046316 -0.029199 0.176035 0.526461 0.651780 -0.393873 -0.079647 -0.389190 0.444964 0.521577 -0.648549 -0.697973 0.180324 -0.000845 0.358772 -0.641822 0.055645
VERTEX_POSE A3994 -0.684141 0.271226 -0.557694 0.778929 -0.503551 0.430939 0.013218 -0.324136 -0.345120 -0.438650 0.507323 0.427801 -0.569129 0.423758 -0.578268 -0.500985 -0.533980 -0.421635 0.482201 0.415757
VERTEX_POSE A3995 0.785320 -0.168518 -0.405623 0.540520 -0.268756 -0.563467 -0.332993 -0.443275 0.490130 0.098369 0.257958 -0.640730 0.224136 0.491977 -0.015237 -0.702108 0.641657 -0.177509 0.579867 0.288445
VERTEX_POSE A3996 -0.684336 -0.253150 0.584794 -0.995500 0.195810 -0.469507 -0.266636 0.529343 -0.832826 0.143689 -0.167731 0.091061 0.472725 -0.376535 -0.273874 0.321099 -0.405580 -0.051626 -0.762683 -0.620797
VERTEX_POSE A3997 0.981367 -0.139431 0.398696 -0.353268 0.645210 -0.173602 0.472138 -0.632112 0.468284 -0.508329 -0.620346 -0.714981 -0.235553 -0.402857 -0.065814 -0.642144 0.101210 0.484812 0.225505 -0.207528
VERTEX_POSE A3998 -0.591750 -0.352149 0.729918 0.762663 0.191059 -0.457392 0.496188 0.510436 -0.053605 -0.724006 0.046981 -0.276303 -0.334350 0.679664 0.384784 -0.236491 0.363886 0.750678 0.248786 0.378010
VERTEX_POSE A3999 0.833976 0.333265 -0.486030 0.794308 -0.352970 -0.891916 -0.105735 0.208316 -0.056650 -0.224086 -0.917366 0.184775 0.752664 0.024801 0.269063 -0.470699 0.298667 0.307800 -0.388001 0.158833
